

================================================================
== Vitis HLS Report for 'dense_wrapper_ap_ufixed_6_0_4_0_0_ap_fixed_16_6_5_3_0_config19_s'
================================================================
* Date:           Fri Aug  2 18:56:20 2024

* Version:        2022.2 (Build 3670227 on Oct 13 2022)
* Project:        kernel_wrapper
* Solution:       solution (Vitis Kernel Flow Target)
* Product family: virtexuplus
* Target device:  xcu55c-fsvh2892-2L-e


================================================================
== Performance Estimates
================================================================
+ Timing: 
    * Summary: 
    +--------+---------+----------+------------+
    |  Clock |  Target | Estimated| Uncertainty|
    +--------+---------+----------+------------+
    |ap_clk  |  5.00 ns|  3.646 ns|     1.35 ns|
    +--------+---------+----------+------------+

+ Latency: 
    * Summary: 
    +---------+---------+----------+----------+-----+-----+---------+
    |  Latency (cycles) |  Latency (absolute) |  Interval | Pipeline|
    |   min   |   max   |    min   |    max   | min | max |   Type  |
    +---------+---------+----------+----------+-----+-----+---------+
    |        1|        1|  5.000 ns|  5.000 ns|    1|    1|       no|
    +---------+---------+----------+----------+-----+-----+---------+

    + Detail: 
        * Instance: 
        N/A

        * Loop: 
        N/A



================================================================
== Utilization Estimates
================================================================
* Summary: 
+---------------------+---------+------+---------+---------+-----+
|         Name        | BRAM_18K|  DSP |    FF   |   LUT   | URAM|
+---------------------+---------+------+---------+---------+-----+
|DSP                  |        -|     -|        -|        -|    -|
|Expression           |        -|     -|        0|    26061|    -|
|FIFO                 |        -|     -|        -|        -|    -|
|Instance             |        -|     0|        0|      368|    -|
|Memory               |        -|     -|        -|        -|    -|
|Multiplexer          |        -|     -|        -|      590|    -|
|Register             |        -|     -|     3244|        -|    -|
+---------------------+---------+------+---------+---------+-----+
|Total                |        0|     0|     3244|    27019|    0|
+---------------------+---------+------+---------+---------+-----+
|Available SLR        |     1344|  3008|   869120|   434560|  320|
+---------------------+---------+------+---------+---------+-----+
|Utilization SLR (%)  |        0|     0|       ~0|        6|    0|
+---------------------+---------+------+---------+---------+-----+
|Available            |     4032|  9024|  2607360|  1303680|  960|
+---------------------+---------+------+---------+---------+-----+
|Utilization (%)      |        0|     0|       ~0|        2|    0|
+---------------------+---------+------+---------+---------+-----+

+ Detail: 
    * Instance: 
    +--------------------------+--------------------+---------+----+---+----+-----+
    |         Instance         |       Module       | BRAM_18K| DSP| FF| LUT| URAM|
    +--------------------------+--------------------+---------+----+---+----+-----+
    |mul_6ns_5ns_10_1_1_U1090  |mul_6ns_5ns_10_1_1  |        0|   0|  0|  23|    0|
    |mul_6ns_5ns_10_1_1_U1092  |mul_6ns_5ns_10_1_1  |        0|   0|  0|  23|    0|
    |mul_6ns_5ns_10_1_1_U1094  |mul_6ns_5ns_10_1_1  |        0|   0|  0|  23|    0|
    |mul_6ns_5ns_10_1_1_U1096  |mul_6ns_5ns_10_1_1  |        0|   0|  0|  23|    0|
    |mul_6ns_5ns_10_1_1_U1100  |mul_6ns_5ns_10_1_1  |        0|   0|  0|  23|    0|
    |mul_6ns_5ns_10_1_1_U1102  |mul_6ns_5ns_10_1_1  |        0|   0|  0|  23|    0|
    |mul_6ns_5ns_10_1_1_U1103  |mul_6ns_5ns_10_1_1  |        0|   0|  0|  23|    0|
    |mul_6ns_5ns_10_1_1_U1104  |mul_6ns_5ns_10_1_1  |        0|   0|  0|  23|    0|
    |mul_6ns_5s_11_1_1_U1091   |mul_6ns_5s_11_1_1   |        0|   0|  0|  23|    0|
    |mul_6ns_5s_11_1_1_U1093   |mul_6ns_5s_11_1_1   |        0|   0|  0|  23|    0|
    |mul_6ns_5s_11_1_1_U1095   |mul_6ns_5s_11_1_1   |        0|   0|  0|  23|    0|
    |mul_6ns_5s_11_1_1_U1097   |mul_6ns_5s_11_1_1   |        0|   0|  0|  23|    0|
    |mul_6ns_5s_11_1_1_U1098   |mul_6ns_5s_11_1_1   |        0|   0|  0|  23|    0|
    |mul_6ns_5s_11_1_1_U1099   |mul_6ns_5s_11_1_1   |        0|   0|  0|  23|    0|
    |mul_6ns_5s_11_1_1_U1101   |mul_6ns_5s_11_1_1   |        0|   0|  0|  23|    0|
    |mul_6ns_5s_11_1_1_U1105   |mul_6ns_5s_11_1_1   |        0|   0|  0|  23|    0|
    +--------------------------+--------------------+---------+----+---+----+-----+
    |Total                     |                    |        0|   0|  0| 368|    0|
    +--------------------------+--------------------+---------+----+---+----+-----+

    * DSP: 
    N/A

    * Memory: 
    N/A

    * FIFO: 
    N/A

    * Expression: 
    +-----------------------------+----------+----+---+-----+------------+------------+
    |        Variable Name        | Operation| DSP| FF| LUT | Bitwidth P0| Bitwidth P1|
    +-----------------------------+----------+----+---+-----+------------+------------+
    |add_ln813_1000_fu_96534_p2   |         +|   0|  0|   16|           9|           9|
    |add_ln813_1001_fu_96544_p2   |         +|   0|  0|   17|          10|          10|
    |add_ln813_1002_fu_96554_p2   |         +|   0|  0|   16|          14|          14|
    |add_ln813_1003_fu_96560_p2   |         +|   0|  0|   15|           8|           8|
    |add_ln813_1004_fu_96570_p2   |         +|   0|  0|   16|           9|           9|
    |add_ln813_1005_fu_96579_p2   |         +|   0|  0|   13|           6|           6|
    |add_ln813_1006_fu_96589_p2   |         +|   0|  0|   14|           7|           7|
    |add_ln813_1007_fu_96599_p2   |         +|   0|  0|   15|           8|           8|
    |add_ln813_1008_fu_96609_p2   |         +|   0|  0|   17|          10|          10|
    |add_ln813_1009_fu_96619_p2   |         +|   0|  0|   16|          14|          14|
    |add_ln813_1010_fu_87100_p2   |         +|   0|  0|   17|          12|          12|
    |add_ln813_1011_fu_87106_p2   |         +|   0|  0|   13|           6|           6|
    |add_ln813_1012_fu_87116_p2   |         +|   0|  0|   17|          12|          12|
    |add_ln813_1013_fu_87126_p2   |         +|   0|  0|   20|          13|          13|
    |add_ln813_1014_fu_87136_p2   |         +|   0|  0|   18|          11|          11|
    |add_ln813_1015_fu_87146_p2   |         +|   0|  0|   21|          14|          14|
    |add_ln813_1016_fu_96629_p2   |         +|   0|  0|   18|          10|          10|
    |add_ln813_1017_fu_87152_p2   |         +|   0|  0|   14|           7|           7|
    |add_ln813_1018_fu_96638_p2   |         +|   0|  0|   18|          10|          10|
    |add_ln813_1019_fu_96648_p2   |         +|   0|  0|   16|          14|          14|
    |add_ln813_1020_fu_96653_p2   |         +|   0|  0|   16|          14|          14|
    |add_ln813_1021_fu_96663_p2   |         +|   0|  0|   20|          13|          13|
    |add_ln813_1022_fu_96673_p2   |         +|   0|  0|   16|          15|          15|
    |add_ln813_1023_fu_96679_p2   |         +|   0|  0|   15|           8|           8|
    |add_ln813_1024_fu_96689_p2   |         +|   0|  0|   14|           7|           7|
    |add_ln813_1025_fu_96699_p2   |         +|   0|  0|   16|           9|           9|
    |add_ln813_1026_fu_96709_p2   |         +|   0|  0|   16|          15|          15|
    |add_ln813_1027_fu_96715_p2   |         +|   0|  0|   16|          15|          15|
    |add_ln813_1028_fu_96721_p2   |         +|   0|  0|   16|           9|           9|
    |add_ln813_1029_fu_96731_p2   |         +|   0|  0|   16|          15|          15|
    |add_ln813_1030_fu_87158_p2   |         +|   0|  0|   18|          10|          10|
    |add_ln813_1031_fu_87164_p2   |         +|   0|  0|   18|          10|          10|
    |add_ln813_1032_fu_87174_p2   |         +|   0|  0|   19|          12|          12|
    |add_ln813_1033_fu_87184_p2   |         +|   0|  0|   21|          14|          14|
    |add_ln813_1034_fu_87190_p2   |         +|   0|  0|   13|           6|           6|
    |add_ln813_1035_fu_87200_p2   |         +|   0|  0|   16|           9|           9|
    |add_ln813_1036_fu_87210_p2   |         +|   0|  0|   16|          14|          14|
    |add_ln813_1037_fu_87216_p2   |         +|   0|  0|   16|          14|          14|
    |add_ln813_1038_fu_96744_p2   |         +|   0|  0|   19|          12|          12|
    |add_ln813_1039_fu_96754_p2   |         +|   0|  0|   16|          15|          15|
    |add_ln813_1040_fu_96760_p2   |         +|   0|  0|   17|          10|          10|
    |add_ln813_1041_fu_87222_p2   |         +|   0|  0|   16|           9|           9|
    |add_ln813_1042_fu_96773_p2   |         +|   0|  0|   18|          11|          11|
    |add_ln813_1043_fu_96783_p2   |         +|   0|  0|   16|          15|          15|
    |add_ln813_1044_fu_96789_p2   |         +|   0|  0|   19|          12|          12|
    |add_ln813_1045_fu_96799_p2   |         +|   0|  0|   16|          15|          15|
    |add_ln813_1046_fu_96805_p2   |         +|   0|  0|   15|           8|           8|
    |add_ln813_1047_fu_96815_p2   |         +|   0|  0|   17|          10|          10|
    |add_ln813_1048_fu_96825_p2   |         +|   0|  0|   16|          15|          15|
    |add_ln813_1049_fu_87228_p2   |         +|   0|  0|   17|          10|          10|
    |add_ln813_1050_fu_87238_p2   |         +|   0|  0|   20|          13|          13|
    |add_ln813_1051_fu_87248_p2   |         +|   0|  0|   21|          14|          14|
    |add_ln813_1052_fu_96835_p2   |         +|   0|  0|   17|          10|          10|
    |add_ln813_1053_fu_96845_p2   |         +|   0|  0|   16|          14|          14|
    |add_ln813_1054_fu_96850_p2   |         +|   0|  0|   16|          14|          14|
    |add_ln813_1055_fu_96860_p2   |         +|   0|  0|   19|          12|          12|
    |add_ln813_1056_fu_96870_p2   |         +|   0|  0|   16|          15|          15|
    |add_ln813_1057_fu_96876_p2   |         +|   0|  0|   18|          10|          10|
    |add_ln813_1058_fu_96882_p2   |         +|   0|  0|   14|           7|           7|
    |add_ln813_1059_fu_96892_p2   |         +|   0|  0|   18|          10|          10|
    |add_ln813_1060_fu_96902_p2   |         +|   0|  0|   16|          15|          15|
    |add_ln813_1061_fu_87254_p2   |         +|   0|  0|   13|           6|           6|
    |add_ln813_1062_fu_87264_p2   |         +|   0|  0|   16|           9|           9|
    |add_ln813_1063_fu_87274_p2   |         +|   0|  0|   17|          10|          10|
    |add_ln813_1064_fu_87284_p2   |         +|   0|  0|   17|          13|          13|
    |add_ln813_1065_fu_87290_p2   |         +|   0|  0|   17|          10|          10|
    |add_ln813_1066_fu_87300_p2   |         +|   0|  0|   17|          13|          13|
    |add_ln813_1067_fu_87306_p2   |         +|   0|  0|   16|           9|           9|
    |add_ln813_1068_fu_87316_p2   |         +|   0|  0|   14|           7|           7|
    |add_ln813_1069_fu_87326_p2   |         +|   0|  0|   16|           9|           9|
    |add_ln813_1070_fu_87336_p2   |         +|   0|  0|   17|          10|          10|
    |add_ln813_1071_fu_87346_p2   |         +|   0|  0|   17|          13|          13|
    |add_ln813_1072_fu_87352_p2   |         +|   0|  0|   17|          13|          13|
    |add_ln813_1073_fu_96915_p2   |         +|   0|  0|   16|           9|           9|
    |add_ln813_1074_fu_96925_p2   |         +|   0|  0|   18|          11|          11|
    |add_ln813_1075_fu_96935_p2   |         +|   0|  0|   21|          14|          14|
    |add_ln813_1076_fu_96941_p2   |         +|   0|  0|   15|           8|           8|
    |add_ln813_1077_fu_96950_p2   |         +|   0|  0|   16|           9|           9|
    |add_ln813_1078_fu_96959_p2   |         +|   0|  0|   14|           7|           7|
    |add_ln813_1079_fu_96969_p2   |         +|   0|  0|   15|           8|           8|
    |add_ln813_1080_fu_96979_p2   |         +|   0|  0|   17|          10|          10|
    |add_ln813_1081_fu_96989_p2   |         +|   0|  0|   16|          14|          14|
    |add_ln813_1082_fu_96995_p2   |         +|   0|  0|   16|          14|          14|
    |add_ln813_1083_fu_87358_p2   |         +|   0|  0|   19|          12|          12|
    |add_ln813_1084_fu_87368_p2   |         +|   0|  0|   20|          13|          13|
    |add_ln813_1085_fu_87374_p2   |         +|   0|  0|   14|           7|           7|
    |add_ln813_1086_fu_87384_p2   |         +|   0|  0|   16|           9|           9|
    |add_ln813_1087_fu_87394_p2   |         +|   0|  0|   17|          13|          13|
    |add_ln813_1088_fu_87400_p2   |         +|   0|  0|   17|          13|          13|
    |add_ln813_1089_fu_87406_p2   |         +|   0|  0|   17|          10|          10|
    |add_ln813_1090_fu_97008_p2   |         +|   0|  0|   17|          13|          13|
    |add_ln813_1091_fu_87412_p2   |         +|   0|  0|   18|          10|          10|
    |add_ln813_1092_fu_87418_p2   |         +|   0|  0|   14|           7|           7|
    |add_ln813_1093_fu_87428_p2   |         +|   0|  0|   15|           8|           8|
    |add_ln813_1094_fu_87438_p2   |         +|   0|  0|   18|          10|          10|
    |add_ln813_1095_fu_97016_p2   |         +|   0|  0|   17|          13|          13|
    |add_ln813_1096_fu_97026_p2   |         +|   0|  0|   19|          12|          12|
    |add_ln813_1097_fu_97036_p2   |         +|   0|  0|   21|          14|          14|
    |add_ln813_1098_fu_97042_p2   |         +|   0|  0|   17|          10|          10|
    |add_ln813_1099_fu_97052_p2   |         +|   0|  0|   18|          11|          11|
    |add_ln813_1100_fu_97062_p2   |         +|   0|  0|   16|          14|          14|
    |add_ln813_1101_fu_97068_p2   |         +|   0|  0|   15|           8|           8|
    |add_ln813_1102_fu_97078_p2   |         +|   0|  0|   18|           9|           9|
    |add_ln813_1103_fu_97084_p2   |         +|   0|  0|   16|           7|           7|
    |add_ln813_1104_fu_97090_p2   |         +|   0|  0|   16|           7|           7|
    |add_ln813_1105_fu_97100_p2   |         +|   0|  0|   18|           9|           9|
    |add_ln813_1106_fu_97110_p2   |         +|   0|  0|   16|          14|          14|
    |add_ln813_1107_fu_87444_p2   |         +|   0|  0|   18|          11|          11|
    |add_ln813_1108_fu_87454_p2   |         +|   0|  0|   20|          13|          13|
    |add_ln813_1109_fu_87464_p2   |         +|   0|  0|   16|          14|          14|
    |add_ln813_1110_fu_87470_p2   |         +|   0|  0|   16|           9|           9|
    |add_ln813_1111_fu_87480_p2   |         +|   0|  0|   16|          14|          14|
    |add_ln813_1112_fu_97120_p2   |         +|   0|  0|   16|           9|           9|
    |add_ln813_1113_fu_87486_p2   |         +|   0|  0|   14|           7|           7|
    |add_ln813_1114_fu_97133_p2   |         +|   0|  0|   17|          10|          10|
    |add_ln813_1115_fu_97143_p2   |         +|   0|  0|   16|          14|          14|
    |add_ln813_1116_fu_97148_p2   |         +|   0|  0|   16|          14|          14|
    |add_ln813_1117_fu_97158_p2   |         +|   0|  0|   20|          13|          13|
    |add_ln813_1118_fu_97168_p2   |         +|   0|  0|   16|          15|          15|
    |add_ln813_1119_fu_97174_p2   |         +|   0|  0|   17|          10|          10|
    |add_ln813_1120_fu_97184_p2   |         +|   0|  0|   14|           7|           7|
    |add_ln813_1121_fu_97194_p2   |         +|   0|  0|   15|           8|           8|
    |add_ln813_1122_fu_97204_p2   |         +|   0|  0|   18|          11|          11|
    |add_ln813_1123_fu_97214_p2   |         +|   0|  0|   16|          15|          15|
    |add_ln813_1124_fu_87492_p2   |         +|   0|  0|   16|           9|           9|
    |add_ln813_1125_fu_87502_p2   |         +|   0|  0|   19|          12|          12|
    |add_ln813_1126_fu_87512_p2   |         +|   0|  0|   17|          10|          10|
    |add_ln813_1127_fu_87522_p2   |         +|   0|  0|   20|          13|          13|
    |add_ln813_1128_fu_97227_p2   |         +|   0|  0|   16|          14|          14|
    |add_ln813_1129_fu_97233_p2   |         +|   0|  0|   16|           9|           9|
    |add_ln813_1130_fu_97243_p2   |         +|   0|  0|   17|          10|          10|
    |add_ln813_1131_fu_97253_p2   |         +|   0|  0|   16|          14|          14|
    |add_ln813_1132_fu_97259_p2   |         +|   0|  0|   19|          12|          12|
    |add_ln813_1133_fu_97269_p2   |         +|   0|  0|   16|          14|          14|
    |add_ln813_1134_fu_97275_p2   |         +|   0|  0|   15|           8|           8|
    |add_ln813_1135_fu_97285_p2   |         +|   0|  0|   16|           9|           9|
    |add_ln813_1136_fu_97295_p2   |         +|   0|  0|   16|          14|          14|
    |add_ln813_1137_fu_87528_p2   |         +|   0|  0|   15|           8|           8|
    |add_ln813_1138_fu_87538_p2   |         +|   0|  0|   17|          10|          10|
    |add_ln813_1139_fu_87548_p2   |         +|   0|  0|   18|          11|          11|
    |add_ln813_1140_fu_87558_p2   |         +|   0|  0|   19|          12|          12|
    |add_ln813_1141_fu_87564_p2   |         +|   0|  0|   16|           9|           9|
    |add_ln813_1142_fu_87574_p2   |         +|   0|  0|   13|           6|           6|
    |add_ln813_1143_fu_87584_p2   |         +|   0|  0|   17|          10|          10|
    |add_ln813_1144_fu_87594_p2   |         +|   0|  0|   17|          12|          12|
    |add_ln813_1145_fu_87600_p2   |         +|   0|  0|   17|          12|          12|
    |add_ln813_1146_fu_97308_p2   |         +|   0|  0|   16|           9|           9|
    |add_ln813_1147_fu_97318_p2   |         +|   0|  0|   17|          10|          10|
    |add_ln813_1148_fu_97328_p2   |         +|   0|  0|   20|          13|          13|
    |add_ln813_1149_fu_97338_p2   |         +|   0|  0|   21|          14|          14|
    |add_ln813_1150_fu_97344_p2   |         +|   0|  0|   20|          13|          13|
    |add_ln813_1151_fu_97354_p2   |         +|   0|  0|   16|          14|          14|
    |add_ln813_1152_fu_97360_p2   |         +|   0|  0|   16|           9|           9|
    |add_ln813_1153_fu_97370_p2   |         +|   0|  0|   15|           8|           8|
    |add_ln813_1154_fu_97380_p2   |         +|   0|  0|   17|          10|          10|
    |add_ln813_1155_fu_97390_p2   |         +|   0|  0|   16|          14|          14|
    |add_ln813_1156_fu_87606_p2   |         +|   0|  0|   17|          10|          10|
    |add_ln813_1157_fu_87616_p2   |         +|   0|  0|   15|           8|           8|
    |add_ln813_1158_fu_87626_p2   |         +|   0|  0|   18|          11|          11|
    |add_ln813_1159_fu_87636_p2   |         +|   0|  0|   16|           9|           9|
    |add_ln813_1160_fu_87646_p2   |         +|   0|  0|   17|          12|          12|
    |add_ln813_1161_fu_87652_p2   |         +|   0|  0|   15|           8|           8|
    |add_ln813_1162_fu_87662_p2   |         +|   0|  0|   16|           9|           9|
    |add_ln813_1163_fu_87672_p2   |         +|   0|  0|   17|          12|          12|
    |add_ln813_1164_fu_97403_p2   |         +|   0|  0|   20|          13|          13|
    |add_ln813_1165_fu_97409_p2   |         +|   0|  0|   17|          13|          13|
    |add_ln813_1166_fu_97415_p2   |         +|   0|  0|   14|           7|           7|
    |add_ln813_1167_fu_97425_p2   |         +|   0|  0|   15|           8|           8|
    |add_ln813_1168_fu_97434_p2   |         +|   0|  0|   17|          13|          13|
    |add_ln813_1169_fu_97444_p2   |         +|   0|  0|   16|          14|          14|
    |add_ln813_1170_fu_97450_p2   |         +|   0|  0|   16|           9|           9|
    |add_ln813_1171_fu_97460_p2   |         +|   0|  0|   17|          10|          10|
    |add_ln813_1172_fu_97470_p2   |         +|   0|  0|   16|          14|          14|
    |add_ln813_1173_fu_87678_p2   |         +|   0|  0|   17|          10|          10|
    |add_ln813_1174_fu_87688_p2   |         +|   0|  0|   20|          13|          13|
    |add_ln813_1175_fu_87698_p2   |         +|   0|  0|   16|          14|          14|
    |add_ln813_1176_fu_87704_p2   |         +|   0|  0|   15|           8|           8|
    |add_ln813_1177_fu_87714_p2   |         +|   0|  0|   16|          14|          14|
    |add_ln813_1178_fu_97480_p2   |         +|   0|  0|   19|          12|          12|
    |add_ln813_1179_fu_97490_p2   |         +|   0|  0|   16|          14|          14|
    |add_ln813_1180_fu_97495_p2   |         +|   0|  0|   17|          10|          10|
    |add_ln813_1181_fu_97505_p2   |         +|   0|  0|   18|          11|          11|
    |add_ln813_1182_fu_97515_p2   |         +|   0|  0|   16|          14|          14|
    |add_ln813_1183_fu_87720_p2   |         +|   0|  0|   15|           8|           8|
    |add_ln813_1184_fu_87730_p2   |         +|   0|  0|   17|          10|          10|
    |add_ln813_1185_fu_87740_p2   |         +|   0|  0|   15|           8|           8|
    |add_ln813_1186_fu_87750_p2   |         +|   0|  0|   14|           7|           7|
    |add_ln813_1187_fu_87760_p2   |         +|   0|  0|   16|           9|           9|
    |add_ln813_1188_fu_87770_p2   |         +|   0|  0|   18|          11|          11|
    |add_ln813_1189_fu_97528_p2   |         +|   0|  0|   16|          15|          15|
    |add_ln813_1190_fu_97534_p2   |         +|   0|  0|   16|          15|          15|
    |add_ln813_1191_fu_87776_p2   |         +|   0|  0|   19|          12|          12|
    |add_ln813_1192_fu_87786_p2   |         +|   0|  0|   17|          13|          13|
    |add_ln813_1193_fu_87792_p2   |         +|   0|  0|   17|          13|          13|
    |add_ln813_1194_fu_87798_p2   |         +|   0|  0|   15|           8|           8|
    |add_ln813_1195_fu_87808_p2   |         +|   0|  0|   17|          13|          13|
    |add_ln813_1196_fu_87814_p2   |         +|   0|  0|   15|           8|           8|
    |add_ln813_1197_fu_87824_p2   |         +|   0|  0|   14|           7|           7|
    |add_ln813_1198_fu_87834_p2   |         +|   0|  0|   15|           8|           8|
    |add_ln813_1199_fu_87844_p2   |         +|   0|  0|   16|           9|           9|
    |add_ln813_1200_fu_87854_p2   |         +|   0|  0|   17|          13|          13|
    |add_ln813_1201_fu_97547_p2   |         +|   0|  0|   21|          14|          14|
    |add_ln813_1202_fu_97557_p2   |         +|   0|  0|   19|          12|          12|
    |add_ln813_1203_fu_97567_p2   |         +|   0|  0|   22|          15|          15|
    |add_ln813_1204_fu_97573_p2   |         +|   0|  0|   17|          11|          11|
    |add_ln813_1205_fu_97579_p2   |         +|   0|  0|   15|           8|           8|
    |add_ln813_1206_fu_97589_p2   |         +|   0|  0|   17|          11|          11|
    |add_ln813_1207_fu_97599_p2   |         +|   0|  0|   16|          15|          15|
    |add_ln813_1208_fu_97605_p2   |         +|   0|  0|   19|          12|          12|
    |add_ln813_1209_fu_97615_p2   |         +|   0|  0|   16|          15|          15|
    |add_ln813_1210_fu_87860_p2   |         +|   0|  0|   15|           8|           8|
    |add_ln813_1211_fu_87870_p2   |         +|   0|  0|   17|          10|          10|
    |add_ln813_1212_fu_87880_p2   |         +|   0|  0|   17|          11|          11|
    |add_ln813_1213_fu_87886_p2   |         +|   0|  0|   17|          11|          11|
    |add_ln813_1214_fu_87896_p2   |         +|   0|  0|   14|           7|           7|
    |add_ln813_1215_fu_87906_p2   |         +|   0|  0|   15|           8|           8|
    |add_ln813_1216_fu_87916_p2   |         +|   0|  0|   19|          12|          12|
    |add_ln813_1217_fu_97625_p2   |         +|   0|  0|   17|          10|          10|
    |add_ln813_1218_fu_97635_p2   |         +|   0|  0|   17|          12|          12|
    |add_ln813_1219_fu_97640_p2   |         +|   0|  0|   16|           9|           9|
    |add_ln813_1220_fu_97649_p2   |         +|   0|  0|   17|          10|          10|
    |add_ln813_1221_fu_97659_p2   |         +|   0|  0|   17|          12|          12|
    |add_ln813_1222_fu_97669_p2   |         +|   0|  0|   20|          13|          13|
    |add_ln813_1223_fu_97679_p2   |         +|   0|  0|   17|          10|          10|
    |add_ln813_1224_fu_97689_p2   |         +|   0|  0|   16|          14|          14|
    |add_ln813_1225_fu_97695_p2   |         +|   0|  0|   16|           9|           9|
    |add_ln813_1226_fu_97705_p2   |         +|   0|  0|   16|           9|           9|
    |add_ln813_1227_fu_97715_p2   |         +|   0|  0|   17|          10|          10|
    |add_ln813_1228_fu_97725_p2   |         +|   0|  0|   16|          14|          14|
    |add_ln813_1229_fu_87922_p2   |         +|   0|  0|   17|          10|          10|
    |add_ln813_1230_fu_87932_p2   |         +|   0|  0|   20|          13|          13|
    |add_ln813_1231_fu_87938_p2   |         +|   0|  0|   17|          10|          10|
    |add_ln813_1232_fu_87948_p2   |         +|   0|  0|   17|          13|          13|
    |add_ln813_1233_fu_87954_p2   |         +|   0|  0|   17|          10|          10|
    |add_ln813_1234_fu_87964_p2   |         +|   0|  0|   16|           9|           9|
    |add_ln813_1235_fu_87974_p2   |         +|   0|  0|   18|          11|          11|
    |add_ln813_1236_fu_87984_p2   |         +|   0|  0|   17|          13|          13|
    |add_ln813_1237_fu_97738_p2   |         +|   0|  0|   15|           8|           8|
    |add_ln813_1238_fu_97747_p2   |         +|   0|  0|   18|           9|           9|
    |add_ln813_1239_fu_87990_p2   |         +|   0|  0|   14|           7|           7|
    |add_ln813_1240_fu_88000_p2   |         +|   0|  0|   14|           7|           7|
    |add_ln813_1241_fu_88010_p2   |         +|   0|  0|   15|           8|           8|
    |add_ln813_1242_fu_97756_p2   |         +|   0|  0|   18|           9|           9|
    |add_ln813_1243_fu_97766_p2   |         +|   0|  0|   21|          14|          14|
    |add_ln813_1244_fu_97772_p2   |         +|   0|  0|   16|          14|          14|
    |add_ln813_1245_fu_97778_p2   |         +|   0|  0|   16|           9|           9|
    |add_ln813_1246_fu_97788_p2   |         +|   0|  0|   17|          10|          10|
    |add_ln813_1247_fu_97798_p2   |         +|   0|  0|   16|          14|          14|
    |add_ln813_1248_fu_88016_p2   |         +|   0|  0|   17|          12|          12|
    |add_ln813_1249_fu_88022_p2   |         +|   0|  0|   14|           7|           7|
    |add_ln813_1250_fu_88032_p2   |         +|   0|  0|   17|          12|          12|
    |add_ln813_1251_fu_88042_p2   |         +|   0|  0|   17|          13|          13|
    |add_ln813_1252_fu_88048_p2   |         +|   0|  0|   16|           9|           9|
    |add_ln813_1253_fu_88058_p2   |         +|   0|  0|   17|          10|          10|
    |add_ln813_1254_fu_88068_p2   |         +|   0|  0|   17|          13|          13|
    |add_ln813_1255_fu_88078_p2   |         +|   0|  0|   21|          14|          14|
    |add_ln813_1256_fu_97808_p2   |         +|   0|  0|   16|           9|           9|
    |add_ln813_1257_fu_97818_p2   |         +|   0|  0|   16|          14|          14|
    |add_ln813_1258_fu_97823_p2   |         +|   0|  0|   18|           9|           9|
    |add_ln813_1259_fu_97829_p2   |         +|   0|  0|   13|           6|           6|
    |add_ln813_1260_fu_97839_p2   |         +|   0|  0|   18|           9|           9|
    |add_ln813_1261_fu_97849_p2   |         +|   0|  0|   16|          14|          14|
    |add_ln813_1262_fu_97855_p2   |         +|   0|  0|   16|          14|          14|
    |add_ln813_1263_fu_97861_p2   |         +|   0|  0|   16|           9|           9|
    |add_ln813_1264_fu_97871_p2   |         +|   0|  0|   16|          14|          14|
    |add_ln813_1265_fu_88084_p2   |         +|   0|  0|   17|          10|          10|
    |add_ln813_1266_fu_88094_p2   |         +|   0|  0|   17|          10|          10|
    |add_ln813_1267_fu_88104_p2   |         +|   0|  0|   18|          11|          11|
    |add_ln813_1268_fu_88114_p2   |         +|   0|  0|   17|          13|          13|
    |add_ln813_1269_fu_88120_p2   |         +|   0|  0|   17|          13|          13|
    |add_ln813_1270_fu_97884_p2   |         +|   0|  0|   21|          14|          14|
    |add_ln813_1271_fu_97894_p2   |         +|   0|  0|   19|          12|          12|
    |add_ln813_1272_fu_97904_p2   |         +|   0|  0|   22|          15|          15|
    |add_ln813_1273_fu_97910_p2   |         +|   0|  0|   17|          11|          11|
    |add_ln813_1274_fu_97916_p2   |         +|   0|  0|   13|           6|           6|
    |add_ln813_1275_fu_97926_p2   |         +|   0|  0|   14|           7|           7|
    |add_ln813_1276_fu_97936_p2   |         +|   0|  0|   17|          11|          11|
    |add_ln813_1277_fu_97946_p2   |         +|   0|  0|   16|          15|          15|
    |add_ln813_1278_fu_97952_p2   |         +|   0|  0|   16|          15|          15|
    |add_ln813_1279_fu_88126_p2   |         +|   0|  0|   14|           7|           7|
    |add_ln813_1280_fu_88136_p2   |         +|   0|  0|   16|           9|           9|
    |add_ln813_1281_fu_88146_p2   |         +|   0|  0|   20|          13|          13|
    |add_ln813_1282_fu_88156_p2   |         +|   0|  0|   20|          13|          13|
    |add_ln813_1283_fu_88166_p2   |         +|   0|  0|   21|          14|          14|
    |add_ln813_1284_fu_88172_p2   |         +|   0|  0|   13|           6|           6|
    |add_ln813_1285_fu_88182_p2   |         +|   0|  0|   15|           8|           8|
    |add_ln813_1286_fu_97965_p2   |         +|   0|  0|   16|          14|          14|
    |add_ln813_1287_fu_97970_p2   |         +|   0|  0|   16|          14|          14|
    |add_ln813_1288_fu_97980_p2   |         +|   0|  0|   20|          13|          13|
    |add_ln813_1289_fu_97990_p2   |         +|   0|  0|   16|          15|          15|
    |add_ln813_1290_fu_97996_p2   |         +|   0|  0|   17|          10|          10|
    |add_ln813_1291_fu_98006_p2   |         +|   0|  0|   15|           8|           8|
    |add_ln813_1292_fu_98015_p2   |         +|   0|  0|   18|          11|          11|
    |add_ln813_1293_fu_98025_p2   |         +|   0|  0|   16|          15|          15|
    |add_ln813_1294_fu_98031_p2   |         +|   0|  0|   16|          15|          15|
    |add_ln813_1295_fu_98037_p2   |         +|   0|  0|   17|          10|          10|
    |add_ln813_1296_fu_98047_p2   |         +|   0|  0|   18|          11|          11|
    |add_ln813_1297_fu_98057_p2   |         +|   0|  0|   16|          15|          15|
    |add_ln813_1298_fu_88188_p2   |         +|   0|  0|   17|          10|          10|
    |add_ln813_1299_fu_88198_p2   |         +|   0|  0|   18|          11|          11|
    |add_ln813_1300_fu_88208_p2   |         +|   0|  0|   20|          13|          13|
    |add_ln813_1301_fu_88214_p2   |         +|   0|  0|   20|          13|          13|
    |add_ln813_1302_fu_98073_p2   |         +|   0|  0|   16|          14|          14|
    |add_ln813_1303_fu_98079_p2   |         +|   0|  0|   16|          14|          14|
    |add_ln813_1304_fu_88220_p2   |         +|   0|  0|   16|           9|           9|
    |add_ln813_1305_fu_88230_p2   |         +|   0|  0|   17|          10|          10|
    |add_ln813_1306_fu_98088_p2   |         +|   0|  0|   16|          14|          14|
    |add_ln813_1307_fu_88236_p2   |         +|   0|  0|   15|           8|           8|
    |add_ln813_1308_fu_88246_p2   |         +|   0|  0|   16|           9|           9|
    |add_ln813_1309_fu_88256_p2   |         +|   0|  0|   19|           8|           8|
    |add_ln813_1310_fu_88262_p2   |         +|   0|  0|   19|           8|           8|
    |add_ln813_1311_fu_88272_p2   |         +|   0|  0|   17|          10|          10|
    |add_ln813_1312_fu_98097_p2   |         +|   0|  0|   16|          14|          14|
    |add_ln813_1313_fu_98103_p2   |         +|   0|  0|   19|          12|          12|
    |add_ln813_1314_fu_98113_p2   |         +|   0|  0|   16|          14|          14|
    |add_ln813_1315_fu_98119_p2   |         +|   0|  0|   15|           8|           8|
    |add_ln813_1316_fu_98129_p2   |         +|   0|  0|   14|           7|           7|
    |add_ln813_1317_fu_98139_p2   |         +|   0|  0|   16|           9|           9|
    |add_ln813_1318_fu_98149_p2   |         +|   0|  0|   16|          14|          14|
    |add_ln813_1319_fu_88278_p2   |         +|   0|  0|   17|          10|          10|
    |add_ln813_1320_fu_88288_p2   |         +|   0|  0|   17|          10|          10|
    |add_ln813_1321_fu_88298_p2   |         +|   0|  0|   18|          11|          11|
    |add_ln813_1322_fu_88308_p2   |         +|   0|  0|   17|          13|          13|
    |add_ln813_1323_fu_88314_p2   |         +|   0|  0|   17|          10|          10|
    |add_ln813_1324_fu_88324_p2   |         +|   0|  0|   17|          13|          13|
    |add_ln813_1325_fu_88334_p2   |         +|   0|  0|   21|          14|          14|
    |add_ln813_1326_fu_98159_p2   |         +|   0|  0|   20|          13|          13|
    |add_ln813_1327_fu_98169_p2   |         +|   0|  0|   16|          14|          14|
    |add_ln813_1328_fu_98174_p2   |         +|   0|  0|   16|           9|           9|
    |add_ln813_1329_fu_98184_p2   |         +|   0|  0|   14|           7|           7|
    |add_ln813_1330_fu_98194_p2   |         +|   0|  0|   15|           8|           8|
    |add_ln813_1331_fu_98204_p2   |         +|   0|  0|   17|          10|          10|
    |add_ln813_1332_fu_98214_p2   |         +|   0|  0|   16|          14|          14|
    |add_ln813_1333_fu_98224_p2   |         +|   0|  0|   16|          15|          15|
    |add_ln813_1334_fu_98230_p2   |         +|   0|  0|   16|           9|           9|
    |add_ln813_1335_fu_98240_p2   |         +|   0|  0|   16|          15|          15|
    |add_ln813_1336_fu_88340_p2   |         +|   0|  0|   20|          13|          13|
    |add_ln813_1337_fu_88350_p2   |         +|   0|  0|   19|          12|          12|
    |add_ln813_1338_fu_88360_p2   |         +|   0|  0|   21|          14|          14|
    |add_ln813_1339_fu_88366_p2   |         +|   0|  0|   15|           8|           8|
    |add_ln813_1340_fu_88376_p2   |         +|   0|  0|   16|           9|           9|
    |add_ln813_1341_fu_98253_p2   |         +|   0|  0|   16|          14|          14|
    |add_ln813_1342_fu_98258_p2   |         +|   0|  0|   16|          14|          14|
    |add_ln813_1343_fu_88382_p2   |         +|   0|  0|   17|          10|          10|
    |add_ln813_1344_fu_98271_p2   |         +|   0|  0|   20|          13|          13|
    |add_ln813_1345_fu_98281_p2   |         +|   0|  0|   16|          15|          15|
    |add_ln813_1346_fu_98287_p2   |         +|   0|  0|   18|          10|          10|
    |add_ln813_1347_fu_98293_p2   |         +|   0|  0|   16|           7|           7|
    |add_ln813_1348_fu_98299_p2   |         +|   0|  0|   16|           7|           7|
    |add_ln813_1349_fu_98309_p2   |         +|   0|  0|   18|          10|          10|
    |add_ln813_1350_fu_98319_p2   |         +|   0|  0|   16|          15|          15|
    |add_ln813_1351_fu_98325_p2   |         +|   0|  0|   16|          15|          15|
    |add_ln813_1352_fu_98331_p2   |         +|   0|  0|   20|          13|          13|
    |add_ln813_1353_fu_98341_p2   |         +|   0|  0|   16|          15|          15|
    |add_ln813_1354_fu_88388_p2   |         +|   0|  0|   15|           8|           8|
    |add_ln813_1355_fu_88398_p2   |         +|   0|  0|   17|          13|          13|
    |add_ln813_1356_fu_88404_p2   |         +|   0|  0|   14|           7|           7|
    |add_ln813_1357_fu_88414_p2   |         +|   0|  0|   17|          13|          13|
    |add_ln813_1358_fu_98354_p2   |         +|   0|  0|   16|          14|          14|
    |add_ln813_1359_fu_98360_p2   |         +|   0|  0|   16|           9|           9|
    |add_ln813_1360_fu_98369_p2   |         +|   0|  0|   19|          12|          12|
    |add_ln813_1361_fu_98379_p2   |         +|   0|  0|   16|          14|          14|
    |add_ln813_1362_fu_98385_p2   |         +|   0|  0|   17|          10|          10|
    |add_ln813_1363_fu_98395_p2   |         +|   0|  0|   16|          14|          14|
    |add_ln813_1364_fu_98401_p2   |         +|   0|  0|   15|           8|           8|
    |add_ln813_1365_fu_98411_p2   |         +|   0|  0|   14|           7|           7|
    |add_ln813_1366_fu_98421_p2   |         +|   0|  0|   16|           9|           9|
    |add_ln813_1367_fu_98431_p2   |         +|   0|  0|   16|          14|          14|
    |add_ln813_1368_fu_88420_p2   |         +|   0|  0|   18|          11|          11|
    |add_ln813_1369_fu_88426_p2   |         +|   0|  0|   13|           6|           6|
    |add_ln813_1370_fu_88436_p2   |         +|   0|  0|   17|          11|          11|
    |add_ln813_1371_fu_88442_p2   |         +|   0|  0|   17|          11|          11|
    |add_ln813_1372_fu_88448_p2   |         +|   0|  0|   16|           9|           9|
    |add_ln813_1373_fu_98447_p2   |         +|   0|  0|   17|          12|          12|
    |add_ln813_1374_fu_88454_p2   |         +|   0|  0|   18|          11|          11|
    |add_ln813_1375_fu_98456_p2   |         +|   0|  0|   17|          12|          12|
    |add_ln813_1376_fu_88460_p2   |         +|   0|  0|   16|           9|           9|
    |add_ln813_1377_fu_88470_p2   |         +|   0|  0|   15|           8|           8|
    |add_ln813_1378_fu_88480_p2   |         +|   0|  0|   17|          10|          10|
    |add_ln813_1379_fu_98469_p2   |         +|   0|  0|   20|          13|          13|
    |add_ln813_1380_fu_98479_p2   |         +|   0|  0|   21|          14|          14|
    |add_ln813_1381_fu_98485_p2   |         +|   0|  0|   17|          10|          10|
    |add_ln813_1382_fu_98495_p2   |         +|   0|  0|   18|          11|          11|
    |add_ln813_1383_fu_98505_p2   |         +|   0|  0|   16|          14|          14|
    |add_ln813_1384_fu_98511_p2   |         +|   0|  0|   16|           9|           9|
    |add_ln813_1385_fu_98521_p2   |         +|   0|  0|   14|           7|           7|
    |add_ln813_1386_fu_98530_p2   |         +|   0|  0|   16|           9|           9|
    |add_ln813_1387_fu_98540_p2   |         +|   0|  0|   17|          10|          10|
    |add_ln813_1388_fu_98550_p2   |         +|   0|  0|   16|          14|          14|
    |add_ln813_1389_fu_88486_p2   |         +|   0|  0|   19|          12|          12|
    |add_ln813_1390_fu_88496_p2   |         +|   0|  0|   14|           7|           7|
    |add_ln813_1391_fu_88506_p2   |         +|   0|  0|   20|          13|          13|
    |add_ln813_1392_fu_88516_p2   |         +|   0|  0|   21|          14|          14|
    |add_ln813_1393_fu_88522_p2   |         +|   0|  0|   15|           8|           8|
    |add_ln813_1394_fu_98563_p2   |         +|   0|  0|   16|          14|          14|
    |add_ln813_1395_fu_98568_p2   |         +|   0|  0|   16|          14|          14|
    |add_ln813_1396_fu_98577_p2   |         +|   0|  0|   19|          12|          12|
    |add_ln813_1397_fu_98587_p2   |         +|   0|  0|   16|          15|          15|
    |add_ln813_1398_fu_98593_p2   |         +|   0|  0|   17|          10|          10|
    |add_ln813_1399_fu_98603_p2   |         +|   0|  0|   16|           9|           9|
    |add_ln813_1400_fu_98612_p2   |         +|   0|  0|   17|          10|          10|
    |add_ln813_1401_fu_98622_p2   |         +|   0|  0|   18|          11|          11|
    |add_ln813_1402_fu_98632_p2   |         +|   0|  0|   16|          15|          15|
    |add_ln813_1403_fu_98638_p2   |         +|   0|  0|   16|          15|          15|
    |add_ln813_1404_fu_98644_p2   |         +|   0|  0|   16|           9|           9|
    |add_ln813_1405_fu_98654_p2   |         +|   0|  0|   16|          15|          15|
    |add_ln813_1406_fu_88528_p2   |         +|   0|  0|   17|          10|          10|
    |add_ln813_1407_fu_88538_p2   |         +|   0|  0|   16|           9|           9|
    |add_ln813_1408_fu_88548_p2   |         +|   0|  0|   18|          11|          11|
    |add_ln813_1409_fu_88554_p2   |         +|   0|  0|   17|          11|          11|
    |add_ln813_1410_fu_88560_p2   |         +|   0|  0|   16|           9|           9|
    |add_ln813_1411_fu_88570_p2   |         +|   0|  0|   17|          11|          11|
    |add_ln813_1412_fu_88576_p2   |         +|   0|  0|   15|           8|           8|
    |add_ln813_1413_fu_88586_p2   |         +|   0|  0|   13|           6|           6|
    |add_ln813_1414_fu_88596_p2   |         +|   0|  0|   16|           9|           9|
    |add_ln813_1415_fu_98670_p2   |         +|   0|  0|   19|          12|          12|
    |add_ln813_1416_fu_98680_p2   |         +|   0|  0|   20|          13|          13|
    |add_ln813_1417_fu_98690_p2   |         +|   0|  0|   17|          10|          10|
    |add_ln813_1418_fu_98700_p2   |         +|   0|  0|   18|          11|          11|
    |add_ln813_1419_fu_98710_p2   |         +|   0|  0|   16|          14|          14|
    |add_ln813_1420_fu_88602_p2   |         +|   0|  0|   16|           9|           9|
    |add_ln813_1421_fu_98719_p2   |         +|   0|  0|   15|           8|           8|
    |add_ln813_1422_fu_98729_p2   |         +|   0|  0|   16|           9|           9|
    |add_ln813_1423_fu_98739_p2   |         +|   0|  0|   17|          10|          10|
    |add_ln813_1424_fu_98749_p2   |         +|   0|  0|   16|          14|          14|
    |add_ln813_1425_fu_98755_p2   |         +|   0|  0|   16|          14|          14|
    |add_ln813_1426_fu_98761_p2   |         +|   0|  0|   14|           7|           7|
    |add_ln813_1427_fu_98771_p2   |         +|   0|  0|   16|          14|          14|
    |add_ln813_1428_fu_88608_p2   |         +|   0|  0|   20|          13|          13|
    |add_ln813_1429_fu_88614_p2   |         +|   0|  0|   17|          10|          10|
    |add_ln813_1430_fu_88624_p2   |         +|   0|  0|   17|          13|          13|
    |add_ln813_1431_fu_88630_p2   |         +|   0|  0|   16|           9|           9|
    |add_ln813_1432_fu_88640_p2   |         +|   0|  0|   17|          10|          10|
    |add_ln813_1433_fu_88650_p2   |         +|   0|  0|   17|          13|          13|
    |add_ln813_1434_fu_98784_p2   |         +|   0|  0|   21|          14|          14|
    |add_ln813_1435_fu_98790_p2   |         +|   0|  0|   17|          10|          10|
    |add_ln813_1436_fu_98800_p2   |         +|   0|  0|   18|          11|          11|
    |add_ln813_1437_fu_98810_p2   |         +|   0|  0|   16|          14|          14|
    |add_ln813_1438_fu_98816_p2   |         +|   0|  0|   18|           9|           9|
    |add_ln813_1439_fu_98822_p2   |         +|   0|  0|   13|           6|           6|
    |add_ln813_1440_fu_98832_p2   |         +|   0|  0|   15|           8|           8|
    |add_ln813_1441_fu_98842_p2   |         +|   0|  0|   18|           9|           9|
    |add_ln813_1442_fu_98852_p2   |         +|   0|  0|   16|          14|          14|
    |add_ln813_1443_fu_98862_p2   |         +|   0|  0|   16|          15|          15|
    |add_ln813_1444_fu_98868_p2   |         +|   0|  0|   20|          13|          13|
    |add_ln813_1445_fu_98878_p2   |         +|   0|  0|   16|          15|          15|
    |add_ln813_1446_fu_88656_p2   |         +|   0|  0|   19|          12|          12|
    |add_ln813_1447_fu_88666_p2   |         +|   0|  0|   17|          13|          13|
    |add_ln813_1448_fu_88672_p2   |         +|   0|  0|   15|           8|           8|
    |add_ln813_1449_fu_88682_p2   |         +|   0|  0|   19|          12|          12|
    |add_ln813_1450_fu_88692_p2   |         +|   0|  0|   17|          13|          13|
    |add_ln813_1451_fu_88702_p2   |         +|   0|  0|   21|          14|          14|
    |add_ln813_1452_fu_98891_p2   |         +|   0|  0|   22|          15|          15|
    |add_ln813_1453_fu_98897_p2   |         +|   0|  0|   17|          10|          10|
    |add_ln813_1454_fu_98907_p2   |         +|   0|  0|   16|          15|          15|
    |add_ln813_1455_fu_98913_p2   |         +|   0|  0|   18|           9|           9|
    |add_ln813_1456_fu_88708_p2   |         +|   0|  0|   14|           7|           7|
    |add_ln813_1457_fu_98922_p2   |         +|   0|  0|   18|           9|           9|
    |add_ln813_1458_fu_98932_p2   |         +|   0|  0|   16|          15|          15|
    |add_ln813_1459_fu_88714_p2   |         +|   0|  0|   14|           7|           7|
    |add_ln813_1460_fu_88724_p2   |         +|   0|  0|   19|           8|           8|
    |add_ln813_1461_fu_88730_p2   |         +|   0|  0|   19|           8|           8|
    |add_ln813_1462_fu_98945_p2   |         +|   0|  0|   19|          12|          12|
    |add_ln813_1463_fu_98955_p2   |         +|   0|  0|   20|          13|          13|
    |add_ln813_1464_fu_98961_p2   |         +|   0|  0|   17|          13|          13|
    |add_ln813_1465_fu_98967_p2   |         +|   0|  0|   17|          10|          10|
    |add_ln813_1466_fu_98977_p2   |         +|   0|  0|   17|          13|          13|
    |add_ln813_1467_fu_98987_p2   |         +|   0|  0|   16|          14|          14|
    |add_ln813_1468_fu_98993_p2   |         +|   0|  0|   15|           8|           8|
    |add_ln813_1469_fu_99003_p2   |         +|   0|  0|   18|          11|          11|
    |add_ln813_1470_fu_99013_p2   |         +|   0|  0|   16|          14|          14|
    |add_ln813_1471_fu_88736_p2   |         +|   0|  0|   17|          10|          10|
    |add_ln813_1472_fu_88746_p2   |         +|   0|  0|   20|          13|          13|
    |add_ln813_1473_fu_88756_p2   |         +|   0|  0|   20|          13|          13|
    |add_ln813_1474_fu_88766_p2   |         +|   0|  0|   21|          14|          14|
    |add_ln813_1475_fu_88772_p2   |         +|   0|  0|   16|           9|           9|
    |add_ln813_1476_fu_88782_p2   |         +|   0|  0|   17|          10|          10|
    |add_ln813_1477_fu_88792_p2   |         +|   0|  0|   16|          14|          14|
    |add_ln813_1478_fu_88798_p2   |         +|   0|  0|   16|          14|          14|
    |add_ln813_1479_fu_99023_p2   |         +|   0|  0|   17|          10|          10|
    |add_ln813_1480_fu_99033_p2   |         +|   0|  0|   18|          11|          11|
    |add_ln813_1481_fu_99043_p2   |         +|   0|  0|   16|          14|          14|
    |add_ln813_1482_fu_99048_p2   |         +|   0|  0|   14|           7|           7|
    |add_ln813_1483_fu_99058_p2   |         +|   0|  0|   15|           8|           8|
    |add_ln813_1484_fu_99068_p2   |         +|   0|  0|   14|           7|           7|
    |add_ln813_1485_fu_99078_p2   |         +|   0|  0|   15|           8|           8|
    |add_ln813_1486_fu_99088_p2   |         +|   0|  0|   17|          10|          10|
    |add_ln813_1487_fu_99098_p2   |         +|   0|  0|   16|          14|          14|
    |add_ln813_1488_fu_88804_p2   |         +|   0|  0|   17|          11|          11|
    |add_ln813_1489_fu_88810_p2   |         +|   0|  0|   17|          11|          11|
    |add_ln813_1490_fu_88820_p2   |         +|   0|  0|   19|          12|          12|
    |add_ln813_1491_fu_88830_p2   |         +|   0|  0|   17|          13|          13|
    |add_ln813_1492_fu_88836_p2   |         +|   0|  0|   17|          10|          10|
    |add_ln813_1493_fu_88846_p2   |         +|   0|  0|   16|           9|           9|
    |add_ln813_1494_fu_88856_p2   |         +|   0|  0|   18|          11|          11|
    |add_ln813_1495_fu_88866_p2   |         +|   0|  0|   17|          13|          13|
    |add_ln813_1496_fu_99111_p2   |         +|   0|  0|   18|          11|          11|
    |add_ln813_1497_fu_99121_p2   |         +|   0|  0|   16|          14|          14|
    |add_ln813_1498_fu_99127_p2   |         +|   0|  0|   16|           9|           9|
    |add_ln813_1499_fu_99137_p2   |         +|   0|  0|   14|           7|           7|
    |add_ln813_1500_fu_99147_p2   |         +|   0|  0|   17|          10|          10|
    |add_ln813_1501_fu_99157_p2   |         +|   0|  0|   16|          14|          14|
    |add_ln813_1502_fu_88872_p2   |         +|   0|  0|   13|           6|           6|
    |add_ln813_1503_fu_88882_p2   |         +|   0|  0|   18|          11|          11|
    |add_ln813_1504_fu_88888_p2   |         +|   0|  0|   17|          11|          11|
    |add_ln813_1505_fu_88894_p2   |         +|   0|  0|   14|           7|           7|
    |add_ln813_1506_fu_88904_p2   |         +|   0|  0|   16|           9|           9|
    |add_ln813_1507_fu_88914_p2   |         +|   0|  0|   17|          11|          11|
    |add_ln813_1508_fu_99170_p2   |         +|   0|  0|   17|          12|          12|
    |add_ln813_1509_fu_88920_p2   |         +|   0|  0|   17|          10|          10|
    |add_ln813_1510_fu_99179_p2   |         +|   0|  0|   17|          12|          12|
    |add_ln813_1511_fu_99189_p2   |         +|   0|  0|   16|           9|           9|
    |add_ln813_1512_fu_99198_p2   |         +|   0|  0|   15|           8|           8|
    |add_ln813_1513_fu_99207_p2   |         +|   0|  0|   17|          10|          10|
    |add_ln813_1514_fu_99217_p2   |         +|   0|  0|   18|          11|          11|
    |add_ln813_1515_fu_99227_p2   |         +|   0|  0|   17|          13|          13|
    |add_ln813_1516_fu_99233_p2   |         +|   0|  0|   16|           9|           9|
    |add_ln813_1517_fu_99243_p2   |         +|   0|  0|   17|          13|          13|
    |add_ln813_1518_fu_88926_p2   |         +|   0|  0|   16|           9|           9|
    |add_ln813_1519_fu_88936_p2   |         +|   0|  0|   17|          13|          13|
    |add_ln813_1520_fu_88942_p2   |         +|   0|  0|   17|          13|          13|
    |add_ln813_1521_fu_88948_p2   |         +|   0|  0|   17|          10|          10|
    |add_ln813_1522_fu_88958_p2   |         +|   0|  0|   18|          11|          11|
    |add_ln813_1523_fu_99256_p2   |         +|   0|  0|   17|          13|          13|
    |add_ln813_1524_fu_99261_p2   |         +|   0|  0|   16|           9|           9|
    |add_ln813_1525_fu_88964_p2   |         +|   0|  0|   14|           7|           7|
    |add_ln813_1526_fu_88974_p2   |         +|   0|  0|   15|           8|           8|
    |add_ln813_1527_fu_99274_p2   |         +|   0|  0|   17|          10|          10|
    |add_ln813_1528_fu_99284_p2   |         +|   0|  0|   17|          13|          13|
    |add_ln813_1529_fu_99294_p2   |         +|   0|  0|   20|          13|          13|
    |add_ln813_1530_fu_99304_p2   |         +|   0|  0|   16|          14|          14|
    |add_ln813_1531_fu_99310_p2   |         +|   0|  0|   14|           7|           7|
    |add_ln813_1532_fu_99320_p2   |         +|   0|  0|   16|           9|           9|
    |add_ln813_1533_fu_99330_p2   |         +|   0|  0|   16|          14|          14|
    |add_ln813_1534_fu_88980_p2   |         +|   0|  0|   17|          10|          10|
    |add_ln813_1535_fu_88990_p2   |         +|   0|  0|   17|          13|          13|
    |add_ln813_1536_fu_88996_p2   |         +|   0|  0|   15|           8|           8|
    |add_ln813_1537_fu_89006_p2   |         +|   0|  0|   17|          10|          10|
    |add_ln813_1538_fu_89016_p2   |         +|   0|  0|   17|          13|          13|
    |add_ln813_1539_fu_99343_p2   |         +|   0|  0|   21|          14|          14|
    |add_ln813_1540_fu_89022_p2   |         +|   0|  0|   15|           8|           8|
    |add_ln813_1541_fu_99352_p2   |         +|   0|  0|   16|          14|          14|
    |add_ln813_1542_fu_99358_p2   |         +|   0|  0|   16|          14|          14|
    |add_ln813_1543_fu_99368_p2   |         +|   0|  0|   19|          12|          12|
    |add_ln813_1544_fu_99378_p2   |         +|   0|  0|   16|          15|          15|
    |add_ln813_1545_fu_99384_p2   |         +|   0|  0|   18|          10|          10|
    |add_ln813_1546_fu_99390_p2   |         +|   0|  0|   15|           8|           8|
    |add_ln813_1547_fu_99400_p2   |         +|   0|  0|   18|          10|          10|
    |add_ln813_1548_fu_99410_p2   |         +|   0|  0|   16|          15|          15|
    |add_ln813_1549_fu_89028_p2   |         +|   0|  0|   15|           8|           8|
    |add_ln813_1550_fu_89038_p2   |         +|   0|  0|   18|          10|          10|
    |add_ln813_1551_fu_89044_p2   |         +|   0|  0|   18|          10|          10|
    |add_ln813_1552_fu_89054_p2   |         +|   0|  0|   20|          13|          13|
    |add_ln813_1553_fu_89060_p2   |         +|   0|  0|   17|          13|          13|
    |add_ln813_1554_fu_89066_p2   |         +|   0|  0|   18|          10|          10|
    |add_ln813_1555_fu_89072_p2   |         +|   0|  0|   16|           9|           9|
    |add_ln813_1556_fu_89082_p2   |         +|   0|  0|   18|          10|          10|
    |add_ln813_1557_fu_89092_p2   |         +|   0|  0|   17|          13|          13|
    |add_ln813_1558_fu_99420_p2   |         +|   0|  0|   17|          13|          13|
    |add_ln813_1559_fu_99425_p2   |         +|   0|  0|   17|          10|          10|
    |add_ln813_1560_fu_99435_p2   |         +|   0|  0|   17|          13|          13|
    |add_ln813_1561_fu_99445_p2   |         +|   0|  0|   16|           9|           9|
    |add_ln813_1562_fu_99455_p2   |         +|   0|  0|   14|           7|           7|
    |add_ln813_1563_fu_99465_p2   |         +|   0|  0|   15|           8|           8|
    |add_ln813_1564_fu_99475_p2   |         +|   0|  0|   17|          10|          10|
    |add_ln813_1565_fu_99485_p2   |         +|   0|  0|   16|          14|          14|
    |add_ln813_1566_fu_99491_p2   |         +|   0|  0|   20|          13|          13|
    |add_ln813_1567_fu_99501_p2   |         +|   0|  0|   16|          14|          14|
    |add_ln813_1568_fu_89098_p2   |         +|   0|  0|   20|          13|          13|
    |add_ln813_1569_fu_89108_p2   |         +|   0|  0|   16|          14|          14|
    |add_ln813_1570_fu_89114_p2   |         +|   0|  0|   20|          13|          13|
    |add_ln813_1571_fu_89124_p2   |         +|   0|  0|   16|          14|          14|
    |add_ln813_1572_fu_89134_p2   |         +|   0|  0|   16|          15|          15|
    |add_ln813_1573_fu_89140_p2   |         +|   0|  0|   16|           9|           9|
    |add_ln813_1574_fu_89150_p2   |         +|   0|  0|   16|          15|          15|
    |add_ln813_1575_fu_89156_p2   |         +|   0|  0|   15|           8|           8|
    |add_ln813_1576_fu_89166_p2   |         +|   0|  0|   15|           8|           8|
    |add_ln813_1577_fu_89176_p2   |         +|   0|  0|   16|           9|           9|
    |add_ln813_1578_fu_89186_p2   |         +|   0|  0|   16|          15|          15|
    |add_ln813_1579_fu_89192_p2   |         +|   0|  0|   16|          15|          15|
    |add_ln813_1580_fu_99511_p2   |         +|   0|  0|   20|          13|          13|
    |add_ln813_1581_fu_99521_p2   |         +|   0|  0|   21|          14|          14|
    |add_ln813_1582_fu_99531_p2   |         +|   0|  0|   16|          15|          15|
    |add_ln813_1583_fu_99536_p2   |         +|   0|  0|   17|          10|          10|
    |add_ln813_1584_fu_99546_p2   |         +|   0|  0|   17|          11|          11|
    |add_ln813_1585_fu_99552_p2   |         +|   0|  0|   14|           7|           7|
    |add_ln813_1586_fu_99562_p2   |         +|   0|  0|   15|           8|           8|
    |add_ln813_1587_fu_99572_p2   |         +|   0|  0|   17|          11|          11|
    |add_ln813_1588_fu_99582_p2   |         +|   0|  0|   16|          15|          15|
    |add_ln813_1589_fu_89198_p2   |         +|   0|  0|   15|           8|           8|
    |add_ln813_1590_fu_89208_p2   |         +|   0|  0|   20|          13|          13|
    |add_ln813_1591_fu_89218_p2   |         +|   0|  0|   21|          14|          14|
    |add_ln813_1592_fu_89224_p2   |         +|   0|  0|   14|           7|           7|
    |add_ln813_1593_fu_89234_p2   |         +|   0|  0|   15|           8|           8|
    |add_ln813_1594_fu_89244_p2   |         +|   0|  0|   16|          14|          14|
    |add_ln813_1595_fu_89250_p2   |         +|   0|  0|   16|          14|          14|
    |add_ln813_1596_fu_89256_p2   |         +|   0|  0|   18|          11|          11|
    |add_ln813_1597_fu_89266_p2   |         +|   0|  0|   19|          12|          12|
    |add_ln813_1598_fu_99595_p2   |         +|   0|  0|   16|          14|          14|
    |add_ln813_1599_fu_89272_p2   |         +|   0|  0|   17|          10|          10|
    |add_ln813_1600_fu_89282_p2   |         +|   0|  0|   15|           8|           8|
    |add_ln813_1601_fu_89292_p2   |         +|   0|  0|   16|           9|           9|
    |add_ln813_1602_fu_89302_p2   |         +|   0|  0|   18|          11|          11|
    |add_ln813_1603_fu_99603_p2   |         +|   0|  0|   16|          14|          14|
    |add_ln813_1604_fu_99613_p2   |         +|   0|  0|   22|          15|          15|
    |add_ln813_1605_fu_99619_p2   |         +|   0|  0|   20|          13|          13|
    |add_ln813_1606_fu_99629_p2   |         +|   0|  0|   16|          15|          15|
    |add_ln813_1607_fu_99635_p2   |         +|   0|  0|   17|          10|          10|
    |add_ln813_1608_fu_99645_p2   |         +|   0|  0|   15|           8|           8|
    |add_ln813_1609_fu_99655_p2   |         +|   0|  0|   17|          10|          10|
    |add_ln813_1610_fu_99665_p2   |         +|   0|  0|   18|          11|          11|
    |add_ln813_1611_fu_99675_p2   |         +|   0|  0|   16|          15|          15|
    |add_ln813_1612_fu_89308_p2   |         +|   0|  0|   16|           9|           9|
    |add_ln813_1613_fu_89318_p2   |         +|   0|  0|   15|           8|           8|
    |add_ln813_1614_fu_89328_p2   |         +|   0|  0|   17|          10|          10|
    |add_ln813_1615_fu_89338_p2   |         +|   0|  0|   17|          13|          13|
    |add_ln813_1616_fu_89344_p2   |         +|   0|  0|   16|           9|           9|
    |add_ln813_1617_fu_89354_p2   |         +|   0|  0|   18|          11|          11|
    |add_ln813_1618_fu_89364_p2   |         +|   0|  0|   17|          13|          13|
    |add_ln813_1619_fu_89374_p2   |         +|   0|  0|   19|          12|          12|
    |add_ln813_1620_fu_89384_p2   |         +|   0|  0|   21|          14|          14|
    |add_ln813_1621_fu_89390_p2   |         +|   0|  0|   17|          13|          13|
    |add_ln813_1622_fu_89396_p2   |         +|   0|  0|   16|           9|           9|
    |add_ln813_1623_fu_89406_p2   |         +|   0|  0|   17|          13|          13|
    |add_ln813_1624_fu_99691_p2   |         +|   0|  0|   16|          15|          15|
    |add_ln813_1625_fu_99697_p2   |         +|   0|  0|   16|          15|          15|
    |add_ln813_1626_fu_99703_p2   |         +|   0|  0|   17|          10|          10|
    |add_ln813_1627_fu_99713_p2   |         +|   0|  0|   18|          11|          11|
    |add_ln813_1628_fu_99723_p2   |         +|   0|  0|   16|          15|          15|
    |add_ln813_1629_fu_99729_p2   |         +|   0|  0|   15|           8|           8|
    |add_ln813_1630_fu_99739_p2   |         +|   0|  0|   16|           9|           9|
    |add_ln813_1631_fu_99749_p2   |         +|   0|  0|   14|           7|           7|
    |add_ln813_1632_fu_99759_p2   |         +|   0|  0|   15|           8|           8|
    |add_ln813_1633_fu_99769_p2   |         +|   0|  0|   17|          10|          10|
    |add_ln813_1634_fu_99779_p2   |         +|   0|  0|   16|          15|          15|
    |add_ln813_1635_fu_89412_p2   |         +|   0|  0|   19|          12|          12|
    |add_ln813_1636_fu_89422_p2   |         +|   0|  0|   18|          11|          11|
    |add_ln813_1637_fu_89432_p2   |         +|   0|  0|   21|          14|          14|
    |add_ln813_1638_fu_89438_p2   |         +|   0|  0|   14|           7|           7|
    |add_ln813_1639_fu_89448_p2   |         +|   0|  0|   16|           9|           9|
    |add_ln813_1640_fu_99792_p2   |         +|   0|  0|   16|          14|          14|
    |add_ln813_1641_fu_99797_p2   |         +|   0|  0|   16|          14|          14|
    |add_ln813_1642_fu_99803_p2   |         +|   0|  0|   17|          10|          10|
    |add_ln813_1643_fu_99813_p2   |         +|   0|  0|   18|          11|          11|
    |add_ln813_1644_fu_99823_p2   |         +|   0|  0|   16|          14|          14|
    |add_ln813_1645_fu_99829_p2   |         +|   0|  0|   16|           9|           9|
    |add_ln813_1646_fu_99839_p2   |         +|   0|  0|   14|           7|           7|
    |add_ln813_1647_fu_99848_p2   |         +|   0|  0|   15|           8|           8|
    |add_ln813_1648_fu_99858_p2   |         +|   0|  0|   17|          10|          10|
    |add_ln813_1649_fu_99868_p2   |         +|   0|  0|   16|          14|          14|
    |add_ln813_1650_fu_89454_p2   |         +|   0|  0|   16|           9|           9|
    |add_ln813_1651_fu_89464_p2   |         +|   0|  0|   19|          12|          12|
    |add_ln813_1652_fu_89474_p2   |         +|   0|  0|   20|          13|          13|
    |add_ln813_1653_fu_89484_p2   |         +|   0|  0|   21|          14|          14|
    |add_ln813_1654_fu_89490_p2   |         +|   0|  0|   16|           9|           9|
    |add_ln813_1655_fu_99881_p2   |         +|   0|  0|   16|          14|          14|
    |add_ln813_1656_fu_99886_p2   |         +|   0|  0|   16|          14|          14|
    |add_ln813_1657_fu_99896_p2   |         +|   0|  0|   17|          10|          10|
    |add_ln813_1658_fu_99906_p2   |         +|   0|  0|   20|          13|          13|
    |add_ln813_1659_fu_99916_p2   |         +|   0|  0|   16|          15|          15|
    |add_ln813_1660_fu_99922_p2   |         +|   0|  0|   16|           9|           9|
    |add_ln813_1661_fu_99932_p2   |         +|   0|  0|   14|           7|           7|
    |add_ln813_1662_fu_99941_p2   |         +|   0|  0|   16|           9|           9|
    |add_ln813_1663_fu_99951_p2   |         +|   0|  0|   17|          10|          10|
    |add_ln813_1664_fu_99961_p2   |         +|   0|  0|   16|          15|          15|
    |add_ln813_1665_fu_99967_p2   |         +|   0|  0|   16|          15|          15|
    |add_ln813_1666_fu_99973_p2   |         +|   0|  0|   16|           9|           9|
    |add_ln813_1667_fu_99983_p2   |         +|   0|  0|   17|          10|          10|
    |add_ln813_1668_fu_99993_p2   |         +|   0|  0|   16|          15|          15|
    |add_ln813_1669_fu_89496_p2   |         +|   0|  0|   19|          12|          12|
    |add_ln813_1670_fu_89506_p2   |         +|   0|  0|   20|          13|          13|
    |add_ln813_1671_fu_89516_p2   |         +|   0|  0|   21|          14|          14|
    |add_ln813_1672_fu_89522_p2   |         +|   0|  0|   15|           8|           8|
    |add_ln813_1673_fu_100006_p2  |         +|   0|  0|   16|          14|          14|
    |add_ln813_1674_fu_100011_p2  |         +|   0|  0|   16|          14|          14|
    |add_ln813_1675_fu_100017_p2  |         +|   0|  0|   16|           9|           9|
    |add_ln813_1676_fu_100027_p2  |         +|   0|  0|   18|          11|          11|
    |add_ln813_1677_fu_100037_p2  |         +|   0|  0|   16|          14|          14|
    |add_ln813_1678_fu_100043_p2  |         +|   0|  0|   16|           9|           9|
    |add_ln813_1679_fu_100053_p2  |         +|   0|  0|   15|           8|           8|
    |add_ln813_1680_fu_100062_p2  |         +|   0|  0|   16|           9|           9|
    |add_ln813_1681_fu_100072_p2  |         +|   0|  0|   17|          10|          10|
    |add_ln813_1682_fu_100082_p2  |         +|   0|  0|   16|          14|          14|
    |add_ln813_1683_fu_89528_p2   |         +|   0|  0|   14|           7|           7|
    |add_ln813_1684_fu_89538_p2   |         +|   0|  0|   17|          10|          10|
    |add_ln813_1685_fu_89548_p2   |         +|   0|  0|   19|          12|          12|
    |add_ln813_1686_fu_89558_p2   |         +|   0|  0|   20|          13|          13|
    |add_ln813_1687_fu_89564_p2   |         +|   0|  0|   17|          13|          13|
    |add_ln813_1688_fu_89570_p2   |         +|   0|  0|   16|           9|           9|
    |add_ln813_1689_fu_89580_p2   |         +|   0|  0|   17|          10|          10|
    |add_ln813_1690_fu_89590_p2   |         +|   0|  0|   17|          13|          13|
    |add_ln813_1691_fu_100095_p2  |         +|   0|  0|   19|          12|          12|
    |add_ln813_1692_fu_100105_p2  |         +|   0|  0|   21|          14|          14|
    |add_ln813_1693_fu_100115_p2  |         +|   0|  0|   19|          12|          12|
    |add_ln813_1694_fu_100125_p2  |         +|   0|  0|   16|           9|           9|
    |add_ln813_1695_fu_100135_p2  |         +|   0|  0|   21|          14|          14|
    |add_ln813_1696_fu_100145_p2  |         +|   0|  0|   16|          15|          15|
    |add_ln813_1697_fu_100151_p2  |         +|   0|  0|   17|          10|          10|
    |add_ln813_1698_fu_100161_p2  |         +|   0|  0|   16|          15|          15|
    |add_ln813_1699_fu_89596_p2   |         +|   0|  0|   19|          12|          12|
    |add_ln813_1700_fu_89606_p2   |         +|   0|  0|   20|          13|          13|
    |add_ln813_1701_fu_89616_p2   |         +|   0|  0|   21|          14|          14|
    |add_ln813_1702_fu_89622_p2   |         +|   0|  0|   15|           8|           8|
    |add_ln813_1703_fu_89632_p2   |         +|   0|  0|   16|           9|           9|
    |add_ln813_1704_fu_100174_p2  |         +|   0|  0|   16|          14|          14|
    |add_ln813_1705_fu_100179_p2  |         +|   0|  0|   16|          14|          14|
    |add_ln813_1706_fu_100189_p2  |         +|   0|  0|   17|          10|          10|
    |add_ln813_1707_fu_100199_p2  |         +|   0|  0|   20|          13|          13|
    |add_ln813_1708_fu_100209_p2  |         +|   0|  0|   16|          15|          15|
    |add_ln813_1709_fu_89638_p2   |         +|   0|  0|   17|          10|          10|
    |add_ln813_1710_fu_89648_p2   |         +|   0|  0|   15|           8|           8|
    |add_ln813_1711_fu_89658_p2   |         +|   0|  0|   16|           9|           9|
    |add_ln813_1712_fu_89668_p2   |         +|   0|  0|   18|          11|          11|
    |add_ln813_1713_fu_100218_p2  |         +|   0|  0|   16|          15|          15|
    |add_ln813_1714_fu_100224_p2  |         +|   0|  0|   19|          12|          12|
    |add_ln813_1715_fu_100234_p2  |         +|   0|  0|   16|          15|          15|
    |add_ln813_1716_fu_100240_p2  |         +|   0|  0|   18|          10|          10|
    |add_ln813_1717_fu_100246_p2  |         +|   0|  0|   15|           8|           8|
    |add_ln813_1718_fu_100256_p2  |         +|   0|  0|   18|          10|          10|
    |add_ln813_1719_fu_100266_p2  |         +|   0|  0|   16|          15|          15|
    |add_ln813_1720_fu_89674_p2   |         +|   0|  0|   16|           9|           9|
    |add_ln813_1721_fu_89684_p2   |         +|   0|  0|   18|          10|          10|
    |add_ln813_1722_fu_89690_p2   |         +|   0|  0|   14|           7|           7|
    |add_ln813_1723_fu_89700_p2   |         +|   0|  0|   15|           8|           8|
    |add_ln813_1724_fu_89710_p2   |         +|   0|  0|   18|          10|          10|
    |add_ln813_1725_fu_89720_p2   |         +|   0|  0|   17|          13|          13|
    |add_ln813_1726_fu_89726_p2   |         +|   0|  0|   17|          10|          10|
    |add_ln813_1727_fu_89736_p2   |         +|   0|  0|   17|          13|          13|
    |add_ln813_1728_fu_100279_p2  |         +|   0|  0|   16|          14|          14|
    |add_ln813_1729_fu_100285_p2  |         +|   0|  0|   20|          13|          13|
    |add_ln813_1730_fu_100295_p2  |         +|   0|  0|   16|          14|          14|
    |add_ln813_1731_fu_100305_p2  |         +|   0|  0|   17|          10|          10|
    |add_ln813_1732_fu_100315_p2  |         +|   0|  0|   16|           9|           9|
    |add_ln813_1733_fu_100325_p2  |         +|   0|  0|   17|          10|          10|
    |add_ln813_1734_fu_100334_p2  |         +|   0|  0|   18|          11|          11|
    |add_ln813_1735_fu_100344_p2  |         +|   0|  0|   16|          15|          15|
    |add_ln813_1736_fu_100350_p2  |         +|   0|  0|   16|          15|          15|
    |add_ln813_1737_fu_89742_p2   |         +|   0|  0|   17|          10|          10|
    |add_ln813_1738_fu_89752_p2   |         +|   0|  0|   18|          11|          11|
    |add_ln813_1739_fu_89762_p2   |         +|   0|  0|   15|           8|           8|
    |add_ln813_1740_fu_89772_p2   |         +|   0|  0|   19|          12|          12|
    |add_ln813_1741_fu_89782_p2   |         +|   0|  0|   17|          13|          13|
    |add_ln813_1742_fu_89788_p2   |         +|   0|  0|   16|           9|           9|
    |add_ln813_1743_fu_89798_p2   |         +|   0|  0|   17|          13|          13|
    |add_ln813_1744_fu_100363_p2  |         +|   0|  0|   19|          12|          12|
    |add_ln813_1745_fu_100373_p2  |         +|   0|  0|   21|          14|          14|
    |add_ln813_1746_fu_100379_p2  |         +|   0|  0|   16|           9|           9|
    |add_ln813_1747_fu_100389_p2  |         +|   0|  0|   18|          11|          11|
    |add_ln813_1748_fu_100399_p2  |         +|   0|  0|   16|          14|          14|
    |add_ln813_1749_fu_100405_p2  |         +|   0|  0|   16|           9|           9|
    |add_ln813_1750_fu_100414_p2  |         +|   0|  0|   17|          10|          10|
    |add_ln813_1751_fu_100424_p2  |         +|   0|  0|   14|           7|           7|
    |add_ln813_1752_fu_100434_p2  |         +|   0|  0|   16|           9|           9|
    |add_ln813_1753_fu_100444_p2  |         +|   0|  0|   18|          11|          11|
    |add_ln813_1754_fu_100454_p2  |         +|   0|  0|   16|          14|          14|
    |add_ln813_638_fu_85620_p2    |         +|   0|  0|   15|           8|           8|
    |add_ln813_639_fu_85630_p2    |         +|   0|  0|   19|          12|          12|
    |add_ln813_640_fu_85640_p2    |         +|   0|  0|   20|          13|          13|
    |add_ln813_641_fu_85646_p2    |         +|   0|  0|   17|          10|          10|
    |add_ln813_642_fu_85656_p2    |         +|   0|  0|   17|          13|          13|
    |add_ln813_643_fu_85662_p2    |         +|   0|  0|   15|           8|           8|
    |add_ln813_644_fu_85672_p2    |         +|   0|  0|   16|           9|           9|
    |add_ln813_645_fu_85682_p2    |         +|   0|  0|   17|          13|          13|
    |add_ln813_646_fu_94822_p2    |         +|   0|  0|   19|          12|          12|
    |add_ln813_647_fu_94832_p2    |         +|   0|  0|   16|          14|          14|
    |add_ln813_648_fu_94838_p2    |         +|   0|  0|   17|          11|          11|
    |add_ln813_649_fu_94844_p2    |         +|   0|  0|   17|          10|          10|
    |add_ln813_650_fu_94854_p2    |         +|   0|  0|   17|          11|          11|
    |add_ln813_651_fu_94864_p2    |         +|   0|  0|   16|          14|          14|
    |add_ln813_652_fu_94874_p2    |         +|   0|  0|   16|          15|          15|
    |add_ln813_653_fu_94880_p2    |         +|   0|  0|   20|          13|          13|
    |add_ln813_654_fu_94890_p2    |         +|   0|  0|   16|          15|          15|
    |add_ln813_655_fu_85688_p2    |         +|   0|  0|   16|           9|           9|
    |add_ln813_656_fu_85698_p2    |         +|   0|  0|   20|          13|          13|
    |add_ln813_657_fu_85708_p2    |         +|   0|  0|   21|          14|          14|
    |add_ln813_658_fu_85714_p2    |         +|   0|  0|   16|           9|           9|
    |add_ln813_659_fu_85724_p2    |         +|   0|  0|   17|          10|          10|
    |add_ln813_660_fu_85734_p2    |         +|   0|  0|   16|          14|          14|
    |add_ln813_661_fu_85740_p2    |         +|   0|  0|   16|          14|          14|
    |add_ln813_662_fu_94900_p2    |         +|   0|  0|   17|          10|          10|
    |add_ln813_663_fu_94910_p2    |         +|   0|  0|   18|          11|          11|
    |add_ln813_664_fu_94920_p2    |         +|   0|  0|   16|          14|          14|
    |add_ln813_665_fu_94925_p2    |         +|   0|  0|   16|           9|           9|
    |add_ln813_666_fu_94935_p2    |         +|   0|  0|   13|           6|           6|
    |add_ln813_667_fu_94945_p2    |         +|   0|  0|   15|           8|           8|
    |add_ln813_668_fu_94955_p2    |         +|   0|  0|   17|          10|          10|
    |add_ln813_669_fu_94965_p2    |         +|   0|  0|   16|          14|          14|
    |add_ln813_670_fu_85746_p2    |         +|   0|  0|   17|          11|          11|
    |add_ln813_671_fu_85752_p2    |         +|   0|  0|   16|           9|           9|
    |add_ln813_672_fu_85762_p2    |         +|   0|  0|   17|          11|          11|
    |add_ln813_673_fu_85772_p2    |         +|   0|  0|   17|          12|          12|
    |add_ln813_674_fu_85778_p2    |         +|   0|  0|   16|           9|           9|
    |add_ln813_675_fu_85788_p2    |         +|   0|  0|   18|          11|          11|
    |add_ln813_676_fu_85798_p2    |         +|   0|  0|   17|          12|          12|
    |add_ln813_677_fu_85804_p2    |         +|   0|  0|   15|           8|           8|
    |add_ln813_678_fu_85814_p2    |         +|   0|  0|   17|          10|          10|
    |add_ln813_679_fu_85824_p2    |         +|   0|  0|   14|           7|           7|
    |add_ln813_680_fu_85834_p2    |         +|   0|  0|   16|           9|           9|
    |add_ln813_681_fu_85844_p2    |         +|   0|  0|   18|          11|          11|
    |add_ln813_682_fu_94981_p2    |         +|   0|  0|   20|          13|          13|
    |add_ln813_683_fu_94987_p2    |         +|   0|  0|   17|          13|          13|
    |add_ln813_684_fu_94993_p2    |         +|   0|  0|   14|           7|           7|
    |add_ln813_685_fu_95003_p2    |         +|   0|  0|   17|          13|          13|
    |add_ln813_686_fu_85850_p2    |         +|   0|  0|   16|           9|           9|
    |add_ln813_687_fu_85860_p2    |         +|   0|  0|   16|           9|           9|
    |add_ln813_688_fu_85870_p2    |         +|   0|  0|   18|          11|          11|
    |add_ln813_689_fu_85880_p2    |         +|   0|  0|   20|          13|          13|
    |add_ln813_690_fu_85890_p2    |         +|   0|  0|   16|          14|          14|
    |add_ln813_691_fu_85896_p2    |         +|   0|  0|   16|           9|           9|
    |add_ln813_692_fu_85906_p2    |         +|   0|  0|   16|          14|          14|
    |add_ln813_693_fu_95016_p2    |         +|   0|  0|   19|          12|          12|
    |add_ln813_694_fu_95026_p2    |         +|   0|  0|   22|          15|          15|
    |add_ln813_695_fu_95032_p2    |         +|   0|  0|   19|          12|          12|
    |add_ln813_696_fu_95042_p2    |         +|   0|  0|   16|           9|           9|
    |add_ln813_697_fu_95052_p2    |         +|   0|  0|   21|          14|          14|
    |add_ln813_698_fu_95062_p2    |         +|   0|  0|   16|          15|          15|
    |add_ln813_699_fu_95068_p2    |         +|   0|  0|   16|           9|           9|
    |add_ln813_700_fu_95078_p2    |         +|   0|  0|   16|          15|          15|
    |add_ln813_701_fu_85912_p2    |         +|   0|  0|   15|           8|           8|
    |add_ln813_702_fu_85922_p2    |         +|   0|  0|   16|           9|           9|
    |add_ln813_703_fu_85932_p2    |         +|   0|  0|   19|          12|          12|
    |add_ln813_704_fu_85942_p2    |         +|   0|  0|   16|           9|           9|
    |add_ln813_705_fu_85952_p2    |         +|   0|  0|   20|          13|          13|
    |add_ln813_706_fu_95091_p2    |         +|   0|  0|   20|          13|          13|
    |add_ln813_707_fu_95101_p2    |         +|   0|  0|   16|          14|          14|
    |add_ln813_708_fu_85958_p2    |         +|   0|  0|   15|           8|           8|
    |add_ln813_709_fu_85968_p2    |         +|   0|  0|   17|          10|          10|
    |add_ln813_710_fu_95110_p2    |         +|   0|  0|   16|          14|          14|
    |add_ln813_711_fu_95116_p2    |         +|   0|  0|   17|          10|          10|
    |add_ln813_712_fu_95126_p2    |         +|   0|  0|   16|          14|          14|
    |add_ln813_713_fu_95132_p2    |         +|   0|  0|   18|          10|          10|
    |add_ln813_714_fu_95138_p2    |         +|   0|  0|   15|           8|           8|
    |add_ln813_715_fu_95148_p2    |         +|   0|  0|   18|          10|          10|
    |add_ln813_716_fu_95158_p2    |         +|   0|  0|   16|          14|          14|
    |add_ln813_717_fu_85974_p2    |         +|   0|  0|   19|          12|          12|
    |add_ln813_718_fu_85984_p2    |         +|   0|  0|   15|           8|           8|
    |add_ln813_719_fu_85994_p2    |         +|   0|  0|   20|          13|          13|
    |add_ln813_720_fu_86004_p2    |         +|   0|  0|   21|          14|          14|
    |add_ln813_721_fu_86010_p2    |         +|   0|  0|   15|           8|           8|
    |add_ln813_722_fu_86020_p2    |         +|   0|  0|   16|           9|           9|
    |add_ln813_723_fu_95171_p2    |         +|   0|  0|   16|          14|          14|
    |add_ln813_724_fu_95176_p2    |         +|   0|  0|   16|          14|          14|
    |add_ln813_725_fu_95186_p2    |         +|   0|  0|   19|          12|          12|
    |add_ln813_726_fu_95196_p2    |         +|   0|  0|   16|          15|          15|
    |add_ln813_727_fu_95202_p2    |         +|   0|  0|   18|          10|          10|
    |add_ln813_728_fu_95207_p2    |         +|   0|  0|   14|           7|           7|
    |add_ln813_729_fu_95216_p2    |         +|   0|  0|   18|          10|          10|
    |add_ln813_730_fu_95226_p2    |         +|   0|  0|   16|          15|          15|
    |add_ln813_731_fu_95232_p2    |         +|   0|  0|   16|           9|           9|
    |add_ln813_732_fu_95242_p2    |         +|   0|  0|   16|          15|          15|
    |add_ln813_733_fu_95248_p2    |         +|   0|  0|   16|           9|           9|
    |add_ln813_734_fu_95258_p2    |         +|   0|  0|   14|           7|           7|
    |add_ln813_735_fu_95267_p2    |         +|   0|  0|   17|          10|          10|
    |add_ln813_736_fu_95277_p2    |         +|   0|  0|   16|          15|          15|
    |add_ln813_737_fu_86026_p2    |         +|   0|  0|   15|           8|           8|
    |add_ln813_738_fu_86036_p2    |         +|   0|  0|   17|          10|          10|
    |add_ln813_739_fu_86046_p2    |         +|   0|  0|   18|          11|          11|
    |add_ln813_740_fu_86056_p2    |         +|   0|  0|   20|          13|          13|
    |add_ln813_741_fu_86062_p2    |         +|   0|  0|   19|          12|          12|
    |add_ln813_742_fu_95293_p2    |         +|   0|  0|   16|          14|          14|
    |add_ln813_743_fu_86068_p2    |         +|   0|  0|   16|           9|           9|
    |add_ln813_744_fu_86078_p2    |         +|   0|  0|   14|           7|           7|
    |add_ln813_745_fu_86088_p2    |         +|   0|  0|   17|          10|          10|
    |add_ln813_746_fu_95302_p2    |         +|   0|  0|   16|          14|          14|
    |add_ln813_747_fu_95312_p2    |         +|   0|  0|   19|          12|          12|
    |add_ln813_748_fu_95322_p2    |         +|   0|  0|   16|          15|          15|
    |add_ln813_749_fu_95328_p2    |         +|   0|  0|   16|           9|           9|
    |add_ln813_750_fu_95338_p2    |         +|   0|  0|   20|          13|          13|
    |add_ln813_751_fu_95348_p2    |         +|   0|  0|   16|          15|          15|
    |add_ln813_752_fu_95354_p2    |         +|   0|  0|   16|          15|          15|
    |add_ln813_753_fu_95360_p2    |         +|   0|  0|   16|           9|           9|
    |add_ln813_754_fu_95370_p2    |         +|   0|  0|   17|          10|          10|
    |add_ln813_755_fu_95380_p2    |         +|   0|  0|   16|          15|          15|
    |add_ln813_756_fu_86094_p2    |         +|   0|  0|   17|          10|          10|
    |add_ln813_757_fu_86104_p2    |         +|   0|  0|   18|          11|          11|
    |add_ln813_758_fu_86114_p2    |         +|   0|  0|   20|          13|          13|
    |add_ln813_759_fu_86120_p2    |         +|   0|  0|   17|          13|          13|
    |add_ln813_760_fu_86126_p2    |         +|   0|  0|   15|           8|           8|
    |add_ln813_761_fu_86136_p2    |         +|   0|  0|   16|           9|           9|
    |add_ln813_762_fu_86146_p2    |         +|   0|  0|   17|          13|          13|
    |add_ln813_763_fu_95393_p2    |         +|   0|  0|   20|          13|          13|
    |add_ln813_764_fu_95403_p2    |         +|   0|  0|   16|          14|          14|
    |add_ln813_765_fu_95409_p2    |         +|   0|  0|   18|           9|           9|
    |add_ln813_766_fu_95415_p2    |         +|   0|  0|   14|           7|           7|
    |add_ln813_767_fu_95425_p2    |         +|   0|  0|   18|           9|           9|
    |add_ln813_768_fu_95435_p2    |         +|   0|  0|   16|          14|          14|
    |add_ln813_769_fu_86152_p2    |         +|   0|  0|   17|          10|          10|
    |add_ln813_770_fu_86162_p2    |         +|   0|  0|   20|          13|          13|
    |add_ln813_771_fu_86172_p2    |         +|   0|  0|   21|          14|          14|
    |add_ln813_772_fu_86178_p2    |         +|   0|  0|   14|           7|           7|
    |add_ln813_773_fu_86188_p2    |         +|   0|  0|   15|           8|           8|
    |add_ln813_774_fu_86198_p2    |         +|   0|  0|   16|          14|          14|
    |add_ln813_775_fu_86204_p2    |         +|   0|  0|   16|          14|          14|
    |add_ln813_776_fu_95448_p2    |         +|   0|  0|   17|          10|          10|
    |add_ln813_777_fu_95458_p2    |         +|   0|  0|   20|          13|          13|
    |add_ln813_778_fu_95468_p2    |         +|   0|  0|   22|          15|          15|
    |add_ln813_779_fu_86210_p2    |         +|   0|  0|   16|           9|           9|
    |add_ln813_780_fu_86220_p2    |         +|   0|  0|   15|           8|           8|
    |add_ln813_781_fu_86230_p2    |         +|   0|  0|   16|           9|           9|
    |add_ln813_782_fu_86240_p2    |         +|   0|  0|   18|          11|          11|
    |add_ln813_783_fu_95477_p2    |         +|   0|  0|   16|          15|          15|
    |add_ln813_784_fu_95483_p2    |         +|   0|  0|   16|          15|          15|
    |add_ln813_785_fu_95489_p2    |         +|   0|  0|   19|          12|          12|
    |add_ln813_786_fu_95499_p2    |         +|   0|  0|   16|          15|          15|
    |add_ln813_787_fu_95505_p2    |         +|   0|  0|   15|           8|           8|
    |add_ln813_788_fu_95515_p2    |         +|   0|  0|   14|           7|           7|
    |add_ln813_789_fu_95525_p2    |         +|   0|  0|   15|           8|           8|
    |add_ln813_790_fu_95535_p2    |         +|   0|  0|   16|           9|           9|
    |add_ln813_791_fu_95545_p2    |         +|   0|  0|   16|          15|          15|
    |add_ln813_792_fu_86246_p2    |         +|   0|  0|   18|          11|          11|
    |add_ln813_793_fu_86256_p2    |         +|   0|  0|   20|          13|          13|
    |add_ln813_794_fu_86262_p2    |         +|   0|  0|   20|          13|          13|
    |add_ln813_795_fu_95561_p2    |         +|   0|  0|   21|          14|          14|
    |add_ln813_796_fu_95567_p2    |         +|   0|  0|   16|          14|          14|
    |add_ln813_797_fu_95573_p2    |         +|   0|  0|   17|          10|          10|
    |add_ln813_798_fu_95583_p2    |         +|   0|  0|   18|          11|          11|
    |add_ln813_799_fu_95593_p2    |         +|   0|  0|   16|          14|          14|
    |add_ln813_800_fu_95603_p2    |         +|   0|  0|   16|           9|           9|
    |add_ln813_801_fu_95613_p2    |         +|   0|  0|   18|          10|          10|
    |add_ln813_802_fu_95619_p2    |         +|   0|  0|   14|           7|           7|
    |add_ln813_803_fu_95628_p2    |         +|   0|  0|   15|           8|           8|
    |add_ln813_804_fu_95638_p2    |         +|   0|  0|   18|          10|          10|
    |add_ln813_805_fu_95648_p2    |         +|   0|  0|   22|          15|          15|
    |add_ln813_806_fu_86268_p2    |         +|   0|  0|   16|           9|           9|
    |add_ln813_807_fu_86278_p2    |         +|   0|  0|   17|          10|          10|
    |add_ln813_808_fu_86288_p2    |         +|   0|  0|   15|           8|           8|
    |add_ln813_809_fu_86298_p2    |         +|   0|  0|   17|          10|          10|
    |add_ln813_810_fu_86308_p2    |         +|   0|  0|   18|          11|          11|
    |add_ln813_811_fu_86318_p2    |         +|   0|  0|   19|          12|          12|
    |add_ln813_812_fu_86328_p2    |         +|   0|  0|   20|          13|          13|
    |add_ln813_813_fu_95658_p2    |         +|   0|  0|   16|           9|           9|
    |add_ln813_814_fu_95668_p2    |         +|   0|  0|   17|          10|          10|
    |add_ln813_815_fu_95678_p2    |         +|   0|  0|   17|          13|          13|
    |add_ln813_816_fu_95683_p2    |         +|   0|  0|   17|          13|          13|
    |add_ln813_817_fu_95693_p2    |         +|   0|  0|   17|          10|          10|
    |add_ln813_818_fu_95703_p2    |         +|   0|  0|   21|          14|          14|
    |add_ln813_819_fu_86334_p2    |         +|   0|  0|   16|           9|           9|
    |add_ln813_820_fu_86344_p2    |         +|   0|  0|   20|          13|          13|
    |add_ln813_821_fu_86354_p2    |         +|   0|  0|   16|          14|          14|
    |add_ln813_822_fu_86360_p2    |         +|   0|  0|   16|           9|           9|
    |add_ln813_823_fu_86370_p2    |         +|   0|  0|   17|          10|          10|
    |add_ln813_824_fu_86380_p2    |         +|   0|  0|   16|          14|          14|
    |add_ln813_825_fu_95713_p2    |         +|   0|  0|   17|          10|          10|
    |add_ln813_826_fu_95723_p2    |         +|   0|  0|   16|          14|          14|
    |add_ln813_827_fu_95728_p2    |         +|   0|  0|   14|           7|           7|
    |add_ln813_828_fu_95738_p2    |         +|   0|  0|   16|           9|           9|
    |add_ln813_829_fu_95748_p2    |         +|   0|  0|   16|          14|          14|
    |add_ln813_830_fu_86386_p2    |         +|   0|  0|   16|           9|           9|
    |add_ln813_831_fu_86396_p2    |         +|   0|  0|   15|           8|           8|
    |add_ln813_832_fu_86406_p2    |         +|   0|  0|   17|          11|          11|
    |add_ln813_833_fu_86412_p2    |         +|   0|  0|   15|           8|           8|
    |add_ln813_834_fu_86422_p2    |         +|   0|  0|   17|          11|          11|
    |add_ln813_835_fu_86432_p2    |         +|   0|  0|   20|          13|          13|
    |add_ln813_836_fu_86438_p2    |         +|   0|  0|   17|          13|          13|
    |add_ln813_837_fu_86444_p2    |         +|   0|  0|   15|           8|           8|
    |add_ln813_838_fu_86454_p2    |         +|   0|  0|   17|          10|          10|
    |add_ln813_839_fu_86464_p2    |         +|   0|  0|   17|          13|          13|
    |add_ln813_840_fu_95761_p2    |         +|   0|  0|   21|          14|          14|
    |add_ln813_841_fu_95767_p2    |         +|   0|  0|   18|          11|          11|
    |add_ln813_842_fu_95777_p2    |         +|   0|  0|   16|          14|          14|
    |add_ln813_843_fu_95783_p2    |         +|   0|  0|   16|           9|           9|
    |add_ln813_844_fu_95793_p2    |         +|   0|  0|   14|           7|           7|
    |add_ln813_845_fu_95803_p2    |         +|   0|  0|   15|           8|           8|
    |add_ln813_846_fu_95813_p2    |         +|   0|  0|   17|          10|          10|
    |add_ln813_847_fu_95823_p2    |         +|   0|  0|   16|          14|          14|
    |add_ln813_848_fu_86470_p2    |         +|   0|  0|   17|          11|          11|
    |add_ln813_849_fu_86476_p2    |         +|   0|  0|   17|          11|          11|
    |add_ln813_850_fu_86486_p2    |         +|   0|  0|   20|          13|          13|
    |add_ln813_851_fu_86492_p2    |         +|   0|  0|   20|          13|          13|
    |add_ln813_852_fu_95839_p2    |         +|   0|  0|   21|          14|          14|
    |add_ln813_853_fu_86498_p2    |         +|   0|  0|   16|           9|           9|
    |add_ln813_854_fu_86508_p2    |         +|   0|  0|   15|           8|           8|
    |add_ln813_855_fu_86518_p2    |         +|   0|  0|   17|          10|          10|
    |add_ln813_856_fu_95848_p2    |         +|   0|  0|   16|          14|          14|
    |add_ln813_857_fu_95854_p2    |         +|   0|  0|   16|          14|          14|
    |add_ln813_858_fu_95864_p2    |         +|   0|  0|   19|          12|          12|
    |add_ln813_859_fu_95874_p2    |         +|   0|  0|   16|          15|          15|
    |add_ln813_860_fu_95880_p2    |         +|   0|  0|   16|           9|           9|
    |add_ln813_861_fu_95890_p2    |         +|   0|  0|   14|           7|           7|
    |add_ln813_862_fu_95899_p2    |         +|   0|  0|   17|          10|          10|
    |add_ln813_863_fu_95909_p2    |         +|   0|  0|   16|          15|          15|
    |add_ln813_864_fu_86524_p2    |         +|   0|  0|   19|          12|          12|
    |add_ln813_865_fu_86534_p2    |         +|   0|  0|   16|          14|          14|
    |add_ln813_866_fu_86540_p2    |         +|   0|  0|   14|           7|           7|
    |add_ln813_867_fu_86550_p2    |         +|   0|  0|   16|           9|           9|
    |add_ln813_868_fu_86560_p2    |         +|   0|  0|   16|          14|          14|
    |add_ln813_869_fu_86570_p2    |         +|   0|  0|   19|          12|          12|
    |add_ln813_870_fu_86580_p2    |         +|   0|  0|   16|          15|          15|
    |add_ln813_871_fu_86586_p2    |         +|   0|  0|   17|          10|          10|
    |add_ln813_872_fu_86596_p2    |         +|   0|  0|   16|           9|           9|
    |add_ln813_873_fu_86606_p2    |         +|   0|  0|   18|          11|          11|
    |add_ln813_874_fu_86616_p2    |         +|   0|  0|   16|          15|          15|
    |add_ln813_875_fu_95919_p2    |         +|   0|  0|   16|          15|          15|
    |add_ln813_876_fu_95924_p2    |         +|   0|  0|   19|          12|          12|
    |add_ln813_877_fu_95934_p2    |         +|   0|  0|   16|          15|          15|
    |add_ln813_878_fu_95944_p2    |         +|   0|  0|   19|          12|          12|
    |add_ln813_879_fu_95954_p2    |         +|   0|  0|   16|           9|           9|
    |add_ln813_880_fu_95964_p2    |         +|   0|  0|   18|          11|          11|
    |add_ln813_881_fu_95974_p2    |         +|   0|  0|   21|          14|          14|
    |add_ln813_882_fu_95984_p2    |         +|   0|  0|   23|          16|          16|
    |add_ln813_883_fu_86622_p2    |         +|   0|  0|   15|           8|           8|
    |add_ln813_884_fu_86632_p2    |         +|   0|  0|   20|          13|          13|
    |add_ln813_885_fu_86638_p2    |         +|   0|  0|   17|          13|          13|
    |add_ln813_886_fu_86644_p2    |         +|   0|  0|   15|           8|           8|
    |add_ln813_887_fu_86654_p2    |         +|   0|  0|   17|          13|          13|
    |add_ln813_888_fu_86664_p2    |         +|   0|  0|   21|          14|          14|
    |add_ln813_889_fu_95990_p2    |         +|   0|  0|   19|          12|          12|
    |add_ln813_890_fu_96000_p2    |         +|   0|  0|   16|          14|          14|
    |add_ln813_891_fu_86670_p2    |         +|   0|  0|   16|           9|           9|
    |add_ln813_892_fu_86680_p2    |         +|   0|  0|   14|           7|           7|
    |add_ln813_893_fu_86690_p2    |         +|   0|  0|   15|           8|           8|
    |add_ln813_894_fu_86700_p2    |         +|   0|  0|   17|          10|          10|
    |add_ln813_895_fu_96008_p2    |         +|   0|  0|   16|          14|          14|
    |add_ln813_896_fu_96018_p2    |         +|   0|  0|   22|          15|          15|
    |add_ln813_897_fu_86706_p2    |         +|   0|  0|   16|           9|           9|
    |add_ln813_898_fu_86716_p2    |         +|   0|  0|   20|          13|          13|
    |add_ln813_899_fu_86726_p2    |         +|   0|  0|   21|          14|          14|
    |add_ln813_900_fu_86732_p2    |         +|   0|  0|   17|          10|          10|
    |add_ln813_901_fu_86742_p2    |         +|   0|  0|   16|          14|          14|
    |add_ln813_902_fu_86748_p2    |         +|   0|  0|   16|          14|          14|
    |add_ln813_903_fu_96031_p2    |         +|   0|  0|   16|           9|           9|
    |add_ln813_904_fu_96040_p2    |         +|   0|  0|   19|          12|          12|
    |add_ln813_905_fu_96050_p2    |         +|   0|  0|   16|          15|          15|
    |add_ln813_906_fu_86754_p2    |         +|   0|  0|   15|           8|           8|
    |add_ln813_907_fu_86764_p2    |         +|   0|  0|   16|           9|           9|
    |add_ln813_908_fu_86774_p2    |         +|   0|  0|   15|           8|           8|
    |add_ln813_909_fu_86784_p2    |         +|   0|  0|   16|           9|           9|
    |add_ln813_910_fu_86794_p2    |         +|   0|  0|   18|          11|          11|
    |add_ln813_911_fu_96059_p2    |         +|   0|  0|   16|          15|          15|
    |add_ln813_912_fu_96065_p2    |         +|   0|  0|   20|          13|          13|
    |add_ln813_913_fu_96075_p2    |         +|   0|  0|   16|          15|          15|
    |add_ln813_914_fu_96081_p2    |         +|   0|  0|   16|           9|           9|
    |add_ln813_915_fu_96091_p2    |         +|   0|  0|   14|           7|           7|
    |add_ln813_916_fu_96101_p2    |         +|   0|  0|   17|          10|          10|
    |add_ln813_917_fu_96111_p2    |         +|   0|  0|   16|          15|          15|
    |add_ln813_918_fu_86800_p2    |         +|   0|  0|   15|           8|           8|
    |add_ln813_919_fu_86810_p2    |         +|   0|  0|   16|           9|           9|
    |add_ln813_920_fu_86820_p2    |         +|   0|  0|   18|          11|          11|
    |add_ln813_921_fu_86830_p2    |         +|   0|  0|   19|          12|          12|
    |add_ln813_922_fu_86840_p2    |         +|   0|  0|   20|          13|          13|
    |add_ln813_923_fu_86850_p2    |         +|   0|  0|   21|          14|          14|
    |add_ln813_924_fu_86856_p2    |         +|   0|  0|   17|          10|          10|
    |add_ln813_925_fu_96124_p2    |         +|   0|  0|   16|          14|          14|
    |add_ln813_926_fu_96129_p2    |         +|   0|  0|   16|          14|          14|
    |add_ln813_927_fu_96135_p2    |         +|   0|  0|   16|           9|           9|
    |add_ln813_928_fu_96144_p2    |         +|   0|  0|   16|          14|          14|
    |add_ln813_929_fu_96150_p2    |         +|   0|  0|   18|           9|           9|
    |add_ln813_930_fu_96156_p2    |         +|   0|  0|   13|           6|           6|
    |add_ln813_931_fu_96166_p2    |         +|   0|  0|   18|           9|           9|
    |add_ln813_932_fu_96176_p2    |         +|   0|  0|   16|          14|          14|
    |add_ln813_933_fu_86862_p2    |         +|   0|  0|   18|          11|          11|
    |add_ln813_934_fu_86872_p2    |         +|   0|  0|   20|          13|          13|
    |add_ln813_935_fu_86882_p2    |         +|   0|  0|   21|          14|          14|
    |add_ln813_936_fu_96186_p2    |         +|   0|  0|   17|          10|          10|
    |add_ln813_937_fu_96196_p2    |         +|   0|  0|   16|          14|          14|
    |add_ln813_938_fu_96201_p2    |         +|   0|  0|   18|          11|          11|
    |add_ln813_939_fu_96211_p2    |         +|   0|  0|   16|          14|          14|
    |add_ln813_940_fu_86888_p2    |         +|   0|  0|   17|          10|          10|
    |add_ln813_941_fu_86898_p2    |         +|   0|  0|   18|          11|          11|
    |add_ln813_942_fu_96220_p2    |         +|   0|  0|   16|          14|          14|
    |add_ln813_943_fu_96226_p2    |         +|   0|  0|   16|           9|           9|
    |add_ln813_944_fu_96236_p2    |         +|   0|  0|   18|          10|          10|
    |add_ln813_945_fu_96242_p2    |         +|   0|  0|   14|           7|           7|
    |add_ln813_946_fu_96251_p2    |         +|   0|  0|   14|           7|           7|
    |add_ln813_947_fu_96261_p2    |         +|   0|  0|   15|           8|           8|
    |add_ln813_948_fu_96271_p2    |         +|   0|  0|   18|          10|          10|
    |add_ln813_949_fu_96281_p2    |         +|   0|  0|   16|          14|          14|
    |add_ln813_950_fu_86904_p2    |         +|   0|  0|   17|          10|          10|
    |add_ln813_951_fu_86914_p2    |         +|   0|  0|   20|          13|          13|
    |add_ln813_952_fu_86920_p2    |         +|   0|  0|   17|          13|          13|
    |add_ln813_953_fu_86926_p2    |         +|   0|  0|   14|           7|           7|
    |add_ln813_954_fu_86936_p2    |         +|   0|  0|   18|          11|          11|
    |add_ln813_955_fu_86946_p2    |         +|   0|  0|   17|          13|          13|
    |add_ln813_956_fu_96294_p2    |         +|   0|  0|   19|          12|          12|
    |add_ln813_957_fu_96304_p2    |         +|   0|  0|   21|          14|          14|
    |add_ln813_958_fu_96314_p2    |         +|   0|  0|   18|          11|          11|
    |add_ln813_959_fu_96324_p2    |         +|   0|  0|   16|           9|           9|
    |add_ln813_960_fu_96333_p2    |         +|   0|  0|   19|          12|          12|
    |add_ln813_961_fu_96343_p2    |         +|   0|  0|   16|          15|          15|
    |add_ln813_962_fu_86952_p2    |         +|   0|  0|   14|           7|           7|
    |add_ln813_963_fu_96352_p2    |         +|   0|  0|   16|           9|           9|
    |add_ln813_964_fu_96362_p2    |         +|   0|  0|   14|           7|           7|
    |add_ln813_965_fu_96371_p2    |         +|   0|  0|   14|           7|           7|
    |add_ln813_966_fu_96381_p2    |         +|   0|  0|   15|           8|           8|
    |add_ln813_967_fu_96391_p2    |         +|   0|  0|   17|          10|          10|
    |add_ln813_968_fu_96401_p2    |         +|   0|  0|   16|          15|          15|
    |add_ln813_969_fu_86958_p2    |         +|   0|  0|   16|           9|           9|
    |add_ln813_970_fu_86968_p2    |         +|   0|  0|   16|           9|           9|
    |add_ln813_971_fu_86978_p2    |         +|   0|  0|   17|          10|          10|
    |add_ln813_972_fu_86988_p2    |         +|   0|  0|   17|          13|          13|
    |add_ln813_973_fu_86994_p2    |         +|   0|  0|   16|           9|           9|
    |add_ln813_974_fu_87004_p2    |         +|   0|  0|   17|          13|          13|
    |add_ln813_975_fu_96414_p2    |         +|   0|  0|   21|          14|          14|
    |add_ln813_976_fu_96420_p2    |         +|   0|  0|   20|          13|          13|
    |add_ln813_977_fu_96430_p2    |         +|   0|  0|   16|          14|          14|
    |add_ln813_978_fu_87010_p2    |         +|   0|  0|   18|          10|          10|
    |add_ln813_979_fu_87016_p2    |         +|   0|  0|   15|           8|           8|
    |add_ln813_980_fu_87026_p2    |         +|   0|  0|   18|          10|          10|
    |add_ln813_981_fu_96439_p2    |         +|   0|  0|   16|          14|          14|
    |add_ln813_982_fu_96449_p2    |         +|   0|  0|   22|          15|          15|
    |add_ln813_983_fu_96455_p2    |         +|   0|  0|   19|          12|          12|
    |add_ln813_984_fu_96465_p2    |         +|   0|  0|   16|          15|          15|
    |add_ln813_985_fu_96471_p2    |         +|   0|  0|   17|          13|          13|
    |add_ln813_986_fu_96477_p2    |         +|   0|  0|   13|           6|           6|
    |add_ln813_987_fu_96487_p2    |         +|   0|  0|   15|           8|           8|
    |add_ln813_988_fu_96497_p2    |         +|   0|  0|   17|          13|          13|
    |add_ln813_989_fu_96507_p2    |         +|   0|  0|   16|          15|          15|
    |add_ln813_990_fu_87032_p2    |         +|   0|  0|   15|           8|           8|
    |add_ln813_991_fu_87042_p2    |         +|   0|  0|   19|          12|          12|
    |add_ln813_992_fu_87052_p2    |         +|   0|  0|   20|          13|          13|
    |add_ln813_993_fu_87062_p2    |         +|   0|  0|   19|          12|          12|
    |add_ln813_994_fu_87072_p2    |         +|   0|  0|   21|          14|          14|
    |add_ln813_995_fu_87078_p2    |         +|   0|  0|   16|           9|           9|
    |add_ln813_996_fu_87088_p2    |         +|   0|  0|   17|          10|          10|
    |add_ln813_997_fu_96520_p2    |         +|   0|  0|   16|          14|          14|
    |add_ln813_998_fu_87094_p2    |         +|   0|  0|   17|          10|          10|
    |add_ln813_999_fu_96528_p2    |         +|   0|  0|   16|          14|          14|
    |add_ln813_fu_85610_p2        |         +|   0|  0|   19|          12|          12|
    |r_V_1002_fu_81677_p2         |         +|   0|  0|   17|          10|          10|
    |r_V_1012_fu_81893_p2         |         +|   0|  0|   17|          10|          10|
    |r_V_1015_fu_81971_p2         |         +|   0|  0|   16|           9|           9|
    |r_V_1026_fu_82317_p2         |         +|   0|  0|   16|           9|           9|
    |r_V_1038_fu_82638_p2         |         +|   0|  0|   16|           9|           9|
    |r_V_1039_fu_82678_p2         |         +|   0|  0|   17|          10|          10|
    |r_V_1055_fu_83075_p2         |         +|   0|  0|   16|           9|           9|
    |r_V_1056_fu_83095_p2         |         +|   0|  0|   17|          10|          10|
    |r_V_1060_fu_83207_p2         |         +|   0|  0|   17|          10|          10|
    |r_V_1068_fu_83347_p2         |         +|   0|  0|   16|           9|           9|
    |r_V_1100_fu_83956_p2         |         +|   0|  0|   16|           9|           9|
    |r_V_1109_fu_84190_p2         |         +|   0|  0|   16|           9|           9|
    |r_V_1112_fu_84226_p2         |         +|   0|  0|   17|          10|          10|
    |r_V_1119_fu_84366_p2         |         +|   0|  0|   16|           9|           9|
    |r_V_1134_fu_84638_p2         |         +|   0|  0|   16|           9|           9|
    |r_V_1145_fu_90387_p2         |         +|   0|  0|   16|           9|           9|
    |r_V_1161_fu_84874_p2         |         +|   0|  0|   16|           9|           9|
    |r_V_1169_fu_90797_p2         |         +|   0|  0|   17|          10|          10|
    |r_V_1173_fu_90859_p2         |         +|   0|  0|   16|           9|           9|
    |r_V_1182_fu_90996_p2         |         +|   0|  0|   17|          10|          10|
    |r_V_1186_fu_85070_p2         |         +|   0|  0|   16|           9|           9|
    |r_V_1199_fu_91390_p2         |         +|   0|  0|   16|           9|           9|
    |r_V_1204_fu_91486_p2         |         +|   0|  0|   17|          10|          10|
    |r_V_1216_fu_91701_p2         |         +|   0|  0|   17|          10|          10|
    |r_V_1242_fu_92246_p2         |         +|   0|  0|   16|           9|           9|
    |r_V_1250_fu_92405_p2         |         +|   0|  0|   17|          10|          10|
    |r_V_1254_fu_92515_p2         |         +|   0|  0|   16|           9|           9|
    |r_V_1260_fu_92629_p2         |         +|   0|  0|   17|          10|          10|
    |r_V_1265_fu_92719_p2         |         +|   0|  0|   16|           9|           9|
    |r_V_1268_fu_85462_p2         |         +|   0|  0|   17|          10|          10|
    |r_V_1276_fu_92907_p2         |         +|   0|  0|   17|          10|          10|
    |r_V_1289_fu_93223_p2         |         +|   0|  0|   17|          10|          10|
    |r_V_1294_fu_93355_p2         |         +|   0|  0|   16|           9|           9|
    |r_V_1297_fu_93453_p2         |         +|   0|  0|   17|          10|          10|
    |r_V_1308_fu_93706_p2         |         +|   0|  0|   16|           9|           9|
    |r_V_1311_fu_93797_p2         |         +|   0|  0|   17|          10|          10|
    |r_V_1325_fu_94068_p2         |         +|   0|  0|   16|           9|           9|
    |r_V_1342_fu_94461_p2         |         +|   0|  0|   17|          10|          10|
    |r_V_1344_fu_94533_p2         |         +|   0|  0|   16|           9|           9|
    |r_V_1355_fu_94799_p2         |         +|   0|  0|   17|          10|          10|
    |r_V_465_fu_77462_p2          |         +|   0|  0|   16|           9|           9|
    |r_V_475_fu_77750_p2          |         +|   0|  0|   16|           9|           9|
    |r_V_483_fu_77978_p2          |         +|   0|  0|   16|           9|           9|
    |r_V_493_fu_78237_p2          |         +|   0|  0|   16|           9|           9|
    |r_V_494_fu_78285_p2          |         +|   0|  0|   17|          10|          10|
    |r_V_512_fu_78745_p2          |         +|   0|  0|   16|           9|           9|
    |r_V_528_fu_79131_p2          |         +|   0|  0|   16|           9|           9|
    |r_V_531_fu_79199_p2          |         +|   0|  0|   17|          10|          10|
    |r_V_537_fu_79420_p2          |         +|   0|  0|   17|          10|          10|
    |r_V_544_fu_79556_p2          |         +|   0|  0|   16|           9|           9|
    |r_V_555_fu_79877_p2          |         +|   0|  0|   16|           9|           9|
    |r_V_560_fu_80020_p2          |         +|   0|  0|   17|          10|          10|
    |r_V_699_fu_80812_p2          |         +|   0|  0|   16|           9|           9|
    |r_V_876_fu_81260_p2          |         +|   0|  0|   17|          10|          10|
    |r_V_981_fu_81639_p2          |         +|   0|  0|   17|          10|          10|
    |r_V_1001_fu_81433_p2         |         -|   0|  0|   16|           1|           9|
    |r_V_1003_fu_81725_p2         |         -|   0|  0|   16|           9|           9|
    |r_V_1005_fu_81753_p2         |         -|   0|  0|   16|           1|           9|
    |r_V_1006_fu_81781_p2         |         -|   0|  0|   16|           9|           9|
    |r_V_1007_fu_81821_p2         |         -|   0|  0|   17|          10|          10|
    |r_V_1010_fu_81849_p2         |         -|   0|  0|   15|           1|           8|
    |r_V_1011_fu_81869_p2         |         -|   0|  0|   17|          10|          10|
    |r_V_1013_fu_81909_p2         |         -|   0|  0|   17|          10|          10|
    |r_V_1014_fu_81947_p2         |         -|   0|  0|   17|          10|          10|
    |r_V_1016_fu_82001_p2         |         -|   0|  0|   18|          11|          11|
    |r_V_1017_fu_82067_p2         |         -|   0|  0|   17|          10|          10|
    |r_V_1018_fu_82095_p2         |         -|   0|  0|   16|           1|           9|
    |r_V_1019_fu_82119_p2         |         -|   0|  0|   16|           9|           9|
    |r_V_1020_fu_82147_p2         |         -|   0|  0|   14|           1|           7|
    |r_V_1021_fu_82171_p2         |         -|   0|  0|   17|          10|          10|
    |r_V_1022_fu_82211_p2         |         -|   0|  0|   15|           1|           8|
    |r_V_1023_fu_82235_p2         |         -|   0|  0|   17|          10|          10|
    |r_V_1025_fu_82273_p2         |         -|   0|  0|   18|          11|          11|
    |r_V_1027_fu_82349_p2         |         -|   0|  0|   17|          10|          10|
    |r_V_1029_fu_82385_p2         |         -|   0|  0|   17|          10|          10|
    |r_V_1030_fu_82413_p2         |         -|   0|  0|   15|           1|           8|
    |r_V_1032_fu_82455_p2         |         -|   0|  0|   16|           9|           9|
    |r_V_1033_fu_82475_p2         |         -|   0|  0|   16|           1|           9|
    |r_V_1034_fu_82491_p2         |         -|   0|  0|   17|          10|          10|
    |r_V_1035_fu_82515_p2         |         -|   0|  0|   14|           1|           7|
    |r_V_1036_fu_82535_p2         |         -|   0|  0|   16|           9|           9|
    |r_V_1037_fu_82563_p2         |         -|   0|  0|   17|          10|          10|
    |r_V_1040_fu_82718_p2         |         -|   0|  0|   17|          10|          10|
    |r_V_1041_fu_82746_p2         |         -|   0|  0|   16|           9|           9|
    |r_V_1042_fu_82770_p2         |         -|   0|  0|   16|           9|           9|
    |r_V_1043_fu_82798_p2         |         -|   0|  0|   15|           1|           8|
    |r_V_1045_fu_82832_p2         |         -|   0|  0|   18|          11|          11|
    |r_V_1047_fu_82862_p2         |         -|   0|  0|   17|          10|          10|
    |r_V_1048_fu_82878_p2         |         -|   0|  0|   17|          10|          10|
    |r_V_1049_fu_82898_p2         |         -|   0|  0|   16|           1|           9|
    |r_V_1050_fu_82947_p2         |         -|   0|  0|   16|           9|           9|
    |r_V_1051_fu_82991_p2         |         -|   0|  0|   17|          10|          10|
    |r_V_1052_fu_83015_p2         |         -|   0|  0|   17|          10|          10|
    |r_V_1053_fu_83031_p2         |         -|   0|  0|   16|           9|           9|
    |r_V_1054_fu_83055_p2         |         -|   0|  0|   15|           1|           8|
    |r_V_1057_fu_83115_p2         |         -|   0|  0|   17|          10|          10|
    |r_V_1058_fu_83157_p2         |         -|   0|  0|   14|           1|           7|
    |r_V_1059_fu_83187_p2         |         -|   0|  0|   17|          10|          10|
    |r_V_1063_fu_83243_p2         |         -|   0|  0|   18|          11|          11|
    |r_V_1064_fu_83177_p2         |         -|   0|  0|   16|           1|           9|
    |r_V_1065_fu_83277_p2         |         -|   0|  0|   17|          10|          10|
    |r_V_1069_fu_83367_p2         |         -|   0|  0|   14|           1|           7|
    |r_V_1070_fu_83399_p2         |         -|   0|  0|   15|           1|           8|
    |r_V_1071_fu_83419_p2         |         -|   0|  0|   17|          10|          10|
    |r_V_1073_fu_83443_p2         |         -|   0|  0|   16|           9|           9|
    |r_V_1074_fu_83463_p2         |         -|   0|  0|   17|           1|          10|
    |r_V_1075_fu_83483_p2         |         -|   0|  0|   16|           9|           9|
    |r_V_1076_fu_83513_p2         |         -|   0|  0|   16|           1|           9|
    |r_V_1078_fu_83541_p2         |         -|   0|  0|   17|          10|          10|
    |r_V_1079_fu_83602_p2         |         -|   0|  0|   17|          10|          10|
    |r_V_1080_fu_83640_p2         |         -|   0|  0|   17|          10|          10|
    |r_V_1081_fu_83660_p2         |         -|   0|  0|   17|          10|          10|
    |r_V_1082_fu_83690_p2         |         -|   0|  0|   15|           1|           8|
    |r_V_1084_fu_83718_p2         |         -|   0|  0|   16|           9|           9|
    |r_V_1085_fu_83738_p2         |         -|   0|  0|   17|          10|          10|
    |r_V_1087_fu_83630_p2         |         -|   0|  0|   16|           1|           9|
    |r_V_1088_fu_83772_p2         |         -|   0|  0|   17|          10|          10|
    |r_V_1090_fu_83810_p2         |         -|   0|  0|   14|           1|           7|
    |r_V_1091_fu_83830_p2         |         -|   0|  0|   16|           9|           9|
    |r_V_1093_fu_89946_p2         |         -|   0|  0|   17|          10|          10|
    |r_V_1095_fu_83890_p2         |         -|   0|  0|   16|           1|           9|
    |r_V_1096_fu_89974_p2         |         -|   0|  0|   17|          10|          10|
    |r_V_1097_fu_90001_p2         |         -|   0|  0|   14|           1|           7|
    |r_V_1098_fu_90025_p2         |         -|   0|  0|   17|          10|          10|
    |r_V_1099_fu_83928_p2         |         -|   0|  0|   15|           1|           8|
    |r_V_1101_fu_84020_p2         |         -|   0|  0|   17|          10|          10|
    |r_V_1102_fu_84040_p2         |         -|   0|  0|   14|           1|           7|
    |r_V_1103_fu_84060_p2         |         -|   0|  0|   17|          10|          10|
    |r_V_1105_fu_84084_p2         |         -|   0|  0|   17|          10|          10|
    |r_V_1106_fu_84130_p2         |         -|   0|  0|   16|           9|           9|
    |r_V_1107_fu_84158_p2         |         -|   0|  0|   17|          10|          10|
    |r_V_1108_fu_84174_p2         |         -|   0|  0|   16|           1|           9|
    |r_V_1110_fu_84206_p2         |         -|   0|  0|   15|           1|           8|
    |r_V_1113_fu_84282_p2         |         -|   0|  0|   17|          10|          10|
    |r_V_1114_fu_84306_p2         |         -|   0|  0|   15|           1|           8|
    |r_V_1117_fu_90070_p2         |         -|   0|  0|   14|           1|           7|
    |r_V_1118_fu_84342_p2         |         -|   0|  0|   16|           9|           9|
    |r_V_1120_fu_84386_p2         |         -|   0|  0|   16|           9|           9|
    |r_V_1121_fu_84406_p2         |         -|   0|  0|   17|          10|          10|
    |r_V_1122_fu_90092_p2         |         -|   0|  0|   16|           1|           9|
    |r_V_1123_fu_90123_p2         |         -|   0|  0|   17|          10|          10|
    |r_V_1124_fu_84488_p2         |         -|   0|  0|   17|          10|          10|
    |r_V_1125_fu_84504_p2         |         -|   0|  0|   14|           1|           7|
    |r_V_1126_fu_90162_p2         |         -|   0|  0|   17|           1|          10|
    |r_V_1127_fu_84536_p2         |         -|   0|  0|   16|           9|           9|
    |r_V_1128_fu_90187_p2         |         -|   0|  0|   17|          10|          10|
    |r_V_1129_fu_90210_p2         |         -|   0|  0|   17|          10|          10|
    |r_V_1130_fu_84564_p2         |         -|   0|  0|   17|          10|          10|
    |r_V_1131_fu_84580_p2         |         -|   0|  0|   15|           1|           8|
    |r_V_1132_fu_84478_p2         |         -|   0|  0|   16|           1|           9|
    |r_V_1133_fu_84614_p2         |         -|   0|  0|   17|          10|          10|
    |r_V_1135_fu_84658_p2         |         -|   0|  0|   16|           9|           9|
    |r_V_1138_fu_90277_p2         |         -|   0|  0|   16|           9|           9|
    |r_V_1139_fu_90313_p2         |         -|   0|  0|   14|           1|           7|
    |r_V_1140_fu_84694_p2         |         -|   0|  0|   15|           1|           8|
    |r_V_1141_fu_90339_p2         |         -|   0|  0|   16|           9|           9|
    |r_V_1142_fu_84726_p2         |         -|   0|  0|   17|          10|          10|
    |r_V_1143_fu_90365_p2         |         -|   0|  0|   17|          10|          10|
    |r_V_1146_fu_90411_p2         |         -|   0|  0|   17|           1|          10|
    |r_V_1148_fu_90438_p2         |         -|   0|  0|   17|          10|          10|
    |r_V_1149_fu_90461_p2         |         -|   0|  0|   17|          10|          10|
    |r_V_1150_fu_90480_p2         |         -|   0|  0|   16|           1|           9|
    |r_V_1151_fu_90504_p2         |         -|   0|  0|   17|          10|          10|
    |r_V_1153_fu_84768_p2         |         -|   0|  0|   14|           1|           7|
    |r_V_1154_fu_84810_p2         |         -|   0|  0|   16|           1|           9|
    |r_V_1156_fu_84826_p2         |         -|   0|  0|   16|           9|           9|
    |r_V_1157_fu_84846_p2         |         -|   0|  0|   16|           9|           9|
    |r_V_1158_fu_90575_p2         |         -|   0|  0|   17|          10|          10|
    |r_V_1159_fu_90595_p2         |         -|   0|  0|   17|          10|          10|
    |r_V_1160_fu_90629_p2         |         -|   0|  0|   18|          11|          11|
    |r_V_1164_fu_90685_p2         |         -|   0|  0|   16|           9|           9|
    |r_V_1166_fu_90718_p2         |         -|   0|  0|   17|          10|          10|
    |r_V_1167_fu_90749_p2         |         -|   0|  0|   16|           9|           9|
    |r_V_1168_fu_90773_p2         |         -|   0|  0|   16|           1|           9|
    |r_V_1170_fu_90816_p2         |         -|   0|  0|   15|           1|           8|
    |r_V_1171_fu_90836_p2         |         -|   0|  0|   17|          10|          10|
    |r_V_1172_fu_84932_p2         |         -|   0|  0|   17|           1|          10|
    |r_V_1174_fu_84952_p2         |         -|   0|  0|   14|           1|           7|
    |r_V_1177_fu_90914_p2         |         -|   0|  0|   17|          10|          10|
    |r_V_1178_fu_85004_p2         |         -|   0|  0|   16|           9|           9|
    |r_V_1179_fu_85020_p2         |         -|   0|  0|   16|           9|           9|
    |r_V_1180_fu_90970_p2         |         -|   0|  0|   15|           1|           8|
    |r_V_1181_fu_85036_p2         |         -|   0|  0|   17|          10|          10|
    |r_V_1183_fu_91014_p2         |         -|   0|  0|   17|          10|          10|
    |r_V_1187_fu_91074_p2         |         -|   0|  0|   15|           1|           8|
    |r_V_1188_fu_91112_p2         |         -|   0|  0|   14|           1|           7|
    |r_V_1190_fu_91144_p2         |         -|   0|  0|   17|          10|          10|
    |r_V_1191_fu_91180_p2         |         -|   0|  0|   16|           9|           9|
    |r_V_1192_fu_91208_p2         |         -|   0|  0|   16|           1|           9|
    |r_V_1193_fu_91242_p2         |         -|   0|  0|   18|          11|          11|
    |r_V_1195_fu_91232_p2         |         -|   0|  0|   17|           1|          10|
    |r_V_1196_fu_91320_p2         |         -|   0|  0|   18|          11|          11|
    |r_V_1197_fu_91343_p2         |         -|   0|  0|   16|           9|           9|
    |r_V_1198_fu_91370_p2         |         -|   0|  0|   16|           9|           9|
    |r_V_1200_fu_91414_p2         |         -|   0|  0|   17|          10|          10|
    |r_V_1201_fu_91442_p2         |         -|   0|  0|   18|          11|          11|
    |r_V_1202_fu_91466_p2         |         -|   0|  0|   14|           1|           7|
    |r_V_1203_fu_85120_p2         |         -|   0|  0|   15|           1|           8|
    |r_V_1205_fu_91509_p2         |         -|   0|  0|   16|           1|           9|
    |r_V_1208_fu_85170_p2         |         -|   0|  0|   17|          10|          10|
    |r_V_1209_fu_91558_p2         |         -|   0|  0|   16|           9|           9|
    |r_V_1210_fu_91607_p2         |         -|   0|  0|   17|          10|          10|
    |r_V_1211_fu_85160_p2         |         -|   0|  0|   16|           1|           9|
    |r_V_1212_fu_91634_p2         |         -|   0|  0|   17|           1|          10|
    |r_V_1213_fu_91654_p2         |         -|   0|  0|   16|           9|           9|
    |r_V_1214_fu_91677_p2         |         -|   0|  0|   15|           1|           8|
    |r_V_1217_fu_91720_p2         |         -|   0|  0|   14|           1|           7|
    |r_V_1219_fu_91776_p2         |         -|   0|  0|   17|          10|          10|
    |r_V_1221_fu_91812_p2         |         -|   0|  0|   14|           1|           7|
    |r_V_1222_fu_91832_p2         |         -|   0|  0|   16|           9|           9|
    |r_V_1223_fu_91856_p2         |         -|   0|  0|   17|          10|          10|
    |r_V_1224_fu_91876_p2         |         -|   0|  0|   16|           9|           9|
    |r_V_1225_fu_91908_p2         |         -|   0|  0|   15|           1|           8|
    |r_V_1226_fu_91928_p2         |         -|   0|  0|   17|          10|          10|
    |r_V_1228_fu_91974_p2         |         -|   0|  0|   16|           1|           9|
    |r_V_1229_fu_92015_p2         |         -|   0|  0|   17|          10|          10|
    |r_V_1231_fu_92042_p2         |         -|   0|  0|   15|           1|           8|
    |r_V_1232_fu_85246_p2         |         -|   0|  0|   14|           1|           7|
    |r_V_1234_fu_92075_p2         |         -|   0|  0|   17|          10|          10|
    |r_V_1235_fu_85280_p2         |         -|   0|  0|   17|           1|          10|
    |r_V_1236_fu_92097_p2         |         -|   0|  0|   17|          10|          10|
    |r_V_1237_fu_85306_p2         |         -|   0|  0|   16|           9|           9|
    |r_V_1238_fu_92161_p2         |         -|   0|  0|   15|           1|           8|
    |r_V_1239_fu_92187_p2         |         -|   0|  0|   17|          10|          10|
    |r_V_1241_fu_92222_p2         |         -|   0|  0|   17|          10|          10|
    |r_V_1243_fu_92265_p2         |         -|   0|  0|   17|          10|          10|
    |r_V_1244_fu_85354_p2         |         -|   0|  0|   14|           1|           7|
    |r_V_1245_fu_92307_p2         |         -|   0|  0|   18|          11|          11|
    |r_V_1246_fu_85348_p2         |         -|   0|  0|   16|           1|           9|
    |r_V_1248_fu_92351_p2         |         -|   0|  0|   16|           9|           9|
    |r_V_1249_fu_92374_p2         |         -|   0|  0|   16|           9|           9|
    |r_V_1251_fu_92425_p2         |         -|   0|  0|   17|           1|          10|
    |r_V_1252_fu_92472_p2         |         -|   0|  0|   17|          10|          10|
    |r_V_1255_fu_92537_p2         |         -|   0|  0|   17|          10|          10|
    |r_V_1256_fu_92557_p2         |         -|   0|  0|   14|           1|           7|
    |r_V_1257_fu_92585_p2         |         -|   0|  0|   17|          10|          10|
    |r_V_1259_fu_92609_p2         |         -|   0|  0|   15|           1|           8|
    |r_V_1261_fu_85402_p2         |         -|   0|  0|   16|           1|           9|
    |r_V_1262_fu_92655_p2         |         -|   0|  0|   16|           9|           9|
    |r_V_1263_fu_92678_p2         |         -|   0|  0|   17|          10|          10|
    |r_V_1266_fu_85446_p2         |         -|   0|  0|   17|          10|          10|
    |r_V_1267_fu_92748_p2         |         -|   0|  0|   16|           9|           9|
    |r_V_1269_fu_92791_p2         |         -|   0|  0|   15|           1|           8|
    |r_V_1270_fu_92819_p2         |         -|   0|  0|   17|           1|          10|
    |r_V_1271_fu_85482_p2         |         -|   0|  0|   16|           1|           9|
    |r_V_1273_fu_92850_p2         |         -|   0|  0|   14|           1|           7|
    |r_V_1274_fu_92870_p2         |         -|   0|  0|   16|           9|           9|
    |r_V_1277_fu_92926_p2         |         -|   0|  0|   17|          10|          10|
    |r_V_1278_fu_85512_p2         |         -|   0|  0|   17|          10|          10|
    |r_V_1279_fu_92965_p2         |         -|   0|  0|   14|           1|           7|
    |r_V_1280_fu_93005_p2         |         -|   0|  0|   16|           1|           9|
    |r_V_1281_fu_93061_p2         |         -|   0|  0|   17|          10|          10|
    |r_V_1282_fu_93089_p2         |         -|   0|  0|   16|           9|           9|
    |r_V_1283_fu_93117_p2         |         -|   0|  0|   17|           1|          10|
    |r_V_1284_fu_93141_p2         |         -|   0|  0|   16|           9|           9|
    |r_V_1286_fu_93165_p2         |         -|   0|  0|   18|          11|          11|
    |r_V_1288_fu_93203_p2         |         -|   0|  0|   17|          10|          10|
    |r_V_1290_fu_93243_p2         |         -|   0|  0|   17|          10|          10|
    |r_V_1291_fu_93263_p2         |         -|   0|  0|   15|           1|           8|
    |r_V_1293_fu_93327_p2         |         -|   0|  0|   16|           9|           9|
    |r_V_1295_fu_93389_p2         |         -|   0|  0|   16|           1|           9|
    |r_V_1296_fu_93413_p2         |         -|   0|  0|   14|           1|           7|
    |r_V_1298_fu_93473_p2         |         -|   0|  0|   15|           1|           8|
    |r_V_1299_fu_93497_p2         |         -|   0|  0|   17|          10|          10|
    |r_V_1301_fu_93517_p2         |         -|   0|  0|   16|           9|           9|
    |r_V_1302_fu_93541_p2         |         -|   0|  0|   17|           1|          10|
    |r_V_1303_fu_93561_p2         |         -|   0|  0|   17|          10|          10|
    |r_V_1305_fu_93642_p2         |         -|   0|  0|   17|          10|          10|
    |r_V_1306_fu_93662_p2         |         -|   0|  0|   14|           1|           7|
    |r_V_1307_fu_93686_p2         |         -|   0|  0|   16|           9|           9|
    |r_V_1309_fu_93749_p2         |         -|   0|  0|   15|           1|           8|
    |r_V_1310_fu_93773_p2         |         -|   0|  0|   16|           9|           9|
    |r_V_1312_fu_93816_p2         |         -|   0|  0|   17|          10|          10|
    |r_V_1314_fu_93632_p2         |         -|   0|  0|   16|           1|           9|
    |r_V_1315_fu_93857_p2         |         -|   0|  0|   17|          10|          10|
    |r_V_1316_fu_93883_p2         |         -|   0|  0|   18|          11|          11|
    |r_V_1317_fu_85554_p2         |         -|   0|  0|   17|           1|          10|
    |r_V_1319_fu_93924_p2         |         -|   0|  0|   16|           1|           9|
    |r_V_1320_fu_93958_p2         |         -|   0|  0|   17|          10|          10|
    |r_V_1321_fu_93986_p2         |         -|   0|  0|   15|           1|           8|
    |r_V_1322_fu_94010_p2         |         -|   0|  0|   14|           1|           7|
    |r_V_1323_fu_94042_p2         |         -|   0|  0|   17|          10|          10|
    |r_V_1324_fu_85590_p2         |         -|   0|  0|   16|           9|           9|
    |r_V_1326_fu_94094_p2         |         -|   0|  0|   17|          10|          10|
    |r_V_1327_fu_94122_p2         |         -|   0|  0|   17|          10|          10|
    |r_V_1329_fu_94142_p2         |         -|   0|  0|   16|           9|           9|
    |r_V_1330_fu_94168_p2         |         -|   0|  0|   17|          10|          10|
    |r_V_1332_fu_94239_p2         |         -|   0|  0|   15|           1|           8|
    |r_V_1333_fu_94279_p2         |         -|   0|  0|   17|          10|          10|
    |r_V_1334_fu_94299_p2         |         -|   0|  0|   17|          10|          10|
    |r_V_1335_fu_94319_p2         |         -|   0|  0|   14|           1|           7|
    |r_V_1336_fu_94351_p2         |         -|   0|  0|   16|           1|           9|
    |r_V_1337_fu_94379_p2         |         -|   0|  0|   17|          10|          10|
    |r_V_1339_fu_94417_p2         |         -|   0|  0|   17|           1|          10|
    |r_V_1340_fu_94437_p2         |         -|   0|  0|   16|           9|           9|
    |r_V_1343_fu_94481_p2         |         -|   0|  0|   17|          10|          10|
    |r_V_1345_fu_94577_p2         |         -|   0|  0|   17|          10|          10|
    |r_V_1346_fu_94605_p2         |         -|   0|  0|   16|           1|           9|
    |r_V_1347_fu_94629_p2         |         -|   0|  0|   14|           1|           7|
    |r_V_1348_fu_94649_p2         |         -|   0|  0|   16|           9|           9|
    |r_V_1349_fu_94691_p2         |         -|   0|  0|   17|          10|          10|
    |r_V_1350_fu_94715_p2         |         -|   0|  0|   17|           1|          10|
    |r_V_1353_fu_94747_p2         |         -|   0|  0|   18|          11|          11|
    |r_V_1354_fu_94767_p2         |         -|   0|  0|   16|           9|           9|
    |r_V_458_fu_77282_p2          |         -|   0|  0|   16|           1|           9|
    |r_V_460_fu_77318_p2          |         -|   0|  0|   16|           9|           9|
    |r_V_461_fu_77342_p2          |         -|   0|  0|   17|          10|          10|
    |r_V_462_fu_77362_p2          |         -|   0|  0|   17|          10|          10|
    |r_V_463_fu_77418_p2          |         -|   0|  0|   18|          11|          11|
    |r_V_464_fu_77438_p2          |         -|   0|  0|   17|          10|          10|
    |r_V_466_fu_77478_p2          |         -|   0|  0|   16|           9|           9|
    |r_V_468_fu_77512_p2          |         -|   0|  0|   15|           1|           8|
    |r_V_469_fu_77564_p2          |         -|   0|  0|   16|           9|           9|
    |r_V_470_fu_77588_p2          |         -|   0|  0|   14|           1|           7|
    |r_V_471_fu_77622_p2          |         -|   0|  0|   17|          10|          10|
    |r_V_472_fu_77642_p2          |         -|   0|  0|   16|           9|           9|
    |r_V_473_fu_77712_p2          |         -|   0|  0|   18|          11|          11|
    |r_V_474_fu_77612_p2          |         -|   0|  0|   16|           1|           9|
    |r_V_476_fu_77766_p2          |         -|   0|  0|   17|          10|          10|
    |r_V_477_fu_77786_p2          |         -|   0|  0|   17|          10|          10|
    |r_V_478_fu_77806_p2          |         -|   0|  0|   18|          11|          11|
    |r_V_479_fu_77826_p2          |         -|   0|  0|   17|          10|          10|
    |r_V_481_fu_77890_p2          |         -|   0|  0|   17|          10|          10|
    |r_V_482_fu_77940_p2          |         -|   0|  0|   17|          10|          10|
    |r_V_484_fu_78002_p2          |         -|   0|  0|   14|           1|           7|
    |r_V_485_fu_78042_p2          |         -|   0|  0|   15|           1|           8|
    |r_V_486_fu_77930_p2          |         -|   0|  0|   16|           1|           9|
    |r_V_487_fu_78092_p2          |         -|   0|  0|   16|           9|           9|
    |r_V_488_fu_78120_p2          |         -|   0|  0|   17|           1|          10|
    |r_V_489_fu_78144_p2          |         -|   0|  0|   18|          11|          11|
    |r_V_491_fu_78168_p2          |         -|   0|  0|   17|          10|          10|
    |r_V_492_fu_78188_p2          |         -|   0|  0|   18|          11|          11|
    |r_V_497_fu_78331_p2          |         -|   0|  0|   17|          10|          10|
    |r_V_498_fu_78355_p2          |         -|   0|  0|   15|           1|           8|
    |r_V_500_fu_78389_p2          |         -|   0|  0|   16|           9|           9|
    |r_V_501_fu_78427_p2          |         -|   0|  0|   18|          11|          11|
    |r_V_502_fu_78447_p2          |         -|   0|  0|   17|          10|          10|
    |r_V_503_fu_78467_p2          |         -|   0|  0|   14|           1|           7|
    |r_V_504_fu_78505_p2          |         -|   0|  0|   17|          10|          10|
    |r_V_505_fu_78529_p2          |         -|   0|  0|   16|           9|           9|
    |r_V_506_fu_78583_p2          |         -|   0|  0|   18|          11|          11|
    |r_V_507_fu_78603_p2          |         -|   0|  0|   14|           1|           7|
    |r_V_508_fu_78651_p2          |         -|   0|  0|   17|          10|          10|
    |r_V_509_fu_78573_p2          |         -|   0|  0|   17|           1|          10|
    |r_V_510_fu_78689_p2          |         -|   0|  0|   17|          10|          10|
    |r_V_511_fu_78721_p2          |         -|   0|  0|   16|           1|           9|
    |r_V_513_fu_78761_p2          |         -|   0|  0|   16|           9|           9|
    |r_V_514_fu_78785_p2          |         -|   0|  0|   16|           9|           9|
    |r_V_518_fu_78821_p2          |         -|   0|  0|   15|           1|           8|
    |r_V_519_fu_78861_p2          |         -|   0|  0|   14|           1|           7|
    |r_V_520_fu_78897_p2          |         -|   0|  0|   16|           9|           9|
    |r_V_521_fu_78935_p2          |         -|   0|  0|   17|          10|          10|
    |r_V_522_fu_78987_p2          |         -|   0|  0|   17|          10|          10|
    |r_V_523_fu_79015_p2          |         -|   0|  0|   17|          10|          10|
    |r_V_524_fu_79035_p2          |         -|   0|  0|   17|          10|          10|
    |r_V_525_fu_79073_p2          |         -|   0|  0|   16|           9|           9|
    |r_V_527_fu_79111_p2          |         -|   0|  0|   18|          11|          11|
    |r_V_529_fu_79155_p2          |         -|   0|  0|   17|          10|          10|
    |r_V_530_fu_79175_p2          |         -|   0|  0|   15|           1|           8|
    |r_V_533_fu_79282_p2          |         -|   0|  0|   17|          10|          10|
    |r_V_534_fu_79314_p2          |         -|   0|  0|   17|          10|          10|
    |r_V_535_fu_79352_p2          |         -|   0|  0|   14|           1|           7|
    |r_V_536_fu_79396_p2          |         -|   0|  0|   16|           9|           9|
    |r_V_538_fu_79436_p2          |         -|   0|  0|   17|          10|          10|
    |r_V_539_fu_79464_p2          |         -|   0|  0|   16|           9|           9|
    |r_V_540_fu_79488_p2          |         -|   0|  0|   15|           1|           8|
    |r_V_542_fu_79522_p2          |         -|   0|  0|   17|          10|          10|
    |r_V_543_fu_79512_p2          |         -|   0|  0|   16|           1|           9|
    |r_V_545_fu_79593_p2          |         -|   0|  0|   14|           1|           7|
    |r_V_546_fu_79663_p2          |         -|   0|  0|   15|           1|           8|
    |r_V_548_fu_79705_p2          |         -|   0|  0|   18|          11|          11|
    |r_V_549_fu_79695_p2          |         -|   0|  0|   17|           1|          10|
    |r_V_550_fu_79751_p2          |         -|   0|  0|   16|           9|           9|
    |r_V_551_fu_79797_p2          |         -|   0|  0|   17|          10|          10|
    |r_V_552_fu_79825_p2          |         -|   0|  0|   17|          10|          10|
    |r_V_554_fu_79857_p2          |         -|   0|  0|   16|           9|           9|
    |r_V_557_fu_79787_p2          |         -|   0|  0|   16|           1|           9|
    |r_V_558_fu_79929_p2          |         -|   0|  0|   17|          10|          10|
    |r_V_559_fu_79949_p2          |         -|   0|  0|   17|          10|          10|
    |r_V_561_fu_80052_p2          |         -|   0|  0|   16|           9|           9|
    |r_V_562_fu_80076_p2          |         -|   0|  0|   14|           1|           7|
    |r_V_563_fu_80120_p2          |         -|   0|  0|   17|          10|          10|
    |r_V_564_fu_80144_p2          |         -|   0|  0|   16|           9|           9|
    |r_V_565_fu_80168_p2          |         -|   0|  0|   17|          10|          10|
    |r_V_566_fu_80192_p2          |         -|   0|  0|   17|          10|          10|
    |r_V_567_fu_80216_p2          |         -|   0|  0|   15|           1|           8|
    |r_V_568_fu_80236_p2          |         -|   0|  0|   17|          10|          10|
    |r_V_571_fu_80276_p2          |         -|   0|  0|   18|          11|          11|
    |r_V_572_fu_80310_p2          |         -|   0|  0|   18|          11|          11|
    |r_V_574_fu_80356_p2          |         -|   0|  0|   14|           1|           7|
    |r_V_575_fu_80400_p2          |         -|   0|  0|   15|           1|           8|
    |r_V_576_fu_80454_p2          |         -|   0|  0|   16|           9|           9|
    |r_V_577_fu_80474_p2          |         -|   0|  0|   16|           9|           9|
    |r_V_578_fu_80512_p2          |         -|   0|  0|   17|          10|          10|
    |r_V_583_fu_80552_p2          |         -|   0|  0|   17|          10|          10|
    |r_V_584_fu_80584_p2          |         -|   0|  0|   17|          10|          10|
    |r_V_586_fu_80604_p2          |         -|   0|  0|   17|          10|          10|
    |r_V_616_fu_80502_p2          |         -|   0|  0|   16|           1|           9|
    |r_V_631_fu_80642_p2          |         -|   0|  0|   17|           1|          10|
    |r_V_654_fu_80708_p2          |         -|   0|  0|   14|           1|           7|
    |r_V_684_fu_80744_p2          |         -|   0|  0|   17|          10|          10|
    |r_V_694_fu_80780_p2          |         -|   0|  0|   16|           9|           9|
    |r_V_713_fu_80844_p2          |         -|   0|  0|   16|           9|           9|
    |r_V_725_fu_80868_p2          |         -|   0|  0|   16|           1|           9|
    |r_V_736_fu_80896_p2          |         -|   0|  0|   17|          10|          10|
    |r_V_758_fu_80920_p2          |         -|   0|  0|   15|           1|           8|
    |r_V_767_fu_80944_p2          |         -|   0|  0|   17|          10|          10|
    |r_V_781_fu_80964_p2          |         -|   0|  0|   17|          10|          10|
    |r_V_782_fu_81016_p2          |         -|   0|  0|   17|          10|          10|
    |r_V_784_fu_81052_p2          |         -|   0|  0|   15|           1|           8|
    |r_V_803_fu_81072_p2          |         -|   0|  0|   14|           1|           7|
    |r_V_807_fu_81112_p2          |         -|   0|  0|   16|           1|           9|
    |r_V_833_fu_81136_p2          |         -|   0|  0|   16|           9|           9|
    |r_V_838_fu_81174_p2          |         -|   0|  0|   18|          11|          11|
    |r_V_845_fu_81216_p2          |         -|   0|  0|   16|           9|           9|
    |r_V_848_fu_81240_p2          |         -|   0|  0|   17|          10|          10|
    |r_V_890_fu_81280_p2          |         -|   0|  0|   18|          11|          11|
    |r_V_905_fu_81300_p2          |         -|   0|  0|   17|          10|          10|
    |r_V_936_fu_81324_p2          |         -|   0|  0|   17|          10|          10|
    |r_V_946_fu_81364_p2          |         -|   0|  0|   18|          11|          11|
    |r_V_969_fu_81443_p2          |         -|   0|  0|   17|          10|          10|
    |r_V_970_fu_81467_p2          |         -|   0|  0|   16|           9|           9|
    |r_V_975_fu_81499_p2          |         -|   0|  0|   17|          10|          10|
    |r_V_976_fu_81519_p2          |         -|   0|  0|   14|           1|           7|
    |r_V_977_fu_81539_p2          |         -|   0|  0|   17|          10|          10|
    |r_V_978_fu_81563_p2          |         -|   0|  0|   17|          10|          10|
    |r_V_979_fu_81601_p2          |         -|   0|  0|   15|           1|           8|
    |r_V_fu_77238_p2              |         -|   0|  0|   17|          10|          10|
    |sub_ln1273_125_fu_80300_p2   |         -|   0|  0|   17|           1|          10|
    |sub_ln1273_147_fu_81164_p2   |         -|   0|  0|   17|           1|          10|
    |sub_ln1273_166_fu_81991_p2   |         -|   0|  0|   17|           1|          10|
    |sub_ln1273_174_fu_82263_p2   |         -|   0|  0|   17|           1|          10|
    |sub_ln1273_186_fu_82822_p2   |         -|   0|  0|   17|           1|          10|
    |sub_ln1273_254_fu_90619_p2   |         -|   0|  0|   17|           1|          10|
    |sub_ln1273_274_fu_91304_p2   |         -|   0|  0|   17|           1|          10|
    |sub_ln1273_300_fu_85300_p2   |         -|   0|  0|   16|           1|           9|
    |sub_ln1273_61_fu_77702_p2    |         -|   0|  0|   17|           1|          10|
    |sub_ln1273_78_fu_78417_p2    |         -|   0|  0|   17|           1|          10|
    |sub_ln1273_82_fu_78495_p2    |         -|   0|  0|   16|           1|           9|
    |sub_ln1273_94_fu_78925_p2    |         -|   0|  0|   16|           1|           9|
    |sub_ln1273_99_fu_79101_p2    |         -|   0|  0|   17|           1|          10|
    |sub_ln1273_fu_77408_p2       |         -|   0|  0|   17|           1|          10|
    +-----------------------------+----------+----+---+-----+------------+------------+
    |Total                        |          |   0|  0|26061|       15531|       16613|
    +-----------------------------+----------+----+---+-----+------------+------------+

    * Multiplexer: 
    +--------------+----+-----------+-----+-----------+
    |     Name     | LUT| Input Size| Bits| Total Bits|
    +--------------+----+-----------+-----+-----------+
    |ap_NS_fsm     |  14|          3|    1|          3|
    |ap_return_0   |   9|          2|   16|         32|
    |ap_return_1   |   9|          2|   16|         32|
    |ap_return_10  |   9|          2|   16|         32|
    |ap_return_11  |   9|          2|   16|         32|
    |ap_return_12  |   9|          2|   16|         32|
    |ap_return_13  |   9|          2|   16|         32|
    |ap_return_14  |   9|          2|   16|         32|
    |ap_return_15  |   9|          2|   16|         32|
    |ap_return_16  |   9|          2|   16|         32|
    |ap_return_17  |   9|          2|   16|         32|
    |ap_return_18  |   9|          2|   16|         32|
    |ap_return_19  |   9|          2|   16|         32|
    |ap_return_2   |   9|          2|   16|         32|
    |ap_return_20  |   9|          2|   16|         32|
    |ap_return_21  |   9|          2|   16|         32|
    |ap_return_22  |   9|          2|   16|         32|
    |ap_return_23  |   9|          2|   16|         32|
    |ap_return_24  |   9|          2|   16|         32|
    |ap_return_25  |   9|          2|   16|         32|
    |ap_return_26  |   9|          2|   16|         32|
    |ap_return_27  |   9|          2|   16|         32|
    |ap_return_28  |   9|          2|   16|         32|
    |ap_return_29  |   9|          2|   16|         32|
    |ap_return_3   |   9|          2|   16|         32|
    |ap_return_30  |   9|          2|   16|         32|
    |ap_return_31  |   9|          2|   16|         32|
    |ap_return_32  |   9|          2|   16|         32|
    |ap_return_33  |   9|          2|   16|         32|
    |ap_return_34  |   9|          2|   16|         32|
    |ap_return_35  |   9|          2|   16|         32|
    |ap_return_36  |   9|          2|   16|         32|
    |ap_return_37  |   9|          2|   16|         32|
    |ap_return_38  |   9|          2|   16|         32|
    |ap_return_39  |   9|          2|   16|         32|
    |ap_return_4   |   9|          2|   16|         32|
    |ap_return_40  |   9|          2|   16|         32|
    |ap_return_41  |   9|          2|   16|         32|
    |ap_return_42  |   9|          2|   16|         32|
    |ap_return_43  |   9|          2|   16|         32|
    |ap_return_44  |   9|          2|   16|         32|
    |ap_return_45  |   9|          2|   16|         32|
    |ap_return_46  |   9|          2|   16|         32|
    |ap_return_47  |   9|          2|   16|         32|
    |ap_return_48  |   9|          2|   16|         32|
    |ap_return_49  |   9|          2|   16|         32|
    |ap_return_5   |   9|          2|   16|         32|
    |ap_return_50  |   9|          2|   16|         32|
    |ap_return_51  |   9|          2|   16|         32|
    |ap_return_52  |   9|          2|   16|         32|
    |ap_return_53  |   9|          2|   16|         32|
    |ap_return_54  |   9|          2|   16|         32|
    |ap_return_55  |   9|          2|   16|         32|
    |ap_return_56  |   9|          2|   16|         32|
    |ap_return_57  |   9|          2|   16|         32|
    |ap_return_58  |   9|          2|   16|         32|
    |ap_return_59  |   9|          2|   16|         32|
    |ap_return_6   |   9|          2|   16|         32|
    |ap_return_60  |   9|          2|   16|         32|
    |ap_return_61  |   9|          2|   16|         32|
    |ap_return_62  |   9|          2|   16|         32|
    |ap_return_63  |   9|          2|   16|         32|
    |ap_return_7   |   9|          2|   16|         32|
    |ap_return_8   |   9|          2|   16|         32|
    |ap_return_9   |   9|          2|   16|         32|
    +--------------+----+-----------+-----+-----------+
    |Total         | 590|        131| 1025|       2051|
    +--------------+----+-----------+-----+-----------+

    * Register: 
    +----------------------------+----+----+-----+-----------+
    |            Name            | FF | LUT| Bits| Const Bits|
    +----------------------------+----+----+-----+-----------+
    |add_ln813_1015_reg_101837   |  14|   0|   14|          0|
    |add_ln813_1017_reg_101842   |   7|   0|    7|          0|
    |add_ln813_1037_reg_101847   |  14|   0|   14|          0|
    |add_ln813_1041_reg_101852   |   9|   0|    9|          0|
    |add_ln813_1051_reg_101857   |  14|   0|   14|          0|
    |add_ln813_1072_reg_101862   |  13|   0|   13|          0|
    |add_ln813_1088_reg_101867   |  13|   0|   13|          0|
    |add_ln813_1089_reg_101872   |  10|   0|   10|          0|
    |add_ln813_1094_reg_101877   |  10|   0|   10|          0|
    |add_ln813_1111_reg_101882   |  14|   0|   14|          0|
    |add_ln813_1113_reg_101887   |   7|   0|    7|          0|
    |add_ln813_1127_reg_101892   |  13|   0|   13|          0|
    |add_ln813_1145_reg_101897   |  12|   0|   12|          0|
    |add_ln813_1163_reg_101902   |  12|   0|   12|          0|
    |add_ln813_1177_reg_101907   |  14|   0|   14|          0|
    |add_ln813_1188_reg_101912   |  11|   0|   11|          0|
    |add_ln813_1200_reg_101917   |  13|   0|   13|          0|
    |add_ln813_1216_reg_101922   |  12|   0|   12|          0|
    |add_ln813_1236_reg_101927   |  13|   0|   13|          0|
    |add_ln813_1241_reg_101932   |   8|   0|    8|          0|
    |add_ln813_1255_reg_101937   |  14|   0|   14|          0|
    |add_ln813_1269_reg_101942   |  13|   0|   13|          0|
    |add_ln813_1283_reg_101947   |  14|   0|   14|          0|
    |add_ln813_1285_reg_101952   |   8|   0|    8|          0|
    |add_ln813_1300_reg_101957   |  13|   0|   13|          0|
    |add_ln813_1301_reg_101962   |  13|   0|   13|          0|
    |add_ln813_1305_reg_101967   |   9|   0|   10|          1|
    |add_ln813_1311_reg_101972   |  10|   0|   10|          0|
    |add_ln813_1325_reg_101977   |  14|   0|   14|          0|
    |add_ln813_1338_reg_101982   |  14|   0|   14|          0|
    |add_ln813_1340_reg_101987   |   9|   0|    9|          0|
    |add_ln813_1343_reg_101992   |  10|   0|   10|          0|
    |add_ln813_1357_reg_101997   |  13|   0|   13|          0|
    |add_ln813_1371_reg_102002   |  11|   0|   11|          0|
    |add_ln813_1372_reg_102007   |   8|   0|    9|          1|
    |add_ln813_1374_reg_102012   |  11|   0|   11|          0|
    |add_ln813_1378_reg_102017   |  10|   0|   10|          0|
    |add_ln813_1392_reg_102022   |  14|   0|   14|          0|
    |add_ln813_1393_reg_102027   |   8|   0|    8|          0|
    |add_ln813_1411_reg_102032   |  11|   0|   11|          0|
    |add_ln813_1414_reg_102037   |   9|   0|    9|          0|
    |add_ln813_1420_reg_102042   |   9|   0|    9|          0|
    |add_ln813_1433_reg_102047   |  13|   0|   13|          0|
    |add_ln813_1451_reg_102052   |  14|   0|   14|          0|
    |add_ln813_1456_reg_102057   |   7|   0|    7|          0|
    |add_ln813_1461_reg_102062   |   8|   0|    8|          0|
    |add_ln813_1478_reg_102067   |  14|   0|   14|          0|
    |add_ln813_1495_reg_102072   |  13|   0|   13|          0|
    |add_ln813_1507_reg_102077   |  11|   0|   11|          0|
    |add_ln813_1509_reg_102082   |  10|   0|   10|          0|
    |add_ln813_1520_reg_102087   |  13|   0|   13|          0|
    |add_ln813_1522_reg_102092   |  11|   0|   11|          0|
    |add_ln813_1526_reg_102097   |   8|   0|    8|          0|
    |add_ln813_1538_reg_102102   |  13|   0|   13|          0|
    |add_ln813_1540_reg_102107   |   8|   0|    8|          0|
    |add_ln813_1557_reg_102112   |  13|   0|   13|          0|
    |add_ln813_1579_reg_102117   |  15|   0|   15|          0|
    |add_ln813_1595_reg_102122   |  14|   0|   14|          0|
    |add_ln813_1597_reg_102127   |  12|   0|   12|          0|
    |add_ln813_1602_reg_102132   |  11|   0|   11|          0|
    |add_ln813_1620_reg_102137   |  14|   0|   14|          0|
    |add_ln813_1623_reg_102142   |  13|   0|   13|          0|
    |add_ln813_1637_reg_102147   |  14|   0|   14|          0|
    |add_ln813_1639_reg_102152   |   9|   0|    9|          0|
    |add_ln813_1653_reg_102157   |  14|   0|   14|          0|
    |add_ln813_1654_reg_102162   |   9|   0|    9|          0|
    |add_ln813_1671_reg_102167   |  14|   0|   14|          0|
    |add_ln813_1672_reg_102172   |   8|   0|    8|          0|
    |add_ln813_1690_reg_102177   |  13|   0|   13|          0|
    |add_ln813_1701_reg_102182   |  14|   0|   14|          0|
    |add_ln813_1703_reg_102187   |   9|   0|    9|          0|
    |add_ln813_1712_reg_102192   |  11|   0|   11|          0|
    |add_ln813_1727_reg_102197   |  13|   0|   13|          0|
    |add_ln813_1743_reg_102202   |  13|   0|   13|          0|
    |add_ln813_645_reg_101642    |  13|   0|   13|          0|
    |add_ln813_661_reg_101647    |  14|   0|   14|          0|
    |add_ln813_676_reg_101652    |  12|   0|   12|          0|
    |add_ln813_681_reg_101657    |  11|   0|   11|          0|
    |add_ln813_692_reg_101662    |  14|   0|   14|          0|
    |add_ln813_705_reg_101667    |  13|   0|   13|          0|
    |add_ln813_709_reg_101672    |  10|   0|   10|          0|
    |add_ln813_720_reg_101677    |  14|   0|   14|          0|
    |add_ln813_722_reg_101682    |   9|   0|    9|          0|
    |add_ln813_740_reg_101687    |  13|   0|   13|          0|
    |add_ln813_741_reg_101692    |  12|   0|   12|          0|
    |add_ln813_745_reg_101697    |  10|   0|   10|          0|
    |add_ln813_762_reg_101702    |  13|   0|   13|          0|
    |add_ln813_775_reg_101707    |  14|   0|   14|          0|
    |add_ln813_782_reg_101712    |  11|   0|   11|          0|
    |add_ln813_793_reg_101717    |  13|   0|   13|          0|
    |add_ln813_794_reg_101722    |  13|   0|   13|          0|
    |add_ln813_812_reg_101727    |  13|   0|   13|          0|
    |add_ln813_824_reg_101732    |  14|   0|   14|          0|
    |add_ln813_839_reg_101737    |  13|   0|   13|          0|
    |add_ln813_850_reg_101742    |  13|   0|   13|          0|
    |add_ln813_851_reg_101747    |  13|   0|   13|          0|
    |add_ln813_855_reg_101752    |  10|   0|   10|          0|
    |add_ln813_874_reg_101757    |  15|   0|   15|          0|
    |add_ln813_888_reg_101762    |  14|   0|   14|          0|
    |add_ln813_894_reg_101767    |  10|   0|   10|          0|
    |add_ln813_902_reg_101772    |  14|   0|   14|          0|
    |add_ln813_910_reg_101777    |  11|   0|   11|          0|
    |add_ln813_923_reg_101782    |  14|   0|   14|          0|
    |add_ln813_924_reg_101787    |  10|   0|   10|          0|
    |add_ln813_935_reg_101792    |  14|   0|   14|          0|
    |add_ln813_941_reg_101797    |  11|   0|   11|          0|
    |add_ln813_955_reg_101802    |  13|   0|   13|          0|
    |add_ln813_962_reg_101807    |   7|   0|    7|          0|
    |add_ln813_974_reg_101812    |  13|   0|   13|          0|
    |add_ln813_980_reg_101817    |  10|   0|   10|          0|
    |add_ln813_994_reg_101822    |  14|   0|   14|          0|
    |add_ln813_996_reg_101827    |  10|   0|   10|          0|
    |add_ln813_998_reg_101832    |  10|   0|   10|          0|
    |ap_CS_fsm                   |   2|   0|    2|          0|
    |ap_return_0_preg            |  16|   0|   16|          0|
    |ap_return_10_preg           |  16|   0|   16|          0|
    |ap_return_11_preg           |  16|   0|   16|          0|
    |ap_return_12_preg           |  16|   0|   16|          0|
    |ap_return_13_preg           |  16|   0|   16|          0|
    |ap_return_14_preg           |  16|   0|   16|          0|
    |ap_return_15_preg           |  16|   0|   16|          0|
    |ap_return_16_preg           |  16|   0|   16|          0|
    |ap_return_17_preg           |  16|   0|   16|          0|
    |ap_return_18_preg           |  16|   0|   16|          0|
    |ap_return_19_preg           |  16|   0|   16|          0|
    |ap_return_1_preg            |  16|   0|   16|          0|
    |ap_return_20_preg           |  16|   0|   16|          0|
    |ap_return_21_preg           |  16|   0|   16|          0|
    |ap_return_22_preg           |  16|   0|   16|          0|
    |ap_return_23_preg           |  16|   0|   16|          0|
    |ap_return_24_preg           |  16|   0|   16|          0|
    |ap_return_25_preg           |  16|   0|   16|          0|
    |ap_return_26_preg           |  16|   0|   16|          0|
    |ap_return_27_preg           |  16|   0|   16|          0|
    |ap_return_28_preg           |  16|   0|   16|          0|
    |ap_return_29_preg           |  16|   0|   16|          0|
    |ap_return_2_preg            |  16|   0|   16|          0|
    |ap_return_30_preg           |  16|   0|   16|          0|
    |ap_return_31_preg           |  16|   0|   16|          0|
    |ap_return_32_preg           |  16|   0|   16|          0|
    |ap_return_33_preg           |  16|   0|   16|          0|
    |ap_return_34_preg           |  16|   0|   16|          0|
    |ap_return_35_preg           |  16|   0|   16|          0|
    |ap_return_36_preg           |  16|   0|   16|          0|
    |ap_return_37_preg           |  16|   0|   16|          0|
    |ap_return_38_preg           |  16|   0|   16|          0|
    |ap_return_39_preg           |  16|   0|   16|          0|
    |ap_return_3_preg            |  16|   0|   16|          0|
    |ap_return_40_preg           |  16|   0|   16|          0|
    |ap_return_41_preg           |  16|   0|   16|          0|
    |ap_return_42_preg           |  16|   0|   16|          0|
    |ap_return_43_preg           |  16|   0|   16|          0|
    |ap_return_44_preg           |  16|   0|   16|          0|
    |ap_return_45_preg           |  16|   0|   16|          0|
    |ap_return_46_preg           |  16|   0|   16|          0|
    |ap_return_47_preg           |  16|   0|   16|          0|
    |ap_return_48_preg           |  16|   0|   16|          0|
    |ap_return_49_preg           |  16|   0|   16|          0|
    |ap_return_4_preg            |  16|   0|   16|          0|
    |ap_return_50_preg           |  16|   0|   16|          0|
    |ap_return_51_preg           |  16|   0|   16|          0|
    |ap_return_52_preg           |  16|   0|   16|          0|
    |ap_return_53_preg           |  16|   0|   16|          0|
    |ap_return_54_preg           |  16|   0|   16|          0|
    |ap_return_55_preg           |  16|   0|   16|          0|
    |ap_return_56_preg           |  16|   0|   16|          0|
    |ap_return_57_preg           |  16|   0|   16|          0|
    |ap_return_58_preg           |  16|   0|   16|          0|
    |ap_return_59_preg           |  16|   0|   16|          0|
    |ap_return_5_preg            |  16|   0|   16|          0|
    |ap_return_60_preg           |  16|   0|   16|          0|
    |ap_return_61_preg           |  16|   0|   16|          0|
    |ap_return_62_preg           |  16|   0|   16|          0|
    |ap_return_63_preg           |  16|   0|   16|          0|
    |ap_return_6_preg            |  16|   0|   16|          0|
    |ap_return_7_preg            |  16|   0|   16|          0|
    |ap_return_8_preg            |  16|   0|   16|          0|
    |ap_return_9_preg            |  16|   0|   16|          0|
    |mult_V_427_reg_101016       |   8|   0|    8|          0|
    |mult_V_444_reg_101103       |   8|   0|    8|          0|
    |mult_V_448_reg_101123       |   5|   0|    5|          0|
    |mult_V_449_reg_101144       |   9|   0|    9|          0|
    |mult_V_451_reg_101160       |   5|   0|    5|          0|
    |mult_V_454_reg_101180       |   8|   0|    8|          0|
    |mult_V_458_reg_101221       |   8|   0|    8|          0|
    |mult_V_459_reg_101226       |   5|   0|    5|          0|
    |mult_V_460_reg_101231       |   5|   0|    5|          0|
    |mult_V_468_reg_101337       |   5|   0|    5|          0|
    |mult_V_472_reg_101374       |   5|   0|    5|          0|
    |mult_V_479_reg_101418       |   5|   0|    5|          0|
    |mult_V_480_reg_101423       |   8|   0|    8|          0|
    |mult_V_483_reg_101428       |   6|   0|    7|          1|
    |mult_V_484_reg_101440       |   5|   0|    5|          0|
    |mult_V_488_reg_101462       |   5|   0|    5|          0|
    |mult_V_498_reg_101516       |   5|   0|    5|          0|
    |mult_V_502_reg_101550       |   5|   0|    5|          0|
    |mult_V_509_reg_101599       |   5|   0|    5|          0|
    |mult_V_518_reg_101604       |   5|   0|    5|          0|
    |mult_V_545_reg_101057       |   6|   0|    8|          2|
    |mult_V_548_reg_101259       |   6|   0|    7|          1|
    |r_V_1154_reg_101348         |   7|   0|    9|          2|
    |r_V_1246_reg_101534         |   7|   0|    9|          2|
    |r_V_1261_reg_101561         |   7|   0|    9|          2|
    |r_V_1317_reg_101618         |   7|   0|   10|          3|
    |r_V_1368_reg_101149         |   6|   0|    7|          1|
    |r_V_1371_reg_101297         |   6|   0|    7|          1|
    |r_V_1375_reg_101435         |   6|   0|    8|          2|
    |r_V_1377_reg_101489         |   6|   0|    8|          2|
    |r_V_16_reg_101522           |   6|   0|    8|          2|
    |sext_ln1273_136_reg_101037  |  11|   0|   11|          0|
    |sext_ln17_414_reg_100996    |  11|   0|   11|          0|
    |sext_ln17_432_reg_101128    |  10|   0|   10|          0|
    |sext_ln17_433_reg_101133    |   8|   0|    9|          1|
    |sext_ln17_434_reg_101139    |  11|   0|   11|          0|
    |sext_ln17_437_reg_101154    |   8|   0|    9|          1|
    |sext_ln17_443_reg_101206    |   8|   0|    8|          0|
    |sext_ln17_456_reg_101307    |   8|   0|    8|          0|
    |sext_ln17_461_reg_101363    |  11|   0|   11|          0|
    |sext_ln17_467_reg_101412    |  11|   0|   11|          0|
    |sext_ln17_478_reg_101500    |   7|   0|    7|          0|
    |sext_ln818_17_reg_101027    |   9|   0|    9|          0|
    |sub_ln1273_300_reg_101505   |   7|   0|    9|          2|
    |trunc_ln818_187_reg_100960  |   7|   0|    9|          2|
    |trunc_ln818_197_reg_100970  |   9|   0|    9|          0|
    |trunc_ln818_199_reg_100976  |   6|   0|    6|          0|
    |trunc_ln818_204_reg_100981  |   9|   0|    9|          0|
    |trunc_ln818_210_reg_100986  |   8|   0|    8|          0|
    |trunc_ln818_217_reg_100991  |   8|   0|    8|          0|
    |trunc_ln818_226_reg_101006  |   9|   0|    9|          0|
    |trunc_ln818_234_reg_101022  |   9|   0|    9|          0|
    |trunc_ln818_238_reg_101032  |   7|   0|    8|          1|
    |trunc_ln818_246_reg_101042  |   7|   0|    7|          0|
    |trunc_ln818_247_reg_101047  |  10|   0|   10|          0|
    |trunc_ln818_249_reg_101052  |   9|   0|    9|          0|
    |trunc_ln818_252_reg_101062  |   8|   0|    8|          0|
    |trunc_ln818_254_reg_101067  |   9|   0|    9|          0|
    |trunc_ln818_261_reg_101072  |   7|   0|    8|          1|
    |trunc_ln818_262_reg_101077  |   9|   0|    9|          0|
    |trunc_ln818_263_reg_101093  |   6|   0|    6|          0|
    |trunc_ln818_266_reg_101098  |   8|   0|    8|          0|
    |trunc_ln818_270_reg_101113  |   9|   0|    9|          0|
    |trunc_ln818_272_reg_101118  |   9|   0|    9|          0|
    |trunc_ln818_286_reg_101165  |   9|   0|    9|          0|
    |trunc_ln818_291_reg_101170  |   9|   0|    9|          0|
    |trunc_ln818_292_reg_101175  |   7|   0|    8|          1|
    |trunc_ln818_293_reg_101185  |   7|   0|    7|          0|
    |trunc_ln818_295_reg_101201  |   7|   0|    7|          0|
    |trunc_ln818_302_reg_101237  |   9|   0|    9|          0|
    |trunc_ln818_303_reg_101242  |   6|   0|    6|          0|
    |trunc_ln818_305_reg_101254  |   8|   0|    8|          0|
    |trunc_ln818_308_reg_101265  |   9|   0|    9|          0|
    |trunc_ln818_309_reg_101270  |   7|   0|    7|          0|
    |trunc_ln818_310_reg_101275  |   7|   0|    8|          1|
    |trunc_ln818_312_reg_101280  |   8|   0|    8|          0|
    |trunc_ln818_315_reg_101302  |   7|   0|    7|          0|
    |trunc_ln818_317_reg_101320  |   9|   0|    9|          0|
    |trunc_ln818_324_reg_101331  |   6|   0|    6|          0|
    |trunc_ln818_325_reg_101353  |   7|   0|    8|          1|
    |trunc_ln818_326_reg_101358  |   8|   0|    8|          0|
    |trunc_ln818_341_reg_101401  |   8|   0|    8|          0|
    |trunc_ln818_342_reg_101407  |   8|   0|    8|          0|
    |trunc_ln818_362_reg_101457  |   9|   0|    9|          0|
    |trunc_ln818_365_reg_101468  |   7|   0|    8|          1|
    |trunc_ln818_380_reg_101494  |   6|   0|    6|          0|
    |trunc_ln818_384_reg_101510  |   8|   0|    8|          0|
    |trunc_ln818_389_reg_101539  |   6|   0|    6|          0|
    |trunc_ln818_391_reg_101544  |   7|   0|    8|          1|
    |trunc_ln818_401_reg_101566  |   7|   0|    8|          1|
    |trunc_ln818_404_reg_101586  |   9|   0|    9|          0|
    |trunc_ln818_408_reg_101592  |   7|   0|    8|          1|
    |trunc_ln818_448_reg_101636  |   8|   0|    8|          0|
    |zext_ln1270_17_reg_101211   |   6|   0|    9|          3|
    |zext_ln1270_24_reg_101555   |   6|   0|    9|          3|
    |zext_ln1270_25_reg_101572   |   6|   0|    9|          3|
    |zext_ln1273_336_reg_101001  |   6|   0|    7|          1|
    |zext_ln1273_377_reg_101082  |   6|   0|    7|          1|
    |zext_ln1273_385_reg_101108  |   6|   0|    8|          2|
    |zext_ln1273_407_reg_101190  |   6|   0|    7|          1|
    |zext_ln1273_410_reg_101196  |   6|   0|    8|          2|
    |zext_ln1273_419_reg_101247  |   6|   0|   10|          4|
    |zext_ln1273_423_reg_101285  |   6|   0|   10|          4|
    |zext_ln1273_426_reg_101292  |   6|   0|    8|          2|
    |zext_ln1273_432_reg_101312  |   6|   0|   10|          4|
    |zext_ln1273_436_reg_101326  |   6|   0|    7|          1|
    |zext_ln1273_437_reg_101342  |   6|   0|    9|          3|
    |zext_ln1273_443_reg_101368  |   6|   0|    7|          1|
    |zext_ln1273_445_reg_101381  |   6|   0|   10|          4|
    |zext_ln1273_449_reg_101388  |   6|   0|   10|          4|
    |zext_ln1273_453_reg_101394  |   6|   0|   10|          4|
    |zext_ln1273_485_reg_101445  |   6|   0|   10|          4|
    |zext_ln1273_486_reg_101450  |   6|   0|    9|          3|
    |zext_ln1273_499_reg_101478  |   6|   0|    7|          1|
    |zext_ln1273_501_reg_101483  |   6|   0|   10|          4|
    |zext_ln1273_513_reg_101527  |   6|   0|    9|          3|
    |zext_ln1273_529_reg_101579  |   6|   0|   10|          4|
    |zext_ln1273_561_reg_101611  |   6|   0|   10|          4|
    |zext_ln1273_564_reg_101623  |   6|   0|    9|          3|
    |zext_ln1273_566_reg_101629  |   6|   0|    9|          3|
    |zext_ln17_329_reg_100965    |   5|   0|    8|          3|
    |zext_ln17_355_reg_101011    |  11|   0|   14|          3|
    |zext_ln17_380_reg_101088    |   6|   0|    9|          3|
    |zext_ln17_399_reg_101216    |   6|   0|    9|          3|
    |zext_ln17_440_reg_101473    |   6|   0|   10|          4|
    +----------------------------+----+----+-----+-----------+
    |Total                       |3244|   0| 3374|        130|
    +----------------------------+----+----+-----+-----------+



================================================================
== Interface
================================================================
* Summary: 
+--------------+-----+-----+------------+-----------------------------------------------------------------------------+--------------+
|   RTL Ports  | Dir | Bits|  Protocol  |                                Source Object                                |    C Type    |
+--------------+-----+-----+------------+-----------------------------------------------------------------------------+--------------+
|ap_clk        |   in|    1|  ap_ctrl_hs|  dense_wrapper<ap_ufixed<6, 0, 4, 0, 0>, ap_fixed<16, 6, 5, 3, 0>, config19>|  return value|
|ap_rst        |   in|    1|  ap_ctrl_hs|  dense_wrapper<ap_ufixed<6, 0, 4, 0, 0>, ap_fixed<16, 6, 5, 3, 0>, config19>|  return value|
|ap_start      |   in|    1|  ap_ctrl_hs|  dense_wrapper<ap_ufixed<6, 0, 4, 0, 0>, ap_fixed<16, 6, 5, 3, 0>, config19>|  return value|
|ap_done       |  out|    1|  ap_ctrl_hs|  dense_wrapper<ap_ufixed<6, 0, 4, 0, 0>, ap_fixed<16, 6, 5, 3, 0>, config19>|  return value|
|ap_idle       |  out|    1|  ap_ctrl_hs|  dense_wrapper<ap_ufixed<6, 0, 4, 0, 0>, ap_fixed<16, 6, 5, 3, 0>, config19>|  return value|
|ap_ready      |  out|    1|  ap_ctrl_hs|  dense_wrapper<ap_ufixed<6, 0, 4, 0, 0>, ap_fixed<16, 6, 5, 3, 0>, config19>|  return value|
|ap_return_0   |  out|   16|  ap_ctrl_hs|  dense_wrapper<ap_ufixed<6, 0, 4, 0, 0>, ap_fixed<16, 6, 5, 3, 0>, config19>|  return value|
|ap_return_1   |  out|   16|  ap_ctrl_hs|  dense_wrapper<ap_ufixed<6, 0, 4, 0, 0>, ap_fixed<16, 6, 5, 3, 0>, config19>|  return value|
|ap_return_2   |  out|   16|  ap_ctrl_hs|  dense_wrapper<ap_ufixed<6, 0, 4, 0, 0>, ap_fixed<16, 6, 5, 3, 0>, config19>|  return value|
|ap_return_3   |  out|   16|  ap_ctrl_hs|  dense_wrapper<ap_ufixed<6, 0, 4, 0, 0>, ap_fixed<16, 6, 5, 3, 0>, config19>|  return value|
|ap_return_4   |  out|   16|  ap_ctrl_hs|  dense_wrapper<ap_ufixed<6, 0, 4, 0, 0>, ap_fixed<16, 6, 5, 3, 0>, config19>|  return value|
|ap_return_5   |  out|   16|  ap_ctrl_hs|  dense_wrapper<ap_ufixed<6, 0, 4, 0, 0>, ap_fixed<16, 6, 5, 3, 0>, config19>|  return value|
|ap_return_6   |  out|   16|  ap_ctrl_hs|  dense_wrapper<ap_ufixed<6, 0, 4, 0, 0>, ap_fixed<16, 6, 5, 3, 0>, config19>|  return value|
|ap_return_7   |  out|   16|  ap_ctrl_hs|  dense_wrapper<ap_ufixed<6, 0, 4, 0, 0>, ap_fixed<16, 6, 5, 3, 0>, config19>|  return value|
|ap_return_8   |  out|   16|  ap_ctrl_hs|  dense_wrapper<ap_ufixed<6, 0, 4, 0, 0>, ap_fixed<16, 6, 5, 3, 0>, config19>|  return value|
|ap_return_9   |  out|   16|  ap_ctrl_hs|  dense_wrapper<ap_ufixed<6, 0, 4, 0, 0>, ap_fixed<16, 6, 5, 3, 0>, config19>|  return value|
|ap_return_10  |  out|   16|  ap_ctrl_hs|  dense_wrapper<ap_ufixed<6, 0, 4, 0, 0>, ap_fixed<16, 6, 5, 3, 0>, config19>|  return value|
|ap_return_11  |  out|   16|  ap_ctrl_hs|  dense_wrapper<ap_ufixed<6, 0, 4, 0, 0>, ap_fixed<16, 6, 5, 3, 0>, config19>|  return value|
|ap_return_12  |  out|   16|  ap_ctrl_hs|  dense_wrapper<ap_ufixed<6, 0, 4, 0, 0>, ap_fixed<16, 6, 5, 3, 0>, config19>|  return value|
|ap_return_13  |  out|   16|  ap_ctrl_hs|  dense_wrapper<ap_ufixed<6, 0, 4, 0, 0>, ap_fixed<16, 6, 5, 3, 0>, config19>|  return value|
|ap_return_14  |  out|   16|  ap_ctrl_hs|  dense_wrapper<ap_ufixed<6, 0, 4, 0, 0>, ap_fixed<16, 6, 5, 3, 0>, config19>|  return value|
|ap_return_15  |  out|   16|  ap_ctrl_hs|  dense_wrapper<ap_ufixed<6, 0, 4, 0, 0>, ap_fixed<16, 6, 5, 3, 0>, config19>|  return value|
|ap_return_16  |  out|   16|  ap_ctrl_hs|  dense_wrapper<ap_ufixed<6, 0, 4, 0, 0>, ap_fixed<16, 6, 5, 3, 0>, config19>|  return value|
|ap_return_17  |  out|   16|  ap_ctrl_hs|  dense_wrapper<ap_ufixed<6, 0, 4, 0, 0>, ap_fixed<16, 6, 5, 3, 0>, config19>|  return value|
|ap_return_18  |  out|   16|  ap_ctrl_hs|  dense_wrapper<ap_ufixed<6, 0, 4, 0, 0>, ap_fixed<16, 6, 5, 3, 0>, config19>|  return value|
|ap_return_19  |  out|   16|  ap_ctrl_hs|  dense_wrapper<ap_ufixed<6, 0, 4, 0, 0>, ap_fixed<16, 6, 5, 3, 0>, config19>|  return value|
|ap_return_20  |  out|   16|  ap_ctrl_hs|  dense_wrapper<ap_ufixed<6, 0, 4, 0, 0>, ap_fixed<16, 6, 5, 3, 0>, config19>|  return value|
|ap_return_21  |  out|   16|  ap_ctrl_hs|  dense_wrapper<ap_ufixed<6, 0, 4, 0, 0>, ap_fixed<16, 6, 5, 3, 0>, config19>|  return value|
|ap_return_22  |  out|   16|  ap_ctrl_hs|  dense_wrapper<ap_ufixed<6, 0, 4, 0, 0>, ap_fixed<16, 6, 5, 3, 0>, config19>|  return value|
|ap_return_23  |  out|   16|  ap_ctrl_hs|  dense_wrapper<ap_ufixed<6, 0, 4, 0, 0>, ap_fixed<16, 6, 5, 3, 0>, config19>|  return value|
|ap_return_24  |  out|   16|  ap_ctrl_hs|  dense_wrapper<ap_ufixed<6, 0, 4, 0, 0>, ap_fixed<16, 6, 5, 3, 0>, config19>|  return value|
|ap_return_25  |  out|   16|  ap_ctrl_hs|  dense_wrapper<ap_ufixed<6, 0, 4, 0, 0>, ap_fixed<16, 6, 5, 3, 0>, config19>|  return value|
|ap_return_26  |  out|   16|  ap_ctrl_hs|  dense_wrapper<ap_ufixed<6, 0, 4, 0, 0>, ap_fixed<16, 6, 5, 3, 0>, config19>|  return value|
|ap_return_27  |  out|   16|  ap_ctrl_hs|  dense_wrapper<ap_ufixed<6, 0, 4, 0, 0>, ap_fixed<16, 6, 5, 3, 0>, config19>|  return value|
|ap_return_28  |  out|   16|  ap_ctrl_hs|  dense_wrapper<ap_ufixed<6, 0, 4, 0, 0>, ap_fixed<16, 6, 5, 3, 0>, config19>|  return value|
|ap_return_29  |  out|   16|  ap_ctrl_hs|  dense_wrapper<ap_ufixed<6, 0, 4, 0, 0>, ap_fixed<16, 6, 5, 3, 0>, config19>|  return value|
|ap_return_30  |  out|   16|  ap_ctrl_hs|  dense_wrapper<ap_ufixed<6, 0, 4, 0, 0>, ap_fixed<16, 6, 5, 3, 0>, config19>|  return value|
|ap_return_31  |  out|   16|  ap_ctrl_hs|  dense_wrapper<ap_ufixed<6, 0, 4, 0, 0>, ap_fixed<16, 6, 5, 3, 0>, config19>|  return value|
|ap_return_32  |  out|   16|  ap_ctrl_hs|  dense_wrapper<ap_ufixed<6, 0, 4, 0, 0>, ap_fixed<16, 6, 5, 3, 0>, config19>|  return value|
|ap_return_33  |  out|   16|  ap_ctrl_hs|  dense_wrapper<ap_ufixed<6, 0, 4, 0, 0>, ap_fixed<16, 6, 5, 3, 0>, config19>|  return value|
|ap_return_34  |  out|   16|  ap_ctrl_hs|  dense_wrapper<ap_ufixed<6, 0, 4, 0, 0>, ap_fixed<16, 6, 5, 3, 0>, config19>|  return value|
|ap_return_35  |  out|   16|  ap_ctrl_hs|  dense_wrapper<ap_ufixed<6, 0, 4, 0, 0>, ap_fixed<16, 6, 5, 3, 0>, config19>|  return value|
|ap_return_36  |  out|   16|  ap_ctrl_hs|  dense_wrapper<ap_ufixed<6, 0, 4, 0, 0>, ap_fixed<16, 6, 5, 3, 0>, config19>|  return value|
|ap_return_37  |  out|   16|  ap_ctrl_hs|  dense_wrapper<ap_ufixed<6, 0, 4, 0, 0>, ap_fixed<16, 6, 5, 3, 0>, config19>|  return value|
|ap_return_38  |  out|   16|  ap_ctrl_hs|  dense_wrapper<ap_ufixed<6, 0, 4, 0, 0>, ap_fixed<16, 6, 5, 3, 0>, config19>|  return value|
|ap_return_39  |  out|   16|  ap_ctrl_hs|  dense_wrapper<ap_ufixed<6, 0, 4, 0, 0>, ap_fixed<16, 6, 5, 3, 0>, config19>|  return value|
|ap_return_40  |  out|   16|  ap_ctrl_hs|  dense_wrapper<ap_ufixed<6, 0, 4, 0, 0>, ap_fixed<16, 6, 5, 3, 0>, config19>|  return value|
|ap_return_41  |  out|   16|  ap_ctrl_hs|  dense_wrapper<ap_ufixed<6, 0, 4, 0, 0>, ap_fixed<16, 6, 5, 3, 0>, config19>|  return value|
|ap_return_42  |  out|   16|  ap_ctrl_hs|  dense_wrapper<ap_ufixed<6, 0, 4, 0, 0>, ap_fixed<16, 6, 5, 3, 0>, config19>|  return value|
|ap_return_43  |  out|   16|  ap_ctrl_hs|  dense_wrapper<ap_ufixed<6, 0, 4, 0, 0>, ap_fixed<16, 6, 5, 3, 0>, config19>|  return value|
|ap_return_44  |  out|   16|  ap_ctrl_hs|  dense_wrapper<ap_ufixed<6, 0, 4, 0, 0>, ap_fixed<16, 6, 5, 3, 0>, config19>|  return value|
|ap_return_45  |  out|   16|  ap_ctrl_hs|  dense_wrapper<ap_ufixed<6, 0, 4, 0, 0>, ap_fixed<16, 6, 5, 3, 0>, config19>|  return value|
|ap_return_46  |  out|   16|  ap_ctrl_hs|  dense_wrapper<ap_ufixed<6, 0, 4, 0, 0>, ap_fixed<16, 6, 5, 3, 0>, config19>|  return value|
|ap_return_47  |  out|   16|  ap_ctrl_hs|  dense_wrapper<ap_ufixed<6, 0, 4, 0, 0>, ap_fixed<16, 6, 5, 3, 0>, config19>|  return value|
|ap_return_48  |  out|   16|  ap_ctrl_hs|  dense_wrapper<ap_ufixed<6, 0, 4, 0, 0>, ap_fixed<16, 6, 5, 3, 0>, config19>|  return value|
|ap_return_49  |  out|   16|  ap_ctrl_hs|  dense_wrapper<ap_ufixed<6, 0, 4, 0, 0>, ap_fixed<16, 6, 5, 3, 0>, config19>|  return value|
|ap_return_50  |  out|   16|  ap_ctrl_hs|  dense_wrapper<ap_ufixed<6, 0, 4, 0, 0>, ap_fixed<16, 6, 5, 3, 0>, config19>|  return value|
|ap_return_51  |  out|   16|  ap_ctrl_hs|  dense_wrapper<ap_ufixed<6, 0, 4, 0, 0>, ap_fixed<16, 6, 5, 3, 0>, config19>|  return value|
|ap_return_52  |  out|   16|  ap_ctrl_hs|  dense_wrapper<ap_ufixed<6, 0, 4, 0, 0>, ap_fixed<16, 6, 5, 3, 0>, config19>|  return value|
|ap_return_53  |  out|   16|  ap_ctrl_hs|  dense_wrapper<ap_ufixed<6, 0, 4, 0, 0>, ap_fixed<16, 6, 5, 3, 0>, config19>|  return value|
|ap_return_54  |  out|   16|  ap_ctrl_hs|  dense_wrapper<ap_ufixed<6, 0, 4, 0, 0>, ap_fixed<16, 6, 5, 3, 0>, config19>|  return value|
|ap_return_55  |  out|   16|  ap_ctrl_hs|  dense_wrapper<ap_ufixed<6, 0, 4, 0, 0>, ap_fixed<16, 6, 5, 3, 0>, config19>|  return value|
|ap_return_56  |  out|   16|  ap_ctrl_hs|  dense_wrapper<ap_ufixed<6, 0, 4, 0, 0>, ap_fixed<16, 6, 5, 3, 0>, config19>|  return value|
|ap_return_57  |  out|   16|  ap_ctrl_hs|  dense_wrapper<ap_ufixed<6, 0, 4, 0, 0>, ap_fixed<16, 6, 5, 3, 0>, config19>|  return value|
|ap_return_58  |  out|   16|  ap_ctrl_hs|  dense_wrapper<ap_ufixed<6, 0, 4, 0, 0>, ap_fixed<16, 6, 5, 3, 0>, config19>|  return value|
|ap_return_59  |  out|   16|  ap_ctrl_hs|  dense_wrapper<ap_ufixed<6, 0, 4, 0, 0>, ap_fixed<16, 6, 5, 3, 0>, config19>|  return value|
|ap_return_60  |  out|   16|  ap_ctrl_hs|  dense_wrapper<ap_ufixed<6, 0, 4, 0, 0>, ap_fixed<16, 6, 5, 3, 0>, config19>|  return value|
|ap_return_61  |  out|   16|  ap_ctrl_hs|  dense_wrapper<ap_ufixed<6, 0, 4, 0, 0>, ap_fixed<16, 6, 5, 3, 0>, config19>|  return value|
|ap_return_62  |  out|   16|  ap_ctrl_hs|  dense_wrapper<ap_ufixed<6, 0, 4, 0, 0>, ap_fixed<16, 6, 5, 3, 0>, config19>|  return value|
|ap_return_63  |  out|   16|  ap_ctrl_hs|  dense_wrapper<ap_ufixed<6, 0, 4, 0, 0>, ap_fixed<16, 6, 5, 3, 0>, config19>|  return value|
|p_read        |   in|    6|     ap_none|                                                                       p_read|        scalar|
|p_read1       |   in|    6|     ap_none|                                                                      p_read1|        scalar|
|p_read2       |   in|    6|     ap_none|                                                                      p_read2|        scalar|
|p_read3       |   in|    6|     ap_none|                                                                      p_read3|        scalar|
|p_read4       |   in|    6|     ap_none|                                                                      p_read4|        scalar|
|p_read5       |   in|    6|     ap_none|                                                                      p_read5|        scalar|
|p_read6       |   in|    6|     ap_none|                                                                      p_read6|        scalar|
|p_read7       |   in|    6|     ap_none|                                                                      p_read7|        scalar|
|p_read8       |   in|    6|     ap_none|                                                                      p_read8|        scalar|
|p_read9       |   in|    6|     ap_none|                                                                      p_read9|        scalar|
|p_read10      |   in|    6|     ap_none|                                                                     p_read10|        scalar|
|p_read11      |   in|    6|     ap_none|                                                                     p_read11|        scalar|
|p_read12      |   in|    6|     ap_none|                                                                     p_read12|        scalar|
|p_read13      |   in|    6|     ap_none|                                                                     p_read13|        scalar|
|p_read14      |   in|    6|     ap_none|                                                                     p_read14|        scalar|
|p_read15      |   in|    6|     ap_none|                                                                     p_read15|        scalar|
|p_read16      |   in|    6|     ap_none|                                                                     p_read16|        scalar|
|p_read17      |   in|    6|     ap_none|                                                                     p_read17|        scalar|
|p_read18      |   in|    6|     ap_none|                                                                     p_read18|        scalar|
|p_read19      |   in|    6|     ap_none|                                                                     p_read19|        scalar|
|p_read20      |   in|    6|     ap_none|                                                                     p_read20|        scalar|
|p_read21      |   in|    6|     ap_none|                                                                     p_read21|        scalar|
|p_read22      |   in|    6|     ap_none|                                                                     p_read22|        scalar|
|p_read23      |   in|    6|     ap_none|                                                                     p_read23|        scalar|
|p_read24      |   in|    6|     ap_none|                                                                     p_read24|        scalar|
|p_read25      |   in|    6|     ap_none|                                                                     p_read25|        scalar|
|p_read26      |   in|    6|     ap_none|                                                                     p_read26|        scalar|
|p_read27      |   in|    6|     ap_none|                                                                     p_read27|        scalar|
|p_read28      |   in|    6|     ap_none|                                                                     p_read28|        scalar|
|p_read29      |   in|    6|     ap_none|                                                                     p_read29|        scalar|
|p_read30      |   in|    6|     ap_none|                                                                     p_read30|        scalar|
|p_read31      |   in|    6|     ap_none|                                                                     p_read31|        scalar|
|p_read32      |   in|    6|     ap_none|                                                                     p_read32|        scalar|
|p_read33      |   in|    6|     ap_none|                                                                     p_read33|        scalar|
|p_read34      |   in|    6|     ap_none|                                                                     p_read34|        scalar|
|p_read35      |   in|    6|     ap_none|                                                                     p_read35|        scalar|
|p_read36      |   in|    6|     ap_none|                                                                     p_read36|        scalar|
|p_read37      |   in|    6|     ap_none|                                                                     p_read37|        scalar|
|p_read38      |   in|    6|     ap_none|                                                                     p_read38|        scalar|
|p_read39      |   in|    6|     ap_none|                                                                     p_read39|        scalar|
|p_read40      |   in|    6|     ap_none|                                                                     p_read40|        scalar|
|p_read41      |   in|    6|     ap_none|                                                                     p_read41|        scalar|
+--------------+-----+-----+------------+-----------------------------------------------------------------------------+--------------+

