

================================================================
== Vitis HLS Report for 'dense_wrapper_ap_ufixed_6_0_4_0_0_ap_fixed_16_6_5_3_0_config23_s'
================================================================
* Date:           Fri Aug  2 18:56:52 2024

* Version:        2022.2 (Build 3670227 on Oct 13 2022)
* Project:        kernel_wrapper
* Solution:       solution (Vitis Kernel Flow Target)
* Product family: virtexuplus
* Target device:  xcu55c-fsvh2892-2L-e


================================================================
== Performance Estimates
================================================================
+ Timing: 
    * Summary: 
    +--------+---------+----------+------------+
    |  Clock |  Target | Estimated| Uncertainty|
    +--------+---------+----------+------------+
    |ap_clk  |  5.00 ns|  3.648 ns|     1.35 ns|
    +--------+---------+----------+------------+

+ Latency: 
    * Summary: 
    +---------+---------+-----------+-----------+-----+-----+---------+
    |  Latency (cycles) |   Latency (absolute)  |  Interval | Pipeline|
    |   min   |   max   |    min    |    max    | min | max |   Type  |
    +---------+---------+-----------+-----------+-----+-----+---------+
    |        2|        2|  10.000 ns|  10.000 ns|    2|    2|       no|
    +---------+---------+-----------+-----------+-----+-----+---------+

    + Detail: 
        * Instance: 
        N/A

        * Loop: 
        N/A



================================================================
== Utilization Estimates
================================================================
* Summary: 
+---------------------+---------+------+---------+---------+-----+
|         Name        | BRAM_18K|  DSP |    FF   |   LUT   | URAM|
+---------------------+---------+------+---------+---------+-----+
|DSP                  |        -|     -|        -|        -|    -|
|Expression           |        -|     -|        0|    13212|    -|
|FIFO                 |        -|     -|        -|        -|    -|
|Instance             |        -|   125|        0|    24305|    -|
|Memory               |        -|     -|        -|        -|    -|
|Multiplexer          |        -|     -|        -|      328|    -|
|Register             |        -|     -|     1875|        -|    -|
+---------------------+---------+------+---------+---------+-----+
|Total                |        0|   125|     1875|    37845|    0|
+---------------------+---------+------+---------+---------+-----+
|Available SLR        |     1344|  3008|   869120|   434560|  320|
+---------------------+---------+------+---------+---------+-----+
|Utilization SLR (%)  |        0|     4|       ~0|        8|    0|
+---------------------+---------+------+---------+---------+-----+
|Available            |     4032|  9024|  2607360|  1303680|  960|
+---------------------+---------+------+---------+---------+-----+
|Utilization (%)      |        0|     1|       ~0|        2|    0|
+---------------------+---------+------+---------+---------+-----+

+ Detail: 
    * Instance: 
    +---------------------------+---------------------+---------+----+---+-----+-----+
    |          Instance         |        Module       | BRAM_18K| DSP| FF| LUT | URAM|
    +---------------------------+---------------------+---------+----+---+-----+-----+
    |mul_6ns_10ns_15_1_1_U1221  |mul_6ns_10ns_15_1_1  |        0|   0|  0|   62|    0|
    |mul_6ns_10ns_15_1_1_U1222  |mul_6ns_10ns_15_1_1  |        0|   0|  0|   62|    0|
    |mul_6ns_10ns_15_1_1_U1225  |mul_6ns_10ns_15_1_1  |        0|   0|  0|   62|    0|
    |mul_6ns_10ns_15_1_1_U1230  |mul_6ns_10ns_15_1_1  |        0|   0|  0|   62|    0|
    |mul_6ns_10ns_15_1_1_U1235  |mul_6ns_10ns_15_1_1  |        0|   0|  0|   62|    0|
    |mul_6ns_10ns_15_1_1_U1238  |mul_6ns_10ns_15_1_1  |        0|   0|  0|   62|    0|
    |mul_6ns_10ns_15_1_1_U1239  |mul_6ns_10ns_15_1_1  |        0|   0|  0|   62|    0|
    |mul_6ns_10ns_15_1_1_U1240  |mul_6ns_10ns_15_1_1  |        0|   0|  0|   62|    0|
    |mul_6ns_10ns_15_1_1_U1243  |mul_6ns_10ns_15_1_1  |        0|   0|  0|   62|    0|
    |mul_6ns_10ns_15_1_1_U1245  |mul_6ns_10ns_15_1_1  |        0|   0|  0|   62|    0|
    |mul_6ns_10ns_15_1_1_U1246  |mul_6ns_10ns_15_1_1  |        0|   0|  0|   62|    0|
    |mul_6ns_10ns_15_1_1_U1247  |mul_6ns_10ns_15_1_1  |        0|   0|  0|   62|    0|
    |mul_6ns_10ns_15_1_1_U1257  |mul_6ns_10ns_15_1_1  |        0|   0|  0|   62|    0|
    |mul_6ns_10ns_15_1_1_U1259  |mul_6ns_10ns_15_1_1  |        0|   0|  0|   62|    0|
    |mul_6ns_10ns_15_1_1_U1262  |mul_6ns_10ns_15_1_1  |        0|   0|  0|   62|    0|
    |mul_6ns_10ns_15_1_1_U1267  |mul_6ns_10ns_15_1_1  |        0|   0|  0|   62|    0|
    |mul_6ns_10ns_15_1_1_U1276  |mul_6ns_10ns_15_1_1  |        0|   0|  0|   62|    0|
    |mul_6ns_10ns_15_1_1_U1280  |mul_6ns_10ns_15_1_1  |        0|   0|  0|   62|    0|
    |mul_6ns_10ns_15_1_1_U1283  |mul_6ns_10ns_15_1_1  |        0|   0|  0|   62|    0|
    |mul_6ns_10ns_15_1_1_U1294  |mul_6ns_10ns_15_1_1  |        0|   0|  0|   62|    0|
    |mul_6ns_10ns_15_1_1_U1295  |mul_6ns_10ns_15_1_1  |        0|   0|  0|   62|    0|
    |mul_6ns_10ns_15_1_1_U1299  |mul_6ns_10ns_15_1_1  |        0|   0|  0|   62|    0|
    |mul_6ns_10ns_15_1_1_U1311  |mul_6ns_10ns_15_1_1  |        0|   0|  0|   62|    0|
    |mul_6ns_10ns_15_1_1_U1315  |mul_6ns_10ns_15_1_1  |        0|   0|  0|   62|    0|
    |mul_6ns_10ns_15_1_1_U1327  |mul_6ns_10ns_15_1_1  |        0|   0|  0|   62|    0|
    |mul_6ns_10ns_15_1_1_U1329  |mul_6ns_10ns_15_1_1  |        0|   0|  0|   62|    0|
    |mul_6ns_10ns_15_1_1_U1330  |mul_6ns_10ns_15_1_1  |        0|   0|  0|   62|    0|
    |mul_6ns_10ns_15_1_1_U1340  |mul_6ns_10ns_15_1_1  |        0|   0|  0|   62|    0|
    |mul_6ns_10ns_15_1_1_U1341  |mul_6ns_10ns_15_1_1  |        0|   0|  0|   62|    0|
    |mul_6ns_10ns_15_1_1_U1342  |mul_6ns_10ns_15_1_1  |        0|   0|  0|   62|    0|
    |mul_6ns_10ns_15_1_1_U1343  |mul_6ns_10ns_15_1_1  |        0|   0|  0|   62|    0|
    |mul_6ns_10ns_15_1_1_U1348  |mul_6ns_10ns_15_1_1  |        0|   0|  0|   62|    0|
    |mul_6ns_10ns_15_1_1_U1350  |mul_6ns_10ns_15_1_1  |        0|   0|  0|   62|    0|
    |mul_6ns_10ns_15_1_1_U1352  |mul_6ns_10ns_15_1_1  |        0|   0|  0|   62|    0|
    |mul_6ns_10ns_15_1_1_U1363  |mul_6ns_10ns_15_1_1  |        0|   0|  0|   62|    0|
    |mul_6ns_10ns_15_1_1_U1368  |mul_6ns_10ns_15_1_1  |        0|   0|  0|   62|    0|
    |mul_6ns_10ns_15_1_1_U1376  |mul_6ns_10ns_15_1_1  |        0|   0|  0|   62|    0|
    |mul_6ns_10ns_15_1_1_U1377  |mul_6ns_10ns_15_1_1  |        0|   0|  0|   62|    0|
    |mul_6ns_10ns_15_1_1_U1378  |mul_6ns_10ns_15_1_1  |        0|   0|  0|   62|    0|
    |mul_6ns_10ns_15_1_1_U1385  |mul_6ns_10ns_15_1_1  |        0|   0|  0|   62|    0|
    |mul_6ns_10ns_15_1_1_U1387  |mul_6ns_10ns_15_1_1  |        0|   0|  0|   62|    0|
    |mul_6ns_10ns_15_1_1_U1392  |mul_6ns_10ns_15_1_1  |        0|   0|  0|   62|    0|
    |mul_6ns_10ns_15_1_1_U1393  |mul_6ns_10ns_15_1_1  |        0|   0|  0|   62|    0|
    |mul_6ns_10ns_15_1_1_U1395  |mul_6ns_10ns_15_1_1  |        0|   0|  0|   62|    0|
    |mul_6ns_10ns_15_1_1_U1397  |mul_6ns_10ns_15_1_1  |        0|   0|  0|   62|    0|
    |mul_6ns_10ns_15_1_1_U1398  |mul_6ns_10ns_15_1_1  |        0|   0|  0|   62|    0|
    |mul_6ns_10ns_15_1_1_U1406  |mul_6ns_10ns_15_1_1  |        0|   0|  0|   62|    0|
    |mul_6ns_10ns_15_1_1_U1407  |mul_6ns_10ns_15_1_1  |        0|   0|  0|   62|    0|
    |mul_6ns_10ns_15_1_1_U1411  |mul_6ns_10ns_15_1_1  |        0|   0|  0|   62|    0|
    |mul_6ns_10ns_15_1_1_U1420  |mul_6ns_10ns_15_1_1  |        0|   0|  0|   62|    0|
    |mul_6ns_10ns_15_1_1_U1424  |mul_6ns_10ns_15_1_1  |        0|   0|  0|   62|    0|
    |mul_6ns_10ns_15_1_1_U1432  |mul_6ns_10ns_15_1_1  |        0|   0|  0|   62|    0|
    |mul_6ns_10ns_15_1_1_U1434  |mul_6ns_10ns_15_1_1  |        0|   0|  0|   62|    0|
    |mul_6ns_10ns_15_1_1_U1439  |mul_6ns_10ns_15_1_1  |        0|   0|  0|   62|    0|
    |mul_6ns_10ns_15_1_1_U1445  |mul_6ns_10ns_15_1_1  |        0|   0|  0|   62|    0|
    |mul_6ns_10ns_15_1_1_U1452  |mul_6ns_10ns_15_1_1  |        0|   0|  0|   62|    0|
    |mul_6ns_10ns_15_1_1_U1454  |mul_6ns_10ns_15_1_1  |        0|   0|  0|   62|    0|
    |mul_6ns_10ns_15_1_1_U1458  |mul_6ns_10ns_15_1_1  |        0|   0|  0|   62|    0|
    |mul_6ns_10ns_15_1_1_U1466  |mul_6ns_10ns_15_1_1  |        0|   0|  0|   62|    0|
    |mul_6ns_10ns_15_1_1_U1467  |mul_6ns_10ns_15_1_1  |        0|   0|  0|   62|    0|
    |mul_6ns_10ns_15_1_1_U1474  |mul_6ns_10ns_15_1_1  |        0|   0|  0|   62|    0|
    |mul_6ns_10ns_15_1_1_U1475  |mul_6ns_10ns_15_1_1  |        0|   0|  0|   62|    0|
    |mul_6ns_10ns_15_1_1_U1476  |mul_6ns_10ns_15_1_1  |        0|   0|  0|   62|    0|
    |mul_6ns_10ns_15_1_1_U1491  |mul_6ns_10ns_15_1_1  |        0|   0|  0|   62|    0|
    |mul_6ns_10ns_15_1_1_U1493  |mul_6ns_10ns_15_1_1  |        0|   0|  0|   62|    0|
    |mul_6ns_10ns_15_1_1_U1502  |mul_6ns_10ns_15_1_1  |        0|   0|  0|   62|    0|
    |mul_6ns_10ns_15_1_1_U1503  |mul_6ns_10ns_15_1_1  |        0|   0|  0|   62|    0|
    |mul_6ns_10ns_15_1_1_U1505  |mul_6ns_10ns_15_1_1  |        0|   0|  0|   62|    0|
    |mul_6ns_10ns_15_1_1_U1507  |mul_6ns_10ns_15_1_1  |        0|   0|  0|   62|    0|
    |mul_6ns_10ns_15_1_1_U1508  |mul_6ns_10ns_15_1_1  |        0|   0|  0|   62|    0|
    |mul_6ns_10ns_15_1_1_U1509  |mul_6ns_10ns_15_1_1  |        0|   0|  0|   62|    0|
    |mul_6ns_10ns_15_1_1_U1510  |mul_6ns_10ns_15_1_1  |        0|   0|  0|   62|    0|
    |mul_6ns_10ns_15_1_1_U1512  |mul_6ns_10ns_15_1_1  |        0|   0|  0|   62|    0|
    |mul_6ns_10ns_15_1_1_U1518  |mul_6ns_10ns_15_1_1  |        0|   0|  0|   62|    0|
    |mul_6ns_10ns_15_1_1_U1520  |mul_6ns_10ns_15_1_1  |        0|   0|  0|   62|    0|
    |mul_6ns_10ns_15_1_1_U1525  |mul_6ns_10ns_15_1_1  |        0|   0|  0|   62|    0|
    |mul_6ns_10ns_15_1_1_U1532  |mul_6ns_10ns_15_1_1  |        0|   0|  0|   62|    0|
    |mul_6ns_10ns_15_1_1_U1533  |mul_6ns_10ns_15_1_1  |        0|   0|  0|   62|    0|
    |mul_6ns_10ns_15_1_1_U1535  |mul_6ns_10ns_15_1_1  |        0|   0|  0|   62|    0|
    |mul_6ns_10ns_15_1_1_U1536  |mul_6ns_10ns_15_1_1  |        0|   0|  0|   62|    0|
    |mul_6ns_10ns_15_1_1_U1549  |mul_6ns_10ns_15_1_1  |        0|   0|  0|   62|    0|
    |mul_6ns_10ns_15_1_1_U1559  |mul_6ns_10ns_15_1_1  |        0|   0|  0|   62|    0|
    |mul_6ns_10ns_15_1_1_U1565  |mul_6ns_10ns_15_1_1  |        0|   0|  0|   62|    0|
    |mul_6ns_10ns_15_1_1_U1566  |mul_6ns_10ns_15_1_1  |        0|   0|  0|   62|    0|
    |mul_6ns_10ns_15_1_1_U1568  |mul_6ns_10ns_15_1_1  |        0|   0|  0|   62|    0|
    |mul_6ns_10ns_15_1_1_U1577  |mul_6ns_10ns_15_1_1  |        0|   0|  0|   62|    0|
    |mul_6ns_10ns_15_1_1_U1583  |mul_6ns_10ns_15_1_1  |        0|   0|  0|   62|    0|
    |mul_6ns_10ns_15_1_1_U1584  |mul_6ns_10ns_15_1_1  |        0|   0|  0|   62|    0|
    |mul_6ns_10ns_15_1_1_U1587  |mul_6ns_10ns_15_1_1  |        0|   0|  0|   62|    0|
    |mul_6ns_10ns_15_1_1_U1594  |mul_6ns_10ns_15_1_1  |        0|   0|  0|   62|    0|
    |mul_6ns_10ns_15_1_1_U1600  |mul_6ns_10ns_15_1_1  |        0|   0|  0|   62|    0|
    |mul_6ns_10ns_15_1_1_U1602  |mul_6ns_10ns_15_1_1  |        0|   0|  0|   62|    0|
    |mul_6ns_10ns_15_1_1_U1604  |mul_6ns_10ns_15_1_1  |        0|   0|  0|   62|    0|
    |mul_6ns_10ns_15_1_1_U1605  |mul_6ns_10ns_15_1_1  |        0|   0|  0|   62|    0|
    |mul_6ns_10ns_15_1_1_U1606  |mul_6ns_10ns_15_1_1  |        0|   0|  0|   62|    0|
    |mul_6ns_10ns_15_1_1_U1613  |mul_6ns_10ns_15_1_1  |        0|   0|  0|   62|    0|
    |mul_6ns_10ns_15_1_1_U1615  |mul_6ns_10ns_15_1_1  |        0|   0|  0|   62|    0|
    |mul_6ns_10ns_15_1_1_U1621  |mul_6ns_10ns_15_1_1  |        0|   0|  0|   62|    0|
    |mul_6ns_10ns_15_1_1_U1635  |mul_6ns_10ns_15_1_1  |        0|   0|  0|   62|    0|
    |mul_6ns_10ns_15_1_1_U1639  |mul_6ns_10ns_15_1_1  |        0|   0|  0|   62|    0|
    |mul_6ns_10ns_15_1_1_U1646  |mul_6ns_10ns_15_1_1  |        0|   0|  0|   62|    0|
    |mul_6ns_10ns_15_1_1_U1651  |mul_6ns_10ns_15_1_1  |        0|   0|  0|   62|    0|
    |mul_6ns_10ns_15_1_1_U1652  |mul_6ns_10ns_15_1_1  |        0|   0|  0|   62|    0|
    |mul_6ns_10ns_15_1_1_U1658  |mul_6ns_10ns_15_1_1  |        0|   0|  0|   62|    0|
    |mul_6ns_10ns_15_1_1_U1661  |mul_6ns_10ns_15_1_1  |        0|   0|  0|   62|    0|
    |mul_6ns_10ns_15_1_1_U1663  |mul_6ns_10ns_15_1_1  |        0|   0|  0|   62|    0|
    |mul_6ns_10ns_15_1_1_U1664  |mul_6ns_10ns_15_1_1  |        0|   0|  0|   62|    0|
    |mul_6ns_10ns_15_1_1_U1666  |mul_6ns_10ns_15_1_1  |        0|   0|  0|   62|    0|
    |mul_6ns_10ns_15_1_1_U1668  |mul_6ns_10ns_15_1_1  |        0|   0|  0|   62|    0|
    |mul_6ns_10ns_15_1_1_U1674  |mul_6ns_10ns_15_1_1  |        0|   0|  0|   62|    0|
    |mul_6ns_10ns_15_1_1_U1675  |mul_6ns_10ns_15_1_1  |        0|   0|  0|   62|    0|
    |mul_6ns_10ns_15_1_1_U1676  |mul_6ns_10ns_15_1_1  |        0|   0|  0|   62|    0|
    |mul_6ns_10ns_15_1_1_U1682  |mul_6ns_10ns_15_1_1  |        0|   0|  0|   62|    0|
    |mul_6ns_10ns_15_1_1_U1683  |mul_6ns_10ns_15_1_1  |        0|   0|  0|   62|    0|
    |mul_6ns_10ns_15_1_1_U1684  |mul_6ns_10ns_15_1_1  |        0|   0|  0|   62|    0|
    |mul_6ns_10ns_15_1_1_U1689  |mul_6ns_10ns_15_1_1  |        0|   0|  0|   62|    0|
    |mul_6ns_10ns_15_1_1_U1690  |mul_6ns_10ns_15_1_1  |        0|   0|  0|   62|    0|
    |mul_6ns_10ns_15_1_1_U1702  |mul_6ns_10ns_15_1_1  |        0|   0|  0|   62|    0|
    |mul_6ns_10ns_15_1_1_U1704  |mul_6ns_10ns_15_1_1  |        0|   0|  0|   62|    0|
    |mul_6ns_10ns_15_1_1_U1705  |mul_6ns_10ns_15_1_1  |        0|   0|  0|   62|    0|
    |mul_6ns_10ns_15_1_1_U1716  |mul_6ns_10ns_15_1_1  |        0|   0|  0|   62|    0|
    |mul_6ns_10ns_15_1_1_U1717  |mul_6ns_10ns_15_1_1  |        0|   0|  0|   62|    0|
    |mul_6ns_10ns_15_1_1_U1723  |mul_6ns_10ns_15_1_1  |        0|   0|  0|   62|    0|
    |mul_6ns_10ns_15_1_1_U1726  |mul_6ns_10ns_15_1_1  |        0|   0|  0|   62|    0|
    |mul_6ns_10ns_15_1_1_U1744  |mul_6ns_10ns_15_1_1  |        0|   0|  0|   62|    0|
    |mul_6ns_10ns_15_1_1_U1749  |mul_6ns_10ns_15_1_1  |        0|   0|  0|   62|    0|
    |mul_6ns_10ns_15_1_1_U1755  |mul_6ns_10ns_15_1_1  |        0|   0|  0|   62|    0|
    |mul_6ns_10s_16_1_1_U1220   |mul_6ns_10s_16_1_1   |        0|   0|  0|   62|    0|
    |mul_6ns_10s_16_1_1_U1226   |mul_6ns_10s_16_1_1   |        0|   0|  0|   62|    0|
    |mul_6ns_10s_16_1_1_U1228   |mul_6ns_10s_16_1_1   |        0|   0|  0|   62|    0|
    |mul_6ns_10s_16_1_1_U1231   |mul_6ns_10s_16_1_1   |        0|   0|  0|   62|    0|
    |mul_6ns_10s_16_1_1_U1232   |mul_6ns_10s_16_1_1   |        0|   0|  0|   62|    0|
    |mul_6ns_10s_16_1_1_U1234   |mul_6ns_10s_16_1_1   |        0|   0|  0|   62|    0|
    |mul_6ns_10s_16_1_1_U1236   |mul_6ns_10s_16_1_1   |        0|   0|  0|   62|    0|
    |mul_6ns_10s_16_1_1_U1237   |mul_6ns_10s_16_1_1   |        0|   0|  0|   62|    0|
    |mul_6ns_10s_16_1_1_U1248   |mul_6ns_10s_16_1_1   |        0|   0|  0|   62|    0|
    |mul_6ns_10s_16_1_1_U1250   |mul_6ns_10s_16_1_1   |        0|   0|  0|   62|    0|
    |mul_6ns_10s_16_1_1_U1251   |mul_6ns_10s_16_1_1   |        0|   0|  0|   62|    0|
    |mul_6ns_10s_16_1_1_U1253   |mul_6ns_10s_16_1_1   |        0|   0|  0|   62|    0|
    |mul_6ns_10s_16_1_1_U1254   |mul_6ns_10s_16_1_1   |        0|   0|  0|   62|    0|
    |mul_6ns_10s_16_1_1_U1255   |mul_6ns_10s_16_1_1   |        0|   0|  0|   62|    0|
    |mul_6ns_10s_16_1_1_U1258   |mul_6ns_10s_16_1_1   |        0|   0|  0|   62|    0|
    |mul_6ns_10s_16_1_1_U1260   |mul_6ns_10s_16_1_1   |        0|   0|  0|   62|    0|
    |mul_6ns_10s_16_1_1_U1263   |mul_6ns_10s_16_1_1   |        0|   0|  0|   62|    0|
    |mul_6ns_10s_16_1_1_U1266   |mul_6ns_10s_16_1_1   |        0|   0|  0|   62|    0|
    |mul_6ns_10s_16_1_1_U1268   |mul_6ns_10s_16_1_1   |        0|   0|  0|   62|    0|
    |mul_6ns_10s_16_1_1_U1272   |mul_6ns_10s_16_1_1   |        0|   0|  0|   62|    0|
    |mul_6ns_10s_16_1_1_U1277   |mul_6ns_10s_16_1_1   |        0|   0|  0|   62|    0|
    |mul_6ns_10s_16_1_1_U1278   |mul_6ns_10s_16_1_1   |        0|   0|  0|   62|    0|
    |mul_6ns_10s_16_1_1_U1279   |mul_6ns_10s_16_1_1   |        0|   0|  0|   62|    0|
    |mul_6ns_10s_16_1_1_U1286   |mul_6ns_10s_16_1_1   |        0|   0|  0|   62|    0|
    |mul_6ns_10s_16_1_1_U1288   |mul_6ns_10s_16_1_1   |        0|   0|  0|   62|    0|
    |mul_6ns_10s_16_1_1_U1290   |mul_6ns_10s_16_1_1   |        0|   0|  0|   62|    0|
    |mul_6ns_10s_16_1_1_U1292   |mul_6ns_10s_16_1_1   |        0|   0|  0|   62|    0|
    |mul_6ns_10s_16_1_1_U1296   |mul_6ns_10s_16_1_1   |        0|   0|  0|   62|    0|
    |mul_6ns_10s_16_1_1_U1303   |mul_6ns_10s_16_1_1   |        0|   0|  0|   62|    0|
    |mul_6ns_10s_16_1_1_U1304   |mul_6ns_10s_16_1_1   |        0|   0|  0|   62|    0|
    |mul_6ns_10s_16_1_1_U1308   |mul_6ns_10s_16_1_1   |        0|   0|  0|   62|    0|
    |mul_6ns_10s_16_1_1_U1310   |mul_6ns_10s_16_1_1   |        0|   0|  0|   62|    0|
    |mul_6ns_10s_16_1_1_U1312   |mul_6ns_10s_16_1_1   |        0|   0|  0|   62|    0|
    |mul_6ns_10s_16_1_1_U1313   |mul_6ns_10s_16_1_1   |        0|   0|  0|   62|    0|
    |mul_6ns_10s_16_1_1_U1314   |mul_6ns_10s_16_1_1   |        0|   0|  0|   62|    0|
    |mul_6ns_10s_16_1_1_U1317   |mul_6ns_10s_16_1_1   |        0|   0|  0|   62|    0|
    |mul_6ns_10s_16_1_1_U1318   |mul_6ns_10s_16_1_1   |        0|   0|  0|   62|    0|
    |mul_6ns_10s_16_1_1_U1319   |mul_6ns_10s_16_1_1   |        0|   0|  0|   62|    0|
    |mul_6ns_10s_16_1_1_U1320   |mul_6ns_10s_16_1_1   |        0|   0|  0|   62|    0|
    |mul_6ns_10s_16_1_1_U1322   |mul_6ns_10s_16_1_1   |        0|   0|  0|   62|    0|
    |mul_6ns_10s_16_1_1_U1323   |mul_6ns_10s_16_1_1   |        0|   0|  0|   62|    0|
    |mul_6ns_10s_16_1_1_U1324   |mul_6ns_10s_16_1_1   |        0|   0|  0|   62|    0|
    |mul_6ns_10s_16_1_1_U1326   |mul_6ns_10s_16_1_1   |        0|   0|  0|   62|    0|
    |mul_6ns_10s_16_1_1_U1328   |mul_6ns_10s_16_1_1   |        0|   0|  0|   62|    0|
    |mul_6ns_10s_16_1_1_U1332   |mul_6ns_10s_16_1_1   |        0|   0|  0|   62|    0|
    |mul_6ns_10s_16_1_1_U1339   |mul_6ns_10s_16_1_1   |        0|   0|  0|   62|    0|
    |mul_6ns_10s_16_1_1_U1345   |mul_6ns_10s_16_1_1   |        0|   0|  0|   62|    0|
    |mul_6ns_10s_16_1_1_U1347   |mul_6ns_10s_16_1_1   |        0|   0|  0|   62|    0|
    |mul_6ns_10s_16_1_1_U1349   |mul_6ns_10s_16_1_1   |        0|   0|  0|   62|    0|
    |mul_6ns_10s_16_1_1_U1353   |mul_6ns_10s_16_1_1   |        0|   0|  0|   62|    0|
    |mul_6ns_10s_16_1_1_U1354   |mul_6ns_10s_16_1_1   |        0|   0|  0|   62|    0|
    |mul_6ns_10s_16_1_1_U1355   |mul_6ns_10s_16_1_1   |        0|   0|  0|   62|    0|
    |mul_6ns_10s_16_1_1_U1356   |mul_6ns_10s_16_1_1   |        0|   0|  0|   62|    0|
    |mul_6ns_10s_16_1_1_U1361   |mul_6ns_10s_16_1_1   |        0|   0|  0|   62|    0|
    |mul_6ns_10s_16_1_1_U1364   |mul_6ns_10s_16_1_1   |        0|   0|  0|   62|    0|
    |mul_6ns_10s_16_1_1_U1365   |mul_6ns_10s_16_1_1   |        0|   0|  0|   62|    0|
    |mul_6ns_10s_16_1_1_U1366   |mul_6ns_10s_16_1_1   |        0|   0|  0|   62|    0|
    |mul_6ns_10s_16_1_1_U1370   |mul_6ns_10s_16_1_1   |        0|   0|  0|   62|    0|
    |mul_6ns_10s_16_1_1_U1373   |mul_6ns_10s_16_1_1   |        0|   0|  0|   62|    0|
    |mul_6ns_10s_16_1_1_U1380   |mul_6ns_10s_16_1_1   |        0|   0|  0|   62|    0|
    |mul_6ns_10s_16_1_1_U1384   |mul_6ns_10s_16_1_1   |        0|   0|  0|   62|    0|
    |mul_6ns_10s_16_1_1_U1390   |mul_6ns_10s_16_1_1   |        0|   0|  0|   62|    0|
    |mul_6ns_10s_16_1_1_U1400   |mul_6ns_10s_16_1_1   |        0|   0|  0|   62|    0|
    |mul_6ns_10s_16_1_1_U1402   |mul_6ns_10s_16_1_1   |        0|   0|  0|   62|    0|
    |mul_6ns_10s_16_1_1_U1410   |mul_6ns_10s_16_1_1   |        0|   0|  0|   62|    0|
    |mul_6ns_10s_16_1_1_U1412   |mul_6ns_10s_16_1_1   |        0|   0|  0|   62|    0|
    |mul_6ns_10s_16_1_1_U1418   |mul_6ns_10s_16_1_1   |        0|   0|  0|   62|    0|
    |mul_6ns_10s_16_1_1_U1421   |mul_6ns_10s_16_1_1   |        0|   0|  0|   62|    0|
    |mul_6ns_10s_16_1_1_U1427   |mul_6ns_10s_16_1_1   |        0|   0|  0|   62|    0|
    |mul_6ns_10s_16_1_1_U1428   |mul_6ns_10s_16_1_1   |        0|   0|  0|   62|    0|
    |mul_6ns_10s_16_1_1_U1429   |mul_6ns_10s_16_1_1   |        0|   0|  0|   62|    0|
    |mul_6ns_10s_16_1_1_U1442   |mul_6ns_10s_16_1_1   |        0|   0|  0|   62|    0|
    |mul_6ns_10s_16_1_1_U1449   |mul_6ns_10s_16_1_1   |        0|   0|  0|   62|    0|
    |mul_6ns_10s_16_1_1_U1450   |mul_6ns_10s_16_1_1   |        0|   0|  0|   62|    0|
    |mul_6ns_10s_16_1_1_U1451   |mul_6ns_10s_16_1_1   |        0|   0|  0|   62|    0|
    |mul_6ns_10s_16_1_1_U1456   |mul_6ns_10s_16_1_1   |        0|   0|  0|   62|    0|
    |mul_6ns_10s_16_1_1_U1460   |mul_6ns_10s_16_1_1   |        0|   0|  0|   62|    0|
    |mul_6ns_10s_16_1_1_U1462   |mul_6ns_10s_16_1_1   |        0|   0|  0|   62|    0|
    |mul_6ns_10s_16_1_1_U1468   |mul_6ns_10s_16_1_1   |        0|   0|  0|   62|    0|
    |mul_6ns_10s_16_1_1_U1473   |mul_6ns_10s_16_1_1   |        0|   0|  0|   62|    0|
    |mul_6ns_10s_16_1_1_U1479   |mul_6ns_10s_16_1_1   |        0|   0|  0|   62|    0|
    |mul_6ns_10s_16_1_1_U1485   |mul_6ns_10s_16_1_1   |        0|   0|  0|   62|    0|
    |mul_6ns_10s_16_1_1_U1486   |mul_6ns_10s_16_1_1   |        0|   0|  0|   62|    0|
    |mul_6ns_10s_16_1_1_U1487   |mul_6ns_10s_16_1_1   |        0|   0|  0|   62|    0|
    |mul_6ns_10s_16_1_1_U1499   |mul_6ns_10s_16_1_1   |        0|   0|  0|   62|    0|
    |mul_6ns_10s_16_1_1_U1500   |mul_6ns_10s_16_1_1   |        0|   0|  0|   62|    0|
    |mul_6ns_10s_16_1_1_U1506   |mul_6ns_10s_16_1_1   |        0|   0|  0|   62|    0|
    |mul_6ns_10s_16_1_1_U1516   |mul_6ns_10s_16_1_1   |        0|   0|  0|   62|    0|
    |mul_6ns_10s_16_1_1_U1521   |mul_6ns_10s_16_1_1   |        0|   0|  0|   62|    0|
    |mul_6ns_10s_16_1_1_U1524   |mul_6ns_10s_16_1_1   |        0|   0|  0|   62|    0|
    |mul_6ns_10s_16_1_1_U1526   |mul_6ns_10s_16_1_1   |        0|   0|  0|   62|    0|
    |mul_6ns_10s_16_1_1_U1529   |mul_6ns_10s_16_1_1   |        0|   0|  0|   62|    0|
    |mul_6ns_10s_16_1_1_U1530   |mul_6ns_10s_16_1_1   |        0|   0|  0|   62|    0|
    |mul_6ns_10s_16_1_1_U1531   |mul_6ns_10s_16_1_1   |        0|   0|  0|   62|    0|
    |mul_6ns_10s_16_1_1_U1538   |mul_6ns_10s_16_1_1   |        0|   0|  0|   62|    0|
    |mul_6ns_10s_16_1_1_U1540   |mul_6ns_10s_16_1_1   |        0|   0|  0|   62|    0|
    |mul_6ns_10s_16_1_1_U1542   |mul_6ns_10s_16_1_1   |        0|   0|  0|   62|    0|
    |mul_6ns_10s_16_1_1_U1544   |mul_6ns_10s_16_1_1   |        0|   0|  0|   62|    0|
    |mul_6ns_10s_16_1_1_U1551   |mul_6ns_10s_16_1_1   |        0|   0|  0|   62|    0|
    |mul_6ns_10s_16_1_1_U1552   |mul_6ns_10s_16_1_1   |        0|   0|  0|   62|    0|
    |mul_6ns_10s_16_1_1_U1560   |mul_6ns_10s_16_1_1   |        0|   0|  0|   62|    0|
    |mul_6ns_10s_16_1_1_U1563   |mul_6ns_10s_16_1_1   |        0|   0|  0|   62|    0|
    |mul_6ns_10s_16_1_1_U1564   |mul_6ns_10s_16_1_1   |        0|   0|  0|   62|    0|
    |mul_6ns_10s_16_1_1_U1573   |mul_6ns_10s_16_1_1   |        0|   0|  0|   62|    0|
    |mul_6ns_10s_16_1_1_U1579   |mul_6ns_10s_16_1_1   |        0|   0|  0|   62|    0|
    |mul_6ns_10s_16_1_1_U1581   |mul_6ns_10s_16_1_1   |        0|   0|  0|   62|    0|
    |mul_6ns_10s_16_1_1_U1586   |mul_6ns_10s_16_1_1   |        0|   0|  0|   62|    0|
    |mul_6ns_10s_16_1_1_U1590   |mul_6ns_10s_16_1_1   |        0|   0|  0|   62|    0|
    |mul_6ns_10s_16_1_1_U1607   |mul_6ns_10s_16_1_1   |        0|   0|  0|   62|    0|
    |mul_6ns_10s_16_1_1_U1608   |mul_6ns_10s_16_1_1   |        0|   0|  0|   62|    0|
    |mul_6ns_10s_16_1_1_U1620   |mul_6ns_10s_16_1_1   |        0|   0|  0|   62|    0|
    |mul_6ns_10s_16_1_1_U1624   |mul_6ns_10s_16_1_1   |        0|   0|  0|   62|    0|
    |mul_6ns_10s_16_1_1_U1625   |mul_6ns_10s_16_1_1   |        0|   0|  0|   62|    0|
    |mul_6ns_10s_16_1_1_U1626   |mul_6ns_10s_16_1_1   |        0|   0|  0|   62|    0|
    |mul_6ns_10s_16_1_1_U1628   |mul_6ns_10s_16_1_1   |        0|   0|  0|   62|    0|
    |mul_6ns_10s_16_1_1_U1631   |mul_6ns_10s_16_1_1   |        0|   0|  0|   62|    0|
    |mul_6ns_10s_16_1_1_U1632   |mul_6ns_10s_16_1_1   |        0|   0|  0|   62|    0|
    |mul_6ns_10s_16_1_1_U1637   |mul_6ns_10s_16_1_1   |        0|   0|  0|   62|    0|
    |mul_6ns_10s_16_1_1_U1638   |mul_6ns_10s_16_1_1   |        0|   0|  0|   62|    0|
    |mul_6ns_10s_16_1_1_U1642   |mul_6ns_10s_16_1_1   |        0|   0|  0|   62|    0|
    |mul_6ns_10s_16_1_1_U1645   |mul_6ns_10s_16_1_1   |        0|   0|  0|   62|    0|
    |mul_6ns_10s_16_1_1_U1655   |mul_6ns_10s_16_1_1   |        0|   0|  0|   62|    0|
    |mul_6ns_10s_16_1_1_U1657   |mul_6ns_10s_16_1_1   |        0|   0|  0|   62|    0|
    |mul_6ns_10s_16_1_1_U1659   |mul_6ns_10s_16_1_1   |        0|   0|  0|   62|    0|
    |mul_6ns_10s_16_1_1_U1669   |mul_6ns_10s_16_1_1   |        0|   0|  0|   62|    0|
    |mul_6ns_10s_16_1_1_U1672   |mul_6ns_10s_16_1_1   |        0|   0|  0|   62|    0|
    |mul_6ns_10s_16_1_1_U1687   |mul_6ns_10s_16_1_1   |        0|   0|  0|   62|    0|
    |mul_6ns_10s_16_1_1_U1693   |mul_6ns_10s_16_1_1   |        0|   0|  0|   62|    0|
    |mul_6ns_10s_16_1_1_U1694   |mul_6ns_10s_16_1_1   |        0|   0|  0|   62|    0|
    |mul_6ns_10s_16_1_1_U1699   |mul_6ns_10s_16_1_1   |        0|   0|  0|   62|    0|
    |mul_6ns_10s_16_1_1_U1700   |mul_6ns_10s_16_1_1   |        0|   0|  0|   62|    0|
    |mul_6ns_10s_16_1_1_U1701   |mul_6ns_10s_16_1_1   |        0|   0|  0|   62|    0|
    |mul_6ns_10s_16_1_1_U1711   |mul_6ns_10s_16_1_1   |        0|   0|  0|   62|    0|
    |mul_6ns_10s_16_1_1_U1713   |mul_6ns_10s_16_1_1   |        0|   0|  0|   62|    0|
    |mul_6ns_10s_16_1_1_U1721   |mul_6ns_10s_16_1_1   |        0|   0|  0|   62|    0|
    |mul_6ns_10s_16_1_1_U1722   |mul_6ns_10s_16_1_1   |        0|   0|  0|   62|    0|
    |mul_6ns_10s_16_1_1_U1736   |mul_6ns_10s_16_1_1   |        0|   0|  0|   62|    0|
    |mul_6ns_10s_16_1_1_U1737   |mul_6ns_10s_16_1_1   |        0|   0|  0|   62|    0|
    |mul_6ns_10s_16_1_1_U1739   |mul_6ns_10s_16_1_1   |        0|   0|  0|   62|    0|
    |mul_6ns_10s_16_1_1_U1745   |mul_6ns_10s_16_1_1   |        0|   0|  0|   62|    0|
    |mul_6ns_10s_16_1_1_U1746   |mul_6ns_10s_16_1_1   |        0|   0|  0|   62|    0|
    |mul_6ns_10s_16_1_1_U1750   |mul_6ns_10s_16_1_1   |        0|   0|  0|   62|    0|
    |mul_6ns_10s_16_1_1_U1751   |mul_6ns_10s_16_1_1   |        0|   0|  0|   62|    0|
    |mul_6ns_10s_16_1_1_U1759   |mul_6ns_10s_16_1_1   |        0|   0|  0|   62|    0|
    |mul_6ns_10s_16_1_1_U1760   |mul_6ns_10s_16_1_1   |        0|   0|  0|   62|    0|
    |mul_6ns_10s_16_1_1_U1765   |mul_6ns_10s_16_1_1   |        0|   0|  0|   62|    0|
    |mul_6ns_11ns_16_1_1_U1233  |mul_6ns_11ns_16_1_1  |        0|   1|  0|    6|    0|
    |mul_6ns_11ns_16_1_1_U1270  |mul_6ns_11ns_16_1_1  |        0|   1|  0|    6|    0|
    |mul_6ns_11ns_16_1_1_U1274  |mul_6ns_11ns_16_1_1  |        0|   1|  0|    6|    0|
    |mul_6ns_11ns_16_1_1_U1285  |mul_6ns_11ns_16_1_1  |        0|   1|  0|    6|    0|
    |mul_6ns_11ns_16_1_1_U1335  |mul_6ns_11ns_16_1_1  |        0|   1|  0|    6|    0|
    |mul_6ns_11ns_16_1_1_U1336  |mul_6ns_11ns_16_1_1  |        0|   1|  0|    6|    0|
    |mul_6ns_11ns_16_1_1_U1358  |mul_6ns_11ns_16_1_1  |        0|   1|  0|    6|    0|
    |mul_6ns_11ns_16_1_1_U1359  |mul_6ns_11ns_16_1_1  |        0|   1|  0|    6|    0|
    |mul_6ns_11ns_16_1_1_U1389  |mul_6ns_11ns_16_1_1  |        0|   1|  0|    6|    0|
    |mul_6ns_11ns_16_1_1_U1413  |mul_6ns_11ns_16_1_1  |        0|   1|  0|    6|    0|
    |mul_6ns_11ns_16_1_1_U1425  |mul_6ns_11ns_16_1_1  |        0|   1|  0|    6|    0|
    |mul_6ns_11ns_16_1_1_U1426  |mul_6ns_11ns_16_1_1  |        0|   1|  0|    6|    0|
    |mul_6ns_11ns_16_1_1_U1433  |mul_6ns_11ns_16_1_1  |        0|   1|  0|    6|    0|
    |mul_6ns_11ns_16_1_1_U1440  |mul_6ns_11ns_16_1_1  |        0|   1|  0|    6|    0|
    |mul_6ns_11ns_16_1_1_U1441  |mul_6ns_11ns_16_1_1  |        0|   1|  0|    6|    0|
    |mul_6ns_11ns_16_1_1_U1447  |mul_6ns_11ns_16_1_1  |        0|   1|  0|    6|    0|
    |mul_6ns_11ns_16_1_1_U1457  |mul_6ns_11ns_16_1_1  |        0|   1|  0|    6|    0|
    |mul_6ns_11ns_16_1_1_U1459  |mul_6ns_11ns_16_1_1  |        0|   1|  0|    6|    0|
    |mul_6ns_11ns_16_1_1_U1464  |mul_6ns_11ns_16_1_1  |        0|   1|  0|    6|    0|
    |mul_6ns_11ns_16_1_1_U1469  |mul_6ns_11ns_16_1_1  |        0|   1|  0|    6|    0|
    |mul_6ns_11ns_16_1_1_U1483  |mul_6ns_11ns_16_1_1  |        0|   1|  0|    6|    0|
    |mul_6ns_11ns_16_1_1_U1494  |mul_6ns_11ns_16_1_1  |        0|   1|  0|    6|    0|
    |mul_6ns_11ns_16_1_1_U1513  |mul_6ns_11ns_16_1_1  |        0|   1|  0|    6|    0|
    |mul_6ns_11ns_16_1_1_U1514  |mul_6ns_11ns_16_1_1  |        0|   1|  0|    6|    0|
    |mul_6ns_11ns_16_1_1_U1539  |mul_6ns_11ns_16_1_1  |        0|   1|  0|    6|    0|
    |mul_6ns_11ns_16_1_1_U1541  |mul_6ns_11ns_16_1_1  |        0|   1|  0|    6|    0|
    |mul_6ns_11ns_16_1_1_U1545  |mul_6ns_11ns_16_1_1  |        0|   1|  0|    6|    0|
    |mul_6ns_11ns_16_1_1_U1550  |mul_6ns_11ns_16_1_1  |        0|   1|  0|    6|    0|
    |mul_6ns_11ns_16_1_1_U1567  |mul_6ns_11ns_16_1_1  |        0|   1|  0|    6|    0|
    |mul_6ns_11ns_16_1_1_U1571  |mul_6ns_11ns_16_1_1  |        0|   1|  0|    6|    0|
    |mul_6ns_11ns_16_1_1_U1597  |mul_6ns_11ns_16_1_1  |        0|   1|  0|    6|    0|
    |mul_6ns_11ns_16_1_1_U1603  |mul_6ns_11ns_16_1_1  |        0|   1|  0|    6|    0|
    |mul_6ns_11ns_16_1_1_U1610  |mul_6ns_11ns_16_1_1  |        0|   1|  0|    6|    0|
    |mul_6ns_11ns_16_1_1_U1611  |mul_6ns_11ns_16_1_1  |        0|   1|  0|    6|    0|
    |mul_6ns_11ns_16_1_1_U1622  |mul_6ns_11ns_16_1_1  |        0|   1|  0|    6|    0|
    |mul_6ns_11ns_16_1_1_U1630  |mul_6ns_11ns_16_1_1  |        0|   1|  0|    6|    0|
    |mul_6ns_11ns_16_1_1_U1636  |mul_6ns_11ns_16_1_1  |        0|   1|  0|    6|    0|
    |mul_6ns_11ns_16_1_1_U1643  |mul_6ns_11ns_16_1_1  |        0|   1|  0|    6|    0|
    |mul_6ns_11ns_16_1_1_U1653  |mul_6ns_11ns_16_1_1  |        0|   1|  0|    6|    0|
    |mul_6ns_11ns_16_1_1_U1678  |mul_6ns_11ns_16_1_1  |        0|   1|  0|    6|    0|
    |mul_6ns_11ns_16_1_1_U1708  |mul_6ns_11ns_16_1_1  |        0|   1|  0|    6|    0|
    |mul_6ns_11ns_16_1_1_U1715  |mul_6ns_11ns_16_1_1  |        0|   1|  0|    6|    0|
    |mul_6ns_11ns_16_1_1_U1719  |mul_6ns_11ns_16_1_1  |        0|   1|  0|    6|    0|
    |mul_6ns_11ns_16_1_1_U1720  |mul_6ns_11ns_16_1_1  |        0|   1|  0|    6|    0|
    |mul_6ns_11ns_16_1_1_U1725  |mul_6ns_11ns_16_1_1  |        0|   1|  0|    6|    0|
    |mul_6ns_11ns_16_1_1_U1727  |mul_6ns_11ns_16_1_1  |        0|   1|  0|    6|    0|
    |mul_6ns_11ns_16_1_1_U1729  |mul_6ns_11ns_16_1_1  |        0|   1|  0|    6|    0|
    |mul_6ns_11ns_16_1_1_U1730  |mul_6ns_11ns_16_1_1  |        0|   1|  0|    6|    0|
    |mul_6ns_11ns_16_1_1_U1738  |mul_6ns_11ns_16_1_1  |        0|   1|  0|    6|    0|
    |mul_6ns_11ns_16_1_1_U1740  |mul_6ns_11ns_16_1_1  |        0|   1|  0|    6|    0|
    |mul_6ns_11ns_16_1_1_U1757  |mul_6ns_11ns_16_1_1  |        0|   1|  0|    6|    0|
    |mul_6ns_11ns_16_1_1_U1762  |mul_6ns_11ns_16_1_1  |        0|   1|  0|    6|    0|
    |mul_6ns_11s_17_1_1_U1223   |mul_6ns_11s_17_1_1   |        0|   1|  0|    6|    0|
    |mul_6ns_11s_17_1_1_U1241   |mul_6ns_11s_17_1_1   |        0|   1|  0|    6|    0|
    |mul_6ns_11s_17_1_1_U1249   |mul_6ns_11s_17_1_1   |        0|   1|  0|    6|    0|
    |mul_6ns_11s_17_1_1_U1256   |mul_6ns_11s_17_1_1   |        0|   1|  0|    6|    0|
    |mul_6ns_11s_17_1_1_U1269   |mul_6ns_11s_17_1_1   |        0|   1|  0|    6|    0|
    |mul_6ns_11s_17_1_1_U1281   |mul_6ns_11s_17_1_1   |        0|   1|  0|    6|    0|
    |mul_6ns_11s_17_1_1_U1291   |mul_6ns_11s_17_1_1   |        0|   1|  0|    6|    0|
    |mul_6ns_11s_17_1_1_U1298   |mul_6ns_11s_17_1_1   |        0|   1|  0|    6|    0|
    |mul_6ns_11s_17_1_1_U1301   |mul_6ns_11s_17_1_1   |        0|   1|  0|    6|    0|
    |mul_6ns_11s_17_1_1_U1302   |mul_6ns_11s_17_1_1   |        0|   1|  0|    6|    0|
    |mul_6ns_11s_17_1_1_U1307   |mul_6ns_11s_17_1_1   |        0|   1|  0|    6|    0|
    |mul_6ns_11s_17_1_1_U1321   |mul_6ns_11s_17_1_1   |        0|   1|  0|    6|    0|
    |mul_6ns_11s_17_1_1_U1331   |mul_6ns_11s_17_1_1   |        0|   1|  0|    6|    0|
    |mul_6ns_11s_17_1_1_U1334   |mul_6ns_11s_17_1_1   |        0|   1|  0|    6|    0|
    |mul_6ns_11s_17_1_1_U1337   |mul_6ns_11s_17_1_1   |        0|   1|  0|    6|    0|
    |mul_6ns_11s_17_1_1_U1346   |mul_6ns_11s_17_1_1   |        0|   1|  0|    6|    0|
    |mul_6ns_11s_17_1_1_U1357   |mul_6ns_11s_17_1_1   |        0|   1|  0|    6|    0|
    |mul_6ns_11s_17_1_1_U1360   |mul_6ns_11s_17_1_1   |        0|   1|  0|    6|    0|
    |mul_6ns_11s_17_1_1_U1371   |mul_6ns_11s_17_1_1   |        0|   1|  0|    6|    0|
    |mul_6ns_11s_17_1_1_U1379   |mul_6ns_11s_17_1_1   |        0|   1|  0|    6|    0|
    |mul_6ns_11s_17_1_1_U1382   |mul_6ns_11s_17_1_1   |        0|   1|  0|    6|    0|
    |mul_6ns_11s_17_1_1_U1388   |mul_6ns_11s_17_1_1   |        0|   1|  0|    6|    0|
    |mul_6ns_11s_17_1_1_U1401   |mul_6ns_11s_17_1_1   |        0|   1|  0|    6|    0|
    |mul_6ns_11s_17_1_1_U1409   |mul_6ns_11s_17_1_1   |        0|   1|  0|    6|    0|
    |mul_6ns_11s_17_1_1_U1414   |mul_6ns_11s_17_1_1   |        0|   1|  0|    6|    0|
    |mul_6ns_11s_17_1_1_U1423   |mul_6ns_11s_17_1_1   |        0|   1|  0|    6|    0|
    |mul_6ns_11s_17_1_1_U1438   |mul_6ns_11s_17_1_1   |        0|   1|  0|    6|    0|
    |mul_6ns_11s_17_1_1_U1444   |mul_6ns_11s_17_1_1   |        0|   1|  0|    6|    0|
    |mul_6ns_11s_17_1_1_U1448   |mul_6ns_11s_17_1_1   |        0|   1|  0|    6|    0|
    |mul_6ns_11s_17_1_1_U1463   |mul_6ns_11s_17_1_1   |        0|   1|  0|    6|    0|
    |mul_6ns_11s_17_1_1_U1465   |mul_6ns_11s_17_1_1   |        0|   1|  0|    6|    0|
    |mul_6ns_11s_17_1_1_U1472   |mul_6ns_11s_17_1_1   |        0|   1|  0|    6|    0|
    |mul_6ns_11s_17_1_1_U1477   |mul_6ns_11s_17_1_1   |        0|   1|  0|    6|    0|
    |mul_6ns_11s_17_1_1_U1481   |mul_6ns_11s_17_1_1   |        0|   1|  0|    6|    0|
    |mul_6ns_11s_17_1_1_U1484   |mul_6ns_11s_17_1_1   |        0|   1|  0|    6|    0|
    |mul_6ns_11s_17_1_1_U1489   |mul_6ns_11s_17_1_1   |        0|   1|  0|    6|    0|
    |mul_6ns_11s_17_1_1_U1495   |mul_6ns_11s_17_1_1   |        0|   1|  0|    6|    0|
    |mul_6ns_11s_17_1_1_U1497   |mul_6ns_11s_17_1_1   |        0|   1|  0|    6|    0|
    |mul_6ns_11s_17_1_1_U1498   |mul_6ns_11s_17_1_1   |        0|   1|  0|    6|    0|
    |mul_6ns_11s_17_1_1_U1504   |mul_6ns_11s_17_1_1   |        0|   1|  0|    6|    0|
    |mul_6ns_11s_17_1_1_U1515   |mul_6ns_11s_17_1_1   |        0|   1|  0|    6|    0|
    |mul_6ns_11s_17_1_1_U1519   |mul_6ns_11s_17_1_1   |        0|   1|  0|    6|    0|
    |mul_6ns_11s_17_1_1_U1555   |mul_6ns_11s_17_1_1   |        0|   1|  0|    6|    0|
    |mul_6ns_11s_17_1_1_U1561   |mul_6ns_11s_17_1_1   |        0|   1|  0|    6|    0|
    |mul_6ns_11s_17_1_1_U1569   |mul_6ns_11s_17_1_1   |        0|   1|  0|    6|    0|
    |mul_6ns_11s_17_1_1_U1570   |mul_6ns_11s_17_1_1   |        0|   1|  0|    6|    0|
    |mul_6ns_11s_17_1_1_U1580   |mul_6ns_11s_17_1_1   |        0|   1|  0|    6|    0|
    |mul_6ns_11s_17_1_1_U1582   |mul_6ns_11s_17_1_1   |        0|   1|  0|    6|    0|
    |mul_6ns_11s_17_1_1_U1589   |mul_6ns_11s_17_1_1   |        0|   1|  0|    6|    0|
    |mul_6ns_11s_17_1_1_U1591   |mul_6ns_11s_17_1_1   |        0|   1|  0|    6|    0|
    |mul_6ns_11s_17_1_1_U1593   |mul_6ns_11s_17_1_1   |        0|   1|  0|    6|    0|
    |mul_6ns_11s_17_1_1_U1599   |mul_6ns_11s_17_1_1   |        0|   1|  0|    6|    0|
    |mul_6ns_11s_17_1_1_U1601   |mul_6ns_11s_17_1_1   |        0|   1|  0|    6|    0|
    |mul_6ns_11s_17_1_1_U1609   |mul_6ns_11s_17_1_1   |        0|   1|  0|    6|    0|
    |mul_6ns_11s_17_1_1_U1618   |mul_6ns_11s_17_1_1   |        0|   1|  0|    6|    0|
    |mul_6ns_11s_17_1_1_U1619   |mul_6ns_11s_17_1_1   |        0|   1|  0|    6|    0|
    |mul_6ns_11s_17_1_1_U1623   |mul_6ns_11s_17_1_1   |        0|   1|  0|    6|    0|
    |mul_6ns_11s_17_1_1_U1633   |mul_6ns_11s_17_1_1   |        0|   1|  0|    6|    0|
    |mul_6ns_11s_17_1_1_U1640   |mul_6ns_11s_17_1_1   |        0|   1|  0|    6|    0|
    |mul_6ns_11s_17_1_1_U1647   |mul_6ns_11s_17_1_1   |        0|   1|  0|    6|    0|
    |mul_6ns_11s_17_1_1_U1649   |mul_6ns_11s_17_1_1   |        0|   1|  0|    6|    0|
    |mul_6ns_11s_17_1_1_U1650   |mul_6ns_11s_17_1_1   |        0|   1|  0|    6|    0|
    |mul_6ns_11s_17_1_1_U1656   |mul_6ns_11s_17_1_1   |        0|   1|  0|    6|    0|
    |mul_6ns_11s_17_1_1_U1660   |mul_6ns_11s_17_1_1   |        0|   1|  0|    6|    0|
    |mul_6ns_11s_17_1_1_U1662   |mul_6ns_11s_17_1_1   |        0|   1|  0|    6|    0|
    |mul_6ns_11s_17_1_1_U1688   |mul_6ns_11s_17_1_1   |        0|   1|  0|    6|    0|
    |mul_6ns_11s_17_1_1_U1692   |mul_6ns_11s_17_1_1   |        0|   1|  0|    6|    0|
    |mul_6ns_11s_17_1_1_U1707   |mul_6ns_11s_17_1_1   |        0|   1|  0|    6|    0|
    |mul_6ns_11s_17_1_1_U1710   |mul_6ns_11s_17_1_1   |        0|   1|  0|    6|    0|
    |mul_6ns_11s_17_1_1_U1728   |mul_6ns_11s_17_1_1   |        0|   1|  0|    6|    0|
    |mul_6ns_11s_17_1_1_U1741   |mul_6ns_11s_17_1_1   |        0|   1|  0|    6|    0|
    |mul_6ns_11s_17_1_1_U1742   |mul_6ns_11s_17_1_1   |        0|   1|  0|    6|    0|
    |mul_6ns_11s_17_1_1_U1753   |mul_6ns_11s_17_1_1   |        0|   1|  0|    6|    0|
    |mul_6ns_7ns_12_1_1_U1265   |mul_6ns_7ns_12_1_1   |        0|   0|  0|   33|    0|
    |mul_6ns_7ns_12_1_1_U1362   |mul_6ns_7ns_12_1_1   |        0|   0|  0|   33|    0|
    |mul_6ns_7ns_12_1_1_U1399   |mul_6ns_7ns_12_1_1   |        0|   0|  0|   33|    0|
    |mul_6ns_7ns_12_1_1_U1455   |mul_6ns_7ns_12_1_1   |        0|   0|  0|   33|    0|
    |mul_6ns_7ns_12_1_1_U1496   |mul_6ns_7ns_12_1_1   |        0|   0|  0|   33|    0|
    |mul_6ns_7ns_12_1_1_U1517   |mul_6ns_7ns_12_1_1   |        0|   0|  0|   33|    0|
    |mul_6ns_7ns_12_1_1_U1527   |mul_6ns_7ns_12_1_1   |        0|   0|  0|   33|    0|
    |mul_6ns_7ns_12_1_1_U1612   |mul_6ns_7ns_12_1_1   |        0|   0|  0|   33|    0|
    |mul_6ns_7ns_12_1_1_U1686   |mul_6ns_7ns_12_1_1   |        0|   0|  0|   33|    0|
    |mul_6ns_7ns_12_1_1_U1748   |mul_6ns_7ns_12_1_1   |        0|   0|  0|   33|    0|
    |mul_6ns_7s_13_1_1_U1369    |mul_6ns_7s_13_1_1    |        0|   0|  0|   33|    0|
    |mul_6ns_7s_13_1_1_U1394    |mul_6ns_7s_13_1_1    |        0|   0|  0|   33|    0|
    |mul_6ns_7s_13_1_1_U1537    |mul_6ns_7s_13_1_1    |        0|   0|  0|   33|    0|
    |mul_6ns_7s_13_1_1_U1614    |mul_6ns_7s_13_1_1    |        0|   0|  0|   33|    0|
    |mul_6ns_7s_13_1_1_U1627    |mul_6ns_7s_13_1_1    |        0|   0|  0|   33|    0|
    |mul_6ns_7s_13_1_1_U1696    |mul_6ns_7s_13_1_1    |        0|   0|  0|   33|    0|
    |mul_6ns_7s_13_1_1_U1714    |mul_6ns_7s_13_1_1    |        0|   0|  0|   33|    0|
    |mul_6ns_8ns_13_1_1_U1325   |mul_6ns_8ns_13_1_1   |        0|   0|  0|   40|    0|
    |mul_6ns_8ns_13_1_1_U1372   |mul_6ns_8ns_13_1_1   |        0|   0|  0|   40|    0|
    |mul_6ns_8ns_13_1_1_U1381   |mul_6ns_8ns_13_1_1   |        0|   0|  0|   40|    0|
    |mul_6ns_8ns_13_1_1_U1405   |mul_6ns_8ns_13_1_1   |        0|   0|  0|   40|    0|
    |mul_6ns_8ns_13_1_1_U1547   |mul_6ns_8ns_13_1_1   |        0|   0|  0|   40|    0|
    |mul_6ns_8ns_13_1_1_U1588   |mul_6ns_8ns_13_1_1   |        0|   0|  0|   40|    0|
    |mul_6ns_8ns_13_1_1_U1641   |mul_6ns_8ns_13_1_1   |        0|   0|  0|   40|    0|
    |mul_6ns_8ns_13_1_1_U1654   |mul_6ns_8ns_13_1_1   |        0|   0|  0|   40|    0|
    |mul_6ns_8ns_13_1_1_U1673   |mul_6ns_8ns_13_1_1   |        0|   0|  0|   40|    0|
    |mul_6ns_8ns_13_1_1_U1681   |mul_6ns_8ns_13_1_1   |        0|   0|  0|   40|    0|
    |mul_6ns_8ns_13_1_1_U1695   |mul_6ns_8ns_13_1_1   |        0|   0|  0|   40|    0|
    |mul_6ns_8ns_13_1_1_U1703   |mul_6ns_8ns_13_1_1   |        0|   0|  0|   40|    0|
    |mul_6ns_8ns_13_1_1_U1706   |mul_6ns_8ns_13_1_1   |        0|   0|  0|   40|    0|
    |mul_6ns_8ns_13_1_1_U1734   |mul_6ns_8ns_13_1_1   |        0|   0|  0|   40|    0|
    |mul_6ns_8ns_13_1_1_U1754   |mul_6ns_8ns_13_1_1   |        0|   0|  0|   40|    0|
    |mul_6ns_8ns_13_1_1_U1758   |mul_6ns_8ns_13_1_1   |        0|   0|  0|   40|    0|
    |mul_6ns_8s_14_1_1_U1252    |mul_6ns_8s_14_1_1    |        0|   0|  0|   40|    0|
    |mul_6ns_8s_14_1_1_U1289    |mul_6ns_8s_14_1_1    |        0|   0|  0|   40|    0|
    |mul_6ns_8s_14_1_1_U1306    |mul_6ns_8s_14_1_1    |        0|   0|  0|   40|    0|
    |mul_6ns_8s_14_1_1_U1344    |mul_6ns_8s_14_1_1    |        0|   0|  0|   40|    0|
    |mul_6ns_8s_14_1_1_U1351    |mul_6ns_8s_14_1_1    |        0|   0|  0|   40|    0|
    |mul_6ns_8s_14_1_1_U1383    |mul_6ns_8s_14_1_1    |        0|   0|  0|   40|    0|
    |mul_6ns_8s_14_1_1_U1419    |mul_6ns_8s_14_1_1    |        0|   0|  0|   40|    0|
    |mul_6ns_8s_14_1_1_U1437    |mul_6ns_8s_14_1_1    |        0|   0|  0|   40|    0|
    |mul_6ns_8s_14_1_1_U1478    |mul_6ns_8s_14_1_1    |        0|   0|  0|   40|    0|
    |mul_6ns_8s_14_1_1_U1482    |mul_6ns_8s_14_1_1    |        0|   0|  0|   40|    0|
    |mul_6ns_8s_14_1_1_U1492    |mul_6ns_8s_14_1_1    |        0|   0|  0|   40|    0|
    |mul_6ns_8s_14_1_1_U1511    |mul_6ns_8s_14_1_1    |        0|   0|  0|   40|    0|
    |mul_6ns_8s_14_1_1_U1546    |mul_6ns_8s_14_1_1    |        0|   0|  0|   40|    0|
    |mul_6ns_8s_14_1_1_U1553    |mul_6ns_8s_14_1_1    |        0|   0|  0|   40|    0|
    |mul_6ns_8s_14_1_1_U1562    |mul_6ns_8s_14_1_1    |        0|   0|  0|   40|    0|
    |mul_6ns_8s_14_1_1_U1679    |mul_6ns_8s_14_1_1    |        0|   0|  0|   40|    0|
    |mul_6ns_8s_14_1_1_U1685    |mul_6ns_8s_14_1_1    |        0|   0|  0|   40|    0|
    |mul_6ns_8s_14_1_1_U1697    |mul_6ns_8s_14_1_1    |        0|   0|  0|   40|    0|
    |mul_6ns_8s_14_1_1_U1732    |mul_6ns_8s_14_1_1    |        0|   0|  0|   40|    0|
    |mul_6ns_8s_14_1_1_U1733    |mul_6ns_8s_14_1_1    |        0|   0|  0|   40|    0|
    |mul_6ns_8s_14_1_1_U1743    |mul_6ns_8s_14_1_1    |        0|   0|  0|   40|    0|
    |mul_6ns_8s_14_1_1_U1747    |mul_6ns_8s_14_1_1    |        0|   0|  0|   40|    0|
    |mul_6ns_8s_14_1_1_U1756    |mul_6ns_8s_14_1_1    |        0|   0|  0|   40|    0|
    |mul_6ns_9ns_14_1_1_U1244   |mul_6ns_9ns_14_1_1   |        0|   0|  0|   49|    0|
    |mul_6ns_9ns_14_1_1_U1275   |mul_6ns_9ns_14_1_1   |        0|   0|  0|   49|    0|
    |mul_6ns_9ns_14_1_1_U1282   |mul_6ns_9ns_14_1_1   |        0|   0|  0|   49|    0|
    |mul_6ns_9ns_14_1_1_U1300   |mul_6ns_9ns_14_1_1   |        0|   0|  0|   49|    0|
    |mul_6ns_9ns_14_1_1_U1316   |mul_6ns_9ns_14_1_1   |        0|   0|  0|   49|    0|
    |mul_6ns_9ns_14_1_1_U1333   |mul_6ns_9ns_14_1_1   |        0|   0|  0|   49|    0|
    |mul_6ns_9ns_14_1_1_U1338   |mul_6ns_9ns_14_1_1   |        0|   0|  0|   49|    0|
    |mul_6ns_9ns_14_1_1_U1374   |mul_6ns_9ns_14_1_1   |        0|   0|  0|   49|    0|
    |mul_6ns_9ns_14_1_1_U1403   |mul_6ns_9ns_14_1_1   |        0|   0|  0|   49|    0|
    |mul_6ns_9ns_14_1_1_U1404   |mul_6ns_9ns_14_1_1   |        0|   0|  0|   49|    0|
    |mul_6ns_9ns_14_1_1_U1408   |mul_6ns_9ns_14_1_1   |        0|   0|  0|   49|    0|
    |mul_6ns_9ns_14_1_1_U1417   |mul_6ns_9ns_14_1_1   |        0|   0|  0|   49|    0|
    |mul_6ns_9ns_14_1_1_U1430   |mul_6ns_9ns_14_1_1   |        0|   0|  0|   49|    0|
    |mul_6ns_9ns_14_1_1_U1431   |mul_6ns_9ns_14_1_1   |        0|   0|  0|   49|    0|
    |mul_6ns_9ns_14_1_1_U1446   |mul_6ns_9ns_14_1_1   |        0|   0|  0|   49|    0|
    |mul_6ns_9ns_14_1_1_U1453   |mul_6ns_9ns_14_1_1   |        0|   0|  0|   49|    0|
    |mul_6ns_9ns_14_1_1_U1471   |mul_6ns_9ns_14_1_1   |        0|   0|  0|   49|    0|
    |mul_6ns_9ns_14_1_1_U1490   |mul_6ns_9ns_14_1_1   |        0|   0|  0|   49|    0|
    |mul_6ns_9ns_14_1_1_U1501   |mul_6ns_9ns_14_1_1   |        0|   0|  0|   49|    0|
    |mul_6ns_9ns_14_1_1_U1522   |mul_6ns_9ns_14_1_1   |        0|   0|  0|   49|    0|
    |mul_6ns_9ns_14_1_1_U1534   |mul_6ns_9ns_14_1_1   |        0|   0|  0|   49|    0|
    |mul_6ns_9ns_14_1_1_U1554   |mul_6ns_9ns_14_1_1   |        0|   0|  0|   49|    0|
    |mul_6ns_9ns_14_1_1_U1558   |mul_6ns_9ns_14_1_1   |        0|   0|  0|   49|    0|
    |mul_6ns_9ns_14_1_1_U1572   |mul_6ns_9ns_14_1_1   |        0|   0|  0|   49|    0|
    |mul_6ns_9ns_14_1_1_U1574   |mul_6ns_9ns_14_1_1   |        0|   0|  0|   49|    0|
    |mul_6ns_9ns_14_1_1_U1575   |mul_6ns_9ns_14_1_1   |        0|   0|  0|   49|    0|
    |mul_6ns_9ns_14_1_1_U1576   |mul_6ns_9ns_14_1_1   |        0|   0|  0|   49|    0|
    |mul_6ns_9ns_14_1_1_U1595   |mul_6ns_9ns_14_1_1   |        0|   0|  0|   49|    0|
    |mul_6ns_9ns_14_1_1_U1596   |mul_6ns_9ns_14_1_1   |        0|   0|  0|   49|    0|
    |mul_6ns_9ns_14_1_1_U1616   |mul_6ns_9ns_14_1_1   |        0|   0|  0|   49|    0|
    |mul_6ns_9ns_14_1_1_U1617   |mul_6ns_9ns_14_1_1   |        0|   0|  0|   49|    0|
    |mul_6ns_9ns_14_1_1_U1634   |mul_6ns_9ns_14_1_1   |        0|   0|  0|   49|    0|
    |mul_6ns_9ns_14_1_1_U1648   |mul_6ns_9ns_14_1_1   |        0|   0|  0|   49|    0|
    |mul_6ns_9ns_14_1_1_U1680   |mul_6ns_9ns_14_1_1   |        0|   0|  0|   49|    0|
    |mul_6ns_9ns_14_1_1_U1712   |mul_6ns_9ns_14_1_1   |        0|   0|  0|   49|    0|
    |mul_6ns_9ns_14_1_1_U1735   |mul_6ns_9ns_14_1_1   |        0|   0|  0|   49|    0|
    |mul_6ns_9ns_14_1_1_U1752   |mul_6ns_9ns_14_1_1   |        0|   0|  0|   49|    0|
    |mul_6ns_9ns_14_1_1_U1761   |mul_6ns_9ns_14_1_1   |        0|   0|  0|   49|    0|
    |mul_6ns_9s_15_1_1_U1224    |mul_6ns_9s_15_1_1    |        0|   0|  0|   49|    0|
    |mul_6ns_9s_15_1_1_U1227    |mul_6ns_9s_15_1_1    |        0|   0|  0|   49|    0|
    |mul_6ns_9s_15_1_1_U1229    |mul_6ns_9s_15_1_1    |        0|   0|  0|   49|    0|
    |mul_6ns_9s_15_1_1_U1242    |mul_6ns_9s_15_1_1    |        0|   0|  0|   49|    0|
    |mul_6ns_9s_15_1_1_U1261    |mul_6ns_9s_15_1_1    |        0|   0|  0|   49|    0|
    |mul_6ns_9s_15_1_1_U1264    |mul_6ns_9s_15_1_1    |        0|   0|  0|   49|    0|
    |mul_6ns_9s_15_1_1_U1271    |mul_6ns_9s_15_1_1    |        0|   0|  0|   49|    0|
    |mul_6ns_9s_15_1_1_U1273    |mul_6ns_9s_15_1_1    |        0|   0|  0|   49|    0|
    |mul_6ns_9s_15_1_1_U1284    |mul_6ns_9s_15_1_1    |        0|   0|  0|   49|    0|
    |mul_6ns_9s_15_1_1_U1287    |mul_6ns_9s_15_1_1    |        0|   0|  0|   49|    0|
    |mul_6ns_9s_15_1_1_U1293    |mul_6ns_9s_15_1_1    |        0|   0|  0|   49|    0|
    |mul_6ns_9s_15_1_1_U1297    |mul_6ns_9s_15_1_1    |        0|   0|  0|   49|    0|
    |mul_6ns_9s_15_1_1_U1305    |mul_6ns_9s_15_1_1    |        0|   0|  0|   49|    0|
    |mul_6ns_9s_15_1_1_U1309    |mul_6ns_9s_15_1_1    |        0|   0|  0|   49|    0|
    |mul_6ns_9s_15_1_1_U1367    |mul_6ns_9s_15_1_1    |        0|   0|  0|   49|    0|
    |mul_6ns_9s_15_1_1_U1375    |mul_6ns_9s_15_1_1    |        0|   0|  0|   49|    0|
    |mul_6ns_9s_15_1_1_U1386    |mul_6ns_9s_15_1_1    |        0|   0|  0|   49|    0|
    |mul_6ns_9s_15_1_1_U1391    |mul_6ns_9s_15_1_1    |        0|   0|  0|   49|    0|
    |mul_6ns_9s_15_1_1_U1396    |mul_6ns_9s_15_1_1    |        0|   0|  0|   49|    0|
    |mul_6ns_9s_15_1_1_U1415    |mul_6ns_9s_15_1_1    |        0|   0|  0|   49|    0|
    |mul_6ns_9s_15_1_1_U1416    |mul_6ns_9s_15_1_1    |        0|   0|  0|   49|    0|
    |mul_6ns_9s_15_1_1_U1422    |mul_6ns_9s_15_1_1    |        0|   0|  0|   49|    0|
    |mul_6ns_9s_15_1_1_U1435    |mul_6ns_9s_15_1_1    |        0|   0|  0|   49|    0|
    |mul_6ns_9s_15_1_1_U1436    |mul_6ns_9s_15_1_1    |        0|   0|  0|   49|    0|
    |mul_6ns_9s_15_1_1_U1443    |mul_6ns_9s_15_1_1    |        0|   0|  0|   49|    0|
    |mul_6ns_9s_15_1_1_U1461    |mul_6ns_9s_15_1_1    |        0|   0|  0|   49|    0|
    |mul_6ns_9s_15_1_1_U1470    |mul_6ns_9s_15_1_1    |        0|   0|  0|   49|    0|
    |mul_6ns_9s_15_1_1_U1480    |mul_6ns_9s_15_1_1    |        0|   0|  0|   49|    0|
    |mul_6ns_9s_15_1_1_U1488    |mul_6ns_9s_15_1_1    |        0|   0|  0|   49|    0|
    |mul_6ns_9s_15_1_1_U1523    |mul_6ns_9s_15_1_1    |        0|   0|  0|   49|    0|
    |mul_6ns_9s_15_1_1_U1528    |mul_6ns_9s_15_1_1    |        0|   0|  0|   49|    0|
    |mul_6ns_9s_15_1_1_U1543    |mul_6ns_9s_15_1_1    |        0|   0|  0|   49|    0|
    |mul_6ns_9s_15_1_1_U1548    |mul_6ns_9s_15_1_1    |        0|   0|  0|   49|    0|
    |mul_6ns_9s_15_1_1_U1556    |mul_6ns_9s_15_1_1    |        0|   0|  0|   49|    0|
    |mul_6ns_9s_15_1_1_U1557    |mul_6ns_9s_15_1_1    |        0|   0|  0|   49|    0|
    |mul_6ns_9s_15_1_1_U1578    |mul_6ns_9s_15_1_1    |        0|   0|  0|   49|    0|
    |mul_6ns_9s_15_1_1_U1585    |mul_6ns_9s_15_1_1    |        0|   0|  0|   49|    0|
    |mul_6ns_9s_15_1_1_U1592    |mul_6ns_9s_15_1_1    |        0|   0|  0|   49|    0|
    |mul_6ns_9s_15_1_1_U1598    |mul_6ns_9s_15_1_1    |        0|   0|  0|   49|    0|
    |mul_6ns_9s_15_1_1_U1629    |mul_6ns_9s_15_1_1    |        0|   0|  0|   49|    0|
    |mul_6ns_9s_15_1_1_U1644    |mul_6ns_9s_15_1_1    |        0|   0|  0|   49|    0|
    |mul_6ns_9s_15_1_1_U1665    |mul_6ns_9s_15_1_1    |        0|   0|  0|   49|    0|
    |mul_6ns_9s_15_1_1_U1667    |mul_6ns_9s_15_1_1    |        0|   0|  0|   49|    0|
    |mul_6ns_9s_15_1_1_U1670    |mul_6ns_9s_15_1_1    |        0|   0|  0|   49|    0|
    |mul_6ns_9s_15_1_1_U1671    |mul_6ns_9s_15_1_1    |        0|   0|  0|   49|    0|
    |mul_6ns_9s_15_1_1_U1677    |mul_6ns_9s_15_1_1    |        0|   0|  0|   49|    0|
    |mul_6ns_9s_15_1_1_U1691    |mul_6ns_9s_15_1_1    |        0|   0|  0|   49|    0|
    |mul_6ns_9s_15_1_1_U1698    |mul_6ns_9s_15_1_1    |        0|   0|  0|   49|    0|
    |mul_6ns_9s_15_1_1_U1709    |mul_6ns_9s_15_1_1    |        0|   0|  0|   49|    0|
    |mul_6ns_9s_15_1_1_U1718    |mul_6ns_9s_15_1_1    |        0|   0|  0|   49|    0|
    |mul_6ns_9s_15_1_1_U1724    |mul_6ns_9s_15_1_1    |        0|   0|  0|   49|    0|
    |mul_6ns_9s_15_1_1_U1731    |mul_6ns_9s_15_1_1    |        0|   0|  0|   49|    0|
    |mul_6ns_9s_15_1_1_U1763    |mul_6ns_9s_15_1_1    |        0|   0|  0|   49|    0|
    |mul_6ns_9s_15_1_1_U1764    |mul_6ns_9s_15_1_1    |        0|   0|  0|   49|    0|
    +---------------------------+---------------------+---------+----+---+-----+-----+
    |Total                      |                     |        0| 125|  0|24305|    0|
    +---------------------------+---------------------+---------+----+---+-----+-----+

    * DSP: 
    N/A

    * Memory: 
    N/A

    * FIFO: 
    N/A

    * Expression: 
    +-----------------------------+----------+----+---+-----+------------+------------+
    |        Variable Name        | Operation| DSP| FF| LUT | Bitwidth P0| Bitwidth P1|
    +-----------------------------+----------+----+---+-----+------------+------------+
    |add_ln813_100_fu_1426928_p2  |         +|   0|  0|   19|          12|          12|
    |add_ln813_101_fu_1430786_p2  |         +|   0|  0|   20|          13|          13|
    |add_ln813_102_fu_1426934_p2  |         +|   0|  0|   19|          12|          12|
    |add_ln813_103_fu_1426944_p2  |         +|   0|  0|   19|          12|          12|
    |add_ln813_104_fu_1426954_p2  |         +|   0|  0|   17|          13|          13|
    |add_ln813_105_fu_1426960_p2  |         +|   0|  0|   17|          10|          10|
    |add_ln813_106_fu_1426970_p2  |         +|   0|  0|   17|          10|          10|
    |add_ln813_107_fu_1426980_p2  |         +|   0|  0|   18|          11|          11|
    |add_ln813_108_fu_1426990_p2  |         +|   0|  0|   17|          13|          13|
    |add_ln813_109_fu_1430799_p2  |         +|   0|  0|   21|          14|          14|
    |add_ln813_10_fu_1426348_p2   |         +|   0|  0|   18|          11|          11|
    |add_ln813_110_fu_1426996_p2  |         +|   0|  0|   17|          10|          10|
    |add_ln813_111_fu_1427006_p2  |         +|   0|  0|   17|          10|          10|
    |add_ln813_112_fu_1427016_p2  |         +|   0|  0|   18|          11|          11|
    |add_ln813_113_fu_1427026_p2  |         +|   0|  0|   17|          10|          10|
    |add_ln813_114_fu_1427036_p2  |         +|   0|  0|   17|          10|          10|
    |add_ln813_115_fu_1427046_p2  |         +|   0|  0|   18|          11|          11|
    |add_ln813_116_fu_1427056_p2  |         +|   0|  0|   19|          12|          12|
    |add_ln813_117_fu_1427062_p2  |         +|   0|  0|   17|          10|          10|
    |add_ln813_118_fu_1427072_p2  |         +|   0|  0|   16|           9|           9|
    |add_ln813_119_fu_1427082_p2  |         +|   0|  0|   18|          11|          11|
    |add_ln813_11_fu_1426354_p2   |         +|   0|  0|   17|          10|          10|
    |add_ln813_120_fu_1427088_p2  |         +|   0|  0|   16|           9|           9|
    |add_ln813_121_fu_1427098_p2  |         +|   0|  0|   15|           8|           4|
    |add_ln813_122_fu_1427108_p2  |         +|   0|  0|   16|           9|           9|
    |add_ln813_123_fu_1427118_p2  |         +|   0|  0|   17|          10|          10|
    |add_ln813_124_fu_1430818_p2  |         +|   0|  0|   19|          12|          12|
    |add_ln813_125_fu_1430828_p2  |         +|   0|  0|   20|          13|          13|
    |add_ln813_126_fu_1430838_p2  |         +|   0|  0|   22|          15|          15|
    |add_ln813_127_fu_1430848_p2  |         +|   0|  0|   23|          16|          16|
    |add_ln813_128_fu_1427124_p2  |         +|   0|  0|   16|           9|           6|
    |add_ln813_129_fu_1427134_p2  |         +|   0|  0|   18|          11|          11|
    |add_ln813_12_fu_1426364_p2   |         +|   0|  0|   17|          10|          10|
    |add_ln813_130_fu_1427144_p2  |         +|   0|  0|   18|          11|          11|
    |add_ln813_131_fu_1427154_p2  |         +|   0|  0|   19|          12|          12|
    |add_ln813_132_fu_1427160_p2  |         +|   0|  0|   17|          11|          11|
    |add_ln813_133_fu_1427166_p2  |         +|   0|  0|   17|          10|          10|
    |add_ln813_134_fu_1427176_p2  |         +|   0|  0|   17|          11|          11|
    |add_ln813_135_fu_1430860_p2  |         +|   0|  0|   17|          13|          13|
    |add_ln813_136_fu_1427182_p2  |         +|   0|  0|   17|          10|          10|
    |add_ln813_137_fu_1427192_p2  |         +|   0|  0|   17|          10|          10|
    |add_ln813_138_fu_1427202_p2  |         +|   0|  0|   18|          11|          11|
    |add_ln813_139_fu_1427208_p2  |         +|   0|  0|   17|          10|          10|
    |add_ln813_13_fu_1426374_p2   |         +|   0|  0|   18|          11|          11|
    |add_ln813_140_fu_1427218_p2  |         +|   0|  0|   17|          10|          10|
    |add_ln813_141_fu_1427228_p2  |         +|   0|  0|   18|          11|          11|
    |add_ln813_142_fu_1430872_p2  |         +|   0|  0|   19|          12|          12|
    |add_ln813_143_fu_1430882_p2  |         +|   0|  0|   17|          13|          13|
    |add_ln813_144_fu_1427234_p2  |         +|   0|  0|   17|          10|          10|
    |add_ln813_145_fu_1427244_p2  |         +|   0|  0|   17|          10|          10|
    |add_ln813_146_fu_1427254_p2  |         +|   0|  0|   18|          11|          11|
    |add_ln813_147_fu_1427260_p2  |         +|   0|  0|   17|          10|          10|
    |add_ln813_148_fu_1427270_p2  |         +|   0|  0|   16|           9|           9|
    |add_ln813_149_fu_1427280_p2  |         +|   0|  0|   18|          11|          11|
    |add_ln813_14_fu_1430517_p2   |         +|   0|  0|   19|          12|          12|
    |add_ln813_150_fu_1430898_p2  |         +|   0|  0|   19|          12|          12|
    |add_ln813_151_fu_1427286_p2  |         +|   0|  0|   15|           8|           8|
    |add_ln813_152_fu_1427296_p2  |         +|   0|  0|   17|          12|          12|
    |add_ln813_153_fu_1427302_p2  |         +|   0|  0|   17|          12|          12|
    |add_ln813_154_fu_1427308_p2  |         +|   0|  0|   19|          12|          12|
    |add_ln813_155_fu_1427318_p2  |         +|   0|  0|   19|          12|          12|
    |add_ln813_156_fu_1427328_p2  |         +|   0|  0|   20|          13|          13|
    |add_ln813_157_fu_1430914_p2  |         +|   0|  0|   16|          14|          14|
    |add_ln813_158_fu_1430920_p2  |         +|   0|  0|   16|          14|          14|
    |add_ln813_159_fu_1430930_p2  |         +|   0|  0|   22|          15|          15|
    |add_ln813_15_fu_1430527_p2   |         +|   0|  0|   17|          13|          13|
    |add_ln813_160_fu_1427334_p2  |         +|   0|  0|   19|          12|          12|
    |add_ln813_161_fu_1427344_p2  |         +|   0|  0|   18|          11|          11|
    |add_ln813_162_fu_1427354_p2  |         +|   0|  0|   20|          13|          13|
    |add_ln813_163_fu_1427360_p2  |         +|   0|  0|   18|          11|          11|
    |add_ln813_164_fu_1427370_p2  |         +|   0|  0|   18|          11|          11|
    |add_ln813_165_fu_1427380_p2  |         +|   0|  0|   19|          12|          12|
    |add_ln813_166_fu_1430946_p2  |         +|   0|  0|   21|          14|          14|
    |add_ln813_167_fu_1427386_p2  |         +|   0|  0|   18|          11|          11|
    |add_ln813_168_fu_1427396_p2  |         +|   0|  0|   18|          11|          11|
    |add_ln813_169_fu_1427406_p2  |         +|   0|  0|   19|          12|          12|
    |add_ln813_16_fu_1426380_p2   |         +|   0|  0|   17|          10|          10|
    |add_ln813_170_fu_1427412_p2  |         +|   0|  0|   18|          11|          11|
    |add_ln813_171_fu_1427422_p2  |         +|   0|  0|   18|          11|          11|
    |add_ln813_172_fu_1427432_p2  |         +|   0|  0|   19|          12|          12|
    |add_ln813_173_fu_1430962_p2  |         +|   0|  0|   20|          13|          13|
    |add_ln813_174_fu_1430972_p2  |         +|   0|  0|   16|          15|          15|
    |add_ln813_175_fu_1427438_p2  |         +|   0|  0|   18|          11|          11|
    |add_ln813_176_fu_1427448_p2  |         +|   0|  0|   19|          12|          12|
    |add_ln813_177_fu_1427458_p2  |         +|   0|  0|   20|          13|          13|
    |add_ln813_178_fu_1427464_p2  |         +|   0|  0|   17|          10|          10|
    |add_ln813_179_fu_1427474_p2  |         +|   0|  0|   18|          11|          11|
    |add_ln813_17_fu_1426390_p2   |         +|   0|  0|   16|           9|           9|
    |add_ln813_180_fu_1427484_p2  |         +|   0|  0|   19|          12|          12|
    |add_ln813_181_fu_1430981_p2  |         +|   0|  0|   17|          13|          13|
    |add_ln813_182_fu_1427490_p2  |         +|   0|  0|   16|           9|           9|
    |add_ln813_183_fu_1427500_p2  |         +|   0|  0|   16|           9|           9|
    |add_ln813_184_fu_1427510_p2  |         +|   0|  0|   17|          10|          10|
    |add_ln813_185_fu_1427516_p2  |         +|   0|  0|   15|           8|           8|
    |add_ln813_186_fu_1427526_p2  |         +|   0|  0|   14|           7|           7|
    |add_ln813_187_fu_1427536_p2  |         +|   0|  0|   16|           9|           9|
    |add_ln813_188_fu_1430992_p2  |         +|   0|  0|   18|          11|          11|
    |add_ln813_189_fu_1431002_p2  |         +|   0|  0|   17|          13|          13|
    |add_ln813_18_fu_1426400_p2   |         +|   0|  0|   18|          11|          11|
    |add_ln813_190_fu_1431012_p2  |         +|   0|  0|   16|          15|          15|
    |add_ln813_191_fu_1431022_p2  |         +|   0|  0|   23|          16|          16|
    |add_ln813_192_fu_1427542_p2  |         +|   0|  0|   17|          10|           8|
    |add_ln813_193_fu_1427552_p2  |         +|   0|  0|   18|          11|          11|
    |add_ln813_194_fu_1427562_p2  |         +|   0|  0|   18|          11|          11|
    |add_ln813_195_fu_1427572_p2  |         +|   0|  0|   19|          12|          12|
    |add_ln813_196_fu_1427578_p2  |         +|   0|  0|   18|          11|          11|
    |add_ln813_197_fu_1427588_p2  |         +|   0|  0|   18|          11|          11|
    |add_ln813_198_fu_1427598_p2  |         +|   0|  0|   19|          12|          12|
    |add_ln813_199_fu_1431034_p2  |         +|   0|  0|   20|          13|          13|
    |add_ln813_19_fu_1426406_p2   |         +|   0|  0|   15|           8|           8|
    |add_ln813_1_fu_1426284_p2    |         +|   0|  0|   17|          11|          11|
    |add_ln813_200_fu_1427604_p2  |         +|   0|  0|   17|          10|          10|
    |add_ln813_201_fu_1427614_p2  |         +|   0|  0|   17|          10|          10|
    |add_ln813_202_fu_1427624_p2  |         +|   0|  0|   18|          11|          11|
    |add_ln813_203_fu_1427630_p2  |         +|   0|  0|   17|          10|          10|
    |add_ln813_204_fu_1427640_p2  |         +|   0|  0|   17|          10|          10|
    |add_ln813_205_fu_1427650_p2  |         +|   0|  0|   18|          11|          11|
    |add_ln813_206_fu_1431050_p2  |         +|   0|  0|   19|          12|          12|
    |add_ln813_207_fu_1431060_p2  |         +|   0|  0|   21|          14|          14|
    |add_ln813_208_fu_1427656_p2  |         +|   0|  0|   17|          10|          10|
    |add_ln813_209_fu_1427662_p2  |         +|   0|  0|   16|           9|           9|
    |add_ln813_20_fu_1426416_p2   |         +|   0|  0|   17|          11|          11|
    |add_ln813_210_fu_1431076_p2  |         +|   0|  0|   17|          11|          11|
    |add_ln813_211_fu_1427668_p2  |         +|   0|  0|   16|           9|           9|
    |add_ln813_212_fu_1427678_p2  |         +|   0|  0|   16|           9|           9|
    |add_ln813_213_fu_1427688_p2  |         +|   0|  0|   17|          10|          10|
    |add_ln813_214_fu_1431085_p2  |         +|   0|  0|   17|          11|          11|
    |add_ln813_215_fu_1427694_p2  |         +|   0|  0|   16|           9|           9|
    |add_ln813_216_fu_1427704_p2  |         +|   0|  0|   19|          12|          12|
    |add_ln813_217_fu_1427714_p2  |         +|   0|  0|   20|          13|          13|
    |add_ln813_218_fu_1427720_p2  |         +|   0|  0|   19|          12|          12|
    |add_ln813_219_fu_1427730_p2  |         +|   0|  0|   19|          12|          12|
    |add_ln813_21_fu_1426426_p2   |         +|   0|  0|   19|          12|          12|
    |add_ln813_220_fu_1427740_p2  |         +|   0|  0|   20|          13|          13|
    |add_ln813_221_fu_1431101_p2  |         +|   0|  0|   21|          14|          14|
    |add_ln813_222_fu_1431111_p2  |         +|   0|  0|   22|          15|          15|
    |add_ln813_223_fu_1431121_p2  |         +|   0|  0|   16|          16|          16|
    |add_ln813_224_fu_1427746_p2  |         +|   0|  0|   19|          12|          12|
    |add_ln813_225_fu_1427756_p2  |         +|   0|  0|   18|          11|          11|
    |add_ln813_226_fu_1427766_p2  |         +|   0|  0|   20|          13|          13|
    |add_ln813_227_fu_1427772_p2  |         +|   0|  0|   18|          11|          11|
    |add_ln813_228_fu_1427782_p2  |         +|   0|  0|   18|          11|          11|
    |add_ln813_229_fu_1427792_p2  |         +|   0|  0|   19|          12|          12|
    |add_ln813_22_fu_1430543_p2   |         +|   0|  0|   20|          13|          13|
    |add_ln813_230_fu_1431133_p2  |         +|   0|  0|   21|          14|          14|
    |add_ln813_231_fu_1427798_p2  |         +|   0|  0|   18|          11|          11|
    |add_ln813_232_fu_1427808_p2  |         +|   0|  0|   18|          11|          11|
    |add_ln813_233_fu_1427818_p2  |         +|   0|  0|   19|          12|          12|
    |add_ln813_234_fu_1427824_p2  |         +|   0|  0|   18|          11|          11|
    |add_ln813_235_fu_1427834_p2  |         +|   0|  0|   18|          11|          11|
    |add_ln813_236_fu_1427844_p2  |         +|   0|  0|   19|          12|          12|
    |add_ln813_237_fu_1431149_p2  |         +|   0|  0|   20|          13|          13|
    |add_ln813_238_fu_1431159_p2  |         +|   0|  0|   16|          15|          15|
    |add_ln813_239_fu_1427850_p2  |         +|   0|  0|   18|          11|          11|
    |add_ln813_23_fu_1426432_p2   |         +|   0|  0|   19|          12|          12|
    |add_ln813_240_fu_1427860_p2  |         +|   0|  0|   18|          11|          11|
    |add_ln813_241_fu_1427870_p2  |         +|   0|  0|   17|          13|          13|
    |add_ln813_242_fu_1427876_p2  |         +|   0|  0|   17|          10|          10|
    |add_ln813_243_fu_1427886_p2  |         +|   0|  0|   17|          10|          10|
    |add_ln813_244_fu_1427896_p2  |         +|   0|  0|   18|          11|          11|
    |add_ln813_245_fu_1427906_p2  |         +|   0|  0|   17|          13|          13|
    |add_ln813_246_fu_1427912_p2  |         +|   0|  0|   16|           9|           9|
    |add_ln813_247_fu_1427922_p2  |         +|   0|  0|   16|           9|           9|
    |add_ln813_248_fu_1427932_p2  |         +|   0|  0|   17|          10|          10|
    |add_ln813_249_fu_1427938_p2  |         +|   0|  0|   15|           8|           8|
    |add_ln813_24_fu_1426442_p2   |         +|   0|  0|   19|          12|          12|
    |add_ln813_250_fu_1427948_p2  |         +|   0|  0|   14|           7|           7|
    |add_ln813_251_fu_1427958_p2  |         +|   0|  0|   16|           9|           9|
    |add_ln813_252_fu_1431174_p2  |         +|   0|  0|   18|          11|          11|
    |add_ln813_253_fu_1431184_p2  |         +|   0|  0|   21|          14|          14|
    |add_ln813_254_fu_1431194_p2  |         +|   0|  0|   16|          15|          15|
    |add_ln813_255_fu_1431204_p2  |         +|   0|  0|   16|          16|          16|
    |add_ln813_256_fu_1427964_p2  |         +|   0|  0|   16|           9|           7|
    |add_ln813_257_fu_1427973_p2  |         +|   0|  0|   18|          11|          11|
    |add_ln813_258_fu_1427983_p2  |         +|   0|  0|   18|          11|          11|
    |add_ln813_259_fu_1427993_p2  |         +|   0|  0|   19|          12|          12|
    |add_ln813_25_fu_1426452_p2   |         +|   0|  0|   20|          13|          13|
    |add_ln813_260_fu_1427999_p2  |         +|   0|  0|   17|          10|          10|
    |add_ln813_261_fu_1428009_p2  |         +|   0|  0|   17|          10|          10|
    |add_ln813_262_fu_1428019_p2  |         +|   0|  0|   18|          11|          11|
    |add_ln813_263_fu_1431216_p2  |         +|   0|  0|   17|          13|          13|
    |add_ln813_264_fu_1428025_p2  |         +|   0|  0|   17|          10|          10|
    |add_ln813_265_fu_1428035_p2  |         +|   0|  0|   17|          10|          10|
    |add_ln813_266_fu_1428045_p2  |         +|   0|  0|   18|          11|          11|
    |add_ln813_267_fu_1428051_p2  |         +|   0|  0|   17|          10|          10|
    |add_ln813_268_fu_1428061_p2  |         +|   0|  0|   17|          10|          10|
    |add_ln813_269_fu_1428071_p2  |         +|   0|  0|   18|          11|          11|
    |add_ln813_26_fu_1426458_p2   |         +|   0|  0|   19|          12|          12|
    |add_ln813_270_fu_1431228_p2  |         +|   0|  0|   19|          12|          12|
    |add_ln813_271_fu_1431238_p2  |         +|   0|  0|   17|          13|          13|
    |add_ln813_272_fu_1428077_p2  |         +|   0|  0|   17|          10|          10|
    |add_ln813_273_fu_1428087_p2  |         +|   0|  0|   17|          10|          10|
    |add_ln813_274_fu_1428097_p2  |         +|   0|  0|   18|          11|          11|
    |add_ln813_275_fu_1428103_p2  |         +|   0|  0|   16|           9|           9|
    |add_ln813_276_fu_1428113_p2  |         +|   0|  0|   16|           9|           9|
    |add_ln813_277_fu_1428123_p2  |         +|   0|  0|   17|          10|          10|
    |add_ln813_278_fu_1431254_p2  |         +|   0|  0|   19|          12|          12|
    |add_ln813_279_fu_1428129_p2  |         +|   0|  0|   15|           8|           8|
    |add_ln813_27_fu_1426468_p2   |         +|   0|  0|   19|          12|          12|
    |add_ln813_280_fu_1428139_p2  |         +|   0|  0|   17|          12|          12|
    |add_ln813_281_fu_1428145_p2  |         +|   0|  0|   17|          12|          12|
    |add_ln813_282_fu_1428151_p2  |         +|   0|  0|   19|          12|          12|
    |add_ln813_283_fu_1428161_p2  |         +|   0|  0|   19|          12|          12|
    |add_ln813_284_fu_1428171_p2  |         +|   0|  0|   20|          13|          13|
    |add_ln813_285_fu_1431270_p2  |         +|   0|  0|   16|          14|          14|
    |add_ln813_286_fu_1431276_p2  |         +|   0|  0|   16|          14|          14|
    |add_ln813_287_fu_1431286_p2  |         +|   0|  0|   22|          15|          15|
    |add_ln813_288_fu_1428177_p2  |         +|   0|  0|   19|          12|          12|
    |add_ln813_289_fu_1428187_p2  |         +|   0|  0|   18|          11|          11|
    |add_ln813_28_fu_1426478_p2   |         +|   0|  0|   20|          13|          13|
    |add_ln813_290_fu_1428197_p2  |         +|   0|  0|   20|          13|          13|
    |add_ln813_291_fu_1428203_p2  |         +|   0|  0|   18|          11|          11|
    |add_ln813_292_fu_1428213_p2  |         +|   0|  0|   18|          11|          11|
    |add_ln813_293_fu_1428223_p2  |         +|   0|  0|   19|          12|          12|
    |add_ln813_294_fu_1431302_p2  |         +|   0|  0|   21|          14|          14|
    |add_ln813_295_fu_1428229_p2  |         +|   0|  0|   18|          11|          11|
    |add_ln813_296_fu_1428239_p2  |         +|   0|  0|   18|          11|          11|
    |add_ln813_297_fu_1428249_p2  |         +|   0|  0|   19|          12|          12|
    |add_ln813_298_fu_1428255_p2  |         +|   0|  0|   18|          11|          11|
    |add_ln813_299_fu_1428265_p2  |         +|   0|  0|   18|          11|          11|
    |add_ln813_29_fu_1430559_p2   |         +|   0|  0|   21|          14|          14|
    |add_ln813_2_fu_1426290_p2    |         +|   0|  0|   17|          11|          11|
    |add_ln813_300_fu_1428275_p2  |         +|   0|  0|   19|          12|          12|
    |add_ln813_301_fu_1431318_p2  |         +|   0|  0|   20|          13|          13|
    |add_ln813_302_fu_1431328_p2  |         +|   0|  0|   16|          15|          15|
    |add_ln813_303_fu_1428281_p2  |         +|   0|  0|   18|          11|          11|
    |add_ln813_304_fu_1428291_p2  |         +|   0|  0|   17|          10|          10|
    |add_ln813_305_fu_1428301_p2  |         +|   0|  0|   19|          12|          12|
    |add_ln813_306_fu_1428307_p2  |         +|   0|  0|   17|          10|          10|
    |add_ln813_307_fu_1428317_p2  |         +|   0|  0|   17|          10|          10|
    |add_ln813_308_fu_1428327_p2  |         +|   0|  0|   18|          11|          11|
    |add_ln813_309_fu_1431340_p2  |         +|   0|  0|   17|          13|          13|
    |add_ln813_30_fu_1430569_p2   |         +|   0|  0|   22|          15|          15|
    |add_ln813_310_fu_1428333_p2  |         +|   0|  0|   17|          10|          10|
    |add_ln813_311_fu_1428343_p2  |         +|   0|  0|   16|           9|           9|
    |add_ln813_312_fu_1428353_p2  |         +|   0|  0|   17|          11|          11|
    |add_ln813_313_fu_1414134_p2  |         +|   0|  0|   15|           8|           8|
    |add_ln813_314_fu_1428362_p2  |         +|   0|  0|   15|           8|           8|
    |add_ln813_315_fu_1428372_p2  |         +|   0|  0|   16|           9|           9|
    |add_ln813_316_fu_1428382_p2  |         +|   0|  0|   17|          11|          11|
    |add_ln813_317_fu_1431349_p2  |         +|   0|  0|   17|          13|          13|
    |add_ln813_318_fu_1431359_p2  |         +|   0|  0|   16|          15|          15|
    |add_ln813_319_fu_1431369_p2  |         +|   0|  0|   23|          16|          16|
    |add_ln813_31_fu_1430579_p2   |         +|   0|  0|   16|          16|          16|
    |add_ln813_320_fu_1428388_p2  |         +|   0|  0|   18|          11|          11|
    |add_ln813_321_fu_1428398_p2  |         +|   0|  0|   18|          11|          11|
    |add_ln813_322_fu_1428408_p2  |         +|   0|  0|   19|          12|          12|
    |add_ln813_323_fu_1428414_p2  |         +|   0|  0|   18|          11|          11|
    |add_ln813_324_fu_1428424_p2  |         +|   0|  0|   18|          11|          11|
    |add_ln813_325_fu_1428434_p2  |         +|   0|  0|   19|          12|          12|
    |add_ln813_326_fu_1431381_p2  |         +|   0|  0|   17|          13|          13|
    |add_ln813_327_fu_1428440_p2  |         +|   0|  0|   17|          10|          10|
    |add_ln813_328_fu_1428450_p2  |         +|   0|  0|   17|          10|          10|
    |add_ln813_329_fu_1428460_p2  |         +|   0|  0|   18|          11|          11|
    |add_ln813_32_fu_1426484_p2   |         +|   0|  0|   18|          11|          11|
    |add_ln813_330_fu_1428466_p2  |         +|   0|  0|   17|          10|          10|
    |add_ln813_331_fu_1428476_p2  |         +|   0|  0|   17|          10|          10|
    |add_ln813_332_fu_1428486_p2  |         +|   0|  0|   18|          11|          11|
    |add_ln813_333_fu_1431393_p2  |         +|   0|  0|   19|          12|          12|
    |add_ln813_334_fu_1431403_p2  |         +|   0|  0|   17|          13|          13|
    |add_ln813_335_fu_1428492_p2  |         +|   0|  0|   18|          10|          10|
    |add_ln813_336_fu_1428498_p2  |         +|   0|  0|   16|           9|           9|
    |add_ln813_337_fu_1428508_p2  |         +|   0|  0|   18|          10|          10|
    |add_ln813_338_fu_1428514_p2  |         +|   0|  0|   15|           8|           8|
    |add_ln813_339_fu_1428524_p2  |         +|   0|  0|   15|           8|           8|
    |add_ln813_33_fu_1426494_p2   |         +|   0|  0|   18|          11|          11|
    |add_ln813_340_fu_1428534_p2  |         +|   0|  0|   16|           9|           9|
    |add_ln813_341_fu_1431419_p2  |         +|   0|  0|   18|          11|          11|
    |add_ln813_342_fu_1428540_p2  |         +|   0|  0|   19|          12|          12|
    |add_ln813_343_fu_1428550_p2  |         +|   0|  0|   19|          12|          12|
    |add_ln813_344_fu_1428560_p2  |         +|   0|  0|   20|          13|          13|
    |add_ln813_345_fu_1428566_p2  |         +|   0|  0|   19|          12|          12|
    |add_ln813_346_fu_1428576_p2  |         +|   0|  0|   19|          12|          12|
    |add_ln813_347_fu_1428586_p2  |         +|   0|  0|   20|          13|          13|
    |add_ln813_348_fu_1431435_p2  |         +|   0|  0|   16|          14|          14|
    |add_ln813_349_fu_1431441_p2  |         +|   0|  0|   16|          14|          14|
    |add_ln813_34_fu_1426504_p2   |         +|   0|  0|   19|          12|          12|
    |add_ln813_350_fu_1431451_p2  |         +|   0|  0|   22|          15|          15|
    |add_ln813_351_fu_1428592_p2  |         +|   0|  0|   18|          11|          11|
    |add_ln813_352_fu_1428602_p2  |         +|   0|  0|   18|          11|          11|
    |add_ln813_353_fu_1428612_p2  |         +|   0|  0|   19|          12|          12|
    |add_ln813_354_fu_1428618_p2  |         +|   0|  0|   18|          11|          11|
    |add_ln813_355_fu_1428628_p2  |         +|   0|  0|   18|          11|          11|
    |add_ln813_356_fu_1428638_p2  |         +|   0|  0|   19|          12|          12|
    |add_ln813_357_fu_1431467_p2  |         +|   0|  0|   20|          13|          13|
    |add_ln813_358_fu_1428644_p2  |         +|   0|  0|   18|          11|          11|
    |add_ln813_359_fu_1428654_p2  |         +|   0|  0|   18|          11|          11|
    |add_ln813_35_fu_1426510_p2   |         +|   0|  0|   18|          11|          11|
    |add_ln813_360_fu_1428664_p2  |         +|   0|  0|   19|          12|          12|
    |add_ln813_361_fu_1428670_p2  |         +|   0|  0|   18|          11|          11|
    |add_ln813_362_fu_1428680_p2  |         +|   0|  0|   18|          11|          11|
    |add_ln813_363_fu_1428690_p2  |         +|   0|  0|   19|          12|          12|
    |add_ln813_364_fu_1431483_p2  |         +|   0|  0|   20|          13|          13|
    |add_ln813_365_fu_1431493_p2  |         +|   0|  0|   21|          14|          14|
    |add_ln813_366_fu_1428696_p2  |         +|   0|  0|   18|          11|          11|
    |add_ln813_367_fu_1428706_p2  |         +|   0|  0|   18|          11|          11|
    |add_ln813_368_fu_1428716_p2  |         +|   0|  0|   19|          12|          12|
    |add_ln813_369_fu_1428722_p2  |         +|   0|  0|   18|          11|          11|
    |add_ln813_36_fu_1426520_p2   |         +|   0|  0|   18|          11|          11|
    |add_ln813_370_fu_1428732_p2  |         +|   0|  0|   17|          10|          10|
    |add_ln813_371_fu_1428742_p2  |         +|   0|  0|   20|          13|          13|
    |add_ln813_372_fu_1431509_p2  |         +|   0|  0|   16|          14|          14|
    |add_ln813_373_fu_1428748_p2  |         +|   0|  0|   17|          10|          10|
    |add_ln813_374_fu_1428758_p2  |         +|   0|  0|   17|          10|          10|
    |add_ln813_375_fu_1428768_p2  |         +|   0|  0|   18|          11|          11|
    |add_ln813_376_fu_1428774_p2  |         +|   0|  0|   16|           9|           9|
    |add_ln813_377_fu_1428784_p2  |         +|   0|  0|   14|           7|           7|
    |add_ln813_378_fu_1428794_p2  |         +|   0|  0|   17|          10|          10|
    |add_ln813_379_fu_1431521_p2  |         +|   0|  0|   19|          12|          12|
    |add_ln813_37_fu_1426530_p2   |         +|   0|  0|   19|          12|          12|
    |add_ln813_380_fu_1431531_p2  |         +|   0|  0|   16|          14|          14|
    |add_ln813_381_fu_1431541_p2  |         +|   0|  0|   22|          15|          15|
    |add_ln813_382_fu_1431551_p2  |         +|   0|  0|   23|          16|          16|
    |add_ln813_383_fu_1428800_p2  |         +|   0|  0|   17|          10|          10|
    |add_ln813_384_fu_1428810_p2  |         +|   0|  0|   17|          10|          10|
    |add_ln813_385_fu_1428820_p2  |         +|   0|  0|   18|          11|          11|
    |add_ln813_386_fu_1428826_p2  |         +|   0|  0|   17|          10|          10|
    |add_ln813_387_fu_1428836_p2  |         +|   0|  0|   17|          10|          10|
    |add_ln813_388_fu_1428846_p2  |         +|   0|  0|   18|          11|          11|
    |add_ln813_389_fu_1431563_p2  |         +|   0|  0|   19|          12|          12|
    |add_ln813_38_fu_1430591_p2   |         +|   0|  0|   20|          13|          13|
    |add_ln813_390_fu_1428852_p2  |         +|   0|  0|   17|          10|          10|
    |add_ln813_391_fu_1428862_p2  |         +|   0|  0|   17|          10|          10|
    |add_ln813_392_fu_1428872_p2  |         +|   0|  0|   18|          11|          11|
    |add_ln813_393_fu_1428878_p2  |         +|   0|  0|   17|          10|          10|
    |add_ln813_394_fu_1428888_p2  |         +|   0|  0|   17|          10|          10|
    |add_ln813_395_fu_1428898_p2  |         +|   0|  0|   18|          11|          11|
    |add_ln813_396_fu_1431579_p2  |         +|   0|  0|   19|          12|          12|
    |add_ln813_397_fu_1431589_p2  |         +|   0|  0|   20|          13|          13|
    |add_ln813_398_fu_1428904_p2  |         +|   0|  0|   17|          10|          10|
    |add_ln813_399_fu_1428914_p2  |         +|   0|  0|   17|          10|          10|
    |add_ln813_39_fu_1426536_p2   |         +|   0|  0|   18|          11|          11|
    |add_ln813_3_fu_1426296_p2    |         +|   0|  0|   17|          11|          11|
    |add_ln813_400_fu_1428924_p2  |         +|   0|  0|   18|          11|          11|
    |add_ln813_401_fu_1428930_p2  |         +|   0|  0|   18|          10|          10|
    |add_ln813_402_fu_1428936_p2  |         +|   0|  0|   16|           9|           9|
    |add_ln813_403_fu_1428946_p2  |         +|   0|  0|   18|          10|          10|
    |add_ln813_404_fu_1431605_p2  |         +|   0|  0|   19|          12|          12|
    |add_ln813_405_fu_1428952_p2  |         +|   0|  0|   16|           9|           9|
    |add_ln813_406_fu_1428962_p2  |         +|   0|  0|   16|           9|           9|
    |add_ln813_407_fu_1428972_p2  |         +|   0|  0|   17|          10|          10|
    |add_ln813_408_fu_1428982_p2  |         +|   0|  0|   14|           7|           7|
    |add_ln813_409_fu_1428992_p2  |         +|   0|  0|   19|          12|          12|
    |add_ln813_40_fu_1426546_p2   |         +|   0|  0|   18|          11|          11|
    |add_ln813_410_fu_1429002_p2  |         +|   0|  0|   17|          13|          13|
    |add_ln813_411_fu_1429008_p2  |         +|   0|  0|   17|          13|          13|
    |add_ln813_412_fu_1431618_p2  |         +|   0|  0|   21|          14|          14|
    |add_ln813_413_fu_1431628_p2  |         +|   0|  0|   22|          15|          15|
    |add_ln813_414_fu_1429014_p2  |         +|   0|  0|   19|          12|          12|
    |add_ln813_415_fu_1429024_p2  |         +|   0|  0|   19|          12|          12|
    |add_ln813_416_fu_1429034_p2  |         +|   0|  0|   20|          13|          13|
    |add_ln813_417_fu_1429040_p2  |         +|   0|  0|   19|          12|          12|
    |add_ln813_418_fu_1429050_p2  |         +|   0|  0|   19|          12|          12|
    |add_ln813_419_fu_1429060_p2  |         +|   0|  0|   20|          13|          13|
    |add_ln813_41_fu_1426556_p2   |         +|   0|  0|   19|          12|          12|
    |add_ln813_420_fu_1431644_p2  |         +|   0|  0|   21|          14|          14|
    |add_ln813_421_fu_1429066_p2  |         +|   0|  0|   18|          11|          11|
    |add_ln813_422_fu_1429076_p2  |         +|   0|  0|   18|          11|          11|
    |add_ln813_423_fu_1429086_p2  |         +|   0|  0|   19|          12|          12|
    |add_ln813_424_fu_1429092_p2  |         +|   0|  0|   18|          11|          11|
    |add_ln813_425_fu_1429102_p2  |         +|   0|  0|   18|          11|          11|
    |add_ln813_426_fu_1429112_p2  |         +|   0|  0|   19|          12|          12|
    |add_ln813_427_fu_1431660_p2  |         +|   0|  0|   20|          13|          13|
    |add_ln813_428_fu_1431670_p2  |         +|   0|  0|   16|          15|          15|
    |add_ln813_429_fu_1429118_p2  |         +|   0|  0|   18|          11|          11|
    |add_ln813_42_fu_1426562_p2   |         +|   0|  0|   18|          11|          11|
    |add_ln813_430_fu_1429128_p2  |         +|   0|  0|   19|          12|          12|
    |add_ln813_431_fu_1429138_p2  |         +|   0|  0|   17|          13|          13|
    |add_ln813_432_fu_1429144_p2  |         +|   0|  0|   17|          10|          10|
    |add_ln813_433_fu_1429154_p2  |         +|   0|  0|   17|          10|          10|
    |add_ln813_434_fu_1429164_p2  |         +|   0|  0|   18|          11|          11|
    |add_ln813_435_fu_1429174_p2  |         +|   0|  0|   17|          13|          13|
    |add_ln813_436_fu_1429180_p2  |         +|   0|  0|   17|          10|           8|
    |add_ln813_437_fu_1429186_p2  |         +|   0|  0|   16|           9|           9|
    |add_ln813_438_fu_1431685_p2  |         +|   0|  0|   17|          11|          11|
    |add_ln813_439_fu_1429192_p2  |         +|   0|  0|   16|           9|           9|
    |add_ln813_43_fu_1426572_p2   |         +|   0|  0|   18|          11|          11|
    |add_ln813_440_fu_1429202_p2  |         +|   0|  0|   15|           8|           8|
    |add_ln813_441_fu_1429212_p2  |         +|   0|  0|   16|           9|           9|
    |add_ln813_442_fu_1429222_p2  |         +|   0|  0|   17|          10|          10|
    |add_ln813_443_fu_1431694_p2  |         +|   0|  0|   17|          11|          11|
    |add_ln813_444_fu_1431704_p2  |         +|   0|  0|   21|          14|          14|
    |add_ln813_445_fu_1431714_p2  |         +|   0|  0|   16|          15|          15|
    |add_ln813_446_fu_1431724_p2  |         +|   0|  0|   23|          16|          16|
    |add_ln813_447_fu_1429228_p2  |         +|   0|  0|   18|          11|          11|
    |add_ln813_448_fu_1429238_p2  |         +|   0|  0|   18|          11|          11|
    |add_ln813_449_fu_1429248_p2  |         +|   0|  0|   19|          12|          12|
    |add_ln813_44_fu_1426582_p2   |         +|   0|  0|   19|          12|          12|
    |add_ln813_450_fu_1429254_p2  |         +|   0|  0|   18|          11|          11|
    |add_ln813_451_fu_1429264_p2  |         +|   0|  0|   17|          10|          10|
    |add_ln813_452_fu_1429274_p2  |         +|   0|  0|   19|          12|          12|
    |add_ln813_453_fu_1431736_p2  |         +|   0|  0|   20|          13|          13|
    |add_ln813_454_fu_1429280_p2  |         +|   0|  0|   17|          10|          10|
    |add_ln813_455_fu_1429290_p2  |         +|   0|  0|   17|          10|          10|
    |add_ln813_456_fu_1429300_p2  |         +|   0|  0|   18|          11|          11|
    |add_ln813_457_fu_1429306_p2  |         +|   0|  0|   17|          10|          10|
    |add_ln813_458_fu_1429316_p2  |         +|   0|  0|   17|          10|          10|
    |add_ln813_459_fu_1429326_p2  |         +|   0|  0|   18|          11|          11|
    |add_ln813_45_fu_1430607_p2   |         +|   0|  0|   20|          13|          13|
    |add_ln813_460_fu_1431752_p2  |         +|   0|  0|   19|          12|          12|
    |add_ln813_461_fu_1431762_p2  |         +|   0|  0|   21|          14|          14|
    |add_ln813_462_fu_1429332_p2  |         +|   0|  0|   17|          10|          10|
    |add_ln813_463_fu_1429342_p2  |         +|   0|  0|   17|          10|          10|
    |add_ln813_464_fu_1429352_p2  |         +|   0|  0|   18|          11|          11|
    |add_ln813_465_fu_1429358_p2  |         +|   0|  0|   18|          10|          10|
    |add_ln813_466_fu_1429364_p2  |         +|   0|  0|   16|           9|           9|
    |add_ln813_467_fu_1429374_p2  |         +|   0|  0|   18|          10|          10|
    |add_ln813_468_fu_1431778_p2  |         +|   0|  0|   19|          12|          12|
    |add_ln813_469_fu_1429380_p2  |         +|   0|  0|   16|           9|           9|
    |add_ln813_46_fu_1430617_p2   |         +|   0|  0|   21|          14|          14|
    |add_ln813_470_fu_1429390_p2  |         +|   0|  0|   16|           9|           9|
    |add_ln813_471_fu_1429400_p2  |         +|   0|  0|   17|          10|          10|
    |add_ln813_472_fu_1429410_p2  |         +|   0|  0|   19|          12|          12|
    |add_ln813_473_fu_1429420_p2  |         +|   0|  0|   19|          12|          12|
    |add_ln813_474_fu_1429430_p2  |         +|   0|  0|   17|          13|          13|
    |add_ln813_475_fu_1429436_p2  |         +|   0|  0|   17|          13|          13|
    |add_ln813_476_fu_1431791_p2  |         +|   0|  0|   21|          14|          14|
    |add_ln813_477_fu_1431801_p2  |         +|   0|  0|   22|          15|          15|
    |add_ln813_478_fu_1429442_p2  |         +|   0|  0|   19|          12|          12|
    |add_ln813_479_fu_1429452_p2  |         +|   0|  0|   19|          12|          12|
    |add_ln813_47_fu_1426588_p2   |         +|   0|  0|   18|          11|          11|
    |add_ln813_480_fu_1429462_p2  |         +|   0|  0|   20|          13|          13|
    |add_ln813_481_fu_1429468_p2  |         +|   0|  0|   19|          12|          12|
    |add_ln813_482_fu_1429478_p2  |         +|   0|  0|   19|          12|          12|
    |add_ln813_483_fu_1429488_p2  |         +|   0|  0|   20|          13|          13|
    |add_ln813_484_fu_1431817_p2  |         +|   0|  0|   21|          14|          14|
    |add_ln813_485_fu_1429494_p2  |         +|   0|  0|   18|          11|          11|
    |add_ln813_486_fu_1429504_p2  |         +|   0|  0|   18|          11|          11|
    |add_ln813_487_fu_1429514_p2  |         +|   0|  0|   19|          12|          12|
    |add_ln813_488_fu_1429520_p2  |         +|   0|  0|   18|          11|          11|
    |add_ln813_489_fu_1429530_p2  |         +|   0|  0|   18|          11|          11|
    |add_ln813_48_fu_1426598_p2   |         +|   0|  0|   19|          12|          12|
    |add_ln813_490_fu_1429540_p2  |         +|   0|  0|   19|          12|          12|
    |add_ln813_491_fu_1431833_p2  |         +|   0|  0|   20|          13|          13|
    |add_ln813_492_fu_1431843_p2  |         +|   0|  0|   22|          15|          15|
    |add_ln813_493_fu_1429546_p2  |         +|   0|  0|   18|          11|          11|
    |add_ln813_494_fu_1429556_p2  |         +|   0|  0|   18|          11|          11|
    |add_ln813_495_fu_1429566_p2  |         +|   0|  0|   19|          12|          12|
    |add_ln813_496_fu_1429572_p2  |         +|   0|  0|   19|          12|          12|
    |add_ln813_497_fu_1429582_p2  |         +|   0|  0|   19|          12|          12|
    |add_ln813_498_fu_1429592_p2  |         +|   0|  0|   20|          13|          13|
    |add_ln813_499_fu_1431859_p2  |         +|   0|  0|   16|          14|          14|
    |add_ln813_49_fu_1426608_p2   |         +|   0|  0|   17|          13|          13|
    |add_ln813_4_fu_1426302_p2    |         +|   0|  0|   18|          11|          11|
    |add_ln813_500_fu_1429598_p2  |         +|   0|  0|   17|          10|          10|
    |add_ln813_501_fu_1429608_p2  |         +|   0|  0|   17|          10|          10|
    |add_ln813_502_fu_1429618_p2  |         +|   0|  0|   18|          11|          11|
    |add_ln813_503_fu_1429624_p2  |         +|   0|  0|   17|          10|           8|
    |add_ln813_504_fu_1429634_p2  |         +|   0|  0|   15|           8|           8|
    |add_ln813_505_fu_1429644_p2  |         +|   0|  0|   16|           9|           9|
    |add_ln813_506_fu_1429654_p2  |         +|   0|  0|   18|          11|          11|
    |add_ln813_507_fu_1431871_p2  |         +|   0|  0|   19|          12|          12|
    |add_ln813_508_fu_1431881_p2  |         +|   0|  0|   16|          14|          14|
    |add_ln813_509_fu_1431891_p2  |         +|   0|  0|   16|          16|          16|
    |add_ln813_50_fu_1426614_p2   |         +|   0|  0|   17|          10|          10|
    |add_ln813_510_fu_1431897_p2  |         +|   0|  0|   16|          16|          16|
    |add_ln813_511_fu_1429660_p2  |         +|   0|  0|   16|           9|           6|
    |add_ln813_512_fu_1429669_p2  |         +|   0|  0|   17|          10|          10|
    |add_ln813_513_fu_1429679_p2  |         +|   0|  0|   18|          11|          11|
    |add_ln813_514_fu_1431906_p2  |         +|   0|  0|   17|          12|          12|
    |add_ln813_515_fu_1429685_p2  |         +|   0|  0|   17|          10|          10|
    |add_ln813_516_fu_1429695_p2  |         +|   0|  0|   17|          10|          10|
    |add_ln813_517_fu_1429705_p2  |         +|   0|  0|   18|          11|          11|
    |add_ln813_518_fu_1431915_p2  |         +|   0|  0|   17|          12|          12|
    |add_ln813_519_fu_1429711_p2  |         +|   0|  0|   17|          10|          10|
    |add_ln813_51_fu_1426624_p2   |         +|   0|  0|   17|          10|          10|
    |add_ln813_520_fu_1429721_p2  |         +|   0|  0|   17|          10|          10|
    |add_ln813_521_fu_1429731_p2  |         +|   0|  0|   18|          11|          11|
    |add_ln813_522_fu_1429737_p2  |         +|   0|  0|   17|          10|          10|
    |add_ln813_523_fu_1429747_p2  |         +|   0|  0|   17|          10|          10|
    |add_ln813_524_fu_1429757_p2  |         +|   0|  0|   18|          11|          11|
    |add_ln813_525_fu_1431931_p2  |         +|   0|  0|   19|          12|          12|
    |add_ln813_526_fu_1431941_p2  |         +|   0|  0|   20|          13|          13|
    |add_ln813_527_fu_1429763_p2  |         +|   0|  0|   17|          10|          10|
    |add_ln813_528_fu_1429773_p2  |         +|   0|  0|   16|           9|           9|
    |add_ln813_529_fu_1429783_p2  |         +|   0|  0|   17|          11|          11|
    |add_ln813_52_fu_1426634_p2   |         +|   0|  0|   18|          11|          11|
    |add_ln813_530_fu_1429789_p2  |         +|   0|  0|   18|           9|           9|
    |add_ln813_531_fu_1414140_p2  |         +|   0|  0|   15|           8|           8|
    |add_ln813_532_fu_1429798_p2  |         +|   0|  0|   18|           9|           9|
    |add_ln813_533_fu_1429808_p2  |         +|   0|  0|   17|          11|          11|
    |add_ln813_534_fu_1429814_p2  |         +|   0|  0|   15|           8|           8|
    |add_ln813_535_fu_1429824_p2  |         +|   0|  0|   17|          12|          12|
    |add_ln813_536_fu_1429830_p2  |         +|   0|  0|   17|          12|          12|
    |add_ln813_537_fu_1429836_p2  |         +|   0|  0|   19|          12|          12|
    |add_ln813_538_fu_1429846_p2  |         +|   0|  0|   19|          12|          12|
    |add_ln813_539_fu_1429856_p2  |         +|   0|  0|   20|          13|          13|
    |add_ln813_53_fu_1426644_p2   |         +|   0|  0|   17|          13|          13|
    |add_ln813_540_fu_1431960_p2  |         +|   0|  0|   16|          14|          14|
    |add_ln813_541_fu_1431966_p2  |         +|   0|  0|   16|          14|          14|
    |add_ln813_542_fu_1431976_p2  |         +|   0|  0|   22|          15|          15|
    |add_ln813_543_fu_1429862_p2  |         +|   0|  0|   19|          12|          12|
    |add_ln813_544_fu_1429872_p2  |         +|   0|  0|   19|          12|          12|
    |add_ln813_545_fu_1429882_p2  |         +|   0|  0|   20|          13|          13|
    |add_ln813_546_fu_1429888_p2  |         +|   0|  0|   19|          12|          12|
    |add_ln813_547_fu_1429898_p2  |         +|   0|  0|   13|           6|           6|
    |add_ln813_548_fu_1429908_p2  |         +|   0|  0|   20|          13|          13|
    |add_ln813_549_fu_1431992_p2  |         +|   0|  0|   21|          14|          14|
    |add_ln813_54_fu_1426650_p2   |         +|   0|  0|   17|          10|          10|
    |add_ln813_550_fu_1429914_p2  |         +|   0|  0|   18|          11|          11|
    |add_ln813_551_fu_1429924_p2  |         +|   0|  0|   18|          11|          11|
    |add_ln813_552_fu_1429934_p2  |         +|   0|  0|   19|          12|          12|
    |add_ln813_553_fu_1429940_p2  |         +|   0|  0|   18|          11|          11|
    |add_ln813_554_fu_1429950_p2  |         +|   0|  0|   18|          11|          11|
    |add_ln813_555_fu_1429960_p2  |         +|   0|  0|   19|          12|          12|
    |add_ln813_556_fu_1432008_p2  |         +|   0|  0|   20|          13|          13|
    |add_ln813_557_fu_1432018_p2  |         +|   0|  0|   16|          15|          15|
    |add_ln813_558_fu_1429966_p2  |         +|   0|  0|   18|          11|          11|
    |add_ln813_559_fu_1429972_p2  |         +|   0|  0|   19|          12|          12|
    |add_ln813_55_fu_1426656_p2   |         +|   0|  0|   16|           9|           9|
    |add_ln813_560_fu_1432030_p2  |         +|   0|  0|   17|          13|          13|
    |add_ln813_561_fu_1429978_p2  |         +|   0|  0|   18|          11|          11|
    |add_ln813_562_fu_1429988_p2  |         +|   0|  0|   17|          10|          10|
    |add_ln813_563_fu_1429998_p2  |         +|   0|  0|   19|          12|          12|
    |add_ln813_564_fu_1432039_p2  |         +|   0|  0|   17|          13|          13|
    |add_ln813_565_fu_1430004_p2  |         +|   0|  0|   17|          10|          10|
    |add_ln813_566_fu_1430014_p2  |         +|   0|  0|   17|          10|          10|
    |add_ln813_567_fu_1430024_p2  |         +|   0|  0|   18|          11|          11|
    |add_ln813_568_fu_1430034_p2  |         +|   0|  0|   18|          10|          10|
    |add_ln813_569_fu_1430040_p2  |         +|   0|  0|   15|           8|           8|
    |add_ln813_56_fu_1430636_p2   |         +|   0|  0|   17|          11|          11|
    |add_ln813_570_fu_1430050_p2  |         +|   0|  0|   18|          10|          10|
    |add_ln813_571_fu_1430060_p2  |         +|   0|  0|   19|          12|          12|
    |add_ln813_572_fu_1432052_p2  |         +|   0|  0|   21|          14|          14|
    |add_ln813_573_fu_1432062_p2  |         +|   0|  0|   16|          15|          15|
    |add_ln813_574_fu_1432072_p2  |         +|   0|  0|   23|          16|          16|
    |add_ln813_575_fu_1430066_p2  |         +|   0|  0|   18|          11|          11|
    |add_ln813_576_fu_1430076_p2  |         +|   0|  0|   18|          11|          11|
    |add_ln813_577_fu_1430086_p2  |         +|   0|  0|   19|          12|          12|
    |add_ln813_578_fu_1430092_p2  |         +|   0|  0|   18|          11|          11|
    |add_ln813_579_fu_1430102_p2  |         +|   0|  0|   17|          10|          10|
    |add_ln813_57_fu_1426662_p2   |         +|   0|  0|   16|           9|           9|
    |add_ln813_580_fu_1430112_p2  |         +|   0|  0|   19|          12|          12|
    |add_ln813_581_fu_1432084_p2  |         +|   0|  0|   17|          13|          13|
    |add_ln813_582_fu_1430118_p2  |         +|   0|  0|   17|          10|          10|
    |add_ln813_583_fu_1430128_p2  |         +|   0|  0|   17|          10|          10|
    |add_ln813_584_fu_1430138_p2  |         +|   0|  0|   18|          11|          11|
    |add_ln813_585_fu_1430144_p2  |         +|   0|  0|   17|          10|          10|
    |add_ln813_586_fu_1430154_p2  |         +|   0|  0|   17|          10|          10|
    |add_ln813_587_fu_1430164_p2  |         +|   0|  0|   18|          11|          11|
    |add_ln813_588_fu_1432096_p2  |         +|   0|  0|   19|          12|          12|
    |add_ln813_589_fu_1432106_p2  |         +|   0|  0|   17|          13|          13|
    |add_ln813_58_fu_1426672_p2   |         +|   0|  0|   15|           8|           8|
    |add_ln813_590_fu_1430170_p2  |         +|   0|  0|   16|           9|           9|
    |add_ln813_591_fu_1430180_p2  |         +|   0|  0|   16|           9|           9|
    |add_ln813_592_fu_1430190_p2  |         +|   0|  0|   17|          10|          10|
    |add_ln813_593_fu_1430200_p2  |         +|   0|  0|   14|           7|           7|
    |add_ln813_594_fu_1430210_p2  |         +|   0|  0|   19|          12|          12|
    |add_ln813_595_fu_1430216_p2  |         +|   0|  0|   17|          12|          12|
    |add_ln813_596_fu_1430222_p2  |         +|   0|  0|   17|          12|          12|
    |add_ln813_597_fu_1430228_p2  |         +|   0|  0|   19|          12|          12|
    |add_ln813_598_fu_1430238_p2  |         +|   0|  0|   19|          12|          12|
    |add_ln813_599_fu_1430248_p2  |         +|   0|  0|   20|          13|          13|
    |add_ln813_59_fu_1426682_p2   |         +|   0|  0|   17|          10|          10|
    |add_ln813_5_fu_1426312_p2    |         +|   0|  0|   17|          10|          10|
    |add_ln813_600_fu_1430254_p2  |         +|   0|  0|   19|          12|          12|
    |add_ln813_601_fu_1430264_p2  |         +|   0|  0|   18|          11|          11|
    |add_ln813_602_fu_1430274_p2  |         +|   0|  0|   20|          13|          13|
    |add_ln813_603_fu_1432125_p2  |         +|   0|  0|   21|          14|          14|
    |add_ln813_604_fu_1432135_p2  |         +|   0|  0|   22|          15|          15|
    |add_ln813_605_fu_1432145_p2  |         +|   0|  0|   16|          16|          16|
    |add_ln813_606_fu_1430280_p2  |         +|   0|  0|   18|          11|          11|
    |add_ln813_607_fu_1430290_p2  |         +|   0|  0|   18|          11|          11|
    |add_ln813_608_fu_1430300_p2  |         +|   0|  0|   19|          12|          12|
    |add_ln813_609_fu_1430306_p2  |         +|   0|  0|   18|          11|          11|
    |add_ln813_60_fu_1430645_p2   |         +|   0|  0|   17|          11|          11|
    |add_ln813_610_fu_1430316_p2  |         +|   0|  0|   18|          11|          11|
    |add_ln813_611_fu_1430326_p2  |         +|   0|  0|   19|          12|          12|
    |add_ln813_612_fu_1432157_p2  |         +|   0|  0|   20|          13|          13|
    |add_ln813_613_fu_1430332_p2  |         +|   0|  0|   18|          11|          11|
    |add_ln813_614_fu_1430342_p2  |         +|   0|  0|   18|          11|          11|
    |add_ln813_615_fu_1430352_p2  |         +|   0|  0|   19|          12|          12|
    |add_ln813_616_fu_1430358_p2  |         +|   0|  0|   18|          11|          11|
    |add_ln813_617_fu_1430368_p2  |         +|   0|  0|   18|          11|          11|
    |add_ln813_618_fu_1430378_p2  |         +|   0|  0|   19|          12|          12|
    |add_ln813_619_fu_1432173_p2  |         +|   0|  0|   20|          13|          13|
    |add_ln813_61_fu_1430655_p2   |         +|   0|  0|   21|          14|          14|
    |add_ln813_620_fu_1432183_p2  |         +|   0|  0|   21|          14|          14|
    |add_ln813_621_fu_1430384_p2  |         +|   0|  0|   18|          11|          11|
    |add_ln813_622_fu_1430394_p2  |         +|   0|  0|   19|          12|          12|
    |add_ln813_623_fu_1430404_p2  |         +|   0|  0|   20|          13|          13|
    |add_ln813_624_fu_1430410_p2  |         +|   0|  0|   17|          10|          10|
    |add_ln813_625_fu_1430420_p2  |         +|   0|  0|   17|          10|          10|
    |add_ln813_626_fu_1430430_p2  |         +|   0|  0|   18|          11|          11|
    |add_ln813_627_fu_1432196_p2  |         +|   0|  0|   17|          13|          13|
    |add_ln813_628_fu_1430436_p2  |         +|   0|  0|   16|           9|           9|
    |add_ln813_629_fu_1430446_p2  |         +|   0|  0|   16|           9|           9|
    |add_ln813_62_fu_1430665_p2   |         +|   0|  0|   22|          15|          15|
    |add_ln813_630_fu_1430456_p2  |         +|   0|  0|   17|          10|          10|
    |add_ln813_631_fu_1430462_p2  |         +|   0|  0|   15|           8|           8|
    |add_ln813_632_fu_1430480_p2  |         +|   0|  0|   15|           8|           8|
    |add_ln813_633_fu_1430490_p2  |         +|   0|  0|   16|           9|           9|
    |add_ln813_634_fu_1432207_p2  |         +|   0|  0|   18|          11|          11|
    |add_ln813_635_fu_1432217_p2  |         +|   0|  0|   17|          13|          13|
    |add_ln813_636_fu_1432227_p2  |         +|   0|  0|   22|          15|          15|
    |add_ln813_637_fu_1432237_p2  |         +|   0|  0|   16|          16|          16|
    |add_ln813_63_fu_1430675_p2   |         +|   0|  0|   16|          16|          16|
    |add_ln813_64_fu_1426688_p2   |         +|   0|  0|   18|          11|          11|
    |add_ln813_65_fu_1426698_p2   |         +|   0|  0|   18|          11|          11|
    |add_ln813_66_fu_1426708_p2   |         +|   0|  0|   19|          12|          12|
    |add_ln813_67_fu_1426714_p2   |         +|   0|  0|   18|          11|          11|
    |add_ln813_68_fu_1426724_p2   |         +|   0|  0|   18|          11|          11|
    |add_ln813_69_fu_1426734_p2   |         +|   0|  0|   19|          12|          12|
    |add_ln813_6_fu_1426322_p2    |         +|   0|  0|   19|          12|          12|
    |add_ln813_70_fu_1430687_p2   |         +|   0|  0|   17|          13|          13|
    |add_ln813_71_fu_1426740_p2   |         +|   0|  0|   17|          10|          10|
    |add_ln813_72_fu_1426750_p2   |         +|   0|  0|   17|          10|          10|
    |add_ln813_73_fu_1426760_p2   |         +|   0|  0|   18|          11|          11|
    |add_ln813_74_fu_1426766_p2   |         +|   0|  0|   17|          10|          10|
    |add_ln813_75_fu_1426776_p2   |         +|   0|  0|   17|          10|          10|
    |add_ln813_76_fu_1426786_p2   |         +|   0|  0|   18|          11|          11|
    |add_ln813_77_fu_1430699_p2   |         +|   0|  0|   19|          12|          12|
    |add_ln813_78_fu_1430709_p2   |         +|   0|  0|   17|          13|          13|
    |add_ln813_79_fu_1426792_p2   |         +|   0|  0|   17|          10|          10|
    |add_ln813_7_fu_1430505_p2    |         +|   0|  0|   17|          13|          13|
    |add_ln813_80_fu_1426802_p2   |         +|   0|  0|   17|          10|          10|
    |add_ln813_81_fu_1426812_p2   |         +|   0|  0|   18|          11|          11|
    |add_ln813_82_fu_1426818_p2   |         +|   0|  0|   16|           9|           9|
    |add_ln813_83_fu_1426828_p2   |         +|   0|  0|   16|           9|           9|
    |add_ln813_84_fu_1426838_p2   |         +|   0|  0|   17|          10|          10|
    |add_ln813_85_fu_1430725_p2   |         +|   0|  0|   19|          12|          12|
    |add_ln813_86_fu_1426844_p2   |         +|   0|  0|   15|           8|           8|
    |add_ln813_87_fu_1426854_p2   |         +|   0|  0|   14|           7|           7|
    |add_ln813_88_fu_1426864_p2   |         +|   0|  0|   16|           9|           9|
    |add_ln813_89_fu_1426870_p2   |         +|   0|  0|   19|          12|          12|
    |add_ln813_8_fu_1426328_p2    |         +|   0|  0|   17|          10|          10|
    |add_ln813_90_fu_1426876_p2   |         +|   0|  0|   18|          11|          11|
    |add_ln813_91_fu_1430744_p2   |         +|   0|  0|   17|          13|          13|
    |add_ln813_92_fu_1430750_p2   |         +|   0|  0|   17|          13|          13|
    |add_ln813_93_fu_1430760_p2   |         +|   0|  0|   21|          14|          14|
    |add_ln813_94_fu_1430770_p2   |         +|   0|  0|   22|          15|          15|
    |add_ln813_95_fu_1426882_p2   |         +|   0|  0|   18|          11|          11|
    |add_ln813_96_fu_1426892_p2   |         +|   0|  0|   18|          11|          11|
    |add_ln813_97_fu_1426902_p2   |         +|   0|  0|   19|          12|          12|
    |add_ln813_98_fu_1426908_p2   |         +|   0|  0|   18|          11|          11|
    |add_ln813_99_fu_1426918_p2   |         +|   0|  0|   18|          11|          11|
    |add_ln813_9_fu_1426338_p2    |         +|   0|  0|   17|          10|          10|
    |add_ln813_fu_1426274_p2      |         +|   0|  0|   17|          10|           7|
    |add_ln818_10_fu_1425827_p2   |         +|   0|  0|   21|          14|          14|
    |add_ln818_1_fu_1416594_p2    |         +|   0|  0|   21|          14|          14|
    |add_ln818_2_fu_1417679_p2    |         +|   0|  0|   21|          14|          14|
    |add_ln818_3_fu_1418716_p2    |         +|   0|  0|   21|          14|          14|
    |add_ln818_4_fu_1418975_p2    |         +|   0|  0|   20|          13|          13|
    |add_ln818_5_fu_1419397_p2    |         +|   0|  0|   19|          12|          12|
    |add_ln818_6_fu_1420612_p2    |         +|   0|  0|   18|          11|          11|
    |add_ln818_7_fu_1421591_p2    |         +|   0|  0|   17|          10|          10|
    |add_ln818_8_fu_1425596_p2    |         +|   0|  0|   21|          14|          14|
    |add_ln818_9_fu_1425628_p2    |         +|   0|  0|   18|          11|          11|
    |add_ln818_fu_1414632_p2      |         +|   0|  0|   17|          10|          10|
    |r_V_114_fu_1414215_p2        |         -|   0|  0|   23|          16|          16|
    |r_V_117_fu_1414340_p2        |         -|   0|  0|   23|          16|          16|
    |r_V_130_fu_1414785_p2        |         -|   0|  0|   19|          12|          12|
    |r_V_145_fu_1415213_p2        |         -|   0|  0|   20|           1|          13|
    |r_V_161_fu_1415715_p2        |         -|   0|  0|   19|          12|          12|
    |r_V_167_fu_1414085_p2        |         -|   0|  0|   20|          13|          13|
    |r_V_179_fu_1416220_p2        |         -|   0|  0|   16|          14|          14|
    |r_V_193_fu_1416666_p2        |         -|   0|  0|   23|          16|          16|
    |r_V_194_fu_1416759_p2        |         -|   0|  0|   20|          13|          13|
    |r_V_203_fu_1416972_p2        |         -|   0|  0|   22|          15|          15|
    |r_V_206_fu_1417068_p2        |         -|   0|  0|   22|          15|          15|
    |r_V_210_fu_1417206_p2        |         -|   0|  0|   22|          15|          15|
    |r_V_224_fu_1417760_p2        |         -|   0|  0|   19|          12|          12|
    |r_V_229_fu_1417954_p2        |         -|   0|  0|   22|          15|          15|
    |r_V_244_fu_1418418_p2        |         -|   0|  0|   20|           1|          13|
    |r_V_258_fu_1418879_p2        |         -|   0|  0|   16|          14|          14|
    |r_V_264_fu_1419072_p2        |         -|   0|  0|   16|          14|          14|
    |r_V_270_fu_1419353_p2        |         -|   0|  0|   24|          17|          17|
    |r_V_276_fu_1419610_p2        |         -|   0|  0|   20|          13|          13|
    |r_V_277_fu_1419776_p2        |         -|   0|  0|   21|          14|          14|
    |r_V_291_fu_1420202_p2        |         -|   0|  0|   19|          12|          12|
    |r_V_296_fu_1420328_p2        |         -|   0|  0|   23|          16|          16|
    |r_V_310_fu_1420911_p2        |         -|   0|  0|   21|          14|          14|
    |r_V_313_fu_1420991_p2        |         -|   0|  0|   23|           1|          16|
    |r_V_325_fu_1421413_p2        |         -|   0|  0|   22|          15|          15|
    |r_V_349_fu_1422213_p2        |         -|   0|  0|   23|           1|          16|
    |r_V_372_fu_1423092_p2        |         -|   0|  0|   21|          14|          14|
    |r_V_373_fu_1423155_p2        |         -|   0|  0|   22|          15|          15|
    |r_V_375_fu_1423247_p2        |         -|   0|  0|   16|          16|          16|
    |r_V_390_fu_1423813_p2        |         -|   0|  0|   21|          14|          14|
    |r_V_392_fu_1423881_p2        |         -|   0|  0|   20|          13|          13|
    |r_V_399_fu_1424117_p2        |         -|   0|  0|   20|           1|          13|
    |r_V_411_fu_1424579_p2        |         -|   0|  0|   19|          12|          12|
    |r_V_412_fu_1424659_p2        |         -|   0|  0|   17|          13|          13|
    |r_V_418_fu_1424837_p2        |         -|   0|  0|   20|          13|          13|
    |r_V_419_fu_1424891_p2        |         -|   0|  0|   22|          15|          15|
    |r_V_434_fu_1425406_p2        |         -|   0|  0|   20|          13|          13|
    |r_V_446_fu_1426019_p2        |         -|   0|  0|   21|          14|          14|
    |r_V_449_fu_1426123_p2        |         -|   0|  0|   20|          13|          13|
    |sub_ln1273_12_fu_1417932_p2  |         -|   0|  0|   21|           1|          14|
    |sub_ln1273_15_fu_1418873_p2  |         -|   0|  0|   16|           1|          14|
    |sub_ln1273_17_fu_1419066_p2  |         -|   0|  0|   16|           1|          14|
    |sub_ln1273_19_fu_1419331_p2  |         -|   0|  0|   23|           1|          16|
    |sub_ln1273_22_fu_1419754_p2  |         -|   0|  0|   20|           1|          13|
    |sub_ln1273_24_fu_1420306_p2  |         -|   0|  0|   22|           1|          15|
    |sub_ln1273_26_fu_1420889_p2  |         -|   0|  0|   20|           1|          13|
    |sub_ln1273_2_fu_1414075_p2   |         -|   0|  0|   19|           1|          12|
    |sub_ln1273_31_fu_1423070_p2  |         -|   0|  0|   20|           1|          13|
    |sub_ln1273_34_fu_1423229_p2  |         -|   0|  0|   16|           1|          16|
    |sub_ln1273_36_fu_1423791_p2  |         -|   0|  0|   20|           1|          13|
    |sub_ln1273_38_fu_1423859_p2  |         -|   0|  0|   19|           1|          12|
    |sub_ln1273_41_fu_1424557_p2  |         -|   0|  0|   18|           1|          11|
    |sub_ln1273_43_fu_1424653_p2  |         -|   0|  0|   17|           1|          13|
    |sub_ln1273_45_fu_1424827_p2  |         -|   0|  0|   19|           1|          12|
    |sub_ln1273_47_fu_1424869_p2  |         -|   0|  0|   21|           1|          14|
    |sub_ln1273_49_fu_1425384_p2  |         -|   0|  0|   19|           1|          12|
    |sub_ln1273_4_fu_1416214_p2   |         -|   0|  0|   16|           1|          14|
    |sub_ln1273_52_fu_1426113_p2  |         -|   0|  0|   19|           1|          12|
    |sub_ln1273_9_fu_1417046_p2   |         -|   0|  0|   21|           1|          14|
    |sub_ln1273_fu_1415705_p2     |         -|   0|  0|   18|           1|          11|
    |sub_ln818_10_fu_1422745_p2   |         -|   0|  0|   22|          15|          15|
    |sub_ln818_11_fu_1422984_p2   |         -|   0|  0|   22|          15|          15|
    |sub_ln818_12_fu_1423020_p2   |         -|   0|  0|   18|          11|          11|
    |sub_ln818_13_fu_1423362_p2   |         -|   0|  0|   22|          15|          15|
    |sub_ln818_14_fu_1423901_p2   |         -|   0|  0|   20|          13|          13|
    |sub_ln818_15_fu_1423962_p2   |         -|   0|  0|   23|          16|          16|
    |sub_ln818_16_fu_1425971_p2   |         -|   0|  0|   22|          15|          15|
    |sub_ln818_1_fu_1417423_p2    |         -|   0|  0|   21|          14|          14|
    |sub_ln818_2_fu_1417485_p2    |         -|   0|  0|   20|          13|          13|
    |sub_ln818_3_fu_1418380_p2    |         -|   0|  0|   23|          16|          16|
    |sub_ln818_4_fu_1419679_p2    |         -|   0|  0|   21|          14|          14|
    |sub_ln818_5_fu_1419796_p2    |         -|   0|  0|   20|          13|          13|
    |sub_ln818_6_fu_1420047_p2    |         -|   0|  0|   23|          16|          16|
    |sub_ln818_7_fu_1420797_p2    |         -|   0|  0|   23|          16|          16|
    |sub_ln818_8_fu_1421830_p2    |         -|   0|  0|   20|          13|          13|
    |sub_ln818_9_fu_1422022_p2    |         -|   0|  0|   23|          16|          16|
    |sub_ln818_fu_1417320_p2      |         -|   0|  0|   21|          14|          14|
    |select_ln813_fu_1430472_p3   |    select|   0|  0|    5|           1|           5|
    +-----------------------------+----------+----+---+-----+------------+------------+
    |Total                        |          |   0|  0|13212|        8155|        8461|
    +-----------------------------+----------+----+---+-----+------------+------------+

    * Multiplexer: 
    +----------------+----+-----------+-----+-----------+
    |      Name      | LUT| Input Size| Bits| Total Bits|
    +----------------+----+-----------+-----+-----------+
    |ap_NS_fsm       |  20|          4|    1|          4|
    |grp_fu_1550_p0  |  14|          3|    6|         18|
    |grp_fu_1550_p1  |  14|          3|   11|         33|
    |grp_fu_1664_p0  |  14|          3|    6|         18|
    |grp_fu_1664_p1  |  14|          3|   11|         33|
    |grp_fu_1783_p0  |  14|          3|    6|         18|
    |grp_fu_1783_p1  |  14|          3|   11|         33|
    |grp_fu_1808_p0  |  14|          3|    6|         18|
    |grp_fu_1808_p1  |  14|          3|   11|         33|
    |grp_fu_1809_p0  |  14|          3|    6|         18|
    |grp_fu_1809_p1  |  14|          3|   11|         33|
    |grp_fu_1847_p0  |  14|          3|    6|         18|
    |grp_fu_1847_p1  |  14|          3|   11|         33|
    |grp_fu_1913_p0  |  14|          3|    6|         18|
    |grp_fu_1913_p1  |  14|          3|   11|         33|
    |grp_fu_2000_p0  |  14|          3|    6|         18|
    |grp_fu_2000_p1  |  14|          3|   11|         33|
    |grp_fu_2024_p0  |  14|          3|    6|         18|
    |grp_fu_2024_p1  |  14|          3|   11|         33|
    |grp_fu_2048_p0  |  14|          3|    6|         18|
    |grp_fu_2048_p1  |  14|          3|   11|         33|
    |grp_fu_2102_p0  |  14|          3|    6|         18|
    |grp_fu_2102_p1  |  14|          3|   11|         33|
    +----------------+----+-----------+-----+-----------+
    |Total           | 328|         70|  188|        565|
    +----------------+----+-----------+-----+-----------+

    * Register: 
    +----------------------------+----+----+-----+-----------+
    |            Name            | FF | LUT| Bits| Const Bits|
    +----------------------------+----+----+-----+-----------+
    |add_ln813_100_reg_1432532   |  12|   0|   12|          0|
    |add_ln813_108_reg_1432537   |  13|   0|   13|          0|
    |add_ln813_10_reg_1432412    |  11|   0|   11|          0|
    |add_ln813_116_reg_1432542   |  12|   0|   12|          0|
    |add_ln813_119_reg_1432547   |  11|   0|   11|          0|
    |add_ln813_123_reg_1432552   |  10|   0|   10|          0|
    |add_ln813_131_reg_1432557   |  12|   0|   12|          0|
    |add_ln813_134_reg_1432562   |  11|   0|   11|          0|
    |add_ln813_138_reg_1432567   |  11|   0|   11|          0|
    |add_ln813_13_reg_1432417    |  11|   0|   11|          0|
    |add_ln813_141_reg_1432572   |  11|   0|   11|          0|
    |add_ln813_146_reg_1432577   |  11|   0|   11|          0|
    |add_ln813_149_reg_1432582   |  11|   0|   11|          0|
    |add_ln813_153_reg_1432587   |  12|   0|   12|          0|
    |add_ln813_156_reg_1432592   |  13|   0|   13|          0|
    |add_ln813_162_reg_1432597   |  13|   0|   13|          0|
    |add_ln813_165_reg_1432602   |  12|   0|   12|          0|
    |add_ln813_169_reg_1432607   |  12|   0|   12|          0|
    |add_ln813_172_reg_1432612   |  12|   0|   12|          0|
    |add_ln813_177_reg_1432617   |  13|   0|   13|          0|
    |add_ln813_180_reg_1432622   |  12|   0|   12|          0|
    |add_ln813_184_reg_1432627   |  10|   0|   10|          0|
    |add_ln813_187_reg_1432632   |   9|   0|    9|          0|
    |add_ln813_18_reg_1432422    |  11|   0|   11|          0|
    |add_ln813_195_reg_1432637   |  12|   0|   12|          0|
    |add_ln813_198_reg_1432642   |  12|   0|   12|          0|
    |add_ln813_202_reg_1432647   |  11|   0|   11|          0|
    |add_ln813_205_reg_1432652   |  11|   0|   11|          0|
    |add_ln813_208_reg_1432657   |  10|   0|   10|          0|
    |add_ln813_209_reg_1432662   |   9|   0|    9|          0|
    |add_ln813_213_reg_1432667   |  10|   0|   10|          0|
    |add_ln813_217_reg_1432672   |  13|   0|   13|          0|
    |add_ln813_21_reg_1432427    |  12|   0|   12|          0|
    |add_ln813_220_reg_1432677   |  13|   0|   13|          0|
    |add_ln813_226_reg_1432682   |  13|   0|   13|          0|
    |add_ln813_229_reg_1432687   |  12|   0|   12|          0|
    |add_ln813_233_reg_1432692   |  12|   0|   12|          0|
    |add_ln813_236_reg_1432697   |  12|   0|   12|          0|
    |add_ln813_245_reg_1432702   |  13|   0|   13|          0|
    |add_ln813_248_reg_1432707   |  10|   0|   10|          0|
    |add_ln813_251_reg_1432712   |   9|   0|    9|          0|
    |add_ln813_259_reg_1432717   |  12|   0|   12|          0|
    |add_ln813_25_reg_1432432    |  13|   0|   13|          0|
    |add_ln813_262_reg_1432722   |  11|   0|   11|          0|
    |add_ln813_266_reg_1432727   |  11|   0|   11|          0|
    |add_ln813_269_reg_1432732   |  11|   0|   11|          0|
    |add_ln813_274_reg_1432737   |  11|   0|   11|          0|
    |add_ln813_277_reg_1432742   |  10|   0|   10|          0|
    |add_ln813_281_reg_1432747   |  12|   0|   12|          0|
    |add_ln813_284_reg_1432752   |  13|   0|   13|          0|
    |add_ln813_28_reg_1432437    |  13|   0|   13|          0|
    |add_ln813_290_reg_1432757   |  13|   0|   13|          0|
    |add_ln813_293_reg_1432762   |  12|   0|   12|          0|
    |add_ln813_297_reg_1432767   |  12|   0|   12|          0|
    |add_ln813_300_reg_1432772   |  12|   0|   12|          0|
    |add_ln813_305_reg_1432777   |  12|   0|   12|          0|
    |add_ln813_308_reg_1432782   |  11|   0|   11|          0|
    |add_ln813_313_reg_1432387   |   8|   0|    8|          0|
    |add_ln813_316_reg_1432787   |  11|   0|   11|          0|
    |add_ln813_322_reg_1432792   |  12|   0|   12|          0|
    |add_ln813_325_reg_1432797   |  12|   0|   12|          0|
    |add_ln813_329_reg_1432802   |  11|   0|   11|          0|
    |add_ln813_332_reg_1432807   |  11|   0|   11|          0|
    |add_ln813_337_reg_1432812   |  10|   0|   10|          0|
    |add_ln813_340_reg_1432817   |   9|   0|    9|          0|
    |add_ln813_344_reg_1432822   |  13|   0|   13|          0|
    |add_ln813_347_reg_1432827   |  13|   0|   13|          0|
    |add_ln813_34_reg_1432442    |  12|   0|   12|          0|
    |add_ln813_353_reg_1432832   |  12|   0|   12|          0|
    |add_ln813_356_reg_1432837   |  12|   0|   12|          0|
    |add_ln813_360_reg_1432842   |  12|   0|   12|          0|
    |add_ln813_363_reg_1432847   |  12|   0|   12|          0|
    |add_ln813_368_reg_1432852   |  12|   0|   12|          0|
    |add_ln813_371_reg_1432857   |  13|   0|   13|          0|
    |add_ln813_375_reg_1432862   |  11|   0|   11|          0|
    |add_ln813_378_reg_1432867   |  10|   0|   10|          0|
    |add_ln813_37_reg_1432447    |  12|   0|   12|          0|
    |add_ln813_385_reg_1432872   |  11|   0|   11|          0|
    |add_ln813_388_reg_1432877   |  11|   0|   11|          0|
    |add_ln813_392_reg_1432882   |  11|   0|   11|          0|
    |add_ln813_395_reg_1432887   |  11|   0|   11|          0|
    |add_ln813_3_reg_1432402     |  11|   0|   11|          0|
    |add_ln813_400_reg_1432892   |  11|   0|   11|          0|
    |add_ln813_403_reg_1432897   |  10|   0|   10|          0|
    |add_ln813_411_reg_1432902   |  13|   0|   13|          0|
    |add_ln813_416_reg_1432907   |  13|   0|   13|          0|
    |add_ln813_419_reg_1432912   |  13|   0|   13|          0|
    |add_ln813_41_reg_1432452    |  12|   0|   12|          0|
    |add_ln813_423_reg_1432917   |  12|   0|   12|          0|
    |add_ln813_426_reg_1432922   |  12|   0|   12|          0|
    |add_ln813_435_reg_1432927   |  13|   0|   13|          0|
    |add_ln813_436_reg_1432932   |  10|   0|   10|          0|
    |add_ln813_437_reg_1432937   |   9|   0|    9|          0|
    |add_ln813_442_reg_1432942   |  10|   0|   10|          0|
    |add_ln813_449_reg_1432947   |  12|   0|   12|          0|
    |add_ln813_44_reg_1432457    |  12|   0|   12|          0|
    |add_ln813_452_reg_1432952   |  12|   0|   12|          0|
    |add_ln813_456_reg_1432957   |  11|   0|   11|          0|
    |add_ln813_459_reg_1432962   |  11|   0|   11|          0|
    |add_ln813_464_reg_1432967   |  11|   0|   11|          0|
    |add_ln813_467_reg_1432972   |  10|   0|   10|          0|
    |add_ln813_475_reg_1432977   |  13|   0|   13|          0|
    |add_ln813_480_reg_1432982   |  13|   0|   13|          0|
    |add_ln813_483_reg_1432987   |  13|   0|   13|          0|
    |add_ln813_487_reg_1432992   |  12|   0|   12|          0|
    |add_ln813_490_reg_1432997   |  12|   0|   12|          0|
    |add_ln813_495_reg_1433002   |  12|   0|   12|          0|
    |add_ln813_498_reg_1433007   |  13|   0|   13|          0|
    |add_ln813_502_reg_1433012   |  11|   0|   11|          0|
    |add_ln813_506_reg_1433017   |  11|   0|   11|          0|
    |add_ln813_513_reg_1433022   |  11|   0|   11|          0|
    |add_ln813_517_reg_1433027   |  11|   0|   11|          0|
    |add_ln813_521_reg_1433032   |  11|   0|   11|          0|
    |add_ln813_524_reg_1433037   |  11|   0|   11|          0|
    |add_ln813_531_reg_1432392   |   8|   0|    8|          0|
    |add_ln813_533_reg_1433042   |  11|   0|   11|          0|
    |add_ln813_536_reg_1433047   |  12|   0|   12|          0|
    |add_ln813_539_reg_1433052   |  13|   0|   13|          0|
    |add_ln813_53_reg_1432462    |  13|   0|   13|          0|
    |add_ln813_545_reg_1433057   |  13|   0|   13|          0|
    |add_ln813_548_reg_1433062   |  13|   0|   13|          0|
    |add_ln813_54_reg_1432467    |  10|   0|   10|          0|
    |add_ln813_552_reg_1433067   |  12|   0|   12|          0|
    |add_ln813_555_reg_1433072   |  12|   0|   12|          0|
    |add_ln813_558_reg_1433077   |  11|   0|   11|          0|
    |add_ln813_559_reg_1433082   |  12|   0|   12|          0|
    |add_ln813_55_reg_1432472    |   9|   0|    9|          0|
    |add_ln813_563_reg_1433087   |  12|   0|   12|          0|
    |add_ln813_571_reg_1433092   |  12|   0|   12|          0|
    |add_ln813_577_reg_1433097   |  12|   0|   12|          0|
    |add_ln813_580_reg_1433102   |  12|   0|   12|          0|
    |add_ln813_584_reg_1433107   |  11|   0|   11|          0|
    |add_ln813_587_reg_1433112   |  11|   0|   11|          0|
    |add_ln813_596_reg_1433117   |  12|   0|   12|          0|
    |add_ln813_599_reg_1433122   |  13|   0|   13|          0|
    |add_ln813_59_reg_1432477    |  10|   0|   10|          0|
    |add_ln813_602_reg_1433127   |  13|   0|   13|          0|
    |add_ln813_608_reg_1433132   |  12|   0|   12|          0|
    |add_ln813_611_reg_1433137   |  12|   0|   12|          0|
    |add_ln813_615_reg_1433142   |  12|   0|   12|          0|
    |add_ln813_618_reg_1433147   |  12|   0|   12|          0|
    |add_ln813_623_reg_1433152   |  13|   0|   13|          0|
    |add_ln813_626_reg_1433157   |  11|   0|   11|          0|
    |add_ln813_630_reg_1433162   |  10|   0|   10|          0|
    |add_ln813_633_reg_1433167   |   9|   0|    9|          0|
    |add_ln813_66_reg_1432482    |  12|   0|   12|          0|
    |add_ln813_69_reg_1432487    |  12|   0|   12|          0|
    |add_ln813_6_reg_1432407     |  12|   0|   12|          0|
    |add_ln813_73_reg_1432492    |  11|   0|   11|          0|
    |add_ln813_76_reg_1432497    |  11|   0|   11|          0|
    |add_ln813_81_reg_1432502    |  11|   0|   11|          0|
    |add_ln813_84_reg_1432507    |  10|   0|   10|          0|
    |add_ln813_88_reg_1432512    |   9|   0|    9|          0|
    |add_ln813_89_reg_1432517    |  12|   0|   12|          0|
    |add_ln813_90_reg_1432522    |  11|   0|   11|          0|
    |add_ln813_97_reg_1432527    |  12|   0|   12|          0|
    |ap_CS_fsm                   |   3|   0|    3|          0|
    |mult_V_46_reg_1432372       |   7|   0|    7|          0|
    |mult_V_reg_1432347          |   9|   0|    9|          0|
    |tmp_775_reg_1432377         |   1|   0|    1|          0|
    |trunc_ln17_105_reg_1432397  |  10|   0|   10|          0|
    |trunc_ln17_171_reg_1432382  |   8|   0|    8|          0|
    |trunc_ln17_1_reg_1432352    |   9|   0|    9|          0|
    |trunc_ln17_20_reg_1432367   |   7|   0|    7|          0|
    |trunc_ln17_2_reg_1432357    |   9|   0|    9|          0|
    |trunc_ln17_3_reg_1432362    |   9|   0|    9|          0|
    |trunc_ln_reg_1432342        |   9|   0|    9|          0|
    +----------------------------+----+----+-----+-----------+
    |Total                       |1875|   0| 1875|          0|
    +----------------------------+----+----+-----+-----------+



================================================================
== Interface
================================================================
* Summary: 
+-------------+-----+-----+------------+-----------------------------------------------------------------------------+--------------+
|  RTL Ports  | Dir | Bits|  Protocol  |                                Source Object                                |    C Type    |
+-------------+-----+-----+------------+-----------------------------------------------------------------------------+--------------+
|ap_clk       |   in|    1|  ap_ctrl_hs|  dense_wrapper<ap_ufixed<6, 0, 4, 0, 0>, ap_fixed<16, 6, 5, 3, 0>, config23>|  return value|
|ap_rst       |   in|    1|  ap_ctrl_hs|  dense_wrapper<ap_ufixed<6, 0, 4, 0, 0>, ap_fixed<16, 6, 5, 3, 0>, config23>|  return value|
|ap_start     |   in|    1|  ap_ctrl_hs|  dense_wrapper<ap_ufixed<6, 0, 4, 0, 0>, ap_fixed<16, 6, 5, 3, 0>, config23>|  return value|
|ap_done      |  out|    1|  ap_ctrl_hs|  dense_wrapper<ap_ufixed<6, 0, 4, 0, 0>, ap_fixed<16, 6, 5, 3, 0>, config23>|  return value|
|ap_idle      |  out|    1|  ap_ctrl_hs|  dense_wrapper<ap_ufixed<6, 0, 4, 0, 0>, ap_fixed<16, 6, 5, 3, 0>, config23>|  return value|
|ap_ready     |  out|    1|  ap_ctrl_hs|  dense_wrapper<ap_ufixed<6, 0, 4, 0, 0>, ap_fixed<16, 6, 5, 3, 0>, config23>|  return value|
|ap_return_0  |  out|   16|  ap_ctrl_hs|  dense_wrapper<ap_ufixed<6, 0, 4, 0, 0>, ap_fixed<16, 6, 5, 3, 0>, config23>|  return value|
|ap_return_1  |  out|   16|  ap_ctrl_hs|  dense_wrapper<ap_ufixed<6, 0, 4, 0, 0>, ap_fixed<16, 6, 5, 3, 0>, config23>|  return value|
|ap_return_2  |  out|   16|  ap_ctrl_hs|  dense_wrapper<ap_ufixed<6, 0, 4, 0, 0>, ap_fixed<16, 6, 5, 3, 0>, config23>|  return value|
|ap_return_3  |  out|   16|  ap_ctrl_hs|  dense_wrapper<ap_ufixed<6, 0, 4, 0, 0>, ap_fixed<16, 6, 5, 3, 0>, config23>|  return value|
|ap_return_4  |  out|   16|  ap_ctrl_hs|  dense_wrapper<ap_ufixed<6, 0, 4, 0, 0>, ap_fixed<16, 6, 5, 3, 0>, config23>|  return value|
|ap_return_5  |  out|   16|  ap_ctrl_hs|  dense_wrapper<ap_ufixed<6, 0, 4, 0, 0>, ap_fixed<16, 6, 5, 3, 0>, config23>|  return value|
|ap_return_6  |  out|   16|  ap_ctrl_hs|  dense_wrapper<ap_ufixed<6, 0, 4, 0, 0>, ap_fixed<16, 6, 5, 3, 0>, config23>|  return value|
|ap_return_7  |  out|   16|  ap_ctrl_hs|  dense_wrapper<ap_ufixed<6, 0, 4, 0, 0>, ap_fixed<16, 6, 5, 3, 0>, config23>|  return value|
|ap_return_8  |  out|   16|  ap_ctrl_hs|  dense_wrapper<ap_ufixed<6, 0, 4, 0, 0>, ap_fixed<16, 6, 5, 3, 0>, config23>|  return value|
|ap_return_9  |  out|   16|  ap_ctrl_hs|  dense_wrapper<ap_ufixed<6, 0, 4, 0, 0>, ap_fixed<16, 6, 5, 3, 0>, config23>|  return value|
|p_read       |   in|    6|     ap_none|                                                                       p_read|        scalar|
|p_read1      |   in|    6|     ap_none|                                                                      p_read1|        scalar|
|p_read2      |   in|    6|     ap_none|                                                                      p_read2|        scalar|
|p_read3      |   in|    6|     ap_none|                                                                      p_read3|        scalar|
|p_read4      |   in|    6|     ap_none|                                                                      p_read4|        scalar|
|p_read5      |   in|    6|     ap_none|                                                                      p_read5|        scalar|
|p_read6      |   in|    6|     ap_none|                                                                      p_read6|        scalar|
|p_read7      |   in|    6|     ap_none|                                                                      p_read7|        scalar|
|p_read8      |   in|    6|     ap_none|                                                                      p_read8|        scalar|
|p_read9      |   in|    6|     ap_none|                                                                      p_read9|        scalar|
|p_read10     |   in|    6|     ap_none|                                                                     p_read10|        scalar|
|p_read11     |   in|    6|     ap_none|                                                                     p_read11|        scalar|
|p_read12     |   in|    6|     ap_none|                                                                     p_read12|        scalar|
|p_read13     |   in|    6|     ap_none|                                                                     p_read13|        scalar|
|p_read14     |   in|    6|     ap_none|                                                                     p_read14|        scalar|
|p_read15     |   in|    6|     ap_none|                                                                     p_read15|        scalar|
|p_read16     |   in|    6|     ap_none|                                                                     p_read16|        scalar|
|p_read17     |   in|    6|     ap_none|                                                                     p_read17|        scalar|
|p_read18     |   in|    6|     ap_none|                                                                     p_read18|        scalar|
|p_read19     |   in|    6|     ap_none|                                                                     p_read19|        scalar|
|p_read20     |   in|    6|     ap_none|                                                                     p_read20|        scalar|
|p_read21     |   in|    6|     ap_none|                                                                     p_read21|        scalar|
|p_read22     |   in|    6|     ap_none|                                                                     p_read22|        scalar|
|p_read23     |   in|    6|     ap_none|                                                                     p_read23|        scalar|
|p_read24     |   in|    6|     ap_none|                                                                     p_read24|        scalar|
|p_read25     |   in|    6|     ap_none|                                                                     p_read25|        scalar|
|p_read26     |   in|    6|     ap_none|                                                                     p_read26|        scalar|
|p_read27     |   in|    6|     ap_none|                                                                     p_read27|        scalar|
|p_read28     |   in|    6|     ap_none|                                                                     p_read28|        scalar|
|p_read29     |   in|    6|     ap_none|                                                                     p_read29|        scalar|
|p_read30     |   in|    6|     ap_none|                                                                     p_read30|        scalar|
|p_read31     |   in|    6|     ap_none|                                                                     p_read31|        scalar|
|p_read32     |   in|    6|     ap_none|                                                                     p_read32|        scalar|
|p_read33     |   in|    6|     ap_none|                                                                     p_read33|        scalar|
|p_read34     |   in|    6|     ap_none|                                                                     p_read34|        scalar|
|p_read35     |   in|    6|     ap_none|                                                                     p_read35|        scalar|
|p_read36     |   in|    6|     ap_none|                                                                     p_read36|        scalar|
|p_read37     |   in|    6|     ap_none|                                                                     p_read37|        scalar|
|p_read38     |   in|    6|     ap_none|                                                                     p_read38|        scalar|
|p_read39     |   in|    6|     ap_none|                                                                     p_read39|        scalar|
|p_read40     |   in|    6|     ap_none|                                                                     p_read40|        scalar|
|p_read41     |   in|    6|     ap_none|                                                                     p_read41|        scalar|
|p_read42     |   in|    6|     ap_none|                                                                     p_read42|        scalar|
|p_read43     |   in|    6|     ap_none|                                                                     p_read43|        scalar|
|p_read44     |   in|    6|     ap_none|                                                                     p_read44|        scalar|
|p_read45     |   in|    6|     ap_none|                                                                     p_read45|        scalar|
|p_read46     |   in|    6|     ap_none|                                                                     p_read46|        scalar|
|p_read47     |   in|    6|     ap_none|                                                                     p_read47|        scalar|
|p_read48     |   in|    6|     ap_none|                                                                     p_read48|        scalar|
|p_read49     |   in|    6|     ap_none|                                                                     p_read49|        scalar|
|p_read50     |   in|    6|     ap_none|                                                                     p_read50|        scalar|
|p_read51     |   in|    6|     ap_none|                                                                     p_read51|        scalar|
|p_read52     |   in|    6|     ap_none|                                                                     p_read52|        scalar|
|p_read53     |   in|    6|     ap_none|                                                                     p_read53|        scalar|
|p_read54     |   in|    6|     ap_none|                                                                     p_read54|        scalar|
|p_read55     |   in|    6|     ap_none|                                                                     p_read55|        scalar|
|p_read56     |   in|    6|     ap_none|                                                                     p_read56|        scalar|
|p_read57     |   in|    6|     ap_none|                                                                     p_read57|        scalar|
|p_read58     |   in|    6|     ap_none|                                                                     p_read58|        scalar|
|p_read59     |   in|    6|     ap_none|                                                                     p_read59|        scalar|
|p_read60     |   in|    6|     ap_none|                                                                     p_read60|        scalar|
|p_read61     |   in|    6|     ap_none|                                                                     p_read61|        scalar|
|p_read62     |   in|    6|     ap_none|                                                                     p_read62|        scalar|
|p_read63     |   in|    6|     ap_none|                                                                     p_read63|        scalar|
+-------------+-----+-----+------------+-----------------------------------------------------------------------------+--------------+

