0.0292969 0.245117 0.666992 0.0292969 0.0390625 0.000976562 0.000976562 0.03125 0.0234375 0.00585938 
0 0.00195312 0.000976562 0 0 0 0 1 0 0 
0 0 1 0.00292969 0 0 0 0.000976562 0 0 
0 0.000976562 0.00292969 0 1 0.000976562 0.00390625 0 0.000976562 0 
0 0.00976562 0.00292969 0.00488281 1 0 0 0 0 0 
0 0.00488281 1 0.0107422 0.00292969 0 0 0.0498047 0.000976562 0 
0.0146484 0.000976562 0 0 0.000976562 0.0263672 1 0 0.000976562 0.00390625 
0.000976562 0.000976562 1 0.00195312 0.000976562 0 0 0.00195312 0.00195312 0.00195312 
0.12793 0.112305 0.307617 0.254883 0.00585938 0.0380859 0.00390625 0.144531 0.0117188 0.0439453 
0 1 0.000976562 0 0.000976562 0 0 0.0410156 0 0 
0 0.00683594 0.000976562 1 0.0078125 0.0634766 0.0224609 0.0185547 0.000976562 0.00195312 
0 0.000976562 1 0.000976562 0.000976562 0.00195312 0 0 0.00292969 0.0107422 
0.015625 0.666992 0.0419922 0.245117 0.0234375 0.00195312 0 0.0703125 0.00195312 0.00195312 
0 0.000976562 1 0.000976562 0.000976562 0 0 0.000976562 0 0.000976562 
0 0.0292969 0.0195312 0.666992 0.00585938 0.314453 0.0449219 0.00195312 0.0351562 0.0146484 
0.00488281 0.799805 0.000976562 0.0078125 0.0576172 0.00488281 0.0839844 0.00878906 0.0371094 0.00292969 
0 0.000976562 0 0.0146484 0.00292969 1 0.0107422 0 0.00195312 0.00195312 
0.000976562 1 0.00390625 0.000976562 0 0 0 0.0527344 0 0 
0 0.188477 0.00292969 0.400391 0.242188 0.0507812 0.00585938 0.0273438 0.0644531 0.0449219 
0 0.173828 0.0185547 0.0253906 1 0.0078125 0.000976562 0 0.00195312 0.00683594 
0.00292969 0.237305 0.0527344 0.00292969 0.571289 0.00292969 0.00195312 0.18457 0 0.0126953 
0.000976562 0.0253906 0.00585938 0.000976562 0.000976562 0 0 1 0 0 
0.5 0.0869141 0.0429688 0.0556641 0.03125 0.0556641 0.0195312 0.0673828 0.0234375 0.208008 
0.000976562 0.00390625 0.00683594 0.5 0.0175781 0.195312 0.0722656 0 0.208008 0.00488281 
0 0.00488281 0.000976562 0 0 0 0 1 0 0 
0.000976562 0.000976562 1 0.000976562 0.000976562 0 0 0.000976562 0 0 
0.000976562 0.000976562 0 0.00878906 0.000976562 0.135742 1 0 0.0205078 0 
0 1 0 0 0 0 0 0.00585938 0 0 
0 1 0 0 0.000976562 0 0 0.000976562 0 0 
0.0136719 0.000976562 0.00195312 0.00292969 0.00195312 0.000976562 0 0.000976562 0.000976562 1 
0.00292969 0.00878906 0.0888672 0.799805 0.138672 0.0947266 0.0253906 0.00585938 0.00390625 0.00292969 
0 1 0 0.000976562 0.000976562 0 0 0.00195312 0 0 
0.0820312 1 0.000976562 0.00488281 0.0224609 0.000976562 0.00585938 0.00390625 0.0175781 0.00488281 
0.00488281 0.0449219 0.799805 0.0419922 0.108398 0.00683594 0.0322266 0.0136719 0.0449219 0.0107422 
0.00878906 0.0380859 0.444336 0.0244141 0.391602 0.0673828 0.00878906 0.00585938 0.0527344 0.0136719 
0 0.000976562 0 0.00683594 0.000976562 1 0.00683594 0 0 0.00488281 
0.000976562 0 0 0.000976562 0.000976562 0 0.00683594 0 1 0.00390625 
0.000976562 0.0078125 0.00195312 0 1 0.000976562 0.00292969 0 0 0.000976562 
0.000976562 0.000976562 0 0.000976562 0.00488281 0.0078125 1 0 0.00292969 0 
0 0.0498047 0 0.00195312 1 0.0078125 0.00292969 0 0.0126953 0.0195312 
0.000976562 1 0.000976562 0.00390625 0 0 0 0.00683594 0 0 
0 0.0419922 0.0205078 0.799805 0.00390625 0.189453 0.00683594 0 0.00292969 0.100586 
0.00195312 0.00195312 0.0078125 0.0205078 0.00585938 1 0.0498047 0.000976562 0.00683594 0.0263672 
0 0.000976562 0 1 0 0.00585938 0.000976562 0.000976562 0 0 
0 0.000976562 0.00195312 0.00195312 0 0 0 1 0 0 
0 1 0 0 0.00195312 0 0 0.00195312 0 0 
0.5 0.0556641 0.134766 0.03125 0.00390625 0.00878906 0.00488281 0.172852 0.0234375 0.134766 
0.00488281 0.0722656 0.0078125 0.00292969 1 0.00195312 0.0078125 0.00292969 0.00292969 0.0185547 
0 0.00390625 0.00292969 0 0 0 0 1 0 0 
0.224609 0.0996094 0.0166016 0.0302734 0.0722656 0.00292969 0.0410156 0.307617 0.224609 0.0283203 
0.139648 0.666992 0.00585938 0.0195312 0.0478516 0.00390625 0.0117188 0.108398 0.0214844 0.0224609 
0.00488281 0 0.00195312 0.00390625 0.000976562 0.000976562 0.404297 0 0.666992 0.000976562 
0 0.00195312 0.000976562 0.333008 0.00195312 0.00488281 0.00390625 0 0.799805 0.0107422 
0.00292969 1 0.0146484 0.00195312 0.0175781 0.000976562 0.000976562 0.0078125 0 0 
0.000976562 1 0.00195312 0.000976562 0.000976562 0.000976562 0 0.000976562 0 0.000976562 
0 0 0 0.00292969 0 1 0.00488281 0 0.000976562 0.000976562 
0.0146484 0.164062 0.0214844 0.135742 0.307617 0.0498047 0.0302734 0.00683594 0.0439453 0.224609 
0.00390625 0.0166016 1 0.0322266 0.0439453 0.00878906 0.000976562 0.00292969 0.000976562 0.0136719 
0 0.208008 0.0634766 0.0283203 0.5 0.162109 0.00878906 0.00195312 0.00195312 0.0527344 
0.000976562 0.0654297 0.0214844 0.666992 0.139648 0.203125 0.0195312 0.0117188 0.00585938 0.00292969 
1 0.00292969 0.000976562 0.000976562 0.000976562 0 0.00292969 0.000976562 0.000976562 0.00878906 
0 0 0 0 0.000976562 0.0117188 1 0 0.000976562 0 
0.00292969 0.0537109 0.00195312 0.0107422 0.799805 0.0263672 0.00195312 0 0.00292969 0.129883 
0.000976562 1 0 0.000976562 0.0263672 0.000976562 0.00292969 0.015625 0.000976562 0.00195312 
0 1 0 0 0.000976562 0 0 0.000976562 0 0 
0 1 0 0.000976562 0 0 0 0.00195312 0 0 
0 0.0253906 0.0175781 0.203125 0.00585938 0.666992 0.0839844 0.000976562 0.0292969 0.00683594 
0 0.000976562 0 0 1 0.000976562 0.000976562 0 0 0 
0 0 0 0.00292969 0 1 0.000976562 0 0 0.000976562 
0.00390625 0.0615234 0.799805 0.00488281 0.12207 0.015625 0.00292969 0.00292969 0.0126953 0.00878906 
0.0195312 0.00292969 0.334961 0.0185547 0.0234375 0.00292969 0.0419922 0.00292969 0.666992 0.0332031 
0 0.0166016 0.000976562 0 0 0 0 1 0 0 
0.000976562 0.00195312 1 0.00195312 0.000976562 0 0 0.0683594 0 0 
0 0 0 0 0 0.000976562 1 0 0 0 
0.0537109 0.0615234 0.12207 0.0322266 0.00683594 0.0146484 0.015625 0.00878906 0.00683594 0.799805 
1 0.000976562 0.000976562 0 0 0 0.000976562 0 0.000976562 0.000976562 
0.00195312 0.00195312 1 0.00390625 0.000976562 0 0.000976562 0.0986328 0 0.00195312 
0 0.00195312 0.000976562 0 0 0 0 1 0 0 
0 0.0136719 0.000976562 0.0439453 0.0166016 0.368164 0.571289 0.00195312 0.0146484 0.000976562 
0.000976562 0.00292969 1 0.00292969 0.000976562 0.000976562 0 0.00585938 0 0.00683594 
0 0 0.00195312 0.000976562 0.000976562 0.00195312 0 0 0.000976562 1 
0 0.000976562 0.00292969 0.00878906 0.00195312 1 0.0234375 0.000976562 0.00585938 0.00195312 
0.416992 0.571289 0.00195312 0 0.00292969 0 0.0146484 0.0380859 0.00195312 0.00488281 
0 0.00683594 0.0078125 0.0820312 0 0.000976562 0 1 0 0.000976562 
0.00878906 1 0 0.000976562 0.00195312 0 0.000976562 0.00683594 0.000976562 0.00390625 
0.000976562 0.0888672 0.176758 0.0507812 0.0341797 0.0273438 0.0302734 0.00390625 0.400391 0.201172 
0.00488281 0.0126953 0.5 0.250977 0.142578 0.0761719 0.0117188 0.00878906 0.0175781 0.0263672 
0.00488281 0.0634766 1 0.0283203 0.0439453 0.0107422 0.0166016 0.0205078 0.00683594 0.0078125 
0 0 1 0 0.000976562 0 0 0.000976562 0 0 
0.000976562 0.0390625 0.101562 0.167969 0.0371094 0.666992 0.00878906 0.0390625 0.0126953 0.0742188 
0.00195312 1 0 0.000976562 0.00292969 0 0.000976562 0.0224609 0.000976562 0.000976562 
0.000976562 0.363281 0.00292969 0.0800781 0.320312 0.182617 0.0380859 0.00585938 0.00195312 0.0166016 
0.000976562 0.158203 0.21582 0.0224609 0.666992 0.0166016 0.0175781 0.00292969 0 0.00488281 
0.0078125 0.444336 0.18457 0.00292969 0.00976562 0.00195312 0.00976562 0.416992 0.00195312 0.00292969 
0 0.0224609 0.00976562 0.189453 0.0107422 0.799805 0.129883 0 0.0205078 0.0078125 
0.0126953 1 0.000976562 0.000976562 0.015625 0.00195312 0.15332 0.0439453 0.00878906 0 
0 0.00585938 0.000976562 0.000976562 1 0.000976562 0.000976562 0.000976562 0.00195312 0 
0.00195312 0.0253906 0.00390625 0.00292969 1 0.0185547 0.0107422 0.00488281 0.00292969 0.0283203 
0.000976562 0.00292969 0.000976562 0.00585938 0.000976562 1 0.0078125 0.000976562 0 0.0078125 
0 0.00195312 0 1 0.000976562 0.0107422 0.00390625 0.00292969 0 0 
0.00292969 1 0.00195312 0.000976562 0.209961 0.000976562 0.00585938 0.0166016 0.00585938 0.00195312 
0.0205078 1 0.0107422 0.000976562 0.0126953 0.00195312 0.00683594 0.0136719 0.00195312 0.00390625 
0 0 1 0.000976562 0 0 0 0.00195312 0 0 
1 0.18457 0.00195312 0.00292969 0.00585938 0.000976562 0.00195312 0.00585938 0.00488281 0.0078125 
0.000976562 0.00195312 0 0 1 0 0.00292969 0.000976562 0 0.000976562 
0.00390625 0.00390625 0.00683594 0.0302734 0.00292969 1 0.0117188 0.00292969 0.000976562 0.0078125 
0.000976562 1 0.00292969 0.00683594 0.0253906 0.00195312 0.000976562 0.00488281 0.00195312 0.000976562 
0.00488281 1 0 0.0341797 0 0.00292969 0.00195312 0.0283203 0 0.000976562 
0.0126953 0.000976562 0.00390625 0.0214844 0.00292969 0.00976562 0.334961 0.000976562 0.666992 0.0185547 
0.0185547 0.00488281 0.0185547 0.00878906 0.00488281 0.00195312 0.00976562 0.0136719 0.00488281 1 
1 0.00488281 0.00683594 0.00195312 0.0341797 0 0.00488281 0 0.0078125 0.0527344 
0 0 1 0.000976562 0 0 0 0 0.000976562 0.00195312 
0 0.00390625 0.00195312 0 1 0 0.00195312 0 0 0.000976562 
0 0.00292969 0.00292969 0.000976562 0 0 0 1 0 0 
0 0 0 0.000976562 0 0 0.00585938 0 1 0 
0.000976562 0 0.000976562 0 0 0 0 0 0 1 
0.000976562 0.000976562 1 0.000976562 0 0 0 0.00292969 0 0 
1 0.0146484 0.0439453 0.000976562 0.00292969 0 0.00195312 0.0126953 0.00292969 0.00683594 
0 0 0 0 0.000976562 0.00585938 1 0 0.00195312 0 
0.00292969 0.0136719 0.00878906 0.00292969 1 0.0322266 0.0390625 0.00585938 0.00683594 0.0253906 
0 0 0 0.00292969 0 0.473633 0.571289 0 0.00292969 0.000976562 
0.00292969 0.799805 0.00195312 0.00195312 0.00976562 0 0.00195312 0.276367 0 0.00195312 
0 1 0.000976562 0.000976562 0.000976562 0 0 0.0117188 0.00195312 0 
0 1 0.000976562 0 0.000976562 0 0 0.00195312 0 0 
0.00683594 0.00195312 0.0566406 0.00976562 0.0527344 0.0195312 0.0136719 0.00292969 0.0234375 1 
0.00292969 0.0595703 0.00292969 0.0126953 0.0410156 0.046875 1 0.00195312 0.0175781 0.00390625 
0 0.00292969 0.000976562 0.799805 0.00195312 0.0947266 0.0146484 0 0.177734 0.00390625 
1 0.000976562 0 0 0 0 0.000976562 0 0 0.000976562 
0 0.00195312 0 0 1 0 0 0 0 0 
0 1 0 0 0.00683594 0 0 0.00585938 0.000976562 0 
0.000976562 0.00292969 0.0234375 0.0107422 0 0 0 1 0 0.00292969 
0.00195312 0.00292969 0.0107422 0.0117188 0.00292969 0.00292969 0.0185547 0.000976562 1 0.0146484 
0.0517578 0.25 0.142578 0.0917969 0.161133 0.000976562 0.000976562 0.266602 0.00390625 0.0625 
0 0.00195312 0.00292969 0.000976562 0 0 0 1 0 0 
0 0.000976562 0.00390625 0.0527344 0.000976562 0.000976562 0.00976562 0 1 0.00292969 
0 0.00195312 0 0 0 0 0 1 0 0 
0 0.0224609 0 0.799805 0.000976562 0.189453 0.0078125 0 0.000976562 0.00390625 
0.00292969 1 0.00292969 0.00292969 0.00683594 0.000976562 0.0126953 0.0634766 0 0.000976562 
0.0175781 1 0.00292969 0.00195312 0.00878906 0.00195312 0.000976562 0.0078125 0.00292969 0.0117188 
0 0.00195312 0.00195312 0.00195312 0 0 0 1 0 0 
0 0.00878906 0.00585938 1 0.00292969 0.015625 0.00195312 0.00195312 0.0410156 0.00488281 
0.000976562 1 0.00488281 0.0566406 0.0126953 0.0136719 0.0185547 0.0136719 0.00390625 0.00390625 
0.000976562 0.00195312 1 0.000976562 0.000976562 0 0 0 0.000976562 0.00585938 
0.00585938 0.000976562 0.0175781 0.000976562 0 0.000976562 0.00195312 0 0.00878906 1 
0.5 0.172852 0.0361328 0.00292969 0.00292969 0 0.00292969 0.0429688 0.322266 0.0292969 
0 0.0107422 0.000976562 0.00195312 0 0 0.000976562 1 0 0 
0 0.0390625 0.0146484 1 0.00390625 0.0263672 0.00195312 0.000976562 0 0.00390625 
0.000976562 1 0.0078125 0.00195312 0.000976562 0 0.000976562 0.00292969 0 0 
0.000976562 0.0810547 0.0488281 0.266602 0.25 0.0976562 0.00585938 0.0517578 0.0556641 0.142578 
0.00976562 0.00488281 0.0371094 0.00976562 0.00585938 0.00195312 0.000976562 0.00585938 0.334961 0.666992 
0 1 0 0.000976562 0.0439453 0 0.000976562 0.00878906 0 0.000976562 
0 0.00195312 0.000976562 1 0.000976562 0.000976562 0 0 0.000976562 0 
0.00976562 0.104492 0.173828 0.0810547 0.000976562 0.126953 0.0361328 0.444336 0.0078125 0.0869141 
0 0 0 0 0 0.00292969 1 0 0.000976562 0 
0 0.115234 0.0449219 0.799805 0.0107422 0.0947266 0.00292969 0.00195312 0.000976562 0.0576172 
0 1 0 0 0.000976562 0 0 0.00292969 0 0 
0.015625 0.0283203 0.5 0.162109 0.0722656 0.0595703 0.015625 0.0869141 0.0361328 0.0722656 
0 0 0.00683594 0.00292969 0.000976562 0.00488281 0 0 0.00585938 1 
1 0.0078125 0.0185547 0.0263672 0.00390625 0.000976562 0.00195312 0.0166016 0.000976562 0.0527344 
1 0.00195312 0.0361328 0.0078125 0.00292969 0 0.000976562 0.0283203 0.000976562 0.00390625 
0 0.00195312 0.000976562 0 1 0.00488281 0.00195312 0 0 0.000976562 
0 0.799805 0.00683594 0.00292969 0.00683594 0 0 0.189453 0.00195312 0 
0.00488281 0.0078125 0.0205078 0.00292969 0 0.0078125 0.0166016 1 0 0.00390625 
0.00683594 0.00195312 0.00292969 0.00488281 0.00292969 0.00585938 0 0 0.000976562 1 
0 0 0 0.00390625 0 1 0.0126953 0 0 0 
0.276367 0.000976562 0.0175781 0.00585938 0.00292969 0 0 0 0.000976562 0.799805 
0.00878906 0.0507812 0.0654297 0.0898438 0.157227 0.157227 0.19043 0.0205078 0.147461 0.147461 
0 0 0 0 0 0.00195312 1 0 0.000976562 0 
0 1 0 0 0.000976562 0 0 0.00195312 0 0 
0.0810547 0.00683594 0.0869141 0.0458984 0.0595703 0.142578 0.0869141 0 0.5 0.0761719 
0.000976562 1 0 0 0.00585938 0 0.000976562 0.00878906 0.000976562 0.00195312 
0.134766 0.0673828 0.0380859 0.0332031 0.0136719 0.0361328 0.0126953 0.0722656 0.0458984 0.571289 
0 0.000976562 1 0 0 0 0 0.00292969 0 0 
0 0 0 0 0 0 0.00195312 0 1 0.00195312 
1 0.0107422 0.00195312 0 0.000976562 0 0.000976562 0 0.000976562 0.00390625 
0.000976562 0 0.000976562 0.00976562 0.00195312 0.0078125 0.046875 0 1 0.00292969 
0.00195312 0.799805 0.0888672 0.0576172 0.00292969 0.00292969 0 0.0839844 0.00292969 0.0078125 
0.015625 0.0117188 0.0205078 0.0634766 0.5 0.00976562 0.34375 0.0361328 0.0283203 0.00292969 
0 1 0.000976562 0.00292969 0.00292969 0 0 0.0136719 0 0 
0.000976562 0.0146484 1 0.000976562 0.00390625 0.00195312 0.00195312 0.0185547 0.00683594 0.00488281 
1 0.00195312 0.000976562 0.000976562 0.000976562 0 0 0 0 0.00195312 
0.000976562 0.0302734 1 0.0117188 0.0361328 0 0.00195312 0.0361328 0.000976562 0 
0.258789 0.0078125 0 0 0.00390625 0.00292969 0.799805 0 0.00585938 0.00195312 
0.000976562 1 0.00292969 0 0.000976562 0 0 0.0185547 0.000976562 0 
0.00585938 0.0419922 0.799805 0.0732422 0.0839844 0.0224609 0.000976562 0.0888672 0.0175781 0.0341797 
0.000976562 0 0 0 0 0.00585938 1 0 0 0 
1 0.135742 0.000976562 0 0.000976562 0 0.000976562 0.00390625 0.00390625 0.000976562 
0.00683594 0.00488281 0.0126953 0.0351562 0.0546875 0.0371094 0.230469 0 0.666992 0.0478516 
0 0 0 0 0 0.000976562 1 0 0 0 
0 0.00292969 1 0.00195312 0.000976562 0 0 0.00390625 0.000976562 0 
0.0126953 0.269531 0.571289 0.0556641 0.015625 0.0146484 0.00390625 0.0927734 0.0136719 0.0380859 
0 0.000976562 0 0.0136719 0.000976562 1 0.00390625 0 0 0 
0.00292969 0.126953 0.015625 0.571289 0.112305 0.269531 0.00195312 0.015625 0.000976562 0.0146484 
1 0.00683594 0.00976562 0.00390625 0.00488281 0.000976562 0.00585938 0.00390625 0.0146484 0.0234375 
0.000976562 0.00390625 0.00195312 0.00195312 1 0.000976562 0.015625 0.000976562 0.0195312 0.00195312 
0 0.000976562 0 1 0.000976562 0.00292969 0 0 0.000976562 0 
0.00195312 1 0.046875 0.0439453 0.144531 0.00390625 0.000976562 0.00390625 0.000976562 0.00195312 
0 0.000976562 0 1 0.000976562 0.00683594 0 0.00195312 0 0 
0.000976562 0.0078125 1 0.0078125 0 0.000976562 0.00195312 0.0820312 0.00195312 0.0595703 
0.00390625 0.0234375 0.0234375 0.34375 0.0341797 0.5 0.0244141 0.00878906 0.0458984 0.0410156 
0 0.00195312 0.000976562 0 1 0 0.00585938 0 0 0 
0 1 0 0 0 0 0 0.00195312 0 0 
0.00195312 0.000976562 1 0.000976562 0 0 0 0.0185547 0 0 
0.000976562 0 0 0.000976562 0.000976562 0.015625 1 0.000976562 0.00195312 0 
0 0.00195312 0 0 1 0 0 0 0 0 
0.00195312 0.0556641 0.444336 0.0224609 0.571289 0.000976562 0.00195312 0 0.00488281 0.0126953 
0.000976562 1 0 0.00195312 0.00195312 0.000976562 0.00195312 0.0136719 0.00195312 0.000976562 
0 0.000976562 1 0 0 0 0 0.00488281 0 0 
0 0.0634766 0.00292969 0.00683594 1 0.0283203 0.00878906 0.0253906 0.0117188 0.0322266 
0 0 0 0.000976562 0.000976562 0.0185547 1 0 0.00488281 0 
0 0.00585938 0.0302734 1 0.00585938 0 0 0.0410156 0.00878906 0 
0 0 0 0.000976562 0 0.00390625 1 0 0.00488281 0 
0.00976562 0.00585938 0.000976562 0.0078125 0.0175781 0.0107422 0.473633 0.00292969 0.571289 0.00195312 
0 0.189453 0.0322266 0.0185547 0.000976562 0 0 0.799805 0.00683594 0 
0 0.000976562 0.000976562 0 0 0 0 1 0 0 
0 0.00390625 0 0 1 0.00195312 0.00195312 0 0.000976562 0.000976562 
0 1 0.00390625 0.00488281 0.00488281 0.000976562 0 0.00878906 0.00292969 0.00195312 
0.000976562 0 1 0.00195312 0 0 0 0.00292969 0 0 
0 0 0 0.00878906 0 0.00292969 0.00585938 0 1 0.00195312 
0 0.00195312 0 1 0 0.046875 0.000976562 0.000976562 0.000976562 0.00292969 
0 1 0 0 0.000976562 0 0 0.000976562 0 0 
0 1 0.000976562 0.000976562 0.000976562 0 0 0.0126953 0.000976562 0 
0.00195312 1 0.000976562 0.00195312 0.00292969 0 0 0.0302734 0.000976562 0 
0.269531 0.0458984 0.571289 0.00878906 0.0283203 0.00292969 0.0361328 0.134766 0.0322266 0.00390625 
0 0.000976562 0.000976562 1 0 0.00292969 0 0 0.000976562 0 
0.000976562 0.00488281 0.00878906 0.000976562 1 0.0117188 0.0107422 0.000976562 0.000976562 0.00390625 
0 0.000976562 0 0.046875 0.000976562 1 0.046875 0.000976562 0.00585938 0.000976562 
0.000976562 0.00292969 0.000976562 0.015625 0.0683594 0.00390625 0.0869141 0 1 0.00195312 
0 0.0078125 1 0.15332 0.00195312 0.00195312 0 0.0283203 0.00292969 0.00488281 
0 0.0302734 0.000976562 0.00292969 1 0 0 0 0 0.000976562 
0.00195312 1 0.000976562 0 0 0 0 0.00488281 0 0 
1 0.000976562 0 0 0 0 0 0 0.000976562 0.00488281 
0 0.03125 0.00878906 0.152344 0.134766 0.134766 0.0917969 0.00195312 0.5 0.0107422 
0.0078125 0.0117188 1 0.0302734 0.0166016 0.00585938 0.0078125 0.00488281 0.00488281 0.00292969 
0 0.00585938 0.00195312 0.0175781 0.00976562 0.260742 0.666992 0 0.0390625 0.00195312 
0.00488281 0.03125 0.111328 0.0273438 0.196289 0.162109 0.0332031 0.00976562 0.286133 0.172852 
0 0 0 0.00488281 0.00195312 0.354492 0.799805 0 0.00292969 0 
0.00195312 0 0.00195312 0.000976562 0.000976562 0.000976562 0 0 0.000976562 1 
0.00683594 0.00292969 0 0 0.0185547 0.000976562 1 0.00195312 0.00585938 0 
0.000976562 1 0.00292969 0.0195312 0.0117188 0 0.000976562 0.0683594 0.000976562 0 
0 0 0 0.000976562 0.000976562 0.0410156 1 0 0.00390625 0 
0.000976562 1 0.000976562 0.0566406 0.0195312 0.0107422 0.0195312 0.0078125 0.0498047 0.00390625 
0.000976562 0.0078125 1 0.126953 0.0107422 0.00488281 0.00585938 0.0566406 0.00683594 0.00878906 
0.0419922 0.293945 0.333008 0.0654297 0.129883 0.0234375 0.0253906 0.0126953 0.0605469 0.0263672 
0.307617 0.0771484 0.0498047 0.0117188 0.12793 0.000976562 0.046875 0.254883 0.112305 0.0166016 
0 0 0 0.000976562 0 0 0.00195312 0 1 0 
0.00195312 0.00683594 0.000976562 0.015625 0.0078125 0.0195312 0.378906 0 0.666992 0.00878906 
0.00390625 0.0205078 0.0322266 0.00585938 1 0.0263672 0.0927734 0.00292969 0.0234375 0.0234375 
0.000976562 1 0 0 0.000976562 0 0 0.00390625 0 0 
0 0.000976562 0.00195312 0.00585938 0.000976562 0.00292969 0.00585938 0 1 0.0302734 
0.00488281 0.666992 0.378906 0.00195312 0.0449219 0.00292969 0.0126953 0.0273438 0.000976562 0 
0.0166016 0.5 0.0166016 0.0205078 0.0078125 0.00195312 0.00292969 0.414062 0.0136719 0.00390625 
0 0.0078125 0.0214844 0.34375 0.5 0.22168 0.00488281 0.00195312 0.0117188 0.00390625 
0.00292969 0.0673828 0.0439453 0.0380859 0.571289 0.197266 0.0927734 0.00292969 0.0107422 0.0488281 
0 0 1 0.000976562 0 0 0 0 0 0.000976562 
0.0117188 0.00488281 0.00585938 0.0566406 0.0253906 0.046875 1 0.00488281 0.00878906 0.00585938 
0.00292969 0.0566406 0.000976562 0.00390625 0.00195312 0.0126953 1 0.015625 0.0185547 0 
0 0.000976562 0.0126953 0.00390625 0.00390625 0.666992 0.00878906 0 0 0.314453 
0 0.12207 0.0078125 0.0224609 0.293945 0.333008 0.0117188 0 0.00195312 0.243164 
0.00585938 0.0449219 0.0449219 0.00390625 0.666992 0.0107422 0.314453 0.00585938 0.0419922 0.0136719 
0 0.230469 0.00683594 0.666992 0.0214844 0.0107422 0.00195312 0.0957031 0 0.0166016 
0.000976562 0 1 0.000976562 0 0 0 0.00390625 0 0 
0.0341797 0.0322266 0.00292969 0.00488281 0.015625 0.0117188 0.799805 0.0947266 0.0322266 0.00195312 
0.00292969 0.571289 0.287109 0.0673828 0.0322266 0.00292969 0.00976562 0.0986328 0.00195312 0.00488281 
0.000976562 0.0263672 0.00488281 0.015625 0.0146484 0.015625 0.368164 0.000976562 0.571289 0.00585938 
0.000976562 0.0175781 0.00390625 1 0.00390625 0.0634766 0.0683594 0.00195312 0.00878906 0.00585938 
0 0.666992 0.0078125 0.0175781 0.378906 0.0175781 0.0107422 0.00390625 0 0.00292969 
0.666992 0.356445 0.00878906 0.015625 0.00976562 0.00488281 0.00390625 0.0791016 0.00390625 0.00585938 
0.00195312 0 0.000976562 0.000976562 0.00390625 0.0927734 1 0.000976562 0.00683594 0.00292969 
0 0.00292969 0.000976562 0 0 0 0 1 0 0 
1 0.0986328 0.00292969 0.000976562 0.000976562 0 0.00292969 0.00683594 0.00585938 0.0078125 
0 0.000976562 0.00390625 0 0 0 0 1 0 0 
0.000976562 1 0.0146484 0.0078125 0.00195312 0.000976562 0.000976562 0.000976562 0 0.000976562 
0 1 0 0 0.000976562 0 0 0.046875 0 0 
0 0.000976562 1 0.000976562 0.00292969 0.000976562 0 0 0.00488281 0.00585938 
0 0.130859 0.230469 0.0146484 0.666992 0.0185547 0.0078125 0.00390625 0.00195312 0.0107422 
0.0117188 0.000976562 0.0078125 0.000976562 0 0.00292969 0.000976562 0 0.00195312 1 
0 0 0 0 0 0.00195312 1 0 0.00292969 0 
0 0.799805 0.000976562 0.00292969 0.00292969 0 0 0.293945 0 0 
0 0.00292969 0 0.0322266 0.00195312 1 0.0263672 0 0.000976562 0.000976562 
0.5 0.111328 0.0292969 0.0917969 0.0078125 0.000976562 0.00195312 0.322266 0.00292969 0.00683594 
0 0.0107422 0.00390625 0.00292969 1 0.00292969 0.00390625 0 0.000976562 0.000976562 
0 0.00292969 1 0.00195312 0.000976562 0 0 0.00292969 0.00195312 0 
0.000976562 0.0166016 0.5 0.469727 0.0136719 0.00585938 0.00195312 0.0556641 0.000976562 0.00390625 
0.799805 0.0283203 0 0 0.0449219 0 0.078125 0.00292969 0.0839844 0.046875 
0 0.000976562 0 0.144531 0 1 0.00585938 0 0.000976562 0.000976562 
0.00390625 0.0898438 0.0166016 0.666992 0.0478516 0.167969 0.0078125 0.015625 0.0185547 0.0234375 
0.00292969 0.5 0.00878906 0.0214844 0.365234 0.0126953 0.0136719 0.0166016 0.000976562 0.0917969 
0 1 0 0 0 0 0 0 0 0 
0 1 0 0 0 0 0 0.0107422 0 0 
0 1 0.000976562 0 0.000976562 0 0 0.00195312 0 0 
0 1 0.000976562 0.00683594 0.015625 0.00195312 0.00292969 0.0195312 0.00195312 0.000976562 
0 0.00878906 0.00585938 0.666992 0.00390625 0.378906 0.00195312 0.000976562 0.0117188 0.0615234 
0.00195312 0.571289 0.0439453 0.368164 0.0146484 0.0078125 0.000976562 0.0136719 0 0.0205078 
0 0.000976562 0.000976562 0.00488281 0.0078125 1 0.0439453 0 0 0.00488281 
0 0 0.000976562 1 0 0.00292969 0 0 0.00195312 0.000976562 
0.000976562 0 0 0 0.00195312 0.00195312 1 0 0.000976562 0 
0 0.000976562 0.000976562 0 1 0.000976562 0.00195312 0 0 0.000976562 
0.000976562 1 0.00195312 0.00195312 0.00195312 0 0 0.00195312 0 0.000976562 
0 0.00390625 0.00390625 0.0302734 0.00390625 0.000976562 0.0107422 0.000976562 1 0.000976562 
0 0.00195312 0 0.0263672 0 1 0.00488281 0.000976562 0 0.000976562 
0.0263672 0.00878906 0.228516 0.0322266 0.0390625 0.00683594 0.00683594 0.0136719 0.0283203 0.799805 
0.000976562 0.0361328 0.00390625 0.00195312 1 0.00976562 0.0195312 0.00195312 0.000976562 0.000976562 
0 0.00878906 0.000976562 0.00292969 0 0 0 1 0 0 
0 0 0 0.0126953 0 1 0.00585938 0 0 0.00195312 
0 0.00488281 0 1 0.000976562 0.0136719 0.00195312 0.000976562 0 0.000976562 
0 1 0 0 0.000976562 0 0 0.00195312 0 0 
0.799805 0.0078125 0.0078125 0.00292969 0.138672 0.00585938 0.108398 0.00195312 0.0341797 0.00390625 
0.000976562 1 0.00195312 0.00292969 0.00683594 0 0 0 0.00195312 0.000976562 
0.00390625 1 0 0 0.0117188 0 0.00292969 0.0283203 0.000976562 0.000976562 
0 0.00195312 0.000976562 1 0.00292969 0.0986328 0.00390625 0 0.00292969 0.00292969 
0 1 0 0 0 0 0 0.0107422 0 0 
0.0693359 0.00390625 0 0.00585938 0.0390625 0.00488281 0.799805 0.000976562 0.100586 0.00683594 
0 0.00390625 0.00195312 0.799805 0.00292969 0.046875 0.00488281 0.157227 0.000976562 0 
0 0.000976562 0.000976562 0 1 0.000976562 0.000976562 0 0 0.000976562 
0.00683594 0.129883 0.799805 0.0390625 0.0146484 0.00683594 0.00195312 0.100586 0.00488281 0.00488281 
0 1 0 0 0 0 0 0.000976562 0 0 
0 0 1 0.00390625 0.000976562 0 0 0.015625 0 0 
0 0 1 0 0 0 0 0.000976562 0 0 
1 0.000976562 0.000976562 0 0.00195312 0 0.00292969 0.000976562 0.000976562 0.0527344 
0.00390625 0.0957031 0.0146484 0.0546875 0.666992 0.0292969 0.0146484 0.00195312 0.0214844 0.158203 
0 0.00390625 0 1 0 0.0195312 0 0 0 0.00292969 
0.078125 0.0654297 0.015625 0.0322266 0.0107422 0.00683594 0.0341797 0.799805 0.0234375 0.00585938 
0 0 1 0.00292969 0 0 0 0.0195312 0 0 
0.00195312 0.00390625 0.799805 0.0234375 0 0 0 0.177734 0 0.00292969 
0 0 0 0.00195312 0 0 0.0117188 0 1 0 
1 0.00390625 0.000976562 0 0.000976562 0 0.00195312 0.000976562 0.00195312 0.0341797 
0.0546875 0.0117188 0.0185547 0.0224609 0.203125 0.0146484 0.00195312 0 0.0507812 0.666992 
0.0078125 0.571289 0.0292969 0.0078125 0.00683594 0.00683594 0.00683594 0.416992 0.00195312 0.00683594 
0.324219 0.0429688 0.0136719 0.0078125 0.0634766 0.03125 0.0927734 0.0429688 0.0273438 0.444336 
0.00683594 0.666992 0.0078125 0.00976562 0.260742 0.00390625 0.00976562 0.00195312 0.0898438 0.0371094 
0.0146484 0 0.00195312 0 0 0 0 0 0.00195312 1 
0 0.000976562 0.000976562 1 0 0.00292969 0 0 0.000976562 0.00390625 
0 0.00292969 0.000976562 0 1 0.000976562 0.00683594 0 0.000976562 0.000976562 
0.00976562 0.277344 0.0791016 0.0478516 0.000976562 0.0146484 0.00195312 0.666992 0.0117188 0.0195312 
0.00195312 0.00292969 1 0.00195312 0.00195312 0.00195312 0.00195312 0.00976562 0.00878906 0.0722656 
0 0 0 0.00292969 0 1 0.00390625 0 0 0.000976562 
0 1 0.000976562 0.00195312 0 0 0 0.0185547 0 0 
0.000976562 1 0.00488281 0.00390625 0.0527344 0.00195312 0.00585938 0.0302734 0.00585938 0.00195312 
0.00488281 0 0.00195312 0.000976562 0.00195312 0.0146484 0.00195312 0.000976562 0.000976562 1 
0 0.00195312 0 1 0 0.00195312 0 0.000976562 0.000976562 0.000976562 
0 1 0 0 0 0.000976562 0 0.00195312 0 0 
0 0.000976562 0.000976562 0 1 0.000976562 0.0107422 0 0.000976562 0 
0.00878906 0.00292969 0.0927734 0.00195312 0.00292969 0.0410156 0.00390625 0.00390625 0.00292969 1 
0 0.0185547 0.00195312 1 0.00585938 0.0566406 0.00390625 0.000976562 0.00390625 0.00585938 
0 0.000976562 0.00195312 1 0 0.00195312 0 0.000976562 0 0.000976562 
0 0.000976562 1 0 0 0 0 0.00195312 0 0 
0.000976562 0.00976562 0.00683594 0.00488281 1 0.0986328 0.0322266 0.00390625 0.00195312 0.0107422 
0 0.00390625 1 0.00195312 0.000976562 0 0 0.0234375 0.00195312 0.000976562 
0 0.0078125 0.00390625 1 0.000976562 0.000976562 0 0.00390625 0 0.000976562 
0.00195312 0 0 0 0 0.00292969 1 0 0.000976562 0 
0 0.0117188 0.666992 0.0839844 0.0742188 0.0185547 0.0117188 0.0898438 0.0273438 0.0126953 
0.00976562 0.00585938 0.0410156 0.015625 1 0.00585938 0.0722656 0.00488281 0.0107422 0.00292969 
0 0.00390625 0.00585938 0.000976562 0 0 0 1 0 0 
1 0.00292969 0 0 0 0 0.00390625 0 0 0.00292969 
0 1 0 0.000976562 0 0 0 0.0078125 0 0 
0.00878906 0.0722656 0.0722656 0.0810547 0.0175781 0.5 0.0810547 0.0195312 0.0146484 0.195312 
0 0.000976562 0.000976562 0 1 0.000976562 0.0175781 0 0.000976562 0 
0 0.15332 0.00292969 0 0.000976562 0 0 1 0 0 
0 0.00488281 0.0224609 1 0.00195312 0.00683594 0.00195312 0.000976562 0.00195312 0.00195312 
0 0 0.000976562 0.0146484 0.00292969 0.00390625 0.0341797 0.000976562 1 0.0078125 
0.108398 0.799805 0.0126953 0 0.0205078 0 0.0126953 0.189453 0.00292969 0 
0 0.000976562 0.00488281 1 0.000976562 0.00292969 0 0 0.00195312 0 
0 0.0126953 0.00292969 0.799805 0.00292969 0.00488281 0.00195312 0.202148 0.000976562 0.00195312 
0 0 0 0.00488281 0 0.00195312 0.00195312 0 1 0.000976562 
0 0 0 0 0 0.0634766 1 0 0 0.000976562 
0.000976562 0.666992 0.00292969 0.0117188 0.378906 0.00195312 0 0.0078125 0 0.00390625 
0.00488281 0.5 0.414062 0.0263672 0.0283203 0.0341797 0.0634766 0.0126953 0.00292969 0.0078125 
0.0224609 0.00292969 1 0.00878906 0.0224609 0.000976562 0.0078125 0.00292969 0.00488281 0.00195312 
0 0.0263672 0.0673828 0.126953 0.222656 0.444336 0.0986328 0 0 0.0224609 
0.000976562 0.237305 0.000976562 0.000976562 0 0 0 1 0 0 
0 1 0 0 0 0 0 0 0 0 
0.000976562 0.0078125 0.0546875 0.19043 0.0195312 0.0253906 0.179688 0.00683594 0.666992 0.0078125 
0 0.00195312 1 0.00195312 0.00195312 0 0 0.00195312 0.000976562 0.000976562 
0 0.00683594 0.0126953 0.799805 0.0419922 0.0371094 0.00292969 0 0.100586 0.0263672 
0.0322266 0.0390625 0.114258 0.0839844 0.0888672 0.100586 0.0537109 0.0371094 0.114258 0.333008 
0 1 0.000976562 0.000976562 0.000976562 0 0 0.00390625 0 0 
0.00976562 0.0361328 0.0166016 0.28418 0.0195312 0.0527344 0.0722656 0.5 0.0458984 0.0195312 
0 1 0.000976562 0 0 0 0 0.000976562 0 0 
0 0.000976562 0 1 0 0.000976562 0 0 0.00292969 0 
0.0214844 0.00585938 0.0214844 0.0390625 0.0957031 0.0273438 0.148438 0.00390625 0.666992 0.108398 
0 0.000976562 0.000976562 0 0 0 0 1 0 0 
0 0 0.000976562 0.0146484 0.000976562 0.799805 0.189453 0.00195312 0.00683594 0.000976562 
0.000976562 0.000976562 0 0 0.000976562 0.00195312 1 0 0.00195312 0 
0.00292969 0.0283203 1 0.00195312 0 0 0 0.0361328 0.000976562 0 
0.000976562 0.00195312 0.00195312 0.112305 0.00195312 0.571289 0.368164 0.00195312 0.0146484 0.00683594 
0.0136719 0.0126953 0.0117188 0.00390625 0.0283203 0.00292969 0.000976562 0.00390625 0.00390625 1 
0.00292969 0.00292969 0.00390625 0.00585938 0.0361328 0.00878906 0.00195312 0 0.00976562 1 
0.000976562 0.444336 0 0 0 0 0 0.571289 0 0 
0 1 0 0 0 0 0 0.0185547 0 0 
0 1 0 0 0.00292969 0 0 0.00585938 0.00292969 0 
0.00683594 0.0449219 0.799805 0.0175781 0.108398 0.00488281 0.00195312 0.00390625 0.00195312 0.0185547 
0 1 0 0 0.00195312 0 0 0 0 0 
1 0 0.000976562 0 0 0 0.000976562 0 0.000976562 0.00195312 
0.0224609 0.213867 0.400391 0.00390625 0.0947266 0.00488281 0.257812 0.00976562 0.0283203 0.015625 
0.00292969 0.000976562 0 0.0195312 0.00195312 0.0820312 1 0 0.000976562 0.000976562 
0.00976562 0 0.00292969 0.000976562 0.000976562 0.00292969 0.000976562 0 0.00488281 1 
0.00195312 0.0341797 0.0927734 0.0117188 0.000976562 0.00292969 0.00195312 1 0.000976562 0.046875 
0.15332 0.0556641 0.286133 0.00195312 0.0273438 0.00292969 0.0107422 0.0166016 0.0273438 0.444336 
0.00878906 1 0.0595703 0.00976562 0.0283203 0.000976562 0.000976562 0.00195312 0.00976562 0.00683594 
0 0.0654297 0.00195312 0.0615234 0.0732422 0.799805 0.078125 0 0.0224609 0.0615234 
0 0.00195312 0.000976562 1 0.00195312 0.00292969 0.000976562 0.000976562 0.0078125 0.00390625 
0 0.00390625 0.00195312 0 1 0 0.000976562 0 0.000976562 0 
0.000976562 0.000976562 0.00390625 0.000976562 0.00292969 0.0683594 0.00195312 0 0.0078125 1 
0.000976562 1 0.000976562 0.000976562 0.0927734 0.000976562 0.000976562 0.00488281 0 0.000976562 
0 1 0 0 0 0 0 0.00292969 0 0 
0 0 1 0 0 0 0 0 0 0 
0.00195312 0.00195312 0.000976562 0.5 0.00390625 0.162109 0.22168 0.000976562 0.172852 0.00390625 
0 0.00976562 0.00292969 1 0.00292969 0.0683594 0.000976562 0.00292969 0.00683594 0.0722656 
0 0.00390625 0.000976562 0 0 0 0 1 0 0 
0.0136719 0.400391 0.0302734 0.291992 0.0537109 0.114258 0.00195312 0.00488281 0.0185547 0.15625 
0.000976562 1 0.00390625 0.00292969 0.00195312 0 0 0.0322266 0 0 
0 0.00195312 0.000976562 0.000976562 0 0 0 1 0 0 
0.356445 0.00292969 0 0 0.000976562 0 0.666992 0 0.00292969 0.00195312 
0 0.0107422 0.000976562 1 0.00292969 0.00292969 0.000976562 0.0224609 0.00292969 0.000976562 
0 1 0.000976562 0.00292969 0.00195312 0 0 0.00292969 0.000976562 0.000976562 
0 0.00878906 0.0166016 0.571289 0.0527344 0.269531 0.00195312 0 0.0673828 0.00683594 
0.0322266 0.00390625 0.000976562 0.000976562 0.135742 0.00683594 1 0 0.0263672 0.0136719 
0 0.00585938 0.0126953 0.00195312 0 0 0 1 0 0 
0.0126953 0.251953 0.0673828 0.0869141 0.286133 0.0556641 0.125977 0.015625 0.0722656 0.0380859 
0 0.000976562 0.000976562 0 1 0 0.00292969 0 0.000976562 0 
0 0 1 0.00195312 0 0 0 0.00390625 0 0 
0.000976562 0.00585938 0 0 1 0 0.00292969 0.000976562 0.000976562 0 
0.0175781 0.0195312 0 0.000976562 0.00195312 0.00390625 1 0.0341797 0.00585938 0 
0.0595703 0.236328 0.0244141 0.0673828 0.5 0.0361328 0.0283203 0.0205078 0.0205078 0.104492 
0 0.00292969 0.00195312 0 1 0 0.00292969 0 0.000976562 0.000976562 
0.000976562 0.00390625 1 0.00292969 0.00292969 0 0.000976562 0.0205078 0.00292969 0.00292969 
0 0.000976562 0.00195312 0.000976562 0.000976562 0.000976562 0 0 0.000976562 1 
0 1 0 0 0 0 0 0.00488281 0 0 
0 0 1 0.000976562 0.000976562 0 0 0.00195312 0 0 
0 1 0 0 0.00292969 0 0 0.000976562 0 0 
1 0.00195312 0 0 0.000976562 0 0.00292969 0.00195312 0.000976562 0.0390625 
0.0458984 0.0986328 0.0634766 0.134766 0.152344 0.286133 0.0488281 0.0527344 0.0595703 0.0917969 
0 0 0.00195312 0.00878906 0.000976562 1 0.00488281 0 0.00195312 0.00292969 
1 0.0361328 0 0 0.000976562 0 0.0195312 0.00683594 0 0.00683594 
0 0.00195312 0 1 0.00195312 0.0078125 0.00195312 0.00292969 0.000976562 0 
0.00292969 0.00878906 0.0283203 0.00292969 1 0.00390625 0.0107422 0.000976562 0.00878906 0.00195312 
0.0263672 0.0927734 0.0078125 0.00292969 0.00292969 0.000976562 0.0322266 1 0.00488281 0.000976562 
0 0 0 0 0 0 0.00585938 0 1 0 
0 0.00390625 0.0078125 0 0 0 0 1 0 0 
0 0.00292969 0.00488281 0 0 0 0 1 0 0 
0.00585938 1 0.000976562 0.00585938 0.00292969 0.00292969 0.000976562 0.0302734 0 0.0263672 
0.0458984 0.0361328 0.0146484 0.0917969 0.0380859 0.28418 0.5 0.0126953 0.0136719 0.0214844 
0 0 1 0.000976562 0 0 0 0.00195312 0 0.000976562 
0 0.000976562 0 0.046875 0 1 0.00292969 0.000976562 0 0.00195312 
0 0.00195312 0 0.0175781 0.00195312 1 0.00488281 0.00195312 0 0.00195312 
0 0.00195312 0.000976562 0.000976562 0 0 0 1 0 0 
0 0.0263672 0.000976562 0.000976562 0 0 0 1 0 0 
0 0.0361328 0.00585938 1 0.00292969 0.0107422 0.000976562 0.000976562 0.000976562 0.00585938 
0 0.000976562 0 0 0 0 0 1 0 0 
0.00195312 1 0 0.00292969 0 0 0 0.00585938 0 0 
0 0.0654297 0.166992 0.00195312 0 0.00292969 0.00488281 0.799805 0 0.015625 
1 0.0107422 0.00292969 0.00683594 0.0185547 0.00195312 0.00488281 0.0595703 0.000976562 0.119141 
0.000976562 0.00390625 0.000976562 0.00878906 0.00195312 0 0.0205078 0 1 0.00292969 
0 0 0 0 0 0.00390625 1 0 0 0 
0.015625 1 0.00292969 0.00488281 0.000976562 0 0 0.00292969 0 0.000976562 
0.000976562 0 0 0.000976562 0 0.00585938 1 0 0.00585938 0 
0 0.00976562 0.000976562 1 0.00195312 0.126953 0.000976562 0.000976562 0 0.00488281 
0 0.000976562 0 0.00390625 0.000976562 1 0.00683594 0 0 0.000976562 
0 0.000976562 0 0.000976562 0.00195312 0.0322266 1 0 0.00292969 0 
0.00195312 0.0253906 0.0078125 0 1 0.000976562 0.0185547 0.00195312 0.0078125 0.000976562 
0 0 0 0.00390625 0 1 0.0107422 0 0.000976562 0.00292969 
0.000976562 0 1 0.000976562 0 0 0 0.00683594 0 0 
0.00390625 0.000976562 1 0.00292969 0 0 0 0.00390625 0 0 
0 0.0107422 0 0 1 0.000976562 0.000976562 0.000976562 0 0.00292969 
0.000976562 0.015625 0.203125 0.666992 0.00878906 0.0419922 0.00292969 0.0839844 0.00195312 0.00976562 
0.00195312 0.0957031 0.0136719 0.666992 0.0371094 0.167969 0.0273438 0.0117188 0.03125 0.0234375 
0.000976562 0.0986328 0.00683594 0.00292969 1 0.00488281 0.0234375 0.00195312 0.00292969 0.00195312 
0 0.000976562 1 0.000976562 0.000976562 0 0 0.0146484 0 0.000976562 
0 0.00390625 0.000976562 1 0.000976562 0.00195312 0.000976562 0.00195312 0.0078125 0.000976562 
0.0107422 1 0.0410156 0.0341797 0.0986328 0.0078125 0.0078125 0.0126953 0.0205078 0.0078125 
0 0.00878906 0.00195312 1 0.0107422 0.0078125 0.00292969 0.00292969 0.015625 0.00390625 
0 0.000976562 0 0.00878906 0.000976562 1 0.0195312 0 0 0 
0 0.571289 0.000976562 0.0107422 0.000976562 0 0 0.473633 0 0.000976562 
0.00585938 0.799805 0.000976562 0.0117188 0.214844 0 0 0.00390625 0.00195312 0.000976562 
0.0078125 0.0205078 0.000976562 0.000976562 0.138672 0.00976562 0.799805 0.00488281 0.0107422 0.000976562 
1 0.0126953 0.00195312 0.000976562 0.0126953 0 0.0146484 0.0166016 0.00683594 0.0390625 
0.000976562 0.0263672 0.152344 0.5 0.0527344 0.0244141 0.0429688 0.0283203 0.0917969 0.0810547 
0.0439453 1 0 0 0 0 0.000976562 0.0195312 0 0.00292969 
0.0439453 1 0.00292969 0.00195312 0.0078125 0.000976562 0 0.00878906 0.00195312 0.00292969 
0 0 1 0.000976562 0 0 0 0.000976562 0 0 
0.00390625 0.00683594 0.00683594 0.0117188 0.0302734 0.00390625 0 0.000976562 0.00683594 1 
0 0 1 0.00683594 0 0 0 0.000976562 0.00195312 0.000976562 
0 0.00195312 0 0 0 0 0 1 0 0 
0.000976562 1 0.00292969 0.0361328 0.000976562 0.000976562 0.000976562 0.0820312 0.000976562 0.00195312 
0 0.00195312 1 0.00878906 0.00488281 0 0 0.0078125 0.000976562 0 
1 0.000976562 0 0 0 0 0.00195312 0 0 0.000976562 
0.000976562 0.0253906 0.0078125 1 0.00292969 0.00390625 0 0.000976562 0.000976562 0.00292969 
0.0380859 0.0820312 0.197266 0.104492 0.00683594 0.000976562 0.000976562 0.571289 0.00292969 0.104492 
0.00195312 1 0 0 0.0166016 0 0.000976562 0.00292969 0.00390625 0 
0.000976562 0.00195312 1 0.00390625 0.000976562 0 0 0.0527344 0 0 
0.0078125 0.107422 0.0322266 0.0253906 0.333008 0.0371094 0.100586 0.00292969 0.275391 0.0732422 
0.0224609 0.100586 0.0322266 0.0322266 0.400391 0.0537109 0.352539 0.0224609 0.0507812 0.0175781 
0.000976562 0.0322266 0.0253906 0.0078125 0.000976562 0.000976562 0.00195312 1 0.00292969 0.000976562 
0 0 1 0.00195312 0.000976562 0 0 0.000976562 0 0 
0 0.0078125 0.015625 0.0341797 0.210938 0.307617 0.288086 0.00292969 0.12793 0.00195312 
1 0.000976562 0 0 0 0 0.000976562 0 0 0 
0 0.000976562 0 0.0302734 0 1 0.00390625 0.00195312 0 0 
0 0 0 0.00488281 0 1 0.00683594 0 0 0.000976562 
0.666992 0.0654297 0.0478516 0.00195312 0.0419922 0.00195312 0.00585938 0.00292969 0.0390625 0.139648 
0 0.000976562 0 1 0 0.00390625 0 0 0 0.000976562 
0 0 0 1 0 0 0 0 0.000976562 0 
0.0458984 0.268555 0.444336 0.0556641 0.134766 0.0117188 0.000976562 0.0273438 0.00488281 0.0214844 
0.5 0.322266 0.00390625 0.000976562 0.0634766 0.00292969 0.0634766 0.0488281 0.0078125 0.00390625 
0.00390625 1 0.000976562 0.00195312 0.00195312 0.00390625 0.00683594 0.0224609 0 0.00195312 
0.000976562 0 0.000976562 0.0117188 0 0.314453 0.666992 0 0.00585938 0.00976562 
0 0.799805 0.00292969 0.00878906 0.214844 0.00292969 0 0.00292969 0.00390625 0.0263672 
0 1 0 0 0 0 0 0.00390625 0 0 
0.078125 0.0185547 0.400391 0.0449219 0.00976562 0.0839844 0.00878906 0.0507812 0.0283203 0.274414 
0.00292969 0 0.000976562 0.00292969 0 0.00390625 1 0 0.173828 0.00195312 
0.000976562 0.00390625 0.00390625 0.0263672 0.00585938 1 0.0175781 0.00195312 0.000976562 0.0205078 
0 0.000976562 0 0.00292969 0.00292969 0.0566406 1 0.000976562 0 0 
0.000976562 0 0.000976562 0.000976562 0 0.0253906 1 0.000976562 0.00195312 0.000976562 
0.000976562 0.00878906 0 0 1 0.000976562 0.00292969 0 0.000976562 0.000976562 
0 0.00292969 0 0 1 0.000976562 0.00292969 0 0 0 
0 0 0 0.000976562 0.000976562 0.000976562 1 0 0.00488281 0 
0.00195312 1 0 0.000976562 0.000976562 0 0.000976562 0.0185547 0 0 
0 0.00195312 0.000976562 0 1 0.00195312 0.00390625 0 0 0.000976562 
0.666992 0.00390625 0.015625 0 0.00195312 0 0.00390625 0.000976562 0.015625 0.429688 
0 0 0 0.00292969 0.000976562 1 0.00976562 0 0 0.0166016 
0 1 0 0 0 0 0 0.015625 0 0 
0 1 0 0 0 0 0 0.0107422 0 0 
0.00585938 0.0839844 0.333008 0.189453 0.00195312 0.275391 0.0205078 0.0839844 0 0.00488281 
0.00195312 0.000976562 0.00488281 0.0556641 0.00878906 0.0595703 0.368164 0.000976562 0.571289 0.0107422 
0 0 1 0.000976562 0 0 0 0.000976562 0 0.000976562 
0 0.799805 0.00195312 0.00488281 0 0 0 0.228516 0 0 
0.00488281 0.0556641 0.208008 0.183594 0.0673828 0.0292969 0.00390625 0.03125 0.0136719 0.5 
0 0.222656 0.00488281 0.000976562 0 0 0 1 0 0 
0.00585938 0.0175781 1 0.0205078 0.00683594 0.000976562 0.000976562 0.0341797 0.000976562 0.000976562 
0.000976562 1 0.0078125 0.000976562 0.00292969 0 0 0.00195312 0 0 
0 0 1 0.000976562 0.000976562 0 0 0.000976562 0 0.000976562 
0.00683594 0.0292969 0.571289 0.269531 0.0292969 0.0136719 0.00878906 0.0458984 0.0292969 0.0869141 
0 0 0 1 0.000976562 0.000976562 0.00292969 0 0 0 
0.0126953 1 0.0185547 0.000976562 0.0820312 0 0.00292969 0.0634766 0.00292969 0.000976562 
0 0 0 0.00585938 0 1 0.0234375 0 0 0 
0.00390625 0.00292969 1 0.0078125 0 0 0 0.00585938 0.000976562 0.000976562 
0.0527344 0.0224609 0.0175781 0.0380859 0.196289 0.0771484 0.444336 0.0078125 0.134766 0.0429688 
0.000976562 0.00585938 0.00292969 0.5 0.000976562 0.28418 0.28418 0.0214844 0.0117188 0.00195312 
0.00976562 0.00195312 0.000976562 0.00292969 0.0722656 0.0146484 1 0.000976562 0.00195312 0.00292969 
0 0.000976562 0.000976562 0.000976562 0.00292969 0.000976562 0.00878906 0 1 0.00195312 
0.00390625 1 0.00683594 0.00195312 0.0136719 0 0 0.00585938 0.00195312 0.000976562 
0 0 1 0.000976562 0 0 0 0.00195312 0 0 
0.00488281 0.0166016 0.0146484 0.18457 0.126953 0.444336 0.112305 0.00585938 0.0556641 0.0302734 
0.000976562 1 0.000976562 0.000976562 0.000976562 0 0 0.00195312 0 0 
0 0.000976562 1 0.000976562 0.000976562 0 0 0.0117188 0 0 
0.000976562 1 0 0 0 0 0 0 0 0 
0 0.00195312 0 0.00292969 0.00683594 0.000976562 0 0 0.00390625 1 
0 0 0 0.000976562 0.000976562 0 0 0 0 1 
0.0332031 0.0078125 0.0078125 0.0507812 0.0292969 0.0371094 0.666992 0.0175781 0.260742 0.0214844 
0.00292969 0.00292969 0.000976562 0.00195312 0 0.046875 1 0.00195312 0.00488281 0.000976562 
0 0.00585938 0.0078125 0.0693359 0.00195312 0.799805 0.0205078 0.000976562 0.00195312 0.129883 
0.0244141 0.000976562 0.00390625 0.0175781 0.000976562 0.5 0.441406 0.00390625 0.0214844 0.0126953 
0.00195312 1 0.00195312 0.00390625 0.000976562 0 0 0.046875 0 0 
0.0615234 0.666992 0.00878906 0.0175781 0.00390625 0.00195312 0.00976562 0.245117 0.00390625 0.00390625 
0.00195312 1 0.000976562 0.00390625 0.000976562 0 0 0.0869141 0 0.000976562 
0.0390625 0.0566406 0.0107422 0.00195312 1 0.0136719 0.0595703 0.0253906 0.00878906 0.0195312 
0 0.00195312 0.000976562 0 0 0 0 1 0 0 
0.00195312 0.0117188 0.00390625 0.0917969 0.0205078 0.5 0.00976562 0.000976562 0.152344 0.236328 
0.0253906 0.0341797 0.400391 0.0449219 0.0302734 0.201172 0.128906 0.0234375 0.0693359 0.0947266 
0 0.000976562 0 0.0566406 0 1 0.00292969 0 0 0.00585938 
0.00195312 1 0 0.000976562 0.000976562 0 0 0.00488281 0 0.000976562 
0 0.00195312 0.0146484 0.00878906 0.00195312 1 0.0234375 0.00195312 0.015625 0.00683594 
0 0.000976562 0.00195312 0.00683594 0.000976562 1 0.0234375 0.000976562 0.000976562 0.0302734 
0 0 1 0.000976562 0.000976562 0 0 0.00292969 0 0 
0.0126953 0.0273438 0.0263672 0.237305 0.0869141 0.0927734 0.126953 0.0224609 0.444336 0.00683594 
0 0.000976562 0.000976562 0 0 0 0 1 0 0 
0 1 0.00585938 0.000976562 0.000976562 0 0 0.00390625 0 0 
0 0.00195312 1 0.000976562 0.000976562 0 0 0.00585938 0.000976562 0 
0.00585938 1 0.00292969 0.00585938 0.00585938 0.00195312 0.00292969 0.0820312 0.0185547 0.00390625 
0 0.000976562 0 0.00195312 0.00488281 1 0.0283203 0 0 0.00390625 
0 0.000976562 0 0.0136719 0 1 0.0224609 0 0 0.00195312 
0.000976562 0.00195312 0 0.000976562 0.0361328 0.000976562 0.000976562 0 0.000976562 1 
0 0.458008 0.0078125 0 0 0 0 0.666992 0 0 
0.000976562 0.00488281 0.000976562 0.0439453 0.0380859 0.571289 0.0283203 0 0.173828 0.163086 
0.00390625 0.000976562 0.000976562 0.000976562 0.00195312 0.00976562 1 0 0.046875 0.00195312 
0 0.00878906 1 0.00585938 0 0 0 0.0341797 0 0 
0.0654297 0.0175781 0.666992 0.0126953 0.0957031 0.00195312 0.015625 0.179688 0.00976562 0 
0.000976562 0.000976562 1 0.000976562 0.000976562 0 0 0.015625 0 0 
0.0283203 0.333008 0.0107422 0.258789 0.0263672 0.0839844 0.100586 0.00195312 0.138672 0.0146484 
0 0.0175781 0.00195312 0.000976562 0 0 0 1 0 0 
0.0166016 0.391602 0.444336 0.0595703 0.0771484 0.0214844 0.000976562 0.00292969 0.0126953 0.0410156 
0.112305 0.00683594 1 0.00683594 0.00683594 0 0.00195312 0.0302734 0.000976562 0.000976562 
0.444336 0.0595703 0.112305 0.00683594 0.00683594 0.0175781 0.0361328 0.0263672 0.0527344 0.268555 
0 0 0 0 0 0.000976562 1 0 0.000976562 0 
0.000976562 0.000976562 0 0 0.000976562 0.0078125 1 0 0 0 
0.00292969 0 0 0 0.000976562 0 0 0 0 1 
1 0.00195312 0.00878906 0.00683594 0.000976562 0.0107422 0.0771484 0 0.0634766 0.0361328 
0 0.00292969 0.000976562 0.000976562 1 0 0 0 0 0 
0 0 0.00292969 0.000976562 0 0.000976562 0 0 0.000976562 1 
1 0.00195312 0 0 0 0 0.000976562 0 0 0 
0 0.000976562 1 0.00292969 0 0 0 0.00488281 0 0 
0 0.000976562 0 0 1 0 0.00195312 0 0 0 
0.799805 0.00976562 0.0117188 0.0146484 0.00292969 0.0263672 0.258789 0.0126953 0.0234375 0.0107422 
0.0136719 0 0 0.00390625 0.00195312 0.0146484 0.666992 0 0.294922 0.00683594 
0.00976562 1 0.00390625 0.00488281 0.00292969 0 0 0.0126953 0.00585938 0.00292969 
0.000976562 0.0869141 0.00683594 0.00195312 1 0.000976562 0.0126953 0 0.00195312 0.00195312 
0.0195312 0.00683594 1 0.0390625 0.00585938 0.00488281 0.000976562 0.00390625 0.00488281 0.0166016 
0 0 1 0 0 0 0 0.00195312 0 0 
0.571289 0.119141 0.0126953 0.00878906 0.0185547 0.00585938 0.0927734 0.119141 0.0332031 0.0527344 
0.00390625 1 0.0166016 0.00195312 0.0185547 0.000976562 0 0.0185547 0.000976562 0.000976562 
0.00292969 0.00390625 0.0185547 0.135742 0.00683594 0.00390625 0.0527344 0.00292969 1 0.0078125 
0 0.00683594 0.0078125 0.000976562 1 0.00195312 0.00195312 0 0.000976562 0.000976562 
0 0 0 0 0 0.00390625 1 0 0.00195312 0 
0 1 0 0 0 0 0 0.00195312 0 0 
0.00683594 0.00195312 0.00488281 0.0078125 0.0576172 0.0791016 0.666992 0.000976562 0.245117 0.0332031 
0 1 0.000976562 0.000976562 0.000976562 0 0 0.0126953 0.00390625 0 
0.000976562 0.0078125 0.00292969 0.000976562 1 0.00292969 0.00488281 0.000976562 0.000976562 0.00390625 
0.0146484 0.015625 0.799805 0.0078125 0.276367 0 0.000976562 0.0732422 0.00390625 0 
0 0 0 0.00195312 0 1 0.00292969 0 0 0 
0 0.000976562 0 1 0 0.00488281 0.000976562 0 0.000976562 0 
0 0.00195312 0.0107422 1 0.00292969 0.0136719 0.00195312 0.00195312 0.00292969 0.00390625 
0.000976562 1 0.000976562 0.000976562 0.00390625 0.000976562 0.000976562 0.00976562 0 0 
0 0 0 0 0 0.000976562 1 0 0.00292969 0 
0.0185547 0.000976562 0.000976562 0 0.000976562 0.0253906 1 0 0.000976562 0.00195312 
0.00488281 0.666992 0.0292969 0.101562 0.115234 0.0292969 0.0957031 0.0419922 0.0390625 0.0146484 
0.000976562 1 0 0 0.00390625 0 0 0.00195312 0 0 
1 0.000976562 0 0 0 0 0.000976562 0 0 0.000976562 
0 0 1 0.000976562 0 0 0 0.00195312 0 0 
0 0.000976562 0 0 0.00195312 0.00292969 1 0 0.00585938 0 
0.000976562 0.0126953 0.00390625 0.00195312 0 0 0.000976562 1 0 0 
0 0.0791016 0.000976562 0.666992 0.0273438 0.167969 0.139648 0.00683594 0.00390625 0.00292969 
1 0.000976562 0 0 0 0 0.000976562 0 0 0.00488281 
0.000976562 1 0 0.000976562 0.000976562 0 0 0.00292969 0 0 
0.00195312 0.000976562 1 0.000976562 0 0 0 0.0107422 0 0 
0 0.000976562 0 0.015625 0 1 0.0078125 0.00195312 0 0 
0 0 0 0 0 0.00195312 1 0 0.000976562 0 
0 0.000976562 0.000976562 0.0078125 0.000976562 1 0.0117188 0.000976562 0.000976562 0.000976562 
0.000976562 0.202148 0.000976562 0.0390625 0.799805 0.00390625 0.00195312 0.000976562 0.0234375 0.0185547 
0 1 0 0.000976562 0.000976562 0.000976562 0 0.000976562 0 0 
0 1 0 0 0 0 0 0.000976562 0 0 
0.000976562 0.00292969 0.00683594 0.00195312 1 0 0.00195312 0.000976562 0.000976562 0.00195312 
0 0.00195312 0 1 0.000976562 0.00878906 0.000976562 0 0.000976562 0 
0 1 0 0.000976562 0 0 0 0.0146484 0 0 
0.00292969 0.00390625 0.000976562 0 1 0.000976562 0.0322266 0 0.00195312 0.000976562 
0.000976562 0.00195312 0 1 0 0.105469 0.00195312 0.00195312 0.000976562 0.000976562 
0.00195312 0.666992 0.0117188 0.0478516 0.0703125 0 0 0.245117 0.0195312 0 
0.00292969 1 0 0 0.00292969 0 0.000976562 0.00195312 0 0 
0.0224609 0.171875 0.0810547 0.125977 0.0625 0.0585938 0.0761719 0.266602 0.133789 0.0224609 
0 0.00585938 0.00585938 0.000976562 0 0 0 1 0 0 
0 1 0 0 0 0 0 0.00292969 0 0 
0.00292969 0.00390625 0.00292969 0.134766 0.00585938 0.34375 0.5 0.0175781 0.00390625 0.00292969 
0 1 0 0.000976562 0 0 0 0.000976562 0 0 
0 1 0 0 0 0 0 0.00195312 0 0 
0 0.000976562 1 0.000976562 0 0 0 0.0136719 0 0 
0.000976562 0 0 0 0.000976562 0 0 0 0 1 
0.0136719 0.0244141 0.5 0.0214844 0.0126953 0.00585938 0.0214844 0.469727 0.015625 0.00390625 
0.000976562 0.146484 0.0605469 0.311523 0.046875 0.400391 0.015625 0.00976562 0.0185547 0.0693359 
0 0 0 0.00195312 0 0.00292969 0.0185547 0 1 0.000976562 
0.00390625 0.0771484 0.0146484 0.391602 0.444336 0.0458984 0.0224609 0.0634766 0.00488281 0.0126953 
0.00390625 0.0332031 0.0507812 0.0273438 0.0332031 0.108398 0.666992 0.0371094 0.03125 0.015625 
0.00195312 0.00585938 0.0136719 0.0253906 0.00390625 0.00488281 0.0107422 0.000976562 1 0.0126953 
0.00292969 0.444336 0.0224609 0.0126953 0.571289 0.00683594 0.0185547 0.0126953 0.00878906 0.00878906 
0.0273438 0.0214844 0.0273438 0.0449219 0.666992 0.0136719 0.179688 0.130859 0.00195312 0.0107422 
0 0.000976562 0 1 0 0.0175781 0 0 0 0 
0 0.00390625 0.00976562 1 0.00292969 0.00292969 0.000976562 0.00195312 0.000976562 0.00195312 
0 1 0 0.00292969 0.00195312 0 0 0.000976562 0 0 
0 0.0117188 0 0.228516 0.00488281 0.799805 0.0732422 0.00292969 0 0.000976562 
0.000976562 0.197266 0.00488281 1 0.00878906 0.0185547 0.00292969 0.00195312 0.000976562 0.00585938 
0.000976562 1 0 0.00683594 0.000976562 0.000976562 0 0.0341797 0 0.000976562 
0.00292969 0.126953 0.286133 0.0244141 0.0986328 0.00195312 0.00585938 0.444336 0.00488281 0.00195312 
0 0.0576172 0.00976562 0.015625 0.078125 0.799805 0.00683594 0 0 0.166992 
0.163086 0.000976562 0.00292969 0.00195312 0 0.0390625 1 0.00292969 0.0078125 0.0234375 
0.00585938 0.00195312 0.0341797 0.00195312 0 0.0126953 0.00292969 0.00195312 0.000976562 1 
0.00195312 0 0.000976562 0.000976562 0 0.000976562 0.0869141 0 1 0.000976562 
0.0205078 0.320312 0.363281 0.0175781 0.265625 0.00488281 0.00195312 0.0166016 0.00195312 0.00292969 
0.000976562 1 0 0.000976562 0.00390625 0 0 0.00195312 0.000976562 0 
0.0117188 0.0136719 0.0810547 0.0234375 0.142578 0.208008 0.5 0.0166016 0.0810547 0.0078125 
0 1 0 0 0 0 0 0 0 0 
0 0.00683594 0.000976562 0.000976562 1 0 0.00292969 0.000976562 0 0 
0.363281 0.206055 0.132812 0.0117188 0.282227 0.00292969 0.0166016 0.000976562 0.0253906 0.0175781 
0 1 0 0.000976562 0 0.000976562 0 0.000976562 0 0 
0 0 0 1 0 0.000976562 0 0 0.00195312 0.000976562 
0.000976562 0 0 0.000976562 0 0.0771484 1 0 0.000976562 0.000976562 
0.000976562 0.015625 0 0.799805 0.0390625 0.177734 0.12207 0.000976562 0 0.00976562 
0 0.276367 0.00195312 0.0253906 0 0 0 0.799805 0 0 
0 1 0 0.00292969 0.0078125 0.00488281 0.000976562 0.0117188 0 0.000976562 
0.000976562 1 0 0 0.00390625 0 0 0.00878906 0.000976562 0.000976562 
0.0371094 0.00488281 0.799805 0.0234375 0.129883 0.00390625 0.0419922 0.0117188 0.0224609 0.00390625 
0.0166016 0.0117188 0.0976562 0.182617 0.0458984 0.110352 0.363281 0.00488281 0.206055 0.0146484 
0.00292969 0.799805 0.0205078 0.00683594 0.0253906 0.0185547 0.138672 0.0107422 0.00585938 0.00292969 
1 0.00292969 0 0 0.000976562 0 0.00292969 0 0.000976562 0.00488281 
0 1 0 0 0 0 0 0.00195312 0 0 
0 0.000976562 0.000976562 0.276367 0 0.799805 0.0146484 0.00292969 0 0.00585938 
0 0.000976562 1 0.00292969 0.00195312 0 0 0.000976562 0 0 
0 0.00390625 0 0 1 0.000976562 0.00195312 0 0 0.00195312 
0.00292969 0.00292969 0.0869141 0.00683594 0.00390625 0.00292969 0 0 0.00976562 1 
0.00195312 0.000976562 0 0.000976562 0.000976562 0.0136719 1 0 0.00195312 0.000976562 
0.015625 0.0927734 0.0302734 0.0556641 0.444336 0.119141 0.104492 0.0205078 0.0771484 0.0869141 
0.000976562 1 0 0.00195312 0 0 0 0.0195312 0 0 
0 0.000976562 1 0.000976562 0.000976562 0 0 0.0107422 0 0 
0.0146484 0.799805 0.228516 0.0117188 0.0263672 0.00195312 0.00292969 0.0615234 0.0175781 0.00195312 
0.00195312 0 0.00292969 0.00390625 0 0.000976562 0.0283203 0 1 0.00585938 
0 0.00976562 1 0.00195312 0.00488281 0 0.000976562 0.000976562 0.0341797 0.0078125 
0.000976562 0.00390625 1 0.000976562 0.000976562 0 0.000976562 0.0322266 0 0 
0 0.00585938 0.0146484 0.0146484 0 0 0 1 0 0 
0 1 0 0.000976562 0 0 0 0.000976562 0 0 
0 0.0166016 0.473633 0.0283203 0.000976562 0 0 0.571289 0 0.00195312 
1 0.00683594 0 0 0 0 0.000976562 0.000976562 0.000976562 0.000976562 
0 0.00292969 0.00292969 0.0722656 0.0136719 1 0.0146484 0.000976562 0.00390625 0.00488281 
0.0205078 0.799805 0.00292969 0 0.166992 0 0.015625 0.0185547 0.00195312 0.00195312 
0.00195312 1 0.0078125 0.00390625 0.00488281 0.000976562 0.000976562 0.144531 0.00488281 0.00292969 
0.000976562 0.000976562 0 0.000976562 0.000976562 0.00585938 1 0 0.00976562 0.000976562 
0 0.000976562 0.000976562 0 0 0 0 1 0 0 
0 0.0654297 0.00292969 0.799805 0.129883 0.0654297 0.0146484 0 0.00292969 0.00292969 
0.000976562 0.0166016 0 0.00585938 1 0.000976562 0.00195312 0 0.00292969 0.00390625 
0 0.000976562 0 1 0 0.00683594 0 0.000976562 0 0 
0.000976562 0 1 0.000976562 0 0 0 0.000976562 0 0 
0 0.000976562 0.000976562 0 0 0 0 1 0 0 
0 0.00390625 0.00292969 1 0.00683594 0.0146484 0.00292969 0.000976562 0.0136719 0.00683594 
0 0.0224609 0.00292969 0.00195312 0 0 0 1 0 0 
0 1 0.000976562 0.0078125 0.00195312 0 0 0.015625 0 0.000976562 
0.000976562 1 0.00585938 0.00683594 0.0224609 0.00195312 0.00195312 0.0078125 0.00195312 0.00195312 
0.015625 0.291992 0.0576172 0.137695 0.0195312 0.0888672 0.0175781 0.400391 0.00683594 0.0341797 
0 0 0.000976562 0.0078125 0 1 0.00292969 0.000976562 0 0.000976562 
0.0136719 0.00683594 0.00292969 0.0332031 0.015625 0.0439453 0.571289 0.015625 0.287109 0.0126953 
0 0 1 0 0 0 0 0 0.000976562 0.000976562 
0 0.00195312 0.00585938 0.0410156 0.0166016 0.00195312 0.00195312 0.00292969 1 0.0185547 
0.00488281 1 0 0 0 0 0 0.00390625 0 0 
0 1 0.000976562 0.00390625 0.0175781 0.00292969 0.0341797 0.00292969 0.00195312 0 
0.00195312 0.0302734 0.00390625 0.444336 0.03125 0.119141 0.0185547 0.00390625 0.304688 0.0527344 
0.00195312 0.0253906 0.666992 0.0742188 0.101562 0.0078125 0.0078125 0.139648 0.03125 0.00195312 
0.0791016 0.0146484 0.00195312 0.0273438 0.101562 0.0126953 0.179688 0.00195312 0.666992 0.0195312 
0.00195312 0.189453 0.00292969 0.000976562 0 0 0 0.799805 0 0.000976562 
0 0.00292969 0.00195312 0.015625 0.00390625 1 0.00292969 0.000976562 0.000976562 0.0263672 
0.015625 0.0107422 0.571289 0.00976562 0.0380859 0.00976562 0.000976562 0.000976562 0.00488281 0.392578 
0.00585938 1 0 0.000976562 0.18457 0 0.00683594 0.00292969 0.000976562 0 
0.00292969 0 0 0.000976562 0 0.163086 1 0 0.00195312 0.00488281 
0 1 0 0 0 0 0 0.0107422 0 0 
0 0.000976562 0.00390625 1 0.00585938 0.0234375 0.00195312 0.000976562 0.00976562 0.00878906 
0 1 0.000976562 0 0 0 0 0.0341797 0 0 
0 0.00585938 0.458008 0.00390625 0.00976562 0 0.000976562 0.666992 0.000976562 0 
0 0.00488281 0.799805 0.333008 0.0078125 0.00390625 0 0.0234375 0.00195312 0.00878906 
0 0.00390625 0.000976562 0.135742 0.00390625 1 0.0117188 0.000976562 0.00390625 0.000976562 
0.00195312 0.0078125 0.0283203 1 0.0820312 0.0117188 0.000976562 0.00488281 0.000976562 0.000976562 
0 1 0 0.00292969 0.000976562 0.000976562 0 0.00683594 0 0 
0.0107422 0.0498047 0.799805 0.0498047 0.0126953 0.0136719 0.00292969 0.078125 0.00292969 0.0136719 
0 0 1 0.00585938 0 0 0 0.00683594 0 0.000976562 
0 0 0 1 0 0.00292969 0.00195312 0 0.000976562 0.000976562 
0.000976562 0.00683594 1 0.0078125 0.00390625 0.000976562 0.00292969 0.0166016 0.0263672 0.0146484 
0 0.00195312 0.000976562 0 0 0 0 1 0 0 
0.0117188 0.0195312 0.260742 0.00878906 0.0166016 0.0449219 0 0.00195312 0.00976562 0.666992 
0.00195312 0.000976562 0.00488281 0.00390625 0.0078125 0.00195312 0.0771484 0 1 0.0146484 
0 0.00195312 0.00195312 1 0.00292969 0.0234375 0.00292969 0.000976562 0.0195312 0.00292969 
0 0.0107422 0.799805 0.115234 0.0615234 0.00195312 0.00292969 0.0732422 0.0078125 0.00488281 
0.00878906 0.00390625 0.000976562 0.00488281 0.00976562 0.0136719 0.0126953 0 0.15332 1 
0 0.000976562 0 0 0 0 0 1 0 0 
0 0 0 0.00488281 0 1 0.000976562 0.000976562 0 0.000976562 
0.00976562 0.0253906 0.144531 0.00390625 0.00195312 0 0.00488281 1 0.00292969 0.00878906 
0.000976562 0.000976562 1 0.00195312 0 0 0 0.000976562 0 0.000976562 
0.000976562 0.00195312 0.00292969 0.666992 0.00195312 0.0273438 0.0136719 0 0.404297 0.0146484 
0 0.000976562 1 0.0078125 0.00195312 0 0 0.00585938 0 0 
0.00390625 0.0283203 0.0322266 1 0.00488281 0.00390625 0 0.015625 0.000976562 0.0107422 
0.00585938 0.0595703 0.0361328 0.00195312 1 0.015625 0.0595703 0.0146484 0.00390625 0.0126953 
0.000976562 0.00878906 0 1 0 0.0234375 0.000976562 0.00683594 0 0.00195312 
0.00292969 0.0576172 0.0839844 0.0175781 0.799805 0.0234375 0.0175781 0 0.0322266 0.100586 
0.5 0.195312 0.00976562 0.0595703 0.00976562 0.015625 0.0244141 0.00390625 0.0810547 0.172852 
0.100586 0.00585938 0.0126953 0.0107422 0.311523 0.015625 0.128906 0 0.400391 0.0322266 
0 0.00195312 1 0.0107422 0.000976562 0 0 0.00488281 0.00195312 0.000976562 
0.571289 0.00390625 0.0458984 0.0527344 0.00292969 0.0927734 0.25293 0.0166016 0.0439453 0.0244141 
0 0 0.000976562 0.00976562 0.00195312 0.00195312 0.00488281 0 1 0.000976562 
0.00488281 0.03125 0.0556641 0.5 0.104492 0.152344 0.0917969 0.000976562 0.00878906 0.152344 
0.000976562 0 0.00390625 0 0 0.000976562 0 0 0.000976562 1 
0 0.00878906 0.0175781 0.000976562 0.000976562 0.000976562 0.000976562 1 0.000976562 0 
0 0.000976562 0.000976562 0 1 0.00292969 0.000976562 0 0 0.000976562 
0 1 0 0.000976562 0.00488281 0 0.00292969 0.00195312 0.000976562 0 
0 0.00878906 0 0 1 0.000976562 0.000976562 0 0 0.000976562 
0 1 0.00195312 0.00195312 0 0 0 0.0410156 0 0 
0.00585938 0.0224609 0.141602 0.125 0.0458984 0.25 0.207031 0.0175781 0.182617 0.0585938 
0.00585938 0.046875 0.00585938 0.00878906 0 0.0078125 0.0078125 1 0 0.00292969 
0.000976562 0.0136719 0.0683594 1 0.0166016 0.0390625 0.0166016 0.000976562 0.0107422 0.015625 
0.799805 0.00683594 0.000976562 0.00585938 0.100586 0.00292969 0.0947266 0.00292969 0.0224609 0.00292969 
0.00195312 0.015625 1 0.0107422 0.00976562 0.0078125 0.00292969 0.0253906 0 0.00195312 
0 1 0 0.00390625 0.00195312 0 0 0.00390625 0 0 
0.00292969 0 0 0.000976562 0.000976562 0 0 0 0 1 
0.0146484 0.799805 0 0 0.000976562 0 0.00390625 0.276367 0 0 
0 0.111328 0.268555 0.286133 0.0556641 0.196289 0.0527344 0.0205078 0.00195312 0.00878906 
0 1 0 0.000976562 0 0 0 0.000976562 0 0 
0.000976562 0 0 0.000976562 0 0.00195312 0.666992 0 0.378906 0.00195312 
0.00195312 1 0.000976562 0 0.00195312 0 0 0.00390625 0 0 
1 0 0 0 0 0 0.00195312 0 0 0.000976562 
0.799805 0.0146484 0 0.00976562 0.0078125 0.000976562 0.228516 0.00195312 0.0341797 0.00292969 
0 0.0126953 0.294922 0.0507812 0.00390625 0 0 0.666992 0.0107422 0.00195312 
0 1 0 0 0.000976562 0 0 0.000976562 0 0 
0 0.00292969 0 0.571289 0.000976562 0.536133 0.0175781 0.00683594 0 0.000976562 
0.000976562 0.000976562 0 0.0078125 0.000976562 0.666992 0.378906 0.000976562 0.00390625 0 
0.000976562 0.00683594 0.00195312 1 0.000976562 0.00878906 0.000976562 0.105469 0 0.00488281 
0 0.00390625 0.00195312 1 0 0.00292969 0 0 0 0.000976562 
1 0.0117188 0 0 0 0 0.00488281 0.000976562 0 0.00292969 
0 0.00195312 1 0.0302734 0.00292969 0 0 0.00585938 0.000976562 0 
0.00292969 0.00195312 0.000976562 0.00195312 0.00292969 0.00878906 1 0.0078125 0.0078125 0 
0.00195312 0.000976562 0.00292969 0.0205078 0.000976562 0.0595703 1 0.00292969 0.0205078 0.00195312 
0.00390625 0.115234 0.115234 0.0205078 0.799805 0.0205078 0.0117188 0.00390625 0.00292969 0.0195312 
0.00195312 0.00390625 0.00195312 0.00292969 0.015625 0.00390625 0 0 0.000976562 1 
0.0537109 0.0947266 0.799805 0.0078125 0.0253906 0.00292969 0.00292969 0.177734 0.00390625 0.00488281 
0 1 0.000976562 0 0 0 0 0.00195312 0 0 
0.0654297 0.0371094 0.799805 0.0322266 0.0136719 0.0107422 0.00390625 0.015625 0.00585938 0.0146484 
0.015625 0.0292969 0.0917969 0.265625 0.125 0.0800781 0.0332031 0.000976562 0.0712891 0.363281 
0 0.00195312 1 0.00390625 0.00195312 0 0 0.000976562 0 0 
0.000976562 1 0.000976562 0.00195312 0.00195312 0 0 0.00390625 0 0 
0.000976562 1 0.00292969 0.0117188 0.00585938 0.000976562 0 0.00683594 0 0.00292969 
0.00390625 0.294922 0.0957031 0.666992 0.0117188 0.00195312 0 0.00390625 0.00195312 0.0126953 
0.000976562 1 0 0 0.00488281 0 0.000976562 0.00585938 0.000976562 0 
0 0.000976562 0 0.0195312 0.00195312 1 0.00390625 0 0.000976562 0.0078125 
0.00976562 0.183594 0.5 0.0869141 0.0234375 0.0166016 0.0205078 0.0869141 0.0722656 0.0722656 
0.00683594 0.0166016 0.00292969 0.00976562 0.00878906 0.5 0.142578 0.000976562 0.000976562 0.414062 
0 0 0.000976562 0.0595703 0 1 0.00585938 0.000976562 0.000976562 0.00292969 
0 0.00292969 0.00585938 0.00976562 0 0 0 1 0 0 
0 1 0 0 0.0078125 0 0 0.000976562 0.000976562 0 
0 1 0 0 0.00292969 0 0 0.000976562 0 0 
0.00488281 1 0.0683594 0.00195312 0.000976562 0 0 0.0927734 0.00683594 0.00292969 
0.000976562 0.00292969 1 0.00195312 0 0 0 0 0.000976562 0.000976562 
0.799805 0.0234375 0.0253906 0.0107422 0.00683594 0.0126953 0.0302734 0.0175781 0.0175781 0.078125 
0.000976562 0 0 0.00292969 0 0.0341797 0.157227 0 0.799805 0.0371094 
0.0117188 0.119141 0.0302734 0.0195312 1 0 0.0078125 0.0498047 0.00683594 0.000976562 
0.00390625 0.0126953 0.00683594 0.000976562 1 0.000976562 0.0195312 0 0.0185547 0 
0 0.00976562 0.00292969 0.000976562 1 0.00195312 0.00488281 0 0.000976562 0.000976562 
0 0.0107422 0.0166016 0.0527344 0.00195312 0.000976562 0.00292969 1 0.000976562 0.00585938 
0.00488281 0.163086 0.0556641 0.0283203 0.571289 0.0332031 0.0205078 0.0078125 0.0927734 0.0595703 
0.0078125 1 0.00585938 0.00488281 0.000976562 0 0.000976562 0.0439453 0 0 
0.000976562 0.0205078 0.0410156 0.00488281 0 0 0 1 0 0 
0 0 0.000976562 1 0 0.000976562 0 0 0.000976562 0 
0 0.000976562 0 0 1 0 0.000976562 0 0 0 
0.0263672 1 0.000976562 0.0126953 0.0683594 0 0.00683594 0.0302734 0.00585938 0.00390625 
0 0.00390625 0.00390625 0.0136719 0.000976562 1 0.0205078 0.000976562 0.00195312 0.0195312 
0 0.000976562 0 0 1 0 0.000976562 0 0 0 
0 0.00195312 0.000976562 0 0 0 0 1 0 0 
0 1 0.000976562 0.000976562 0.000976562 0 0 0.0185547 0.00585938 0.000976562 
0.00488281 1 0.000976562 0 0.0107422 0 0 0.00292969 0.00195312 0 
0.00195312 0.0205078 0.0136719 0.00195312 1 0.00878906 0.0390625 0.000976562 0.00585938 0.00390625 
0 0.000976562 0 0 1 0 0.000976562 0 0 0 
0 0 0 0.0136719 0 1 0.00585938 0 0.000976562 0.000976562 
0 0.000976562 0.00488281 0 0.000976562 0.00195312 0 0 0 1 
0.000976562 1 0 0.00292969 0.000976562 0 0 0.00195312 0.000976562 0.000976562 
0 0 1 0.000976562 0.000976562 0 0 0.000976562 0 0 
0 0.0205078 0.00292969 0.000976562 0.000976562 0 0 1 0 0 
0.000976562 0 0.000976562 0.00195312 0 0 0.0185547 0 1 0.000976562 
0 0.00195312 0.000976562 0 1 0.000976562 0.00195312 0 0 0.000976562 
0 0.00195312 0.0214844 0.441406 0.00195312 0.0244141 0.00878906 0.000976562 0.5 0.0263672 
0 0 0 0.000976562 0 1 0.00195312 0 0 0.000976562 
0.00292969 0.0527344 0.144531 0.00488281 0 0 0 1 0.00976562 0.000976562 
0 0.167969 0.00976562 0.101562 0.0390625 0.666992 0.0478516 0.00195312 0.00195312 0.0234375 
0 0.000976562 0 0 1 0.00195312 0.00292969 0 0.000976562 0.000976562 
0.0839844 0.0107422 0.00488281 0.291992 0.0195312 0.0732422 0.0195312 0 0.188477 0.400391 
0 0.000976562 1 0 0.000976562 0 0 0 0.000976562 0.00292969 
0.000976562 0.799805 0.00292969 0 0 0 0.00390625 0.243164 0 0 
0 0.00488281 0.000976562 0.00292969 0 0 0 1 0 0 
0 0.00195312 0 0.571289 0 0.392578 0.0527344 0 0.000976562 0.000976562 
0 0.000976562 0 0.000976562 0.00390625 0.0322266 1 0 0.00488281 0 
1 0.00195312 0.00292969 0.00195312 0.000976562 0.00195312 0.15332 0.00878906 0.000976562 0.0185547 
0.0234375 0.00292969 1 0.00195312 0.000976562 0 0 0.0283203 0 0.000976562 
0.000976562 1 0 0.00195312 0.0224609 0 0 0.0302734 0 0.00292969 
0.000976562 0.0283203 1 0.00292969 0.0322266 0.00195312 0.000976562 0.0078125 0.00292969 0 
0 0.000976562 0.000976562 0 0 0 0 1 0 0 
0.333008 0.015625 0.0693359 0.0507812 0.00976562 0.0302734 0.275391 0.0390625 0.0576172 0.166992 
0.000976562 0.00292969 1 0.00585938 0.00488281 0 0.000976562 0.0361328 0.00292969 0.00195312 
0 0 0 0.000976562 0.000976562 1 0.00488281 0 0 0.00195312 
0.00195312 1 0 0 0 0 0 0.00390625 0 0 
0.314453 0.00292969 0.00683594 0.00195312 0.0224609 0.00488281 0.666992 0.00195312 0.0449219 0.0742188 
0 0.000976562 0.000976562 0.00488281 0.000976562 1 0.00683594 0.000976562 0 0.000976562 
0.00976562 0.00292969 0.0136719 0.0283203 0.0498047 0.0224609 0.214844 0.00195312 0.799805 0.00195312 
0 0.00390625 0.00195312 1 0.00195312 0.046875 0.000976562 0.000976562 0 0.00195312 
0.000976562 1 0.000976562 0.0078125 0.00195312 0.00292969 0.00292969 0.0126953 0 0.00292969 
0.000976562 0.0361328 0.046875 0.046875 0 0 0 1 0.00292969 0.00292969 
0.0390625 0.00585938 0.015625 0.00292969 0.0302734 0.00585938 0.00585938 0.00195312 0.0136719 1 
0.00390625 0.0419922 0.00292969 0.046875 0.799805 0.00976562 0.0253906 0.000976562 0.0146484 0.189453 
0 0.000976562 0 0 0.00488281 0.0146484 1 0 0.00292969 0 
0.115234 0.0195312 0.0175781 0.00585938 0.0126953 0.0419922 0.799805 0.0185547 0.00488281 0.00878906 
0 1 0.00292969 0.00585938 0.0253906 0.000976562 0.00390625 0.0175781 0.00292969 0.000976562 
0.00195312 0.0166016 0.00195312 0.5 0.00488281 0.0527344 0.322266 0.000976562 0.0917969 0.00878906 
0.000976562 0.00195312 1 0.00195312 0 0 0 0.0136719 0 0 
0.000976562 0.0458984 0.444336 0.304688 0.0810547 0.000976562 0 0.15332 0.000976562 0.000976562 
0 0 0 0.00292969 0 1 0.000976562 0 0 0.00195312 
0 0 0.000976562 1 0.000976562 0.00195312 0.000976562 0 0.000976562 0 
0 0 0.000976562 1 0 0.000976562 0 0 0.00195312 0 
0 0 0 0 0 0.00195312 1 0 0.000976562 0 
0 0.000976562 0 0.473633 0.000976562 0.571289 0.0146484 0.000976562 0 0 
0 0.0146484 0.0166016 0.571289 0.0927734 0.0673828 0.000976562 0.00585938 0.0771484 0.173828 
0.000976562 0.0107422 0.0078125 0 1 0.00195312 0.00683594 0.000976562 0 0.000976562 
0.00585938 0.00195312 0.000976562 0.0205078 0.000976562 0.0322266 1 0.000976562 0.0126953 0.00292969 
0 0.356445 0.000976562 0.00390625 0.000976562 0 0 0.666992 0.00195312 0 
1 0.000976562 0 0 0 0 0.000976562 0 0 0 
0.0185547 0.00195312 0.0117188 0.00390625 0.00488281 0.00292969 0.0234375 0 0.0869141 1 
0 0.000976562 0 0.00390625 0 1 0.00195312 0 0 0.000976562 
0 1 0 0 0.00195312 0 0 0.000976562 0 0 
0.00683594 1 0 0 0 0 0 0.0126953 0 0.000976562 
0.00195312 0.000976562 1 0.00195312 0 0 0 0.0302734 0 0 
0 1 0.00195312 0.00195312 0.00195312 0 0 0.000976562 0 0.00195312 
0 1 0 0.000976562 0.0117188 0 0 0.00195312 0 0 
0 0.00390625 0.0205078 1 0.00878906 0.00292969 0.000976562 0.00195312 0.000976562 0 
0 0.00390625 0.00292969 0.00488281 0 0 0 1 0 0 
0.000976562 0.000976562 0.00195312 0 1 0 0.00195312 0 0 0 
0.00488281 0.799805 0.00292969 0 0.202148 0.000976562 0.0253906 0.0126953 0.00292969 0.00585938 
0.000976562 0.0107422 0.00292969 0.00292969 1 0.00292969 0.00292969 0 0.00195312 0.00390625 
0 0.0185547 0 0.666992 0.00195312 0.404297 0.00390625 0.0078125 0.000976562 0 
0 1 0 0.000976562 0.00390625 0 0 0.00683594 0 0 
0 0.000976562 0 0 1 0 0 0 0 0 
0 0.00195312 0.00195312 0 0 0 0 1 0 0 
0 0.000976562 0 1 0.000976562 0 0 0 0 0 
1 0.000976562 0 0 0.000976562 0 0.00292969 0 0.000976562 0 
0.000976562 1 0.000976562 0 0 0 0 0.000976562 0 0 
0.000976562 1 0.000976562 0 0.000976562 0 0.000976562 0.000976562 0 0 
0 0.00585938 0.00292969 0.00390625 0.0117188 1 0.00585938 0.00488281 0 0.00195312 
0 0 0 0.000976562 0 0.000976562 0.00390625 0 1 0.000976562 
0 0 0 0.00292969 0 1 0.105469 0 0 0.00488281 
0 0.00195312 0.0107422 0.0322266 0.000976562 0.00390625 0.00488281 0 1 0.000976562 
0.000976562 0.0595703 0.00390625 0.0146484 0.00195312 1 0.00488281 0.0107422 0 0.0126953 
0.0498047 0.237305 0.0634766 0.0166016 0.0673828 0.0214844 0.15332 0.444336 0.0107422 0.0185547 
0.00292969 0.00195312 0.0576172 0.00390625 0.00292969 0.0195312 0.00292969 0 0.276367 0.799805 
0 1 0 0.00488281 0.00683594 0 0 0.00292969 0 0.000976562 
0.000976562 0.00292969 1 0.0146484 0.00292969 0 0 0.0722656 0.000976562 0.00195312 
0 0.0224609 0.0253906 0.0126953 0.799805 0.0732422 0.0175781 0.00195312 0.0078125 0.0732422 
0.0498047 0.00585938 0.00292969 0.00488281 0.0195312 0.0078125 0.799805 0.00195312 0.228516 0.0371094 
0.0390625 0.0742188 0.0136719 0.0390625 0.0224609 0.0253906 0.666992 0.00292969 0.230469 0.0332031 
0.000976562 0.00195312 0.0136719 0.00488281 0.00390625 0.0302734 0.000976562 0.000976562 0.00195312 1 
0.0205078 0.00195312 0.00195312 0.0078125 0.00585938 0.0576172 0.0693359 0 0.0302734 0.799805 
0.0771484 0 0.0078125 0.0361328 0 0.0810547 0.324219 0 0.444336 0.0673828 
0 1 0 0.000976562 0.000976562 0 0 0.000976562 0 0 
0.00292969 1 0.000976562 0.000976562 0 0 0 0.0595703 0 0 
0.000976562 0.000976562 1 0 0 0 0 0 0 0.00195312 
0.00390625 0.123047 0.00195312 0.0224609 0.666992 0.00683594 0.00195312 0.00195312 0.00195312 0.179688 
0.0615234 0.0185547 0.00683594 0.0078125 0.12207 0.00976562 0.799805 0.00878906 0.0390625 0.00683594 
0 0 1 0 0 0 0 0.000976562 0 0 
0 0.00195312 0 0 1 0.00195312 0.000976562 0 0 0.000976562 
0 0.00195312 0 0 1 0.00292969 0.00195312 0 0 0.000976562 
0.000976562 0.00585938 0 0 1 0 0.000976562 0.000976562 0 0.000976562 
0.00585938 0.00292969 0.00292969 0.0175781 0.0185547 0.00292969 0 0 0.00878906 1 
0.000976562 1 0 0 0.000976562 0 0 0.000976562 0 0 
0 0.15332 0.00195312 1 0.0224609 0.0234375 0.00195312 0.00195312 0.000976562 0.0185547 
1 0.000976562 0 0 0.000976562 0 0.00390625 0.000976562 0 0.00390625 
0.00390625 0.00585938 0.0546875 0.0273438 0.0576172 0.0166016 0.260742 0.0107422 0.666992 0.0478516 
0.0166016 0.196289 0.268555 0.286133 0.0634766 0.0488281 0.00976562 0.00878906 0.0146484 0.0986328 
0 1 0 0 0.00195312 0 0 0.00195312 0 0 
0.00292969 0.0439453 1 0.00292969 0.0175781 0.00195312 0.000976562 0.00488281 0.00488281 0.000976562 
0 1 0 0 0 0 0 0.0439453 0 0 
0 0 0.00976562 1 0.00292969 0.000976562 0.000976562 0.000976562 0.000976562 0 
0 0.000976562 0.000976562 0 1 0 0.000976562 0 0.000976562 0 
0.325195 0.0527344 0.0361328 0.00292969 0.00585938 0.00195312 0.00585938 0.00488281 0.00585938 0.571289 
0 0.000976562 1 0.00195312 0.000976562 0 0 0.0107422 0 0 
0 1 0 0.000976562 0.000976562 0 0 0.00292969 0 0 
0 0.000976562 0 1 0.000976562 0.00195312 0 0 0.000976562 0 
0.0839844 0.0449219 0.00878906 0.0107422 0.12207 0.000976562 0.108398 0.00195312 0.799805 0.00292969 
0 0.00195312 0 0.00195312 0.00488281 0.0136719 1 0 0.00878906 0 
0.0195312 0.00390625 0.000976562 0.00195312 0.0234375 0.0146484 1 0.00195312 0.0175781 0.00292969 
0.000976562 1 0.015625 0.0341797 0.00292969 0.0361328 0.00390625 0.000976562 0.000976562 0.00390625 
0.000976562 0.00195312 0.000976562 0 1 0.000976562 0.00683594 0 0.00292969 0.000976562 
0.00683594 0.00195312 0.00195312 0.0283203 0.00292969 0.0205078 1 0.00878906 0.0322266 0.00195312 
0 0.00390625 0.00292969 0.799805 0.00585938 0.0322266 0.00195312 0.00390625 0.0576172 0.129883 
0 0 0 0.00390625 0 1 0.00585938 0 0 0.000976562 
0 0.00292969 0.000976562 0.0527344 0.00292969 1 0.0078125 0.000976562 0.000976562 0.00292969 
0 1 0 0.00292969 0 0 0 0.00195312 0 0 
0 0 0 0.00292969 0.000976562 0.799805 0.276367 0 0 0.00195312 
0.00390625 1 0 0.000976562 0.00195312 0.00195312 0.0341797 0.0185547 0 0.000976562 
0.0791016 0.0507812 0.00683594 0.0292969 0.0253906 0.0126953 0.666992 0.0332031 0.245117 0.0117188 
0 0.0107422 0.0107422 1 0.0634766 0.0126953 0.00390625 0.000976562 0.00292969 0.0107422 
0.0234375 0 0.000976562 0 0 0 0 0 0.000976562 1 
0.0078125 0.400391 0.311523 0.0507812 0.078125 0.0419922 0.00585938 0.0283203 0.0205078 0.0644531 
0 0.00292969 0.799805 0.00292969 0.00195312 0 0 0.189453 0 0 
0.000976562 0.00390625 0.000976562 0.0263672 0.00292969 0.00585938 0.0195312 0 1 0.00488281 
0.00683594 0.0527344 0.186523 0.12793 0.307617 0.154297 0.154297 0.0117188 0.0146484 0.0205078 
0.00585938 0.00195312 0.0498047 0.00195312 0.00195312 0.00390625 0 0 0.00292969 1 
0.0126953 0.0410156 0.18457 0.0410156 0.143555 0.0263672 0.00390625 0.00390625 0.0722656 0.571289 
0.000976562 0.00195312 0.00195312 0 1 0.000976562 0.00292969 0 0.000976562 0.000976562 
0.00390625 0.00976562 0.429688 0.00683594 0.00292969 0 0.000976562 0.666992 0.000976562 0 
0 0.0253906 0.276367 0.00878906 0.799805 0.0078125 0.00390625 0.00195312 0.000976562 0.00195312 
0.000976562 0.441406 0.00585938 0.0986328 0.5 0.03125 0.00683594 0.0126953 0 0.0078125 
0 0 1 0.000976562 0.000976562 0 0 0.00292969 0 0 
0.00488281 0.100586 0.078125 0.00878906 0.00683594 0.00292969 0.046875 0.00390625 0.799805 0.0224609 
0 1 0.000976562 0.00878906 0.00195312 0.00390625 0.000976562 0.00976562 0 0.00195312 
0 0 0 0.0107422 0 1 0.00292969 0 0 0.00195312 
0.000976562 0.00292969 0.00488281 0.0322266 0.00390625 1 0.0361328 0.000976562 0.0322266 0.00488281 
0 0.015625 0.00488281 0.000976562 1 0.0107422 0.00390625 0.000976562 0 0.000976562 
0.00195312 1 0.000976562 0.00195312 0.00292969 0 0 0.00292969 0 0 
0.00488281 1 0 0 0.00195312 0 0 0.00292969 0 0 
0.000976562 0.00488281 1 0.00292969 0.00878906 0.000976562 0.000976562 0.209961 0 0.00195312 
0.0117188 0.0898438 0.179688 0.015625 0.00292969 0.00585938 0.00195312 0.666992 0.0078125 0.0195312 
0 0.00292969 0 0 1 0.00390625 0.00488281 0 0 0.000976562 
0.000976562 0 0 0.000976562 0 0.00878906 1 0 0.00585938 0 
0.00292969 0.799805 0.0234375 0.0205078 0.189453 0.0146484 0 0.00585938 0 0.0117188 
0.00195312 0.00292969 0.0107422 0.441406 0.00195312 0.0458984 0.000976562 0.000976562 0.0146484 0.5 
0 1 0 0 0 0 0 0.000976562 0 0 
0.0078125 0.00195312 0.0205078 0.00292969 0.00488281 0.0107422 0.000976562 0.00488281 0 1 
0.000976562 0.000976562 0 0.000976562 0.000976562 0.00195312 0 0 0.000976562 1 
0 0.000976562 0 0.00585938 0 1 0.00488281 0 0 0.000976562 
0.00195312 0.15332 1 0.00585938 0.000976562 0.000976562 0.000976562 0.015625 0.00195312 0.00195312 
0.00292969 0.000976562 0.000976562 0.00195312 0.00488281 0.0078125 1 0.00292969 0.0136719 0.00195312 
0 1 0 0.000976562 0 0 0 0.00585938 0 0 
0.00292969 0 0.000976562 0 0 0.000976562 0 0 0 1 
0.0869141 0.00585938 0.000976562 0.00683594 0.00488281 0.00195312 1 0.000976562 0.0986328 0.000976562 
0.00390625 0.0205078 0.0117188 0.0927734 0.307617 0.0683594 0.239258 0.000976562 0.0820312 0.224609 
0 0 0.000976562 1 0 0.00878906 0 0 0.00878906 0.000976562 
0 0.00488281 0.000976562 0 0 0 0 1 0 0 
0.799805 0.214844 0.000976562 0 0.00390625 0 0.00292969 0.00390625 0.0253906 0 
0 0 0 1 0 0.00292969 0 0.000976562 0.000976562 0 
0.00585938 1 0.000976562 0.0146484 0.000976562 0.000976562 0 0.112305 0 0.00292969 
0 1 0 0 0 0 0 0.000976562 0 0 
0 0.000976562 0.000976562 0.00390625 0.00195312 1 0.00585938 0 0.00195312 0.00585938 
0.000976562 0.00195312 1 0.00488281 0.000976562 0 0 0.0107422 0 0 
0 0.015625 0.197266 0.00390625 1 0.00585938 0.00292969 0.00390625 0.00488281 0.000976562 
0.0117188 0.314453 0.0576172 0.00390625 0.00195312 0.00292969 0.0107422 0.666992 0.00683594 0.0351562 
0.00292969 0.0400391 0.0761719 0.363281 0.0556641 0.141602 0.249023 0.0517578 0.03125 0.00292969 
0.000976562 0.00878906 0.0166016 0.571289 0.269531 0.0166016 0.163086 0.0175781 0.0361328 0.0224609 
0.00195312 0.0361328 0.00488281 0.00195312 1 0.0185547 0.0302734 0.00195312 0.00195312 0.00390625 
0.000976562 0.571289 0.00488281 0.368164 0.0107422 0.0322266 0.000976562 0.00390625 0.00488281 0.00976562 
0.183594 0.0341797 0.0126953 0.00683594 0.195312 0.00878906 0.5 0.0244141 0.111328 0.0205078 
0 0.00292969 0.00195312 0.799805 0.00292969 0.333008 0.00683594 0 0.0146484 0.0078125 
0 0.00292969 1 0.00292969 0.00292969 0 0 0.00585938 0 0 
0 0.00292969 0.000976562 0 0 0 0 1 0 0 
0.00195312 0.000976562 0.00585938 0.19043 0.00683594 0.123047 0.666992 0 0.0273438 0.0253906 
0.00683594 0.00390625 0.799805 0.00292969 0 0 0 0.00292969 0.046875 0.202148 
0.000976562 0.5 0.00390625 0.388672 0.03125 0.015625 0.00195312 0.015625 0.0214844 0.0292969 
0.0107422 0.00878906 0.00488281 0.0234375 0.0126953 0.0595703 0.00195312 0.00292969 0.00195312 1 
0.0078125 1 0 0 0.00292969 0 0.000976562 0.00195312 0 0.000976562 
0.00195312 0.0283203 0.00390625 0.00292969 1 0.000976562 0.00488281 0.00195312 0.00292969 0.000976562 
0 0 0 0.00195312 0 1 0.0078125 0 0 0.000976562 
0.00292969 1 0.00292969 0 0.0341797 0 0.00195312 0.0263672 0 0 
0 1 0 0 0.000976562 0 0 0.000976562 0 0 
0.00292969 1 0 0 0.000976562 0 0 0.000976562 0 0 
0.00488281 0.258789 0.799805 0.0419922 0.00683594 0 0 0.046875 0.0078125 0.00195312 
0.00878906 0 0.000976562 0 0.000976562 0 0 0 0 1 
0 0.000976562 0 1 0 0.00878906 0.000976562 0 0.00195312 0.000976562 
0.000976562 1 0.000976562 0.0078125 0.00390625 0.000976562 0 0.000976562 0 0.00195312 
1 0.00195312 0.000976562 0 0 0 0.000976562 0.000976562 0 0.00292969 
0.799805 0.00195312 0.00292969 0 0.000976562 0 0.0947266 0 0.00878906 0.147461 
0.000976562 0.0224609 1 0.00195312 0.0117188 0 0.000976562 0.0869141 0.000976562 0.000976562 
0 0.00488281 0.000976562 1 0.00488281 0.015625 0.0107422 0.000976562 0.126953 0.000976562 
1 0.00195312 0 0 0 0 0.0253906 0 0.000976562 0.000976562 
0.143555 0.015625 0.0205078 0.00976562 0.0380859 0.00683594 0.444336 0.0263672 0.304688 0.00683594 
0 0.000976562 0 0 1 0 0 0 0 0 
0.00292969 0.00292969 1 0.000976562 0.000976562 0 0 0.00976562 0 0 
0.0390625 0.00585938 1 0.0234375 0.0302734 0.0078125 0.0107422 0.000976562 0.00976562 0.0107422 
0.00195312 0.0888672 0.799805 0.0615234 0.00488281 0.000976562 0 0.129883 0 0.000976562 
0 1 0 0 0.0078125 0 0.000976562 0.0195312 0 0 
0.125977 0.142578 0.0292969 0.0283203 0.015625 0.0126953 0.0986328 0.5 0.0205078 0.0292969 
0 0 1 0 0 0 0 0.000976562 0 0 
0.0166016 0.0078125 1 0.0234375 0.0527344 0.00195312 0.00195312 0.0146484 0.000976562 0.00292969 
0.000976562 0.0322266 0.0820312 1 0.0322266 0.0341797 0.00390625 0.000976562 0.00292969 0.0078125 
0.00195312 0.00292969 0.799805 0.000976562 0.00683594 0.00878906 0.000976562 0.000976562 0.00390625 0.3125 
0.000976562 1 0 0 0 0 0 0.000976562 0 0 
0 1 0 0 0.00292969 0 0 0.0195312 0 0 
0 0.0117188 0.000976562 1 0.00585938 0.000976562 0 0.00195312 0.00195312 0.000976562 
1 0.0263672 0.00292969 0.0263672 0.00390625 0.000976562 0.00585938 0.0322266 0.000976562 0.00488281 
0 1 0 0.00195312 0.000976562 0 0 0.00683594 0 0 
0.00390625 0.0224609 0.000976562 0 1 0.000976562 0.0107422 0.000976562 0.00292969 0.000976562 
0 0.00195312 0 1 0 0.0439453 0 0.000976562 0 0.0107422 
0 0.125977 0.388672 0.5 0.00976562 0.00683594 0.000976562 0.00195312 0.00292969 0.0126953 
0 0 0 0.00195312 0.000976562 0.00585938 0.0224609 0 1 0.00390625 
0 0 1 0 0 0 0 0.000976562 0 0.00195312 
0.00195312 0.00488281 1 0.0166016 0.144531 0 0.00195312 0.000976562 0.000976562 0 
0.00390625 0.000976562 0.144531 0.00195312 0.000976562 0.00878906 0.000976562 0.000976562 0.00488281 1 
0 0 0 0.00195312 0 0.000976562 0.015625 0 1 0.000976562 
0 1 0 0 0 0 0 0.00292969 0 0 
0.000976562 0.307617 0.00683594 0.288086 0.0771484 0.046875 0.0117188 0.0146484 0.210938 0.0605469 
0.0673828 0.0117188 0.0986328 0.015625 0.134766 0.0117188 0.268555 0.0117188 0.444336 0.03125 
0 0 0 0 0 0 1 0 0 0 
0.0410156 0.0761719 0.00292969 0.0361328 0.5 0 0.000976562 0.000976562 0.00488281 0.441406 
0.0205078 1 0 0.00292969 0.00195312 0 0.00390625 0.0566406 0 0.000976562 
0.00195312 0.0263672 0.0771484 0.0205078 0.00292969 0.0263672 0.000976562 0.00292969 0.0078125 1 
0.000976562 0.5 0.000976562 0.441406 0.0166016 0.0488281 0.00878906 0.00292969 0.000976562 0.0175781 
0 0.000976562 0 1 0 0.00488281 0.000976562 0 0.0078125 0 
0.015625 0.15332 0.00292969 0.00390625 0.0302734 0 0.00488281 1 0.000976562 0.000976562 
1 0.00292969 0 0.00195312 0.000976562 0.00292969 0.0126953 0 0.00195312 0.0234375 
0.00292969 0.0810547 0.0986328 0.444336 0.0556641 0.222656 0.0078125 0.0556641 0.0556641 0.0673828 
0 0.000976562 0 0.00390625 0.000976562 0.0117188 0.0322266 0 1 0.00292969 
0 0.0185547 0 0.000976562 0 0 0 1 0 0 
0 0.0136719 0.00683594 0.799805 0.0107422 0.0136719 0.00683594 0.276367 0.00390625 0 
0.00390625 0.0458984 0.0195312 0.5 0.00878906 0.00585938 0 0.0917969 0.00195312 0.365234 
0 1 0 0.000976562 0.00195312 0 0 0.0166016 0 0 
0.000976562 0.00195312 0.00878906 1 0.00488281 0.0986328 0.0117188 0 0.0410156 0.00488281 
0.000976562 0 0.000976562 0.00195312 0 0.000976562 0.144531 0 1 0.000976562 
0 0.000976562 0.000976562 0.0107422 0.00292969 1 0.0390625 0 0.000976562 0.000976562 
0 1 0.000976562 0.000976562 0.000976562 0 0 0.000976562 0 0 
0.320312 0.363281 0.117188 0.000976562 0.132812 0.000976562 0.0429688 0.0273438 0.0107422 0.0205078 
0.0234375 0.250977 0.00488281 0.00390625 0.0458984 0.0078125 0.104492 0.00292969 0.5 0.111328 
0.265625 0.265625 0.00390625 0.00195312 0.0712891 0.000976562 0.0166016 0.363281 0.0185547 0.0400391 
0 0 0 1 0 0.00292969 0 0 0.000976562 0 
0.00195312 0.0390625 0.00195312 0.000976562 0.000976562 0 0.000976562 1 0 0 
0 0.00585938 0 0.00976562 0.0078125 1 0.0146484 0.000976562 0 0.00488281 
0.0263672 0.00292969 0.00683594 0.0224609 0.00292969 0 0.0126953 0.00683594 0.799805 0.228516 
0 0.0986328 0.00292969 0.0322266 1 0.00390625 0.0107422 0.00390625 0.00195312 0.00292969 
0 0.0126953 0.00292969 0.00195312 0 0 0 1 0 0 
0.0556641 0.286133 0.00878906 0.0673828 0.251953 0.0595703 0.0986328 0.0273438 0.0410156 0.104492 
0.00292969 0.0488281 0.00488281 0.0722656 0.286133 0.119141 0.134766 0.0380859 0.268555 0.0292969 
0 1 0.000976562 0.000976562 0 0 0 0.0107422 0 0 
0 0.00195312 0.00683594 0 0 0 0 1 0 0 
0.000976562 0.0107422 0 1 0.000976562 0.00683594 0 0.0595703 0 0.000976562 
0 0 0 0 0 0.00292969 1 0 0.000976562 0 
0.000976562 0.197266 0.0205078 0.134766 0.571289 0.0927734 0.0214844 0.00585938 0.00683594 0.0488281 
0.0263672 1 0.00488281 0.00878906 0.00390625 0 0.000976562 0.0195312 0.00195312 0.00292969 
0.00195312 0.0449219 0.0322266 0.0146484 0.00292969 0.799805 0.0146484 0.0078125 0 0.129883 
0 0.0117188 0.666992 0.0332031 0.0175781 0.00390625 0.00390625 0.0117188 0.21582 0.0449219 
0.000976562 1 0 0 0.000976562 0 0 0.00585938 0 0 
0 0 0 0.00390625 0 1 0.00195312 0 0 0 
0 0.0341797 0.00195312 0.000976562 0 0 0 1 0 0 
0.00292969 0.00292969 0 0.0146484 0.000976562 1 0.0986328 0.000976562 0.000976562 0.00878906 
0 0.000976562 0 0.00585938 0.000976562 1 0.00585938 0 0 0.00195312 
0.000976562 0 0 0 0.000976562 0.000976562 1 0 0.000976562 0 
0.0263672 0.0253906 0 0.000976562 1 0.000976562 0.0253906 0.00292969 0.00585938 0.015625 
0 0.0537109 0.0175781 0.177734 0.799805 0.00292969 0.00292969 0.046875 0.00195312 0 
0.00195312 0.00292969 0.00878906 0.00585938 0.0126953 0.0078125 0.571289 0.00390625 0.503906 0.00585938 
0.000976562 1 0.000976562 0.00390625 0.112305 0.00195312 0.0224609 0.0224609 0.00585938 0.000976562 
0 0 0 1 0 0 0 0 0.00195312 0 
0 0 0 0.00390625 0.000976562 0 0.0117188 0 1 0 
0.00390625 0.0263672 0.0498047 0.115234 0.799805 0.0888672 0.00683594 0.00195312 0.00292969 0.0117188 
0.000976562 0.144531 0.00390625 0.0361328 0.000976562 0.000976562 0.000976562 1 0 0.000976562 
0 0.000976562 0.00292969 0.0185547 0.0341797 1 0.015625 0 0.0195312 0.0126953 
0 0.197266 0.000976562 0.000976562 0 0 0 1 0 0 
0 0.00488281 1 0.000976562 0.00488281 0.00195312 0 0 0.00488281 0.015625 
0 0 1 0 0 0 0 0.000976562 0 0 
0.0175781 0.0332031 0.00292969 0.0078125 0.666992 0.0107422 0.00878906 0 0.0478516 0.356445 
0 0.0449219 0.0478516 0.19043 0.666992 0.0078125 0.0195312 0.0292969 0.00195312 0 
0 1 0 0 0 0 0 0.000976562 0 0 
0 0 0 0 0 0.000976562 1 0 0.00195312 0 
0 1 0 0 0 0 0 0.00976562 0 0 
0 0 1 0.000976562 0.000976562 0 0 0.000976562 0 0 
0 0 0 0.00292969 0 1 0.00390625 0.000976562 0 0.000976562 
0 0.00878906 1 0.0078125 0.0078125 0 0.00390625 0.209961 0.000976562 0 
0 0.000976562 1 0.000976562 0 0 0 0.00292969 0 0 
0 0.00195312 0.000976562 0.000976562 1 0.00292969 0.00292969 0 0.000976562 0.00292969 
0.000976562 0 0 0 0 0.00390625 1 0 0 0 
0.000976562 0.799805 0.00683594 0.00976562 0 0 0 0.258789 0 0 
0.00292969 1 0 0 0.00390625 0 0.000976562 0.00390625 0 0 
1 0.000976562 0.00390625 0 0 0 0.00195312 0 0.00292969 0.00390625 
0 0 0 0.000976562 0.000976562 0.015625 1 0.00195312 0.00292969 0 
0 0.00195312 1 0.00976562 0.00195312 0 0 0.00390625 0.000976562 0 
0 0 0 0 0 0.00585938 1 0 0.000976562 0 
0 0.000976562 0.000976562 1 0.00195312 0.0078125 0 0 0.00683594 0.00195312 
0.000976562 0.119141 0.0146484 0.391602 0.0078125 0.00976562 0 0.444336 0.0117188 0.0263672 
0.00585938 0.0566406 0.00488281 0.00585938 1 0.0136719 0.0634766 0.00390625 0.0136719 0.00488281 
0 1 0.00292969 0.00292969 0.000976562 0 0 0.0146484 0 0.000976562 
0.00585938 0.142578 0.0166016 0.03125 0.162109 0.00195312 0.0810547 0.5 0.0761719 0.00292969 
0.000976562 0.00292969 0.0126953 0.000976562 0 0 0 1 0 0 
0.00195312 0.00390625 1 0.00390625 0.00195312 0 0.000976562 0.000976562 0.000976562 0.000976562 
0.0107422 0.0078125 1 0.00585938 0.000976562 0.000976562 0.000976562 0.173828 0 0.000976562 
0 0.0195312 0.000976562 0.0107422 1 0.000976562 0.000976562 0.00195312 0.000976562 0 
0.000976562 0.00292969 1 0.00195312 0.000976562 0 0 0.00195312 0.000976562 0.00195312 
0 0.000976562 0.000976562 0.0634766 0.00195312 1 0.173828 0 0.00488281 0.00292969 
0.00195312 0 0.00390625 0 0.000976562 0.000976562 0 0 0.00292969 1 
0 0.00195312 0 0 0 0 0 1 0 0 
0 1 0 0.000976562 0.000976562 0 0 0.00292969 0 0 
0 0.046875 0.00195312 0.000976562 0 0 0 1 0 0 
0 0.0449219 0.000976562 0.0419922 0.167969 0.666992 0.0351562 0.00976562 0.0185547 0.0195312 
0 0 1 0 0 0 0 0.00195312 0 0 
0 0 1 0.00488281 0 0 0 0.00292969 0 0 
0.799805 0.015625 0.00976562 0.0078125 0 0.0195312 0.0947266 0.0195312 0.00585938 0.0263672 
0.00195312 0.00878906 1 0.00292969 0.00585938 0.000976562 0.000976562 0.00195312 0.0302734 0.0527344 
0.00292969 1 0.209961 0.0107422 0.00390625 0 0 0.0185547 0.00195312 0.000976562 
0.015625 0.00195312 0.0449219 0.0644531 0.0117188 0.291992 0.0644531 0.00390625 0.188477 0.400391 
0.00292969 0.000976562 1 0.00195312 0 0 0 0.0263672 0 0 
0 0.00390625 0.00585938 0.00195312 1 0.0224609 0.00976562 0 0.00195312 0.000976562 
0 1 0 0.000976562 0 0 0 0.000976562 0 0 
0 0.0371094 0.00585938 0.799805 0.00292969 0.0175781 0 0.000976562 0.00195312 0.189453 
0.000976562 1 0.0820312 0.00195312 0.119141 0.000976562 0.00292969 0.0302734 0.000976562 0 
0 0.000976562 1 0.0166016 0.000976562 0 0 0.0136719 0.00195312 0.000976562 
0 0 0 0.00390625 0 1 0.00390625 0 0 0.0107422 
0 0 0 0.00488281 0 1 0.00195312 0 0 0.00292969 
0 0.00195312 0 1 0 0.00390625 0.000976562 0.00292969 0 0 
0.00195312 0.0126953 0.666992 0.015625 0.00390625 0.00195312 0.00195312 0.429688 0 0.00390625 
0.000976562 0.00976562 0.0683594 1 0.0107422 0.015625 0.000976562 0.0302734 0.00878906 0.00488281 
0 1 0.000976562 0.000976562 0.00292969 0.00195312 0.000976562 0.0439453 0 0.000976562 
0 0 0 0.00292969 0 0.000976562 0.00488281 0 1 0.00195312 
0 0 0 0 0 0.000976562 1 0 0.000976562 0 
0.0136719 0.00878906 0.267578 0.0380859 0.0283203 0.00878906 0.111328 0.00390625 0.5 0.111328 
0 1 0 0.00488281 0.00878906 0.00488281 0.000976562 0.0322266 0 0.000976562 
0.00488281 0.00585938 0.00195312 0.134766 0.00585938 0.0332031 0.0673828 0 0.571289 0.209961 
0.000976562 1 0.000976562 0.00390625 0.00878906 0.00195312 0.000976562 0 0.000976562 0 
0 0 1 0.000976562 0.000976562 0 0 0.00195312 0 0 
0 0.000976562 1 0.000976562 0.000976562 0 0 0 0.00683594 0.000976562 
0 0.000976562 1 0 0 0 0 0 0 0.00195312 
0.00195312 0 0 0.000976562 0 0.0107422 1 0 0.00195312 0 
0.126953 0.0380859 0.571289 0.0361328 0.0283203 0.0283203 0.0126953 0.0595703 0.015625 0.126953 
0.00292969 1 0.000976562 0.00292969 0.0595703 0.00585938 0.0498047 0.0634766 0.00292969 0.000976562 
0 1 0 0 0 0 0 0.000976562 0 0 
0.000976562 0.000976562 1 0.00195312 0 0 0 0.0136719 0 0 
0.000976562 1 0.000976562 0 0.0566406 0 0.000976562 0.00488281 0.00488281 0.000976562 
0 0 1 0.00488281 0 0 0 0.00390625 0.000976562 0 
0.0361328 0.00683594 0.0117188 0.0410156 0.0341797 0.0410156 0.444336 0.00390625 0.391602 0.0224609 
0 0.00195312 0.00585938 0.000976562 0 0 0 1 0 0 
0.00292969 0.0791016 0.0957031 0.666992 0.0371094 0.0478516 0.0136719 0.179688 0.00390625 0.0273438 
0.00292969 0.196289 0.324219 0.444336 0.104492 0.00683594 0 0.00683594 0.000976562 0.00292969 
0.0126953 0.0126953 0.0722656 0.00878906 0.345703 0.0263672 0.00195312 0 0.00976562 0.571289 
0.000976562 0.0263672 0.00195312 0.00292969 1 0.00683594 0.00195312 0.000976562 0.000976562 0.00683594 
0 0.00488281 0.00195312 1 0.00195312 0.209961 0.0117188 0.000976562 0.00195312 0.00292969 
0.0136719 0.0332031 0.0185547 0.123047 0.03125 0.00585938 0.0654297 0.0478516 0.666992 0.0136719 
0.00878906 0.198242 0.154297 0.307617 0.0527344 0.174805 0.0878906 0.0244141 0.0117188 0.0498047 
0.0224609 0.00292969 0.00292969 0.00488281 0.00488281 0.0136719 0.00195312 0 0.00878906 1 
0.000976562 1 0.00292969 0.0166016 0.000976562 0 0.000976562 0.0234375 0 0.000976562 
0.00195312 0.00585938 0.000976562 0 1 0.00390625 0.0390625 0 0.000976562 0.000976562 
0 0 0.000976562 0.000976562 0 0.00195312 0.0253906 0 1 0.000976562 
0 0.00292969 0.000976562 1 0.00683594 0.0986328 0.00683594 0 0.0126953 0.00390625 
0.00195312 0.0146484 0.0371094 0.015625 0.666992 0.277344 0.115234 0.00390625 0.0107422 0.00488281 
0.000976562 0 0.000976562 0.00195312 0.00292969 0.0361328 1 0.000976562 0.00195312 0 
0 0 0 0 1 0.000976562 0.00195312 0 0 0 
0.000976562 0.799805 0.00488281 0.0107422 0.00195312 0 0 0.243164 0 0 
0.046875 0.100586 0.0615234 0.0390625 0.0693359 0.00195312 0.00292969 0.799805 0.00292969 0.000976562 
0.00488281 0.0214844 0.00878906 0.170898 0.00292969 0.110352 0.363281 0.000976562 0.300781 0.0214844 
0 0 0 1 0 0.000976562 0 0 0 0 
0.161133 0.0429688 0.133789 0.0136719 0.220703 0.00390625 0.0859375 0.25 0.0917969 0.0107422 
0.00390625 0.0136719 0.444336 0.209961 0.304688 0.0361328 0.0117188 0.0146484 0.0458984 0.00195312 
0.00195312 1 0.0078125 0.00488281 0.00292969 0.00292969 0.00292969 0.00390625 0.000976562 0.00292969 
0.00195312 0.000976562 0.00390625 0.00488281 0 0.0322266 0 0 0 1 
0.000976562 0.314453 0.00390625 0.0166016 0.666992 0.0195312 0.00195312 0.00585938 0.000976562 0.00976562 
0 0 1 0 0 0 0 0 0 0 
0.00585938 0.441406 0.0244141 0.00683594 0.0136719 0.00878906 0.0214844 0.5 0.00292969 0.00390625 
0 0.00195312 0 0 1 0 0 0 0 0 
0.000976562 1 0 0 0.000976562 0 0 0 0 0 
0.00292969 0.00195312 0 0 0.00488281 0.000976562 1 0 0.0078125 0 
0.0205078 0.0576172 0.0263672 0.157227 0.00390625 0.0732422 0.0146484 0.799805 0.000976562 0.0263672 
1 0.0146484 0 0 0.000976562 0 0.00488281 0.00195312 0.000976562 0.00195312 
0.000976562 1 0.000976562 0.000976562 0.00878906 0 0 0.000976562 0.000976562 0.000976562 
0.000976562 0 0 0.00195312 0.000976562 0.00683594 1 0 0.00195312 0 
0 0.000976562 0.000976562 0.0107422 0.000976562 1 0.00585938 0 0.00292969 0.0146484 
0 0.00390625 0.000976562 1 0.000976562 0.0439453 0.000976562 0.000976562 0.00195312 0 
0.000976562 0 0.000976562 0.000976562 0.000976562 0 0 0 0 1 
0 1 0 0 0.000976562 0 0 0.00292969 0 0 
0 0.000976562 0 0 0 0 0 1 0 0 
0.0986328 0.18457 0.0224609 0.00585938 0.00878906 0.000976562 0.0556641 0.571289 0.0820312 0.00585938 
0 0.0302734 0.799805 0.0449219 0.177734 0.00683594 0.0185547 0.00683594 0.0126953 0.000976562 
0 0.000976562 0 0 1 0 0.000976562 0 0 0 
0 0.00488281 0.00683594 0.144531 0.00683594 1 0.00390625 0.000976562 0.0361328 0.0234375 
0 0.00585938 0.00195312 0.015625 0.00390625 1 0.000976562 0.000976562 0 0.0283203 
0 0.00195312 0.00195312 0.00195312 1 0.00390625 0.000976562 0 0.000976562 0.000976562 
0.0439453 0.015625 0.000976562 0.000976562 0.112305 0.000976562 1 0.000976562 0.00390625 0.0078125 
0 0.000976562 1 0.00292969 0 0 0 0.00585938 0 0.000976562 
0.00488281 0.138672 0.0419922 0.000976562 0 0.000976562 0.00683594 0.799805 0.00195312 0.00292969 
0 0 0 0 0.000976562 0.00292969 1 0 0.00292969 0 
0.000976562 0.0107422 0.0078125 0.000976562 1 0.00488281 0.00390625 0.00390625 0.000976562 0.0341797 
0.0117188 0.00683594 0.0107422 0.015625 0.00878906 0.126953 0.00585938 0.000976562 0.00585938 1 
0 0.00585938 0.000976562 0.0390625 0.0195312 0.666992 0.0742188 0 0.158203 0.158203 
0 0.0283203 0.392578 0.00292969 0.00488281 0 0.000976562 0.571289 0.00390625 0 
0.00585938 0 0.000976562 0.00585938 0.000976562 0.00585938 0.0263672 0 1 0.015625 
0.000976562 0 1 0.000976562 0 0 0 0.00195312 0 0 
0 0 0.000976562 1 0 0.000976562 0 0.000976562 0.000976562 0 
0 0.0136719 1 0.00585938 0.00390625 0.0107422 0.00585938 0.0078125 0.00195312 0.00292969 
0 0.00292969 0.00683594 0.799805 0.00488281 0.0615234 0.00195312 0 0.147461 0.0107422 
0.000976562 0.799805 0.000976562 0.0234375 0.000976562 0 0.00292969 0.177734 0 0.00195312 
0.00292969 1 0.0263672 0.00195312 0.0175781 0 0 0.00488281 0.00195312 0 
0.0126953 1 0.0078125 0.00195312 0.00390625 0.000976562 0.00390625 0.015625 0.0078125 0.000976562 
0 0.0224609 0.799805 0.0576172 0.108398 0.00878906 0.00390625 0.00390625 0.0390625 0.0107422 
0 0 0.000976562 0.000976562 0 0 0.0126953 0 1 0.000976562 
0.00195312 0.0302734 0.0107422 0.0263672 1 0.046875 0.0683594 0.00292969 0.0195312 0.0107422 
0.000976562 0.000976562 1 0.00390625 0.000976562 0 0 0.000976562 0 0.000976562 
0 1 0.00195312 0.0361328 0.00585938 0.00683594 0.000976562 0.18457 0.00195312 0.000976562 
0.00195312 0.00390625 1 0.000976562 0.00878906 0 0 0 0.00195312 0 
0.00195312 0.03125 0.0527344 0.5 0.0234375 0.0810547 0.00585938 0.0078125 0.195312 0.142578 
0 0.0595703 0.00195312 1 0.000976562 0.00488281 0.00195312 0.0224609 0 0.00390625 
0.00683594 0.00585938 0.0429688 0.0146484 0.0126953 0.00585938 0.441406 0.000976562 0.5 0.0136719 
0.15625 0.146484 0.0371094 0.114258 0.0507812 0.0576172 0.0947266 0.12207 0.166992 0.0644531 
0.00390625 1 0 0.00488281 0 0.000976562 0.000976562 0.0634766 0 0.000976562 
0.0263672 0.046875 0.00976562 0.00195312 0.799805 0.00976562 0.189453 0.00488281 0.0185547 0.00195312 
0 0.000976562 0.000976562 1 0.00390625 0.00488281 0.000976562 0 0.00488281 0.0117188 
0 0.00488281 1 0.0126953 0.0283203 0.00292969 0.000976562 0.00195312 0.0283203 0.0361328 
0 1 0 0 0.000976562 0 0 0.00195312 0 0 
0.0205078 0.0292969 0.0869141 0.0595703 0.015625 0.571289 0.163086 0.0380859 0.0556641 0.0185547 
0 1 0 0 0 0 0 0.000976562 0 0 
0 0 0 0.000976562 0 0.0361328 1 0 0.00195312 0 
0.237305 0.0107422 0.268555 0.0263672 0.00585938 0.0458984 0.0361328 0.0107422 0.0166016 0.444336 
0 1 0 0.000976562 0.00585938 0.000976562 0.00292969 0.00488281 0 0 
0 0.000976562 1 0.00390625 0.000976562 0 0.000976562 0.00390625 0.00292969 0.00878906 
0.000976562 1 0.00390625 0.00195312 0.00390625 0 0 0.0224609 0.000976562 0.000976562 
0 0 0.000976562 1 0 0.0078125 0.000976562 0 0.0224609 0.00390625 
0.799805 0.0888672 0.0107422 0 0.0107422 0.00292969 0.202148 0.0107422 0.0175781 0.00683594 
0.000976562 0.00488281 0.00195312 0 0 0 0.000976562 1 0 0 
0.0683594 0.00292969 0.0771484 0.00292969 0.000976562 0.000976562 0.00390625 0.000976562 0.0820312 1 
0 0.00195312 0 0.112305 0 1 0.00488281 0 0.00390625 0.00195312 
0 0.00195312 0.000976562 0 1 0 0.00195312 0 0 0 
0.00683594 0.799805 0.00390625 0 0.0136719 0 0 0.354492 0.00195312 0.000976562 
0.000976562 0.0195312 0.0390625 0.00976562 0.000976562 0.000976562 0.000976562 1 0 0.00195312 
0.0371094 0.0117188 0.799805 0.0537109 0.046875 0.0195312 0.0175781 0.0732422 0.00488281 0.0341797 
0.000976562 0.00390625 0.00488281 0.046875 0.00488281 1 0.0107422 0.0078125 0.00195312 0.00585938 
0 0 0 0.00292969 0 1 0.00292969 0 0 0.00390625 
0.000976562 0 0.000976562 0.00195312 0 0.00195312 0.046875 0 1 0.000976562 
1 0.000976562 0 0 0 0 0.00195312 0 0 0.00195312 
0 1 0 0 0 0 0 0.000976562 0 0 
0.00292969 0.0146484 0.0214844 0.282227 0.0556641 0.194336 0.117188 0.00390625 0.363281 0.0253906 
0.00488281 0.00292969 0.0595703 0.00585938 0.00195312 0.00292969 0 0 0.00878906 1 
0.000976562 1 0.0302734 0.0322266 0.0390625 0.00390625 0.000976562 0.0117188 0.000976562 0.00195312 
0.000976562 0.0205078 0.00585938 0.00292969 1 0.00683594 0.0078125 0.00488281 0.00585938 0.0107422 
1 0.000976562 0 0 0 0 0.000976562 0 0 0.000976562 
0.000976562 0.0107422 0.0458984 0.571289 0.00683594 0.15332 0.00585938 0.000976562 0.126953 0.0771484 
0 0.0136719 0.000976562 0 0 0 0 1 0 0 
0.000976562 0.000976562 1 0.000976562 0 0 0 0.00195312 0 0 
0 1 0 0 0 0 0 0.00292969 0 0 
0 0.00292969 0.00292969 0.135742 0.00878906 1 0.0410156 0.000976562 0.0117188 0.00878906 
0 0.00683594 0.000976562 0 0 0 0 1 0 0 
0 0 0 0.0078125 0 1 0.0390625 0 0 0.000976562 
0 0.00878906 0.000976562 1 0.0146484 0.0869141 0.00585938 0.000976562 0.119141 0.00683594 
0.00390625 0.00390625 0.0136719 0.345703 0.0361328 0.0927734 0.03125 0.00292969 0.444336 0.0429688 
0.000976562 0 1 0.000976562 0 0 0 0.000976562 0 0 
0 0.00195312 1 0 0 0 0 0.00488281 0 0 
0 1 0 0 0 0 0 0.00878906 0 0 
0.00195312 0 0 0.000976562 0 0.000976562 1 0 0.0263672 0 
0.0283203 0.0292969 0.368164 0.0380859 0.00488281 0.00683594 0 0.0166016 0.00488281 0.571289 
0 0.0185547 0 0 0 0 0 1 0 0 
0 0 1 0.000976562 0 0 0 0.00292969 0 0 
0 0.0107422 0.00195312 0.00390625 1 0 0.000976562 0 0 0 
0.00390625 0 0 0.000976562 0.00292969 0.00683594 1 0 0.000976562 0 
0.000976562 0.00292969 0.00292969 0.00683594 0.00488281 0.00195312 0.0107422 0 1 0.0771484 
0 1 0 0.00195312 0.00585938 0.000976562 0.000976562 0.0107422 0.000976562 0.00292969 
0 0.000976562 0 1 0 0.0078125 0.00488281 0.00488281 0.000976562 0.000976562 
0.258789 0.333008 0.0478516 0.0117188 0.0195312 0.00683594 0.0224609 0.214844 0.0419922 0.100586 
0.00390625 0.0107422 1 0.0107422 0.00585938 0.000976562 0 0.000976562 0.015625 0.00585938 
0.000976562 0.0117188 0.0566406 0.00292969 0 0 0 1 0 0 
0 0.00683594 0.799805 0.0195312 0 0 0 0.189453 0 0 
0 0.0107422 0.000976562 1 0.000976562 0.00683594 0 0 0.000976562 0.00195312 
0.799805 0.0283203 0.00292969 0.00195312 0.00585938 0.000976562 0.129883 0.0078125 0.0224609 0.0117188 
0.000976562 0.143555 0.286133 0.18457 0.0126953 0.143555 0.0136719 0.0175781 0.000976562 0.196289 
0 0 0 1 0 0.000976562 0 0 0.0078125 0 
0.00390625 0 0.00195312 0.000976562 0.000976562 0.000976562 0 0 0.000976562 1 
0.000976562 0.0273438 0.666992 0.294922 0.00390625 0.0117188 0.0078125 0.00976562 0.0136719 0.0234375 
0 1 0 0.000976562 0.046875 0.000976562 0.000976562 0.0341797 0 0.000976562 
0.00292969 0.00292969 1 0.00195312 0 0 0 0.0283203 0 0 
0.000976562 1 0.00683594 0.000976562 0.00195312 0 0 0.00292969 0 0 
0.00390625 0.00585938 1 0.00292969 0.00195312 0 0 0.00390625 0 0 
0 0.0361328 0.0595703 0.0410156 0.112305 0.571289 0.197266 0.00488281 0.0380859 0.00878906 
0.243164 0.0478516 0.0166016 0.0195312 0.177734 0.00488281 0.12207 0.333008 0.0263672 0.00585938 
0.147461 0.799805 0.0390625 0.00390625 0.0224609 0 0.00195312 0.0732422 0.0185547 0.00292969 
0.00195312 0.00390625 0.000976562 0 1 0.000976562 0.00390625 0 0.000976562 0.00195312 
0.0595703 0.345703 0.00195312 0 0.571289 0.000976562 0.0722656 0.00488281 0.0107422 0.000976562 
0.00878906 0.00488281 1 0.00292969 0.000976562 0.000976562 0.000976562 0.119141 0 0.00195312 
0 0 1 0.000976562 0 0 0 0.000976562 0 0 
1 0.000976562 0 0 0.000976562 0 0.0185547 0 0.00195312 0.0253906 
0.0273438 0.0078125 0.356445 0.0166016 0.0136719 0.0390625 0.000976562 0.000976562 0.00390625 0.666992 
0 1 0 0.000976562 0.00976562 0 0 0.00585938 0 0 
0.00878906 0.00488281 0.00585938 0.0185547 0.0126953 0.0234375 1 0.000976562 0.0595703 0.00292969 
0.0302734 0.0605469 0.147461 0.0605469 0.333008 0.189453 0.0537109 0.0166016 0.0449219 0.0654297 
0 0.00390625 0 0 1 0 0 0 0 0 
0.000976562 0.00292969 0.0136719 0 1 0.000976562 0.00390625 0.000976562 0.00292969 0 
0 0.00585938 0.0078125 0.105469 0.0126953 1 0.015625 0.00390625 0.015625 0.00683594 
0.799805 0.100586 0.00292969 0.0185547 0.0234375 0.0078125 0.0126953 0.015625 0.00292969 0.078125 
0 0.0615234 0.00292969 0.799805 0.0117188 0.12207 0.00195312 0.00878906 0 0.00488281 
0 0.000976562 0 0.015625 0 1 0.00683594 0.00390625 0 0.000976562 
0.00878906 0.0078125 1 0.00683594 0.00195312 0.000976562 0.000976562 0.0107422 0.000976562 0.00488281 
0.00195312 0.0166016 1 0.105469 0.0722656 0.0175781 0.00390625 0.00683594 0.00390625 0.0078125 
0.00390625 0.0126953 0.00878906 0.00195312 0 0 0.000976562 1 0 0.000976562 
0.00195312 0 0 0.0117188 0 0.0136719 0.189453 0 0.799805 0.00195312 
0 0.000976562 0 1 0 0.000976562 0 0 0 0 
0.00195312 0.00683594 0.0634766 0.0224609 0.000976562 0.00390625 0.00195312 0.00195312 0.00488281 1 
0 1 0 0 0.000976562 0 0 0.000976562 0 0 
0.0449219 0.799805 0.0195312 0.0224609 0.0419922 0.000976562 0.0234375 0.0576172 0.115234 0.0117188 
0 0.0351562 0.0371094 0.666992 0.130859 0.00976562 0.0078125 0.179688 0.00195312 0 
0 1 0.000976562 0 0.000976562 0 0 0.000976562 0 0 
0.000976562 1 0.000976562 0.000976562 0 0.000976562 0 0.000976562 0 0 
0.00976562 0.322266 0.134766 0.0214844 0.5 0.00292969 0.000976562 0.00683594 0.0126953 0.0917969 
0.00292969 1 0.0136719 0.00585938 0.126953 0.000976562 0.000976562 0.00488281 0.00976562 0.0146484 
0 0.00292969 0 0.00585938 0.00195312 1 0.00292969 0 0 0.0205078 
0.000976562 1 0 0.000976562 0.00976562 0 0.00195312 0.0185547 0 0 
0.000976562 0.000976562 0.0078125 0.00292969 0.000976562 0.00878906 0 0 0.000976562 1 
0 0.00292969 0 0.00390625 0.0107422 0.0986328 1 0 0.00585938 0 
0.0205078 0.0673828 0.266602 0.0976562 0.207031 0.171875 0.0244141 0.0126953 0.0244141 0.161133 
0.00585938 1 0.00195312 0 0 0 0 0.00292969 0 0 
0.000976562 0 0 0.000976562 0.000976562 0.00195312 1 0 0.000976562 0 
0.00390625 0.0361328 0.00390625 0.000976562 1 0.00195312 0.0117188 0.00683594 0.00683594 0.00292969 
0.0107422 0.00195312 0.0820312 0.00195312 0.000976562 0.0117188 0.0302734 0.000976562 0.00390625 1 
0 0.00488281 0.000976562 0.0722656 0.0136719 1 0.0205078 0 0.0136719 0.00878906 
0.5 0.0361328 0.00488281 0.00585938 0.00292969 0.000976562 0.0117188 0.441406 0.00683594 0.0136719 
0.00195312 0.00683594 0.00292969 0.157227 0.0107422 0.799805 0.0615234 0.0107422 0.00488281 0.0253906 
0 0.0410156 0 0.00195312 0 0 0 1 0 0 
0 0.00878906 0.00195312 0.0361328 0.00390625 0.126953 1 0.00390625 0.00585938 0.000976562 
0 1 0 0 0 0 0 0.000976562 0 0 
0.00292969 0.00292969 1 0.00292969 0.00292969 0.000976562 0.000976562 0.00585938 0.00585938 0.0498047 
0.166992 0.0146484 0.0126953 0.0195312 0.0126953 0.00292969 0.00488281 0.00683594 0.0136719 0.799805 
0.000976562 0.00292969 1 0.00390625 0 0 0 0.00292969 0.000976562 0.000976562 
0.000976562 1 0.00585938 0.00292969 0.163086 0.00292969 0.0078125 0.0341797 0.00292969 0.00292969 
0 0.000976562 0 1 0 0.00585938 0 0.000976562 0.00195312 0.000976562 
0 1 0 0 0 0 0 0.00292969 0 0 
0.00488281 0.0136719 0.000976562 0 1 0 0.0117188 0 0.00292969 0.00195312 
0 0.0126953 0.000976562 0.5 0.0292969 0.414062 0.0673828 0.00195312 0.00488281 0.00292969 
0 0.00292969 1 0.000976562 0.00292969 0 0 0.000976562 0.000976562 0.00292969 
0.392578 0.0458984 0.0136719 0.000976562 0.0244141 0.000976562 0.00585938 0.00292969 0.0224609 0.571289 
0 0 1 0.00195312 0 0 0 0.000976562 0.00195312 0.00292969 
1 0.00390625 0.000976562 0 0.0078125 0 0.00878906 0.000976562 0.00390625 0.000976562 
0 0.0527344 0.00390625 0.00292969 1 0.000976562 0 0.00195312 0 0.000976562 
0.378906 0.666992 0.0107422 0 0.0126953 0 0.00585938 0.0351562 0.00390625 0.000976562 
0.0224609 0.19043 0.666992 0.101562 0.03125 0.0224609 0.0078125 0.0185547 0.00390625 0.0839844 
0 0.00195312 0.00292969 0 0 0 0 1 0 0 
0.179688 0.0126953 0.0791016 0.00195312 0.0546875 0.0107422 0.0449219 0.0449219 0.0332031 0.666992 
0 0 0 0.00195312 0 1 0.00292969 0 0 0.000976562 
0 1 0 0 0.00390625 0 0 0.0078125 0.000976562 0 
0.00488281 0.00195312 1 0.000976562 0.0234375 0 0.000976562 0.00292969 0 0 
0.000976562 0.000976562 0.00195312 0 1 0.000976562 0.00683594 0 0.000976562 0.00195312 
0 0.00390625 0.000976562 0.00292969 0 0 0 1 0 0 
0 1 0 0 0.000976562 0 0 0.00585938 0 0 
0 1 0.00292969 0.015625 0.105469 0.00292969 0 0.00585938 0 0.000976562 
0 0.000976562 0.000976562 0.0146484 0.000976562 0.00292969 0.0283203 0 1 0.00390625 
0.0146484 0.000976562 0 0.00390625 0.000976562 0.00878906 1 0 0.0136719 0.00195312 
0.111328 0.5 0.0166016 0.0107422 0.00976562 0.0292969 0.03125 0.0136719 0.0195312 0.267578 
0 0 0 0.00195312 0 0.00390625 0.334961 0 0.666992 0 
0 0.00292969 0.00195312 1 0.000976562 0.000976562 0 0.00195312 0.00390625 0.000976562 
1 0.00195312 0 0 0 0 0.00195312 0.000976562 0.000976562 0.000976562 
0 0 0 0.0078125 0 1 0.00488281 0 0 0.000976562 
0 1 0 0.00195312 0.000976562 0.00195312 0.000976562 0.0078125 0 0.000976562 
0 0 0 0 0 0.00195312 1 0 0.00292969 0 
0 0 1 0.00195312 0 0 0 0.00292969 0 0 
0 0.00390625 0.00195312 0.00683594 0 0 0 1 0 0 
0 0.00488281 0.00976562 0.000976562 1 0.000976562 0.00683594 0 0.000976562 0.000976562 
0.000976562 0.000976562 0 0.000976562 0 0.0078125 1 0 0.00488281 0.000976562 
0.000976562 1 0.000976562 0.000976562 0.000976562 0 0 0.00683594 0 0 
0 0 0 0 0 0.00390625 1 0 0.000976562 0 
0.00488281 1 0 0 0.00195312 0 0 0.00195312 0 0 
0 0.000976562 0.00292969 1 0.000976562 0.0283203 0 0.000976562 0.00390625 0.0410156 
0 0.000976562 0 0 1 0 0 0 0 0 
0.00292969 0.000976562 1 0.00195312 0 0 0 0.000976562 0.00292969 0.00683594 
0.000976562 1 0.000976562 0 0.0117188 0 0 0.00195312 0.000976562 0 
0.00195312 0.15625 0.311523 0.400391 0.0605469 0.0947266 0.0136719 0.00976562 0 0.0371094 
0.0078125 0.799805 0.078125 0.0078125 0.115234 0.000976562 0.00683594 0.0126953 0.0947266 0.0263672 
0 0.00488281 0.000976562 0 1 0 0.00195312 0 0.00195312 0 
0 0.0341797 0.00488281 1 0.00976562 0.00976562 0.000976562 0 0.000976562 0.00488281 
0.0253906 0.182617 0.132812 0.00292969 0.182617 0.00195312 0.110352 0.015625 0.363281 0.000976562 
0.00195312 1 0.000976562 0.000976562 0.00976562 0 0.000976562 0.00292969 0.00195312 0.00292969 
0.000976562 0 0 0 0.00195312 0.00292969 1 0 0.000976562 0.000976562 
0.00488281 1 0.000976562 0.00195312 0 0 0 0.0390625 0 0.00195312 
0.000976562 0.799805 0.00195312 0.00683594 0.100586 0.00195312 0.00292969 0.0078125 0.078125 0.0078125 
0 0.0283203 0 0.799805 0.0078125 0.3125 0.015625 0.00195312 0.00488281 0.000976562 
0 1 0.000976562 0.000976562 0.000976562 0 0 0 0 0 
0 0 0.00195312 1 0 0.000976562 0.000976562 0.000976562 0.00195312 0.0117188 
0 1 0 0 0 0 0 0.00195312 0 0 
0 0.00195312 0 0.0322266 0.000976562 1 0.0117188 0 0 0.000976562 
0 0.5 0.00585938 0.0527344 0.441406 0.00292969 0.000976562 0.0292969 0.00878906 0.00195312 
0.000976562 1 0 0.00195312 0.00390625 0.000976562 0.0136719 0.00195312 0.000976562 0 
0.000976562 0.0107422 0.0175781 0.0693359 0.0107422 0.799805 0.0283203 0.0654297 0.00488281 0.0175781 
0.000976562 0.000976562 0.00195312 1 0.000976562 0.00976562 0.015625 0.00488281 0.00390625 0.00292969 
0.00292969 0 0 0.000976562 0.000976562 0.00878906 1 0 0.00878906 0.000976562 
0.22168 0.236328 0.00390625 0.00390625 0.015625 0.000976562 0.0341797 0.5 0.0078125 0.00683594 
0.00488281 0.00195312 0 0.000976562 0.0107422 0.00292969 0.00585938 0 0.0107422 1 
0 0.00195312 0 0 0 0 0 1 0 0 
0 0.00292969 0.0136719 1 0.00488281 0.0166016 0.00488281 0.00195312 0.00292969 0 
0 0.00683594 0.571289 0.0439453 0.0136719 0.000976562 0.000976562 0.444336 0 0.000976562 
0.00390625 0.400391 0.0390625 0.176758 0.0341797 0.274414 0.0273438 0.00195312 0 0.0605469 
0 0.00683594 0.112305 0.00292969 0 0 0.000976562 1 0.000976562 0 
0.0839844 0.0126953 0.0224609 0.0253906 0.00292969 0.0146484 0.00488281 0.00195312 0.100586 0.799805 
0 0.00292969 0.100586 0.799805 0.0947266 0.00488281 0.00292969 0.0537109 0.0078125 0 
0.000976562 0.0302734 1 0.0361328 0.00585938 0.00195312 0.00195312 0.119141 0.000976562 0.00390625 
0 0.0732422 0.147461 0.0371094 0 0.00195312 0.00292969 0.799805 0.000976562 0.00195312 
0 0.000976562 0 0 1 0 0 0 0 0 
0.000976562 1 0 0.00195312 0.00292969 0 0.000976562 0.00390625 0.00195312 0.000976562 
1 0.00195312 0.00390625 0 0.000976562 0 0.00195312 0.00390625 0.000976562 0.0341797 
0.000976562 0.00488281 0.00878906 0.103516 0.0107422 0.206055 0.363281 0.00195312 0.300781 0.0136719 
0 0.000976562 0 1 0 0.00683594 0 0 0.000976562 0 
0 0.00390625 0.000976562 0.000976562 0 0 0 1 0 0 
0.000976562 0 0 0 0 0.000976562 1 0 0.00878906 0 
0.000976562 0.0292969 0.5 0.34375 0.00683594 0.00195312 0.00585938 0.125977 0.00292969 0.0117188 
0 1 0.000976562 0.00195312 0 0.000976562 0 0 0 0 
0 1 0 0 0.000976562 0 0 0.00195312 0 0 
0 0.0302734 0.00195312 0.00195312 0 0 0 1 0 0 
0.000976562 0.260742 0.0654297 0.0146484 0.666992 0.00390625 0 0.00195312 0.00390625 0.0253906 
0.0390625 1 0.0185547 0.0195312 0.0234375 0.00292969 0.00195312 0.00683594 0.0166016 0.0322266 
0.00195312 0 0.000976562 0.00292969 0.00390625 0.0283203 0.799805 0 0.157227 0.00878906 
0.0234375 0.000976562 0.00292969 0.0107422 0.000976562 0.0283203 0.799805 0.000976562 0.100586 0.0283203 
0 0.0195312 0.00195312 0 1 0 0.000976562 0 0 0 
0 0 1 0.000976562 0 0 0 0.000976562 0 0 
0 1 0.00585938 0.00390625 0.0224609 0.000976562 0 0.0224609 0.00292969 0.000976562 
0.00683594 0.0595703 0.15332 0.0341797 0.196289 0.0498047 0.00878906 0.0078125 0.0458984 0.444336 
0.00390625 0.799805 0.0693359 0.0253906 0.078125 0.0126953 0.00292969 0.00976562 0.100586 0.0126953 
0.00585938 0.0078125 0.000976562 0.00292969 0.0449219 0.0126953 0.799805 0.00488281 0.138672 0.00195312 
0.00195312 1 0 0.00292969 0.000976562 0 0 0.0341797 0 0 
0.000976562 0.160156 0.015625 0.265625 0.0917969 0.363281 0.151367 0 0.0224609 0.0078125 
0.00195312 0.237305 0.444336 0.0498047 0.304688 0.00488281 0 0.0205078 0.0166016 0.0214844 
0.0078125 0.0146484 0.0654297 0.799805 0.0175781 0.0498047 0.046875 0.00585938 0.0654297 0.0253906 
0 0.00585938 0.000976562 0 1 0.000976562 0.000976562 0 0 0.000976562 
0.000976562 0.12793 0.0410156 0.288086 0.307617 0.0527344 0.00488281 0.0439453 0.0996094 0.0566406 
0.0136719 0.0117188 0.0175781 0.100586 0.0107422 0.291992 0.400391 0.0537109 0.121094 0.0224609 
0.00195312 0.000976562 0 0.000976562 0.00683594 0.00195312 1 0 0 0 
0 0.078125 0.0449219 0.799805 0.00292969 0.0302734 0.000976562 0.147461 0.00585938 0.00292969 
0.00195312 1 0.00292969 0.00195312 0.000976562 0.000976562 0.00195312 0.0117188 0.000976562 0.00195312 
0 0 0 0 0 0.00292969 1 0 0 0 
0.00195312 1 0.00390625 0.0175781 0.0527344 0.00292969 0.000976562 0.0224609 0.00683594 0.0234375 
0.000976562 0.0126953 1 0.00585938 0.0126953 0.000976562 0 0.00488281 0.00195312 0.00195312 
1 0.000976562 0.00585938 0.000976562 0.00390625 0 0.0146484 0 0.00488281 0.000976562 
0.00585938 0.0136719 0.0595703 0.173828 0.571289 0.0488281 0.119141 0.0361328 0.0146484 0.000976562 
0 1 0 0 0.000976562 0 0 0.00292969 0 0 
0 0.00292969 0.00390625 0.000976562 0 0 0 1 0 0 
0 0.00195312 0 0.000976562 0.00195312 1 0.00390625 0 0 0 
0 1 0.00292969 0 0.000976562 0.000976562 0 0.00390625 0 0 
0.00683594 1 0.00390625 0.000976562 0.0722656 0 0.000976562 0.00488281 0.0927734 0.00292969 
0 0.00488281 0.000976562 0.00195312 1 0.0302734 0.0078125 0 0.00488281 0.00488281 
1 0.00292969 0.00683594 0.015625 0.0078125 0.00390625 0.0722656 0.00195312 0.0136719 0.00585938 
0.0527344 0.18457 0.104492 0.0146484 0.571289 0 0.0185547 0.173828 0.0146484 0.000976562 
0 0.00585938 0.0439453 1 0.0595703 0.0195312 0.00195312 0.00488281 0.00488281 0.00488281 
0.0341797 0.0566406 1 0.0283203 0.00292969 0.000976562 0.000976562 0.0683594 0.0078125 0.0117188 
0.015625 0.00292969 0.00390625 0 0 0 0.000976562 1 0 0.00195312 
0.00195312 0.00683594 1 0.0107422 0.00195312 0.000976562 0.000976562 0.126953 0 0.00292969 
0 0.268555 0.0498047 0.444336 0.134766 0.0927734 0.00292969 0.00195312 0 0.0078125 
0.00195312 1 0 0 0 0 0.000976562 0.173828 0.000976562 0 
0.000976562 1 0 0 0 0 0 0.00195312 0 0 
0.015625 0.167969 0.666992 0.130859 0.0078125 0.00390625 0.0117188 0.0419922 0.03125 0.0292969 
0.00683594 0.0410156 0.104492 0.0771484 0.444336 0.0380859 0.0380859 0.268555 0.0166016 0.0224609 
0 0.00292969 0.00195312 0.000976562 0 0 0 1 0 0 
0.00195312 0 1 0 0.000976562 0 0 0 0 0.000976562 
0 1 0 0 0 0 0 0.00292969 0 0 
0.000976562 1 0.0253906 0.0361328 0.0146484 0.0234375 0.00292969 0.0107422 0.00585938 0.0136719 
0 0.0078125 0.000976562 0.0683594 0.00292969 1 0.00292969 0.000976562 0.000976562 0.00292969 
0.0078125 0.015625 1 0.00390625 0.0117188 0.00683594 0.0117188 0.173828 0.00195312 0.00585938 
0.00488281 1 0 0 0 0 0 0.000976562 0 0.000976562 
0 1 0.000976562 0.000976562 0.00585938 0.000976562 0.00195312 0.0166016 0.000976562 0 
0 1 0.000976562 0.000976562 0.00195312 0 0 0.00878906 0.000976562 0 
0 0.00488281 0.0683594 0.0234375 0 0 0 1 0 0 
0.0722656 0.0595703 0.00195312 0.000976562 0 0.000976562 0.0107422 1 0.00195312 0.000976562 
0 1 0 0.000976562 0 0 0 0.00292969 0 0 
0 0 1 0.000976562 0.000976562 0 0 0 0.000976562 0 
0.000976562 1 0.000976562 0 0 0 0 0.00292969 0 0 
0 0.00195312 0.0185547 0.0107422 0.000976562 0.799805 0.00585938 0.00292969 0.00390625 0.276367 
0 0.000976562 0 0.00195312 0.00195312 0.0439453 1 0 0.00195312 0 
0 0.00390625 0 0.00195312 0.00585938 1 0.0166016 0.000976562 0 0.00195312 
0 0.046875 0.000976562 0.000976562 1 0.000976562 0.00195312 0.000976562 0.000976562 0.000976562 
0 0.000976562 0.00195312 0.000976562 0 0 0 1 0 0 
0.0410156 0.000976562 0.0302734 0.00292969 0.00683594 0.00292969 0.0126953 0.000976562 0.0078125 1 
0.287109 0.0126953 0.0107422 0.0527344 0.0166016 0.0292969 0.571289 0.0166016 0.112305 0.0166016 
0 0.000976562 0.000976562 0 1 0 0.000976562 0 0 0 
0 0.00195312 0.000976562 1 0.000976562 0.00390625 0.000976562 0.00292969 0.00585938 0.000976562 
0 0 0 0 0 0.00292969 1 0 0.00195312 0 
0.00195312 1 0.000976562 0.000976562 0.00195312 0.000976562 0.00195312 0.0986328 0.000976562 0 
0.166992 0.333008 0.0322266 0.00195312 0.3125 0 0.00976562 0.0576172 0.0947266 0.0078125 
0.0126953 0.235352 0.0458984 0.207031 0.0976562 0.0810547 0.0380859 0.0136719 0.161133 0.110352 
0 1 0 0 0.000976562 0 0 0.00585938 0 0 
0 0 0 0.0107422 0 1 0.0078125 0 0 0.000976562 
0.000976562 0.000976562 0 0.000976562 0.0078125 0.0117188 1 0 0.00195312 0 
0 1 0 0.000976562 0 0 0 0.000976562 0 0 
0 0.000976562 0.00292969 1 0.000976562 0.000976562 0.000976562 0.00488281 0.00390625 0.00878906 
0 0.000976562 0 0.0595703 0 1 0.0439453 0.000976562 0 0.000976562 
0 0.00488281 0 1 0.00195312 0.0126953 0.000976562 0 0.00683594 0.00195312 
0.00488281 0.130859 0.666992 0.0117188 0.0195312 0.00390625 0.0107422 0.139648 0.00683594 0.00585938 
0 0 0 1 0 0.000976562 0 0 0.00195312 0 
0.0263672 0.799805 0.000976562 0.0146484 0.000976562 0 0 0.214844 0.00488281 0.00195312 
0 0 0 0.00488281 0 0 0.000976562 0 1 0 
0.00488281 0.5 0.00585938 0.0136719 0.469727 0.00292969 0 0.00195312 0.00683594 0.0078125 
0.799805 0.157227 0.000976562 0 0.00292969 0 0.0302734 0.0341797 0.00488281 0.00390625 
0.000976562 1 0 0 0.000976562 0 0 0 0 0 
0 0 0 0.0136719 0.00976562 0.314453 0.666992 0 0 0.00195312 
0 0.105469 0.00195312 0 0 0 0 1 0 0 
0.000976562 0.0234375 0.000976562 1 0.0595703 0.00878906 0.00195312 0 0.0595703 0.0771484 
0 0 0 1 0 0.00585938 0.00195312 0 0 0 
0 1 0.000976562 0 0 0 0 0.0205078 0.000976562 0 
0 0.000976562 0 0 0 0 0 1 0 0 
0.0126953 0.0957031 0.666992 0.260742 0.00390625 0.0078125 0 0.0839844 0.00195312 0.00585938 
0 0.00292969 0.000976562 0 0 0 0 1 0 0 
0.000976562 0.00292969 0.0078125 0.00195312 0 0 0 1 0 0 
0.00195312 0.00292969 0.0136719 0.00390625 0.0224609 0.00390625 0 0 0.00292969 1 
0 0 0 0 0 0.000976562 1 0 0.00195312 0 
0.0078125 1 0.00390625 0.000976562 0.0341797 0 0.00195312 0.0146484 0.00195312 0.000976562 
0 0.000976562 1 0.00195312 0 0 0 0.00292969 0 0.000976562 
0.000976562 0.0263672 0.00292969 0.208008 0.0234375 0.236328 0.5 0.03125 0.015625 0.00390625 
0 0.00292969 0 0 1 0.000976562 0.00292969 0 0.000976562 0 
0.00878906 0.5 0.00976562 0.00390625 0.0234375 0.0078125 0.388672 0.000976562 0.015625 0.0380859 
0.00390625 0.000976562 0 0 0.000976562 0.0361328 1 0 0.00195312 0.00292969 
0.0371094 0.0537109 0.177734 0.015625 0.0078125 0 0 0.799805 0.00683594 0.00292969 
0.0078125 0.0527344 0.00195312 0.00195312 1 0.00683594 0.0722656 0.0078125 0.0126953 0.00488281 
0.135742 0.0126953 1 0.0390625 0.0175781 0.000976562 0 0.0283203 0.00390625 0.00292969 
0 0.0185547 0 0 0 0 0 1 0 0 
0.0136719 1 0 0 0.000976562 0 0.000976562 0.00195312 0.000976562 0.00195312 
0.000976562 1 0.000976562 0.000976562 0 0 0 0.00585938 0 0 
0 0.000976562 0.000976562 0.0146484 0.00292969 1 0.0683594 0.000976562 0.00292969 0.000976562 
0 0.00292969 0.000976562 1 0 0.00195312 0.000976562 0.00195312 0.00292969 0.00390625 
0 0.571289 0.000976562 0.0380859 0.00195312 0.000976562 0.000976562 0.416992 0 0.000976562 
0.0117188 0.18457 0.444336 0.134766 0.0244141 0.0224609 0.0117188 0.163086 0.00292969 0.0458984 
0 0.000976562 1 0.00292969 0.000976562 0 0 0.00292969 0.000976562 0 
0 0.00195312 1 0.00878906 0.00292969 0 0 0.00878906 0 0.000976562 
0.00390625 0.0195312 1 0.00195312 0.00195312 0 0.000976562 0.144531 0 0 
0 1 0 0 0 0 0 0.00390625 0 0 
0 0.000976562 0 0 0 0 0 1 0 0 
0.000976562 0 0.000976562 0.000976562 0.000976562 0.0185547 1 0 0.0185547 0.00292969 
0.00878906 0.0292969 0.0390625 0.294922 0.0195312 0.666992 0.0166016 0.00683594 0.015625 0.0273438 
0.0722656 0.0458984 0.5 0.0556641 0.172852 0.0244141 0.03125 0.0205078 0.0361328 0.125977 
0 0.00195312 0 0.000976562 1 0 0.00195312 0 0 0 
0.000976562 0.00976562 0.00585938 0 0 0 0 1 0 0 
0 0.000976562 0 0 0 0 0 1 0 0 
0 0.00390625 0.00390625 0.000976562 1 0.00390625 0.00390625 0 0.00195312 0.00195312 
0 0.00195312 0 1 0.00488281 0.0166016 0.000976562 0.000976562 0.00292969 0.0166016 
0.000976562 0.0136719 0.00292969 0.00390625 0.000976562 0 0 1 0 0 
0.101562 0.0107422 0.00683594 0.0234375 0.0166016 0.0351562 0.666992 0.115234 0.00488281 0.015625 
0.00195312 0 0.00195312 0.015625 0.00195312 0.571289 0.197266 0 0.163086 0.0439453 
0 0.00878906 0.00292969 0.015625 1 0.000976562 0 0 0 0.000976562 
0.00292969 0.00195312 1 0.000976562 0.000976562 0 0 0.0634766 0 0 
0.00390625 1 0.00390625 0.0117188 0.0166016 0 0.000976562 0.0283203 0.00195312 0.00292969 
0.00488281 0.0712891 0.015625 0.170898 0.363281 0.0400391 0.00585938 0.00292969 0.0859375 0.265625 
0.00292969 0.0078125 1 0.0166016 0.00292969 0.000976562 0.000976562 0.00488281 0.0175781 0.00683594 
0.00195312 0 0 0.000976562 0.00292969 0.0117188 1 0.000976562 0.0078125 0 
0.0595703 0.0595703 0.0078125 0.0683594 0.00878906 0.000976562 0.00390625 1 0.0107422 0.00878906 
0.00488281 0.166992 0.0371094 0.00585938 0.00488281 0 0 0.799805 0.00488281 0.0107422 
0.1875 0.0683594 0.100586 0.0566406 0.0136719 0.0605469 0.046875 0.0830078 0.1875 0.200195 
0 0.00292969 0.000976562 1 0 0.00488281 0.000976562 0.00878906 0 0.000976562 
0.000976562 0.00683594 0.000976562 0.000976562 0 0 0 1 0 0 
0 0 0 0.000976562 0 1 0.00292969 0 0 0 
0.0126953 0.00488281 0.00390625 0.00292969 0.00195312 0.00683594 0.000976562 0 0.000976562 1 
0 0.00390625 0.00195312 1 0.00878906 0.015625 0.00195312 0 0.0410156 0.0107422 
0.00683594 1 0 0 0.0175781 0 0.0107422 0.0869141 0.00292969 0 
0 0.000976562 1 0.000976562 0 0 0 0.00195312 0 0 
0.112305 1 0.000976562 0 0.000976562 0.000976562 0.00292969 0.0869141 0.000976562 0.0078125 
0 0.00195312 0.000976562 0.000976562 0 0 0 1 0 0 
0 0.00292969 0.000976562 0.0283203 0.00292969 1 0.000976562 0 0.000976562 0.0107422 
0 1 0.00292969 0.00976562 0.0078125 0.000976562 0 0.0253906 0 0 
0 0.00488281 0.000976562 0.0683594 0.00195312 1 0.126953 0.00292969 0.000976562 0 
0 0.0078125 0.00292969 0.000976562 0 0 0 1 0 0 
0 0.0107422 0.00195312 0.0107422 0.0195312 1 0.0224609 0.0078125 0.00195312 0.00390625 
0.000976562 0.000976562 1 0.000976562 0 0 0 0.00390625 0 0 
0.000976562 0.0185547 1 0.0322266 0.00976562 0.000976562 0 0.126953 0.000976562 0 
0.000976562 0.0078125 0.0361328 0.015625 0.000976562 0 0 1 0 0 
1 0.00292969 0 0 0.000976562 0 0.0146484 0.000976562 0 0.000976562 
0 0 0 1 0 0.00292969 0 0 0 0 
0.000976562 1 0 0 0 0 0 0.000976562 0 0 
0 0 0 0.00390625 0 1 0.015625 0 0.000976562 0.000976562 
0.00878906 0.0205078 0.129883 0.0371094 0.00195312 0.00683594 0.00390625 0.799805 0 0.0136719 
0 1 0 0 0 0 0 0.00683594 0 0 
0.00195312 0.135742 0.0634766 0.0253906 0.0126953 0 0.000976562 1 0.00292969 0.000976562 
0 0.000976562 0.0205078 0.000976562 0.000976562 0.00390625 0 0 0.00195312 1 
0.00195312 0.00292969 0.799805 0.000976562 0 0 0 0.276367 0 0 
0.0234375 0.00390625 0.000976562 0.000976562 0.0722656 0.0117188 1 0.000976562 0.00390625 0.00488281 
0 1 0 0 0 0 0 0 0 0 
0 0.00585938 1 0.00488281 0.0146484 0 0 0.00292969 0.000976562 0 
0 0.00292969 0.00488281 0.000976562 1 0.00195312 0.00390625 0.000976562 0.000976562 0 
1 0.00292969 0 0 0 0 0.00390625 0 0 0.00292969 
0.00976562 0.00878906 0.126953 0.126953 0.00292969 0.00195312 0.000976562 0.15332 0.0283203 0.571289 
0.0146484 1 0 0 0.00195312 0 0.0078125 0.00292969 0.000976562 0 
0 0.00976562 0.000976562 0.0869141 0 1 0.00292969 0.0302734 0 0.000976562 
0.00195312 1 0 0.000976562 0.0498047 0.000976562 0.00585938 0.0175781 0.00292969 0.000976562 
0 0 0.000976562 0.0527344 0.000976562 1 0.00390625 0 0.000976562 0.00292969 
0.000976562 0.00195312 0 0.00585938 0.00195312 0.0498047 1 0 0.00292969 0.000976562 
0.000976562 0.0224609 0.00195312 1 0.00390625 0.0683594 0.000976562 0.00292969 0.00878906 0.00585938 
0 0 0 0 0 0.0205078 1 0.000976562 0 0 
0.00390625 0.666992 0 0.00195312 0 0 0 0.429688 0 0 
0 0.00878906 0.00195312 0.00488281 0.00195312 1 0.015625 0.00585938 0 0.00488281 
0 0.222656 0.000976562 0.00878906 0 0 0 1 0 0 
0.000976562 1 0 0 0 0 0 0.00585938 0 0 
1 0.0146484 0.0136719 0.00976562 0.00488281 0.00292969 0.0078125 0.0107422 0.00195312 0.0322266 
0.0126953 0.444336 0.163086 0.104492 0.163086 0.0175781 0.0361328 0.0673828 0.0146484 0.0078125 
0.000976562 0.00390625 0.000976562 0.000976562 1 0.00585938 0.0166016 0 0 0.00195312 
0 0.00292969 1 0.00390625 0.0820312 0 0.000976562 0.00195312 0.00195312 0 
0.000976562 0.00976562 1 0.0205078 0.0107422 0.00488281 0.00292969 0.00683594 0.000976562 0.00195312 
0 0.000976562 0.000976562 0 0 0 0 1 0 0 
0 0.0078125 0.00585938 0.00390625 0 0 0 1 0 0 
0.000976562 0.00292969 0.00292969 0.00683594 1 0.00292969 0.00683594 0 0.00195312 0.0078125 
0.000976562 0 0.00195312 0.000976562 0 0.000976562 0 0 0 1 
0 0.00195312 0.000976562 1 0.00292969 0.0166016 0.00585938 0.00195312 0.00488281 0.000976562 
0 0.000976562 0 0 1 0.000976562 0.000976562 0 0 0.000976562 
0.0820312 0.046875 0.0322266 0.0322266 0.00488281 0.00195312 0.015625 1 0.0117188 0.0117188 
0.00390625 0.000976562 0.00390625 0.0224609 0.000976562 0.00390625 0.0263672 0 1 0.0302734 
0 0.00390625 0.000976562 0.000976562 1 0 0 0 0 0 
0 0.00292969 1 0.00488281 0.000976562 0 0.000976562 0.0771484 0 0 
0.0126953 0.00585938 0.0722656 0.0166016 0.0117188 0.00195312 0.000976562 0 0.0869141 1 
0 1 0.000976562 0 0.0234375 0 0 0.00390625 0 0 
0.00390625 0.00292969 0.0341797 0.000976562 1 0.000976562 0.0869141 0 0.015625 0 
0.0380859 0.170898 0.363281 0.0292969 0.206055 0.0253906 0.0664062 0.0585938 0.103516 0.0224609 
0.00195312 0 0.000976562 0 0 0 0 0 0 1 
0 1 0 0 0 0 0 0.00195312 0 0 
0 0.18457 0.000976562 0.000976562 0.000976562 0 0 1 0 0 
0.0390625 1 0.00390625 0.00390625 0.0078125 0.000976562 0.00195312 0.00390625 0.0166016 0.00292969 
0 0.3125 0.00195312 0 0.799805 0 0.000976562 0.00292969 0.00195312 0.00195312 
0.0302734 0.108398 0.000976562 0.0234375 0.00488281 0.00292969 0.799805 0.0253906 0.0449219 0.000976562 
0 1 0 0 0 0 0 0.000976562 0 0 
0.000976562 0.0078125 0.000976562 0.444336 0.0107422 0.286133 0.0810547 0.000976562 0.173828 0.0107422 
0 0.00292969 0 0.000976562 0.00292969 1 0.0185547 0.000976562 0 0.000976562 
0.000976562 1 0 0 0.000976562 0 0 0.00976562 0 0 
0.00292969 0.0341797 0.00585938 0.444336 0.0263672 0.304688 0.03125 0 0.0429688 0.209961 
0 0.00390625 0.000976562 1 0.000976562 0.126953 0.00195312 0 0.046875 0.00488281 
0.400391 0.166016 0.0195312 0.15625 0.121094 0.0449219 0.0302734 0.0839844 0.0371094 0.0195312 
0.0078125 1 0.000976562 0.00292969 0.00195312 0.000976562 0.000976562 0.0820312 0 0.00292969 
0 0.00292969 0.000976562 0.000976562 0 0 0 1 0 0 
0.000976562 0.0263672 0.015625 0.000976562 1 0 0.0166016 0.00292969 0.00390625 0 
0.00488281 0.00195312 1 0.000976562 0 0 0 0.00195312 0 0 
0.000976562 0.000976562 1 0.000976562 0.00195312 0 0 0.0410156 0 0 
0 0 0 0.00585938 0 1 0.00195312 0 0 0.000976562 
0.0410156 0.00292969 0.00195312 0.0107422 0.0107422 0.0263672 1 0 0.0322266 0.00488281 
0.00683594 0.0283203 0.0136719 0.0693359 0.137695 0.400391 0.352539 0.00683594 0.0419922 0.015625 
0.000976562 0.00683594 0.00488281 0.0566406 0.0410156 0.00488281 0.0498047 0.000976562 1 0.00488281 
0.000976562 0.00292969 1 0.0234375 0.0341797 0.0117188 0.00878906 0.00878906 0.00878906 0.00585938 
0.0078125 0.00292969 0.0117188 0.00195312 0.666992 0.00976562 0.00292969 0 0.00195312 0.356445 
0.00195312 0.000976562 0.00195312 0.00195312 0.00195312 0.00195312 0 0 0 1 
0.000976562 0 0 0 0 0 0 0 0 1 
0.00878906 0.222656 0.0146484 0.0722656 0.0273438 0.0595703 0.134766 0.000976562 0.444336 0.0869141 
0 0.000976562 0.000976562 1 0 0.000976562 0 0 0.00195312 0 
0 0.00195312 0.000976562 0 1 0 0.000976562 0 0 0 
0.000976562 1 0 0 0.00292969 0 0 0.000976562 0 0 
0 0 0.000976562 0.00390625 0.000976562 0.799805 0.276367 0.00292969 0 0.000976562 
0 0.000976562 1 0.00390625 0.000976562 0 0 0.0263672 0 0 
0.00195312 0.00976562 0.046875 0.0117188 0.0195312 0.0078125 0.129883 0.00292969 0.799805 0.0205078 
0 0.00292969 0.000976562 1 0 0.00585938 0 0 0.000976562 0.000976562 
0.00390625 0.00488281 0.0820312 0.00488281 0.00292969 0.0126953 0 0.000976562 0.00195312 1 
0 0.00195312 0.000976562 0 0 0 0 1 0 0 
0.00683594 0.00585938 0.00195312 0.0117188 0.00195312 0.046875 1 0.000976562 0.046875 0.00683594 
0.00683594 0.00488281 0.00683594 0.0673828 0.0214844 0.0771484 0.25293 0.00585938 0.571289 0.00683594 
0.000976562 0.00195312 0.000976562 1 0.00390625 0.0283203 0.0185547 0.00488281 0.00292969 0 
0.00195312 0.260742 0.00292969 0.000976562 0.666992 0.0078125 0.0175781 0.0654297 0.00195312 0.00585938 
0.000976562 1 0 0 0 0 0 0.000976562 0 0 
0.0488281 0.0634766 0.0146484 0.571289 0.0205078 0.18457 0.0634766 0.0322266 0.0380859 0.0820312 
1 0.000976562 0.000976562 0.000976562 0.00488281 0.000976562 0.0107422 0 0.0107422 0.00195312 
0 0.000976562 0 0.0136719 0 1 0.00585938 0 0 0.00195312 
0.0771484 1 0 0.00390625 0.000976562 0.00195312 0.0175781 0.00390625 0.00878906 0.00585938 
0 1 0 0 0 0 0 0.00195312 0 0 
0 1 0 0 0 0 0 0.00292969 0 0 
0.000976562 0.00585938 1 0.0078125 0.00585938 0.00585938 0.00195312 0.0117188 0.000976562 0.00195312 
0.000976562 1 0.00585938 0.00683594 0.00585938 0.015625 0.0078125 0.00683594 0 0.00292969 
0 1 0 0 0.00195312 0 0.000976562 0.00390625 0.000976562 0 
0.0566406 0.0078125 0.015625 0.00292969 0.000976562 0.00292969 0.00195312 0.00390625 0.00683594 1 
0.00195312 0.00195312 0.00292969 0.0234375 0.00683594 0.314453 0.666992 0.00195312 0.0371094 0.00195312 
0.000976562 0 0 0.000976562 0.000976562 0.0078125 1 0 0.000976562 0 
0.00195312 0.0107422 0 0.177734 0.00195312 0.0205078 0.166992 0 0.799805 0.00195312 
0 0.000976562 0 1 0.000976562 0.00195312 0.000976562 0.00292969 0 0 
0 1 0.000976562 0.00390625 0.00195312 0.000976562 0 0.00292969 0 0.00195312 
0.000976562 0.666992 0.00390625 0.00585938 0 0.00390625 0 0.356445 0 0.000976562 
0 0.00488281 1 0.00195312 0 0.000976562 0.000976562 0.0107422 0 0.000976562 
0.000976562 0.00488281 0.00292969 0 1 0.000976562 0.00585938 0 0.00195312 0 
0 0.00292969 0 0 1 0 0 0 0 0 
0.00292969 0.00292969 0.00390625 0.18457 0.00195312 0.0146484 0.000976562 0 0.000976562 1 
0.0224609 0.0341797 0.176758 0.0888672 0.0273438 0.400391 0.0234375 0.0185547 0.213867 0.0224609 
1 0.00195312 0.000976562 0 0 0 0 0 0 0.0078125 
1 0.0195312 0.000976562 0 0.0107422 0 0.0078125 0.0322266 0.00195312 0.00195312 
0.000976562 1 0.00195312 0.000976562 0.000976562 0 0 0.00390625 0 0 
0 0 1 0 0 0 0 0.00195312 0 0 
0.000976562 0 0 0 0.000976562 0 0 0 0 1 
0.00292969 1 0.0078125 0 0.000976562 0.000976562 0.00195312 0.119141 0 0 
0 0.00683594 1 0 0.000976562 0 0.000976562 0.0078125 0.000976562 0.00390625 
0.444336 0.0126953 0.0263672 0.00390625 0.00292969 0.0244141 0.209961 0.286133 0.000976562 0.0595703 
0 0.00585938 0.000976562 1 0.0107422 0.0683594 0.00585938 0 0.00195312 0.00683594 
0.0566406 0.0244141 0.135742 0.174805 0.0820312 0.0566406 0.307617 0.0771484 0.0927734 0.0439453 
0 1 0 0 0 0 0 0.00390625 0 0 
1 0.0634766 0.000976562 0.000976562 0.015625 0 0.0439453 0 0.0107422 0.00488281 
0 0.00195312 0.000976562 0.0107422 0.000976562 1 0.000976562 0 0 0.00390625 
0 1 0 0.000976562 0 0 0 0.0341797 0 0 
0.000976562 1 0.0302734 0.00976562 0.00585938 0.00390625 0.000976562 0.0527344 0.00292969 0.000976562 
0.000976562 1 0 0 0 0 0 0.00390625 0 0 
0 0.00488281 0.00683594 0.0078125 0.0839844 0.108398 0.00195312 0.000976562 0.00585938 0.799805 
0.00390625 0.666992 0.108398 0.0839844 0.0166016 0.0185547 0.123047 0.0576172 0.00488281 0.00683594 
0 0.00878906 0.000976562 0.571289 0.00195312 0.473633 0.000976562 0 0.0107422 0.0185547 
0.00195312 0.0410156 0.00292969 0.00292969 1 0.0439453 0.0283203 0.000976562 0 0.000976562 
0.00195312 0.00390625 0.00195312 0 1 0.00292969 0.0117188 0.000976562 0.000976562 0.00390625 
0.214844 0.799805 0 0 0.000976562 0 0.00195312 0.00683594 0 0.000976562 
0 0.0078125 0.000976562 0 0 0 0 1 0 0 
0 0.00195312 0.00292969 0 0 0 0 1 0 0 
0 1 0 0.000976562 0.000976562 0 0 0.0527344 0.000976562 0 
0.00195312 0.0263672 1 0.0175781 0.00390625 0.000976562 0 0.112305 0.000976562 0.000976562 
0.000976562 0 0 0 0 0.00292969 1 0 0.0634766 0 
0 0.00195312 0 0.00585938 0 1 0.00976562 0.000976562 0 0.00195312 
0.000976562 1 0.000976562 0.000976562 0 0 0 0.000976562 0 0 
0 0.0117188 0.260742 0.666992 0.0175781 0.0351562 0.0175781 0.0478516 0.00683594 0.0478516 
0 0.00585938 0.000976562 0.00488281 1 0 0 0.000976562 0 0 
0.00976562 1 0.000976562 0 0.000976562 0 0 0.00195312 0 0.000976562 
0 0.00585938 0.0205078 0.147461 0.000976562 0.799805 0.0185547 0.00292969 0.00292969 0.0390625 
0.0107422 0.0341797 0.0107422 0.0146484 0.799805 0.0234375 0.0693359 0.00292969 0.00585938 0.0302734 
0.000976562 0 0 0.000976562 0.00292969 0.000976562 0 0 0.000976562 1 
0 0.000976562 0 0.00585938 0.000976562 0.00195312 0.0566406 0 1 0 
0 0 1 0.00488281 0.000976562 0 0 0.000976562 0 0 
0.000976562 0.00390625 0 0.666992 0.0107422 0.0185547 0.0195312 0 0.356445 0.000976562 
0 0.00195312 0 0 1 0 0.000976562 0 0 0.000976562 
0.666992 0.0136719 0.03125 0.0117188 0.00585938 0.0078125 0.0371094 0.00390625 0.245117 0.0146484 
0.0107422 0.0175781 0.00683594 0.177734 0.0146484 0.0117188 0.046875 0.000976562 0.799805 0.0654297 
0 0.00195312 0.00390625 0.000976562 0 0 0.000976562 1 0 0 
0.00195312 0.015625 0.000976562 0 0.799805 0.0341797 0.258789 0.000976562 0.00195312 0.00585938 
0 0.000976562 1 0.000976562 0.000976562 0 0 0.0078125 0 0 
0 0.0263672 0.00195312 0.0224609 0.173828 0.571289 0.18457 0.00292969 0.134766 0.0136719 
0 0.000976562 0.000976562 0.0117188 0.000976562 1 0.00488281 0.000976562 0 0.00195312 
0 0 1 0 0.000976562 0 0 0.000976562 0.00195312 0.000976562 
0 1 0 0.000976562 0.000976562 0 0 0.0136719 0 0 
0 0.0205078 0.00195312 0.000976562 0 0 0 1 0 0 
0.0234375 0.0341797 0.799805 0.0126953 0.015625 0.00488281 0.0107422 0.258789 0.00292969 0.00683594 
0 0.0576172 0.00292969 0.0888672 0.00390625 0.799805 0.00390625 0.00292969 0 0.0390625 
0 0.00585938 0 0 1 0 0 0 0 0.000976562 
0 0.000976562 0 0 1 0.000976562 0.000976562 0 0 0 
0 1 0 0 0 0 0 0.00195312 0 0 
0.250977 0.5 0.00292969 0.00292969 0.0341797 0.00195312 0.142578 0.0380859 0.0136719 0.00976562 
0.0341797 0.0146484 0.0498047 0.00585938 0.0126953 0.0078125 0.0302734 0.000976562 0.147461 0.799805 
0.000976562 1 0.000976562 0.00292969 0.15332 0.0078125 0.00878906 0.046875 0.00488281 0.0107422 
0.0283203 1 0.00683594 0.000976562 0.000976562 0.00292969 0.0410156 0.0136719 0.000976562 0.000976562 
0.00292969 0.799805 0.00390625 0.0107422 0.0888672 0.0126953 0.0126953 0.0693359 0.00292969 0.00292969 
0 0.000976562 0.000976562 0.046875 0.00195312 0.00878906 0.0175781 0 1 0.00488281 
0 0.000976562 0.00195312 0.0234375 0.00292969 1 0.00683594 0.00292969 0.000976562 0.00195312 
0 0 1 0.000976562 0.000976562 0 0 0.00195312 0 0 
0.00292969 1 0.0205078 0.00585938 0.0927734 0.00292969 0.000976562 0.0205078 0.0136719 0.0175781 
0 1 0.000976562 0 0 0 0 0.0224609 0 0 
0.0185547 0.0136719 0 0 0.228516 0.00195312 0.799805 0.00390625 0.00292969 0.00195312 
0 0 1 0.000976562 0.00488281 0 0 0.000976562 0 0 
0.00292969 0.00976562 0.0742188 0.0703125 0.666992 0.148438 0.0117188 0.00195312 0.0166016 0.0615234 
0.0244141 0.0341797 0.00878906 0.5 0.0488281 0.03125 0.183594 0.111328 0.142578 0.000976562 
0 0.00292969 1 0.00878906 0.0146484 0 0 0.000976562 0.00195312 0.000976562 
0.00976562 0.5 0.0410156 0.0527344 0.0429688 0.0214844 0.0205078 0.236328 0.00683594 0.118164 
0.000976562 0.00195312 0 0 1 0.00195312 0.00878906 0 0 0.000976562 
0 0 1 0 0 0 0 0 0 0 
0 1 0 0 0.000976562 0 0 0.00292969 0 0 
0 0.000976562 0 0 0 0 0 1 0 0 
0 0.799805 0.00292969 0 0 0 0 0.354492 0 0 
0.000976562 0 0.000976562 0.0146484 0.000976562 0.0117188 0.0322266 0 1 0.00878906 
1 0.0195312 0.0253906 0.0341797 0.0595703 0.00488281 0.00683594 0.0498047 0.0175781 0.0253906 
0.00195312 0.00585938 0 0 1 0.00292969 0.015625 0.000976562 0 0.00292969 
0 0.0205078 0.00976562 0.000976562 0 0 0 1 0 0 
0.00390625 0 0 0.000976562 0 0.00292969 1 0 0.00390625 0.000976562 
0 0.0117188 0.00195312 0.0322266 0.0820312 1 0.0986328 0.000976562 0.00390625 0.0078125 
1 0.00195312 0 0 0.000976562 0 0.00195312 0 0.000976562 0.00292969 
0.0361328 0.444336 0.18457 0.0224609 0.0771484 0 0.0078125 0.268555 0.00488281 0.00195312 
0 0 0 0.00292969 0 1 0.00585938 0 0 0 
0 1 0.000976562 0.00195312 0.00195312 0.000976562 0.000976562 0.0136719 0.000976562 0.000976562 
1 0.0078125 0.000976562 0.000976562 0.00390625 0.00195312 0.0634766 0.00878906 0.00292969 0.0078125 
0 0.00195312 0.000976562 0 0 0 0 1 0 0 
0 1 0.00195312 0.00488281 0.000976562 0.000976562 0 0.000976562 0 0 
0.000976562 0.183594 0.00195312 0.267578 0.0761719 0.5 0.0556641 0.00976562 0.00976562 0.00976562 
0.799805 0 0.00195312 0 0.00195312 0 0.0449219 0 0.0107422 0.3125 
0 0.0302734 0.00390625 0.000976562 0 0 0 1 0 0 
0 0.000976562 0 0.173828 0 1 0.00683594 0.00195312 0.000976562 0.00292969 
0 0.00292969 0.000976562 0.000976562 1 0 0.00488281 0 0.000976562 0 
0 1 0 0.000976562 0.00585938 0 0 0.00292969 0 0 
0 0.00292969 0.00292969 0 0 0 0 1 0 0 
0.000976562 1 0 0.00292969 0.000976562 0 0 0.00585938 0 0.00195312 
0 0.00195312 0.000976562 1 0.000976562 0.0410156 0 0 0.00683594 0.00390625 
0.000976562 0.0146484 0 0.00292969 1 0.00195312 0.00195312 0.00195312 0.000976562 0.000976562 
0.0791016 0.0126953 0.179688 0.0078125 0.0703125 0.00585938 0 0 0.00585938 0.666992 
0 0.0126953 0 0.0634766 0.00195312 1 0.0595703 0.00195312 0.00292969 0.00683594 
0 1 0 0.00292969 0.00195312 0.000976562 0.000976562 0.0683594 0 0 
0 1 0 0 0 0 0 0.000976562 0 0 
0.00195312 0.202148 0.147461 0.00292969 0.799805 0.00390625 0.015625 0.00292969 0.0136719 0.00195312 
0 0.00585938 0.000976562 0.000976562 1 0 0 0.000976562 0 0 
1 0.0683594 0.00292969 0 0 0 0.00195312 0.00488281 0.000976562 0.00195312 
0.172852 0.00585938 0.0195312 0.0283203 0.125977 0.0078125 0.0673828 0.000976562 0.104492 0.5 
0 0.000976562 1 0.00292969 0.00195312 0 0 0.00390625 0 0 
0 0.0117188 0 0.0566406 0.00292969 1 0.0136719 0 0 0.00292969 
0.0107422 0.00292969 0.000976562 0.00585938 0.00878906 0.0322266 1 0.00390625 0.00195312 0.000976562 
0 0.000976562 1 0 0 0 0 0.000976562 0 0 
0 0 0 0.000976562 0 0 0.000976562 0 1 0 
0 0.300781 0.00488281 0.363281 0.00195312 0.234375 0.000976562 0.0078125 0.00878906 0.0761719 
0 0.00488281 0.0107422 0.00195312 0 0 0 1 0 0 
0.00292969 0.0126953 0.000976562 0.799805 0.00390625 0.0117188 0.0283203 0 0.166992 0.0136719 
0 0.00195312 0.00683594 0.0341797 0.00390625 1 0.0078125 0.000976562 0.00292969 0.00390625 
0.571289 0.0722656 0.00585938 0.25293 0.0292969 0.0488281 0.00488281 0.0439453 0.00292969 0.0361328 
0 0 1 0.00292969 0.000976562 0 0 0.000976562 0 0 
1 0.00292969 0.000976562 0.000976562 0.00878906 0 0.00292969 0.000976562 0.00195312 0.144531 
0.000976562 0.0078125 0.444336 0.00195312 0.000976562 0 0 0.571289 0 0 
0 0.0419922 0.00683594 0.799805 0.00683594 0.00683594 0.0146484 0.12207 0.0107422 0.00195312 
0.000976562 0.00195312 1 0.00292969 0.000976562 0 0 0.0263672 0 0.000976562 
0.00195312 0 0.00292969 0.000976562 0 0.00195312 0 0 0 1 
0 1 0 0.00292969 0 0 0 0.00195312 0 0 
0 1 0 0 0 0 0 0.00292969 0 0 
0 0.00195312 0.000976562 0 1 0.000976562 0.00585938 0 0.00195312 0 
0.00195312 0.441406 0.0292969 0.0556641 0.5 0.00683594 0.000976562 0.00390625 0.00195312 0.0214844 
0.046875 0.00292969 0.0107422 0.0078125 0.00390625 0.0166016 0.00195312 0.00195312 0.0136719 1 
0 0.00976562 0.126953 0.0498047 0.000976562 0 0.000976562 1 0.00488281 0.000976562 
0.00585938 0.00195312 0.277344 0.0224609 0.00195312 0.0117188 0.00195312 0 0.0273438 0.666992 
0 1 0 0.000976562 0.00683594 0 0 0.00390625 0 0 
0.243164 0.00195312 0 0.000976562 0.00292969 0.00195312 0.799805 0.00488281 0.00683594 0.000976562 
0.000976562 0.0361328 0.00292969 0.0195312 0.00292969 1 0.0195312 0.00390625 0 0.0078125 
0 0.293945 0.0175781 0.00195312 0.000976562 0.00488281 0.0078125 0.799805 0 0.000976562 
0.00292969 1 0.000976562 0.000976562 0.0205078 0 0.000976562 0.00390625 0.00390625 0.00195312 
1 0.000976562 0.000976562 0 0.000976562 0 0.00195312 0 0.000976562 0.00585938 
0 0 0 0 0.000976562 0.0078125 1 0 0.00292969 0 
0 0.444336 0.000976562 0.0107422 0.571289 0.0244141 0.00292969 0.00683594 0 0.00292969 
0.00878906 0.0175781 0.0341797 0.00292969 0 0 0 1 0 0.00585938 
0 0.000976562 1 0.0117188 0.00585938 0.00195312 0 0.0107422 0 0 
0.00585938 0.00195312 0.0253906 0.0117188 0.00390625 0.0683594 1 0.00390625 0.0263672 0.0361328 
0 0 1 0 0 0 0 0.000976562 0 0 
0 0.0078125 0.00488281 0.00683594 0.0175781 1 0.112305 0.00488281 0 0.00292969 
0 0 0 0.00292969 0 0.000976562 0.00292969 0 1 0.000976562 
0 1 0 0.000976562 0 0 0 0.000976562 0 0 
0.000976562 1 0.00585938 0.00390625 0.00585938 0 0 0.00390625 0.00390625 0.000976562 
0.000976562 1 0.0175781 0.00390625 0.00878906 0 0 0.00488281 0 0.000976562 
0 0.000976562 1 0.000976562 0.000976562 0 0 0.00585938 0 0 
0 0.00195312 0.00195312 0.000976562 0 0 0 1 0 0 
0 1 0.000976562 0.000976562 0 0 0 0.135742 0 0 
0.000976562 0.00292969 0.799805 0.00390625 0.000976562 0 0 0.3125 0.00195312 0.00390625 
0 0.0302734 0.00195312 0.00390625 0 0 0 1 0 0 
0.00683594 0.0117188 0.00195312 0.00195312 1 0.00292969 0.0390625 0.000976562 0.00488281 0.00878906 
1 0.00585938 0.00390625 0.000976562 0.015625 0 0.046875 0.00195312 0.00390625 0.0078125 
0 0.0234375 0 0 0 0 0 1 0 0 
0.00390625 0.00488281 0.571289 0.00195312 0.00195312 0 0 0.503906 0.000976562 0 
0 0.0166016 0.00390625 0.000976562 1 0.00195312 0.00195312 0 0 0.00683594 
0.000976562 0 0.00195312 0 0 0.000976562 0 0 0.000976562 1 
0 0 1 0.000976562 0 0 0 0 0 0 
0.0234375 0.00878906 0.0263672 0.078125 0.0498047 0.0322266 0.108398 0.00292969 0.0576172 0.799805 
0.00585938 0.0107422 0.00195312 0.00585938 0.166992 0.0498047 0.799805 0 0.0126953 0.00292969 
0 0.000976562 0 1 0 0.0117188 0.00195312 0 0.000976562 0 
0.000976562 0.0078125 0.00292969 0.00292969 0 0 0 1 0 0 
0.000976562 1 0.00585938 0.0126953 0.0927734 0.00585938 0.000976562 0.015625 0.00683594 0.0234375 
0 0.00585938 0 0.000976562 1 0 0 0 0 0 
0 0.25293 0 0.0556641 0.00488281 0.15332 0.571289 0.000976562 0.00585938 0 
0.0185547 0.0771484 0.0263672 0 1 0.00195312 0.0410156 0.0224609 0.00585938 0.000976562 
0.000976562 0.0175781 0.000976562 0.000976562 0 0 0 1 0 0 
0 0 1 0 0 0 0 0 0 0 
0.00390625 0.00195312 1 0.000976562 0.00195312 0 0 0.000976562 0 0.000976562 
0.00488281 1 0.00683594 0.00195312 0.0927734 0.000976562 0.0078125 0.00878906 0.00683594 0.00390625 
0 0.0390625 0.00195312 0.000976562 0 0 0 1 0 0 
0 0.00585938 0.000976562 0.0722656 0.00390625 1 0.00878906 0.00195312 0 0.00195312 
0 1 0 0 0.00390625 0 0 0.00488281 0 0 
0 0.000976562 0.000976562 0.000976562 1 0.000976562 0.00195312 0 0 0 
0 0 0 0.00488281 0 1 0.000976562 0 0 0.00195312 
0 1 0.00195312 0.0253906 0.00585938 0.0771484 0.0527344 0.0175781 0.00195312 0.00683594 
0 0 0 0.00292969 0 1 0.00195312 0 0 0.000976562 
0 0 0 0.000976562 0.000976562 1 0.0341797 0 0 0.000976562 
0 1 0 0 0 0 0 0.000976562 0 0 
1 0.00292969 0.00488281 0.0361328 0 0.000976562 0.00488281 0.000976562 0.00292969 0.105469 
0.000976562 0.000976562 1 0.00390625 0 0.000976562 0 0.00195312 0 0.00292969 
0.00195312 0.0302734 0.00878906 0.00390625 1 0 0.000976562 0.00390625 0 0 
0 0.0283203 0.0722656 0.0195312 0.00195312 0.000976562 0.000976562 1 0.00195312 0.000976562 
0 0.000976562 0.000976562 1 0.000976562 0 0.000976562 0 0.00488281 0 
0.00585938 0.363281 0.0800781 0.0556641 0.34082 0.0625 0.0273438 0.0429688 0.0107422 0.0664062 
0.368164 0.571289 0.000976562 0.0136719 0.0107422 0.00195312 0.0410156 0.119141 0.000976562 0.00488281 
0.000976562 0.0390625 0 0.000976562 1 0.00292969 0.00878906 0.00683594 0.000976562 0.00390625 
0 0.000976562 0 0 1 0 0 0 0 0 
0 0 0 1 0 0.00390625 0 0 0 0 
0.00292969 0.799805 0 0.00195312 0.3125 0.0117188 0.00390625 0.00195312 0.00488281 0.0371094 
0.000976562 1 0 0 0.00195312 0 0.00292969 0.00585938 0.000976562 0 
0 0.108398 0.230469 0.0449219 0.00390625 0 0 0.666992 0.00195312 0 
0.000976562 0.000976562 1 0.00195312 0.000976562 0 0 0.000976562 0 0.000976562 
0 0.000976562 0.000976562 0 1 0.00488281 0.00976562 0 0 0.000976562 
0.000976562 0.000976562 1 0.00390625 0 0 0 0.00878906 0 0 
0.00585938 0.00585938 1 0.0195312 0.0195312 0.0078125 0.0185547 0.00585938 0.0078125 0.0078125 
0.00488281 0.0439453 0.0820312 0.571289 0.173828 0.126953 0.00292969 0.00390625 0.00488281 0.0361328 
0.000976562 0 0 0 0.00292969 0.00292969 1 0 0 0 
0.000976562 0 0.000976562 0.00195312 0.000976562 0 0.0595703 0 1 0 
0.000976562 0.00488281 0 0 1 0 0.00195312 0 0.000976562 0 
0.00195312 0.0205078 1 0.0410156 0.0253906 0.0253906 0.000976562 0.00488281 0.00292969 0.00585938 
0 0 0 1 0 0.000976562 0 0 0.000976562 0 
0 0.000976562 1 0.000976562 0 0 0 0.00390625 0 0 
0 0.0302734 0.00195312 0.015625 0.799805 0.0888672 0.0537109 0.000976562 0.0234375 0.00683594 
0 0 0 0.0185547 0 1 0.00976562 0.000976562 0 0 
1 0.000976562 0 0 0 0 0.000976562 0 0 0.00292969 
0.00390625 0.0820312 0.00585938 0.0361328 0.0634766 0.571289 0.287109 0.00878906 0.00292969 0.0224609 
0 0.000976562 1 0.000976562 0.000976562 0 0 0.00195312 0 0 
0.00195312 0 0 0 0 0 0 0 0 1 
0.000976562 0.000976562 0 0.00292969 0.0195312 0.163086 1 0 0.00292969 0.00292969 
0 0 1 0.000976562 0.000976562 0 0 0.00292969 0 0 
0 1 0 0 0 0 0 0.00195312 0 0 
0.00195312 0.000976562 1 0.00390625 0.000976562 0 0 0.00292969 0 0.000976562 
0.0595703 0 0.000976562 0.00292969 0 0.0986328 1 0 0.00976562 0.0722656 
0 0.00585938 0.00292969 0.000976562 0 0 0 1 0 0 
0.0195312 0.119141 0.0166016 0.0263672 1 0.0078125 0.00195312 0.00488281 0.00878906 0.0322266 
0 0 0 0.00195312 0 1 0.00195312 0 0 0 
0.00292969 0.00292969 0.473633 0.00195312 0.00292969 0 0.00292969 0.571289 0.00292969 0 
0.000976562 0.0078125 0.000976562 0 1 0.00195312 0.0078125 0.000976562 0 0.000976562 
0.0224609 0.0771484 1 0.0175781 0.0361328 0.00390625 0.00585938 0.0322266 0.00390625 0.0146484 
0.000976562 0.363281 0.320312 0.03125 0.000976562 0.0107422 0.0136719 0.249023 0.000976562 0.00585938 
0 0.00195312 0.000976562 1 0.00488281 0.00878906 0.00195312 0.000976562 0.0361328 0.000976562 
0.00488281 0.250977 0.0810547 0.22168 0.00878906 0 0.000976562 0.5 0.00195312 0.00292969 
0.000976562 0.666992 0.0791016 0.03125 0.260742 0.0166016 0 0 0.000976562 0.00488281 
0 0.00195312 1 0.00195312 0.000976562 0 0 0.000976562 0.000976562 0.000976562 
0 0 0 0.000976562 0 0.00488281 1 0 0.0107422 0 
0.000976562 0.00292969 0.00195312 0.000976562 0 0 0.000976562 1 0 0 
0 0.00292969 0.0107422 0.0107422 0.00585938 0.000976562 0.00195312 0 1 0.0185547 
0 0 0 0.00585938 0 1 0.0234375 0 0 0.000976562 
0.000976562 1 0 0.00292969 0 0.000976562 0.000976562 0.0224609 0 0.000976562 
0.00488281 0.000976562 1 0.00390625 0.00195312 0 0.000976562 0.00292969 0.0146484 0.0283203 
0.000976562 1 0 0 0 0 0 0.000976562 0 0 
0 0.00292969 0.000976562 0.000976562 0 0 0 1 0 0 
0.0820312 0.000976562 0.00195312 0.0439453 0.00195312 0.0869141 0.571289 0.000976562 0.237305 0.0126953 
0.000976562 1 0.0078125 0.0869141 0.00585938 0.015625 0.00390625 0.0078125 0.00195312 0.00683594 
0 0.0195312 0.0166016 0.00390625 0.000976562 0 0 1 0 0 
0.0224609 0.0263672 0.0244141 0.0595703 0.571289 0.00976562 0.00292969 0.0078125 0.0214844 0.25293 
0.0390625 0.147461 0.799805 0.0107422 0.00292969 0.000976562 0.000976562 0.0449219 0.0126953 0.0224609 
1 0.000976562 0.000976562 0.00195312 0.000976562 0.000976562 0.0078125 0.000976562 0.00390625 0.000976562 
0.000976562 0.00488281 0.000976562 0.00585938 0.0634766 0.571289 0.392578 0.00390625 0 0.00683594 
0 0.00195312 0.00195312 1 0.00195312 0.0117188 0 0.00195312 0 0.000976562 
0 0 0 1 0 0.000976562 0 0 0 0 
0 0.000976562 0 1 0 0.000976562 0 0 0.000976562 0 
0.0078125 0.219727 0.103516 0.0761719 0.363281 0.151367 0.0585938 0.0273438 0.015625 0.00585938 
0.00195312 0.00292969 0.000976562 0 0 0 0 1 0 0 
0.00292969 0 0.00292969 0 0 0.000976562 0 0 0 1 
0.00390625 0.0117188 0.0146484 0.314453 0.0175781 0.0185547 0.000976562 0.00195312 0.0332031 0.666992 
0.00390625 0.799805 0.0195312 0.00195312 0.12207 0.00195312 0.00488281 0.00683594 0.0107422 0.0253906 
0 0 1 0.000976562 0 0 0 0.00585938 0 0 
0 0.00292969 0.00195312 0.0166016 0.00195312 1 0.0195312 0.00195312 0.000976562 0.00195312 
0.00390625 0.0175781 0.571289 0.00390625 0.00195312 0 0 0.503906 0.000976562 0.00683594 
0.000976562 1 0 0.000976562 0.000976562 0 0 0.00488281 0 0.000976562 
0.000976562 0.00683594 0.0205078 0.00878906 1 0.00683594 0.0302734 0 0.0322266 0.00292969 
0.00195312 0.799805 0.00683594 0.0136719 0.157227 0.00195312 0.000976562 0.0205078 0.0146484 0.0195312 
0 1 0 0 0.000976562 0 0 0.00878906 0 0 
0.00195312 0.0742188 0.666992 0.0136719 0.00390625 0.00390625 0.00390625 0.356445 0.000976562 0.00390625 
0 1 0 0.000976562 0 0 0 0.000976562 0 0 
0.00195312 0.334961 0.00390625 0.666992 0.0234375 0.0146484 0.00195312 0.0654297 0 0.0292969 
0 1 0.00195312 0.000976562 0.00195312 0 0 0.000976562 0 0 
0 0.666992 0.00683594 0.0332031 0.0078125 0.0214844 0.00390625 0.245117 0.00976562 0.00390625 
0.000976562 0.0214844 0.0224609 0.666992 0 0.00976562 0 0.429688 0.00195312 0.00292969 
0 0.00976562 0.0146484 0.138672 0.799805 0.0107422 0.0224609 0.000976562 0 0.00390625 
0 0.473633 0.00585938 0.00195312 0 0 0 0.571289 0 0 
0 0.00195312 0 0.0126953 0.00585938 0.000976562 0.00488281 0 1 0.00585938 
0 0.00195312 0 1 0 0.0263672 0.00390625 0.00195312 0.000976562 0 
0.0175781 0.0341797 0.0078125 0.195312 0.0292969 0.0458984 0.22168 0.0410156 0.5 0.00878906 
0 0 1 0 0 0 0 0 0.000976562 0 
0.000976562 1 0.000976562 0 0.00195312 0 0.000976562 0.0195312 0.000976562 0.000976562 
0.00488281 0.28418 0.0341797 0.0488281 0.0166016 0.0136719 0.0126953 0.5 0.0917969 0.0117188 
0.000976562 0.00878906 1 0.0117188 0.00683594 0 0.000976562 0.15332 0.00292969 0.00390625 
0.00195312 0.0126953 0.0283203 0.0341797 0.0527344 0.5 0.441406 0.0175781 0.00292969 0.0126953 
0.000976562 1 0.00195312 0.00292969 0.000976562 0 0 0.0302734 0 0 
0 0 1 0.000976562 0 0 0 0 0 0 
0.0107422 0.00585938 0.0166016 0.00878906 1 0.0126953 0.0986328 0.00195312 0.0253906 0.00195312 
0.00195312 1 0.000976562 0 0.000976562 0 0 0.00878906 0.000976562 0 
0 1 0 0 0.00195312 0 0 0.00292969 0.000976562 0 
0.00195312 0.000976562 0 0.000976562 0.00292969 0.00195312 1 0 0.0117188 0 
0.5 0.183594 0.000976562 0.0078125 0.00683594 0.00195312 0.0673828 0.22168 0.0292969 0.00390625 
0.00195312 0.00390625 1 0.00683594 0 0 0 0.0117188 0.00683594 0.00195312 
0.0458984 0.0166016 0.5 0.0410156 0.00878906 0.0361328 0 0.0126953 0.000976562 0.414062 
0 0 1 0 0 0 0 0 0.000976562 0.000976562 
0.000976562 0.00195312 0.00390625 0.00488281 0.00195312 0.00390625 0.197266 0.000976562 1 0.00488281 
0 0.015625 0.126953 0.00585938 0 0 0 1 0 0 
0.00976562 0.000976562 0.0185547 0.00390625 0.000976562 0.00390625 0.000976562 0.000976562 0.00292969 1 
0.000976562 1 0.0390625 0.015625 0.00878906 0.00390625 0.000976562 0 0 0.00292969 
0 0.258789 0.00488281 0.00488281 0.799805 0.0419922 0.0117188 0.0537109 0.00195312 0.00585938 
0.00878906 0.799805 0.00585938 0.00390625 0.000976562 0.00292969 0.00488281 0.177734 0 0.000976562 
0 0.0126953 0.101562 0.666992 0.00195312 0.139648 0.015625 0.0107422 0.00292969 0.108398 
0.000976562 0 0 0.00292969 0 0.0107422 1 0 0.0527344 0.00195312 
0.0136719 1 0.00195312 0.000976562 0.046875 0.00195312 0.0302734 0.0390625 0.0136719 0.00292969 
0 0 0 1 0 0.00585938 0 0 0 0.000976562 
0.268555 0.173828 0.444336 0.00683594 0.0869141 0.000976562 0.00683594 0.0361328 0.00683594 0.0673828 
0 0.00195312 0 0.0302734 0.000976562 1 0.00292969 0 0 0.00195312 
0 0 0 0.000976562 0 0.0302734 1 0.000976562 0.000976562 0 
0 0.00585938 0 1 0.000976562 0.00976562 0.00292969 0.015625 0.00292969 0.00292969 
1 0.0205078 0.0117188 0.00195312 0.0175781 0.000976562 0.00585938 0.00683594 0.00585938 0.0146484 
0 0 0 0.00292969 0 1 0.00195312 0 0 0.00195312 
0.18457 0.571289 0.0283203 0.0205078 0.0673828 0.00292969 0.00683594 0.0527344 0.104492 0.00878906 
0.00195312 0.119141 0.00878906 0.0410156 0.112305 0.15332 0.571289 0.015625 0.0185547 0.00390625 
0 0 0 0.00390625 0 1 0.00878906 0 0 0.000976562 
0.00488281 0.0498047 0.0537109 0.0693359 0.799805 0.0371094 0.00292969 0.000976562 0.00683594 0.0234375 
0 0.0341797 0.00292969 0.00292969 0 0 0 1 0 0 
0.196289 0.119141 0.18457 0.0361328 0.286133 0.00976562 0.0917969 0.0361328 0.0458984 0.0146484 
0.00585938 0.167969 0.0273438 0.0615234 0.0332031 0.0078125 0.0390625 0.666992 0.0507812 0.0146484 
0 1 0 0 0.000976562 0 0 0.00292969 0 0 
0 0.000976562 1 0.0136719 0.00585938 0 0 0.00683594 0.000976562 0 
0.00878906 0.119141 0.0595703 0.015625 1 0.0078125 0.00195312 0.00878906 0.00488281 0.00585938 
0.000976562 0 0.000976562 0.000976562 0.00292969 0.00585938 0 0 0.000976562 1 
0.00390625 0.0537109 0.0419922 0.400391 0.242188 0.046875 0.0302734 0.176758 0.0302734 0.00390625 
1 0.000976562 0 0 0 0 0.00292969 0 0.000976562 0.000976562 
0.00488281 1 0 0 0.000976562 0 0.00195312 0.00195312 0.000976562 0 
0.000976562 0.00683594 0.00195312 0.000976562 1 0.00878906 0.0136719 0.000976562 0.00390625 0.00488281 
0 0.00976562 0.00683594 0.202148 0.00292969 0.799805 0.00195312 0.00683594 0.00292969 0.0371094 
0 0.00195312 0.00488281 0.000976562 0 0 0 1 0 0 
0 0.00292969 0.00195312 0.108398 0.00292969 0.799805 0.0947266 0.00292969 0.00683594 0.00292969 
0.015625 0.314453 0.00390625 0.0117188 0 0 0.000976562 0.666992 0.00390625 0.000976562 
0 0 0 0.00195312 0 1 0.0078125 0 0 0 
0 0.00195312 0.000976562 0.0175781 0.00195312 0.12207 0.799805 0 0.189453 0.00195312 
0.00683594 1 0.000976562 0.00195312 0.0175781 0.00195312 0.0078125 0.00390625 0.00195312 0.00195312 
0.00195312 0.134766 0.571289 0.126953 0.0332031 0.18457 0.0126953 0.00488281 0.000976562 0.0488281 
0 0.000976562 0 1 0 0.00683594 0 0 0 0.000976562 
0 0.00195312 0 0 1 0.000976562 0.00292969 0 0 0 
0.00683594 0.0224609 0.392578 0.0136719 0.00195312 0.000976562 0.00292969 0.571289 0.00195312 0.00878906 
0 0.00195312 0.00878906 0 0 0 0 1 0 0 
0.000976562 1 0 0 0.0107422 0 0 0.00292969 0.000976562 0 
0.00195312 0.00683594 0.177734 0.0371094 0.00976562 0.00683594 0.0146484 0.00488281 0.799805 0.0449219 
0.000976562 0.00195312 1 0.00390625 0.00195312 0 0 0.00878906 0 0 
0.00195312 0.0136719 0.135742 1 0.0595703 0.00878906 0.00390625 0.00292969 0.0166016 0.00195312 
0 0.00585938 0.0136719 1 0.0986328 0.00585938 0.000976562 0.000976562 0.00683594 0 
0 0.000976562 0 0.0078125 0 1 0.0722656 0 0.000976562 0.000976562 
0.00292969 0.0126953 1 0.0175781 0 0 0 0.119141 0 0 
0.000976562 0.00195312 1 0.00585938 0.00292969 0 0 0.000976562 0.00195312 0.00390625 
0.0078125 0 0 0.00195312 0 0.0302734 1 0 0.000976562 0.00195312 
0.0224609 0.00878906 0.571289 0.00195312 0.392578 0.000976562 0.00292969 0.000976562 0.00585938 0.000976562 
0.000976562 0.0390625 0.00976562 0.126953 0.0078125 0.015625 0.00292969 0.00488281 0.00585938 1 
0.00195312 0.00292969 1 0.000976562 0.00488281 0 0.000976562 0.00488281 0.00292969 0.000976562 
0 0.00195312 0.00195312 0.00195312 0 0 0 1 0 0 
0 1 0 0 0 0 0 0.000976562 0 0 
0.00195312 0.666992 0.00683594 0.0117188 0 0.00683594 0.000976562 0.429688 0.00195312 0.00195312 
0 0.00683594 0.000976562 0.0107422 0.799805 0.147461 0.0888672 0 0 0.00292969 
0.000976562 0.00195312 1 0.00292969 0.00195312 0 0 0.0117188 0 0 
0 0.000976562 1 0.000976562 0.000976562 0 0 0.00585938 0 0 
0 0.000976562 0.000976562 0.00292969 0.00292969 1 0.0205078 0.000976562 0.000976562 0.00390625 
0 0.00292969 1 0.00292969 0.00878906 0 0 0.00585938 0.00195312 0.000976562 
0 0.000976562 0.000976562 0 1 0 0 0 0 0 
0.00390625 1 0.000976562 0.00195312 0.0322266 0 0 0.000976562 0.00488281 0.0078125 
0 0.000976562 0 0 1 0.000976562 0.00292969 0 0 0.000976562 
0 0 1 0.000976562 0 0 0 0.000976562 0 0.000976562 
0.000976562 0.00488281 0 0 0.00976562 0.0205078 1 0.00195312 0.00195312 0.000976562 
0.000976562 0.126953 0.000976562 0.0107422 0.0361328 0.000976562 0.00390625 1 0.000976562 0 
0.00683594 0.799805 0.00292969 0.00292969 0.0537109 0.00195312 0.00683594 0.177734 0.00195312 0 
0 0.00195312 0.000976562 0 1 0.00195312 0.00292969 0 0.00195312 0 
0 0 0 0.0146484 0 1 0.00683594 0.000976562 0 0.000976562 
0 1 0.000976562 0.000976562 0 0 0 0.0126953 0 0 
0.000976562 0.0410156 0.00390625 0.00878906 1 0.00390625 0.000976562 0.000976562 0 0.0078125 
0 0.00390625 0.000976562 0 0 0 0 1 0 0 
0.000976562 0.000976562 1 0 0 0 0 0.00195312 0 0 
0.000976562 0 0.000976562 0.00292969 0.000976562 0.00878906 0.429688 0 0.666992 0.000976562 
0.0253906 0.00488281 0.0078125 0.000976562 1 0 0.00683594 0.00683594 0.0322266 0.000976562 
0.00585938 0.0107422 0.0410156 0.00195312 1 0.00195312 0.000976562 0.000976562 0.00195312 0.00390625 
0.0400391 0.0380859 0.171875 0.0859375 0.182617 0.0976562 0.266602 0.0361328 0.0517578 0.0458984 
0.00195312 1 0.0117188 0.00292969 0.00585938 0.000976562 0.000976562 0.000976562 0.00195312 0.00195312 
0 0.00390625 0.0146484 0.404297 0.00390625 0.000976562 0.0078125 0.666992 0.00976562 0 
0.0625 0.161133 0.0185547 0.118164 0.171875 0.151367 0.266602 0.0400391 0.00292969 0.0361328 
0 1 0 0.000976562 0 0 0 0.0166016 0 0 
0 0.000976562 0.00292969 0.0253906 0.000976562 1 0.00195312 0 0.00292969 0.00292969 
0.000976562 0.0644531 0.0693359 0.15625 0.274414 0.400391 0.0136719 0.00976562 0.00683594 0.0732422 
0.000976562 0.00683594 0.0117188 0.00195312 0.276367 0.0537109 0.799805 0.000976562 0.00683594 0 
0.000976562 0.250977 0.195312 0.0986328 0.5 0.0195312 0 0.00195312 0.00195312 0.00585938 
0.000976562 0.000976562 0.000976562 0.0205078 0.00976562 0.0107422 0.0820312 0 1 0.00683594 
0.000976562 0.00585938 0.0107422 0.0146484 0.0107422 1 0.0341797 0.0126953 0.000976562 0.0078125 
0 0.799805 0.00683594 0.00292969 0.00195312 0 0.00292969 0.3125 0 0 
0 1 0.00585938 0.00878906 0.0224609 0.00292969 0.00195312 0.173828 0.00390625 0.0078125 
0 0 0 0.00195312 0 1 0.00292969 0 0 0.000976562 
0.000976562 0.00488281 1 0.0390625 0.0175781 0.000976562 0.000976562 0.0439453 0.00292969 0.000976562 
0 0.00390625 0.000976562 0.000976562 1 0.0078125 0.000976562 0 0 0.0078125 
0.277344 0.666992 0.0078125 0.0175781 0.0234375 0.00390625 0.00488281 0.0214844 0.0078125 0.0175781 
0 0.0439453 0.00585938 0.00195312 1 0.000976562 0.000976562 0 0.00390625 0.00390625 
0.000976562 1 0.000976562 0 0.000976562 0 0.000976562 0.237305 0 0 
0.00292969 1 0.00292969 0.00585938 0.0322266 0.00390625 0.00292969 0.0820312 0.00292969 0.0078125 
1 0.0234375 0.00976562 0.000976562 0.0410156 0 0.0390625 0.0175781 0.0683594 0.00292969 
0.00195312 0.163086 0.163086 0.571289 0.0322266 0.0634766 0.0380859 0.00195312 0.0175781 0.0380859 
0.000976562 0.0302734 0.0224609 0.0078125 1 0.0078125 0.00488281 0.000976562 0 0.00195312 
0.0078125 0.388672 0.0263672 0.0126953 0.5 0.00390625 0.0429688 0.0078125 0.0244141 0.0126953 
0.00195312 0 0 0.00195312 0 0.0195312 1 0 0.00683594 0.000976562 
0.222656 0.0673828 0.0273438 0.0673828 0.00488281 0.286133 0.222656 0.0458984 0.0107422 0.0458984 
0.0175781 0.282227 0.0625 0.015625 0.363281 0.0244141 0.206055 0.00878906 0.0166016 0.0078125 
0.000976562 1 0.0263672 0.00585938 0.00390625 0 0.000976562 0.0195312 0 0.000976562 
0.0234375 0.00292969 0.0175781 0.00683594 0.112305 0.00195312 0.00195312 0 0.0527344 1 
0.00195312 0.0224609 0.237305 0.0185547 0.444336 0.0205078 0.286133 0.0117188 0.00195312 0.00976562 
0.00195312 1 0.0126953 0.00195312 0.000976562 0.000976562 0.000976562 0.00390625 0.000976562 0.000976562 
0.000976562 0.0224609 0.0341797 0.0927734 0.0205078 1 0.00292969 0.0175781 0.00390625 0.0527344 
0 0.00292969 0.00488281 0.0175781 0.00488281 0.00878906 0.0498047 0 1 0.0146484 
0 1 0.0205078 0.0595703 0.0175781 0.0078125 0.00292969 0.00488281 0.000976562 0.00683594 
0.000976562 1 0.0107422 0.00292969 0.0078125 0.000976562 0 0.00488281 0.00683594 0.00195312 
0 0.0117188 0.00195312 0.0253906 0.0957031 0.666992 0.0175781 0 0.00488281 0.203125 
0 1 0 0.000976562 0.0683594 0 0.000976562 0.00292969 0.000976562 0 
0.00195312 1 0 0 0.0175781 0 0.00195312 0.00195312 0 0 
0 0.000976562 0.015625 1 0.000976562 0.00976562 0.000976562 0.000976562 0.0634766 0.0361328 
0 0.000976562 0.000976562 0 0 0 0 1 0 0 
0.000976562 0 0.00488281 0.000976562 0 0.00195312 0 0 0 1 
0 0.000976562 1 0.00390625 0 0 0 0 0.000976562 0 
0.000976562 0 0 0 0 0 0 0 0 1 
0.000976562 0 0.00195312 0.0166016 0 0.571289 0.503906 0.00195312 0.00195312 0.00585938 
0 0.00976562 0.00195312 0.429688 0.00683594 0.00585938 0.00195312 0.666992 0 0 
0.322266 0.5 0.00683594 0.00292969 0.00195312 0.00585938 0.0175781 0.125977 0.00488281 0.0244141 
0 1 0 0 0.000976562 0 0 0.00488281 0 0 
0.00292969 0.219727 0.160156 0.00878906 0.363281 0.110352 0.125 0.0224609 0.0107422 0.0585938 
0 1 0 0 0.00390625 0 0 0.00195312 0 0 
0 0 1 0.000976562 0 0 0 0.000976562 0 0 
0 0 1 0 0 0 0 0.000976562 0 0.000976562 
0 0 1 0 0 0 0 0.000976562 0 0 
0.000976562 0.0302734 0.799805 0.189453 0.0107422 0 0 0.0341797 0 0 
0.799805 0.00195312 0 0 0.00292969 0 0.243164 0 0.00195312 0.000976562 
0 0.00195312 1 0.00195312 0 0 0 0.00878906 0 0 
0.00585938 0.000976562 0.00390625 0.00683594 0.000976562 0.00195312 0.293945 0 0.799805 0.0263672 
0.666992 0.404297 0.00195312 0 0.00976562 0 0.0234375 0.0478516 0.00390625 0.00195312 
0.00683594 0.0205078 0.0136719 0.0986328 0.173828 0.0380859 0.143555 0.00585938 0.444336 0.0986328 
0.00292969 0.00390625 0.00585938 0 1 0 0.000976562 0 0.000976562 0 
0 1 0 0 0.00390625 0 0 0.000976562 0 0 
0.000976562 0.00195312 1 0.000976562 0.00195312 0 0 0.144531 0.000976562 0.000976562 
0 0.00292969 0 0.000976562 1 0.000976562 0 0 0 0 
0.666992 0.00390625 0.00585938 0.00195312 0.00976562 0.00195312 0.0146484 0.000976562 0.0126953 0.294922 
0 0 1 0.00195312 0 0 0 0.000976562 0 0.000976562 
0 1 0.000976562 0 0 0 0 0.00292969 0.000976562 0 
0 1 0 0 0 0 0 0.00292969 0 0 
0 0.000976562 1 0.000976562 0.000976562 0 0 0.00488281 0 0 
0.00585938 0.0341797 0.307617 0.164062 0.0322266 0.224609 0.00488281 0.0234375 0.00683594 0.239258 
0.000976562 0.00195312 1 0.00195312 0 0 0 0.0117188 0 0 
0.000976562 0.000976562 1 0.000976562 0 0 0 0.000976562 0 0.00195312 
0.0185547 0.0146484 0.00195312 0.0175781 0.0273438 0.00976562 0.666992 0.00390625 0.378906 0.00488281 
0.000976562 0.00195312 1 0.00390625 0.000976562 0 0 0.00683594 0.000976562 0 
0 1 0.00292969 0.00878906 0.0322266 0.00585938 0.00195312 0.0341797 0.000976562 0.000976562 
0.000976562 0.000976562 0.00292969 0.163086 0.000976562 1 0.0224609 0.00585938 0.00390625 0.00390625 
0.000976562 1 0.00683594 0.00488281 0.0566406 0.00195312 0.000976562 0.00292969 0.000976562 0.000976562 
0 0 1 0.00292969 0 0 0 0.00195312 0 0 
0 0.000976562 0.000976562 0.00195312 0.00195312 1 0.0410156 0.000976562 0 0.00390625 
0 0 0 0.00195312 0 1 0.00195312 0 0 0 
0 0.000976562 1 0.00878906 0.00195312 0 0.000976562 0.00585938 0.00292969 0.000976562 
0.00195312 0.444336 0.0927734 0.163086 0.0136719 0.0673828 0.00878906 0.0410156 0 0.196289 
0 0.000976562 0.00585938 1 0.00292969 0.00683594 0.00488281 0 0.00585938 0.000976562 
0 0.000976562 1 0.00195312 0 0 0 0.0253906 0 0.000976562 
0.00683594 0.0302734 1 0.0566406 0.0205078 0.00488281 0.000976562 0.0341797 0.0117188 0.0322266 
0.00488281 0.00195312 0.00976562 0.0263672 0.00585938 0.00585938 0.00292969 0.000976562 0.0253906 1 
0 0.00195312 0 0 0 0 0 1 0 0 
0.00585938 0.0732422 0.799805 0.015625 0.0449219 0.0253906 0.0839844 0.0693359 0.0224609 0.0419922 
0 0 1 0.000976562 0 0 0 0.000976562 0 0 
0 0.000976562 0.000976562 0.0166016 0.000976562 1 0 0 0 0.00390625 
0 0 1 0.000976562 0 0 0 0.000976562 0 0 
0 0.0263672 1 0.00390625 0.000976562 0.000976562 0.00390625 0.0527344 0.000976562 0.00292969 
0 0 1 0.000976562 0 0 0 0.000976562 0 0 
0 0.0107422 0.00683594 1 0.0166016 0.126953 0.0263672 0.0107422 0.00488281 0.00195312 
0.000976562 0.0253906 0.00195312 0 1 0 0.00292969 0.000976562 0 0 
0.0146484 0.0576172 0.0224609 0.666992 0.00488281 0.0371094 0.0546875 0.0839844 0.0546875 0.0214844 
0 0 0.000976562 1 0 0.000976562 0 0 0.000976562 0.000976562 
0 1 0.000976562 0.0195312 0.00195312 0.00292969 0.00292969 0.0185547 0 0.000976562 
1 0.000976562 0.00585938 0.000976562 0.000976562 0 0 0 0.000976562 0.0078125 
0 0.000976562 0.000976562 1 0 0.00976562 0.000976562 0.00292969 0.00195312 0 
0.0107422 0.0107422 0.0126953 0.015625 0.0722656 0.0410156 0.368164 0.000976562 0.444336 0.119141 
0.00292969 0 0.00585938 0.0195312 0 0.00683594 0.129883 0 0.799805 0.0371094 
0.0146484 0.799805 0.0117188 0.0322266 0.00390625 0.0839844 0.0146484 0.108398 0 0.0283203 
0.0253906 0.00683594 0.0361328 0.015625 0.0322266 0.0107422 0.000976562 0.00195312 0.00683594 1 
0.00292969 0.0195312 0.0195312 0.00292969 0 0.000976562 0.000976562 1 0 0.00195312 
0.000976562 0 1 0.000976562 0.00683594 0 0.00195312 0 0.000976562 0 
0.00585938 1 0.000976562 0.000976562 0.00976562 0.000976562 0.0185547 0.0175781 0.000976562 0 
0 0.000976562 1 0.00390625 0.000976562 0 0 0.000976562 0 0.000976562 
0.00292969 0.000976562 0.0302734 0.000976562 0.00292969 0.00195312 0 0 0.00488281 1 
0.000976562 0.00292969 0.00195312 0.00195312 0 0 0.000976562 1 0 0 
0.000976562 1 0.00292969 0.000976562 0.000976562 0 0.000976562 0.00878906 0 0.000976562 
0.00390625 0.00488281 0.00390625 1 0.00390625 0.0341797 0.00292969 0 0.0361328 0.0322266 
0.000976562 1 0.00683594 0.00488281 0.0117188 0.0107422 0.00585938 0.00488281 0 0.00292969 
0 0.000976562 0 1 0.000976562 0.000976562 0 0.000976562 0.00390625 0 
0.00292969 0.0107422 0.00683594 0.223633 0.0556641 0.209961 0.0107422 0 0.0292969 0.571289 
0.00195312 0.799805 0.00683594 0.108398 0.0146484 0.0146484 0 0.0117188 0.0263672 0.0283203 
0 0 1 0.000976562 0 0 0 0.00292969 0 0 
0 0.00878906 0.000976562 1 0.000976562 0.0136719 0.00292969 0.000976562 0.000976562 0.00390625 
0.0185547 0.103516 0.171875 0.0712891 0.266602 0.0625 0.220703 0 0.0761719 0.0585938 
0.00292969 0.0175781 0.0146484 0.00195312 1 0.00195312 0.00195312 0.000976562 0.000976562 0.00195312 
0.166992 0.0224609 0.799805 0.0107422 0.015625 0 0.00390625 0.0322266 0.00488281 0.0322266 
0 0 0 0.0107422 0 1 0.00195312 0 0 0.00488281 
0.000976562 1 0.000976562 0.000976562 0.0439453 0 0.000976562 0.00390625 0.000976562 0 
0.000976562 0.00585938 0.00390625 0.0166016 0.00488281 0.0439453 0.00585938 0 0.00683594 1 
0 1 0.000976562 0.000976562 0.000976562 0 0 0.000976562 0 0 
0 0.189453 0.000976562 0.177734 0 0.000976562 0 0.799805 0 0.000976562 
0.000976562 0.0078125 0 0.00585938 0.0869141 0.126953 1 0.000976562 0.0126953 0.000976562 
0 0.0117188 0.00292969 0.000976562 1 0.00195312 0.000976562 0.000976562 0.000976562 0.00195312 
0.230469 0.0419922 0.0136719 0.00195312 0.0703125 0.0166016 0.666992 0.0791016 0.0136719 0.0195312 
0.000976562 1 0 0.000976562 0.00292969 0 0 0.00390625 0 0 
1 0.000976562 0.000976562 0 0 0 0.000976562 0.00683594 0 0.00683594 
0 0 0 0.00585938 0 1 0.00195312 0 0 0 
0.0107422 0.0302734 0.799805 0 0.078125 0 0.00390625 0.046875 0.0371094 0.00292969 
0.00195312 0.00585938 0.00292969 0.0322266 0.000976562 1 0.015625 0.00292969 0.000976562 0.0205078 
0 0.00585938 0.015625 0.000976562 0 0 0 1 0 0 
0 1 0.00195312 0.00195312 0.00390625 0.000976562 0 0.00390625 0.000976562 0 
0.444336 0.0458984 0.00195312 0.00488281 0.00683594 0.000976562 0.0410156 0.416992 0.0273438 0.0078125 
0.00390625 0.00195312 0.00292969 0.0166016 0.00585938 0.00878906 0.0410156 0 1 0.0634766 
0 0.0449219 0.404297 0.0185547 0.00390625 0 0 0.666992 0.000976562 0 
0 0.000976562 0 0.00878906 0.000976562 1 0.00292969 0 0 0.0117188 
0.331055 0.00585938 0.0732422 0.00488281 0.400391 0.00390625 0.00390625 0 0.015625 0.213867 
0.000976562 0.00585938 0.00292969 0.015625 0 0.00488281 0.000976562 1 0 0.00390625 
0 0.00390625 0.000976562 1 0.000976562 0.0126953 0.00292969 0.0195312 0.000976562 0 
0.00292969 1 0.00292969 0.00683594 0.0283203 0.00585938 0.0107422 0.0527344 0.0078125 0.00292969 
0 0.00683594 0 0 0 0 0 1 0 0 
0.00195312 1 0.000976562 0.000976562 0.0927734 0 0.000976562 0.00292969 0.00585938 0.00488281 
0.143555 0.134766 0.444336 0.0146484 0.0244141 0.0126953 0.126953 0.126953 0.0410156 0.00683594 
0 0.00195312 0.00195312 0 0 0 0 1 0 0 
0.0556641 0.0292969 0.015625 0.237305 0.0185547 0.0263672 0.00195312 0.000976562 0.0673828 0.571289 
0.0429688 0.0205078 0.286133 0.0556641 0.0498047 0.143555 0.0078125 0.0244141 0.015625 0.444336 
0 0.015625 0.000976562 0.666992 0.00390625 0.404297 0.0136719 0.0273438 0 0.00292969 
0.0517578 0.151367 0.00390625 0.0556641 0.110352 0.125 0.363281 0.00976562 0.103516 0.0517578 
0 1 0 0 0 0 0 0.00195312 0 0 
1 0.000976562 0 0 0 0 0.000976562 0 0 0.000976562 
0.00195312 0.00683594 0.00585938 0.000976562 1 0.00292969 0.0195312 0.000976562 0.00488281 0.00195312 
0.00585938 0.0195312 0.0371094 0.213867 0.257812 0.0419922 0.400391 0.0888672 0.0078125 0.0078125 
0 0 0 0.00195312 0 1 0.00195312 0 0 0.000976562 
0 0.00195312 0 0 1 0 0.000976562 0 0.000976562 0.000976562 
0.00292969 1 0 0 0 0 0 0.000976562 0 0 
0.00195312 1 0.00976562 0.0078125 0.0136719 0.00292969 0.000976562 0.00390625 0.000976562 0.00488281 
0.015625 0.0878906 0.0244141 0.307617 0.00683594 0.254883 0.224609 0.0722656 0.00195312 0.0410156 
0.000976562 0.0283203 0.0107422 0.0107422 1 0.0224609 0.0146484 0.00292969 0.0107422 0.0078125 
0.000976562 1 0.00585938 0.00390625 0.00195312 0 0 0.0107422 0.000976562 0.000976562 
0.00488281 0.132812 0.103516 0.0253906 0.0400391 0.182617 0.0078125 0.160156 0.0126953 0.363281 
0 0.130859 0.115234 0.0351562 0.0546875 0 0 0.666992 0.000976562 0 
0.0195312 0.0107422 0.0126953 0.0126953 0.0283203 0.00488281 0.125977 0.000976562 0.5 0.28418 
0 0 0 0 0 0.000976562 1 0 0 0 
0 0.00195312 0.000976562 0.000976562 1 0.000976562 0.0322266 0 0.00488281 0 
0.000976562 0.209961 0.00195312 0.571289 0.00195312 0.00292969 0 0.305664 0.000976562 0.00195312 
0 0.0927734 0.0634766 0.00390625 1 0.00195312 0.000976562 0.00292969 0.000976562 0.00390625 
0 0.000976562 0 0 0 0 0 1 0 0 
0 0.000976562 0.000976562 0.00683594 0.000976562 1 0.015625 0.00292969 0 0.00195312 
0 0.00195312 0.000976562 0 1 0.000976562 0.00292969 0 0.000976562 0 
0.0136719 0.00976562 0.0117188 0.00195312 0.666992 0.00195312 0.245117 0.0126953 0.0507812 0.00195312 
0.00585938 1 0 0.00292969 0.0107422 0 0 0.00488281 0 0.00292969 
0 0 0 0.000976562 0 0.0146484 1 0 0 0 
0.00585938 0.00292969 0.00878906 1 0.00585938 0.0175781 0.0263672 0.000976562 0.0595703 0.0410156 
0.00976562 0.194336 0.25 0.110352 0.015625 0.141602 0.0458984 0.0917969 0.0673828 0.0976562 
0 0.00585938 0.00292969 0.0283203 0.0341797 0.799805 0.0419922 0.00292969 0.00390625 0.100586 
0.000976562 1 0.00683594 0.0078125 0.000976562 0.00292969 0 0.0205078 0.000976562 0.00390625 
0.000976562 0.0771484 0.571289 0.00488281 0.269531 0.0107422 0.0166016 0.0224609 0.0205078 0.0146484 
0 0.0146484 0 0 1 0.00195312 0.00195312 0.00195312 0.000976562 0.00292969 
0 0.00292969 0.00292969 0.000976562 0.000976562 0 0.00195312 0 1 0.000976562 
0.00195312 0.228516 0.00683594 0.00878906 0.799805 0.00195312 0.000976562 0 0 0.00292969 
0.236328 0.0634766 0.0175781 0.0341797 0.0283203 0.0166016 0.0244141 0.5 0.0595703 0.03125 
0.00292969 0.00878906 0.00195312 0.15332 0.00390625 0.416992 0.444336 0.00195312 0.0146484 0.0078125 
0.0839844 0.00390625 0.0654297 0.21582 0.0078125 0.00390625 0 0.000976562 0.00195312 0.666992 
0 1 0 0.000976562 0.000976562 0 0 0.000976562 0 0 
0.0126953 0.015625 0.0380859 0.441406 0.0283203 0.0458984 0.000976562 0.00390625 0.00195312 0.5 
0 1 0 0 0.0166016 0 0.000976562 0.0117188 0 0 
0.799805 0.0283203 0.00585938 0.00292969 0.00195312 0.00390625 0.0234375 0.202148 0.0234375 0.0693359 
0 0 0 0.000976562 0 1 0.00292969 0 0 0.000976562 
0 1 0.00488281 0.00585938 0.0146484 0.00195312 0.000976562 0.0234375 0.00390625 0.000976562 
0 0.000976562 0.00195312 1 0.00195312 0.00195312 0 0 0.000976562 0 
0 0.000976562 0.000976562 0.000976562 1 0.00195312 0.00292969 0 0.000976562 0.000976562 
0.00195312 0.0888672 0.100586 0.0107422 0.00195312 0 0 0.799805 0.000976562 0.00195312 
0 0.000976562 1 0.00292969 0.0078125 0 0 0.000976562 0.000976562 0 
0.0136719 0.0185547 0.00683594 0.046875 0.214844 0.0371094 0.00195312 0 0.0126953 0.799805 
0 0.00195312 0 0 1 0.00292969 0.000976562 0 0 0.000976562 
0.000976562 0.0205078 0.00878906 0.00683594 1 0.000976562 0.00195312 0.000976562 0.000976562 0 
0.00390625 0.00488281 0.00195312 0.00683594 0.00195312 0.000976562 0.0722656 0 1 0.015625 
0.307617 0.0527344 0.174805 0.0107422 0.00488281 0.046875 0.288086 0.0644531 0.0244141 0.0244141 
0 0.000976562 0 0 0 0 0 1 0 0 
0.00585938 0.12207 0.333008 0.138672 0.0371094 0.177734 0.0322266 0.015625 0.00585938 0.177734 
0 0 1 0 0 0 0 0.000976562 0 0.000976562 
0 0.0146484 0.000976562 1 0.00195312 0.0253906 0 0.00292969 0.00195312 0.00195312 
0.00292969 0.571289 0.00195312 0 0.444336 0 0.00195312 0.00878906 0.000976562 0 
0 0.00195312 0.000976562 0 1 0 0.00292969 0 0 0 
0 0.0175781 0.0341797 0.799805 0.0693359 0.0576172 0.00390625 0.00292969 0.0146484 0.00683594 
0.0341797 0.00390625 0.0136719 0.0175781 0.0117188 0.015625 0.799805 0 0.243164 0.0263672 
0 0 0 0.00390625 0 1 0.0234375 0 0 0.00292969 
0 0.0292969 0.666992 0 0 0 0 0.356445 0 0 
0 1 0 0 0 0 0 0.000976562 0 0 
0 0.00878906 0.00195312 0.00488281 1 0.000976562 0 0 0 0 
0.0449219 0.799805 0.0146484 0.0234375 0.0615234 0.0175781 0.0654297 0.0839844 0.0185547 0.0253906 
0.000976562 0.112305 0.0771484 0.134766 0.00195312 0.571289 0.18457 0.0126953 0.0136719 0.0126953 
0 0.294922 0.00390625 0.0449219 0 0.0117188 0.00195312 0.666992 0 0.00195312 
1 0.000976562 0.000976562 0 0 0 0 0 0 0.00585938 
0.00683594 0.163086 0.571289 0.0927734 0.0634766 0.0927734 0.0214844 0.0292969 0.00195312 0.015625 
0.0458984 0.571289 0.18457 0.119141 0.00488281 0.00976562 0.00488281 0.0224609 0.0175781 0.0244141 
1 0 0.000976562 0 0 0 0.000976562 0 0.00195312 0.00683594 
0.000976562 0.00292969 1 0.015625 0.00195312 0 0 0.0078125 0.000976562 0.000976562 
0 0.00878906 0.0175781 0.666992 0.115234 0.0615234 0.0449219 0.0234375 0.167969 0.0126953 
0 0 0.00292969 0 0 0.000976562 0 0 0 1 
0 1 0 0.000976562 0 0 0 0.00488281 0 0 
0.0078125 0.00292969 1 0.00683594 0.000976562 0.000976562 0 0.000976562 0.00488281 0.0361328 
0 0.00195312 0.00195312 0.000976562 1 0 0.00390625 0 0.00390625 0 
0.000976562 0.00195312 1 0.00195312 0 0 0 0.0302734 0 0 
0 0 1 0.00195312 0 0 0 0.00292969 0 0.000976562 
0 0.00390625 1 0.0078125 0.00195312 0 0 0.0205078 0.000976562 0.000976562 
0 1 0 0 0 0 0 0.00195312 0 0 
0 0.352539 0.400391 0.121094 0.0078125 0.000976562 0.000976562 0.146484 0.0136719 0.00195312 
0.115234 0.000976562 0.0888672 0.00390625 0.00976562 0 0 0 0.0283203 0.799805 
0 0.0234375 0.00195312 0.135742 0.0117188 1 0.00976562 0.00292969 0.000976562 0.00195312 
0 0 0 0.00585938 0 1 0.00195312 0 0 0.000976562 
0.00292969 0.00488281 1 0.00683594 0.135742 0 0.00585938 0.015625 0.00292969 0.000976562 
0 0.00195312 0.000976562 0.00585938 0.000976562 1 0.00976562 0.000976562 0 0.00878906 
0.000976562 0.00390625 0 0.00195312 0.0107422 0.046875 1 0 0.00585938 0 
0 0 0.000976562 0.00195312 0 0.000976562 0.0175781 0 1 0.00292969 
0 0 0 0.00292969 0 1 0.015625 0.000976562 0 0 
0 1 0 0.00195312 0.0185547 0 0.000976562 0.00488281 0 0 
0.0107422 1 0.00683594 0 0.0107422 0 0 0.000976562 0.000976562 0 
0.000976562 0.0205078 0.00195312 1 0.0253906 0.0126953 0.0302734 0.00195312 0.119141 0.00488281 
0.0234375 0.0302734 0.0263672 0.799805 0.00976562 0.0839844 0.0390625 0.0449219 0.00585938 0.0322266 
0.0390625 0.0185547 0.157227 0 0.799805 0.00195312 0.0185547 0.000976562 0.0078125 0.00878906 
0.293945 0.333008 0.0185547 0.00488281 0.177734 0.00195312 0.0371094 0.0322266 0.0371094 0.0654297 
0 1 0 0 0 0 0 0.00488281 0 0 
0 0.0566406 0.0498047 0.0341797 1 0.0234375 0.00195312 0.000976562 0.000976562 0.00488281 
0.000976562 1 0.000976562 0.00195312 0.00488281 0 0 0.00292969 0 0.000976562 
0.228516 0.00195312 0.0253906 0.000976562 0.0537109 0 0.00488281 0.000976562 0.00390625 0.799805 
0 0 0 1 0 0.00390625 0.00195312 0 0.000976562 0 
0 0.000976562 1 0.000976562 0.000976562 0 0 0.00585938 0.000976562 0 
0.0126953 0.331055 0.114258 0.0253906 0.400391 0.0205078 0.0371094 0.0273438 0.0419922 0.0644531 
0 0 1 0 0 0 0 0 0.000976562 0.00195312 
0.000976562 0.00292969 0.00292969 0.000976562 1 0 0.000976562 0.000976562 0.000976562 0 
0 0.00390625 0.00488281 0.0283203 0.000976562 1 0.0185547 0.00195312 0.000976562 0.0253906 
0 0 0 0.000976562 0 1 0.00390625 0 0 0 
0.00390625 0.404297 0.0478516 0.0107422 0.666992 0.00683594 0.00195312 0.00195312 0.00195312 0.00292969 
0.0175781 0.0273438 0.0166016 0 0.666992 0.00195312 0.294922 0.0195312 0.115234 0.00195312 
0.00683594 0.18457 0.015625 0.0810547 0.286133 0.251953 0.162109 0.00390625 0.0205078 0.0244141 
0.0234375 0.291992 0.0224609 0.0576172 0.0390625 0.0732422 0.078125 0.400391 0.0224609 0.0224609 
0 0 0 0.00292969 0 1 0.00292969 0 0 0.000976562 
0.00292969 0.00976562 0.0771484 0.0527344 0.0205078 0.0322266 0.015625 0.0107422 0.571289 0.325195 
0.000976562 0.000976562 1 0 0 0 0 0.000976562 0 0.00195312 
0 0.000976562 1 0 0 0 0 0 0.000976562 0.000976562 
0.000976562 0.00878906 0.00390625 0.0078125 0.0576172 0.799805 0.0839844 0.00390625 0.00976562 0.0283203 
0.000976562 0 0 0.000976562 0.000976562 0.0146484 1 0 0.00390625 0.000976562 
0.00195312 0 0.0078125 0.000976562 0.00195312 0.00683594 0.000976562 0 0.000976562 1 
0.000976562 0.0166016 0.00195312 0.00195312 1 0.0107422 0.00683594 0.000976562 0.00195312 0.0078125 
0.00195312 1 0.0205078 0.00488281 0.0390625 0.00195312 0.00292969 0.0117188 0.000976562 0.00195312 
0 0 0 0.00488281 0 1 0.00292969 0 0 0 
0 0.00195312 1 0.015625 0.000976562 0 0 0.135742 0 0 
0 0.00585938 0.000976562 0.00195312 0 0 0 1 0 0 
0.333008 0.12207 0.114258 0.015625 0.0205078 0.0146484 0.0605469 0.275391 0.0126953 0.0507812 
0.00292969 0.0869141 0.015625 0.00195312 0 0 0.000976562 1 0 0.00195312 
0 0 1 0.00195312 0 0 0 0.000976562 0.000976562 0.000976562 
0 0 0.000976562 1 0 0.00292969 0 0 0.00195312 0.0117188 
0 1 0 0 0.000976562 0 0.000976562 0.0263672 0.000976562 0 
0.000976562 1 0 0 0.00292969 0 0 0.00195312 0 0 
0 1 0 0.000976562 0.00195312 0 0 0.00292969 0.000976562 0.000976562 
0 0.000976562 0.000976562 1 0.000976562 0.00195312 0.000976562 0.000976562 0.00292969 0 
0 0.00585938 0.0273438 0.230469 0.00390625 0.00390625 0.0478516 0.0078125 0.666992 0.0078125 
0 0.000976562 0 1 0 0.015625 0 0 0 0.000976562 
0 0.0107422 0 0.799805 0.00878906 0.166992 0.0078125 0.000976562 0 0.00292969 
0.000976562 0.0341797 1 0.000976562 0 0 0 0.173828 0 0.000976562 
0.0078125 0.0996094 0.0996094 0.0605469 0.144531 0.0644531 0.046875 0.00488281 0.307617 0.174805 
1 0.000976562 0 0.000976562 0.000976562 0 0.0078125 0 0.000976562 0.000976562 
0 0.163086 0.000976562 0.304688 0.0185547 0.444336 0.0166016 0.00292969 0 0.119141 
0 0.000976562 0 1 0.000976562 0.00292969 0 0 0 0 
1 0.000976562 0.00195312 0 0.00390625 0 0.00195312 0 0 0.00292969 
0 0.00683594 0.799805 0.0283203 0.100586 0.000976562 0.000976562 0.202148 0 0 
0.00195312 1 0 0 0.000976562 0 0 0.00878906 0 0 
0 0 0 0.0117188 0 1 0.0146484 0 0.000976562 0.000976562 
0.000976562 0.000976562 0.00292969 0.00390625 0.00292969 0.000976562 0.00976562 0 1 0.00292969 
0.00585938 0.00488281 0.00292969 0.0302734 0.0185547 0.144531 1 0.000976562 0.00878906 0.00878906 
1 0.000976562 0 0 0 0 0.00195312 0 0 0.000976562 
0.00292969 0.0253906 0.0283203 0.0498047 0.0263672 0.799805 0.0175781 0.0205078 0.0175781 0.0839844 
0.0224609 0.189453 0.0078125 0.00390625 0.799805 0.00292969 0.0449219 0.00683594 0.0146484 0.00390625 
0 0 0.000976562 0 1 0.000976562 0.00292969 0 0 0 
0.0126953 0.0146484 0.571289 0.0927734 0.0986328 0.134766 0.0458984 0.0595703 0.00390625 0.0185547 
0 0.000976562 1 0.00195312 0.00195312 0 0 0.0107422 0.000976562 0 
0.000976562 0.000976562 1 0.000976562 0 0 0 0.000976562 0.000976562 0.00195312 
0.00390625 0.0292969 0.571289 0.368164 0.0146484 0.000976562 0 0.0488281 0 0.00195312 
0 0.000976562 0 0.00292969 0 1 0.00292969 0.000976562 0 0.000976562 
0.0498047 0.0439453 0.164062 0.12793 0.307617 0.0498047 0.015625 0.0722656 0.0644531 0.154297 
0 1 0 0.000976562 0.00390625 0 0.000976562 0.0117188 0 0 
0 0 0 1 0 0.000976562 0 0 0.000976562 0 
1 0.00488281 0.0205078 0.000976562 0.0126953 0 0.000976562 0.000976562 0.0107422 0.0410156 
0 0 0 0.00488281 0 1 0.00195312 0 0 0.00195312 
0 0.000976562 1 0.000976562 0 0 0 0.000976562 0.000976562 0.00195312 
0.100586 0.078125 0.799805 0.00390625 0.0322266 0 0.00585938 0.0947266 0.00292969 0.00488281 
0.0810547 0.111328 0.286133 0.00585938 0.222656 0.0107422 0.0634766 0.18457 0.0214844 0.0361328 
0.00195312 0.0126953 0.0107422 0.0136719 1 0.00195312 0.0146484 0.000976562 0.0234375 0.000976562 
0.000976562 1 0.00683594 0.00878906 0.00390625 0.00292969 0.000976562 0.00390625 0 0.00195312 
0.00292969 1 0.000976562 0.0527344 0.0146484 0.00195312 0 0.0341797 0 0.00390625 
0.000976562 0 0 0.000976562 0 0.0126953 1 0.000976562 0.000976562 0 
0.00195312 0.126953 0.0410156 0.00390625 0.000976562 0.000976562 0.00292969 1 0 0.000976562 
0 0 0 1 0 0.00292969 0 0 0 0 
1 0.015625 0.000976562 0.00195312 0.000976562 0.000976562 0.00683594 0 0.00292969 0.0722656 
0.00390625 1 0.000976562 0.000976562 0.00390625 0 0.000976562 0.0126953 0.000976562 0.000976562 
0 1 0.000976562 0.000976562 0.00390625 0 0 0.00195312 0 0.000976562 
0 0.00292969 0.0234375 0.0654297 0.00585938 0.0126953 0.799805 0.00195312 0.12207 0.000976562 
0 1 0 0 0 0 0 0.000976562 0 0 
0 1 0.000976562 0.00292969 0.000976562 0.000976562 0.000976562 0.00195312 0 0.000976562 
0.00195312 0 1 0.000976562 0 0 0 0.00585938 0 0 
0 0 0 0.00195312 0 1 0.00195312 0 0 0 
0 0.214844 0.000976562 0.799805 0.0078125 0.0322266 0.015625 0.00292969 0.00390625 0.00390625 
1 0.0771484 0.0205078 0.0322266 0.0224609 0 0.000976562 0.0263672 0.015625 0.0195312 
0 0 0 0.00195312 0 1 0.000976562 0 0 0 
0.125977 0.322266 0.0673828 0.0205078 0.5 0.00488281 0.00390625 0.00292969 0.0195312 0.0117188 
0.000976562 0.197266 0.571289 0.0439453 0.0673828 0.000976562 0.0214844 0.209961 0.0107422 0.00390625 
0.00195312 0.469727 0.015625 0.0488281 0.5 0.000976562 0 0.0107422 0.000976562 0.00195312 
0.00390625 0.00683594 0.0224609 0.0146484 0.0654297 0.243164 0.799805 0.00195312 0.0253906 0.00683594 
0.000976562 0.00195312 1 0.00195312 0.000976562 0 0 0.046875 0.000976562 0 
0 1 0 0 0 0 0 0.000976562 0 0 
0.000976562 0.00292969 0.0341797 0.00195312 0.0107422 0.0410156 0.000976562 0.00195312 0.00292969 1 
0.000976562 1 0 0.000976562 0.00195312 0 0 0.00195312 0.000976562 0.000976562 
1 0.00292969 0.000976562 0 0.000976562 0 0.00195312 0.00195312 0.000976562 0.00878906 
0 0 0 0 1 0 0 0 0 0 
0 0.00195312 0.000976562 0.00390625 0.000976562 1 0.00683594 0.000976562 0 0.000976562 
0 0 0 0.000976562 0 0.0166016 1 0 0.00195312 0 
0 1 0 0 0 0 0 0.00488281 0 0 
0.28418 0.0283203 0.5 0.00976562 0.0488281 0.00585938 0.0136719 0.000976562 0.0195312 0.172852 
0.00878906 0.0371094 0.0283203 0.129883 0.243164 0.333008 0.114258 0.0146484 0.0283203 0.078125 
0.0126953 0.00683594 0.0615234 0 0.799805 0.00195312 0.214844 0.00488281 0.0117188 0.00292969 
0.00292969 0.166992 0.00292969 0.00195312 0.799805 0.0146484 0.0615234 0.00195312 0.00585938 0.00195312 
0.0234375 0.163086 0.00683594 0.0078125 0 0.000976562 0.00195312 1 0 0.00195312 
0 0.00585938 0.000976562 0.799805 0.0839844 0.157227 0.00878906 0.000976562 0.00292969 0 
0.0078125 0 0.000976562 0.000976562 0.00292969 0.00390625 0.00195312 0 0.00195312 1 
0.0166016 0.134766 0.0439453 0.287109 0.00195312 0.00195312 0.000976562 0.571289 0.000976562 0.0595703 
0.000976562 0.250977 0.0810547 0.00976562 0.0761719 0.5 0.142578 0.00976562 0.0117188 0.0234375 
0 0.00292969 0 0.00292969 0.00585938 1 0.0322266 0 0 0.00488281 
0.00292969 0.00488281 1 0.000976562 0.000976562 0 0 0.00292969 0 0.000976562 
0 0.000976562 0.00195312 0.00976562 0.0546875 0.666992 0.314453 0 0.0107422 0.00585938 
0.000976562 0.0341797 0.0136719 0.00878906 1 0.135742 0.0126953 0.0078125 0.000976562 0.0126953 
0 0.00488281 0 1 0.00195312 0.0224609 0.000976562 0 0.0185547 0.00488281 
0.0117188 1 0 0.00292969 0.00390625 0 0 0.00585938 0 0.00292969 
0 0 0 1 0.000976562 0 0 0 0 0 
0 0.0078125 0.00390625 0.000976562 1 0.000976562 0.00195312 0 0.000976562 0.00195312 
0 1 0 0 0 0 0 0.00683594 0 0 
0.000976562 0.000976562 0 0 1 0 0.000976562 0 0.000976562 0 
0.115234 0.00585938 0.21582 0.00488281 0.00585938 0.0185547 0.0351562 0.0234375 0.00878906 0.666992 
0.000976562 0.000976562 1 0.000976562 0.000976562 0 0 0.0234375 0 0 
0 0.00195312 0.00195312 0 0 0 0 1 0 0 
0 1 0.0107422 0.0302734 0.0107422 0.00390625 0.00195312 0.0527344 0.0107422 0.00292969 
0.00292969 1 0.000976562 0.000976562 0.00390625 0 0 0.000976562 0.000976562 0 
0.00292969 0.00195312 0.000976562 0.000976562 0.0302734 0.0410156 1 0.000976562 0.00195312 0.000976562 
0 0.0224609 0.00292969 0.00878906 0.046875 1 0.0224609 0.0126953 0.00390625 0.00683594 
0.0205078 0.363281 0.00488281 0.132812 0.34082 0.0107422 0.00976562 0.00292969 0.0214844 0.0917969 
0 0.00195312 0.00878906 1 0.00195312 0.0322266 0.0136719 0 0.0224609 0.00390625 
0.000976562 0.00292969 1 0.00488281 0.000976562 0 0 0.00195312 0.00195312 0.00195312 
0 1 0 0.000976562 0.00195312 0 0 0.00976562 0 0.000976562 
0.000976562 0.0107422 0.00585938 0.0439453 0.571289 0.209961 0.0175781 0.000976562 0.0361328 0.112305 
1 0.000976562 0.000976562 0 0.00195312 0 0.00195312 0 0 0.00195312 
0.00488281 0.144531 0.0322266 0.00195312 1 0.000976562 0.00976562 0.0136719 0.00292969 0 
0.00488281 0.00878906 0.293945 0.00683594 0 0.0175781 0.0126953 0.00488281 0.00195312 0.799805 
0 1 0 0 0.000976562 0 0 0.000976562 0 0 
0 0 0 1 0 0.000976562 0 0 0.00390625 0 
0 1 0 0.000976562 0 0 0 0.000976562 0 0 
0.000976562 0.0439453 0.0224609 0.00390625 0.00390625 0 0.0107422 1 0.0126953 0.00292969 
0 1 0.000976562 0 0.000976562 0 0 0.00488281 0.000976562 0 
0 0.00390625 0.000976562 0.000976562 0 0 0 1 0 0 
0.00390625 0.0234375 0.0136719 0.0224609 0 0.000976562 0.00292969 1 0 0.000976562 
0 0.00195312 0 1 0.00195312 0.00195312 0.000976562 0 0.00878906 0 
0 1 0.0078125 0.00390625 0.00878906 0 0.00292969 0.00683594 0.00195312 0.000976562 
0 1 0 0 0 0 0 0.000976562 0 0 
0.00195312 0 0 0 0.000976562 0.0107422 1 0 0.000976562 0.000976562 
0 0 0 0 0 0.00488281 1 0 0 0 
0.000976562 1 0.0205078 0.00292969 0.0263672 0 0 0.00390625 0.00292969 0 
0.00878906 0.0185547 0.0458984 0.0224609 0.571289 0.0634766 0.0927734 0.00292969 0.0634766 0.143555 
0 0 0 0.000976562 0 1 0.000976562 0 0 0 
0.0302734 0.0644531 0.400391 0.331055 0.0371094 0.0234375 0.0078125 0.078125 0.0507812 0.0185547 
0.00390625 1 0.0175781 0.00390625 0.00488281 0.00195312 0 0.0234375 0.00585938 0.0166016 
0 1 0 0 0.000976562 0 0 0.00292969 0 0 
0.000976562 0 0.00195312 0.00488281 0 0.000976562 0.0263672 0 1 0.00292969 
0.00292969 0.000976562 0.00195312 0.0166016 0.00878906 0.0390625 0.0078125 0 0.0175781 1 
0.000976562 1 0 0.000976562 0.000976562 0 0 0.00292969 0 0 
0 0.0537109 0.00683594 0.0947266 0.0693359 0.799805 0.0117188 0.0146484 0.0078125 0.0136719 
0 0.0371094 0.0302734 0.799805 0.0302734 0.115234 0.0654297 0.00390625 0.0888672 0.0146484 
0.000976562 1 0 0 0 0 0 0.00878906 0 0 
0.0078125 0.00976562 0.666992 0.0078125 0.0224609 0.000976562 0.00585938 0.277344 0.0166016 0.00195312 
0.000976562 0.00195312 0.00292969 0.0634766 0.00195312 0.0566406 0.0634766 0 1 0.00292969 
1 0.0234375 0 0 0.00390625 0 0.00488281 0.00585938 0 0.00292969 
0 0.135742 0.0185547 0.0175781 0 0 0 1 0.00195312 0.000976562 
0.000976562 0.799805 0.00292969 0.0419922 0.0136719 0.0263672 0.00683594 0.147461 0.00390625 0.00585938 
0 0 0 0.0078125 0 1 0.00585938 0 0.000976562 0.00585938 
0.0185547 0.799805 0.00195312 0.0195312 0.00585938 0.00683594 0.0224609 0.115234 0.00585938 0.00292969 
0 0.000976562 0 0.0302734 0.00195312 1 0.0166016 0 0.00195312 0.000976562 
0 1 0 0.000976562 0.000976562 0 0 0.00488281 0 0 
0.000976562 0.0166016 0.00390625 0.0634766 0.0263672 0.250977 0.5 0 0.208008 0.00683594 
0 0.00195312 1 0 0.0283203 0.00195312 0 0.0107422 0.00195312 0.000976562 
0.000976562 0.228516 0.0107422 0.201172 0.333008 0.0947266 0.0126953 0.0419922 0.0390625 0.0537109 
0.00390625 1 0.00195312 0 0.00292969 0.00195312 0.00488281 0.00390625 0.00195312 0.00878906 
0 1 0 0 0.0224609 0 0.000976562 0.00878906 0 0.000976562 
0.0126953 1 0.00195312 0.00292969 0.000976562 0.000976562 0.00488281 0.00390625 0.00292969 0.00195312 
0 0.00878906 0 0 1 0.00683594 0.00292969 0.000976562 0 0.00390625 
0 0.00292969 0 0.00488281 0.0302734 0.799805 0.258789 0 0.00195312 0.0146484 
0 0 1 0 0 0 0 0 0 0 
0 0 0.00195312 0.189453 0 0.799805 0.0146484 0 0.00195312 0.00292969 
0.100586 0.799805 0.000976562 0.0117188 0.166992 0 0.00488281 0.00683594 0.0576172 0.015625 
0 0 0 0 0 0.00195312 1 0 0.000976562 0 
0.00390625 0.105469 1 0.0771484 0.0117188 0.00488281 0 0.00976562 0.00292969 0.00683594 
0.00195312 0.0224609 1 0.0078125 0.0322266 0.00292969 0.00292969 0.0341797 0.00195312 0.00390625 
0 0.0078125 0.000976562 1 0.000976562 0.00683594 0.00195312 0.0527344 0.000976562 0.000976562 
0.000976562 1 0.0166016 0.00292969 0.0136719 0.00390625 0.0107422 0.0361328 0 0.000976562 
0.00585938 0.0078125 1 0.0341797 0.00878906 0.00292969 0.000976562 0.00488281 0.0410156 0.00292969 
0.0146484 0 0.015625 0.000976562 0.000976562 0.00195312 0.00195312 0.000976562 0.000976562 1 
0.000976562 0.0986328 0.00683594 0.0107422 0 0.000976562 0.000976562 1 0.000976562 0.000976562 
0.00195312 0.0107422 0.37793 0.00195312 0.000976562 0 0.000976562 0.799805 0 0.000976562 
0.000976562 0.000976562 0.000976562 0.0302734 0 1 0.0986328 0.000976562 0.00390625 0.0410156 
0.000976562 1 0 0 0.000976562 0.00195312 0.00195312 0.00878906 0 0.000976562 
0 0.00195312 0 0.0371094 0.0322266 0.799805 0.228516 0 0.00683594 0.0107422 
0.00390625 0.00195312 0.0146484 0.0283203 0.0175781 0.0234375 0.0439453 0 1 0.00390625 
0 0 0 0.00292969 0 1 0.00292969 0 0 0.000976562 
0.000976562 0.00585938 0.00585938 0.00195312 1 0.00390625 0.0205078 0 0.00683594 0.000976562 
0 0 0 0 0 0.00195312 1 0 0.00195312 0 
0 1 0 0 0 0 0 0.000976562 0 0 
0.000976562 0.163086 0.0185547 0 0.00292969 0 0.000976562 1 0 0 
0 0 0 0 0 0.0107422 1 0 0.000976562 0 
0 0 1 0.000976562 0.00195312 0 0 0.00488281 0.000976562 0 
0.000976562 0.000976562 1 0.00585938 0.000976562 0 0 0.0175781 0 0 
0 0.000976562 1 0.000976562 0 0 0 0.00390625 0 0 
0 1 0.000976562 0.00195312 0.00390625 0 0 0.0253906 0.00390625 0.000976562 
0.0175781 0.00585938 0.0117188 0.0078125 0.00683594 0.0175781 0.00195312 0.00292969 0.00390625 1 
0 0.0224609 0.0302734 0.000976562 0 0 0 1 0 0 
0 0.00292969 1 0.00292969 0.00195312 0 0 0.00585938 0.00195312 0 
1 0.00390625 0 0 0 0 0.00488281 0.00390625 0 0.00292969 
0.0078125 0.0654297 0.0693359 0.0234375 0.799805 0.0205078 0.0322266 0.00683594 0.0136719 0.00195312 
0.103516 0.182617 0.000976562 0.00585938 0.0556641 0.00292969 0.363281 0.34082 0.00878906 0.000976562 
0 1 0 0 0 0 0 0.00195312 0 0 
0 0.00292969 0 0.189453 0.00585938 0.799805 0.177734 0 0.015625 0 
0 0.00195312 1 0.0224609 0.00195312 0.000976562 0 0.0078125 0 0.000976562 
0 0.00878906 0 0 0 0 0 1 0 0 
0 0.666992 0.203125 0.115234 0.015625 0.00195312 0.000976562 0.0146484 0 0.00585938 
0 0.00195312 0.00195312 1 0.000976562 0.126953 0.00488281 0.000976562 0.0185547 0.0107422 
0.0136719 0.0449219 0.0078125 0.799805 0.0888672 0.015625 0.00195312 0.00683594 0.0078125 0.0175781 
0.19043 0.666992 0.00585938 0.00683594 0.139648 0.00195312 0.0224609 0.03125 0.00585938 0.00292969 
0 1 0 0 0 0 0 0.00195312 0 0 
0 0.00195312 0.000976562 0.000976562 0 0 0 1 0 0 
0.0732422 0.00683594 0 0.0146484 0.00683594 0.00390625 0.214844 0 0.799805 0.00292969 
0 0.00195312 0.0322266 0.799805 0.166992 0.00683594 0.0322266 0.00976562 0.00390625 0 
0 0.00195312 0 0 0 0 0 1 0 0 
0.00292969 0 0.00292969 0.00292969 0 0.0107422 0.333008 0 0.799805 0.00488281 
0.0078125 1 0.000976562 0.000976562 0.00488281 0 0.000976562 0.00292969 0.00585938 0.00292969 
0.00195312 0.000976562 0 0.00488281 0.000976562 0.00390625 1 0.000976562 0.0341797 0 
0 0.0390625 0.000976562 0.0253906 0.0146484 0.799805 0.157227 0 0 0.00292969 
0.00683594 0.0214844 0.444336 0.143555 0.119141 0.00878906 0.00195312 0.00878906 0.0263672 0.237305 
0 0 0.0078125 0.0126953 0.000976562 0.799805 0.00292969 0 0.00292969 0.276367 
0 1 0.000976562 0.000976562 0.000976562 0 0 0.000976562 0 0 
0 0.000976562 1 0.00878906 0 0 0 0.00683594 0 0 
0 0 0 0.000976562 0 0.0195312 1 0 0.0078125 0 
0.000976562 0.00683594 1 0.0107422 0.0185547 0 0.000976562 0.112305 0.000976562 0.00195312 
0 0 0 0.000976562 0 0.0361328 1 0.000976562 0.00195312 0 
0 0 0 0 0 0.00683594 1 0 0.00292969 0 
0.00390625 1 0.00195312 0.0927734 0.00878906 0.126953 0.00488281 0.00292969 0.000976562 0.00585938 
0 0.158203 0.000976562 0.19043 0.0234375 0.666992 0.0224609 0.00585938 0.00488281 0.03125 
0 1 0.00292969 0.000976562 0 0 0 0.00585938 0 0 
0.0332031 0.00683594 0.0117188 0.00390625 0.230469 0.0449219 0.666992 0.0185547 0.0253906 0.0107422 
0.000976562 0.222656 0.00195312 0.0126953 0.00390625 0 0 1 0 0.000976562 
0 0 0 0.00292969 0 1 0.00585938 0 0 0.000976562 
0 0.799805 0.00292969 0.0117188 0.000976562 0 0 0.177734 0 0.00195312 
0 0 0 0.00878906 0 1 0.00390625 0 0 0.000976562 
0 0.00390625 0.000976562 0.0341797 0.00195312 1 0.00976562 0.00488281 0 0.000976562 
0 0.000976562 0 0.00195312 0 1 0.00292969 0 0 0.00878906 
0.000976562 0.015625 0.00585938 0.0078125 0.0136719 0.135742 1 0.0185547 0.00878906 0.000976562 
0 0.000976562 0.000976562 0.00390625 0.000976562 1 0.0107422 0.000976562 0 0.000976562 
0.00390625 0.00292969 0.0146484 0.00976562 0.0302734 0.0302734 0.0126953 0 0.0263672 1 
0.00292969 0.00195312 0.0820312 0.000976562 0 0.0136719 0.000976562 0.00195312 0.00195312 1 
0.0732422 0.0205078 0.0732422 0.0107422 0.0195312 0.000976562 0.00585938 0.0224609 0.0175781 0.799805 
0.00390625 0.144531 0.0683594 0.00292969 0.00292969 0 0.000976562 1 0.000976562 0.000976562 
0 0.00292969 0.000976562 0 0 0 0 1 0 0 
0 0.0263672 0.147461 0.177734 0.000976562 0.00195312 0 0.799805 0.000976562 0.000976562 
0 0.00488281 0.000976562 0.5 0.00195312 0.469727 0.0556641 0 0.0195312 0.00195312 
0 1 0 0 0 0 0 0.000976562 0 0 
0.000976562 1 0.0078125 0.00488281 0.00195312 0.000976562 0.00195312 0.00878906 0 0.000976562 
0.00683594 0.0361328 0.5 0.0361328 0.0117188 0 0 0.441406 0.000976562 0.000976562 
0 0.00292969 0.000976562 0.0283203 0.00976562 0.142578 0.34375 0 0.5 0.00488281 
0 0.000976562 1 0.00292969 0.000976562 0 0 0.0136719 0 0 
0.799805 0.00292969 0.000976562 0 0.00488281 0 0.0146484 0.0107422 0.00292969 0.177734 
0 0.00976562 0.000976562 0.163086 0.00195312 1 0.0361328 0 0.00683594 0.00585938 
0 0 0 0.00195312 0 1 0.00195312 0 0 0.000976562 
0.00585938 1 0.00195312 0.00390625 0.000976562 0.000976562 0 0.00292969 0 0 
0.00195312 0.00976562 1 0.0566406 0.0253906 0.0107422 0.00488281 0.0126953 0.0078125 0.0136719 
0.000976562 0.00195312 0.000976562 0 1 0 0.00195312 0 0 0 
0.0107422 0.0224609 0 0 1 0.000976562 0.0166016 0.000976562 0.0166016 0.0136719 
0.166992 0.0732422 0.799805 0 0.0136719 0 0.00292969 0.000976562 0.00878906 0.0263672 
0.00585938 0.015625 0.0107422 0.108398 0.0195312 0.000976562 0.0078125 0.799805 0.12207 0 
0.000976562 0.0117188 0.0166016 0.00390625 0 0 0.000976562 1 0 0.000976562 
0 0.444336 0.163086 0.0458984 0.119141 0.143555 0.00585938 0.0556641 0.0429688 0.0722656 
0.00976562 0.0527344 0.00390625 0.392578 0.00292969 0.00292969 0.0292969 0.00878906 0.571289 0.00195312 
0 0 0 0.000976562 0 1 0.00195312 0 0 0.000976562 
0.000976562 0.000976562 0 0 1 0 0.00292969 0 0 0 
0 0 1 0.000976562 0.00195312 0 0 0.00585938 0 0 
0 0.0292969 0.666992 0.00195312 0.0224609 0 0.000976562 0.294922 0.000976562 0 
0 0 0 0.000976562 0 0 0 0 1 0 
0.00195312 0.00195312 0.00195312 0.0263672 0.00292969 0.0498047 0.189453 0 0.799805 0.00976562 
0 0.00292969 0.000976562 0.0634766 0.000976562 1 0.00488281 0.00390625 0 0 
0 0 1 0.000976562 0.000976562 0 0 0.000976562 0.000976562 0.000976562 
0 1 0.000976562 0.000976562 0.00292969 0.000976562 0.000976562 0.0302734 0 0.000976562 
0 1 0 0.000976562 0.00195312 0 0 0.00195312 0 0 
0 0 0 0.00195312 0 1 0.000976562 0 0 0.000976562 
0.000976562 0.00390625 1 0.00683594 0.000976562 0 0.000976562 0.00488281 0.00488281 0.000976562 
0.00390625 0.799805 0 0.000976562 0.147461 0.00292969 0.0107422 0.0654297 0.00195312 0.00390625 
0.00195312 0.000976562 0.00683594 0.0078125 0 0.0185547 0 0 0.000976562 1 
0.0263672 0.571289 0.325195 0.015625 0.0458984 0.00292969 0.00292969 0.0595703 0.00292969 0.00878906 
0.00390625 0.000976562 1 0.000976562 0.00195312 0 0 0.000976562 0.000976562 0.00292969 
0.0107422 1 0.000976562 0 0 0 0.00195312 0.0566406 0 0 
0.000976562 0.00878906 0.15332 0.15332 0.0117188 0.222656 0.00195312 0.0107422 0.0380859 0.444336 
0.000976562 0.0205078 1 0.015625 0.00585938 0 0 0.0390625 0.000976562 0 
0.000976562 0.00488281 0.000976562 0 1 0 0.00195312 0 0.000976562 0 
0 0.00195312 0 1 0.000976562 0 0.000976562 0 0.00585938 0.000976562 
0.00195312 0.000976562 0.0107422 0.00195312 0.00390625 0.000976562 0 0 0.000976562 1 
0.00195312 0 0 0.000976562 0.00292969 0.000976562 0.214844 0 0.799805 0.000976562 
0.000976562 1 0.000976562 0.00390625 0.0078125 0 0 0.0146484 0.000976562 0.00195312 
0.000976562 0 0.000976562 0.00292969 0 0.105469 1 0 0.0205078 0.000976562 
0 0.00292969 0.00292969 1 0.00976562 0.0146484 0.00488281 0.00195312 0.0117188 0.000976562 
0.0390625 1 0.0361328 0.0136719 0.00292969 0.00292969 0.00390625 0.0771484 0.000976562 0.00488281 
0.0410156 0.00683594 0.15332 0.0146484 0.015625 0.00195312 0.0595703 0.000976562 0.444336 0.268555 
0 0.000976562 1 0.00195312 0.000976562 0 0 0.0107422 0 0 
0.00292969 0.00292969 0.0136719 0.305664 0.00976562 0.0322266 0.0722656 0.000976562 0.571289 0.0439453 
0 0 0 0.00195312 0 1 0.00195312 0 0 0 
0.00292969 0.0390625 0.0224609 0.00292969 1 0.00390625 0.0341797 0.00390625 0.0146484 0.00683594 
0.000976562 0.0341797 0.0107422 0.000976562 0 0 0 1 0 0 
0 0.0253906 0.799805 0.0947266 0.0419922 0.0224609 0.00195312 0.00488281 0 0.00683594 
0.000976562 0 0 0 0 0.000976562 1 0 0 0 
0 0.000976562 0 0 1 0.00195312 0.00195312 0 0 0.000976562 
0.000976562 0.148438 0.0107422 0.0449219 0.666992 0.0224609 0.0898438 0.00683594 0.0957031 0.00390625 
0 0.00390625 0 0.138672 0.00195312 0.799805 0.115234 0 0.0205078 0.00292969 
0.000976562 0.126953 0.0595703 0.269531 0.00390625 0.571289 0.0380859 0.00195312 0.0410156 0.015625 
1 0.00292969 0.00585938 0.000976562 0.00292969 0.000976562 0.0283203 0.000976562 0.00976562 0.00878906 
0 0.0302734 0.799805 0.0146484 0.000976562 0.00195312 0.000976562 0.166992 0 0.000976562 
0.00195312 0.00195312 0.00585938 0.00585938 0.00195312 1 0.0205078 0.00292969 0.00292969 0.0410156 
0 0 0 0.0078125 0 1 0.00488281 0 0 0 
0.0380859 0.0332031 0.286133 0.119141 0.208984 0.00683594 0.0761719 0.208984 0.0429688 0.0136719 
0.00195312 0.000976562 0.00195312 0.00488281 0.0117188 0.00585938 0.000976562 0 0.00292969 1 
0 0.0439453 0 0 0 0 0 1 0 0 
0 0 0 1 0 0.0634766 0.000976562 0 0.000976562 0.000976562 
0 0.00195312 0 1 0.000976562 0.0224609 0.00292969 0 0.00488281 0.00390625 
0.000976562 0.00292969 1 0.000976562 0.00488281 0 0 0.00292969 0.000976562 0.00390625 
0 1 0 0 0 0 0 0.000976562 0 0 
0 0.000976562 0.000976562 0 0 0 0 1 0 0 
0.00488281 0.078125 0.228516 0.333008 0.201172 0.0449219 0.0253906 0.00585938 0.0117188 0.100586 
0 0.0927734 0.00390625 1 0.046875 0.0566406 0.00195312 0.00878906 0.00683594 0.00390625 
0.00292969 1 0.000976562 0.00292969 0.0205078 0.000976562 0.0283203 0.0322266 0.00585938 0.000976562 
0.00390625 0.0205078 0.00390625 0.00195312 0.0722656 0.0263672 1 0.0078125 0.0166016 0.000976562 
0.333008 0.3125 0.0136719 0.00390625 0.258789 0.00292969 0.0185547 0.00390625 0.00585938 0.0693359 
0.000976562 1 0.000976562 0 0.000976562 0 0.000976562 0.0117188 0 0 
0 0.00195312 0 1 0 0.0117188 0.00585938 0.00292969 0.000976562 0 
0 0.000976562 0 1 0.00195312 0.00292969 0 0 0.000976562 0.000976562 
0.000976562 0.00585938 1 0.00390625 0.00390625 0 0.000976562 0.0683594 0 0.000976562 
0 0.00390625 0.000976562 0.0302734 0.00292969 1 0.00390625 0.0136719 0 0.00585938 
0 0.0654297 0.148438 0.0419922 0.015625 0.666992 0.0175781 0.0117188 0.00195312 0.0371094 
0.000976562 0.00585938 0 0.260742 0.0078125 0.0957031 0.666992 0 0.0703125 0.0117188 
0.000976562 0 0.000976562 0.00683594 0.00292969 0.0390625 1 0.000976562 0.0771484 0.000976562 
0.000976562 0.000976562 1 0.000976562 0 0 0 0.0234375 0 0 
0.265625 0.00585938 0.00878906 0.00488281 0.0078125 0.0400391 0.249023 0.00488281 0.363281 0.0556641 
0.00976562 1 0.015625 0.00488281 0.0263672 0.00585938 0.00292969 0.126953 0.00195312 0.0136719 
0.00683594 0.100586 0.015625 0.0449219 0.799805 0.0888672 0.0234375 0.00292969 0.00292969 0.015625 
0.00585938 1 0.000976562 0.00292969 0.00292969 0.000976562 0.00292969 0.112305 0.00195312 0.00195312 
0 0.00195312 0 0 0 0 0 1 0 0 
0 0 0.000976562 0.00292969 0 0.00292969 0.0253906 0 1 0.000976562 
0 0.0371094 0.167969 0.0791016 0.0390625 0 0.00585938 0.666992 0.0117188 0.000976562 
0.000976562 0.0146484 0.000976562 0.000976562 1 0 0.00488281 0.00195312 0.000976562 0.000976562 
0 0.00585938 0.000976562 0.00195312 1 0.000976562 0 0 0 0 
0 0 0 0.0341797 0.000976562 0.00195312 0.00488281 0 1 0.00195312 
0.0107422 0.0361328 1 0.00292969 0.00976562 0.000976562 0.000976562 0.0205078 0.000976562 0.00195312 
0.00195312 0.0146484 0.0498047 1 0.000976562 0.00195312 0.00390625 0.0595703 0.000976562 0.00195312 
0 1 0 0.000976562 0.0205078 0 0 0.000976562 0.000976562 0 
0.000976562 0.125977 0.208008 0.0810547 0.5 0.00976562 0.00390625 0.0722656 0.0634766 0.00976562 
0.000976562 0.00488281 0.015625 0.00390625 0.000976562 0.000976562 0.000976562 1 0 0.000976562 
0 0 0.000976562 0.00195312 0.000976562 0.000976562 0.0078125 0 1 0.000976562 
0.00195312 1 0 0 0.000976562 0 0 0 0 0 
0.00683594 0.0341797 0.115234 0.0283203 0.00976562 0.0576172 0.00585938 0 0.0107422 0.799805 
0 0.00585938 0.00488281 0.000976562 1 0.0126953 0.0107422 0.000976562 0.00292969 0.00195312 
0 0.000976562 0 0 1 0 0.00195312 0 0 0 
0 0.000976562 0 0.000976562 0.000976562 0.00585938 1 0 0.000976562 0 
1 0 0 0 0 0 0 0 0 0.000976562 
0.000976562 0.000976562 0 0.0146484 0.00195312 0.112305 1 0 0.00292969 0.000976562 
0 0 0 0 0 0.00683594 1 0 0.00292969 0 
0.000976562 0.0341797 0.0810547 0.444336 0.237305 0.134766 0.0927734 0.00292969 0.00585938 0.00683594 
0.00292969 0.0400391 0.0380859 0.194336 0.234375 0.363281 0.0859375 0.0175781 0.0429688 0.0351562 
0 1 0.00195312 0.000976562 0.00195312 0 0 0.000976562 0 0.00195312 
0.00195312 0.214844 0.000976562 0 0.799805 0.0078125 0.00683594 0.00292969 0.00292969 0.0117188 
0 0.000976562 0.00292969 1 0.00292969 0.000976562 0 0.000976562 0.00292969 0.000976562 
0.000976562 1 0 0.000976562 0 0 0 0.00195312 0 0 
0 0 0 0 0 0.0410156 1 0 0.000976562 0.000976562 
0.00195312 0.00488281 0.0244141 0.163086 0.00878906 0.0283203 0.00292969 0 0.269531 0.571289 
0.000976562 0.046875 0.00195312 0.00195312 1 0.00292969 0.00292969 0.00195312 0.000976562 0.00390625 
0 1 0 0.000976562 0 0 0 0.00195312 0 0 
0 1 0 0 0.00292969 0 0 0.00585938 0 0 
0.00683594 0.25293 0.0224609 0.0488281 0.571289 0.0283203 0.0634766 0.0927734 0.00390625 0.0146484 
0.000976562 0.00488281 0.0078125 0.046875 0.0302734 0.799805 0.0302734 0.000976562 0.0732422 0.100586 
0 0 0 1 0 0.00195312 0 0 0.000976562 0.000976562 
0 0.000976562 0 1 0.000976562 0.00585938 0.00195312 0 0.000976562 0.000976562 
0.00488281 0.363281 0.300781 0.0859375 0.182617 0.00488281 0.000976562 0.0517578 0.0273438 0.015625 
0 0 0 0.000976562 0 0.0361328 1 0 0.000976562 0 
0 0.00195312 0.000976562 0.000976562 0 0 0 1 0 0 
0.00488281 0.0488281 0.571289 0.0283203 0.325195 0.0224609 0.00976562 0.0332031 0.0410156 0.00585938 
0.00488281 0.0820312 0.0078125 0.00292969 1 0.00585938 0.0185547 0.00488281 0.0107422 0.00195312 
0.000976562 1 0.00195312 0 0.0175781 0 0.000976562 0.00390625 0 0 
0.0722656 0.5 0.0673828 0.00585938 0.183594 0 0.0126953 0.0410156 0.0488281 0.0761719 
0.0341797 0.0175781 1 0.0322266 0.00390625 0.00683594 0.00292969 0.00585938 0.00292969 0.00878906 
0.00683594 0.0078125 0.0371094 0.0654297 0.0146484 0.799805 0.046875 0.12207 0.00292969 0.0371094 
0 1 0 0.000976562 0.000976562 0 0 0.00976562 0 0 
0 0.000976562 0.00292969 0.0341797 0.00195312 0.0117188 0.0205078 0 1 0.00292969 
0.00195312 1 0.00585938 0.00292969 0.0283203 0.00292969 0.0166016 0.0078125 0.00292969 0.00195312 
0.666992 0.00292969 0.0332031 0.000976562 0.000976562 0 0.00390625 0.00195312 0.00976562 0.294922 
0 1 0 0 0 0 0 0.0107422 0 0 
0 0.00292969 0.00390625 0.0361328 0.00390625 0.0175781 0.0253906 0.00195312 1 0.0185547 
0.00390625 0.015625 0.0429688 0.0869141 0.134766 0.142578 0.0556641 0.00390625 0.5 0.0361328 
0 1 0.0439453 0.0302734 0.0722656 0.00195312 0.0136719 0.046875 0.000976562 0.000976562 
0 0.000976562 0.000976562 1 0.000976562 0.000976562 0 0 0 0.000976562 
0 1 0 0 0.000976562 0 0 0.00195312 0 0 
0.000976562 0.000976562 1 0.000976562 0 0 0 0.00488281 0 0.000976562 
0.571289 0.0126953 0.0595703 0.00585938 0.0126953 0.00878906 0.00683594 0.000976562 0.0283203 0.325195 
0.000976562 0.0263672 0.00390625 0.147461 0.115234 0.799805 0.0390625 0.00195312 0.0302734 0.0136719 
0 0 0 1 0 0.00292969 0 0 0 0 
0.0146484 0.0302734 0.00195312 0.0810547 0.0341797 0.391602 0.444336 0.0185547 0.000976562 0.03125 
0 0.00195312 0 0.799805 0 0.228516 0.0078125 0 0.00292969 0 
0 0.000976562 0 0 1 0 0.000976562 0 0 0 
0 1 0 0 0 0 0 0.00195312 0 0 
0.0283203 0.0292969 0.0175781 0.5 0.0429688 0.250977 0.0595703 0.0380859 0.0986328 0.0107422 
0.03125 0.5 0.162109 0.142578 0.00390625 0.0527344 0.0126953 0.0634766 0.00585938 0.0634766 
0.015625 0.0244141 0.444336 0.0634766 0.0986328 0.0673828 0.209961 0.0185547 0.0527344 0.0634766 
0.000976562 1 0 0.00390625 0.00195312 0.000976562 0 0.00585938 0 0.000976562 
0 0.0576172 0.108398 0.799805 0.00390625 0.0732422 0.00292969 0.000976562 0.00390625 0.0234375 
0.00585938 0.00976562 0.0126953 0.114258 0.0341797 0.333008 0.214844 0.00195312 0.12207 0.189453 
0 0 0 1 0 0.00390625 0.000976562 0 0.00488281 0 
0.00195312 0.00292969 0 0.000976562 0.0263672 0.0117188 1 0 0.000976562 0 
0.00390625 0.5 0.0410156 0.118164 0.22168 0.03125 0.0136719 0.0380859 0.0595703 0.0488281 
0 0.000976562 0.00195312 0.0302734 0.0283203 0.0136719 0 0 0.0126953 1 
0 0 0 0.0410156 0 1 0.00195312 0 0.000976562 0.00195312 
0 0.0126953 0.000976562 0.000976562 1 0.00195312 0.000976562 0 0 0.00390625 
0 0.000976562 0.000976562 1 0 0.0078125 0.00195312 0.00195312 0.000976562 0 
0.000976562 0.0771484 0.0107422 0.444336 0.00292969 0.416992 0.015625 0.00390625 0.00292969 0.0380859 
0 0.0166016 0.0234375 0.0224609 1 0.00488281 0.00195312 0.00488281 0.0078125 0.00390625 
0.571289 0.0107422 0.0283203 0.0107422 0.00195312 0.00585938 0.0869141 0.0488281 0.0556641 0.223633 
0.0175781 0.571289 0.126953 0.0292969 0.00585938 0.00878906 0.0078125 0.237305 0.00390625 0.00683594 
0 0 0 0 0 0.00390625 1 0 0.000976562 0 
0 0.000976562 1 0.000976562 0 0 0 0 0.000976562 0.000976562 
0.015625 0.0458984 0.00585938 0.0078125 0.5 0.00585938 0.441406 0.015625 0.00878906 0.00195312 
0 1 0 0.00390625 0.000976562 0 0 0.0136719 0 0 
0 1 0 0 0.00195312 0 0 0.0136719 0 0 
0.00292969 0.00976562 0.0224609 0.115234 0.00585938 0.799805 0.0839844 0.0205078 0.0615234 0.0136719 
0.0117188 0.0625 0.117188 0.0517578 0.00195312 0.363281 0.132812 0.265625 0.000976562 0.0273438 
0.00292969 0.0283203 0.0117188 1 0.0107422 0.0820312 0.0322266 0.00488281 0.0595703 0.00488281 
0.0195312 0.0234375 0.799805 0.0693359 0.078125 0.0195312 0.00683594 0.00878906 0.0205078 0.00488281 
0.00585938 0.143555 0.0361328 0.143555 0.444336 0.0771484 0.0244141 0.0107422 0.0986328 0.104492 
0.000976562 1 0.000976562 0 0.000976562 0 0 0.00195312 0 0 
0 1 0.000976562 0.000976562 0.000976562 0.000976562 0.000976562 0.00488281 0 0 
0.000976562 0 0 0.000976562 0 0.0126953 1 0 0.00390625 0 
0.00585938 0.0214844 0.162109 0.172852 0.104492 0.222656 0.208984 0.0244141 0.0556641 0.0410156 
1 0.0263672 0.000976562 0.000976562 0.000976562 0.000976562 0.0263672 0.0166016 0.00683594 0.00390625 
0 0 0 0 0 0.00390625 1 0 0.000976562 0 
0 0.0380859 0.00585938 0.414062 0.0175781 0.5 0.0556641 0.000976562 0.0117188 0.00585938 
0 1 0 0.000976562 0.00195312 0 0 0.00488281 0.000976562 0 
0 0.0634766 0.134766 0.134766 0.00488281 0.571289 0.104492 0.00585938 0.00878906 0.0107422 
0 0.000976562 0.00195312 0 0 0 0 1 0 0 
0.00585938 1 0.000976562 0 0.0322266 0 0.000976562 0.00390625 0.00683594 0.000976562 
0.00390625 0.0078125 0.000976562 0.00195312 0.0146484 0.166992 0.799805 0.000976562 0.00195312 0.0175781 
0 0.000976562 0.000976562 0.000976562 0 0 0 1 0 0 
0.000976562 0.00878906 0.00195312 0.00195312 0 0 0.000976562 1 0 0 
0.000976562 0.00878906 0.00292969 0 0 0 0 1 0 0 
1 0 0.000976562 0 0 0 0 0 0 0.00292969 
0.00976562 0 0.0107422 0.000976562 0.00195312 0.00195312 0.000976562 0 0.000976562 1 
0.0146484 0.0322266 0.0322266 0.799805 0.0283203 0.0117188 0.138672 0.0615234 0.0107422 0.046875 
0.00488281 0.0341797 0.0615234 0.100586 0.00195312 0.799805 0.0253906 0.0537109 0.00195312 0.0341797 
0 1 0 0 0.000976562 0 0 0.00292969 0 0 
0 0 0 0 0 0.00195312 1 0 0.000976562 0 
0.00292969 0.0263672 0.00195312 0.0146484 1 0.00390625 0.0283203 0.0126953 0.00195312 0.000976562 
0 0.00683594 1 0.0136719 0.00195312 0.000976562 0 0.00390625 0.000976562 0.00195312 
0.243164 0.00292969 0.00390625 0.00683594 0.00292969 0.000976562 0.00292969 0.00292969 0.00292969 0.799805 
0.000976562 0.00878906 1 0.00390625 0.0498047 0 0.000976562 0.0361328 0.000976562 0 
0.000976562 1 0.00195312 0.00488281 0.000976562 0.000976562 0 0.00585938 0 0.00195312 
0.000976562 0 1 0.000976562 0 0 0 0.000976562 0 0 
0 1 0 0 0 0 0.000976562 0.197266 0 0 
0.000976562 0.00585938 0.0205078 1 0.00683594 0.0390625 0.000976562 0.00195312 0.0410156 0.0566406 
0 0.00585938 0.0107422 0.00488281 1 0.135742 0.00390625 0 0.000976562 0.00195312 
0.00195312 0.00585938 1 0.00292969 0.0078125 0.000976562 0 0.00292969 0.00878906 0.00488281 
1 0.0107422 0 0 0 0 0.00292969 0.00195312 0 0.000976562 
0.0185547 0.00390625 0.0107422 0.00292969 0.294922 0.00195312 0.666992 0.00585938 0.0224609 0 
0.0078125 0.249023 0.141602 0.00488281 0.00585938 0.0244141 0.219727 0.363281 0.000976562 0.00195312 
0 0.000976562 0.000976562 1 0 0.00195312 0 0 0 0 
0.00292969 0.000976562 0.000976562 0.00976562 0.00683594 0.0419922 0.189453 0 0.799805 0.0654297 
0.00390625 0.00585938 0.00292969 0.0107422 0.0390625 0.0117188 0 0 0.00976562 1 
0.00488281 0 0.00488281 0.00292969 0.00292969 0.00390625 0.00292969 0 0.0224609 1 
0.666992 0.0478516 0.0214844 0.00195312 0.0371094 0 0.19043 0.015625 0.148438 0.00976562 
0.000976562 0.00195312 1 0.0136719 0.000976562 0 0.000976562 0.00390625 0.00390625 0.00195312 
0 0.00292969 0 0 0 0 0 1 0 0 
0 1 0 0.000976562 0.00195312 0 0.000976562 0.00585938 0 0 
0.666992 0.108398 0.0351562 0.0185547 0.0898438 0.00195312 0.0576172 0.0419922 0.0478516 0.0117188 
0.000976562 1 0.000976562 0.000976562 0.00292969 0 0.000976562 0.00683594 0.000976562 0.000976562 
0 0.000976562 0 0.000976562 0.00195312 0.0253906 1 0 0.00195312 0 
1 0.00292969 0.000976562 0 0.0107422 0 0.0146484 0 0.00195312 0.000976562 
0.129883 0.00488281 0 0 0.0537109 0.00488281 0.799805 0.00292969 0.0390625 0.0234375 
0.000976562 1 0.000976562 0.00585938 0 0 0 0.135742 0 0 
0 0 0 0.000976562 0 0 0.00390625 0 1 0 
0 0.000976562 0.000976562 0.00292969 0.00292969 0.0771484 1 0.000976562 0.0253906 0.00195312 
0.000976562 0.0107422 1 0.000976562 0.00390625 0 0 0.00683594 0 0 
0.00195312 0.0166016 0.00488281 1 0.00488281 0.0927734 0.000976562 0.00585938 0 0.0566406 
0.000976562 0 1 0 0 0 0 0.00195312 0 0 
0.000976562 0.00195312 0.000976562 0.00292969 0.00585938 0.0117188 0.000976562 0 0.00585938 1 
1 0.00195312 0 0 0.000976562 0 0.0146484 0 0.000976562 0 
0 0 0 1 0 0.000976562 0 0 0.000976562 0 
0.0107422 0.0869141 1 0.0341797 0.0136719 0.00292969 0.00292969 0.0390625 0.000976562 0.00390625 
0 0 0 0.00390625 0 1 0.00195312 0 0 0.00195312 
0.0107422 0.0458984 0.571289 0.325195 0.0820312 0.00390625 0.00976562 0.0126953 0.00292969 0.0078125 
0 1 0.0205078 0.00683594 0.000976562 0.000976562 0 0.144531 0.00390625 0.000976562 
0.000976562 0.000976562 0.00390625 0.00292969 0.00195312 0.00488281 0 0 0.00878906 1 
0.0283203 0.799805 0.00976562 0.0146484 0.0419922 0.0175781 0.00683594 0.115234 0.00195312 0.0253906 
0.0224609 0.00585938 1 0.00488281 0.00195312 0.000976562 0.000976562 0.00292969 0.00292969 0.00195312 
0.000976562 0.0566406 0.0439453 0.0234375 1 0.00488281 0.000976562 0.00292969 0.000976562 0.0185547 
0 0.00292969 0 1 0.00195312 0.00488281 0.000976562 0 0.000976562 0.000976562 
0.000976562 1 0 0.000976562 0 0 0 0.000976562 0 0.000976562 
0 0.00292969 0.000976562 1 0.000976562 0.00195312 0 0.000976562 0 0.000976562 
0 0.571289 0.000976562 0.00683594 0 0 0 0.536133 0.00488281 0 
0 0.00878906 0.000976562 0.000976562 0 0 0 1 0 0 
0 0 0 0 0 0.000976562 1 0 0.00390625 0 
0 0 0 0 0 0.00683594 1 0 0.000976562 0 
0 0 0.00292969 0.0322266 0 0.000976562 0.0175781 0 1 0.00292969 
0 0.00390625 1 0.00390625 0.00195312 0.00195312 0 0.00195312 0 0.00292969 
0 1 0 0 0 0 0 0.000976562 0 0 
0 0 0 0.00195312 0 1 0.00976562 0 0 0.000976562 
0.00390625 0.000976562 1 0.000976562 0.000976562 0.000976562 0 0 0.00195312 0.0195312 
0.015625 0.176758 0.166016 0.0253906 0.400391 0.0302734 0.0419922 0.0732422 0.0537109 0.0185547 
0 0 0 0.00390625 0 1 0.000976562 0 0 0 
0.00683594 0.0341797 0.0166016 0.0283203 0.000976562 0.000976562 0.00195312 1 0.00195312 0.00195312 
0.000976562 0.0205078 0.0341797 0.00195312 1 0.00292969 0.0107422 0 0.000976562 0.00195312 
0.333008 0.107422 0.107422 0.00683594 0.275391 0.00683594 0.0947266 0.0146484 0.0341797 0.0195312 
0 1 0 0 0 0 0 0.00195312 0 0 
0.0429688 0.220703 0.0673828 0.0292969 0.266602 0.0517578 0.0976562 0.0917969 0.0400391 0.0917969 
0 0.00292969 0 0 1 0 0.000976562 0 0 0 
0.0224609 0.305664 0.0205078 0.0185547 0.571289 0.000976562 0.00195312 0.0439453 0.00585938 0.00488281 
0 1 0.00488281 0.00390625 0.0410156 0 0 0.00195312 0 0.000976562 
0.0410156 1 0.00195312 0 0.000976562 0 0.00195312 0.0078125 0.00292969 0.000976562 
0.00195312 1 0.00390625 0.0253906 0.144531 0.0126953 0.000976562 0.00488281 0.000976562 0.0107422 
0 0.0283203 0.00292969 0.325195 0.571289 0.0986328 0.00488281 0.000976562 0.0292969 0.0175781 
0.0839844 0.0947266 0.000976562 0.0263672 0.799805 0.0615234 0.0947266 0.00292969 0.00488281 0.0195312 
0.0166016 0.444336 0.286133 0.0380859 0.15332 0.0185547 0.0185547 0.0185547 0.0224609 0.015625 
0 0.000976562 0.000976562 0.666992 0 0.404297 0.00292969 0.00195312 0.000976562 0.00585938 
0.00195312 0.666992 0.314453 0.0175781 0.101562 0.000976562 0.00195312 0.0146484 0.0234375 0.00585938 
0.0517578 0.282227 0.00976562 0.0332031 0.363281 0.00292969 0.0146484 0.206055 0.00292969 0.03125 
0.0175781 0.0214844 0.0556641 0.237305 0.0556641 0.0439453 0.0673828 0.0332031 0.571289 0.0126953 
0.000976562 0.0185547 0.0175781 0.444336 0.0146484 0.571289 0.0332031 0.00683594 0.0107422 0.00292969 
0.000976562 0.000976562 0.00390625 0.000976562 0.000976562 0.00195312 0 0 0 1 
0 0.000976562 1 0.0263672 0.000976562 0 0 0.0175781 0 0 
0 0.12207 0.0732422 0.00488281 0.799805 0.00195312 0.015625 0.0615234 0.0654297 0.00195312 
0 0.0078125 0.00390625 0.157227 0.0283203 0.799805 0.0175781 0 0.00878906 0.00878906 
0 1 0 0 0.000976562 0 0 0.00390625 0 0 
0 1 0 0 0.000976562 0 0 0.00585938 0 0 
0.000976562 0.0332031 0.015625 0.571289 0.00878906 0.345703 0.0634766 0.00878906 0.00976562 0.00976562 
0 0 1 0 0 0 0 0.00195312 0 0 
0.015625 0.799805 0.0078125 0.0107422 0.0888672 0.00585938 0.00488281 0.0498047 0.0302734 0.0615234 
0.000976562 0.0263672 0 1 0 0.0107422 0 0.0166016 0 0.00585938 
0 0 1 0 0 0 0 0.000976562 0.000976562 0.00195312 
0 0.00195312 1 0.0166016 0.000976562 0 0 0.00683594 0.000976562 0.00488281 
0 1 0 0 0.0126953 0 0 0.00195312 0.000976562 0 
0 0.0498047 0.000976562 0.000976562 0 0 0 1 0 0 
0 0.00195312 0 1 0.000976562 0.0146484 0 0 0.00390625 0.000976562 
0 0 0 0.000976562 0 1 0.00195312 0 0 0 
0 0 1 0.000976562 0 0 0 0.000976562 0 0.000976562 
0.00195312 0.00292969 0.00390625 0.00195312 0.00195312 0.000976562 0 0 0.000976562 1 
0.000976562 0 0.000976562 0.0146484 0.00292969 0.000976562 0.0410156 0.00195312 1 0.00292969 
0 1 0 0.000976562 0 0.000976562 0.00195312 0.00292969 0 0 
0.00488281 0.0205078 0.333008 0.0107422 0 0 0.000976562 0.799805 0 0.00195312 
0.00390625 0.0136719 0.163086 0.571289 0.0166016 0.0722656 0.0634766 0.00585938 0.0488281 0.0595703 
0 0.000976562 0.000976562 0 0 0 0 1 0 0 
0 0 1 0.00488281 0 0 0 0.00195312 0 0 
0.5 0.208008 0.0292969 0.00878906 0.0361328 0 0.00878906 0.142578 0.0146484 0.0527344 
0.00390625 0.666992 0.0576172 0.0234375 0.0507812 0.00976562 0 0.00585938 0.0146484 0.167969 
1 0.000976562 0 0.00390625 0 0.000976562 0.0146484 0.000976562 0.00585938 0.00683594 
0 0.0175781 0.000976562 0.000976562 1 0.000976562 0.00292969 0.000976562 0 0.00195312 
0.0136719 1 0.000976562 0.00488281 0.0927734 0.00195312 0.00488281 0.0234375 0.00488281 0.0126953 
0 0.00195312 0.000976562 0 0 0 0 1 0 0 
0.00195312 0.000976562 1 0.00292969 0 0 0 0.0078125 0 0.000976562 
1 0.0126953 0.00390625 0 0.00390625 0 0.00195312 0.000976562 0.00390625 0.0185547 
0.0146484 0.0078125 0.0869141 0.0771484 0.0136719 0.00195312 0.0722656 0.0107422 0.368164 0.444336 
0.000976562 0.00195312 0 0.000976562 0.00292969 0.0771484 1 0 0.00195312 0.000976562 
0.00292969 0.00292969 0.0439453 0.000976562 0.00195312 0 0.00195312 1 0.00195312 0 
0.000976562 0 0 0.000976562 0.00195312 0.015625 1 0 0.00292969 0 
0.000976562 0.444336 0.00195312 0 0.000976562 0 0.000976562 0.571289 0 0 
0 0.000976562 1 0.00195312 0 0 0 0.00292969 0 0.000976562 
0.000976562 1 0.00195312 0.00488281 0.0322266 0.00585938 0.00488281 0.000976562 0.0078125 0.0253906 
0.000976562 0.000976562 1 0.000976562 0.000976562 0 0 0.00390625 0 0 
0 0 0.00292969 0 0 0 0 0 0.000976562 1 
0.00195312 0.000976562 0 0 0.00585938 0.000976562 0 0 0.000976562 1 
0.00195312 0.0390625 0.00195312 0.000976562 1 0.0117188 0.0136719 0.00488281 0.000976562 0.00292969 
0.0263672 0.000976562 0.000976562 0.000976562 0.0107422 0.00390625 1 0 0.0146484 0.0107422 
0.00488281 1 0.000976562 0 0.000976562 0 0 0.00292969 0.000976562 0 
0 0.000976562 0 1 0 0.000976562 0 0.000976562 0.000976562 0 
0.00390625 0.0341797 0.799805 0.138672 0.00390625 0.0283203 0.00195312 0.0107422 0.00683594 0.0693359 
0 0 0 0.00683594 0 1 0.00585938 0 0 0.000976562 
0 0.000976562 0.00195312 1 0.000976562 0.000976562 0 0.00195312 0.000976562 0.000976562 
0 1 0.000976562 0 0 0 0 0.000976562 0 0 
0 0.34375 0.00683594 0.5 0.0126953 0.0556641 0.0429688 0.111328 0.0146484 0.00683594 
0.00488281 0.0917969 0.0380859 0.0351562 0.320312 0.363281 0.0712891 0.00976562 0.0214844 0.0800781 
0.015625 0.0263672 0.00292969 0.00683594 0.078125 0.0537109 0.799805 0.000976562 0.0205078 0.0136719 
0.00292969 0.0185547 0.00292969 0 1 0 0.0146484 0.00292969 0.0126953 0 
0.666992 0.00195312 0 0.00195312 0 0.00585938 0.356445 0.00390625 0.00195312 0.00585938 
0.00292969 0.00878906 0.000976562 0.0185547 0.0253906 0.00292969 0.000976562 0 0.00292969 1 
0 1 0 0.00195312 0.000976562 0 0 0.00292969 0 0 
0.0546875 0.0371094 0.00683594 0.108398 0.0898438 0.00683594 0.00195312 0.00488281 0.0576172 0.666992 
0.0195312 0.799805 0.0107422 0.00292969 0.0175781 0.0078125 0.0195312 0.243164 0.00585938 0.00585938 
0 0.00390625 0.00195312 0.000976562 0 0 0 1 0 0 
0 0.000976562 0.00585938 0.000976562 1 0.000976562 0.00683594 0 0.000976562 0 
0.00195312 0.0693359 0.147461 0.00390625 0.799805 0.0283203 0.0888672 0.0107422 0.000976562 0.0136719 
0.000976562 0.00585938 1 0.00585938 0.0078125 0.0175781 0 0.00292969 0.00292969 0.0166016 
0.0498047 0.0205078 0.0429688 0.15332 0.0380859 0.0273438 0.444336 0.0458984 0.15332 0.0458984 
0.00390625 0.25293 0.119141 0.571289 0.104492 0.00488281 0 0.0322266 0.00390625 0.00878906 
0.00195312 0.0634766 0.0380859 0.236328 0.0263672 0.5 0.00390625 0.0361328 0.0283203 0.125977 
0 1 0.00195312 0.000976562 0.000976562 0 0 0.00292969 0 0.000976562 
0 0.00292969 0 0.0107422 0 1 0.0107422 0 0 0.00292969 
0 1 0 0.000976562 0.000976562 0 0 0.00292969 0 0.000976562 
0 0.00878906 0.00585938 1 0.00292969 0.112305 0.0722656 0.00195312 0.0253906 0.00390625 
0 1 0.00195312 0.0107422 0.00488281 0.00878906 0 0.126953 0 0.000976562 
0.000976562 0.00585938 0.000976562 0.000976562 0.0869141 0.00585938 1 0 0.00292969 0 
0 0 0 0.00488281 0 1 0.000976562 0.000976562 0 0 
0 0 0.00195312 0.0253906 0.000976562 0.00195312 0.0205078 0 1 0.00292969 
0.000976562 0.000976562 0 0.0253906 0.00195312 0.0166016 1 0.000976562 0.00585938 0.00195312 
0.00878906 0.00195312 0.00585938 0.0429688 0.00292969 0.0283203 0.5 0.0078125 0.414062 0.015625 
0.00195312 0.666992 0.0136719 0.0292969 0.0146484 0 0.0078125 0.314453 0.0390625 0.000976562 
0.000976562 0.0195312 0.000976562 0.00195312 1 0.0322266 0.0205078 0.00195312 0.000976562 0.00488281 
0.571289 0.0107422 0.0410156 0.000976562 0.00195312 0 0.000976562 0.00195312 0.00390625 0.368164 
0 1 0.00195312 0.00390625 0.000976562 0.000976562 0 0.00390625 0 0.000976562 
0 0 0 0.00195312 0.000976562 1 0.0185547 0 0 0.000976562 
0.000976562 0.799805 0.00390625 0.0615234 0.00292969 0.00390625 0 0.115234 0.00292969 0.00488281 
0 1 0 0 0 0 0 0.00390625 0 0 
1 0.0166016 0.0683594 0.00585938 0.0126953 0.000976562 0.000976562 0.00292969 0.00292969 0.0166016 
0.000976562 1 0.000976562 0.000976562 0.00195312 0 0 0.00488281 0.000976562 0 
0.000976562 0.00878906 1 0.0136719 0.0283203 0.000976562 0.00292969 0.0146484 0.00878906 0.00585938 
0.799805 0.0185547 0.108398 0.0419922 0.0136719 0.0205078 0.0175781 0.0205078 0.0146484 0.0283203 
0 1 0 0 0 0 0 0 0 0 
0 0 0 0 0 0.00195312 1 0 0.000976562 0 
0.0546875 0.0419922 0.108398 0.0253906 0.666992 0.0273438 0.0615234 0.0195312 0.0390625 0.0742188 
0.000976562 0 1 0 0 0 0 0.00195312 0 0 
0 1 0 0 0.00488281 0 0 0.000976562 0 0 
0.0839844 0.0175781 0.0302734 0.0253906 0.157227 0.0146484 0 0 0.00585938 0.799805 
1 0.0439453 0.000976562 0 0.000976562 0 0.00390625 0.00488281 0.00195312 0.00292969 
0 1 0.000976562 0 0 0 0 0 0 0 
0.00195312 0.00292969 0.000976562 0.00195312 0.0195312 0.00585938 1 0 0.0302734 0.000976562 
0 0.00195312 0.00195312 1 0.000976562 0.0361328 0.000976562 0 0.0185547 0.00390625 
0 0.00976562 0 0 0 0 0 1 0 0 
0.00195312 0.00292969 0.00292969 0.00683594 0.0185547 0.0107422 0.0527344 0 1 0.0595703 
0 1 0.000976562 0.00292969 0.0107422 0 0 0.00878906 0.000976562 0.00195312 
0 0.00292969 1 0.00976562 0.0117188 0 0.000976562 0.0566406 0.00195312 0 
1 0.00292969 0.000976562 0 0 0 0.0498047 0 0.0224609 0.0126953 
0 1 0 0.000976562 0 0 0 0.000976562 0 0 
0.000976562 0.00390625 0.0117188 0.000976562 0.000976562 0 0 1 0 0 
0.0224609 0.00195312 0.00683594 0.0078125 0.00292969 0.0126953 1 0.00195312 0.0341797 0.0439453 
0 0.0107422 0.00683594 0.799805 0.00683594 0.0234375 0.00390625 0 0.12207 0.078125 
0.400391 0.331055 0.0273438 0.00878906 0.0507812 0.0078125 0.0341797 0.0605469 0.0273438 0.0507812 
0 0.00195312 0.000976562 0 0 0 0 1 0 0 
0 1 0.000976562 0 0 0 0 0.00292969 0 0 
0 0.0224609 0.0634766 0.00292969 0 0 0.000976562 1 0 0 
0.0078125 0.00195312 0.00585938 0.0234375 0 0.0322266 0.799805 0.00390625 0.228516 0.00390625 
0 0 0 0.00292969 0 1 0.00195312 0 0 0 
0 0.00195312 0.000976562 0 0 0 0 1 0 0 
0.0429688 0.5 0.0673828 0.00292969 0.469727 0.000976562 0.00976562 0.0107422 0.0126953 0.000976562 
0.0283203 0.0302734 1 0.00683594 0.000976562 0.000976562 0 0.0771484 0.000976562 0.00390625 
0 0.00585938 0.00195312 0.00292969 0 0 0 1 0 0 
0.0107422 0.134766 0.0595703 0.104492 0.444336 0.0810547 0.0527344 0.0244141 0.0185547 0.0927734 
0 0.0527344 0.0117188 0.00390625 1 0.0107422 0.00195312 0 0.00292969 0.0439453 
0.666992 0.00683594 0.00390625 0 0.00390625 0 0.00390625 0.334961 0.00195312 0.0117188 
0.000976562 0.00292969 0.0283203 0.0390625 0.00488281 0.00878906 0.0302734 0.00292969 1 0.00488281 
0.000976562 0.00292969 0.046875 0.0205078 0.0263672 0.0390625 0.00195312 0.00292969 0.0224609 1 
0 0.0185547 0 0.571289 0.000976562 0.473633 0.00976562 0.000976562 0.00195312 0.00195312 
0 0.000976562 0.00390625 1 0.0283203 0.00390625 0.00585938 0.00585938 0 0.000976562 
0.0195312 0.00390625 1 0.0175781 0.0927734 0.0126953 0.015625 0.0410156 0.0126953 0.00488281 
0 0.000976562 1 0.00195312 0.000976562 0 0 0.00683594 0.000976562 0.000976562 
0 0.000976562 0 0 1 0 0.000976562 0 0.000976562 0 
0.258789 0.799805 0 0.00292969 0.000976562 0.000976562 0.00195312 0.0126953 0.00292969 0.00390625 
0 0.00292969 0 0.00683594 0.000976562 0.000976562 0.0224609 0 1 0 
0 0 0 0.00390625 0 1 0.0146484 0 0.000976562 0.00390625 
0 0.158203 0.108398 0.0390625 0.666992 0.00195312 0.000976562 0.0332031 0.0449219 0.00195312 
0 1 0 0 0 0 0 0 0 0 
0 1 0.00195312 0.00488281 0.00195312 0.00390625 0.00195312 0.000976562 0 0.000976562 
0 0.000976562 0.000976562 0.000976562 0 0 0 1 0 0 
0 1 0 0 0.00195312 0 0 0.00195312 0 0 
0.00195312 0.00390625 0.0117188 0.666992 0.0126953 0.158203 0.139648 0.00195312 0.0839844 0.00585938 
0.0078125 0.0244141 0.5 0.0556641 0.0234375 0.00976562 0.00195312 0.00292969 0.365234 0.0810547 
0.000976562 0.0175781 0.0986328 0.00878906 1 0.00292969 0.0234375 0.00878906 0.00390625 0.00292969 
0.000976562 0 1 0.000976562 0 0 0 0.00390625 0 0 
0 0.0234375 0.00195312 0.000976562 1 0.000976562 0.00195312 0.000976562 0.00195312 0.000976562 
0.00390625 0.00488281 0.0439453 0.000976562 0.00195312 0.0166016 0.00195312 0.00292969 0.00390625 1 
1 0 0 0 0 0 0.00195312 0 0 0.00292969 
0.0791016 0.666992 0.00585938 0.00878906 0.0703125 0.0078125 0.0615234 0.0351562 0.0615234 0.00976562 
0 1 0.000976562 0.00878906 0.000976562 0.000976562 0.00195312 0.0820312 0 0 
0.015625 0.314453 0.0654297 0.0136719 0.666992 0.0214844 0.00683594 0.0234375 0.00292969 0.0185547 
0 0.0947266 0.0732422 0.00390625 0.799805 0.00976562 0.00585938 0.0185547 0 0 
0 1 0 0 0 0 0 0.00390625 0 0 
0 0 1 0.00195312 0.000976562 0 0 0.00195312 0 0 
0.000976562 0.000976562 1 0.000976562 0 0 0 0.00878906 0 0 
0.00195312 1 0.000976562 0.00195312 0.0820312 0 0.000976562 0.0683594 0 0.00195312 
0.00488281 0.0244141 0.571289 0.0107422 0.416992 0.00195312 0.00488281 0.000976562 0.0214844 0.0126953 
0 1 0 0 0 0 0 0 0 0 
0.00195312 0.0185547 0 0.000976562 1 0 0.00878906 0.000976562 0.000976562 0 
0 0.00683594 0.0146484 0.12207 0.0253906 0.799805 0.00292969 0.00195312 0.00488281 0.0205078 
0.000976562 0.0566406 1 0.0136719 0.135742 0.00292969 0.00195312 0.0078125 0.0185547 0.000976562 
0.0205078 0.0917969 0.363281 0.0292969 0.000976562 0.0458984 0.0244141 0.117188 0.0107422 0.320312 
0 0.666992 0.0224609 0.00292969 0.378906 0.00195312 0.0107422 0.0576172 0.00292969 0 
0.314453 0.03125 0 0 0.00195312 0 0.666992 0.00683594 0.0253906 0.000976562 
0.00195312 0.00488281 1 0.00488281 0.0146484 0 0 0.0820312 0.000976562 0 
1 0.000976562 0 0 0 0 0.000976562 0 0.000976562 0.00292969 
0.00195312 0.0107422 1 0.00390625 0.00292969 0.00195312 0.000976562 0.00585938 0.00195312 0.00195312 
0 0 0 0.00195312 0 1 0.00390625 0 0 0 
0 0.0107422 0.00195312 1 0.0341797 0.0986328 0.0107422 0.000976562 0.00488281 0.046875 
0 0.00292969 0 0 0 0 0 1 0 0 
0 0.000976562 0 0 1 0.000976562 0.00292969 0 0 0 
1 0.000976562 0 0.00195312 0.000976562 0.000976562 0.0439453 0.000976562 0.00195312 0.0224609 
0.000976562 0.00195312 1 0.000976562 0.000976562 0.000976562 0 0 0.00195312 0.0107422 
0 0 0 0.00585938 0.00195312 1 0.0175781 0 0.00390625 0.00292969 
0 1 0.000976562 0 0.00292969 0 0 0.0322266 0 0 
0 0.00683594 0 0 0 0 0 1 0 0 
0.000976562 0.0146484 0.5 0.441406 0.00683594 0.00488281 0 0.0410156 0 0.00585938 
0 0.000976562 0 0.00878906 0.000976562 1 0.00878906 0.000976562 0 0.00390625 
0 0 0 1 0.000976562 0.00390625 0 0 0.00390625 0.000976562 
0.0371094 0.114258 0.177734 0.157227 0.100586 0.0576172 0.0205078 0.0146484 0.0302734 0.333008 
0 0.000976562 0.000976562 0 0 0 0 1 0 0 
0 0.00585938 1 0.000976562 0.0263672 0 0.000976562 0.000976562 0.00585938 0.00195312 
