

================================================================
== Synthesis Summary Report of 'kernel_wrapper'
================================================================
+ General Information: 
    * Date:           Sat Aug 24 01:49:27 2024
    * Version:        2022.2 (Build 3670227 on Oct 13 2022)
    * Project:        kernel_wrapper
    * Solution:       solution (Vitis Kernel Flow Target)
    * Product family: versal
    * Target device:  xcvc1902-vsvd1760-2MP-e-S
    

+ Performance & Resource Estimates: 
    
    PS: '+' for module; 'o' for loop; '*' for dataflow
    +-------------------------------------------------------------------------+------+------+---------+-----------+----------+---------+-------+----------+---------+---------+-------------+--------------+---------+
    |                                 Modules                                 | Issue|      | Latency |  Latency  | Iteration|         |  Trip |          |         |         |             |              |         |
    |                                 & Loops                                 | Type | Slack| (cycles)|    (ns)   |  Latency | Interval| Count | Pipelined|  BRAM   |   DSP   |      FF     |      LUT     |   URAM  |
    +-------------------------------------------------------------------------+------+------+---------+-----------+----------+---------+-------+----------+---------+---------+-------------+--------------+---------+
    |+ kernel_wrapper*                                                        |     -|  0.00|   114859|  5.743e+05|         -|    81995|      -|  dataflow|  8 (~0%)|  5 (~0%)|   42170 (2%)|  653062 (72%)|  13 (2%)|
    | + read_input                                                            |     -|  0.00|    16458|  8.229e+04|         -|    16458|      -|        no|        -|        -|    952 (~0%)|     532 (~0%)|        -|
    |  + read_input_Pipeline_VITIS_LOOP_5_1                                   |     -|  0.00|    16387|  8.194e+04|         -|    16387|      -|        no|        -|        -|    820 (~0%)|     314 (~0%)|        -|
    |   o VITIS_LOOP_5_1                                                      |     -|  3.65|    16385|  8.192e+04|         3|        1|  16384|       yes|        -|        -|            -|             -|        -|
    | + run_inference                                                         |     -|  0.01|    16405|  8.202e+04|         -|    16405|      -|        no|  8 (~0%)|  5 (~0%)|   35530 (1%)|  642737 (71%)|        -|
    |  o VITIS_LOOP_15_1                                                      |     -|  3.65|    16404|  8.202e+04|        22|        -|  16384|        no|        -|        -|            -|             -|        -|
    |   + dataflow_in_loop_VITIS_LOOP_15_1*                                   |     -|  0.01|       20|    100.000|         -|        1|      -|  dataflow|  8 (~0%)|  5 (~0%)|   35319 (1%)|  642632 (71%)|        -|
    |    + myproject                                                          |    II|  0.01|       20|    100.000|         -|        1|      -|       yes|  8 (~0%)|  5 (~0%)|   35319 (1%)|  642632 (71%)|        -|
    |     + dense_latency_ap_fixed_16_6_5_3_0_ap_fixed_16_6_5_3_0_config2_s   |     -|  0.01|        1|      5.000|         -|        1|      -|       yes|        -|        -|   9631 (~0%)|  183240 (20%)|        -|
    |     + relu_ap_fixed_16_6_5_3_0_ap_fixed_16_6_5_3_0_relu_config4_s       |    II|  2.58|        0|      0.000|         -|        1|      -|       yes|        -|        -|            -|    1408 (~0%)|        -|
    |     + dense_latency_ap_fixed_16_6_5_3_0_ap_fixed_16_6_5_3_0_config5_s   |     -|  0.03|        2|     10.000|         -|        1|      -|       yes|        -|        -|  13222 (~0%)|  269401 (29%)|        -|
    |     + relu_ap_fixed_16_6_5_3_0_ap_fixed_16_6_5_3_0_relu_config7_s       |    II|  2.58|        0|      0.000|         -|        1|      -|       yes|        -|        -|            -|     704 (~0%)|        -|
    |     + dense_latency_ap_fixed_16_6_5_3_0_ap_fixed_16_6_5_3_0_config8_s   |     -|  0.02|        1|      5.000|         -|        1|      -|       yes|        -|        -|   6815 (~0%)|  153677 (17%)|        -|
    |     + relu_ap_fixed_16_6_5_3_0_ap_fixed_16_6_5_3_0_relu_config10_s      |    II|  2.58|        0|      0.000|         -|        1|      -|       yes|        -|        -|            -|     704 (~0%)|        -|
    |     + dense_latency_ap_fixed_16_6_5_3_0_ap_fixed_16_6_5_3_0_config11_s  |     -|  0.03|        1|      5.000|         -|        1|      -|       yes|        -|        -|   1501 (~0%)|    33016 (3%)|        -|
    |     + softmax_stable_ap_fixed_ap_fixed_16_6_5_3_0_softmax_config13_s    |    II|  0.09|        6|     30.000|         -|        1|      -|       yes|  8 (~0%)|  5 (~0%)|    193 (~0%)|     460 (~0%)|        -|
    | + entry_proc                                                            |     -|  2.97|        0|      0.000|         -|        0|      -|        no|        -|        -|      2 (~0%)|       6 (~0%)|        -|
    | + write_result                                                          |     -|  0.00|    81994|  4.100e+05|         -|    81994|      -|        no|        -|        -|    241 (~0%)|     351 (~0%)|        -|
    |  + write_result_Pipeline_VITIS_LOOP_21_1                                |     -|  0.00|    81923|  4.096e+05|         -|    81923|      -|        no|        -|        -|    104 (~0%)|     127 (~0%)|        -|
    |   o VITIS_LOOP_21_1                                                     |    II|  3.65|    81921|  4.096e+05|         7|        5|  16384|       yes|        -|        -|            -|             -|        -|
    +-------------------------------------------------------------------------+------+------+---------+-----------+----------+---------+-------+----------+---------+---------+-------------+--------------+---------+


================================================================
== HW Interfaces
================================================================
* M_AXI
+-------------+------------+---------------+---------+--------+----------+-----------+--------------+--------------+-------------+-------------+
| Interface   | Data Width | Address Width | Latency | Offset | Register | Max Widen | Max Read     | Max Write    | Num Read    | Num Write   |
|             | (SW->HW)   |               |         |        |          | Bitwidth  | Burst Length | Burst Length | Outstanding | Outstanding |
+-------------+------------+---------------+---------+--------+----------+-----------+--------------+--------------+-------------+-------------+
| m_axi_gmem0 | 16 -> 512  | 64            | 64      | slave  | 0        | 512       | 16           | 16           | 16          | 16          |
| m_axi_gmem1 | 16 -> 16   | 64            | 64      | slave  | 0        | 512       | 16           | 16           | 16          | 16          |
+-------------+------------+---------------+---------+--------+----------+-----------+--------------+--------------+-------------+-------------+

* S_AXILITE Interfaces
+---------------+------------+---------------+--------+----------+
| Interface     | Data Width | Address Width | Offset | Register |
+---------------+------------+---------------+--------+----------+
| s_axi_control | 32         | 6             | 16     | 0        |
+---------------+------------+---------------+--------+----------+

* S_AXILITE Registers
+---------------+----------+--------+-------+--------+----------------------------------+------------------------------------------------------------------------------------+
| Interface     | Register | Offset | Width | Access | Description                      | Bit Fields                                                                         |
+---------------+----------+--------+-------+--------+----------------------------------+------------------------------------------------------------------------------------+
| s_axi_control | CTRL     | 0x00   | 32    | RW     | Control signals                  | 0=AP_START 1=AP_DONE 2=AP_IDLE 3=AP_READY 4=AP_CONTINUE 7=AUTO_RESTART 9=INTERRUPT |
| s_axi_control | GIER     | 0x04   | 32    | RW     | Global Interrupt Enable Register | 0=Enable                                                                           |
| s_axi_control | IP_IER   | 0x08   | 32    | RW     | IP Interrupt Enable Register     | 0=CHAN0_INT_EN 1=CHAN1_INT_EN                                                      |
| s_axi_control | IP_ISR   | 0x0c   | 32    | RW     | IP Interrupt Status Register     | 0=CHAN0_INT_ST 1=CHAN1_INT_ST                                                      |
| s_axi_control | in_r_1   | 0x10   | 32    | W      | Data signal of in_r              |                                                                                    |
| s_axi_control | in_r_2   | 0x14   | 32    | W      | Data signal of in_r              |                                                                                    |
| s_axi_control | out_r_1  | 0x1c   | 32    | W      | Data signal of out_r             |                                                                                    |
| s_axi_control | out_r_2  | 0x20   | 32    | W      | Data signal of out_r             |                                                                                    |
+---------------+----------+--------+-------+--------+----------------------------------+------------------------------------------------------------------------------------+

* TOP LEVEL CONTROL
+-----------+---------------+-----------+
| Interface | Type          | Ports     |
+-----------+---------------+-----------+
| ap_clk    | clock         | ap_clk    |
| ap_rst_n  | reset         | ap_rst_n  |
| interrupt | interrupt     | interrupt |
| ap_ctrl   | ap_ctrl_chain |           |
+-----------+---------------+-----------+


================================================================
== SW I/O Information
================================================================
* Top Function Arguments
+----------+-----------+---------------------------------------------+
| Argument | Direction | Datatype                                    |
+----------+-----------+---------------------------------------------+
| in       | in        | ap_fixed<16, 6, AP_TRN, AP_WRAP, 0> const * |
| out      | out       | ap_fixed<16, 6, AP_TRN, AP_WRAP, 0>*        |
+----------+-----------+---------------------------------------------+

* SW-to-HW Mapping
+----------+---------------+-----------+----------+
| Argument | HW Interface  | HW Type   | HW Usage |
+----------+---------------+-----------+----------+
| in       | m_axi_gmem0   | interface |          |
| in       | s_axi_control | interface | offset   |
| out      | m_axi_gmem1   | interface |          |
| out      | s_axi_control | interface | offset   |
+----------+---------------+-----------+----------+


================================================================
== M_AXI Burst Information
================================================================
 Note: All burst requests might be further partitioned into multiple requests during RTL generation based on max_read_burst_length or max_write_burst_length settings.

* Inferred Burst Summary
+--------------+-----------------+-----------+--------+-------+------------------------------------------------------------------------------+
| HW Interface | Loop            | Direction | Length | Width | Location                                                                     |
+--------------+-----------------+-----------+--------+-------+------------------------------------------------------------------------------+
| m_axi_gmem0  |                 | read      | 8192   | 512   | /home/kaxiotis/Vitis_Accel_Projects/vitis_accel_prj/kernel_wrapper.cpp:5:21  |
| m_axi_gmem1  | VITIS_LOOP_21_1 | write     | 81920  | 16    | /home/kaxiotis/Vitis_Accel_Projects/vitis_accel_prj/kernel_wrapper.cpp:21:22 |
+--------------+-----------------+-----------+--------+-------+------------------------------------------------------------------------------+


================================================================
== Bind Op Report
================================================================
+------------------------------------------------------------------------+-----+--------+----------------+-----+--------+---------+
| Name                                                                   | DSP | Pragma | Variable       | Op  | Impl   | Latency |
+------------------------------------------------------------------------+-----+--------+----------------+-----+--------+---------+
| + kernel_wrapper                                                       | 5   |        |                |     |        |         |
|  + read_input                                                          | 0   |        |                |     |        |         |
|   + read_input_Pipeline_VITIS_LOOP_5_1                                 | 0   |        |                |     |        |         |
|     add_ln5_fu_113_p2                                                  | -   |        | add_ln5        | add | fabric | 0       |
|  + run_inference                                                       | 5   |        |                |     |        |         |
|   + dataflow_in_loop_VITIS_LOOP_15_1                                   | 5   |        |                |     |        |         |
|    + myproject                                                         | 5   |        |                |     |        |         |
|     + dense_latency_ap_fixed_16_6_5_3_0_ap_fixed_16_6_5_3_0_config2_s  | 0   |        |                |     |        |         |
|       mul_16s_10s_26_1_0_U634                                          | -   |        | r_V_2351       | mul | fabric | 0       |
|       r_V_2352_fu_2977177_p2                                           | -   |        | r_V_2352       | add | fabric | 0       |
|       mul_16s_10ns_26_1_0_U595                                         | -   |        | r_V_2353       | mul | fabric | 0       |
|       mul_16s_9ns_25_1_0_U596                                          | -   |        | r_V_2354       | mul | fabric | 0       |
|       mul_16s_10ns_26_1_0_U597                                         | -   |        | r_V_2355       | mul | fabric | 0       |
|       r_V_2356_fu_2977257_p2                                           | -   |        | r_V_2356       | sub | fabric | 0       |
|       mul_16s_10s_26_1_0_U609                                          | -   |        | r_V_2357       | mul | fabric | 0       |
|       mul_16s_10ns_26_1_0_U506                                         | -   |        | r_V_2358       | mul | fabric | 0       |
|       mul_16s_8ns_24_1_0_U214                                          | -   |        | r_V_2359       | mul | fabric | 0       |
|       r_V_2360_fu_2977339_p2                                           | -   |        | r_V_2360       | sub | fabric | 0       |
|       mul_16s_9ns_25_1_0_U215                                          | -   |        | r_V_2361       | mul | fabric | 0       |
|       mul_16s_9ns_25_1_0_U318                                          | -   |        | r_V_2362       | mul | fabric | 0       |
|       mul_16s_9ns_25_1_0_U610                                          | -   |        | r_V_2363       | mul | fabric | 0       |
|       r_V_2364_fu_2996730_p2                                           | -   |        | r_V_2364       | add | fabric | 0       |
|       mul_16s_10s_26_1_0_U510                                          | -   |        | r_V_2365       | mul | fabric | 0       |
|       mul_16s_9s_25_1_0_U118                                           | -   |        | r_V_2366       | mul | fabric | 0       |
|       mul_16s_10s_26_1_0_U352                                          | -   |        | r_V_2367       | mul | fabric | 0       |
|       mul_16s_7ns_23_1_0_U398                                          | -   |        | r_V_2368       | mul | fabric | 0       |
|       mul_16s_9ns_25_1_0_U436                                          | -   |        | r_V_2369       | mul | fabric | 0       |
|       r_V_2370_fu_2977461_p2                                           | -   |        | r_V_2370       | add | fabric | 0       |
|       mul_16s_8s_24_1_0_U493                                           | -   |        | r_V_2371       | mul | fabric | 0       |
|       r_V_2372_fu_2977507_p2                                           | -   |        | r_V_2372       | add | fabric | 0       |
|       mul_16s_10s_26_1_0_U276                                          | -   |        | r_V_2373       | mul | fabric | 0       |
|       mul_16s_10s_26_1_0_U582                                          | -   |        | r_V_2374       | mul | fabric | 0       |
|       mul_16s_8ns_24_1_0_U622                                          | -   |        | r_V_2375       | mul | fabric | 0       |
|       mul_16s_10s_26_1_0_U672                                          | -   |        | r_V_2376       | mul | fabric | 0       |
|       mul_16s_8s_24_1_0_U710                                           | -   |        | r_V_2377       | mul | fabric | 0       |
|       mul_16s_8s_24_1_0_U513                                           | -   |        | r_V_2378       | mul | fabric | 0       |
|       mul_16s_10s_26_1_0_U301                                          | -   |        | r_V_2379       | mul | fabric | 0       |
|       mul_16s_10s_26_1_0_U606                                          | -   |        | r_V_2380       | mul | fabric | 0       |
|       mul_16s_6s_22_1_0_U644                                           | -   |        | r_V_2381       | mul | fabric | 0       |
|       r_V_2382_fu_2977633_p2                                           | -   |        | r_V_2382       | sub | fabric | 0       |
|       mul_16s_9ns_25_1_0_U178                                          | -   |        | r_V_2383       | mul | fabric | 0       |
|       mul_16s_10ns_26_1_0_U305                                         | -   |        | r_V_2384       | mul | fabric | 0       |
|       mul_16s_9s_25_1_0_U278                                           | -   |        | r_V_2385       | mul | fabric | 0       |
|       r_V_2386_fu_2977699_p2                                           | -   |        | r_V_2386       | sub | fabric | 0       |
|       mul_16s_8ns_24_1_0_U296                                          | -   |        | r_V_2387       | mul | fabric | 0       |
|       mul_16s_9s_25_1_0_U297                                           | -   |        | r_V_2388       | mul | fabric | 0       |
|       mul_16s_7s_23_1_0_U281                                           | -   |        | r_V_2389       | mul | fabric | 0       |
|       mul_16s_10ns_26_1_0_U309                                         | -   |        | r_V_2390       | mul | fabric | 0       |
|       mul_16s_8s_24_1_0_U300                                           | -   |        | r_V_2391       | mul | fabric | 0       |
|       mul_16s_11s_26_1_0_U216                                          | -   |        | mul_ln1270     | mul | fabric | 0       |
|       mul_16s_6s_22_1_0_U217                                           | -   |        | r_V_2392       | mul | fabric | 0       |
|       r_V_2393_fu_2977797_p2                                           | -   |        | r_V_2393       | sub | fabric | 0       |
|       mul_16s_8ns_24_1_0_U121                                          | -   |        | r_V_2394       | mul | fabric | 0       |
|       mul_16s_8ns_24_1_0_U28                                           | -   |        | r_V_2395       | mul | fabric | 0       |
|       mul_16s_10s_26_1_0_U612                                          | -   |        | r_V_2396       | mul | fabric | 0       |
|       mul_16s_9ns_25_1_0_U221                                          | -   |        | r_V_2397       | mul | fabric | 0       |
|       mul_16s_9s_25_1_0_U551                                           | -   |        | r_V_2398       | mul | fabric | 0       |
|       mul_16s_9ns_25_1_0_U600                                          | -   |        | r_V_2399       | mul | fabric | 0       |
|       mul_16s_8s_24_1_0_U400                                           | -   |        | r_V_2400       | mul | fabric | 0       |
|       mul_16s_10s_26_1_0_U429                                          | -   |        | r_V_2401       | mul | fabric | 0       |
|       mul_16s_10s_26_1_0_U220                                          | -   |        | r_V_2403       | mul | fabric | 0       |
|       mul_16s_10s_26_1_0_U268                                          | -   |        | r_V_2404       | mul | fabric | 0       |
|       mul_16s_10ns_26_1_0_U316                                         | -   |        | r_V_2405       | mul | fabric | 0       |
|       mul_16s_10ns_26_1_0_U360                                         | -   |        | r_V_2406       | mul | fabric | 0       |
|       r_V_2407_fu_2977979_p2                                           | -   |        | r_V_2407       | add | fabric | 0       |
|       r_V_2409_fu_2978077_p2                                           | -   |        | r_V_2409       | sub | fabric | 0       |
|       r_V_2410_fu_2978143_p2                                           | -   |        | r_V_2410       | add | fabric | 0       |
|       mul_16s_10ns_26_1_0_U675                                         | -   |        | r_V_2411       | mul | fabric | 0       |
|       r_V_2412_fu_2978213_p2                                           | -   |        | r_V_2412       | sub | fabric | 0       |
|       mul_16s_9s_25_1_0_U203                                           | -   |        | r_V_2413       | mul | fabric | 0       |
|       mul_16s_9ns_25_1_0_U503                                          | -   |        | r_V_2414       | mul | fabric | 0       |
|       r_V_2415_fu_2978273_p2                                           | -   |        | r_V_2415       | sub | fabric | 0       |
|       r_V_2416_fu_2978305_p2                                           | -   |        | r_V_2416       | sub | fabric | 0       |
|       mul_16s_9ns_25_1_0_U291                                          | -   |        | r_V_2417       | mul | fabric | 0       |
|       r_V_2418_fu_2978335_p2                                           | -   |        | r_V_2418       | add | fabric | 0       |
|       mul_16s_10s_26_1_0_U592                                          | -   |        | r_V_2419       | mul | fabric | 0       |
|       mul_16s_9s_25_1_0_U382                                           | -   |        | r_V_2420       | mul | fabric | 0       |
|       mul_16s_8s_24_1_0_U422                                           | -   |        | r_V_2421       | mul | fabric | 0       |
|       mul_16s_10s_26_1_0_U694                                          | -   |        | r_V_2422       | mul | fabric | 0       |
|       mul_16s_10ns_26_1_0_U695                                         | -   |        | r_V_2423       | mul | fabric | 0       |
|       mul_16s_9s_25_1_0_U688                                           | -   |        | r_V_2424       | mul | fabric | 0       |
|       r_V_2425_fu_2978431_p2                                           | -   |        | r_V_2425       | sub | fabric | 0       |
|       mul_16s_10ns_26_1_0_U696                                         | -   |        | r_V_2426       | mul | fabric | 0       |
|       mul_16s_10ns_26_1_0_U697                                         | -   |        | r_V_2427       | mul | fabric | 0       |
|       r_V_2428_fu_2978471_p2                                           | -   |        | r_V_2428       | add | fabric | 0       |
|       sub_ln1273_617_fu_2978491_p2                                     | -   |        | sub_ln1273_617 | sub | fabric | 0       |
|       r_V_2429_fu_2978497_p2                                           | -   |        | r_V_2429       | sub | fabric | 0       |
|       mul_16s_10s_26_1_0_U698                                          | -   |        | r_V_2430       | mul | fabric | 0       |
|       mul_16s_8ns_24_1_0_U20                                           | -   |        | r_V_2431       | mul | fabric | 0       |
|       mul_16s_9s_25_1_0_U511                                           | -   |        | r_V_2432       | mul | fabric | 0       |
|       mul_16s_8ns_24_1_0_U122                                          | -   |        | r_V_2433       | mul | fabric | 0       |
|       mul_16s_10s_26_1_0_U613                                          | -   |        | r_V_2434       | mul | fabric | 0       |
|       mul_16s_8ns_24_1_0_U29                                           | -   |        | r_V_2435       | mul | fabric | 0       |
|       mul_16s_7ns_23_1_0_U125                                          | -   |        | r_V_2436       | mul | fabric | 0       |
|       mul_16s_8ns_24_1_0_U126                                          | -   |        | r_V_2437       | mul | fabric | 0       |
|       r_V_2438_fu_2978655_p2                                           | -   |        | r_V_2438       | sub | fabric | 0       |
|       mul_16s_10s_26_1_0_U127                                          | -   |        | r_V_2439       | mul | fabric | 0       |
|       mul_16s_9ns_25_1_0_U77                                           | -   |        | r_V_2440       | mul | fabric | 0       |
|       mul_16s_9ns_25_1_0_U392                                          | -   |        | r_V_2441       | mul | fabric | 0       |
|       mul_16s_10s_26_1_0_U683                                          | -   |        | r_V_2442       | mul | fabric | 0       |
|       mul_16s_11ns_26_1_0_U210                                         | -   |        | mul_ln1270_51  | mul | fabric | 0       |
|       r_V_2443_fu_2978751_p2                                           | -   |        | r_V_2443       | sub | fabric | 0       |
|       mul_16s_9s_25_1_0_U13                                            | -   |        | r_V_2444       | mul | fabric | 0       |
|       mul_16s_10ns_26_1_0_U52                                          | -   |        | r_V_2445       | mul | fabric | 0       |
|       mul_16s_10ns_26_1_0_U608                                         | -   |        | r_V_2446       | mul | fabric | 0       |
|       mul_16s_10s_26_1_0_U656                                          | -   |        | r_V_2447       | mul | fabric | 0       |
|       r_V_2448_fu_2978811_p2                                           | -   |        | r_V_2448       | sub | fabric | 0       |
|       r_V_2449_fu_2978831_p2                                           | -   |        | r_V_2449       | sub | fabric | 0       |
|       mul_16s_9s_25_1_0_U705                                           | -   |        | r_V_2450       | mul | fabric | 0       |
|       mul_16s_10ns_26_1_0_U488                                         | -   |        | r_V_2451       | mul | fabric | 0       |
|       mul_16s_8s_24_1_0_U25                                            | -   |        | r_V_2452       | mul | fabric | 0       |
|       r_V_2453_fu_2978889_p2                                           | -   |        | r_V_2453       | sub | fabric | 0       |
|       mul_16s_10ns_26_1_0_U70                                          | -   |        | r_V_2454       | mul | fabric | 0       |
|       mul_16s_9s_25_1_0_U626                                           | -   |        | r_V_2455       | mul | fabric | 0       |
|       mul_16s_7s_23_1_0_U385                                           | -   |        | r_V_2456       | mul | fabric | 0       |
|       mul_16s_7s_23_1_0_U410                                           | -   |        | r_V_2457       | mul | fabric | 0       |
|       mul_16s_10ns_26_1_0_U357                                         | -   |        | r_V_2458       | mul | fabric | 0       |
|       mul_16s_9s_25_1_0_U387                                           | -   |        | r_V_2459       | mul | fabric | 0       |
|       mul_16s_10ns_26_1_0_U402                                         | -   |        | r_V_2460       | mul | fabric | 0       |
|       r_V_2461_fu_2978995_p2                                           | -   |        | r_V_2461       | sub | fabric | 0       |
|       mul_16s_9ns_25_1_0_U374                                          | -   |        | r_V_2462       | mul | fabric | 0       |
|       mul_16s_8ns_24_1_0_U390                                          | -   |        | r_V_2464       | mul | fabric | 0       |
|       r_V_2465_fu_2979147_p2                                           | -   |        | r_V_2465       | sub | fabric | 0       |
|       mul_16s_9s_25_1_0_U417                                           | -   |        | r_V_2466       | mul | fabric | 0       |
|       mul_16s_11ns_26_1_0_U657                                         | -   |        | mul_ln1270_52  | mul | fabric | 0       |
|       mul_16s_9ns_25_1_0_U658                                          | -   |        | r_V_2467       | mul | fabric | 0       |
|       r_V_2468_fu_2979225_p2                                           | -   |        | r_V_2468       | add | fabric | 0       |
|       mul_16s_8ns_24_1_0_U515                                          | -   |        | r_V_2469       | mul | fabric | 0       |
|       mul_16s_9s_25_1_0_U31                                            | -   |        | r_V_2470       | mul | fabric | 0       |
|       r_V_2471_fu_2979281_p2                                           | -   |        | r_V_2471       | sub | fabric | 0       |
|       r_V_2472_fu_2979301_p2                                           | -   |        | r_V_2472       | sub | fabric | 0       |
|       r_V_2473_fu_2979337_p2                                           | -   |        | r_V_2473       | sub | fabric | 0       |
|       mul_16s_11ns_26_1_0_U661                                         | -   |        | mul_ln1270_53  | mul | fabric | 0       |
|       mul_16s_10s_26_1_0_U129                                          | -   |        | r_V_2474       | mul | fabric | 0       |
|       r_V_2475_fu_2979377_p2                                           | -   |        | r_V_2475       | sub | fabric | 0       |
|       mul_16s_9s_25_1_0_U534                                           | -   |        | r_V_2476       | mul | fabric | 0       |
|       r_V_2477_fu_2979423_p2                                           | -   |        | r_V_2477       | sub | fabric | 0       |
|       mul_16s_10s_26_1_0_U602                                          | -   |        | r_V_2478       | mul | fabric | 0       |
|       r_V_2479_fu_2979449_p2                                           | -   |        | r_V_2479       | sub | fabric | 0       |
|       r_V_2480_fu_2979493_p2                                           | -   |        | r_V_2480       | sub | fabric | 0       |
|       mul_16s_8s_24_1_0_U638                                           | -   |        | r_V_2481       | mul | fabric | 0       |
|       r_V_2482_fu_2979539_p2                                           | -   |        | r_V_2482       | sub | fabric | 0       |
|       mul_16s_9s_25_1_0_U173                                           | -   |        | r_V_2483       | mul | fabric | 0       |
|       mul_16s_9s_25_1_0_U212                                           | -   |        | r_V_2484       | mul | fabric | 0       |
|       mul_16s_8s_24_1_0_U261                                           | -   |        | r_V_2485       | mul | fabric | 0       |
|       mul_16s_10ns_26_1_0_U555                                         | -   |        | r_V_2486       | mul | fabric | 0       |
|       mul_16s_11s_26_1_0_U93                                           | -   |        | mul_ln1270_54  | mul | fabric | 0       |
|       mul_16s_9s_25_1_0_U394                                           | -   |        | r_V_2487       | mul | fabric | 0       |
|       mul_16s_9ns_25_1_0_U718                                          | -   |        | r_V_2488       | mul | fabric | 0       |
|       r_V_2489_fu_2979637_p2                                           | -   |        | r_V_2489       | sub | fabric | 0       |
|       mul_16s_10s_26_1_0_U224                                          | -   |        | r_V_2490       | mul | fabric | 0       |
|       mul_16s_9s_25_1_0_U15                                            | -   |        | r_V_2491       | mul | fabric | 0       |
|       mul_16s_8ns_24_1_0_U586                                          | -   |        | r_V_2492       | mul | fabric | 0       |
|       mul_16s_10ns_26_1_0_U616                                         | -   |        | r_V_2493       | mul | fabric | 0       |
|       mul_16s_8ns_24_1_0_U56                                           | -   |        | r_V_2494       | mul | fabric | 0       |
|       mul_16s_7ns_23_1_0_U57                                           | -   |        | r_V_2495       | mul | fabric | 0       |
|       mul_16s_10ns_26_1_0_U58                                          | -   |        | r_V_2496       | mul | fabric | 0       |
|       mul_16s_7ns_23_1_0_U71                                           | -   |        | r_V_2497       | mul | fabric | 0       |
|       mul_16s_9ns_25_1_0_U72                                           | -   |        | r_V_2498       | mul | fabric | 0       |
|       r_V_2499_fu_2979767_p2                                           | -   |        | r_V_2499       | sub | fabric | 0       |
|       mul_16s_6ns_22_1_0_U73                                           | -   |        | r_V_2500       | mul | fabric | 0       |
|       mul_16s_10s_26_1_0_U48                                           | -   |        | r_V_2501       | mul | fabric | 0       |
|       mul_16s_9ns_25_1_0_U458                                          | -   |        | r_V_2502       | mul | fabric | 0       |
|       mul_16s_7s_23_1_0_U708                                           | -   |        | r_V_2503       | mul | fabric | 0       |
|       mul_16s_10ns_26_1_0_U327                                         | -   |        | r_V_2504       | mul | fabric | 0       |
|       mul_16s_8ns_24_1_0_U662                                          | -   |        | r_V_2505       | mul | fabric | 0       |
|       mul_16s_10ns_26_1_0_U329                                         | -   |        | r_V_2506       | mul | fabric | 0       |
|       mul_16s_10ns_26_1_0_U131                                         | -   |        | r_V_2507       | mul | fabric | 0       |
|       mul_16s_11s_26_1_0_U132                                          | -   |        | mul_ln1270_55  | mul | fabric | 0       |
|       mul_16s_7ns_23_1_0_U26                                           | -   |        | r_V_2508       | mul | fabric | 0       |
|       mul_16s_8ns_24_1_0_U63                                           | -   |        | r_V_2509       | mul | fabric | 0       |
|       mul_16s_9ns_25_1_0_U106                                          | -   |        | r_V_2510       | mul | fabric | 0       |
|       r_V_2511_fu_2979935_p2                                           | -   |        | r_V_2511       | add | fabric | 0       |
|       mul_16s_10ns_26_1_0_U678                                         | -   |        | r_V_2512       | mul | fabric | 0       |
|       mul_16s_9ns_25_1_0_U707                                          | -   |        | r_V_2513       | mul | fabric | 0       |
|       mul_16s_10s_26_1_0_U498                                          | -   |        | r_V_2514       | mul | fabric | 0       |
|       mul_16s_11ns_26_1_0_U547                                         | -   |        | mul_ln1270_56  | mul | fabric | 0       |
|       mul_16s_9ns_25_1_0_U80                                           | -   |        | r_V_2515       | mul | fabric | 0       |
|       mul_16s_9s_25_1_0_U640                                           | -   |        | r_V_2517       | mul | fabric | 0       |
|       mul_16s_9s_25_1_0_U454                                           | -   |        | r_V_2518       | mul | fabric | 0       |
|       r_V_2520_fu_2980204_p2                                           | -   |        | r_V_2520       | sub | fabric | 0       |
|       mul_16s_10ns_26_1_0_U225                                         | -   |        | r_V_2521       | mul | fabric | 0       |
|       r_V_2522_fu_2980258_p2                                           | -   |        | r_V_2522       | sub | fabric | 0       |
|       mul_16s_11s_26_1_0_U529                                          | -   |        | mul_ln1270_57  | mul | fabric | 0       |
|       mul_16s_9s_25_1_0_U64                                            | -   |        | r_V_2523       | mul | fabric | 0       |
|       r_V_2524_fu_2980298_p2                                           | -   |        | r_V_2524       | add | fabric | 0       |
|       mul_16s_9s_25_1_0_U499                                           | -   |        | r_V_2525       | mul | fabric | 0       |
|       r_V_2526_fu_2980332_p2                                           | -   |        | r_V_2526       | sub | fabric | 0       |
|       mul_16s_11s_26_1_0_U461                                          | -   |        | mul_ln1270_58  | mul | fabric | 0       |
|       mul_16s_10s_26_1_0_U462                                          | -   |        | r_V_2527       | mul | fabric | 0       |
|       mul_16s_5ns_21_1_0_U481                                          | -   |        | r_V_2528       | mul | auto   | 0       |
|       mul_16s_10s_26_1_0_U464                                          | -   |        | r_V_2529       | mul | fabric | 0       |
|       mul_16s_7s_23_1_0_U491                                           | -   |        | r_V_2530       | mul | fabric | 0       |
|       mul_16s_11s_26_1_0_U483                                          | -   |        | mul_ln1270_59  | mul | fabric | 0       |
|       mul_16s_10s_26_1_0_U467                                          | -   |        | r_V_2531       | mul | fabric | 0       |
|       mul_16s_6s_22_1_0_U562                                           | -   |        | r_V_2532       | mul | fabric | 0       |
|       mul_16s_10s_26_1_0_U663                                          | -   |        | r_V_2533       | mul | fabric | 0       |
|       mul_16s_9s_25_1_0_U463                                           | -   |        | r_V_2534       | mul | fabric | 0       |
|       mul_16s_10ns_26_1_0_U564                                         | -   |        | r_V_2535       | mul | fabric | 0       |
|       mul_16s_8s_24_1_0_U565                                           | -   |        | r_V_2536       | mul | fabric | 0       |
|       r_V_2537_fu_2980496_p2                                           | -   |        | r_V_2537       | sub | fabric | 0       |
|       mul_16s_11ns_26_1_0_U369                                         | -   |        | mul_ln1270_60  | mul | fabric | 0       |
|       mul_16s_10s_26_1_0_U730                                          | -   |        | r_V_2538       | mul | fabric | 0       |
|       mul_16s_10ns_26_1_0_U263                                         | -   |        | r_V_2539       | mul | fabric | 0       |
|       mul_16s_11s_26_1_0_U322                                          | -   |        | mul_ln1270_61  | mul | fabric | 0       |
|       mul_16s_10ns_26_1_0_U109                                         | -   |        | r_V_2540       | mul | fabric | 0       |
|       mul_16s_11s_26_1_0_U404                                          | -   |        | mul_ln1270_62  | mul | fabric | 0       |
|       mul_16s_9ns_25_1_0_U453                                          | -   |        | r_V_2541       | mul | fabric | 0       |
|       mul_16s_11s_26_1_0_U521                                          | -   |        | mul_ln1270_63  | mul | fabric | 0       |
|       mul_16s_10ns_26_1_0_U298                                         | -   |        | r_V_2542       | mul | fabric | 0       |
|       mul_16s_10ns_26_1_0_U339                                         | -   |        | r_V_2543       | mul | fabric | 0       |
|       mul_16s_9ns_25_1_0_U150                                          | -   |        | r_V_2544       | mul | fabric | 0       |
|       mul_16s_8s_24_1_0_U420                                           | -   |        | r_V_2545       | mul | fabric | 0       |
|       mul_16s_9ns_25_1_0_U208                                          | -   |        | r_V_2546       | mul | fabric | 0       |
|       mul_16s_10ns_26_1_0_U265                                         | -   |        | r_V_2547       | mul | fabric | 0       |
|       mul_16s_8s_24_1_0_U315                                           | -   |        | r_V_2548       | mul | fabric | 0       |
|       mul_16s_11s_26_1_0_U111                                          | -   |        | mul_ln1270_64  | mul | fabric | 0       |
|       mul_16s_10ns_26_1_0_U151                                         | -   |        | r_V_2549       | mul | fabric | 0       |
|       mul_16s_9s_25_1_0_U165                                           | -   |        | r_V_2551       | mul | fabric | 0       |
|       mul_16s_10ns_26_1_0_U153                                         | -   |        | r_V_2552       | mul | fabric | 0       |
|       mul_16s_8s_24_1_0_U139                                           | -   |        | r_V_2553       | mul | fabric | 0       |
|       mul_16s_9ns_25_1_0_U168                                          | -   |        | r_V_2554       | mul | fabric | 0       |
|       r_V_2555_fu_2980792_p2                                           | -   |        | r_V_2555       | sub | fabric | 0       |
|       mul_16s_7s_23_1_0_U140                                           | -   |        | r_V_2556       | mul | fabric | 0       |
|       r_V_2557_fu_2980822_p2                                           | -   |        | r_V_2557       | add | fabric | 0       |
|       mul_16s_11ns_26_1_0_U191                                         | -   |        | mul_ln1270_65  | mul | fabric | 0       |
|       mul_16s_10s_26_1_0_U367                                          | -   |        | r_V_2558       | mul | fabric | 0       |
|       mul_16s_10ns_26_1_0_U465                                         | -   |        | r_V_2559       | mul | fabric | 0       |
|       mul_16s_10ns_26_1_0_U466                                         | -   |        | r_V_2560       | mul | fabric | 0       |
|       mul_16s_8s_24_1_0_U370                                           | -   |        | r_V_2561       | mul | fabric | 0       |
|       r_V_2562_fu_2980912_p2                                           | -   |        | r_V_2562       | sub | fabric | 0       |
|       mul_16s_10ns_26_1_0_U136                                         | -   |        | r_V_2565       | mul | fabric | 0       |
|       mul_16s_8ns_24_1_0_U372                                          | -   |        | r_V_2566       | mul | fabric | 0       |
|       mul_16s_10ns_26_1_0_U733                                         | -   |        | r_V_2567       | mul | fabric | 0       |
|       mul_16s_11ns_26_1_0_U520                                         | -   |        | mul_ln1270_66  | mul | fabric | 0       |
|       mul_16s_10ns_26_1_0_U303                                         | -   |        | r_V_2568       | mul | fabric | 0       |
|       mul_16s_8s_24_1_0_U86                                            | -   |        | r_V_2569       | mul | fabric | 0       |
|       mul_16s_10s_26_1_0_U397                                          | -   |        | r_V_2570       | mul | fabric | 0       |
|       mul_16s_7ns_23_1_0_U182                                          | -   |        | r_V_2571       | mul | fabric | 0       |
|       mul_16s_10ns_26_1_0_U237                                         | -   |        | r_V_2572       | mul | fabric | 0       |
|       mul_16s_9s_25_1_0_U19                                            | -   |        | r_V_2573       | mul | fabric | 0       |
|       mul_16s_9ns_25_1_0_U589                                          | -   |        | r_V_2574       | mul | fabric | 0       |
|       mul_16s_9s_25_1_0_U110                                           | -   |        | r_V_2575       | mul | fabric | 0       |
|       mul_16s_10ns_26_1_0_U169                                         | -   |        | r_V_2576       | mul | fabric | 0       |
|       mul_16s_8s_24_1_0_U709                                           | -   |        | r_V_2577       | mul | fabric | 0       |
|       mul_16s_8s_24_1_0_U501                                           | -   |        | r_V_2578       | mul | fabric | 0       |
|       mul_16s_10s_26_1_0_U37                                           | -   |        | r_V_2579       | mul | fabric | 0       |
|       mul_16s_10s_26_1_0_U573                                          | -   |        | r_V_2580       | mul | fabric | 0       |
|       r_V_2581_fu_2981289_p2                                           | -   |        | r_V_2581       | add | fabric | 0       |
|       mul_16s_7ns_23_1_0_U557                                          | -   |        | r_V_2582       | mul | fabric | 0       |
|       mul_16s_9ns_25_1_0_U558                                          | -   |        | r_V_2583       | mul | fabric | 0       |
|       mul_16s_8ns_24_1_0_U559                                          | -   |        | r_V_2584       | mul | fabric | 0       |
|       mul_16s_10ns_26_1_0_U560                                         | -   |        | r_V_2585       | mul | fabric | 0       |
|       mul_16s_8s_24_1_0_U561                                           | -   |        | r_V_2586       | mul | fabric | 0       |
|       sub_ln1273_648_fu_2981387_p2                                     | -   |        | sub_ln1273_648 | sub | fabric | 0       |
|       r_V_2587_fu_2981405_p2                                           | -   |        | r_V_2587       | sub | fabric | 0       |
|       mul_16s_10s_26_1_0_U578                                          | -   |        | r_V_2588       | mul | fabric | 0       |
|       r_V_2589_fu_2981435_p2                                           | -   |        | r_V_2589       | sub | fabric | 0       |
|       mul_16s_11s_26_1_0_U272                                          | -   |        | mul_ln1270_67  | mul | fabric | 0       |
|       mul_16s_10s_26_1_0_U177                                          | -   |        | r_V_2590       | mul | fabric | 0       |
|       mul_16s_9s_25_1_0_U273                                           | -   |        | r_V_2591       | mul | fabric | 0       |
|       mul_16s_8s_24_1_0_U274                                           | -   |        | r_V_2592       | mul | fabric | 0       |
|       mul_16s_8ns_24_1_0_U668                                          | -   |        | r_V_2593       | mul | fabric | 0       |
|       mul_16s_10s_26_1_0_U669                                          | -   |        | r_V_2594       | mul | fabric | 0       |
|       mul_16s_6s_22_1_0_U277                                           | -   |        | r_V_2595       | mul | fabric | 0       |
|       mul_16s_6ns_22_1_0_U468                                          | -   |        | r_V_2596       | mul | fabric | 0       |
|       mul_16s_9ns_25_1_0_U11                                           | -   |        | r_V_2597       | mul | fabric | 0       |
|       mul_16s_9ns_25_1_0_U306                                          | -   |        | r_V_2598       | mul | fabric | 0       |
|       mul_16s_10ns_26_1_0_U599                                         | -   |        | r_V_2599       | mul | fabric | 0       |
|       mul_16s_6ns_22_1_0_U654                                          | -   |        | r_V_2600       | mul | fabric | 0       |
|       r_V_2601_fu_2981603_p2                                           | -   |        | r_V_2601       | sub | fabric | 0       |
|       mul_16s_10ns_26_1_0_U438                                         | -   |        | r_V_2602       | mul | fabric | 0       |
|       r_V_2603_fu_2981633_p2                                           | -   |        | r_V_2603       | add | fabric | 0       |
|       mul_16s_9ns_25_1_0_U495                                          | -   |        | r_V_2604       | mul | fabric | 0       |
|       mul_16s_10ns_26_1_0_U22                                          | -   |        | r_V_2605       | mul | fabric | 0       |
|       mul_16s_10s_26_1_0_U67                                           | -   |        | r_V_2606       | mul | fabric | 0       |
|       mul_16s_10s_26_1_0_U368                                          | -   |        | r_V_2607       | mul | fabric | 0       |
|       r_V_2608_fu_2981705_p2                                           | -   |        | r_V_2608       | sub | fabric | 0       |
|       r_V_2609_fu_2981741_p2                                           | -   |        | r_V_2609       | sub | fabric | 0       |
|       mul_16s_9ns_25_1_0_U406                                          | -   |        | r_V_2610       | mul | fabric | 0       |
|       r_V_2611_fu_2981775_p2                                           | -   |        | r_V_2611       | add | fabric | 0       |
|       mul_16s_8ns_24_1_0_U702                                          | -   |        | r_V_2612       | mul | fabric | 0       |
|       mul_16s_9ns_25_1_0_U260                                          | -   |        | r_V_2613       | mul | fabric | 0       |
|       mul_16s_11s_26_1_0_U308                                          | -   |        | mul_ln1270_68  | mul | fabric | 0       |
|       mul_16s_10ns_26_1_0_U240                                         | -   |        | r_V_2614       | mul | fabric | 0       |
|       r_V_2615_fu_2981855_p2                                           | -   |        | r_V_2615       | sub | fabric | 0       |
|       mul_16s_10s_26_1_0_U241                                          | -   |        | r_V_2616       | mul | fabric | 0       |
|       mul_16s_9ns_25_1_0_U256                                          | -   |        | r_V_2617       | mul | fabric | 0       |
|       mul_16s_11ns_26_1_0_U257                                         | -   |        | mul_ln1270_69  | mul | fabric | 0       |
|       mul_16s_10ns_26_1_0_U242                                         | -   |        | r_V_2618       | mul | fabric | 0       |
|       r_V_2619_fu_2981931_p2                                           | -   |        | r_V_2619       | sub | fabric | 0       |
|       sub_ln1273_656_fu_2982049_p2                                     | -   |        | sub_ln1273_656 | sub | fabric | 0       |
|       r_V_2621_fu_2982055_p2                                           | -   |        | r_V_2621       | sub | fabric | 0       |
|       mul_16s_10s_26_1_0_U258                                          | -   |        | r_V_2622       | mul | fabric | 0       |
|       r_V_2623_fu_2982105_p2                                           | -   |        | r_V_2623       | add | fabric | 0       |
|       mul_16s_10ns_26_1_0_U302                                         | -   |        | r_V_2624       | mul | fabric | 0       |
|       mul_16s_9s_25_1_0_U469                                           | -   |        | r_V_2625       | mul | fabric | 0       |
|       mul_16s_10s_26_1_0_U569                                          | -   |        | r_V_2626       | mul | fabric | 0       |
|       mul_16s_6ns_22_1_0_U570                                          | -   |        | r_V_2627       | mul | fabric | 0       |
|       mul_16s_10s_26_1_0_U375                                          | -   |        | r_V_2628       | mul | fabric | 0       |
|       r_V_2629_fu_2982199_p2                                           | -   |        | r_V_2629       | sub | fabric | 0       |
|       mul_16s_10s_26_1_0_U473                                          | -   |        | r_V_2630       | mul | fabric | 0       |
|       mul_16s_10s_26_1_0_U279                                          | -   |        | r_V_2631       | mul | fabric | 0       |
|       mul_16s_10s_26_1_0_U674                                          | -   |        | r_V_2632       | mul | fabric | 0       |
|       mul_16s_9ns_25_1_0_U457                                          | -   |        | r_V_2633       | mul | fabric | 0       |
|       r_V_2634_fu_2982295_p2                                           | -   |        | r_V_2634       | add | fabric | 0       |
|       r_V_2635_fu_2982327_p2                                           | -   |        | r_V_2635       | sub | fabric | 0       |
|       mul_16s_8ns_24_1_0_U502                                          | -   |        | r_V_2636       | mul | fabric | 0       |
|       mul_16s_8ns_24_1_0_U40                                           | -   |        | r_V_2637       | mul | fabric | 0       |
|       r_V_2638_fu_2982389_p2                                           | -   |        | r_V_2638       | sub | fabric | 0       |
|       mul_16s_8ns_24_1_0_U90                                           | -   |        | r_V_2639       | mul | fabric | 0       |
|       mul_16s_9ns_25_1_0_U391                                          | -   |        | r_V_2641       | mul | fabric | 0       |
|       mul_16s_9ns_25_1_0_U690                                          | -   |        | r_V_2642       | mul | fabric | 0       |
|       mul_16s_10s_26_1_0_U482                                          | -   |        | r_V_2643       | mul | fabric | 0       |
|       mul_16s_9s_25_1_0_U12                                            | -   |        | r_V_2644       | mul | fabric | 0       |
|       mul_16s_9ns_25_1_0_U317                                          | -   |        | r_V_2645       | mul | fabric | 0       |
|       mul_16s_8ns_24_1_0_U371                                          | -   |        | r_V_2646       | mul | fabric | 0       |
|       mul_16s_9s_25_1_0_U667                                           | -   |        | r_V_2647       | mul | fabric | 0       |
|       mul_16s_8s_24_1_0_U448                                           | -   |        | r_V_2649       | mul | fabric | 0       |
|       mul_16s_8s_24_1_0_U251                                           | -   |        | r_V_2650       | mul | fabric | 0       |
|       mul_16s_10s_26_1_0_U32                                           | -   |        | r_V_2651       | mul | fabric | 0       |
|       mul_16s_7s_23_1_0_U680                                           | -   |        | r_V_2652       | mul | fabric | 0       |
|       mul_16s_10ns_26_1_0_U692                                         | -   |        | r_V_2653       | mul | fabric | 0       |
|       r_V_2654_fu_2982635_p2                                           | -   |        | r_V_2654       | sub | fabric | 0       |
|       mul_16s_9ns_25_1_0_U681                                          | -   |        | r_V_2655       | mul | fabric | 0       |
|       r_V_2656_fu_2982681_p2                                           | -   |        | r_V_2656       | sub | fabric | 0       |
|       mul_16s_8s_24_1_0_U693                                           | -   |        | r_V_2657       | mul | fabric | 0       |
|       mul_16s_9ns_25_1_0_U682                                          | -   |        | r_V_2658       | mul | fabric | 0       |
|       mul_16s_9ns_25_1_0_U703                                          | -   |        | r_V_2659       | mul | fabric | 0       |
|       r_V_2660_fu_2982739_p2                                           | -   |        | r_V_2660       | sub | fabric | 0       |
|       r_V_2661_fu_2982759_p2                                           | -   |        | r_V_2661       | sub | fabric | 0       |
|       mul_16s_10ns_26_1_0_U471                                         | -   |        | r_V_2662       | mul | fabric | 0       |
|       mul_16s_9s_25_1_0_U472                                           | -   |        | r_V_2663       | mul | fabric | 0       |
|       r_V_2664_fu_2982799_p2                                           | -   |        | r_V_2664       | sub | fabric | 0       |
|       r_V_2665_fu_2982815_p2                                           | -   |        | r_V_2665       | add | fabric | 0       |
|       mul_16s_9ns_25_1_0_U670                                          | -   |        | r_V_2666       | mul | fabric | 0       |
|       mul_16s_10ns_26_1_0_U474                                         | -   |        | r_V_2667       | mul | fabric | 0       |
|       mul_16s_10s_26_1_0_U475                                          | -   |        | r_V_2669       | mul | fabric | 0       |
|       mul_16s_9s_25_1_0_U476                                           | -   |        | r_V_2670       | mul | fabric | 0       |
|       mul_16s_9s_25_1_0_U575                                           | -   |        | r_V_2671       | mul | fabric | 0       |
|       mul_16s_9ns_25_1_0_U163                                          | -   |        | r_V_2672       | mul | fabric | 0       |
|       mul_16s_9s_25_1_0_U460                                           | -   |        | r_V_2673       | mul | fabric | 0       |
|       mul_16s_10s_26_1_0_U505                                          | -   |        | r_V_2674       | mul | fabric | 0       |
|       r_V_2675_fu_2982941_p2                                           | -   |        | r_V_2675       | add | fabric | 0       |
|       mul_16s_10s_26_1_0_U311                                          | -   |        | r_V_2676       | mul | fabric | 0       |
|       mul_16s_7ns_23_1_0_U601                                          | -   |        | r_V_2677       | mul | fabric | 0       |
|       mul_16s_10s_26_1_0_U135                                          | -   |        | r_V_2678       | mul | fabric | 0       |
|       mul_16s_10ns_26_1_0_U431                                         | -   |        | r_V_2680       | mul | fabric | 0       |
|       r_V_2681_fu_2983127_p2                                           | -   |        | r_V_2681       | sub | fabric | 0       |
|       mul_16s_10s_26_1_0_U232                                          | -   |        | r_V_2682       | mul | fabric | 0       |
|       mul_16s_10ns_26_1_0_U271                                         | -   |        | r_V_2684       | mul | fabric | 0       |
|       mul_16s_9ns_25_1_0_U319                                          | -   |        | r_V_2685       | mul | fabric | 0       |
|       mul_16s_10s_26_1_0_U114                                          | -   |        | r_V_2686       | mul | fabric | 0       |
|       mul_16s_8ns_24_1_0_U419                                          | -   |        | r_V_2687       | mul | fabric | 0       |
|       mul_16s_8s_24_1_0_U198                                           | -   |        | r_V_2688       | mul | fabric | 0       |
|       mul_16s_10s_26_1_0_U508                                          | -   |        | r_V_2689       | mul | fabric | 0       |
|       mul_16s_8ns_24_1_0_U46                                           | -   |        | r_V_2690       | mul | fabric | 0       |
|       r_V_2691_fu_2983301_p2                                           | -   |        | r_V_2691       | sub | fabric | 0       |
|       r_V_2692_fu_2983321_p2                                           | -   |        | r_V_2692       | sub | fabric | 0       |
|       mul_16s_9ns_25_1_0_U361                                          | -   |        | r_V_2693       | mul | fabric | 0       |
|       mul_16s_9s_25_1_0_U362                                           | -   |        | r_V_2694       | mul | fabric | 0       |
|       mul_16s_9ns_25_1_0_U363                                          | -   |        | r_V_2695       | mul | fabric | 0       |
|       mul_16s_6ns_22_1_0_U418                                          | -   |        | r_V_2696       | mul | fabric | 0       |
|       mul_16s_9ns_25_1_0_U354                                          | -   |        | r_V_2697       | mul | fabric | 0       |
|       mul_16s_10ns_26_1_0_U365                                         | -   |        | r_V_2698       | mul | fabric | 0       |
|       mul_16s_9s_25_1_0_U377                                           | -   |        | r_V_2699       | mul | fabric | 0       |
|       mul_16s_10s_26_1_0_U378                                          | -   |        | r_V_2700       | mul | fabric | 0       |
|       mul_16s_9s_25_1_0_U395                                           | -   |        | r_V_2701       | mul | fabric | 0       |
|       mul_16s_9ns_25_1_0_U477                                          | -   |        | r_V_2702       | mul | fabric | 0       |
|       mul_16s_8ns_24_1_0_U478                                          | -   |        | r_V_2703       | mul | fabric | 0       |
|       r_V_2704_fu_2983499_p2                                           | -   |        | r_V_2704       | add | fabric | 0       |
|       mul_16s_10s_26_1_0_U479                                          | -   |        | r_V_2705       | mul | fabric | 0       |
|       mul_16s_10s_26_1_0_U285                                          | -   |        | r_V_2706       | mul | fabric | 0       |
|       mul_16s_10s_26_1_0_U409                                          | -   |        | r_V_2707       | mul | fabric | 0       |
|       mul_16s_6s_22_1_0_U206                                           | -   |        | r_V_2708       | mul | fabric | 0       |
|       mul_16s_8s_24_1_0_U253                                           | -   |        | r_V_2709       | mul | fabric | 0       |
|       mul_16s_10ns_26_1_0_U34                                          | -   |        | r_V_2710       | mul | fabric | 0       |
|       r_V_2711_fu_2983587_p2                                           | -   |        | r_V_2711       | sub | fabric | 0       |
|       mul_16s_9s_25_1_0_U594                                           | -   |        | r_V_2712       | mul | fabric | 0       |
|       mul_16s_7ns_23_1_0_U124                                          | -   |        | r_V_2713       | mul | fabric | 0       |
|       r_V_2714_fu_2983651_p2                                           | -   |        | r_V_2714       | sub | fabric | 0       |
|       r_V_2715_fu_2983683_p2                                           | -   |        | r_V_2715       | add | fabric | 0       |
|       mul_16s_8ns_24_1_0_U425                                          | -   |        | r_V_2716       | mul | fabric | 0       |
|       mul_16s_7s_23_1_0_U235                                           | -   |        | r_V_2717       | mul | fabric | 0       |
|       r_V_2718_fu_2983727_p2                                           | -   |        | r_V_2718       | add | fabric | 0       |
|       mul_16s_7ns_23_1_0_U17                                           | -   |        | r_V_2719       | mul | fabric | 0       |
|       mul_16s_9s_25_1_0_U588                                           | -   |        | r_V_2720       | mul | fabric | 0       |
|       mul_16s_7s_23_1_0_U95                                            | -   |        | r_V_2721       | mul | fabric | 0       |
|       sub_ln1273_679_fu_2983789_p2                                     | -   |        | sub_ln1273_679 | sub | fabric | 0       |
|       r_V_2722_fu_2983795_p2                                           | -   |        | r_V_2722       | sub | fabric | 0       |
|       mul_16s_8s_24_1_0_U411                                           | -   |        | r_V_2723       | mul | fabric | 0       |
|       mul_16s_9ns_25_1_0_U443                                          | -   |        | r_V_2724       | mul | fabric | 0       |
|       mul_16s_9ns_25_1_0_U243                                          | -   |        | r_V_2725       | mul | fabric | 0       |
|       mul_16s_7s_23_1_0_U49                                            | -   |        | r_V_2726       | mul | fabric | 0       |
|       r_V_2727_fu_2983867_p2                                           | -   |        | r_V_2727       | sub | fabric | 0       |
|       r_V_2728_fu_2983887_p2                                           | -   |        | r_V_2728       | sub | fabric | 0       |
|       mul_16s_10ns_26_1_0_U50                                          | -   |        | r_V_2729       | mul | fabric | 0       |
|       r_V_2730_fu_2983917_p2                                           | -   |        | r_V_2730       | sub | fabric | 0       |
|       mul_16s_10s_26_1_0_U35                                           | -   |        | r_V_2731       | mul | fabric | 0       |
|       r_V_2732_fu_2983977_p2                                           | -   |        | r_V_2732       | sub | fabric | 0       |
|       r_V_2733_fu_2983997_p2                                           | -   |        | r_V_2733       | sub | fabric | 0       |
|       mul_16s_9ns_25_1_0_U51                                           | -   |        | r_V_2734       | mul | fabric | 0       |
|       r_V_2735_fu_2984031_p2                                           | -   |        | r_V_2735       | sub | fabric | 0       |
|       mul_16s_9s_25_1_0_U36                                            | -   |        | r_V_2736       | mul | fabric | 0       |
|       mul_16s_9ns_25_1_0_U53                                           | -   |        | r_V_2737       | mul | fabric | 0       |
|       mul_16s_9s_25_1_0_U65                                            | -   |        | r_V_2739       | mul | fabric | 0       |
|       mul_16s_9ns_25_1_0_U282                                          | -   |        | r_V_2740       | mul | fabric | 0       |
|       mul_16s_8ns_24_1_0_U673                                          | -   |        | r_V_2741       | mul | fabric | 0       |
|       r_V_2742_fu_2984221_p2                                           | -   |        | r_V_2742       | sub | fabric | 0       |
|       mul_16s_6s_22_1_0_U284                                           | -   |        | r_V_2743       | mul | fabric | 0       |
|       mul_16s_10s_26_1_0_U383                                          | -   |        | r_V_2744       | mul | fabric | 0       |
|       mul_16s_10ns_26_1_0_U384                                         | -   |        | r_V_2745       | mul | fabric | 0       |
|       mul_16s_8ns_24_1_0_U287                                          | -   |        | r_V_2746       | mul | fabric | 0       |
|       mul_16s_9s_25_1_0_U356                                           | -   |        | r_V_2747       | mul | fabric | 0       |
|       mul_16s_9s_25_1_0_U147                                           | -   |        | r_V_2748       | mul | fabric | 0       |
|       mul_16s_9s_25_1_0_U700                                           | -   |        | r_V_2749       | mul | fabric | 0       |
|       mul_16s_8ns_24_1_0_U234                                          | -   |        | r_V_2750       | mul | fabric | 0       |
|       mul_16s_10s_26_1_0_U538                                          | -   |        | r_V_2751       | mul | fabric | 0       |
|       mul_16s_10ns_26_1_0_U74                                          | -   |        | r_V_2752       | mul | fabric | 0       |
|       mul_16s_8ns_24_1_0_U116                                          | -   |        | r_V_2753       | mul | fabric | 0       |
|       mul_16s_9s_25_1_0_U679                                           | -   |        | r_V_2754       | mul | fabric | 0       |
|       mul_16s_9ns_25_1_0_U719                                          | -   |        | r_V_2755       | mul | fabric | 0       |
|       mul_16s_9s_25_1_0_U255                                           | -   |        | r_V_2756       | mul | fabric | 0       |
|       mul_16s_10ns_26_1_0_U325                                         | -   |        | r_V_2757       | mul | fabric | 0       |
|       mul_16s_9s_25_1_0_U604                                           | -   |        | r_V_2758       | mul | fabric | 0       |
|       mul_16s_10ns_26_1_0_U664                                         | -   |        | r_V_2759       | mul | fabric | 0       |
|       mul_16s_10s_26_1_0_U435                                          | -   |        | r_V_2760       | mul | fabric | 0       |
|       mul_16s_10s_26_1_0_U450                                          | -   |        | r_V_2761       | mul | fabric | 0       |
|       r_V_2762_fu_2984503_p2                                           | -   |        | r_V_2762       | sub | fabric | 0       |
|       r_V_2763_fu_2984555_p2                                           | -   |        | r_V_2763       | add | fabric | 0       |
|       mul_16s_10ns_26_1_0_U451                                         | -   |        | r_V_2764       | mul | fabric | 0       |
|       mul_16s_8ns_24_1_0_U452                                          | -   |        | r_V_2765       | mul | fabric | 0       |
|       mul_16s_6ns_22_1_0_U484                                          | -   |        | r_V_2766       | mul | fabric | 0       |
|       r_V_2767_fu_2984629_p2                                           | -   |        | r_V_2767       | sub | fabric | 0       |
|       mul_16s_10ns_26_1_0_U441                                         | -   |        | r_V_2768       | mul | fabric | 0       |
|       mul_16s_10s_26_1_0_U455                                          | -   |        | r_V_2770       | mul | fabric | 0       |
|       mul_16s_8s_24_1_0_U456                                           | -   |        | r_V_2771       | mul | fabric | 0       |
|       r_V_2772_fu_2984721_p2                                           | -   |        | r_V_2772       | sub | fabric | 0       |
|       mul_16s_10ns_26_1_0_U577                                         | -   |        | r_V_2773       | mul | fabric | 0       |
|       mul_16s_8s_24_1_0_U82                                            | -   |        | r_V_2774       | mul | fabric | 0       |
|       mul_16s_9s_25_1_0_U286                                           | -   |        | r_V_2775       | mul | fabric | 0       |
|       mul_16s_10s_26_1_0_U83                                           | -   |        | r_V_2776       | mul | fabric | 0       |
|       mul_16s_9s_25_1_0_U185                                           | -   |        | r_V_2777       | mul | fabric | 0       |
|       r_V_2778_fu_2984807_p2                                           | -   |        | r_V_2778       | sub | fabric | 0       |
|       mul_16s_9ns_25_1_0_U288                                          | -   |        | r_V_2779       | mul | fabric | 0       |
|       mul_16s_10s_26_1_0_U187                                          | -   |        | r_V_2780       | mul | fabric | 0       |
|       mul_16s_9s_25_1_0_U366                                           | -   |        | r_V_2781       | mul | fabric | 0       |
|       mul_16s_9ns_25_1_0_U652                                          | -   |        | r_V_2782       | mul | fabric | 0       |
|       mul_16s_9s_25_1_0_U202                                           | -   |        | r_V_2783       | mul | fabric | 0       |
|       mul_16s_10s_26_1_0_U485                                          | -   |        | r_V_2784       | mul | fabric | 0       |
|       mul_16s_8ns_24_1_0_U530                                          | -   |        | r_V_2785       | mul | fabric | 0       |
|       r_V_2786_fu_2984909_p2                                           | -   |        | r_V_2786       | sub | fabric | 0       |
|       mul_16s_9ns_25_1_0_U581                                          | -   |        | r_V_2787       | mul | fabric | 0       |
|       mul_16s_7ns_23_1_0_U379                                          | -   |        | r_V_2788       | mul | fabric | 0       |
|       r_V_2789_fu_2984965_p2                                           | -   |        | r_V_2789       | sub | fabric | 0       |
|       r_V_2790_fu_2984997_p2                                           | -   |        | r_V_2790       | sub | fabric | 0       |
|       mul_16s_8s_24_1_0_U671                                           | -   |        | r_V_2791       | mul | fabric | 0       |
|       mul_16s_10s_26_1_0_U722                                          | -   |        | r_V_2793       | mul | fabric | 0       |
|       mul_16s_10ns_26_1_0_U512                                         | -   |        | r_V_2795       | mul | fabric | 0       |
|       mul_16s_6ns_22_1_0_U68                                           | -   |        | r_V_2796       | mul | fabric | 0       |
|       mul_16s_10s_26_1_0_U341                                          | -   |        | r_V_2797       | mul | fabric | 0       |
|       mul_16s_9s_25_1_0_U407                                           | -   |        | r_V_2798       | mul | fabric | 0       |
|       mul_16s_9ns_25_1_0_U428                                          | -   |        | r_V_2799       | mul | fabric | 0       |
|       mul_16s_8s_24_1_0_U141                                           | -   |        | r_V_2800       | mul | fabric | 0       |
|       mul_16s_10ns_26_1_0_U142                                         | -   |        | r_V_2801       | mul | fabric | 0       |
|       mul_16s_9ns_25_1_0_U194                                          | -   |        | r_V_2802       | mul | fabric | 0       |
|       mul_16s_9s_25_1_0_U143                                           | -   |        | r_V_2803       | mul | fabric | 0       |
|       mul_16s_8ns_24_1_0_U144                                          | -   |        | r_V_2804       | mul | fabric | 0       |
|       mul_16s_9s_25_1_0_U145                                           | -   |        | r_V_2805       | mul | fabric | 0       |
|       mul_16s_5s_21_1_0_U146                                           | -   |        | r_V_2806       | mul | auto   | 0       |
|       mul_16s_9ns_25_1_0_U184                                          | -   |        | r_V_2807       | mul | fabric | 0       |
|       mul_16s_10ns_26_1_0_U84                                          | -   |        | r_V_2808       | mul | fabric | 0       |
|       mul_16s_8ns_24_1_0_U186                                          | -   |        | r_V_2809       | mul | fabric | 0       |
|       r_V_2810_fu_2985351_p2                                           | -   |        | r_V_2810       | sub | fabric | 0       |
|       r_V_2811_fu_2985393_p2                                           | -   |        | r_V_2811       | sub | fabric | 0       |
|       mul_16s_9s_25_1_0_U85                                            | -   |        | r_V_2812       | mul | fabric | 0       |
|       mul_16s_6s_22_1_0_U188                                           | -   |        | r_V_2813       | mul | fabric | 0       |
|       mul_16s_10s_26_1_0_U87                                           | -   |        | r_V_2814       | mul | fabric | 0       |
|       mul_16s_6ns_22_1_0_U292                                          | -   |        | r_V_2815       | mul | fabric | 0       |
|       mul_16s_10ns_26_1_0_U81                                          | -   |        | r_V_2816       | mul | fabric | 0       |
|       mul_16s_9ns_25_1_0_U399                                          | -   |        | r_V_2817       | mul | fabric | 0       |
|       mul_16s_10s_26_1_0_U183                                          | -   |        | r_V_2818       | mul | fabric | 0       |
|       mul_16s_10s_26_1_0_U219                                          | -   |        | r_V_2819       | mul | fabric | 0       |
|       r_V_2820_fu_2985521_p2                                           | -   |        | r_V_2820       | sub | fabric | 0       |
|       mul_16s_9ns_25_1_0_U10                                           | -   |        | r_V_2821       | mul | fabric | 0       |
|       mul_16s_9s_25_1_0_U59                                            | -   |        | r_V_2822       | mul | fabric | 0       |
|       mul_16s_9ns_25_1_0_U359                                          | -   |        | r_V_2824       | mul | fabric | 0       |
|       mul_16s_9ns_25_1_0_U691                                          | -   |        | r_V_2825       | mul | fabric | 0       |
|       mul_16s_9s_25_1_0_U193                                           | -   |        | r_V_2826       | mul | fabric | 0       |
|       r_V_2827_fu_2985657_p2                                           | -   |        | r_V_2827       | add | fabric | 0       |
|       mul_16s_8ns_24_1_0_U514                                          | -   |        | r_V_2828       | mul | fabric | 0       |
|       r_V_2829_fu_2985691_p2                                           | -   |        | r_V_2829       | sub | fabric | 0       |
|       mul_16s_7s_23_1_0_U30                                            | -   |        | r_V_2830       | mul | fabric | 0       |
|       mul_16s_9s_25_1_0_U76                                            | -   |        | r_V_2831       | mul | fabric | 0       |
|       r_V_2832_fu_2985751_p2                                           | -   |        | r_V_2832       | sub | fabric | 0       |
|       mul_16s_10s_26_1_0_U646                                          | -   |        | r_V_2833       | mul | fabric | 0       |
|       mul_16s_9s_25_1_0_U421                                           | -   |        | r_V_2834       | mul | fabric | 0       |
|       mul_16s_10ns_26_1_0_U549                                         | -   |        | r_V_2835       | mul | fabric | 0       |
|       mul_16s_10s_26_1_0_U535                                          | -   |        | r_V_2836       | mul | fabric | 0       |
|       mul_16s_8ns_24_1_0_U536                                          | -   |        | r_V_2837       | mul | fabric | 0       |
|       mul_16s_9ns_25_1_0_U566                                          | -   |        | r_V_2838       | mul | fabric | 0       |
|       r_V_2839_fu_2985843_p2                                           | -   |        | r_V_2839       | add | fabric | 0       |
|       mul_16s_9ns_25_1_0_U567                                          | -   |        | r_V_2840       | mul | fabric | 0       |
|       mul_16s_9s_25_1_0_U553                                           | -   |        | r_V_2841       | mul | fabric | 0       |
|       mul_16s_9ns_25_1_0_U539                                          | -   |        | r_V_2842       | mul | fabric | 0       |
|       mul_16s_8s_24_1_0_U712                                           | -   |        | r_V_2843       | mul | fabric | 0       |
|       mul_16s_10s_26_1_0_U617                                          | -   |        | r_V_2844       | mul | fabric | 0       |
|       mul_16s_9s_25_1_0_U713                                           | -   |        | r_V_2845       | mul | fabric | 0       |
|       mul_16s_8ns_24_1_0_U714                                          | -   |        | r_V_2846       | mul | fabric | 0       |
|       mul_16s_9ns_25_1_0_U715                                          | -   |        | r_V_2847       | mul | fabric | 0       |
|       mul_16s_10ns_26_1_0_U88                                          | -   |        | r_V_2848       | mul | fabric | 0       |
|       mul_16s_9s_25_1_0_U89                                            | -   |        | r_V_2849       | mul | fabric | 0       |
|       mul_16s_9ns_25_1_0_U335                                          | -   |        | r_V_2850       | mul | fabric | 0       |
|       mul_16s_9s_25_1_0_U636                                           | -   |        | r_V_2851       | mul | fabric | 0       |
|       mul_16s_9s_25_1_0_U171                                           | -   |        | r_V_2852       | mul | fabric | 0       |
|       mul_16s_6ns_22_1_0_U209                                          | -   |        | r_V_2853       | mul | fabric | 0       |
|       mul_16s_9s_25_1_0_U259                                           | -   |        | r_V_2854       | mul | fabric | 0       |
|       mul_16s_9ns_25_1_0_U307                                          | -   |        | r_V_2856       | mul | fabric | 0       |
|       mul_16s_9ns_25_1_0_U353                                          | -   |        | r_V_2857       | mul | fabric | 0       |
|       mul_16s_9s_25_1_0_U408                                           | -   |        | r_V_2858       | mul | fabric | 0       |
|       mul_16s_9ns_25_1_0_U196                                          | -   |        | r_V_2859       | mul | fabric | 0       |
|       mul_16s_6s_22_1_0_U230                                           | -   |        | r_V_2860       | mul | fabric | 0       |
|       mul_16s_10ns_26_1_0_U280                                         | -   |        | r_V_2861       | mul | fabric | 0       |
|       mul_16s_9s_25_1_0_U336                                           | -   |        | r_V_2862       | mul | fabric | 0       |
|       mul_16s_10ns_26_1_0_U112                                         | -   |        | r_V_2863       | mul | fabric | 0       |
|       mul_16s_8s_24_1_0_U172                                           | -   |        | r_V_2864       | mul | fabric | 0       |
|       mul_16s_8s_24_1_0_U244                                           | -   |        | r_V_2865       | mul | fabric | 0       |
|       mul_16s_9s_25_1_0_U275                                           | -   |        | r_V_2866       | mul | fabric | 0       |
|       mul_16s_10ns_26_1_0_U304                                         | -   |        | r_V_2867       | mul | fabric | 0       |
|       mul_16s_10s_26_1_0_U233                                          | -   |        | r_V_2868       | mul | fabric | 0       |
|       mul_16s_9s_25_1_0_U295                                           | -   |        | r_V_2869       | mul | fabric | 0       |
|       mul_16s_8s_24_1_0_U222                                           | -   |        | r_V_2870       | mul | fabric | 0       |
|       r_V_2871_fu_2986399_p2                                           | -   |        | r_V_2871       | sub | fabric | 0       |
|       mul_16s_9ns_25_1_0_U236                                          | -   |        | r_V_2872       | mul | fabric | 0       |
|       mul_16s_8ns_24_1_0_U619                                          | -   |        | r_V_2873       | mul | fabric | 0       |
|       mul_16s_10ns_26_1_0_U620                                         | -   |        | r_V_2874       | mul | fabric | 0       |
|       mul_16s_7ns_23_1_0_U621                                          | -   |        | r_V_2875       | mul | fabric | 0       |
|       mul_16s_10ns_26_1_0_U717                                         | -   |        | r_V_2876       | mul | fabric | 0       |
|       mul_16s_10s_26_1_0_U623                                          | -   |        | r_V_2877       | mul | fabric | 0       |
|       mul_16s_9ns_25_1_0_U91                                           | -   |        | r_V_2878       | mul | fabric | 0       |
|       mul_16s_9s_25_1_0_U293                                           | -   |        | r_V_2879       | mul | fabric | 0       |
|       mul_16s_9s_25_1_0_U584                                           | -   |        | r_V_2880       | mul | fabric | 0       |
|       mul_16s_6ns_22_1_0_U625                                          | -   |        | r_V_2881       | mul | fabric | 0       |
|       mul_16s_10s_26_1_0_U415                                          | -   |        | r_V_2882       | mul | fabric | 0       |
|       mul_16s_10ns_26_1_0_U459                                         | -   |        | r_V_2883       | mul | fabric | 0       |
|       mul_16s_9s_25_1_0_U504                                           | -   |        | r_V_2884       | mul | fabric | 0       |
|       mul_16s_9s_25_1_0_U554                                           | -   |        | r_V_2885       | mul | fabric | 0       |
|       mul_16s_9s_25_1_0_U355                                           | -   |        | r_V_2886       | mul | fabric | 0       |
|       mul_16s_10s_26_1_0_U134                                          | -   |        | r_V_2887       | mul | fabric | 0       |
|       mul_16s_9s_25_1_0_U180                                           | -   |        | r_V_2888       | mul | fabric | 0       |
|       mul_16s_10s_26_1_0_U223                                          | -   |        | r_V_2889       | mul | fabric | 0       |
|       mul_16s_9ns_25_1_0_U14                                           | -   |        | r_V_2890       | mul | fabric | 0       |
|       mul_16s_8ns_24_1_0_U585                                          | -   |        | r_V_2891       | mul | fabric | 0       |
|       mul_16s_8ns_24_1_0_U615                                          | -   |        | r_V_2892       | mul | fabric | 0       |
|       r_V_2893_fu_2986709_p2                                           | -   |        | r_V_2893       | sub | fabric | 0       |
|       mul_16s_9ns_25_1_0_U643                                          | -   |        | r_V_2894       | mul | fabric | 0       |
|       r_V_2895_fu_2986743_p2                                           | -   |        | r_V_2895       | sub | fabric | 0       |
|       mul_16s_10ns_26_1_0_U659                                         | -   |        | r_V_2896       | mul | fabric | 0       |
|       r_V_2897_fu_2986773_p2                                           | -   |        | r_V_2897       | sub | fabric | 0       |
|       mul_16s_9ns_25_1_0_U645                                          | -   |        | r_V_2898       | mul | fabric | 0       |
|       mul_16s_10s_26_1_0_U686                                          | -   |        | r_V_2899       | mul | fabric | 0       |
|       mul_16s_10ns_26_1_0_U647                                         | -   |        | r_V_2900       | mul | fabric | 0       |
|       mul_16s_10ns_26_1_0_U648                                         | -   |        | r_V_2901       | mul | fabric | 0       |
|       mul_16s_9ns_25_1_0_U649                                          | -   |        | r_V_2902       | mul | fabric | 0       |
|       r_V_2903_fu_2986863_p2                                           | -   |        | r_V_2903       | add | fabric | 0       |
|       mul_16s_9ns_25_1_0_U190                                          | -   |        | r_V_2904       | mul | fabric | 0       |
|       mul_16s_10s_26_1_0_U524                                          | -   |        | r_V_2905       | mul | fabric | 0       |
|       mul_16s_10s_26_1_0_U525                                          | -   |        | r_V_2906       | mul | fabric | 0       |
|       r_V_2907_fu_2986921_p2                                           | -   |        | r_V_2907       | sub | fabric | 0       |
|       mul_16s_7s_23_1_0_U526                                           | -   |        | r_V_2908       | mul | fabric | 0       |
|       r_V_2909_fu_2986967_p2                                           | -   |        | r_V_2909       | sub | fabric | 0       |
|       mul_16s_10s_26_1_0_U527                                          | -   |        | r_V_2910       | mul | fabric | 0       |
|       mul_16s_10ns_26_1_0_U528                                         | -   |        | r_V_2911       | mul | fabric | 0       |
|       mul_16s_9s_25_1_0_U195                                           | -   |        | r_V_2912       | mul | fabric | 0       |
|       r_V_2913_fu_2987021_p2                                           | -   |        | r_V_2913       | sub | fabric | 0       |
|       mul_16s_10s_26_1_0_U270                                          | -   |        | r_V_2914       | mul | fabric | 0       |
|       mul_16s_10ns_26_1_0_U62                                          | -   |        | r_V_2915       | mul | fabric | 0       |
|       mul_16s_10s_26_1_0_U373                                          | -   |        | r_V_2916       | mul | fabric | 0       |
|       mul_16s_8ns_24_1_0_U155                                          | -   |        | r_V_2917       | mul | fabric | 0       |
|       mul_16s_10s_26_1_0_U716                                          | -   |        | r_V_2919       | mul | fabric | 0       |
|       mul_16s_9s_25_1_0_U518                                           | -   |        | r_V_2920       | mul | fabric | 0       |
|       mul_16s_10ns_26_1_0_U294                                         | -   |        | r_V_2921       | mul | fabric | 0       |
|       mul_16s_9s_25_1_0_U79                                            | -   |        | r_V_2922       | mul | fabric | 0       |
|       mul_16s_10s_26_1_0_U396                                          | -   |        | r_V_2923       | mul | fabric | 0       |
|       r_V_2924_fu_2987262_p2                                           | -   |        | r_V_2924       | sub | fabric | 0       |
|       mul_16s_10ns_26_1_0_U174                                         | -   |        | r_V_2925       | mul | fabric | 0       |
|       sub_ln1273_712_fu_2987292_p2                                     | -   |        | sub_ln1273_712 | sub | fabric | 0       |
|       r_V_2926_fu_2987298_p2                                           | -   |        | r_V_2926       | sub | fabric | 0       |
|       mul_16s_9s_25_1_0_U729                                           | -   |        | r_V_2927       | mul | fabric | 0       |
|       mul_16s_6s_22_1_0_U517                                           | -   |        | r_V_2928       | mul | fabric | 0       |
|       mul_16s_8ns_24_1_0_U54                                           | -   |        | r_V_2929       | mul | fabric | 0       |
|       mul_16s_9s_25_1_0_U376                                           | -   |        | r_V_2930       | mul | fabric | 0       |
|       mul_16s_10ns_26_1_0_U342                                         | -   |        | r_V_2931       | mul | fabric | 0       |
|       r_V_2950_fu_2987400_p2                                           | -   |        | r_V_2950       | sub | fabric | 0       |
|       r_V_2932_fu_2987406_p2                                           | -   |        | r_V_2932       | sub | fabric | 0       |
|       r_V_2933_fu_2987426_p2                                           | -   |        | r_V_2933       | sub | fabric | 0       |
|       mul_16s_10s_26_1_0_U330                                          | -   |        | r_V_2934       | mul | fabric | 0       |
|       r_V_2935_fu_2987476_p2                                           | -   |        | r_V_2935       | sub | fabric | 0       |
|       mul_16s_6s_22_1_0_U331                                           | -   |        | r_V_2936       | mul | fabric | 0       |
|       sub_ln1273_718_fu_2987526_p2                                     | -   |        | sub_ln1273_718 | sub | fabric | 0       |
|       r_V_2937_fu_2987544_p2                                           | -   |        | r_V_2937       | sub | fabric | 0       |
|       mul_16s_8ns_24_1_0_U332                                          | -   |        | r_V_2938       | mul | fabric | 0       |
|       mul_16s_10ns_26_1_0_U333                                         | -   |        | r_V_2939       | mul | fabric | 0       |
|       r_V_2940_fu_2987616_p2                                           | -   |        | r_V_2940       | sub | fabric | 0       |
|       mul_16s_10s_26_1_0_U334                                          | -   |        | r_V_2941       | mul | fabric | 0       |
|       mul_16s_10ns_26_1_0_U320                                         | -   |        | r_V_2942       | mul | fabric | 0       |
|       r_V_2943_fu_2987652_p2                                           | -   |        | r_V_2943       | sub | fabric | 0       |
|       mul_16s_8ns_24_1_0_U486                                          | -   |        | r_V_2944       | mul | fabric | 0       |
|       mul_16s_9s_25_1_0_U720                                           | -   |        | r_V_2945       | mul | fabric | 0       |
|       mul_16s_10s_26_1_0_U721                                          | -   |        | r_V_2946       | mul | fabric | 0       |
|       mul_16s_9s_25_1_0_U78                                            | -   |        | r_V_2947       | mul | fabric | 0       |
|       mul_16s_10ns_26_1_0_U627                                         | -   |        | r_V_2948       | mul | fabric | 0       |
|       mul_16s_9s_25_1_0_U628                                           | -   |        | r_V_2949       | mul | fabric | 0       |
|       mul_16s_9ns_25_1_0_U97                                           | -   |        | r_V_2951       | mul | fabric | 0       |
|       mul_16s_6s_22_1_0_U16                                            | -   |        | r_V_2952       | mul | fabric | 0       |
|       mul_16s_9ns_25_1_0_U321                                          | -   |        | r_V_2953       | mul | fabric | 0       |
|       mul_16s_8s_24_1_0_U631                                           | -   |        | r_V_2954       | mul | fabric | 0       |
|       mul_16s_8ns_24_1_0_U167                                          | -   |        | r_V_2955       | mul | fabric | 0       |
|       mul_16s_9s_25_1_0_U199                                           | -   |        | r_V_2956       | mul | fabric | 0       |
|       r_V_2957_fu_2987838_p2                                           | -   |        | r_V_2957       | sub | fabric | 0       |
|       mul_16s_10s_26_1_0_U509                                          | -   |        | r_V_2958       | mul | fabric | 0       |
|       mul_16s_10s_26_1_0_U548                                          | -   |        | r_V_2959       | mul | fabric | 0       |
|       r_V_2960_fu_2987874_p2                                           | -   |        | r_V_2960       | sub | fabric | 0       |
|       mul_16s_10s_26_1_0_U338                                          | -   |        | r_V_2961       | mul | fabric | 0       |
|       r_V_2962_fu_2987916_p2                                           | -   |        | r_V_2962       | sub | fabric | 0       |
|       mul_16s_10s_26_1_0_U386                                          | -   |        | r_V_2963       | mul | fabric | 0       |
|       mul_16s_8ns_24_1_0_U426                                          | -   |        | r_V_2964       | mul | fabric | 0       |
|       r_V_2965_fu_2987960_p2                                           | -   |        | r_V_2965       | sub | fabric | 0       |
|       mul_16s_9s_25_1_0_U492                                           | -   |        | r_V_2966       | mul | fabric | 0       |
|       mul_16s_9ns_25_1_0_U519                                          | -   |        | r_V_2967       | mul | fabric | 0       |
|       r_V_2968_fu_2988004_p2                                           | -   |        | r_V_2968       | sub | fabric | 0       |
|       mul_16s_9ns_25_1_0_U314                                          | -   |        | r_V_2969       | mul | fabric | 0       |
|       mul_16s_9ns_25_1_0_U130                                          | -   |        | r_V_2970       | mul | fabric | 0       |
|       r_V_2971_fu_2988052_p2                                           | -   |        | r_V_2971       | sub | fabric | 0       |
|       mul_16s_7ns_23_1_0_U66                                           | -   |        | r_V_2972       | mul | fabric | 0       |
|       mul_16s_7ns_23_1_0_U55                                           | -   |        | r_V_2974       | mul | fabric | 0       |
|       r_V_2975_fu_2988126_p2                                           | -   |        | r_V_2975       | sub | fabric | 0       |
|       mul_16s_10ns_26_1_0_U41                                          | -   |        | r_V_2976       | mul | fabric | 0       |
|       mul_16s_10s_26_1_0_U69                                           | -   |        | r_V_2977       | mul | fabric | 0       |
|       mul_16s_8ns_24_1_0_U43                                           | -   |        | r_V_2978       | mul | fabric | 0       |
|       r_V_2979_fu_2988176_p2                                           | -   |        | r_V_2979       | sub | fabric | 0       |
|       mul_16s_10s_26_1_0_U44                                           | -   |        | r_V_2981       | mul | fabric | 0       |
|       mul_16s_8ns_24_1_0_U45                                           | -   |        | r_V_2982       | mul | fabric | 0       |
|       mul_16s_7ns_23_1_0_U94                                           | -   |        | r_V_2983       | mul | fabric | 0       |
|       mul_16s_8s_24_1_0_U723                                           | -   |        | r_V_2984       | mul | fabric | 0       |
|       mul_16s_10ns_26_1_0_U96                                          | -   |        | r_V_2985       | mul | fabric | 0       |
|       mul_16s_8s_24_1_0_U725                                           | -   |        | r_V_2986       | mul | fabric | 0       |
|       mul_16s_10s_26_1_0_U98                                           | -   |        | r_V_2987       | mul | fabric | 0       |
|       mul_16s_7s_23_1_0_U727                                           | -   |        | r_V_2988       | mul | fabric | 0       |
|       r_V_2989_fu_2988414_p2                                           | -   |        | r_V_2989       | sub | fabric | 0       |
|       mul_16s_10s_26_1_0_U100                                          | -   |        | r_V_2990       | mul | fabric | 0       |
|       mul_16s_8ns_24_1_0_U38                                           | -   |        | r_V_2991       | mul | fabric | 0       |
|       mul_16s_9s_25_1_0_U75                                            | -   |        | r_V_2992       | mul | fabric | 0       |
|       mul_16s_10ns_26_1_0_U655                                         | -   |        | r_V_2993       | mul | fabric | 0       |
|       r_V_2994_fu_2988490_p2                                           | -   |        | r_V_2994       | sub | fabric | 0       |
|       r_V_2995_fu_2988510_p2                                           | -   |        | r_V_2995       | sub | fabric | 0       |
|       mul_16s_9ns_25_1_0_U412                                          | -   |        | r_V_2996       | mul | fabric | 0       |
|       mul_16s_10s_26_1_0_U201                                          | -   |        | r_V_2997       | mul | fabric | 0       |
|       mul_16s_8ns_24_1_0_U245                                          | -   |        | r_V_2998       | mul | fabric | 0       |
|       mul_16s_9s_25_1_0_U550                                           | -   |        | r_V_3001       | mul | fabric | 0       |
|       mul_16s_9s_25_1_0_U605                                           | -   |        | r_V_3002       | mul | fabric | 0       |
|       mul_16s_10s_26_1_0_U152                                          | -   |        | r_V_3003       | mul | fabric | 0       |
|       mul_16s_10ns_26_1_0_U689                                         | -   |        | r_V_3004       | mul | fabric | 0       |
|       mul_16s_10s_26_1_0_U480                                          | -   |        | r_V_3005       | mul | fabric | 0       |
|       r_V_3006_fu_2988748_p2                                           | -   |        | r_V_3006       | sub | fabric | 0       |
|       mul_16s_10s_26_1_0_U522                                          | -   |        | r_V_3007       | mul | fabric | 0       |
|       mul_16s_10s_26_1_0_U583                                          | -   |        | r_V_3008       | mul | fabric | 0       |
|       mul_16s_11s_26_1_0_U430                                          | -   |        | mul_ln1270_70  | mul | fabric | 0       |
|       mul_16s_8s_24_1_0_U444                                           | -   |        | r_V_3009       | mul | fabric | 0       |
|       mul_16s_10ns_26_1_0_U445                                         | -   |        | r_V_3010       | mul | fabric | 0       |
|       mul_16s_8s_24_1_0_U446                                           | -   |        | r_V_3011       | mul | fabric | 0       |
|       mul_16s_10s_26_1_0_U432                                          | -   |        | r_V_3012       | mul | fabric | 0       |
|       mul_16s_10s_26_1_0_U489                                          | -   |        | r_V_3013       | mul | fabric | 0       |
|       mul_16s_8ns_24_1_0_U447                                          | -   |        | r_V_3015       | mul | fabric | 0       |
|       mul_16s_9s_25_1_0_U724                                           | -   |        | r_V_3016       | mul | fabric | 0       |
|       mul_16s_8s_24_1_0_U629                                           | -   |        | r_V_3017       | mul | fabric | 0       |
|       mul_16s_5ns_21_1_0_U630                                          | -   |        | r_V_3018       | mul | auto   | 0       |
|       mul_16s_9ns_25_1_0_U99                                           | -   |        | r_V_3019       | mul | fabric | 0       |
|       r_V_3020_fu_2988960_p2                                           | -   |        | r_V_3020       | sub | fabric | 0       |
|       mul_16s_9s_25_1_0_U632                                           | -   |        | r_V_3021       | mul | fabric | 0       |
|       mul_16s_8ns_24_1_0_U101                                          | -   |        | r_V_3022       | mul | fabric | 0       |
|       mul_16s_9s_25_1_0_U102                                           | -   |        | r_V_3023       | mul | fabric | 0       |
|       mul_16s_10s_26_1_0_U229                                          | -   |        | r_V_3024       | mul | fabric | 0       |
|       mul_16s_8s_24_1_0_U267                                           | -   |        | r_V_3025       | mul | fabric | 0       |
|       mul_16s_7s_23_1_0_U572                                           | -   |        | r_V_3026       | mul | fabric | 0       |
|       r_V_3027_fu_2989072_p2                                           | -   |        | r_V_3027       | add | fabric | 0       |
|       mul_16s_9s_25_1_0_U614                                           | -   |        | r_V_3028       | mul | fabric | 0       |
|       r_V_3030_fu_2989132_p2                                           | -   |        | r_V_3030       | add | fabric | 0       |
|       mul_16s_8ns_24_1_0_U162                                          | -   |        | r_V_3031       | mul | fabric | 0       |
|       r_V_3032_fu_2989166_p2                                           | -   |        | r_V_3032       | sub | fabric | 0       |
|       mul_16s_10ns_26_1_0_U611                                         | -   |        | r_V_3033       | mul | fabric | 0       |
|       mul_16s_10ns_26_1_0_U494                                         | -   |        | r_V_3035       | mul | fabric | 0       |
|       mul_16s_9s_25_1_0_U290                                           | -   |        | r_V_3036       | mul | fabric | 0       |
|       mul_16s_9ns_25_1_0_U591                                          | -   |        | r_V_3037       | mul | fabric | 0       |
|       mul_16s_7ns_23_1_0_U381                                          | -   |        | r_V_3038       | mul | fabric | 0       |
|       mul_16s_8ns_24_1_0_U449                                          | -   |        | r_V_3039       | mul | fabric | 0       |
|       mul_16s_7ns_23_1_0_U496                                          | -   |        | r_V_3040       | mul | fabric | 0       |
|       r_V_3041_fu_2989416_p2                                           | -   |        | r_V_3041       | sub | fabric | 0       |
|       mul_16s_10ns_26_1_0_U269                                         | -   |        | r_V_3042       | mul | fabric | 0       |
|       mul_16s_10s_26_1_0_U563                                          | -   |        | r_V_3043       | mul | fabric | 0       |
|       mul_16s_9s_25_1_0_U133                                           | -   |        | r_V_3044       | mul | fabric | 0       |
|       mul_16s_8ns_24_1_0_U148                                          | -   |        | r_V_3045       | mul | fabric | 0       |
|       mul_16s_9s_25_1_0_U149                                           | -   |        | r_V_3046       | mul | fabric | 0       |
|       mul_16s_10ns_26_1_0_U119                                         | -   |        | r_V_3047       | mul | fabric | 0       |
|       mul_16s_8ns_24_1_0_U137                                          | -   |        | r_V_3048       | mul | fabric | 0       |
|       r_V_3050_fu_2989568_p2                                           | -   |        | r_V_3050       | sub | fabric | 0       |
|       mul_16s_9ns_25_1_0_U120                                          | -   |        | r_V_3051       | mul | fabric | 0       |
|       mul_16s_9s_25_1_0_U179                                           | -   |        | r_V_3052       | mul | fabric | 0       |
|       mul_16s_9ns_25_1_0_U531                                          | -   |        | r_V_3053       | mul | fabric | 0       |
|       mul_16s_8s_24_1_0_U532                                           | -   |        | r_V_3054       | mul | fabric | 0       |
|       mul_16s_8s_24_1_0_U533                                           | -   |        | r_V_3055       | mul | fabric | 0       |
|       r_V_3056_fu_2989674_p2                                           | -   |        | r_V_3056       | sub | fabric | 0       |
|       mul_16s_10s_26_1_0_U568                                          | -   |        | r_V_3057       | mul | fabric | 0       |
|       mul_16s_9s_25_1_0_U103                                           | -   |        | r_V_3058       | mul | fabric | 0       |
|       mul_16s_8s_24_1_0_U104                                           | -   |        | r_V_3059       | mul | fabric | 0       |
|       mul_16s_9s_25_1_0_U105                                           | -   |        | r_V_3060       | mul | fabric | 0       |
|       mul_16s_10s_26_1_0_U470                                          | -   |        | r_V_3061       | mul | fabric | 0       |
|       r_V_3062_fu_2989768_p2                                           | -   |        | r_V_3062       | sub | fabric | 0       |
|       mul_16s_9s_25_1_0_U523                                           | -   |        | r_V_3063       | mul | fabric | 0       |
|       mul_16s_8s_24_1_0_U574                                           | -   |        | r_V_3064       | mul | fabric | 0       |
|       mul_16s_9s_25_1_0_U607                                           | -   |        | r_V_3065       | mul | fabric | 0       |
|       mul_16s_9s_25_1_0_U401                                           | -   |        | r_V_3066       | mul | fabric | 0       |
|       mul_16s_9ns_25_1_0_U704                                          | -   |        | r_V_3067       | mul | fabric | 0       |
|       mul_16s_9ns_25_1_0_U487                                          | -   |        | r_V_3068       | mul | fabric | 0       |
|       mul_16s_9ns_25_1_0_U24                                           | -   |        | r_V_3070       | mul | fabric | 0       |
|       mul_16s_8s_24_1_0_U328                                           | -   |        | r_V_3071       | mul | fabric | 0       |
|       r_V_3072_fu_2989936_p2                                           | -   |        | r_V_3072       | sub | fabric | 0       |
|       mul_16s_10s_26_1_0_U637                                          | -   |        | r_V_3073       | mul | fabric | 0       |
|       r_V_3074_fu_2989966_p2                                           | -   |        | r_V_3074       | sub | fabric | 0       |
|       r_V_3075_fu_2989986_p2                                           | -   |        | r_V_3075       | sub | fabric | 0       |
|       mul_16s_7s_23_1_0_U676                                           | -   |        | r_V_3076       | mul | fabric | 0       |
|       mul_16s_9ns_25_1_0_U211                                          | -   |        | r_V_3077       | mul | fabric | 0       |
|       mul_16s_9s_25_1_0_U250                                           | -   |        | r_V_3078       | mul | fabric | 0       |
|       r_V_3079_fu_2990044_p2                                           | -   |        | r_V_3079       | sub | fabric | 0       |
|       mul_16s_9ns_25_1_0_U42                                           | -   |        | r_V_3080       | mul | fabric | 0       |
|       mul_16s_10s_26_1_0_U541                                          | -   |        | r_V_3081       | mul | fabric | 0       |
|       mul_16s_10s_26_1_0_U542                                          | -   |        | r_V_3083       | mul | fabric | 0       |
|       mul_16s_10s_26_1_0_U556                                          | -   |        | r_V_3084       | mul | fabric | 0       |
|       mul_16s_9ns_25_1_0_U543                                          | -   |        | r_V_3086       | mul | fabric | 0       |
|       mul_16s_9ns_25_1_0_U544                                          | -   |        | r_V_3087       | mul | fabric | 0       |
|       mul_16s_9s_25_1_0_U545                                           | -   |        | r_V_3088       | mul | fabric | 0       |
|       mul_16s_10s_26_1_0_U633                                          | -   |        | r_V_3089       | mul | fabric | 0       |
|       mul_16s_10ns_26_1_0_U433                                         | -   |        | r_V_3090       | mul | fabric | 0       |
|       mul_16s_9s_25_1_0_U434                                           | -   |        | r_V_3091       | mul | fabric | 0       |
|       mul_16s_5ns_21_1_0_U343                                          | -   |        | r_V_3092       | mul | auto   | 0       |
|       mul_16s_8ns_24_1_0_U537                                          | -   |        | r_V_3093       | mul | fabric | 0       |
|       mul_16s_10s_26_1_0_U437                                          | -   |        | r_V_3094       | mul | fabric | 0       |
|       mul_16s_8s_24_1_0_U9                                             | -   |        | r_V_3096       | mul | fabric | 0       |
|       mul_16s_5s_21_1_0_U108                                           | -   |        | r_V_3097       | mul | auto   | 0       |
|       mul_16s_9s_25_1_0_U204                                           | -   |        | r_V_3098       | mul | fabric | 0       |
|       mul_16s_7s_23_1_0_U516                                           | -   |        | r_V_3099       | mul | fabric | 0       |
|       mul_16s_7ns_23_1_0_U310                                          | -   |        | r_V_3100       | mul | fabric | 0       |
|       mul_16s_8ns_24_1_0_U92                                           | -   |        | r_V_3101       | mul | fabric | 0       |
|       mul_16s_7s_23_1_0_U393                                           | -   |        | r_V_3102       | mul | fabric | 0       |
|       mul_16s_9s_25_1_0_U442                                           | -   |        | r_V_3103       | mul | fabric | 0       |
|       mul_16s_7s_23_1_0_U231                                           | -   |        | r_V_3104       | mul | fabric | 0       |
|       mul_16s_9ns_25_1_0_U283                                          | -   |        | r_V_3105       | mul | fabric | 0       |
|       mul_16s_9ns_25_1_0_U576                                          | -   |        | r_V_3106       | mul | fabric | 0       |
|       mul_16s_9s_25_1_0_U113                                           | -   |        | r_V_3107       | mul | fabric | 0       |
|       mul_16s_8s_24_1_0_U677                                           | -   |        | r_V_3108       | mul | fabric | 0       |
|       r_V_3109_fu_2990555_p2                                           | -   |        | r_V_3109       | sub | fabric | 0       |
|       r_V_3110_fu_2990617_p2                                           | -   |        | r_V_3110       | sub | fabric | 0       |
|       mul_16s_9ns_25_1_0_U197                                          | -   |        | r_V_3111       | mul | fabric | 0       |
|       mul_16s_9ns_25_1_0_U497                                          | -   |        | r_V_3112       | mul | fabric | 0       |
|       r_V_3113_fu_2990677_p2                                           | -   |        | r_V_3113       | add | fabric | 0       |
|       mul_16s_8ns_24_1_0_U33                                           | -   |        | r_V_3114       | mul | fabric | 0       |
|       mul_16s_9ns_25_1_0_U238                                          | -   |        | r_V_3115       | mul | fabric | 0       |
|       mul_16s_8s_24_1_0_U252                                           | -   |        | r_V_3116       | mul | fabric | 0       |
|       mul_16s_6ns_22_1_0_U239                                          | -   |        | r_V_3117       | mul | fabric | 0       |
|       mul_16s_8ns_24_1_0_U254                                          | -   |        | r_V_3118       | mul | fabric | 0       |
|       mul_16s_7ns_23_1_0_U227                                          | -   |        | r_V_3119       | mul | fabric | 0       |
|       mul_16s_9s_25_1_0_U228                                           | -   |        | r_V_3120       | mul | fabric | 0       |
|       mul_16s_9ns_25_1_0_U732                                          | -   |        | r_V_3121       | mul | fabric | 0       |
|       mul_16s_10s_26_1_0_U344                                          | -   |        | r_V_3122       | mul | fabric | 0       |
|       mul_16s_9ns_25_1_0_U345                                          | -   |        | r_V_3123       | mul | fabric | 0       |
|       mul_16s_10s_26_1_0_U346                                          | -   |        | r_V_3124       | mul | fabric | 0       |
|       mul_16s_5s_21_1_0_U439                                           | -   |        | r_V_3125       | mul | auto   | 0       |
|       r_V_3126_fu_2990873_p2                                           | -   |        | r_V_3126       | add | fabric | 0       |
|       mul_16s_10ns_26_1_0_U540                                         | -   |        | r_V_3127       | mul | fabric | 0       |
|       mul_16s_7ns_23_1_0_U349                                          | -   |        | r_V_3128       | mul | fabric | 0       |
|       r_V_3129_fu_2990949_p2                                           | -   |        | r_V_3129       | sub | fabric | 0       |
|       mul_16s_9s_25_1_0_U164                                           | -   |        | r_V_3130       | mul | fabric | 0       |
|       mul_16s_10s_26_1_0_U706                                          | -   |        | r_V_3131       | mul | fabric | 0       |
|       r_V_3143_fu_2990993_p2                                           | -   |        | r_V_3143       | sub | fabric | 0       |
|       r_V_3132_fu_2990999_p2                                           | -   |        | r_V_3132       | sub | fabric | 0       |
|       mul_16s_6s_22_1_0_U507                                           | -   |        | r_V_3133       | mul | fabric | 0       |
|       mul_16s_10ns_26_1_0_U546                                         | -   |        | r_V_3134       | mul | fabric | 0       |
|       r_V_3135_fu_2991043_p2                                           | -   |        | r_V_3135       | sub | fabric | 0       |
|       mul_16s_7ns_23_1_0_U593                                          | -   |        | r_V_3136       | mul | fabric | 0       |
|       mul_16s_9s_25_1_0_U123                                           | -   |        | r_V_3137       | mul | fabric | 0       |
|       r_V_3138_fu_2991091_p2                                           | -   |        | r_V_3138       | sub | fabric | 0       |
|       mul_16s_10s_26_1_0_U685                                          | -   |        | r_V_3139       | mul | fabric | 0       |
|       mul_16s_10ns_26_1_0_U213                                         | -   |        | r_V_3140       | mul | fabric | 0       |
|       mul_16s_10ns_26_1_0_U262                                         | -   |        | r_V_3141       | mul | fabric | 0       |
|       r_V_3142_fu_2991153_p2                                           | -   |        | r_V_3142       | add | fabric | 0       |
|       mul_16s_8ns_24_1_0_U579                                          | -   |        | r_V_3144       | mul | fabric | 0       |
|       mul_16s_10ns_26_1_0_U364                                         | -   |        | r_V_3146       | mul | fabric | 0       |
|       mul_16s_11ns_26_1_0_U660                                         | -   |        | mul_ln1270_71  | mul | fabric | 0       |
|       mul_16s_11ns_26_1_0_U189                                         | -   |        | mul_ln1270_72  | mul | fabric | 0       |
|       mul_16s_11s_26_1_0_U635                                          | -   |        | mul_ln1270_73  | mul | fabric | 0       |
|       mul_16s_10s_26_1_0_U666                                          | -   |        | r_V_3147       | mul | fabric | 0       |
|       mul_16s_11s_26_1_0_U650                                          | -   |        | mul_ln1270_74  | mul | fabric | 0       |
|       mul_16s_11s_26_1_0_U651                                          | -   |        | mul_ln1270_75  | mul | fabric | 0       |
|       mul_16s_10s_26_1_0_U552                                          | -   |        | r_V_3148       | mul | fabric | 0       |
|       mul_16s_11s_26_1_0_U653                                          | -   |        | mul_ln1270_76  | mul | fabric | 0       |
|       mul_16s_10ns_26_1_0_U639                                         | -   |        | r_V_3149       | mul | fabric | 0       |
|       mul_16s_10ns_26_1_0_U624                                         | -   |        | r_V_3150       | mul | fabric | 0       |
|       mul_16s_9ns_25_1_0_U107                                          | -   |        | r_V_3151       | mul | fabric | 0       |
|       r_V_3152_fu_2991466_p2                                           | -   |        | r_V_3152       | sub | fabric | 0       |
|       mul_16s_8ns_24_1_0_U347                                          | -   |        | r_V_3153       | mul | fabric | 0       |
|       mul_16s_6ns_22_1_0_U348                                          | -   |        | r_V_3154       | mul | fabric | 0       |
|       mul_16s_11ns_26_1_0_U154                                         | -   |        | mul_ln1270_77  | mul | fabric | 0       |
|       mul_16s_11ns_26_1_0_U205                                         | -   |        | mul_ln1270_78  | mul | fabric | 0       |
|       mul_16s_10ns_26_1_0_U351                                         | -   |        | r_V_3155       | mul | fabric | 0       |
|       mul_16s_10ns_26_1_0_U618                                         | -   |        | r_V_3156       | mul | fabric | 0       |
|       mul_16s_11s_26_1_0_U175                                          | -   |        | mul_ln1270_79  | mul | fabric | 0       |
|       mul_16s_10s_26_1_0_U699                                          | -   |        | r_V_3157       | mul | fabric | 0       |
|       mul_16s_11s_26_1_0_U490                                          | -   |        | mul_ln1270_80  | mul | fabric | 0       |
|       mul_16s_11ns_26_1_0_U27                                          | -   |        | mul_ln1270_81  | mul | fabric | 0       |
|       r_V_3158_fu_2991618_p2                                           | -   |        | r_V_3158       | add | fabric | 0       |
|       mul_16s_10s_26_1_0_U587                                          | -   |        | r_V_3159       | mul | fabric | 0       |
|       mul_16s_9ns_25_1_0_U115                                          | -   |        | r_V_3160       | mul | fabric | 0       |
|       r_V_3161_fu_2991658_p2                                           | -   |        | r_V_3161       | sub | fabric | 0       |
|       mul_16s_9s_25_1_0_U166                                           | -   |        | r_V_3162       | mul | fabric | 0       |
|       mul_16s_10ns_26_1_0_U207                                         | -   |        | r_V_3163       | mul | fabric | 0       |
|       r_V_3164_fu_2991718_p2                                           | -   |        | r_V_3164       | sub | fabric | 0       |
|       mul_16s_10s_26_1_0_U264                                          | -   |        | r_V_3165       | mul | fabric | 0       |
|       mul_16s_11s_26_1_0_U47                                           | -   |        | mul_ln1270_82  | mul | fabric | 0       |
|       mul_16s_9s_25_1_0_U603                                           | -   |        | r_V_3166       | mul | fabric | 0       |
|       mul_16s_9ns_25_1_0_U405                                          | -   |        | r_V_3167       | mul | fabric | 0       |
|       r_V_3168_fu_2991818_p2                                           | -   |        | r_V_3168       | sub | fabric | 0       |
|       r_V_3169_fu_2991850_p2                                           | -   |        | r_V_3169       | sub | fabric | 0       |
|       mul_16s_11ns_26_1_0_U701                                         | -   |        | mul_ln1270_83  | mul | fabric | 0       |
|       mul_16s_10s_26_1_0_U388                                          | -   |        | r_V_3171       | mul | fabric | 0       |
|       mul_16s_11s_26_1_0_U389                                          | -   |        | mul_ln1270_84  | mul | fabric | 0       |
|       mul_16s_9ns_25_1_0_U323                                          | -   |        | r_V_3172       | mul | fabric | 0       |
|       mul_16s_11s_26_1_0_U324                                          | -   |        | mul_ln1270_85  | mul | fabric | 0       |
|       mul_16s_7s_23_1_0_U337                                           | -   |        | r_V_3173       | mul | fabric | 0       |
|       mul_16s_9ns_25_1_0_U312                                          | -   |        | r_V_3174       | mul | fabric | 0       |
|       mul_16s_11ns_26_1_0_U326                                         | -   |        | mul_ln1270_86  | mul | fabric | 0       |
|       mul_16s_10ns_26_1_0_U313                                         | -   |        | r_V_3175       | mul | fabric | 0       |
|       mul_16s_9ns_25_1_0_U246                                          | -   |        | r_V_3176       | mul | fabric | 0       |
|       mul_16s_10s_26_1_0_U641                                          | -   |        | r_V_3177       | mul | fabric | 0       |
|       mul_16s_12s_26_1_0_U156                                          | -   |        | mul_ln1270_87  | mul | fabric | 0       |
|       r_V_3178_fu_2992032_p2                                           | -   |        | r_V_3178       | add | fabric | 0       |
|       mul_16s_9ns_25_1_0_U157                                          | -   |        | r_V_3180       | mul | fabric | 0       |
|       mul_16s_11ns_26_1_0_U158                                         | -   |        | mul_ln1270_88  | mul | fabric | 0       |
|       r_V_3181_fu_2992110_p2                                           | -   |        | r_V_3181       | sub | fabric | 0       |
|       mul_16s_11s_26_1_0_U159                                          | -   |        | mul_ln1270_89  | mul | fabric | 0       |
|       mul_16s_11s_26_1_0_U350                                          | -   |        | mul_ln1270_90  | mul | fabric | 0       |
|       r_V_3182_fu_2992150_p2                                           | -   |        | r_V_3182       | sub | fabric | 0       |
|       mul_16s_6s_22_1_0_U138                                           | -   |        | r_V_3183       | mul | fabric | 0       |
|       r_V_3184_fu_2992184_p2                                           | -   |        | r_V_3184       | sub | fabric | 0       |
|       r_V_3187_fu_2992357_p2                                           | -   |        | r_V_3187       | sub | fabric | 0       |
|       mul_16s_6ns_22_1_0_U181                                          | -   |        | r_V_3188       | mul | fabric | 0       |
|       mul_16s_9s_25_1_0_U226                                           | -   |        | r_V_3189       | mul | fabric | 0       |
|       mul_16s_5ns_21_1_0_U289                                          | -   |        | r_V_3190       | mul | auto   | 0       |
|       r_V_3191_fu_2992459_p2                                           | -   |        | r_V_3191       | add | fabric | 0       |
|       mul_16s_10ns_26_1_0_U580                                         | -   |        | r_V_3192       | mul | fabric | 0       |
|       mul_16s_9s_25_1_0_U117                                           | -   |        | r_V_3193       | mul | fabric | 0       |
|       mul_16s_10s_26_1_0_U160                                          | -   |        | r_V_3194       | mul | fabric | 0       |
|       mul_16s_10s_26_1_0_U200                                          | -   |        | r_V_3195       | mul | fabric | 0       |
|       mul_16s_8s_24_1_0_U500                                           | -   |        | r_V_3196       | mul | fabric | 0       |
|       mul_16s_10s_26_1_0_U299                                          | -   |        | r_V_3197       | mul | fabric | 0       |
|       mul_16s_8ns_24_1_0_U340                                          | -   |        | r_V_3198       | mul | fabric | 0       |
|       mul_16s_8s_24_1_0_U128                                           | -   |        | r_V_3199       | mul | fabric | 0       |
|       mul_16s_10s_26_1_0_U427                                          | -   |        | r_V_3200       | mul | fabric | 0       |
|       mul_16s_9ns_25_1_0_U726                                          | -   |        | r_V_3201       | mul | fabric | 0       |
|       mul_16s_7ns_23_1_0_U18                                           | -   |        | r_V_3202       | mul | fabric | 0       |
|       r_V_3203_fu_2992643_p2                                           | -   |        | r_V_3203       | sub | fabric | 0       |
|       mul_16s_9s_25_1_0_U728                                           | -   |        | r_V_3204       | mul | fabric | 0       |
|       mul_16s_10ns_26_1_0_U711                                         | -   |        | r_V_3206       | mul | fabric | 0       |
|       mul_16s_7ns_23_1_0_U21                                           | -   |        | r_V_3207       | mul | fabric | 0       |
|       mul_16s_9ns_25_1_0_U731                                          | -   |        | r_V_3208       | mul | fabric | 0       |
|       r_V_3209_fu_2992773_p2                                           | -   |        | r_V_3209       | sub | fabric | 0       |
|       mul_16s_10ns_26_1_0_U23                                          | -   |        | r_V_3210       | mul | fabric | 0       |
|       mul_16s_9ns_25_1_0_U248                                          | -   |        | r_V_3211       | mul | fabric | 0       |
|       mul_16s_10ns_26_1_0_U249                                         | -   |        | r_V_3212       | mul | fabric | 0       |
|       mul_16s_10s_26_1_0_U684                                          | -   |        | r_V_3213       | mul | fabric | 0       |
|       r_V_3214_fu_2992837_p2                                           | -   |        | r_V_3214       | add | fabric | 0       |
|       mul_16s_6s_22_1_0_U60                                            | -   |        | r_V_3215       | mul | fabric | 0       |
|       mul_16s_10s_26_1_0_U61                                           | -   |        | r_V_3216       | mul | fabric | 0       |
|       mul_16s_9s_25_1_0_U687                                           | -   |        | r_V_3217       | mul | fabric | 0       |
|       r_V_3218_fu_2992895_p2                                           | -   |        | r_V_3218       | add | fabric | 0       |
|       mul_16s_10ns_26_1_0_U161                                         | -   |        | r_V_3219       | mul | fabric | 0       |
|       mul_16s_11ns_26_1_0_U598                                         | -   |        | mul_ln1270_91  | mul | fabric | 0       |
|       mul_16s_11ns_26_1_0_U642                                         | -   |        | mul_ln1270_92  | mul | fabric | 0       |
|       mul_16s_7s_23_1_0_U176                                           | -   |        | r_V_3220       | mul | fabric | 0       |
|       mul_16s_7s_23_1_0_U218                                           | -   |        | r_V_3221       | mul | fabric | 0       |
|       mul_16s_8ns_24_1_0_U266                                          | -   |        | r_V_3222       | mul | fabric | 0       |
|       r_V_3223_fu_2992995_p2                                           | -   |        | r_V_3223       | add | fabric | 0       |
|       mul_16s_9ns_25_1_0_U571                                          | -   |        | r_V_3224       | mul | fabric | 0       |
|       mul_16s_10ns_26_1_0_U358                                         | -   |        | r_V_3225       | mul | fabric | 0       |
|       mul_16s_9s_25_1_0_U665                                           | -   |        | r_V_3226       | mul | fabric | 0       |
|       mul_16s_9s_25_1_0_U192                                           | -   |        | r_V_3227       | mul | fabric | 0       |
|       mul_16s_10s_26_1_0_U247                                          | -   |        | r_V_3228       | mul | fabric | 0       |
|       mul_16s_10s_26_1_0_U39                                           | -   |        | r_V_3229       | mul | fabric | 0       |
|       mul_16s_10ns_26_1_0_U590                                         | -   |        | r_V_3230       | mul | fabric | 0       |
|       r_V_3231_fu_2993097_p2                                           | -   |        | r_V_3231       | sub | fabric | 0       |
|       mul_16s_9s_25_1_0_U380                                           | -   |        | r_V_3232       | mul | fabric | 0       |
|       mul_16s_10ns_26_1_0_U170                                         | -   |        | r_V_3233       | mul | fabric | 0       |
|       mul_16s_7ns_23_1_0_U423                                          | -   |        | r_V_3234       | mul | fabric | 0       |
|       mul_16s_9s_25_1_0_U424                                           | -   |        | r_V_3235       | mul | fabric | 0       |
|       mul_16s_7s_23_1_0_U403                                           | -   |        | r_V_3236       | mul | fabric | 0       |
|       mul_16s_9ns_25_1_0_U413                                          | -   |        | r_V_3237       | mul | fabric | 0       |
|       mul_16s_9ns_25_1_0_U414                                          | -   |        | r_V_3238       | mul | fabric | 0       |
|       mul_16s_10s_26_1_0_U440                                          | -   |        | r_V_3239       | mul | fabric | 0       |
|       r_V_3240_fu_2993231_p2                                           | -   |        | r_V_3240       | sub | fabric | 0       |
|       mul_16s_6ns_22_1_0_U416                                          | -   |        | r_V_3241       | mul | fabric | 0       |
|       add_ln813_fu_2993265_p2                                          | -   |        | add_ln813      | add | fabric | 0       |
|       add_ln813_2735_fu_2993275_p2                                     | -   |        | add_ln813_2735 | add | fabric | 0       |
|       add_ln813_2738_fu_2993281_p2                                     | -   |        | add_ln813_2738 | add | fabric | 0       |
|       add_ln813_2741_fu_2993287_p2                                     | -   |        | add_ln813_2741 | add | fabric | 0       |
|       add_ln813_2742_fu_2993293_p2                                     | -   |        | add_ln813_2742 | add | fabric | 0       |
|       add_ln813_2744_fu_2993299_p2                                     | -   |        | add_ln813_2744 | add | fabric | 0       |
|       add_ln813_2745_fu_2993309_p2                                     | -   |        | add_ln813_2745 | add | fabric | 0       |
|       add_ln813_2746_fu_2993319_p2                                     | -   |        | add_ln813_2746 | add | fabric | 0       |
|       add_ln813_2750_fu_2993325_p2                                     | -   |        | add_ln813_2750 | add | fabric | 0       |
|       add_ln813_2753_fu_2993331_p2                                     | -   |        | add_ln813_2753 | add | fabric | 0       |
|       add_ln813_2756_fu_2993337_p2                                     | -   |        | add_ln813_2756 | add | fabric | 0       |
|       add_ln813_2757_fu_2993343_p2                                     | -   |        | add_ln813_2757 | add | fabric | 0       |
|       add_ln813_2759_fu_2993349_p2                                     | -   |        | add_ln813_2759 | add | fabric | 0       |
|       add_ln813_2760_fu_2993359_p2                                     | -   |        | add_ln813_2760 | add | fabric | 0       |
|       add_ln813_2761_fu_2993369_p2                                     | -   |        | add_ln813_2761 | add | fabric | 0       |
|       add_ln813_2762_fu_2993379_p2                                     | -   |        | add_ln813_2762 | add | fabric | 0       |
|       add_ln813_2766_fu_2993385_p2                                     | -   |        | add_ln813_2766 | add | fabric | 0       |
|       add_ln813_2769_fu_2993391_p2                                     | -   |        | add_ln813_2769 | add | fabric | 0       |
|       add_ln813_2772_fu_2993397_p2                                     | -   |        | add_ln813_2772 | add | fabric | 0       |
|       add_ln813_2773_fu_2993403_p2                                     | -   |        | add_ln813_2773 | add | fabric | 0       |
|       add_ln813_2776_fu_2993415_p2                                     | -   |        | add_ln813_2776 | add | fabric | 0       |
|       add_ln813_2777_fu_2993425_p2                                     | -   |        | add_ln813_2777 | add | fabric | 0       |
|       add_ln813_2781_fu_2993441_p2                                     | -   |        | add_ln813_2781 | add | fabric | 0       |
|       add_ln813_2783_fu_2993451_p2                                     | -   |        | add_ln813_2783 | add | fabric | 0       |
|       add_ln813_2786_fu_2993457_p2                                     | -   |        | add_ln813_2786 | add | fabric | 0       |
|       add_ln813_2789_fu_2993463_p2                                     | -   |        | add_ln813_2789 | add | fabric | 0       |
|       add_ln813_2790_fu_2993469_p2                                     | -   |        | add_ln813_2790 | add | fabric | 0       |
|       add_ln813_2792_fu_2993475_p2                                     | -   |        | add_ln813_2792 | add | fabric | 0       |
|       add_ln813_2793_fu_2993485_p2                                     | -   |        | add_ln813_2793 | add | fabric | 0       |
|       add_ln813_2794_fu_2993495_p2                                     | -   |        | add_ln813_2794 | add | fabric | 0       |
|       add_ln813_2800_fu_2993513_p2                                     | -   |        | add_ln813_2800 | add | fabric | 0       |
|       add_ln813_2803_fu_2993519_p2                                     | -   |        | add_ln813_2803 | add | fabric | 0       |
|       add_ln813_2804_fu_2993525_p2                                     | -   |        | add_ln813_2804 | add | fabric | 0       |
|       add_ln813_2806_fu_2993531_p2                                     | -   |        | add_ln813_2806 | add | fabric | 0       |
|       add_ln813_2807_fu_2993541_p2                                     | -   |        | add_ln813_2807 | add | fabric | 0       |
|       add_ln813_2808_fu_2993551_p2                                     | -   |        | add_ln813_2808 | add | fabric | 0       |
|       add_ln813_2812_fu_2993557_p2                                     | -   |        | add_ln813_2812 | add | fabric | 0       |
|       add_ln813_2815_fu_2993563_p2                                     | -   |        | add_ln813_2815 | add | fabric | 0       |
|       add_ln813_2818_fu_2993569_p2                                     | -   |        | add_ln813_2818 | add | fabric | 0       |
|       add_ln813_2819_fu_2993575_p2                                     | -   |        | add_ln813_2819 | add | fabric | 0       |
|       add_ln813_2821_fu_2993581_p2                                     | -   |        | add_ln813_2821 | add | fabric | 0       |
|       add_ln813_2822_fu_2993591_p2                                     | -   |        | add_ln813_2822 | add | fabric | 0       |
|       add_ln813_2823_fu_2993601_p2                                     | -   |        | add_ln813_2823 | add | fabric | 0       |
|       add_ln813_2824_fu_2993611_p2                                     | -   |        | add_ln813_2824 | add | fabric | 0       |
|       add_ln813_2828_fu_2993617_p2                                     | -   |        | add_ln813_2828 | add | fabric | 0       |
|       add_ln813_2831_fu_2993623_p2                                     | -   |        | add_ln813_2831 | add | fabric | 0       |
|       add_ln813_2834_fu_2993629_p2                                     | -   |        | add_ln813_2834 | add | fabric | 0       |
|       add_ln813_2835_fu_2993635_p2                                     | -   |        | add_ln813_2835 | add | fabric | 0       |
|       add_ln813_2838_fu_2993641_p2                                     | -   |        | add_ln813_2838 | add | fabric | 0       |
|       add_ln813_2839_fu_2993651_p2                                     | -   |        | add_ln813_2839 | add | fabric | 0       |
|       add_ln813_2844_fu_2993657_p2                                     | -   |        | add_ln813_2844 | add | fabric | 0       |
|       add_ln813_2847_fu_2993663_p2                                     | -   |        | add_ln813_2847 | add | fabric | 0       |
|       add_ln813_2850_fu_2993669_p2                                     | -   |        | add_ln813_2850 | add | fabric | 0       |
|       add_ln813_2851_fu_2993675_p2                                     | -   |        | add_ln813_2851 | add | fabric | 0       |
|       add_ln813_2853_fu_2993681_p2                                     | -   |        | add_ln813_2853 | add | fabric | 0       |
|       add_ln813_2854_fu_2993691_p2                                     | -   |        | add_ln813_2854 | add | fabric | 0       |
|       add_ln813_2855_fu_2993701_p2                                     | -   |        | add_ln813_2855 | add | fabric | 0       |
|       add_ln813_2859_fu_2993707_p2                                     | -   |        | add_ln813_2859 | add | fabric | 0       |
|       add_ln813_2862_fu_2993713_p2                                     | -   |        | add_ln813_2862 | add | fabric | 0       |
|       add_ln813_2865_fu_2993719_p2                                     | -   |        | add_ln813_2865 | add | fabric | 0       |
|       add_ln813_2866_fu_2993725_p2                                     | -   |        | add_ln813_2866 | add | fabric | 0       |
|       add_ln813_2869_fu_2993737_p2                                     | -   |        | add_ln813_2869 | add | fabric | 0       |
|       add_ln813_2870_fu_2993747_p2                                     | -   |        | add_ln813_2870 | add | fabric | 0       |
|       add_ln813_2875_fu_2993763_p2                                     | -   |        | add_ln813_2875 | add | fabric | 0       |
|       add_ln813_2878_fu_2993769_p2                                     | -   |        | add_ln813_2878 | add | fabric | 0       |
|       add_ln813_2881_fu_2993775_p2                                     | -   |        | add_ln813_2881 | add | fabric | 0       |
|       add_ln813_2882_fu_2993781_p2                                     | -   |        | add_ln813_2882 | add | fabric | 0       |
|       add_ln813_2885_fu_2993793_p2                                     | -   |        | add_ln813_2885 | add | fabric | 0       |
|       add_ln813_2886_fu_2993803_p2                                     | -   |        | add_ln813_2886 | add | fabric | 0       |
|       add_ln813_2893_fu_2993831_p2                                     | -   |        | add_ln813_2893 | add | fabric | 0       |
|       add_ln813_2896_fu_2993837_p2                                     | -   |        | add_ln813_2896 | add | fabric | 0       |
|       add_ln813_2899_fu_2993849_p2                                     | -   |        | add_ln813_2899 | add | fabric | 0       |
|       add_ln813_2904_fu_2993865_p2                                     | -   |        | add_ln813_2904 | add | fabric | 0       |
|       add_ln813_2907_fu_2993871_p2                                     | -   |        | add_ln813_2907 | add | fabric | 0       |
|       add_ln813_2910_fu_2993877_p2                                     | -   |        | add_ln813_2910 | add | fabric | 0       |
|       add_ln813_2911_fu_2993883_p2                                     | -   |        | add_ln813_2911 | add | fabric | 0       |
|       add_ln813_2913_fu_2993889_p2                                     | -   |        | add_ln813_2913 | add | fabric | 0       |
|       add_ln813_2914_fu_2993899_p2                                     | -   |        | add_ln813_2914 | add | fabric | 0       |
|       add_ln813_2915_fu_2993909_p2                                     | -   |        | add_ln813_2915 | add | fabric | 0       |
|       add_ln813_2919_fu_2993915_p2                                     | -   |        | add_ln813_2919 | add | fabric | 0       |
|       add_ln813_2922_fu_2993921_p2                                     | -   |        | add_ln813_2922 | add | fabric | 0       |
|       add_ln813_2925_fu_2993927_p2                                     | -   |        | add_ln813_2925 | add | fabric | 0       |
|       add_ln813_2926_fu_2993933_p2                                     | -   |        | add_ln813_2926 | add | fabric | 0       |
|       add_ln813_2928_fu_2993939_p2                                     | -   |        | add_ln813_2928 | add | fabric | 0       |
|       add_ln813_2929_fu_2993949_p2                                     | -   |        | add_ln813_2929 | add | fabric | 0       |
|       add_ln813_2930_fu_2993959_p2                                     | -   |        | add_ln813_2930 | add | fabric | 0       |
|       add_ln813_2935_fu_2993977_p2                                     | -   |        | add_ln813_2935 | add | fabric | 0       |
|       add_ln813_2936_fu_2993987_p2                                     | -   |        | add_ln813_2936 | add | fabric | 0       |
|       add_ln813_2938_fu_2993993_p2                                     | -   |        | add_ln813_2938 | add | fabric | 0       |
|       add_ln813_2940_fu_2994009_p2                                     | -   |        | add_ln813_2940 | add | fabric | 0       |
|       add_ln813_2941_fu_2994019_p2                                     | -   |        | add_ln813_2941 | add | fabric | 0       |
|       add_ln813_2944_fu_2994035_p2                                     | -   |        | add_ln813_2944 | add | fabric | 0       |
|       add_ln813_2946_fu_2994045_p2                                     | -   |        | add_ln813_2946 | add | fabric | 0       |
|       add_ln813_2949_fu_2994051_p2                                     | -   |        | add_ln813_2949 | add | fabric | 0       |
|       add_ln813_2952_fu_2994057_p2                                     | -   |        | add_ln813_2952 | add | fabric | 0       |
|       add_ln813_2953_fu_2994063_p2                                     | -   |        | add_ln813_2953 | add | fabric | 0       |
|       add_ln813_2955_fu_2994069_p2                                     | -   |        | add_ln813_2955 | add | fabric | 0       |
|       add_ln813_2956_fu_2994079_p2                                     | -   |        | add_ln813_2956 | add | fabric | 0       |
|       add_ln813_2957_fu_2994089_p2                                     | -   |        | add_ln813_2957 | add | fabric | 0       |
|       add_ln813_2961_fu_2994095_p2                                     | -   |        | add_ln813_2961 | add | fabric | 0       |
|       add_ln813_2964_fu_2994101_p2                                     | -   |        | add_ln813_2964 | add | fabric | 0       |
|       add_ln813_2967_fu_2994107_p2                                     | -   |        | add_ln813_2967 | add | fabric | 0       |
|       add_ln813_2968_fu_2994113_p2                                     | -   |        | add_ln813_2968 | add | fabric | 0       |
|       add_ln813_2971_fu_2994125_p2                                     | -   |        | add_ln813_2971 | add | fabric | 0       |
|       add_ln813_2976_fu_2994141_p2                                     | -   |        | add_ln813_2976 | add | fabric | 0       |
|       add_ln813_2979_fu_2994153_p2                                     | -   |        | add_ln813_2979 | add | fabric | 0       |
|       add_ln813_2982_fu_2994169_p2                                     | -   |        | add_ln813_2982 | add | fabric | 0       |
|       add_ln813_2983_fu_2994175_p2                                     | -   |        | add_ln813_2983 | add | fabric | 0       |
|       add_ln813_2985_fu_2994181_p2                                     | -   |        | add_ln813_2985 | add | fabric | 0       |
|       add_ln813_2986_fu_2994191_p2                                     | -   |        | add_ln813_2986 | add | fabric | 0       |
|       add_ln813_2987_fu_2994201_p2                                     | -   |        | add_ln813_2987 | add | fabric | 0       |
|       add_ln813_2991_fu_2994207_p2                                     | -   |        | add_ln813_2991 | add | fabric | 0       |
|       add_ln813_2994_fu_2994213_p2                                     | -   |        | add_ln813_2994 | add | fabric | 0       |
|       add_ln813_2997_fu_2994219_p2                                     | -   |        | add_ln813_2997 | add | fabric | 0       |
|       add_ln813_2998_fu_2994225_p2                                     | -   |        | add_ln813_2998 | add | fabric | 0       |
|       add_ln813_3000_fu_2994231_p2                                     | -   |        | add_ln813_3000 | add | fabric | 0       |
|       add_ln813_3001_fu_2994241_p2                                     | -   |        | add_ln813_3001 | add | fabric | 0       |
|       add_ln813_3002_fu_2994251_p2                                     | -   |        | add_ln813_3002 | add | fabric | 0       |
|       add_ln813_3006_fu_2997793_p2                                     | -   |        | add_ln813_3006 | add | fabric | 0       |
|       add_ln813_3009_fu_2994257_p2                                     | -   |        | add_ln813_3009 | add | fabric | 0       |
|       add_ln813_3012_fu_2994263_p2                                     | -   |        | add_ln813_3012 | add | fabric | 0       |
|       add_ln813_3013_fu_2994269_p2                                     | -   |        | add_ln813_3013 | add | fabric | 0       |
|       add_ln813_3015_fu_2994275_p2                                     | -   |        | add_ln813_3015 | add | fabric | 0       |
|       add_ln813_3016_fu_2994281_p2                                     | -   |        | add_ln813_3016 | add | fabric | 0       |
|       add_ln813_3017_fu_2994291_p2                                     | -   |        | add_ln813_3017 | add | fabric | 0       |
|       add_ln813_3018_fu_2997833_p2                                     | -   |        | add_ln813_3018 | add | fabric | 0       |
|       add_ln813_3022_fu_2994297_p2                                     | -   |        | add_ln813_3022 | add | fabric | 0       |
|       add_ln813_3025_fu_2994303_p2                                     | -   |        | add_ln813_3025 | add | fabric | 0       |
|       add_ln813_3028_fu_2994309_p2                                     | -   |        | add_ln813_3028 | add | fabric | 0       |
|       add_ln813_3029_fu_2994315_p2                                     | -   |        | add_ln813_3029 | add | fabric | 0       |
|       add_ln813_3032_fu_2994327_p2                                     | -   |        | add_ln813_3032 | add | fabric | 0       |
|       add_ln813_3033_fu_2994337_p2                                     | -   |        | add_ln813_3033 | add | fabric | 0       |
|       add_ln813_3038_fu_2994353_p2                                     | -   |        | add_ln813_3038 | add | fabric | 0       |
|       add_ln813_3041_fu_2994359_p2                                     | -   |        | add_ln813_3041 | add | fabric | 0       |
|       add_ln813_3044_fu_2994365_p2                                     | -   |        | add_ln813_3044 | add | fabric | 0       |
|       add_ln813_3045_fu_2994371_p2                                     | -   |        | add_ln813_3045 | add | fabric | 0       |
|       add_ln813_3047_fu_2994377_p2                                     | -   |        | add_ln813_3047 | add | fabric | 0       |
|       add_ln813_3048_fu_2994387_p2                                     | -   |        | add_ln813_3048 | add | fabric | 0       |
|       add_ln813_3049_fu_2994397_p2                                     | -   |        | add_ln813_3049 | add | fabric | 0       |
|       add_ln813_3050_fu_2994407_p2                                     | -   |        | add_ln813_3050 | add | fabric | 0       |
|       add_ln813_3054_fu_2994413_p2                                     | -   |        | add_ln813_3054 | add | fabric | 0       |
|       add_ln813_3057_fu_2994419_p2                                     | -   |        | add_ln813_3057 | add | fabric | 0       |
|       add_ln813_3060_fu_2994425_p2                                     | -   |        | add_ln813_3060 | add | fabric | 0       |
|       add_ln813_3061_fu_2994431_p2                                     | -   |        | add_ln813_3061 | add | fabric | 0       |
|       add_ln813_3064_fu_2994443_p2                                     | -   |        | add_ln813_3064 | add | fabric | 0       |
|       add_ln813_3065_fu_2994453_p2                                     | -   |        | add_ln813_3065 | add | fabric | 0       |
|       add_ln813_3070_fu_2994469_p2                                     | -   |        | add_ln813_3070 | add | fabric | 0       |
|       add_ln813_3073_fu_2994475_p2                                     | -   |        | add_ln813_3073 | add | fabric | 0       |
|       add_ln813_3076_fu_2994481_p2                                     | -   |        | add_ln813_3076 | add | fabric | 0       |
|       add_ln813_3077_fu_2994487_p2                                     | -   |        | add_ln813_3077 | add | fabric | 0       |
|       add_ln813_3080_fu_2994499_p2                                     | -   |        | add_ln813_3080 | add | fabric | 0       |
|       add_ln813_3085_fu_2994515_p2                                     | -   |        | add_ln813_3085 | add | fabric | 0       |
|       add_ln813_3088_fu_2994521_p2                                     | -   |        | add_ln813_3088 | add | fabric | 0       |
|       add_ln813_3091_fu_2994527_p2                                     | -   |        | add_ln813_3091 | add | fabric | 0       |
|       add_ln813_3092_fu_2994533_p2                                     | -   |        | add_ln813_3092 | add | fabric | 0       |
|       add_ln813_3095_fu_2994539_p2                                     | -   |        | add_ln813_3095 | add | fabric | 0       |
|       add_ln813_3096_fu_2994549_p2                                     | -   |        | add_ln813_3096 | add | fabric | 0       |
|       add_ln813_3101_fu_2994555_p2                                     | -   |        | add_ln813_3101 | add | fabric | 0       |
|       add_ln813_3104_fu_2994561_p2                                     | -   |        | add_ln813_3104 | add | fabric | 0       |
|       add_ln813_3107_fu_2994567_p2                                     | -   |        | add_ln813_3107 | add | fabric | 0       |
|       add_ln813_3108_fu_2994573_p2                                     | -   |        | add_ln813_3108 | add | fabric | 0       |
|       add_ln813_3110_fu_2994579_p2                                     | -   |        | add_ln813_3110 | add | fabric | 0       |
|       add_ln813_3111_fu_2994589_p2                                     | -   |        | add_ln813_3111 | add | fabric | 0       |
|       add_ln813_3112_fu_2994599_p2                                     | -   |        | add_ln813_3112 | add | fabric | 0       |
|       add_ln813_3113_fu_2994609_p2                                     | -   |        | add_ln813_3113 | add | fabric | 0       |
|       add_ln813_3117_fu_2994615_p2                                     | -   |        | add_ln813_3117 | add | fabric | 0       |
|       add_ln813_3120_fu_2994621_p2                                     | -   |        | add_ln813_3120 | add | fabric | 0       |
|       add_ln813_3123_fu_2994627_p2                                     | -   |        | add_ln813_3123 | add | fabric | 0       |
|       add_ln813_3124_fu_2994633_p2                                     | -   |        | add_ln813_3124 | add | fabric | 0       |
|       add_ln813_3126_fu_2994639_p2                                     | -   |        | add_ln813_3126 | add | fabric | 0       |
|       add_ln813_3127_fu_2994649_p2                                     | -   |        | add_ln813_3127 | add | fabric | 0       |
|       add_ln813_3128_fu_2994659_p2                                     | -   |        | add_ln813_3128 | add | fabric | 0       |
|       add_ln813_3129_fu_2994669_p2                                     | -   |        | add_ln813_3129 | add | fabric | 0       |
|       add_ln813_3133_fu_2994675_p2                                     | -   |        | add_ln813_3133 | add | fabric | 0       |
|       add_ln813_3136_fu_2994681_p2                                     | -   |        | add_ln813_3136 | add | fabric | 0       |
|       add_ln813_3139_fu_2994687_p2                                     | -   |        | add_ln813_3139 | add | fabric | 0       |
|       add_ln813_3140_fu_2994693_p2                                     | -   |        | add_ln813_3140 | add | fabric | 0       |
|       add_ln813_3142_fu_2994699_p2                                     | -   |        | add_ln813_3142 | add | fabric | 0       |
|       add_ln813_3143_fu_2994705_p2                                     | -   |        | add_ln813_3143 | add | fabric | 0       |
|       add_ln813_3144_fu_2994715_p2                                     | -   |        | add_ln813_3144 | add | fabric | 0       |
|       add_ln813_3145_fu_2998228_p2                                     | -   |        | add_ln813_3145 | add | fabric | 0       |
|       add_ln813_3149_fu_2994721_p2                                     | -   |        | add_ln813_3149 | add | fabric | 0       |
|       add_ln813_3152_fu_2994727_p2                                     | -   |        | add_ln813_3152 | add | fabric | 0       |
|       add_ln813_3155_fu_2998274_p2                                     | -   |        | add_ln813_3155 | add | fabric | 0       |
|       add_ln813_3156_fu_2994733_p2                                     | -   |        | add_ln813_3156 | add | fabric | 0       |
|       add_ln813_3159_fu_2994745_p2                                     | -   |        | add_ln813_3159 | add | fabric | 0       |
|       add_ln813_3164_fu_2994761_p2                                     | -   |        | add_ln813_3164 | add | fabric | 0       |
|       add_ln813_3167_fu_2994767_p2                                     | -   |        | add_ln813_3167 | add | fabric | 0       |
|       add_ln813_3170_fu_2994773_p2                                     | -   |        | add_ln813_3170 | add | fabric | 0       |
|       add_ln813_3171_fu_2994779_p2                                     | -   |        | add_ln813_3171 | add | fabric | 0       |
|       add_ln813_3173_fu_2994785_p2                                     | -   |        | add_ln813_3173 | add | fabric | 0       |
|       add_ln813_3174_fu_2994795_p2                                     | -   |        | add_ln813_3174 | add | fabric | 0       |
|       add_ln813_3175_fu_2994805_p2                                     | -   |        | add_ln813_3175 | add | fabric | 0       |
|       add_ln813_3179_fu_2994811_p2                                     | -   |        | add_ln813_3179 | add | fabric | 0       |
|       add_ln813_3182_fu_2994817_p2                                     | -   |        | add_ln813_3182 | add | fabric | 0       |
|       add_ln813_3185_fu_2994823_p2                                     | -   |        | add_ln813_3185 | add | fabric | 0       |
|       add_ln813_3186_fu_2994829_p2                                     | -   |        | add_ln813_3186 | add | fabric | 0       |
|       add_ln813_3188_fu_2994835_p2                                     | -   |        | add_ln813_3188 | add | fabric | 0       |
|       add_ln813_3189_fu_2994841_p2                                     | -   |        | add_ln813_3189 | add | fabric | 0       |
|       add_ln813_3190_fu_2994851_p2                                     | -   |        | add_ln813_3190 | add | fabric | 0       |
|       add_ln813_3191_fu_2998381_p2                                     | -   |        | add_ln813_3191 | add | fabric | 0       |
|       add_ln813_3195_fu_2994857_p2                                     | -   |        | add_ln813_3195 | add | fabric | 0       |
|       add_ln813_3198_fu_2994863_p2                                     | -   |        | add_ln813_3198 | add | fabric | 0       |
|       add_ln813_3201_fu_2994869_p2                                     | -   |        | add_ln813_3201 | add | fabric | 0       |
|       add_ln813_3202_fu_2994875_p2                                     | -   |        | add_ln813_3202 | add | fabric | 0       |
|       add_ln813_3205_fu_2994887_p2                                     | -   |        | add_ln813_3205 | add | fabric | 0       |
|       add_ln813_3210_fu_2998452_p2                                     | -   |        | add_ln813_3210 | add | fabric | 0       |
|       add_ln813_3213_fu_2994903_p2                                     | -   |        | add_ln813_3213 | add | fabric | 0       |
|       add_ln813_3216_fu_2994909_p2                                     | -   |        | add_ln813_3216 | add | fabric | 0       |
|       add_ln813_3217_fu_2994915_p2                                     | -   |        | add_ln813_3217 | add | fabric | 0       |
|       add_ln813_3219_fu_2994921_p2                                     | -   |        | add_ln813_3219 | add | fabric | 0       |
|       add_ln813_3220_fu_2994931_p2                                     | -   |        | add_ln813_3220 | add | fabric | 0       |
|       add_ln813_3221_fu_2994941_p2                                     | -   |        | add_ln813_3221 | add | fabric | 0       |
|       add_ln813_3225_fu_2994947_p2                                     | -   |        | add_ln813_3225 | add | fabric | 0       |
|       add_ln813_3228_fu_2994953_p2                                     | -   |        | add_ln813_3228 | add | fabric | 0       |
|       add_ln813_3231_fu_2994959_p2                                     | -   |        | add_ln813_3231 | add | fabric | 0       |
|       add_ln813_3232_fu_2994965_p2                                     | -   |        | add_ln813_3232 | add | fabric | 0       |
|       add_ln813_3234_fu_2994971_p2                                     | -   |        | add_ln813_3234 | add | fabric | 0       |
|       add_ln813_3235_fu_2994981_p2                                     | -   |        | add_ln813_3235 | add | fabric | 0       |
|       add_ln813_3236_fu_2994991_p2                                     | -   |        | add_ln813_3236 | add | fabric | 0       |
|       add_ln813_3237_fu_2995001_p2                                     | -   |        | add_ln813_3237 | add | fabric | 0       |
|       add_ln813_3241_fu_2995007_p2                                     | -   |        | add_ln813_3241 | add | fabric | 0       |
|       add_ln813_3244_fu_2995013_p2                                     | -   |        | add_ln813_3244 | add | fabric | 0       |
|       add_ln813_3247_fu_2995019_p2                                     | -   |        | add_ln813_3247 | add | fabric | 0       |
|       add_ln813_3248_fu_2995025_p2                                     | -   |        | add_ln813_3248 | add | fabric | 0       |
|       add_ln813_3250_fu_2995031_p2                                     | -   |        | add_ln813_3250 | add | fabric | 0       |
|       add_ln813_3251_fu_2995041_p2                                     | -   |        | add_ln813_3251 | add | fabric | 0       |
|       add_ln813_3252_fu_2995051_p2                                     | -   |        | add_ln813_3252 | add | fabric | 0       |
|       add_ln813_3253_fu_2995061_p2                                     | -   |        | add_ln813_3253 | add | fabric | 0       |
|       add_ln813_3257_fu_2995067_p2                                     | -   |        | add_ln813_3257 | add | fabric | 0       |
|       add_ln813_3260_fu_2995073_p2                                     | -   |        | add_ln813_3260 | add | fabric | 0       |
|       add_ln813_3263_fu_2995079_p2                                     | -   |        | add_ln813_3263 | add | fabric | 0       |
|       add_ln813_3264_fu_2995085_p2                                     | -   |        | add_ln813_3264 | add | fabric | 0       |
|       add_ln813_3267_fu_2995097_p2                                     | -   |        | add_ln813_3267 | add | fabric | 0       |
|       add_ln813_3272_fu_2995113_p2                                     | -   |        | add_ln813_3272 | add | fabric | 0       |
|       add_ln813_3275_fu_2995119_p2                                     | -   |        | add_ln813_3275 | add | fabric | 0       |
|       add_ln813_3278_fu_2995125_p2                                     | -   |        | add_ln813_3278 | add | fabric | 0       |
|       add_ln813_3279_fu_2995131_p2                                     | -   |        | add_ln813_3279 | add | fabric | 0       |
|       add_ln813_3281_fu_2995137_p2                                     | -   |        | add_ln813_3281 | add | fabric | 0       |
|       add_ln813_3282_fu_2995147_p2                                     | -   |        | add_ln813_3282 | add | fabric | 0       |
|       add_ln813_3283_fu_2995157_p2                                     | -   |        | add_ln813_3283 | add | fabric | 0       |
|       add_ln813_3284_fu_2995167_p2                                     | -   |        | add_ln813_3284 | add | fabric | 0       |
|       add_ln813_3288_fu_2995173_p2                                     | -   |        | add_ln813_3288 | add | fabric | 0       |
|       add_ln813_3291_fu_2995179_p2                                     | -   |        | add_ln813_3291 | add | fabric | 0       |
|       add_ln813_3295_fu_2995191_p2                                     | -   |        | add_ln813_3295 | add | fabric | 0       |
|       add_ln813_3297_fu_2995207_p2                                     | -   |        | add_ln813_3297 | add | fabric | 0       |
|       add_ln813_3298_fu_2995217_p2                                     | -   |        | add_ln813_3298 | add | fabric | 0       |
|       add_ln813_3299_fu_2995227_p2                                     | -   |        | add_ln813_3299 | add | fabric | 0       |
|       add_ln813_3300_fu_2998740_p2                                     | -   |        | add_ln813_3300 | add | fabric | 0       |
|       add_ln813_3303_fu_2995233_p2                                     | -   |        | add_ln813_3303 | add | fabric | 0       |
|       add_ln813_3306_fu_2995239_p2                                     | -   |        | add_ln813_3306 | add | fabric | 0       |
|       add_ln813_3309_fu_2995245_p2                                     | -   |        | add_ln813_3309 | add | fabric | 0       |
|       add_ln813_3310_fu_2995251_p2                                     | -   |        | add_ln813_3310 | add | fabric | 0       |
|       add_ln813_3313_fu_2995257_p2                                     | -   |        | add_ln813_3313 | add | fabric | 0       |
|       add_ln813_3314_fu_2995267_p2                                     | -   |        | add_ln813_3314 | add | fabric | 0       |
|       add_ln813_3319_fu_2995273_p2                                     | -   |        | add_ln813_3319 | add | fabric | 0       |
|       add_ln813_3322_fu_2995279_p2                                     | -   |        | add_ln813_3322 | add | fabric | 0       |
|       add_ln813_3325_fu_2995285_p2                                     | -   |        | add_ln813_3325 | add | fabric | 0       |
|       add_ln813_3326_fu_2995291_p2                                     | -   |        | add_ln813_3326 | add | fabric | 0       |
|       add_ln813_3328_fu_2995297_p2                                     | -   |        | add_ln813_3328 | add | fabric | 0       |
|       add_ln813_3329_fu_2995307_p2                                     | -   |        | add_ln813_3329 | add | fabric | 0       |
|       add_ln813_3330_fu_2995317_p2                                     | -   |        | add_ln813_3330 | add | fabric | 0       |
|       add_ln813_3331_fu_2995327_p2                                     | -   |        | add_ln813_3331 | add | fabric | 0       |
|       add_ln813_3337_fu_2995345_p2                                     | -   |        | add_ln813_3337 | add | fabric | 0       |
|       add_ln813_3340_fu_2995351_p2                                     | -   |        | add_ln813_3340 | add | fabric | 0       |
|       add_ln813_3341_fu_2995357_p2                                     | -   |        | add_ln813_3341 | add | fabric | 0       |
|       add_ln813_3344_fu_2995369_p2                                     | -   |        | add_ln813_3344 | add | fabric | 0       |
|       add_ln813_3349_fu_2995385_p2                                     | -   |        | add_ln813_3349 | add | fabric | 0       |
|       add_ln813_3352_fu_2995391_p2                                     | -   |        | add_ln813_3352 | add | fabric | 0       |
|       add_ln813_3355_fu_2995397_p2                                     | -   |        | add_ln813_3355 | add | fabric | 0       |
|       add_ln813_3356_fu_2995403_p2                                     | -   |        | add_ln813_3356 | add | fabric | 0       |
|       add_ln813_3358_fu_2995409_p2                                     | -   |        | add_ln813_3358 | add | fabric | 0       |
|       add_ln813_3359_fu_2995419_p2                                     | -   |        | add_ln813_3359 | add | fabric | 0       |
|       add_ln813_3360_fu_2995429_p2                                     | -   |        | add_ln813_3360 | add | fabric | 0       |
|       add_ln813_3361_fu_2995439_p2                                     | -   |        | add_ln813_3361 | add | fabric | 0       |
|       add_ln813_3367_fu_2995457_p2                                     | -   |        | add_ln813_3367 | add | fabric | 0       |
|       add_ln813_3370_fu_2995463_p2                                     | -   |        | add_ln813_3370 | add | fabric | 0       |
|       add_ln813_3371_fu_2995469_p2                                     | -   |        | add_ln813_3371 | add | fabric | 0       |
|       add_ln813_3374_fu_2995481_p2                                     | -   |        | add_ln813_3374 | add | fabric | 0       |
|       add_ln813_3379_fu_2995497_p2                                     | -   |        | add_ln813_3379 | add | fabric | 0       |
|       add_ln813_3382_fu_2995503_p2                                     | -   |        | add_ln813_3382 | add | fabric | 0       |
|       add_ln813_3385_fu_2995509_p2                                     | -   |        | add_ln813_3385 | add | fabric | 0       |
|       add_ln813_3386_fu_2995515_p2                                     | -   |        | add_ln813_3386 | add | fabric | 0       |
|       add_ln813_3388_fu_2995521_p2                                     | -   |        | add_ln813_3388 | add | fabric | 0       |
|       add_ln813_3389_fu_2995531_p2                                     | -   |        | add_ln813_3389 | add | fabric | 0       |
|       add_ln813_3390_fu_2995541_p2                                     | -   |        | add_ln813_3390 | add | fabric | 0       |
|       add_ln813_3396_fu_2995559_p2                                     | -   |        | add_ln813_3396 | add | fabric | 0       |
|       add_ln813_3399_fu_2995565_p2                                     | -   |        | add_ln813_3399 | add | fabric | 0       |
|       add_ln813_3402_fu_2995577_p2                                     | -   |        | add_ln813_3402 | add | fabric | 0       |
|       add_ln813_3407_fu_2995593_p2                                     | -   |        | add_ln813_3407 | add | fabric | 0       |
|       add_ln813_3410_fu_2995599_p2                                     | -   |        | add_ln813_3410 | add | fabric | 0       |
|       add_ln813_3413_fu_2995605_p2                                     | -   |        | add_ln813_3413 | add | fabric | 0       |
|       add_ln813_3414_fu_2995611_p2                                     | -   |        | add_ln813_3414 | add | fabric | 0       |
|       add_ln813_3416_fu_2995617_p2                                     | -   |        | add_ln813_3416 | add | fabric | 0       |
|       add_ln813_3417_fu_2995627_p2                                     | -   |        | add_ln813_3417 | add | fabric | 0       |
|       add_ln813_3418_fu_2995637_p2                                     | -   |        | add_ln813_3418 | add | fabric | 0       |
|       add_ln813_3419_fu_2995647_p2                                     | -   |        | add_ln813_3419 | add | fabric | 0       |
|       add_ln813_3423_fu_2995653_p2                                     | -   |        | add_ln813_3423 | add | fabric | 0       |
|       add_ln813_3426_fu_2995659_p2                                     | -   |        | add_ln813_3426 | add | fabric | 0       |
|       add_ln813_3429_fu_2995665_p2                                     | -   |        | add_ln813_3429 | add | fabric | 0       |
|       add_ln813_3430_fu_2995671_p2                                     | -   |        | add_ln813_3430 | add | fabric | 0       |
|       add_ln813_3432_fu_2995677_p2                                     | -   |        | add_ln813_3432 | add | fabric | 0       |
|       add_ln813_3433_fu_2995687_p2                                     | -   |        | add_ln813_3433 | add | fabric | 0       |
|       add_ln813_3434_fu_2995697_p2                                     | -   |        | add_ln813_3434 | add | fabric | 0       |
|       add_ln813_3438_fu_2995703_p2                                     | -   |        | add_ln813_3438 | add | fabric | 0       |
|       add_ln813_3441_fu_2995709_p2                                     | -   |        | add_ln813_3441 | add | fabric | 0       |
|       add_ln813_3444_fu_2995715_p2                                     | -   |        | add_ln813_3444 | add | fabric | 0       |
|       add_ln813_3445_fu_2995721_p2                                     | -   |        | add_ln813_3445 | add | fabric | 0       |
|       add_ln813_3447_fu_2995727_p2                                     | -   |        | add_ln813_3447 | add | fabric | 0       |
|       add_ln813_3448_fu_2995737_p2                                     | -   |        | add_ln813_3448 | add | fabric | 0       |
|       add_ln813_3449_fu_2995747_p2                                     | -   |        | add_ln813_3449 | add | fabric | 0       |
|       add_ln813_3450_fu_2995757_p2                                     | -   |        | add_ln813_3450 | add | fabric | 0       |
|       add_ln813_3456_fu_2995775_p2                                     | -   |        | add_ln813_3456 | add | fabric | 0       |
|       add_ln813_3459_fu_2995781_p2                                     | -   |        | add_ln813_3459 | add | fabric | 0       |
|       add_ln813_3460_fu_2995787_p2                                     | -   |        | add_ln813_3460 | add | fabric | 0       |
|       add_ln813_3463_fu_2995799_p2                                     | -   |        | add_ln813_3463 | add | fabric | 0       |
|       add_ln813_3468_fu_2995815_p2                                     | -   |        | add_ln813_3468 | add | fabric | 0       |
|       add_ln813_3471_fu_2995821_p2                                     | -   |        | add_ln813_3471 | add | fabric | 0       |
|       add_ln813_3474_fu_2995827_p2                                     | -   |        | add_ln813_3474 | add | fabric | 0       |
|       add_ln813_3475_fu_2995833_p2                                     | -   |        | add_ln813_3475 | add | fabric | 0       |
|       add_ln813_3478_fu_2995845_p2                                     | -   |        | add_ln813_3478 | add | fabric | 0       |
|       add_ln813_3479_fu_2995855_p2                                     | -   |        | add_ln813_3479 | add | fabric | 0       |
|       add_ln813_3484_fu_2995871_p2                                     | -   |        | add_ln813_3484 | add | fabric | 0       |
|       add_ln813_3487_fu_2999306_p2                                     | -   |        | add_ln813_3487 | add | fabric | 0       |
|       add_ln813_3490_fu_2995877_p2                                     | -   |        | add_ln813_3490 | add | fabric | 0       |
|       add_ln813_3491_fu_2995883_p2                                     | -   |        | add_ln813_3491 | add | fabric | 0       |
|       add_ln813_3493_fu_2995889_p2                                     | -   |        | add_ln813_3493 | add | fabric | 0       |
|       add_ln813_3494_fu_2995899_p2                                     | -   |        | add_ln813_3494 | add | fabric | 0       |
|       add_ln813_3495_fu_2995909_p2                                     | -   |        | add_ln813_3495 | add | fabric | 0       |
|       add_ln813_3496_fu_2995919_p2                                     | -   |        | add_ln813_3496 | add | fabric | 0       |
|       add_ln813_3502_fu_2995937_p2                                     | -   |        | add_ln813_3502 | add | fabric | 0       |
|       add_ln813_3505_fu_2995943_p2                                     | -   |        | add_ln813_3505 | add | fabric | 0       |
|       add_ln813_3506_fu_2995949_p2                                     | -   |        | add_ln813_3506 | add | fabric | 0       |
|       add_ln813_3508_fu_2995955_p2                                     | -   |        | add_ln813_3508 | add | fabric | 0       |
|       add_ln813_3509_fu_2995965_p2                                     | -   |        | add_ln813_3509 | add | fabric | 0       |
|       add_ln813_3510_fu_2995975_p2                                     | -   |        | add_ln813_3510 | add | fabric | 0       |
|       add_ln813_3514_fu_2995981_p2                                     | -   |        | add_ln813_3514 | add | fabric | 0       |
|       add_ln813_3517_fu_2995987_p2                                     | -   |        | add_ln813_3517 | add | fabric | 0       |
|       add_ln813_3520_fu_2995993_p2                                     | -   |        | add_ln813_3520 | add | fabric | 0       |
|       add_ln813_3521_fu_2995999_p2                                     | -   |        | add_ln813_3521 | add | fabric | 0       |
|       add_ln813_3523_fu_2996005_p2                                     | -   |        | add_ln813_3523 | add | fabric | 0       |
|       add_ln813_3524_fu_2996015_p2                                     | -   |        | add_ln813_3524 | add | fabric | 0       |
|       add_ln813_3525_fu_2996025_p2                                     | -   |        | add_ln813_3525 | add | fabric | 0       |
|       add_ln813_3526_fu_2996035_p2                                     | -   |        | add_ln813_3526 | add | fabric | 0       |
|       add_ln813_3530_fu_2996041_p2                                     | -   |        | add_ln813_3530 | add | fabric | 0       |
|       add_ln813_3533_fu_2996047_p2                                     | -   |        | add_ln813_3533 | add | fabric | 0       |
|       add_ln813_3536_fu_2996053_p2                                     | -   |        | add_ln813_3536 | add | fabric | 0       |
|       add_ln813_3537_fu_2996059_p2                                     | -   |        | add_ln813_3537 | add | fabric | 0       |
|       add_ln813_3539_fu_2996065_p2                                     | -   |        | add_ln813_3539 | add | fabric | 0       |
|       add_ln813_3540_fu_2996075_p2                                     | -   |        | add_ln813_3540 | add | fabric | 0       |
|       add_ln813_3541_fu_2996085_p2                                     | -   |        | add_ln813_3541 | add | fabric | 0       |
|       add_ln813_3542_fu_2996095_p2                                     | -   |        | add_ln813_3542 | add | fabric | 0       |
|       add_ln813_3546_fu_2996101_p2                                     | -   |        | add_ln813_3546 | add | fabric | 0       |
|       add_ln813_3549_fu_2996107_p2                                     | -   |        | add_ln813_3549 | add | fabric | 0       |
|       add_ln813_3552_fu_2996113_p2                                     | -   |        | add_ln813_3552 | add | fabric | 0       |
|       add_ln813_3553_fu_2996119_p2                                     | -   |        | add_ln813_3553 | add | fabric | 0       |
|       add_ln813_3556_fu_2996131_p2                                     | -   |        | add_ln813_3556 | add | fabric | 0       |
|       add_ln813_3557_fu_2996141_p2                                     | -   |        | add_ln813_3557 | add | fabric | 0       |
|       add_ln813_3562_fu_2996157_p2                                     | -   |        | add_ln813_3562 | add | fabric | 0       |
|       add_ln813_3565_fu_2996163_p2                                     | -   |        | add_ln813_3565 | add | fabric | 0       |
|       add_ln813_3568_fu_2996169_p2                                     | -   |        | add_ln813_3568 | add | fabric | 0       |
|       add_ln813_3569_fu_2996175_p2                                     | -   |        | add_ln813_3569 | add | fabric | 0       |
|       add_ln813_3572_fu_2996187_p2                                     | -   |        | add_ln813_3572 | add | fabric | 0       |
|       add_ln813_3573_fu_2996197_p2                                     | -   |        | add_ln813_3573 | add | fabric | 0       |
|       add_ln813_3578_fu_2996213_p2                                     | -   |        | add_ln813_3578 | add | fabric | 0       |
|       add_ln813_3581_fu_2996219_p2                                     | -   |        | add_ln813_3581 | add | fabric | 0       |
|       add_ln813_3584_fu_2996225_p2                                     | -   |        | add_ln813_3584 | add | fabric | 0       |
|       add_ln813_3585_fu_2996231_p2                                     | -   |        | add_ln813_3585 | add | fabric | 0       |
|       add_ln813_3587_fu_2996237_p2                                     | -   |        | add_ln813_3587 | add | fabric | 0       |
|       add_ln813_3588_fu_2996247_p2                                     | -   |        | add_ln813_3588 | add | fabric | 0       |
|       add_ln813_3589_fu_2996257_p2                                     | -   |        | add_ln813_3589 | add | fabric | 0       |
|       add_ln813_3590_fu_2996267_p2                                     | -   |        | add_ln813_3590 | add | fabric | 0       |
|       add_ln813_3594_fu_2996273_p2                                     | -   |        | add_ln813_3594 | add | fabric | 0       |
|       add_ln813_3597_fu_2996279_p2                                     | -   |        | add_ln813_3597 | add | fabric | 0       |
|       add_ln813_3600_fu_2996285_p2                                     | -   |        | add_ln813_3600 | add | fabric | 0       |
|       add_ln813_3601_fu_2996291_p2                                     | -   |        | add_ln813_3601 | add | fabric | 0       |
|       add_ln813_3604_fu_2996303_p2                                     | -   |        | add_ln813_3604 | add | fabric | 0       |
|       add_ln813_3609_fu_2996319_p2                                     | -   |        | add_ln813_3609 | add | fabric | 0       |
|       add_ln813_3612_fu_2996325_p2                                     | -   |        | add_ln813_3612 | add | fabric | 0       |
|       add_ln813_3615_fu_2996331_p2                                     | -   |        | add_ln813_3615 | add | fabric | 0       |
|       add_ln813_3616_fu_2996337_p2                                     | -   |        | add_ln813_3616 | add | fabric | 0       |
|       add_ln813_3618_fu_2996343_p2                                     | -   |        | add_ln813_3618 | add | fabric | 0       |
|       add_ln813_3619_fu_2996353_p2                                     | -   |        | add_ln813_3619 | add | fabric | 0       |
|       add_ln813_3620_fu_2996363_p2                                     | -   |        | add_ln813_3620 | add | fabric | 0       |
|       add_ln813_3621_fu_2996373_p2                                     | -   |        | add_ln813_3621 | add | fabric | 0       |
|       add_ln813_3625_fu_2996379_p2                                     | -   |        | add_ln813_3625 | add | fabric | 0       |
|       add_ln813_3628_fu_2996385_p2                                     | -   |        | add_ln813_3628 | add | fabric | 0       |
|       add_ln813_3631_fu_2999747_p2                                     | -   |        | add_ln813_3631 | add | fabric | 0       |
|       add_ln813_3632_fu_2996391_p2                                     | -   |        | add_ln813_3632 | add | fabric | 0       |
|       add_ln813_3634_fu_2996397_p2                                     | -   |        | add_ln813_3634 | add | fabric | 0       |
|       add_ln813_3635_fu_2996407_p2                                     | -   |        | add_ln813_3635 | add | fabric | 0       |
|       add_ln813_3636_fu_2996417_p2                                     | -   |        | add_ln813_3636 | add | fabric | 0       |
|       add_ln813_3637_fu_2996427_p2                                     | -   |        | add_ln813_3637 | add | fabric | 0       |
|       add_ln813_3641_fu_2996433_p2                                     | -   |        | add_ln813_3641 | add | fabric | 0       |
|       add_ln813_3644_fu_2996439_p2                                     | -   |        | add_ln813_3644 | add | fabric | 0       |
|       add_ln813_3647_fu_2996445_p2                                     | -   |        | add_ln813_3647 | add | fabric | 0       |
|       add_ln813_3648_fu_2996451_p2                                     | -   |        | add_ln813_3648 | add | fabric | 0       |
|       add_ln813_3651_fu_2996463_p2                                     | -   |        | add_ln813_3651 | add | fabric | 0       |
|       add_ln813_3652_fu_2996473_p2                                     | -   |        | add_ln813_3652 | add | fabric | 0       |
|       add_ln813_3657_fu_2996489_p2                                     | -   |        | add_ln813_3657 | add | fabric | 0       |
|       add_ln813_3660_fu_2996495_p2                                     | -   |        | add_ln813_3660 | add | fabric | 0       |
|       add_ln813_3663_fu_2996501_p2                                     | -   |        | add_ln813_3663 | add | fabric | 0       |
|       add_ln813_3664_fu_2999844_p2                                     | -   |        | add_ln813_3664 | add | fabric | 0       |
|       add_ln813_3666_fu_2996507_p2                                     | -   |        | add_ln813_3666 | add | fabric | 0       |
|       add_ln813_3667_fu_2996517_p2                                     | -   |        | add_ln813_3667 | add | fabric | 0       |
|       add_ln813_3668_fu_2996527_p2                                     | -   |        | add_ln813_3668 | add | fabric | 0       |
|       add_ln813_3669_fu_2996537_p2                                     | -   |        | add_ln813_3669 | add | fabric | 0       |
|       add_ln813_3673_fu_2996543_p2                                     | -   |        | add_ln813_3673 | add | fabric | 0       |
|       add_ln813_3676_fu_2996549_p2                                     | -   |        | add_ln813_3676 | add | fabric | 0       |
|       add_ln813_3679_fu_2996555_p2                                     | -   |        | add_ln813_3679 | add | fabric | 0       |
|       add_ln813_3680_fu_2996561_p2                                     | -   |        | add_ln813_3680 | add | fabric | 0       |
|       add_ln813_3682_fu_2996567_p2                                     | -   |        | add_ln813_3682 | add | fabric | 0       |
|       add_ln813_3683_fu_2996577_p2                                     | -   |        | add_ln813_3683 | add | fabric | 0       |
|       add_ln813_3684_fu_2996587_p2                                     | -   |        | add_ln813_3684 | add | fabric | 0       |
|       add_ln813_3685_fu_2996597_p2                                     | -   |        | add_ln813_3685 | add | fabric | 0       |
|       add_ln813_3689_fu_2996603_p2                                     | -   |        | add_ln813_3689 | add | fabric | 0       |
|       add_ln813_3692_fu_2996609_p2                                     | -   |        | add_ln813_3692 | add | fabric | 0       |
|       add_ln813_3695_fu_2996615_p2                                     | -   |        | add_ln813_3695 | add | fabric | 0       |
|       add_ln813_3696_fu_2996621_p2                                     | -   |        | add_ln813_3696 | add | fabric | 0       |
|       add_ln813_3699_fu_2996633_p2                                     | -   |        | add_ln813_3699 | add | fabric | 0       |
|       add_ln813_3704_fu_2996649_p2                                     | -   |        | add_ln813_3704 | add | fabric | 0       |
|       add_ln813_3707_fu_2996655_p2                                     | -   |        | add_ln813_3707 | add | fabric | 0       |
|       add_ln813_3710_fu_2996661_p2                                     | -   |        | add_ln813_3710 | add | fabric | 0       |
|       add_ln813_3711_fu_2996667_p2                                     | -   |        | add_ln813_3711 | add | fabric | 0       |
|       add_ln813_3713_fu_2996673_p2                                     | -   |        | add_ln813_3713 | add | fabric | 0       |
|       add_ln813_3714_fu_2996683_p2                                     | -   |        | add_ln813_3714 | add | fabric | 0       |
|       add_ln813_3715_fu_2996693_p2                                     | -   |        | add_ln813_3715 | add | fabric | 0       |
|     + dense_latency_ap_fixed_16_6_5_3_0_ap_fixed_16_6_5_3_0_config5_s  | 0   |        |                |     |        |         |
|       mul_16s_9ns_25_1_0_U1131                                         | -   |        | r_V            | mul | fabric | 0       |
|       r_V_771_fu_9104616_p2                                            | -   |        | r_V_771        | sub | fabric | 0       |
|       mul_16s_9ns_25_1_0_U904                                          | -   |        | r_V_772        | mul | fabric | 0       |
|       mul_16s_10ns_26_1_0_U1892                                        | -   |        | r_V_773        | mul | fabric | 0       |
|       r_V_774_fu_9104672_p2                                            | -   |        | r_V_774        | sub | fabric | 0       |
|       r_V_775_fu_9104734_p2                                            | -   |        | r_V_775        | add | fabric | 0       |
|       mul_16s_7ns_23_1_0_U1645                                         | -   |        | r_V_776        | mul | fabric | 0       |
|       mul_16s_8ns_24_1_0_U1025                                         | -   |        | r_V_777        | mul | fabric | 0       |
|       mul_16s_7s_23_1_0_U1894                                          | -   |        | r_V_778        | mul | fabric | 0       |
|       mul_16s_10ns_26_1_0_U1026                                        | -   |        | r_V_779        | mul | fabric | 0       |
|       mul_16s_8ns_24_1_0_U1896                                         | -   |        | r_V_780        | mul | fabric | 0       |
|       mul_16s_9s_25_1_0_U1028                                          | -   |        | r_V_781        | mul | fabric | 0       |
|       mul_16s_9ns_25_1_0_U1029                                         | -   |        | r_V_782        | mul | fabric | 0       |
|       mul_16s_8ns_24_1_0_U1030                                         | -   |        | r_V_783        | mul | fabric | 0       |
|       mul_16s_8ns_24_1_0_U1031                                         | -   |        | r_V_784        | mul | fabric | 0       |
|       mul_16s_6s_22_1_0_U1900                                          | -   |        | r_V_785        | mul | fabric | 0       |
|       mul_16s_8s_24_1_0_U1033                                          | -   |        | r_V_786        | mul | fabric | 0       |
|       mul_16s_9ns_25_1_0_U1390                                         | -   |        | r_V_787        | mul | fabric | 0       |
|       mul_16s_6ns_22_1_0_U1391                                         | -   |        | r_V_788        | mul | fabric | 0       |
|       r_V_789_fu_9104952_p2                                            | -   |        | r_V_789        | sub | fabric | 0       |
|       mul_16s_9ns_25_1_0_U1903                                         | -   |        | r_V_790        | mul | fabric | 0       |
|       mul_16s_10ns_26_1_0_U1904                                        | -   |        | r_V_791        | mul | fabric | 0       |
|       r_V_792_fu_9105012_p2                                            | -   |        | r_V_792        | sub | fabric | 0       |
|       mul_16s_6ns_22_1_0_U1036                                         | -   |        | r_V_793        | mul | fabric | 0       |
|       r_V_795_fu_9105072_p2                                            | -   |        | r_V_795        | sub | fabric | 0       |
|       r_V_796_fu_9105157_p2                                            | -   |        | r_V_796        | add | fabric | 0       |
|       mul_16s_10ns_26_1_0_U1037                                        | -   |        | r_V_797        | mul | fabric | 0       |
|       mul_16s_9ns_25_1_0_U1134                                         | -   |        | r_V_798        | mul | fabric | 0       |
|       mul_16s_9s_25_1_0_U1906                                          | -   |        | r_V_799        | mul | fabric | 0       |
|       mul_16s_7s_23_1_0_U1039                                          | -   |        | r_V_800        | mul | fabric | 0       |
|       mul_16s_9ns_25_1_0_U1040                                         | -   |        | r_V_801        | mul | fabric | 0       |
|       mul_16s_8ns_24_1_0_U1041                                         | -   |        | r_V_802        | mul | fabric | 0       |
|       mul_16s_7ns_23_1_0_U1272                                         | -   |        | r_V_803        | mul | fabric | 0       |
|       r_V_804_fu_9105307_p2                                            | -   |        | r_V_804        | add | fabric | 0       |
|       mul_16s_8s_24_1_0_U1192                                          | -   |        | r_V_805        | mul | fabric | 0       |
|       r_V_806_fu_9105365_p2                                            | -   |        | r_V_806        | sub | fabric | 0       |
|       mul_16s_9ns_25_1_0_U1436                                         | -   |        | r_V_807        | mul | fabric | 0       |
|       mul_16s_9ns_25_1_0_U924                                          | -   |        | r_V_808        | mul | fabric | 0       |
|       mul_16s_8s_24_1_0_U1634                                          | -   |        | r_V_809        | mul | fabric | 0       |
|       mul_16s_7ns_23_1_0_U1110                                         | -   |        | r_V_810        | mul | fabric | 0       |
|       r_V_811_fu_9105441_p2                                            | -   |        | r_V_811        | add | fabric | 0       |
|       mul_16s_8s_24_1_0_U1677                                          | -   |        | r_V_812        | mul | fabric | 0       |
|       mul_16s_8ns_24_1_0_U1914                                         | -   |        | r_V_813        | mul | fabric | 0       |
|       r_V_814_fu_9105501_p2                                            | -   |        | r_V_814        | sub | fabric | 0       |
|       mul_16s_8s_24_1_0_U1397                                          | -   |        | r_V_815        | mul | fabric | 0       |
|       r_V_816_fu_9105547_p2                                            | -   |        | r_V_816        | sub | fabric | 0       |
|       r_V_817_fu_9105567_p2                                            | -   |        | r_V_817        | sub | fabric | 0       |
|       mul_16s_8ns_24_1_0_U1346                                         | -   |        | r_V_818        | mul | fabric | 0       |
|       mul_16s_10s_26_1_0_U852                                          | -   |        | r_V_819        | mul | fabric | 0       |
|       mul_16s_7ns_23_1_0_U943                                          | -   |        | r_V_820        | mul | fabric | 0       |
|       mul_16s_8s_24_1_0_U1774                                          | -   |        | r_V_821        | mul | fabric | 0       |
|       mul_16s_8ns_24_1_0_U1123                                         | -   |        | r_V_822        | mul | fabric | 0       |
|       mul_16s_9ns_25_1_0_U893                                          | -   |        | r_V_823        | mul | fabric | 0       |
|       mul_16s_9ns_25_1_0_U854                                          | -   |        | r_V_824        | mul | fabric | 0       |
|       mul_16s_6s_22_1_0_U817                                           | -   |        | r_V_825        | mul | fabric | 0       |
|       mul_16s_9s_25_1_0_U1516                                          | -   |        | r_V_826        | mul | fabric | 0       |
|       r_V_827_fu_9105770_p2                                            | -   |        | r_V_827        | sub | fabric | 0       |
|       r_V_828_fu_9105822_p2                                            | -   |        | r_V_828        | add | fabric | 0       |
|       mul_16s_8s_24_1_0_U1609                                          | -   |        | r_V_829        | mul | fabric | 0       |
|       r_V_830_fu_9105856_p2                                            | -   |        | r_V_830        | sub | fabric | 0       |
|       mul_16s_8ns_24_1_0_U1095                                         | -   |        | r_V_831        | mul | fabric | 0       |
|       r_V_832_fu_9105890_p2                                            | -   |        | r_V_832        | sub | fabric | 0       |
|       mul_16s_9ns_25_1_0_U1456                                         | -   |        | r_V_833        | mul | fabric | 0       |
|       r_V_834_fu_9105936_p2                                            | -   |        | r_V_834        | sub | fabric | 0       |
|       r_V_835_fu_9105980_p2                                            | -   |        | r_V_835        | sub | fabric | 0       |
|       mul_16s_8s_24_1_0_U1268                                          | -   |        | r_V_836        | mul | fabric | 0       |
|       mul_16s_6s_22_1_0_U1522                                          | -   |        | r_V_837        | mul | fabric | 0       |
|       r_V_838_fu_9106040_p2                                            | -   |        | r_V_838        | sub | fabric | 0       |
|       mul_16s_7ns_23_1_0_U1732                                         | -   |        | r_V_839        | mul | fabric | 0       |
|       r_V_840_fu_9106078_p2                                            | -   |        | r_V_840        | add | fabric | 0       |
|       mul_16s_7ns_23_1_0_U972                                          | -   |        | r_V_841        | mul | fabric | 0       |
|       mul_16s_7s_23_1_0_U1186                                          | -   |        | r_V_842        | mul | fabric | 0       |
|       r_V_843_fu_9106187_p2                                            | -   |        | r_V_843        | add | fabric | 0       |
|       mul_16s_5s_21_1_0_U1273                                          | -   |        | r_V_844        | mul | auto   | 0       |
|       mul_16s_10s_26_1_0_U1384                                         | -   |        | r_V_845        | mul | fabric | 0       |
|       mul_16s_10s_26_1_0_U875                                          | -   |        | r_V_846        | mul | fabric | 0       |
|       mul_16s_8s_24_1_0_U1104                                          | -   |        | r_V_847        | mul | fabric | 0       |
|       r_V_848_fu_9106255_p2                                            | -   |        | r_V_848        | sub | fabric | 0       |
|       mul_16s_10ns_26_1_0_U1856                                        | -   |        | r_V_849        | mul | fabric | 0       |
|       mul_16s_10ns_26_1_0_U1485                                        | -   |        | r_V_850        | mul | fabric | 0       |
|       mul_16s_10s_26_1_0_U1105                                         | -   |        | r_V_851        | mul | fabric | 0       |
|       mul_16s_10ns_26_1_0_U1469                                        | -   |        | r_V_852        | mul | fabric | 0       |
|       mul_16s_8ns_24_1_0_U1717                                         | -   |        | r_V_853        | mul | fabric | 0       |
|       mul_16s_8ns_24_1_0_U1718                                         | -   |        | r_V_854        | mul | fabric | 0       |
|       mul_16s_9ns_25_1_0_U1470                                         | -   |        | r_V_855        | mul | fabric | 0       |
|       mul_16s_9s_25_1_0_U1471                                          | -   |        | r_V_856        | mul | fabric | 0       |
|       mul_16s_6s_22_1_0_U1472                                          | -   |        | r_V_857        | mul | fabric | 0       |
|       mul_16s_9s_25_1_0_U1721                                          | -   |        | r_V_858        | mul | fabric | 0       |
|       mul_16s_6s_22_1_0_U1474                                          | -   |        | r_V_859        | mul | fabric | 0       |
|       mul_16s_9s_25_1_0_U1475                                          | -   |        | r_V_860        | mul | fabric | 0       |
|       mul_16s_9ns_25_1_0_U1476                                         | -   |        | r_V_861        | mul | fabric | 0       |
|       mul_16s_8ns_24_1_0_U1868                                         | -   |        | r_V_862        | mul | fabric | 0       |
|       r_V_863_fu_9106451_p2                                            | -   |        | r_V_863        | sub | fabric | 0       |
|       mul_16s_10ns_26_1_0_U1216                                        | -   |        | r_V_864        | mul | fabric | 0       |
|       mul_16s_10s_26_1_0_U1478                                         | -   |        | r_V_865        | mul | fabric | 0       |
|       r_V_866_fu_9106515_p2                                            | -   |        | r_V_866        | sub | fabric | 0       |
|       mul_16s_10ns_26_1_0_U1479                                        | -   |        | r_V_867        | mul | fabric | 0       |
|       mul_16s_7ns_23_1_0_U1844                                         | -   |        | r_V_868        | mul | fabric | 0       |
|       mul_16s_6s_22_1_0_U1218                                          | -   |        | r_V_869        | mul | fabric | 0       |
|       mul_16s_8ns_24_1_0_U1482                                         | -   |        | r_V_871        | mul | fabric | 0       |
|       r_V_872_fu_9106679_p2                                            | -   |        | r_V_872        | sub | fabric | 0       |
|       mul_16s_7ns_23_1_0_U1483                                         | -   |        | r_V_873        | mul | fabric | 0       |
|       mul_16s_7ns_23_1_0_U1484                                         | -   |        | r_V_874        | mul | fabric | 0       |
|       mul_16s_8s_24_1_0_U1219                                          | -   |        | r_V_875        | mul | fabric | 0       |
|       mul_16s_6ns_22_1_0_U1220                                         | -   |        | r_V_876        | mul | fabric | 0       |
|       mul_16s_7s_23_1_0_U1486                                          | -   |        | r_V_877        | mul | fabric | 0       |
|       mul_16s_9s_25_1_0_U988                                           | -   |        | r_V_878        | mul | fabric | 0       |
|       mul_16s_9ns_25_1_0_U1513                                         | -   |        | r_V_879        | mul | fabric | 0       |
|       r_V_881_fu_9106833_p2                                            | -   |        | r_V_881        | sub | fabric | 0       |
|       r_V_882_fu_9106877_p2                                            | -   |        | r_V_882        | sub | fabric | 0       |
|       r_V_883_fu_9106909_p2                                            | -   |        | r_V_883        | sub | fabric | 0       |
|       mul_16s_8s_24_1_0_U1183                                          | -   |        | r_V_884        | mul | fabric | 0       |
|       mul_16s_9ns_25_1_0_U1897                                         | -   |        | r_V_885        | mul | fabric | 0       |
|       mul_16s_8ns_24_1_0_U1230                                         | -   |        | r_V_886        | mul | fabric | 0       |
|       mul_16s_7s_23_1_0_U1860                                          | -   |        | r_V_887        | mul | fabric | 0       |
|       mul_16s_9ns_25_1_0_U839                                          | -   |        | r_V_888        | mul | fabric | 0       |
|       mul_16s_9s_25_1_0_U923                                           | -   |        | r_V_889        | mul | fabric | 0       |
|       mul_16s_9ns_25_1_0_U1747                                         | -   |        | r_V_890        | mul | fabric | 0       |
|       mul_16s_9s_25_1_0_U1109                                          | -   |        | r_V_891        | mul | fabric | 0       |
|       mul_16s_6s_22_1_0_U1195                                          | -   |        | r_V_892        | mul | fabric | 0       |
|       mul_16s_9ns_25_1_0_U1574                                         | -   |        | r_V_893        | mul | fabric | 0       |
|       mul_16s_8s_24_1_0_U1537                                          | -   |        | r_V_894        | mul | fabric | 0       |
|       mul_16s_9ns_25_1_0_U887                                          | -   |        | r_V_895        | mul | fabric | 0       |
|       r_V_896_fu_9107101_p2                                            | -   |        | r_V_896        | sub | fabric | 0       |
|       mul_16s_8s_24_1_0_U989                                           | -   |        | r_V_897        | mul | fabric | 0       |
|       mul_16s_9ns_25_1_0_U1199                                         | -   |        | r_V_898        | mul | fabric | 0       |
|       mul_16s_7s_23_1_0_U1773                                          | -   |        | r_V_899        | mul | fabric | 0       |
|       mul_16s_7s_23_1_0_U1399                                          | -   |        | r_V_900        | mul | fabric | 0       |
|       mul_16s_6s_22_1_0_U1762                                          | -   |        | r_V_901        | mul | fabric | 0       |
|       mul_16s_9ns_25_1_0_U1244                                         | -   |        | r_V_902        | mul | fabric | 0       |
|       r_V_903_fu_9107246_p2                                            | -   |        | r_V_903        | sub | fabric | 0       |
|       mul_16s_8ns_24_1_0_U1549                                         | -   |        | r_V_904        | mul | fabric | 0       |
|       mul_16s_9ns_25_1_0_U1648                                         | -   |        | r_V_905        | mul | fabric | 0       |
|       r_V_906_fu_9107322_p2                                            | -   |        | r_V_906        | sub | fabric | 0       |
|       mul_16s_9s_25_1_0_U1884                                          | -   |        | r_V_907        | mul | fabric | 0       |
|       r_V_908_fu_9107368_p2                                            | -   |        | r_V_908        | add | fabric | 0       |
|       mul_16s_11s_26_1_0_U1837                                         | -   |        | mul_ln1270     | mul | fabric | 0       |
|       mul_16s_10ns_26_1_0_U860                                         | -   |        | r_V_909        | mul | fabric | 0       |
|       r_V_910_fu_9107432_p2                                            | -   |        | r_V_910        | sub | fabric | 0       |
|       mul_16s_9s_25_1_0_U822                                           | -   |        | r_V_911        | mul | fabric | 0       |
|       mul_16s_9ns_25_1_0_U907                                          | -   |        | r_V_912        | mul | fabric | 0       |
|       mul_16s_10s_26_1_0_U1129                                         | -   |        | r_V_913        | mul | fabric | 0       |
|       mul_16s_8ns_24_1_0_U1099                                         | -   |        | r_V_914        | mul | fabric | 0       |
|       mul_16s_6ns_22_1_0_U1445                                         | -   |        | r_V_915        | mul | fabric | 0       |
|       mul_16s_8ns_24_1_0_U1080                                         | -   |        | r_V_916        | mul | fabric | 0       |
|       mul_16s_10s_26_1_0_U1824                                         | -   |        | r_V_917        | mul | fabric | 0       |
|       mul_16s_9ns_25_1_0_U1447                                         | -   |        | r_V_918        | mul | fabric | 0       |
|       mul_16s_8ns_24_1_0_U1665                                         | -   |        | r_V_919        | mul | fabric | 0       |
|       mul_16s_9ns_25_1_0_U1666                                         | -   |        | r_V_920        | mul | fabric | 0       |
|       mul_16s_8s_24_1_0_U1667                                          | -   |        | r_V_921        | mul | fabric | 0       |
|       mul_16s_8ns_24_1_0_U1159                                         | -   |        | r_V_922        | mul | fabric | 0       |
|       r_V_923_fu_9107671_p2                                            | -   |        | r_V_923        | sub | fabric | 0       |
|       mul_16s_10s_26_1_0_U1668                                         | -   |        | r_V_924        | mul | fabric | 0       |
|       mul_16s_9s_25_1_0_U1417                                          | -   |        | r_V_925        | mul | fabric | 0       |
|       mul_16s_9ns_25_1_0_U1161                                         | -   |        | r_V_926        | mul | fabric | 0       |
|       mul_16s_9ns_25_1_0_U916                                          | -   |        | r_V_927        | mul | fabric | 0       |
|       mul_16s_9s_25_1_0_U1163                                          | -   |        | r_V_928        | mul | fabric | 0       |
|       mul_16s_9ns_25_1_0_U1164                                         | -   |        | r_V_929        | mul | fabric | 0       |
|       mul_16s_8s_24_1_0_U1421                                          | -   |        | r_V_930        | mul | fabric | 0       |
|       r_V_931_fu_9107805_p2                                            | -   |        | r_V_931        | sub | fabric | 0       |
|       mul_16s_8s_24_1_0_U1086                                          | -   |        | r_V_932        | mul | fabric | 0       |
|       mul_16s_7s_23_1_0_U1423                                          | -   |        | r_V_933        | mul | fabric | 0       |
|       mul_16s_9s_25_1_0_U1675                                          | -   |        | r_V_934        | mul | fabric | 0       |
|       mul_16s_11s_26_1_0_U1425                                         | -   |        | mul_ln1270_42  | mul | fabric | 0       |
|       mul_16s_6s_22_1_0_U1426                                          | -   |        | r_V_935        | mul | fabric | 0       |
|       mul_16s_9ns_25_1_0_U1167                                         | -   |        | r_V_936        | mul | fabric | 0       |
|       mul_16s_7ns_23_1_0_U1428                                         | -   |        | r_V_937        | mul | fabric | 0       |
|       mul_16s_8ns_24_1_0_U1785                                         | -   |        | r_V_938        | mul | fabric | 0       |
|       mul_16s_8s_24_1_0_U1429                                          | -   |        | r_V_939        | mul | fabric | 0       |
|       r_V_941_fu_9107977_p2                                            | -   |        | r_V_941        | sub | fabric | 0       |
|       mul_16s_9s_25_1_0_U1430                                          | -   |        | r_V_942        | mul | fabric | 0       |
|       mul_16s_9ns_25_1_0_U1431                                         | -   |        | r_V_943        | mul | fabric | 0       |
|       mul_16s_7s_23_1_0_U1432                                          | -   |        | r_V_944        | mul | fabric | 0       |
|       mul_16s_9ns_25_1_0_U1172                                         | -   |        | r_V_945        | mul | fabric | 0       |
|       mul_16s_10s_26_1_0_U1830                                         | -   |        | r_V_946        | mul | fabric | 0       |
|       mul_16s_7ns_23_1_0_U851                                          | -   |        | r_V_947        | mul | fabric | 0       |
|       mul_16s_9ns_25_1_0_U1887                                         | -   |        | r_V_948        | mul | fabric | 0       |
|       r_V_949_fu_9108103_p2                                            | -   |        | r_V_949        | sub | fabric | 0       |
|       mul_16s_11s_26_1_0_U1165                                         | -   |        | mul_ln1270_43  | mul | fabric | 0       |
|       mul_16s_9ns_25_1_0_U1459                                         | -   |        | r_V_950        | mul | fabric | 0       |
|       mul_16s_8s_24_1_0_U961                                           | -   |        | r_V_951        | mul | fabric | 0       |
|       mul_16s_9ns_25_1_0_U1054                                         | -   |        | r_V_952        | mul | fabric | 0       |
|       r_V_953_fu_9108239_p2                                            | -   |        | r_V_953        | sub | fabric | 0       |
|       mul_16s_8s_24_1_0_U1735                                          | -   |        | r_V_954        | mul | fabric | 0       |
|       r_V_955_fu_9108273_p2                                            | -   |        | r_V_955        | sub | fabric | 0       |
|       mul_16s_9s_25_1_0_U1225                                          | -   |        | r_V_956        | mul | fabric | 0       |
|       mul_16s_7s_23_1_0_U1323                                          | -   |        | r_V_957        | mul | fabric | 0       |
|       r_V_958_fu_9108321_p2                                            | -   |        | r_V_958        | sub | fabric | 0       |
|       mul_16s_7s_23_1_0_U1560                                          | -   |        | r_V_959        | mul | fabric | 0       |
|       mul_16s_8s_24_1_0_U1527                                          | -   |        | r_V_961        | mul | fabric | 0       |
|       mul_16s_7ns_23_1_0_U1739                                         | -   |        | r_V_962        | mul | fabric | 0       |
|       mul_16s_7s_23_1_0_U1847                                          | -   |        | r_V_963        | mul | fabric | 0       |
|       mul_16s_8s_24_1_0_U1803                                          | -   |        | r_V_964        | mul | fabric | 0       |
|       mul_16s_9ns_25_1_0_U1280                                         | -   |        | r_V_966        | mul | fabric | 0       |
|       mul_16s_9ns_25_1_0_U1532                                         | -   |        | r_V_967        | mul | fabric | 0       |
|       mul_16s_9ns_25_1_0_U1746                                         | -   |        | r_V_968        | mul | fabric | 0       |
|       mul_16s_9ns_25_1_0_U1577                                         | -   |        | r_V_969        | mul | fabric | 0       |
|       mul_16s_9ns_25_1_0_U1674                                         | -   |        | r_V_970        | mul | fabric | 0       |
|       mul_16s_8ns_24_1_0_U1286                                         | -   |        | r_V_971        | mul | fabric | 0       |
|       r_V_972_fu_9108678_p2                                            | -   |        | r_V_972        | sub | fabric | 0       |
|       mul_16s_7ns_23_1_0_U1243                                         | -   |        | r_V_973        | mul | fabric | 0       |
|       mul_16s_8s_24_1_0_U1491                                          | -   |        | r_V_974        | mul | fabric | 0       |
|       r_V_975_fu_9108754_p2                                            | -   |        | r_V_975        | sub | fabric | 0       |
|       r_V_976_fu_9108774_p2                                            | -   |        | r_V_976        | sub | fabric | 0       |
|       mul_16s_10ns_26_1_0_U848                                         | -   |        | r_V_977        | mul | fabric | 0       |
|       mul_16s_9ns_25_1_0_U1078                                         | -   |        | r_V_978        | mul | fabric | 0       |
|       r_V_979_fu_9108830_p2                                            | -   |        | r_V_979        | add | fabric | 0       |
|       mul_16s_9s_25_1_0_U1292                                          | -   |        | r_V_980        | mul | fabric | 0       |
|       mul_16s_7ns_23_1_0_U1122                                         | -   |        | r_V_981        | mul | fabric | 0       |
|       mul_16s_8s_24_1_0_U1412                                          | -   |        | r_V_982        | mul | fabric | 0       |
|       r_V_983_fu_9108892_p2                                            | -   |        | r_V_983        | sub | fabric | 0       |
|       mul_16s_8s_24_1_0_U1547                                          | -   |        | r_V_985        | mul | fabric | 0       |
|       mul_16s_10s_26_1_0_U1047                                         | -   |        | r_V_986        | mul | fabric | 0       |
|       r_V_987_fu_9108970_p2                                            | -   |        | r_V_987        | sub | fabric | 0       |
|       r_V_988_fu_9108990_p2                                            | -   |        | r_V_988        | sub | fabric | 0       |
|       r_V_989_fu_9109010_p2                                            | -   |        | r_V_989        | sub | fabric | 0       |
|       r_V_990_fu_9109030_p2                                            | -   |        | r_V_990        | sub | fabric | 0       |
|       mul_16s_7s_23_1_0_U1783                                          | -   |        | r_V_991        | mul | fabric | 0       |
|       mul_16s_9s_25_1_0_U1548                                          | -   |        | r_V_992        | mul | fabric | 0       |
|       mul_16s_7s_23_1_0_U1620                                          | -   |        | r_V_993        | mul | fabric | 0       |
|       mul_16s_9s_25_1_0_U1621                                          | -   |        | r_V_994        | mul | fabric | 0       |
|       mul_16s_8ns_24_1_0_U1740                                         | -   |        | r_V_995        | mul | fabric | 0       |
|       mul_16s_9ns_25_1_0_U1870                                         | -   |        | r_V_996        | mul | fabric | 0       |
|       mul_16s_8ns_24_1_0_U1871                                         | -   |        | r_V_997        | mul | fabric | 0       |
|       mul_16s_8s_24_1_0_U1356                                          | -   |        | r_V_998        | mul | fabric | 0       |
|       mul_16s_7ns_23_1_0_U1873                                         | -   |        | r_V_999        | mul | fabric | 0       |
|       r_V_1000_fu_9109180_p2                                           | -   |        | r_V_1000       | sub | fabric | 0       |
|       mul_16s_10ns_26_1_0_U1626                                        | -   |        | r_V_1001       | mul | fabric | 0       |
|       r_V_1002_fu_9109253_p2                                           | -   |        | r_V_1002       | sub | fabric | 0       |
|       mul_16s_6s_22_1_0_U1627                                          | -   |        | r_V_1003       | mul | fabric | 0       |
|       mul_16s_9ns_25_1_0_U1007                                         | -   |        | r_V_1004       | mul | fabric | 0       |
|       mul_16s_9ns_25_1_0_U1008                                         | -   |        | r_V_1005       | mul | fabric | 0       |
|       mul_16s_9s_25_1_0_U1628                                          | -   |        | r_V_1006       | mul | fabric | 0       |
|       mul_16s_9s_25_1_0_U1878                                          | -   |        | r_V_1007       | mul | fabric | 0       |
|       mul_16s_7s_23_1_0_U1879                                          | -   |        | r_V_1008       | mul | fabric | 0       |
|       r_V_1009_fu_9109369_p2                                           | -   |        | r_V_1009       | sub | fabric | 0       |
|       r_V_1010_fu_9109401_p2                                           | -   |        | r_V_1010       | sub | fabric | 0       |
|       r_V_1011_fu_9109421_p2                                           | -   |        | r_V_1011       | sub | fabric | 0       |
|       mul_16s_9ns_25_1_0_U1115                                         | -   |        | r_V_1012       | mul | fabric | 0       |
|       r_V_1013_fu_9109467_p2                                           | -   |        | r_V_1013       | sub | fabric | 0       |
|       r_V_1014_fu_9109503_p2                                           | -   |        | r_V_1014       | add | fabric | 0       |
|       r_V_1015_fu_9109523_p2                                           | -   |        | r_V_1015       | sub | fabric | 0       |
|       r_V_1016_fu_9109559_p2                                           | -   |        | r_V_1016       | sub | fabric | 0       |
|       r_V_1017_fu_9109591_p2                                           | -   |        | r_V_1017       | sub | fabric | 0       |
|       r_V_1018_fu_9109611_p2                                           | -   |        | r_V_1018       | sub | fabric | 0       |
|       r_V_1019_fu_9109631_p2                                           | -   |        | r_V_1019       | sub | fabric | 0       |
|       mul_16s_8ns_24_1_0_U1881                                         | -   |        | r_V_1020       | mul | fabric | 0       |
|       mul_16s_8ns_24_1_0_U1882                                         | -   |        | r_V_1021       | mul | fabric | 0       |
|       mul_16s_8ns_24_1_0_U1883                                         | -   |        | r_V_1022       | mul | fabric | 0       |
|       mul_16s_9ns_25_1_0_U1116                                         | -   |        | r_V_1023       | mul | fabric | 0       |
|       mul_16s_8s_24_1_0_U1117                                          | -   |        | r_V_1024       | mul | fabric | 0       |
|       mul_16s_8ns_24_1_0_U1635                                         | -   |        | r_V_1025       | mul | fabric | 0       |
|       mul_16s_9ns_25_1_0_U1636                                         | -   |        | r_V_1026       | mul | fabric | 0       |
|       mul_16s_9s_25_1_0_U1885                                          | -   |        | r_V_1027       | mul | fabric | 0       |
|       r_V_1028_fu_9109791_p2                                           | -   |        | r_V_1028       | sub | fabric | 0       |
|       r_V_1029_fu_9109839_p2                                           | -   |        | r_V_1029       | add | fabric | 0       |
|       mul_16s_9ns_25_1_0_U983                                          | -   |        | r_V_1030       | mul | fabric | 0       |
|       mul_16s_7ns_23_1_0_U937                                          | -   |        | r_V_1031       | mul | fabric | 0       |
|       mul_16s_8s_24_1_0_U1158                                          | -   |        | r_V_1032       | mul | fabric | 0       |
|       r_V_1033_fu_9109909_p2                                           | -   |        | r_V_1033       | sub | fabric | 0       |
|       mul_16s_7s_23_1_0_U1869                                          | -   |        | r_V_1034       | mul | fabric | 0       |
|       mul_16s_6s_22_1_0_U1829                                          | -   |        | r_V_1035       | mul | fabric | 0       |
|       mul_16s_7s_23_1_0_U850                                           | -   |        | r_V_1036       | mul | fabric | 0       |
|       mul_16s_7ns_23_1_0_U1406                                         | -   |        | r_V_1037       | mul | fabric | 0       |
|       r_V_1038_fu_9110017_p2                                           | -   |        | r_V_1038       | sub | fabric | 0       |
|       mul_16s_6ns_22_1_0_U1512                                         | -   |        | r_V_1039       | mul | fabric | 0       |
|       mul_16s_9ns_25_1_0_U1728                                         | -   |        | r_V_1040       | mul | fabric | 0       |
|       r_V_1041_fu_9110061_p2                                           | -   |        | r_V_1041       | sub | fabric | 0       |
|       mul_16s_7s_23_1_0_U1689                                          | -   |        | r_V_1042       | mul | fabric | 0       |
|       mul_16s_8ns_24_1_0_U1177                                         | -   |        | r_V_1043       | mul | fabric | 0       |
|       mul_16s_8s_24_1_0_U1889                                          | -   |        | r_V_1045       | mul | fabric | 0       |
|       mul_16s_9ns_25_1_0_U903                                          | -   |        | r_V_1046       | mul | fabric | 0       |
|       mul_16s_7ns_23_1_0_U1608                                         | -   |        | r_V_1047       | mul | fabric | 0       |
|       mul_16s_7ns_23_1_0_U966                                          | -   |        | r_V_1048       | mul | fabric | 0       |
|       mul_16s_10ns_26_1_0_U1454                                        | -   |        | r_V_1049       | mul | fabric | 0       |
|       mul_16s_9ns_25_1_0_U1136                                         | -   |        | r_V_1050       | mul | fabric | 0       |
|       r_V_1051_fu_9110291_p2                                           | -   |        | r_V_1051       | sub | fabric | 0       |
|       mul_16s_8s_24_1_0_U1846                                          | -   |        | r_V_1052       | mul | fabric | 0       |
|       mul_16s_8ns_24_1_0_U816                                          | -   |        | r_V_1053       | mul | fabric | 0       |
|       mul_16s_8ns_24_1_0_U970                                          | -   |        | r_V_1055       | mul | fabric | 0       |
|       mul_16s_8ns_24_1_0_U1321                                         | -   |        | r_V_1056       | mul | fabric | 0       |
|       mul_16s_6s_22_1_0_U1629                                          | -   |        | r_V_1057       | mul | fabric | 0       |
|       mul_16s_9ns_25_1_0_U1705                                         | -   |        | r_V_1058       | mul | fabric | 0       |
|       mul_16s_9ns_25_1_0_U1809                                         | -   |        | r_V_1059       | mul | fabric | 0       |
|       r_V_1060_fu_9110497_p2                                           | -   |        | r_V_1060       | sub | fabric | 0       |
|       r_V_1061_fu_9110517_p2                                           | -   |        | r_V_1061       | add | fabric | 0       |
|       mul_16s_8s_24_1_0_U1437                                          | -   |        | r_V_1062       | mul | fabric | 0       |
|       r_V_1063_fu_9110551_p2                                           | -   |        | r_V_1063       | sub | fabric | 0       |
|       mul_16s_7ns_23_1_0_U1392                                         | -   |        | r_V_1064       | mul | fabric | 0       |
|       mul_16s_9ns_25_1_0_U1749                                         | -   |        | r_V_1065       | mul | fabric | 0       |
|       mul_16s_7s_23_1_0_U986                                           | -   |        | r_V_1066       | mul | fabric | 0       |
|       mul_16s_7s_23_1_0_U1741                                          | -   |        | r_V_1067       | mul | fabric | 0       |
|       r_V_1068_fu_9110639_p2                                           | -   |        | r_V_1068       | sub | fabric | 0       |
|       r_V_1069_fu_9110685_p2                                           | -   |        | r_V_1069       | sub | fabric | 0       |
|       mul_16s_9ns_25_1_0_U1382                                         | -   |        | r_V_1070       | mul | fabric | 0       |
|       mul_16s_6ns_22_1_0_U1013                                         | -   |        | r_V_1071       | mul | fabric | 0       |
|       mul_16s_8s_24_1_0_U1014                                          | -   |        | r_V_1072       | mul | fabric | 0       |
|       mul_16s_8ns_24_1_0_U1556                                         | -   |        | r_V_1073       | mul | fabric | 0       |
|       mul_16s_9ns_25_1_0_U1557                                         | -   |        | r_V_1074       | mul | fabric | 0       |
|       mul_16s_8ns_24_1_0_U950                                          | -   |        | r_V_1075       | mul | fabric | 0       |
|       mul_16s_8ns_24_1_0_U1812                                         | -   |        | r_V_1076       | mul | fabric | 0       |
|       r_V_1077_fu_9110850_p2                                           | -   |        | r_V_1077       | sub | fabric | 0       |
|       r_V_1078_fu_9110886_p2                                           | -   |        | r_V_1078       | sub | fabric | 0       |
|       mul_16s_9s_25_1_0_U1813                                          | -   |        | r_V_1079       | mul | fabric | 0       |
|       mul_16s_7ns_23_1_0_U953                                          | -   |        | r_V_1080       | mul | fabric | 0       |
|       r_V_1081_fu_9110946_p2                                           | -   |        | r_V_1081       | sub | fabric | 0       |
|       mul_16s_8ns_24_1_0_U1814                                         | -   |        | r_V_1082       | mul | fabric | 0       |
|       mul_16s_7ns_23_1_0_U1297                                         | -   |        | r_V_1083       | mul | fabric | 0       |
|       mul_16s_7ns_23_1_0_U1562                                         | -   |        | r_V_1084       | mul | fabric | 0       |
|       mul_16s_9s_25_1_0_U957                                           | -   |        | r_V_1085       | mul | fabric | 0       |
|       mul_16s_9ns_25_1_0_U1564                                         | -   |        | r_V_1086       | mul | fabric | 0       |
|       mul_16s_6ns_22_1_0_U1565                                         | -   |        | r_V_1087       | mul | fabric | 0       |
|       mul_16s_8s_24_1_0_U1299                                          | -   |        | r_V_1088       | mul | fabric | 0       |
|       mul_16s_8s_24_1_0_U1819                                          | -   |        | r_V_1089       | mul | fabric | 0       |
|       mul_16s_8ns_24_1_0_U1820                                         | -   |        | r_V_1090       | mul | fabric | 0       |
|       mul_16s_9ns_25_1_0_U1821                                         | -   |        | r_V_1091       | mul | fabric | 0       |
|       r_V_1092_fu_9111114_p2                                           | -   |        | r_V_1092       | add | fabric | 0       |
|       mul_16s_8ns_24_1_0_U1822                                         | -   |        | r_V_1093       | mul | fabric | 0       |
|       mul_16s_7s_23_1_0_U1823                                          | -   |        | r_V_1094       | mul | fabric | 0       |
|       mul_16s_8ns_24_1_0_U963                                          | -   |        | r_V_1095       | mul | fabric | 0       |
|       r_V_1096_fu_9111176_p2                                           | -   |        | r_V_1096       | sub | fabric | 0       |
|       mul_16s_8s_24_1_0_U1569                                          | -   |        | r_V_1097       | mul | fabric | 0       |
|       mul_16s_9ns_25_1_0_U1005                                         | -   |        | r_V_1098       | mul | fabric | 0       |
|       r_V_1099_fu_9111279_p2                                           | -   |        | r_V_1099       | sub | fabric | 0       |
|       mul_16s_9ns_25_1_0_U1826                                         | -   |        | r_V_1100       | mul | fabric | 0       |
|       r_V_1101_fu_9111329_p2                                           | -   |        | r_V_1101       | sub | fabric | 0       |
|       r_V_1102_fu_9111361_p2                                           | -   |        | r_V_1102       | add | fabric | 0       |
|       r_V_1103_fu_9111381_p2                                           | -   |        | r_V_1103       | sub | fabric | 0       |
|       r_V_1104_fu_9111425_p2                                           | -   |        | r_V_1104       | sub | fabric | 0       |
|       mul_16s_6ns_22_1_0_U1827                                         | -   |        | r_V_1105       | mul | fabric | 0       |
|       mul_16s_7s_23_1_0_U1614                                          | -   |        | r_V_1106       | mul | fabric | 0       |
|       r_V_1108_fu_9111523_p2                                           | -   |        | r_V_1108       | sub | fabric | 0       |
|       mul_16s_8ns_24_1_0_U1224                                         | -   |        | r_V_1109       | mul | fabric | 0       |
|       mul_16s_5ns_21_1_0_U1799                                         | -   |        | r_V_1110       | mul | auto   | 0       |
|       mul_16s_8s_24_1_0_U1275                                          | -   |        | r_V_1111       | mul | fabric | 0       |
|       r_V_1112_fu_9111593_p2                                           | -   |        | r_V_1112       | add | fabric | 0       |
|       r_V_1113_fu_9111613_p2                                           | -   |        | r_V_1113       | sub | fabric | 0       |
|       r_V_1114_fu_9111633_p2                                           | -   |        | r_V_1114       | sub | fabric | 0       |
|       mul_16s_7ns_23_1_0_U1233                                         | -   |        | r_V_1115       | mul | fabric | 0       |
|       mul_16s_8ns_24_1_0_U1481                                         | -   |        | r_V_1116       | mul | fabric | 0       |
|       r_V_1117_fu_9111743_p2                                           | -   |        | r_V_1117       | sub | fabric | 0       |
|       mul_16s_6ns_22_1_0_U1439                                         | -   |        | r_V_1118       | mul | fabric | 0       |
|       r_V_1119_fu_9111791_p2                                           | -   |        | r_V_1119       | sub | fabric | 0       |
|       mul_16s_8s_24_1_0_U1536                                          | -   |        | r_V_1120       | mul | fabric | 0       |
|       r_V_1121_fu_9111849_p2                                           | -   |        | r_V_1121       | sub | fabric | 0       |
|       mul_16s_8s_24_1_0_U1023                                          | -   |        | r_V_1122       | mul | fabric | 0       |
|       mul_16s_10ns_26_1_0_U1659                                        | -   |        | r_V_1123       | mul | fabric | 0       |
|       r_V_1124_fu_9111917_p2                                           | -   |        | r_V_1124       | sub | fabric | 0       |
|       r_V_1125_fu_9111945_p2                                           | -   |        | r_V_1125       | add | fabric | 0       |
|       mul_16s_9s_25_1_0_U1336                                          | -   |        | r_V_1126       | mul | fabric | 0       |
|       mul_16s_7ns_23_1_0_U982                                          | -   |        | r_V_1127       | mul | fabric | 0       |
|       mul_16s_10ns_26_1_0_U1673                                        | -   |        | r_V_1128       | mul | fabric | 0       |
|       mul_16s_8s_24_1_0_U1501                                          | -   |        | r_V_1129       | mul | fabric | 0       |
|       mul_16s_9ns_25_1_0_U1587                                         | -   |        | r_V_1130       | mul | fabric | 0       |
|       mul_16s_6ns_22_1_0_U882                                          | -   |        | r_V_1131       | mul | fabric | 0       |
|       mul_16s_8ns_24_1_0_U1169                                         | -   |        | r_V_1132       | mul | fabric | 0       |
|       mul_16s_7s_23_1_0_U939                                           | -   |        | r_V_1133       | mul | fabric | 0       |
|       r_V_1134_fu_9112073_p2                                           | -   |        | r_V_1134       | add | fabric | 0       |
|       mul_16s_8ns_24_1_0_U1508                                         | -   |        | r_V_1135       | mul | fabric | 0       |
|       r_V_1136_fu_9112107_p2                                           | -   |        | r_V_1136       | sub | fabric | 0       |
|       mul_16s_9s_25_1_0_U1453                                          | -   |        | r_V_1137       | mul | fabric | 0       |
|       mul_16s_8ns_24_1_0_U955                                          | -   |        | r_V_1138       | mul | fabric | 0       |
|       mul_16s_7ns_23_1_0_U1780                                         | -   |        | r_V_1140       | mul | fabric | 0       |
|       r_V_1141_fu_9112258_p2                                           | -   |        | r_V_1141       | sub | fabric | 0       |
|       mul_16s_9ns_25_1_0_U1255                                         | -   |        | r_V_1142       | mul | fabric | 0       |
|       sub_ln1273_262_fu_9112300_p2                                     | -   |        | sub_ln1273_262 | sub | fabric | 0       |
|       r_V_1143_fu_9112318_p2                                           | -   |        | r_V_1143       | sub | fabric | 0       |
|       mul_16s_8s_24_1_0_U1841                                          | -   |        | r_V_1144       | mul | fabric | 0       |
|       mul_16s_8ns_24_1_0_U1604                                         | -   |        | r_V_1145       | mul | fabric | 0       |
|       mul_16s_8s_24_1_0_U962                                           | -   |        | r_V_1146       | mul | fabric | 0       |
|       r_V_1147_fu_9112380_p2                                           | -   |        | r_V_1147       | sub | fabric | 0       |
|       mul_16s_9s_25_1_0_U1525                                          | -   |        | r_V_1148       | mul | fabric | 0       |
|       mul_16s_9ns_25_1_0_U1736                                         | -   |        | r_V_1149       | mul | fabric | 0       |
|       mul_16s_8s_24_1_0_U1713                                          | -   |        | r_V_1150       | mul | fabric | 0       |
|       mul_16s_9s_25_1_0_U984                                           | -   |        | r_V_1151       | mul | fabric | 0       |
|       mul_16s_8s_24_1_0_U985                                           | -   |        | r_V_1152       | mul | fabric | 0       |
|       mul_16s_7s_23_1_0_U1776                                          | -   |        | r_V_1153       | mul | fabric | 0       |
|       mul_16s_9ns_25_1_0_U1744                                         | -   |        | r_V_1154       | mul | fabric | 0       |
|       r_V_1155_fu_9112506_p2                                           | -   |        | r_V_1155       | sub | fabric | 0       |
|       r_V_1156_fu_9112542_p2                                           | -   |        | r_V_1156       | sub | fabric | 0       |
|       r_V_1157_fu_9112574_p2                                           | -   |        | r_V_1157       | add | fabric | 0       |
|       mul_16s_8s_24_1_0_U891                                           | -   |        | r_V_1158       | mul | fabric | 0       |
|       r_V_1159_fu_9112608_p2                                           | -   |        | r_V_1159       | sub | fabric | 0       |
|       r_V_1160_fu_9112628_p2                                           | -   |        | r_V_1160       | sub | fabric | 0       |
|       r_V_1161_fu_9112729_p2                                           | -   |        | r_V_1161       | sub | fabric | 0       |
|       mul_16s_8ns_24_1_0_U1132                                         | -   |        | r_V_1162       | mul | fabric | 0       |
|       mul_16s_9ns_25_1_0_U1133                                         | -   |        | r_V_1163       | mul | fabric | 0       |
|       mul_16s_7s_23_1_0_U1394                                          | -   |        | r_V_1164       | mul | fabric | 0       |
|       mul_16s_9ns_25_1_0_U1135                                         | -   |        | r_V_1165       | mul | fabric | 0       |
|       mul_16s_6ns_22_1_0_U894                                          | -   |        | r_V_1166       | mul | fabric | 0       |
|       r_V_1167_fu_9112843_p2                                           | -   |        | r_V_1167       | sub | fabric | 0       |
|       r_V_1168_fu_9112879_p2                                           | -   |        | r_V_1168       | sub | fabric | 0       |
|       r_V_1169_fu_9112911_p2                                           | -   |        | r_V_1169       | sub | fabric | 0       |
|       r_V_1170_fu_9112931_p2                                           | -   |        | r_V_1170       | sub | fabric | 0       |
|       mul_16s_7s_23_1_0_U1395                                          | -   |        | r_V_1171       | mul | fabric | 0       |
|       r_V_1172_fu_9112977_p2                                           | -   |        | r_V_1172       | add | fabric | 0       |
|       mul_16s_10s_26_1_0_U1396                                         | -   |        | r_V_1173       | mul | fabric | 0       |
|       r_V_1174_fu_9113003_p2                                           | -   |        | r_V_1174       | sub | fabric | 0       |
|       mul_16s_9ns_25_1_0_U1137                                         | -   |        | r_V_1175       | mul | fabric | 0       |
|       mul_16s_8ns_24_1_0_U1138                                         | -   |        | r_V_1176       | mul | fabric | 0       |
|       mul_16s_9ns_25_1_0_U1750                                         | -   |        | r_V_1177       | mul | fabric | 0       |
|       r_V_1179_fu_9113091_p2                                           | -   |        | r_V_1179       | sub | fabric | 0       |
|       mul_16s_5s_21_1_0_U1139                                          | -   |        | r_V_1180       | mul | auto   | 0       |
|       mul_16s_8s_24_1_0_U1140                                          | -   |        | r_V_1181       | mul | fabric | 0       |
|       mul_16s_6s_22_1_0_U1141                                          | -   |        | r_V_1182       | mul | fabric | 0       |
|       mul_16s_7s_23_1_0_U898                                           | -   |        | r_V_1183       | mul | fabric | 0       |
|       mul_16s_7s_23_1_0_U899                                           | -   |        | r_V_1184       | mul | fabric | 0       |
|       mul_16s_9ns_25_1_0_U1142                                         | -   |        | r_V_1185       | mul | fabric | 0       |
|       mul_16s_9s_25_1_0_U1143                                          | -   |        | r_V_1186       | mul | fabric | 0       |
|       mul_16s_9ns_25_1_0_U1400                                         | -   |        | r_V_1187       | mul | fabric | 0       |
|       mul_16s_10ns_26_1_0_U1145                                        | -   |        | r_V_1188       | mul | fabric | 0       |
|       mul_16s_10ns_26_1_0_U1146                                        | -   |        | r_V_1189       | mul | fabric | 0       |
|       r_V_1190_fu_9113281_p2                                           | -   |        | r_V_1190       | sub | fabric | 0       |
|       mul_16s_9ns_25_1_0_U1403                                         | -   |        | r_V_1191       | mul | fabric | 0       |
|       mul_16s_9ns_25_1_0_U1838                                         | -   |        | r_V_1192       | mul | fabric | 0       |
|       mul_16s_7s_23_1_0_U862                                           | -   |        | r_V_1193       | mul | fabric | 0       |
|       mul_16s_10s_26_1_0_U1553                                         | -   |        | r_V_1194       | mul | fabric | 0       |
|       mul_16s_10ns_26_1_0_U1652                                        | -   |        | r_V_1195       | mul | fabric | 0       |
|       mul_16s_8s_24_1_0_U1130                                          | -   |        | r_V_1196       | mul | fabric | 0       |
|       r_V_1197_fu_9113405_p2                                           | -   |        | r_V_1197       | sub | fabric | 0       |
|       r_V_1198_fu_9113449_p2                                           | -   |        | r_V_1198       | add | fabric | 0       |
|       mul_16s_9s_25_1_0_U1223                                          | -   |        | r_V_1199       | mul | fabric | 0       |
|       mul_16s_9ns_25_1_0_U1798                                         | -   |        | r_V_1200       | mul | fabric | 0       |
|       mul_16s_8ns_24_1_0_U1427                                         | -   |        | r_V_1201       | mul | fabric | 0       |
|       mul_16s_9s_25_1_0_U1385                                          | -   |        | r_V_1202       | mul | fabric | 0       |
|       mul_16s_9ns_25_1_0_U1622                                         | -   |        | r_V_1203       | mul | fabric | 0       |
|       mul_16s_8s_24_1_0_U1572                                          | -   |        | r_V_1204       | mul | fabric | 0       |
|       mul_16s_6s_22_1_0_U1069                                          | -   |        | r_V_1205       | mul | fabric | 0       |
|       mul_16s_10ns_26_1_0_U1148                                        | -   |        | r_V_1206       | mul | fabric | 0       |
|       mul_16s_10ns_26_1_0_U919                                         | -   |        | r_V_1207       | mul | fabric | 0       |
|       mul_16s_10ns_26_1_0_U1487                                        | -   |        | r_V_1208       | mul | fabric | 0       |
|       mul_16s_10s_26_1_0_U1576                                         | -   |        | r_V_1209       | mul | fabric | 0       |
|       mul_16s_10ns_26_1_0_U1193                                        | -   |        | r_V_1210       | mul | fabric | 0       |
|       mul_16s_9ns_25_1_0_U1641                                         | -   |        | r_V_1211       | mul | fabric | 0       |
|       r_V_1212_fu_9113665_p2                                           | -   |        | r_V_1212       | sub | fabric | 0       |
|       r_V_1213_fu_9113685_p2                                           | -   |        | r_V_1213       | sub | fabric | 0       |
|       r_V_1214_fu_9113776_p2                                           | -   |        | r_V_1214       | sub | fabric | 0       |
|       mul_16s_10ns_26_1_0_U925                                         | -   |        | r_V_1215       | mul | fabric | 0       |
|       mul_16s_9ns_25_1_0_U1342                                         | -   |        | r_V_1216       | mul | fabric | 0       |
|       r_V_1217_fu_9113828_p2                                           | -   |        | r_V_1217       | sub | fabric | 0       |
|       mul_16s_10ns_26_1_0_U847                                         | -   |        | r_V_1218       | mul | fabric | 0       |
|       mul_16s_9s_25_1_0_U1544                                          | -   |        | r_V_1219       | mul | fabric | 0       |
|       mul_16s_9s_25_1_0_U895                                           | -   |        | r_V_1220       | mul | fabric | 0       |
|       r_V_1221_fu_9113894_p2                                           | -   |        | r_V_1221       | sub | fabric | 0       |
|       r_V_1222_fu_9113914_p2                                           | -   |        | r_V_1222       | sub | fabric | 0       |
|       mul_16s_9ns_25_1_0_U1398                                         | -   |        | r_V_1223       | mul | fabric | 0       |
|       r_V_1224_fu_9113948_p2                                           | -   |        | r_V_1224       | sub | fabric | 0       |
|       mul_16s_7s_23_1_0_U1088                                          | -   |        | r_V_1225       | mul | fabric | 0       |
|       mul_16s_7ns_23_1_0_U991                                          | -   |        | r_V_1226       | mul | fabric | 0       |
|       r_V_1227_fu_9114000_p2                                           | -   |        | r_V_1227       | sub | fabric | 0       |
|       mul_16s_8ns_24_1_0_U1888                                         | -   |        | r_V_1228       | mul | fabric | 0       |
|       r_V_1229_fu_9114054_p2                                           | -   |        | r_V_1229       | sub | fabric | 0       |
|       mul_16s_9ns_25_1_0_U900                                          | -   |        | r_V_1230       | mul | fabric | 0       |
|       mul_16s_8ns_24_1_0_U865                                          | -   |        | r_V_1231       | mul | fabric | 0       |
|       mul_16s_9ns_25_1_0_U1301                                         | -   |        | r_V_1232       | mul | fabric | 0       |
|       mul_16s_9s_25_1_0_U1302                                          | -   |        | r_V_1233       | mul | fabric | 0       |
|       r_V_1234_fu_9114138_p2                                           | -   |        | r_V_1234       | sub | fabric | 0       |
|       mul_16s_9ns_25_1_0_U1448                                         | -   |        | r_V_1236       | mul | fabric | 0       |
|       r_V_1237_fu_9114212_p2                                           | -   |        | r_V_1237       | sub | fabric | 0       |
|       mul_16s_9s_25_1_0_U1521                                          | -   |        | r_V_1238       | mul | fabric | 0       |
|       r_V_1239_fu_9114285_p2                                           | -   |        | r_V_1239       | sub | fabric | 0       |
|       mul_16s_9ns_25_1_0_U1090                                         | -   |        | r_V_1240       | mul | fabric | 0       |
|       mul_16s_9ns_25_1_0_U1091                                         | -   |        | r_V_1241       | mul | fabric | 0       |
|       mul_16s_8ns_24_1_0_U1588                                         | -   |        | r_V_1242       | mul | fabric | 0       |
|       mul_16s_9ns_25_1_0_U1845                                         | -   |        | r_V_1243       | mul | fabric | 0       |
|       mul_16s_8s_24_1_0_U1590                                          | -   |        | r_V_1244       | mul | fabric | 0       |
|       mul_16s_8ns_24_1_0_U1591                                         | -   |        | r_V_1245       | mul | fabric | 0       |
|       mul_16s_9ns_25_1_0_U1592                                         | -   |        | r_V_1246       | mul | fabric | 0       |
|       mul_16s_8s_24_1_0_U1593                                          | -   |        | r_V_1247       | mul | fabric | 0       |
|       r_V_1248_fu_9114441_p2                                           | -   |        | r_V_1248       | sub | fabric | 0       |
|       mul_16s_9ns_25_1_0_U1594                                         | -   |        | r_V_1249       | mul | fabric | 0       |
|       mul_16s_7s_23_1_0_U1595                                          | -   |        | r_V_1250       | mul | fabric | 0       |
|       r_V_1251_fu_9114501_p2                                           | -   |        | r_V_1251       | sub | fabric | 0       |
|       r_V_1252_fu_9114541_p2                                           | -   |        | r_V_1252       | sub | fabric | 0       |
|       mul_16s_8s_24_1_0_U1596                                          | -   |        | r_V_1253       | mul | fabric | 0       |
|       mul_16s_9ns_25_1_0_U1848                                         | -   |        | r_V_1254       | mul | fabric | 0       |
|       r_V_1255_fu_9114589_p2                                           | -   |        | r_V_1255       | sub | fabric | 0       |
|       mul_16s_8s_24_1_0_U1849                                          | -   |        | r_V_1256       | mul | fabric | 0       |
|       mul_16s_8ns_24_1_0_U1335                                         | -   |        | r_V_1257       | mul | fabric | 0       |
|       r_V_1259_fu_9114663_p2                                           | -   |        | r_V_1259       | add | fabric | 0       |
|       r_V_1260_fu_9114695_p2                                           | -   |        | r_V_1260       | sub | fabric | 0       |
|       mul_16s_6ns_22_1_0_U1600                                         | -   |        | r_V_1261       | mul | fabric | 0       |
|       mul_16s_8ns_24_1_0_U1851                                         | -   |        | r_V_1262       | mul | fabric | 0       |
|       mul_16s_9ns_25_1_0_U1601                                         | -   |        | r_V_1263       | mul | fabric | 0       |
|       mul_16s_6ns_22_1_0_U1602                                         | -   |        | r_V_1264       | mul | fabric | 0       |
|       r_V_1265_fu_9114771_p2                                           | -   |        | r_V_1265       | sub | fabric | 0       |
|       mul_16s_8s_24_1_0_U1603                                          | -   |        | r_V_1266       | mul | fabric | 0       |
|       mul_16s_8s_24_1_0_U1338                                          | -   |        | r_V_1267       | mul | fabric | 0       |
|       mul_16s_10ns_26_1_0_U1339                                        | -   |        | r_V_1269       | mul | fabric | 0       |
|       r_V_1270_fu_9114934_p2                                           | -   |        | r_V_1270       | add | fabric | 0       |
|       mul_16s_9ns_25_1_0_U1606                                         | -   |        | r_V_1271       | mul | fabric | 0       |
|       r_V_1272_fu_9114980_p2                                           | -   |        | r_V_1272       | sub | fabric | 0       |
|       mul_16s_8ns_24_1_0_U1341                                         | -   |        | r_V_1273       | mul | fabric | 0       |
|       mul_16s_9s_25_1_0_U1681                                          | -   |        | r_V_1274       | mul | fabric | 0       |
|       mul_16s_9ns_25_1_0_U1777                                         | -   |        | r_V_1275       | mul | fabric | 0       |
|       mul_16s_8ns_24_1_0_U941                                          | -   |        | r_V_1276       | mul | fabric | 0       |
|       mul_16s_5s_21_1_0_U1510                                          | -   |        | r_V_1277       | mul | auto   | 0       |
|       mul_16s_9s_25_1_0_U861                                           | -   |        | r_V_1278       | mul | fabric | 0       |
|       mul_16s_7ns_23_1_0_U1552                                         | -   |        | r_V_1279       | mul | fabric | 0       |
|       mul_16s_5s_21_1_0_U853                                           | -   |        | r_V_1280       | mul | auto   | 0       |
|       r_V_1281_fu_9115140_p2                                           | -   |        | r_V_1281       | sub | fabric | 0       |
|       r_V_1282_fu_9115190_p2                                           | -   |        | r_V_1282       | sub | fabric | 0       |
|       mul_16s_8ns_24_1_0_U1409                                         | -   |        | r_V_1283       | mul | fabric | 0       |
|       mul_16s_9s_25_1_0_U1843                                          | -   |        | r_V_1284       | mul | fabric | 0       |
|       mul_16s_10s_26_1_0_U1607                                         | -   |        | r_V_1285       | mul | fabric | 0       |
|       mul_16s_8ns_24_1_0_U964                                          | -   |        | r_V_1286       | mul | fabric | 0       |
|       r_V_1287_fu_9115300_p2                                           | -   |        | r_V_1287       | sub | fabric | 0       |
|       mul_16s_8s_24_1_0_U1654                                          | -   |        | r_V_1288       | mul | fabric | 0       |
|       mul_16s_8s_24_1_0_U1011                                          | -   |        | r_V_1289       | mul | fabric | 0       |
|       mul_16s_8ns_24_1_0_U1697                                         | -   |        | r_V_1290       | mul | fabric | 0       |
|       mul_16s_9s_25_1_0_U1801                                          | -   |        | r_V_1291       | mul | fabric | 0       |
|       r_V_1292_fu_9115392_p2                                           | -   |        | r_V_1292       | sub | fabric | 0       |
|       mul_16s_9s_25_1_0_U832                                           | -   |        | r_V_1293       | mul | fabric | 0       |
|       mul_16s_8ns_24_1_0_U918                                          | -   |        | r_V_1294       | mul | fabric | 0       |
|       mul_16s_7s_23_1_0_U1743                                          | -   |        | r_V_1295       | mul | fabric | 0       |
|       r_V_1296_fu_9115478_p2                                           | -   |        | r_V_1296       | sub | fabric | 0       |
|       mul_16s_6ns_22_1_0_U1575                                         | -   |        | r_V_1297       | mul | fabric | 0       |
|       mul_16s_8s_24_1_0_U1071                                          | -   |        | r_V_1298       | mul | fabric | 0       |
|       mul_16s_8ns_24_1_0_U1154                                         | -   |        | r_V_1299       | mul | fabric | 0       |
|       mul_16s_8s_24_1_0_U1240                                          | -   |        | r_V_1300       | mul | fabric | 0       |
|       mul_16s_7s_23_1_0_U1489                                          | -   |        | r_V_1301       | mul | fabric | 0       |
|       mul_16s_7s_23_1_0_U846                                           | -   |        | r_V_1302       | mul | fabric | 0       |
|       mul_16s_7ns_23_1_0_U938                                          | -   |        | r_V_1303       | mul | fabric | 0       |
|       mul_16s_8s_24_1_0_U1035                                          | -   |        | r_V_1304       | mul | fabric | 0       |
|       mul_16s_9ns_25_1_0_U1119                                         | -   |        | r_V_1305       | mul | fabric | 0       |
|       r_V_1306_fu_9115636_p2                                           | -   |        | r_V_1306       | sub | fabric | 0       |
|       mul_16s_6s_22_1_0_U1282                                          | -   |        | r_V_1307       | mul | fabric | 0       |
|       mul_16s_8s_24_1_0_U1653                                          | -   |        | r_V_1308       | mul | fabric | 0       |
|       r_V_1309_fu_9115684_p2                                           | -   |        | r_V_1309       | add | fabric | 0       |
|       mul_16s_9s_25_1_0_U910                                           | -   |        | r_V_1310       | mul | fabric | 0       |
|       mul_16s_6s_22_1_0_U911                                           | -   |        | r_V_1312       | mul | fabric | 0       |
|       r_V_1314_fu_9115884_p2                                           | -   |        | r_V_1314       | sub | fabric | 0       |
|       mul_16s_9ns_25_1_0_U912                                          | -   |        | r_V_1315       | mul | fabric | 0       |
|       mul_16s_9ns_25_1_0_U1270                                         | -   |        | r_V_1316       | mul | fabric | 0       |
|       mul_16s_9s_25_1_0_U1782                                          | -   |        | r_V_1317       | mul | fabric | 0       |
|       mul_16s_9ns_25_1_0_U922                                          | -   |        | r_V_1318       | mul | fabric | 0       |
|       mul_16s_10s_26_1_0_U1784                                         | -   |        | r_V_1319       | mul | fabric | 0       |
|       r_V_1320_fu_9115986_p2                                           | -   |        | r_V_1320       | sub | fabric | 0       |
|       r_V_1321_fu_9116006_p2                                           | -   |        | r_V_1321       | sub | fabric | 0       |
|       mul_16s_8s_24_1_0_U1541                                          | -   |        | r_V_1322       | mul | fabric | 0       |
|       mul_16s_8s_24_1_0_U1786                                          | -   |        | r_V_1323       | mul | fabric | 0       |
|       mul_16s_9ns_25_1_0_U926                                          | -   |        | r_V_1324       | mul | fabric | 0       |
|       mul_16s_7s_23_1_0_U927                                           | -   |        | r_V_1325       | mul | fabric | 0       |
|       mul_16s_9ns_25_1_0_U1788                                         | -   |        | r_V_1326       | mul | fabric | 0       |
|       mul_16s_7s_23_1_0_U1789                                          | -   |        | r_V_1327       | mul | fabric | 0       |
|       mul_16s_8ns_24_1_0_U1543                                         | -   |        | r_V_1328       | mul | fabric | 0       |
|       mul_16s_9s_25_1_0_U1790                                          | -   |        | r_V_1329       | mul | fabric | 0       |
|       mul_16s_8ns_24_1_0_U1791                                         | -   |        | r_V_1330       | mul | fabric | 0       |
|       mul_16s_9s_25_1_0_U1792                                          | -   |        | r_V_1331       | mul | fabric | 0       |
|       mul_16s_9ns_25_1_0_U930                                          | -   |        | r_V_1332       | mul | fabric | 0       |
|       mul_16s_9s_25_1_0_U931                                           | -   |        | r_V_1333       | mul | fabric | 0       |
|       mul_16s_9ns_25_1_0_U1793                                         | -   |        | r_V_1334       | mul | fabric | 0       |
|       r_V_1335_fu_9116280_p2                                           | -   |        | r_V_1335       | sub | fabric | 0       |
|       mul_16s_9s_25_1_0_U1546                                          | -   |        | r_V_1336       | mul | fabric | 0       |
|       mul_16s_7ns_23_1_0_U932                                          | -   |        | r_V_1337       | mul | fabric | 0       |
|       mul_16s_9ns_25_1_0_U933                                          | -   |        | r_V_1338       | mul | fabric | 0       |
|       r_V_1339_fu_9116358_p2                                           | -   |        | r_V_1339       | sub | fabric | 0       |
|       mul_16s_8s_24_1_0_U1281                                          | -   |        | r_V_1340       | mul | fabric | 0       |
|       r_V_1341_fu_9116400_p2                                           | -   |        | r_V_1341       | add | fabric | 0       |
|       mul_16s_9ns_25_1_0_U1797                                         | -   |        | r_V_1342       | mul | fabric | 0       |
|       mul_16s_8ns_24_1_0_U936                                          | -   |        | r_V_1343       | mul | fabric | 0       |
|       mul_16s_6ns_22_1_0_U1179                                         | -   |        | r_V_1344       | mul | fabric | 0       |
|       r_V_1345_fu_9116474_p2                                           | -   |        | r_V_1345       | sub | fabric | 0       |
|       mul_16s_9s_25_1_0_U1194                                          | -   |        | r_V_1346       | mul | fabric | 0       |
|       r_V_1347_fu_9116508_p2                                           | -   |        | r_V_1347       | sub | fabric | 0       |
|       mul_16s_10ns_26_1_0_U1032                                        | -   |        | r_V_1348       | mul | fabric | 0       |
|       mul_16s_7ns_23_1_0_U1723                                         | -   |        | r_V_1349       | mul | fabric | 0       |
|       mul_16s_7s_23_1_0_U1492                                          | -   |        | r_V_1350       | mul | fabric | 0       |
|       mul_16s_9ns_25_1_0_U849                                          | -   |        | r_V_1351       | mul | fabric | 0       |
|       mul_16s_8s_24_1_0_U1405                                          | -   |        | r_V_1352       | mul | fabric | 0       |
|       r_V_1353_fu_9116602_p2                                           | -   |        | r_V_1353       | sub | fabric | 0       |
|       mul_16s_9s_25_1_0_U1509                                          | -   |        | r_V_1354       | mul | fabric | 0       |
|       mul_16s_9ns_25_1_0_U1598                                         | -   |        | r_V_1355       | mul | fabric | 0       |
|       mul_16s_9s_25_1_0_U1687                                          | -   |        | r_V_1356       | mul | fabric | 0       |
|       mul_16s_9ns_25_1_0_U1175                                         | -   |        | r_V_1357       | mul | fabric | 0       |
|       mul_16s_6s_22_1_0_U1257                                          | -   |        | r_V_1358       | mul | fabric | 0       |
|       mul_16s_8s_24_1_0_U902                                           | -   |        | r_V_1359       | mul | fabric | 0       |
|       mul_16s_8ns_24_1_0_U1001                                         | -   |        | r_V_1360       | mul | fabric | 0       |
|       mul_16s_7s_23_1_0_U1558                                          | -   |        | r_V_1361       | mul | fabric | 0       |
|       mul_16s_8s_24_1_0_U1058                                          | -   |        | r_V_1362       | mul | fabric | 0       |
|       mul_16s_7ns_23_1_0_U1737                                         | -   |        | r_V_1363       | mul | fabric | 0       |
|       mul_16s_9s_25_1_0_U1046                                          | -   |        | r_V_1364       | mul | fabric | 0       |
|       mul_16s_10ns_26_1_0_U1327                                        | -   |        | r_V_1365       | mul | fabric | 0       |
|       mul_16s_8s_24_1_0_U1096                                          | -   |        | r_V_1366       | mul | fabric | 0       |
|       mul_16s_6s_22_1_0_U1657                                          | -   |        | r_V_1367       | mul | fabric | 0       |
|       mul_16s_10s_26_1_0_U1271                                         | -   |        | r_V_1368       | mul | fabric | 0       |
|       mul_16s_8s_24_1_0_U1103                                          | -   |        | r_V_1369       | mul | fabric | 0       |
|       mul_16s_7ns_23_1_0_U1328                                         | -   |        | r_V_1370       | mul | fabric | 0       |
|       mul_16s_8ns_24_1_0_U1570                                         | -   |        | r_V_1371       | mul | fabric | 0       |
|       mul_16s_10s_26_1_0_U1533                                         | -   |        | r_V_1372       | mul | fabric | 0       |
|       mul_16s_8s_24_1_0_U881                                           | -   |        | r_V_1373       | mul | fabric | 0       |
|       mul_16s_9s_25_1_0_U1579                                          | -   |        | r_V_1374       | mul | fabric | 0       |
|       mul_16s_10s_26_1_0_U1631                                         | -   |        | r_V_1375       | mul | fabric | 0       |
|       mul_16s_9ns_25_1_0_U877                                          | -   |        | r_V_1376       | mul | fabric | 0       |
|       mul_16s_8s_24_1_0_U878                                           | -   |        | r_V_1377       | mul | fabric | 0       |
|       mul_16s_9ns_25_1_0_U1236                                         | -   |        | r_V_1378       | mul | fabric | 0       |
|       mul_16s_9ns_25_1_0_U1237                                         | -   |        | r_V_1379       | mul | fabric | 0       |
|       mul_16s_5ns_21_1_0_U1363                                         | -   |        | r_V_1380       | mul | auto   | 0       |
|       mul_16s_10s_26_1_0_U1632                                         | -   |        | r_V_1381       | mul | fabric | 0       |
|       r_V_1382_fu_9117056_p2                                           | -   |        | r_V_1382       | sub | fabric | 0       |
|       r_V_1383_fu_9117088_p2                                           | -   |        | r_V_1383       | sub | fabric | 0       |
|       r_V_1384_fu_9117108_p2                                           | -   |        | r_V_1384       | sub | fabric | 0       |
|       mul_16s_9ns_25_1_0_U1364                                         | -   |        | r_V_1385       | mul | fabric | 0       |
|       mul_16s_8ns_24_1_0_U1633                                         | -   |        | r_V_1386       | mul | fabric | 0       |
|       mul_16s_9s_25_1_0_U873                                           | -   |        | r_V_1387       | mul | fabric | 0       |
|       mul_16s_10ns_26_1_0_U1365                                        | -   |        | r_V_1388       | mul | fabric | 0       |
|       mul_16s_10s_26_1_0_U1366                                         | -   |        | r_V_1389       | mul | fabric | 0       |
|       r_V_1390_fu_9117260_p2                                           | -   |        | r_V_1390       | sub | fabric | 0       |
|       r_V_1391_fu_9117280_p2                                           | -   |        | r_V_1391       | sub | fabric | 0       |
|       mul_16s_9s_25_1_0_U1367                                          | -   |        | r_V_1392       | mul | fabric | 0       |
|       r_V_1393_fu_9117346_p2                                           | -   |        | r_V_1393       | add | fabric | 0       |
|       mul_16s_9ns_25_1_0_U1368                                         | -   |        | r_V_1394       | mul | fabric | 0       |
|       mul_16s_7s_23_1_0_U1369                                          | -   |        | r_V_1396       | mul | fabric | 0       |
|       mul_16s_7ns_23_1_0_U1370                                         | -   |        | r_V_1397       | mul | fabric | 0       |
|       mul_16s_8s_24_1_0_U1371                                          | -   |        | r_V_1398       | mul | fabric | 0       |
|       sub_ln1273_324_fu_9117494_p2                                     | -   |        | sub_ln1273_324 | sub | fabric | 0       |
|       r_V_1399_fu_9117500_p2                                           | -   |        | r_V_1399       | sub | fabric | 0       |
|       r_V_1400_fu_9117520_p2                                           | -   |        | r_V_1400       | sub | fabric | 0       |
|       mul_16s_8ns_24_1_0_U1372                                         | -   |        | r_V_1401       | mul | fabric | 0       |
|       mul_16s_9ns_25_1_0_U1647                                         | -   |        | r_V_1402       | mul | fabric | 0       |
|       mul_16s_6s_22_1_0_U1374                                          | -   |        | r_V_1403       | mul | fabric | 0       |
|       mul_16s_8ns_24_1_0_U1375                                         | -   |        | r_V_1404       | mul | fabric | 0       |
|       mul_16s_8s_24_1_0_U1376                                          | -   |        | r_V_1405       | mul | fabric | 0       |
|       mul_16s_8ns_24_1_0_U1377                                         | -   |        | r_V_1406       | mul | fabric | 0       |
|       mul_16s_9ns_25_1_0_U1378                                         | -   |        | r_V_1407       | mul | fabric | 0       |
|       r_V_1408_fu_9117634_p2                                           | -   |        | r_V_1408       | sub | fabric | 0       |
|       mul_16s_8ns_24_1_0_U1731                                         | -   |        | r_V_1410       | mul | fabric | 0       |
|       mul_16s_9ns_25_1_0_U1380                                         | -   |        | r_V_1411       | mul | fabric | 0       |
|       mul_16s_7ns_23_1_0_U1381                                         | -   |        | r_V_1412       | mul | fabric | 0       |
|       r_V_1413_fu_9117744_p2                                           | -   |        | r_V_1413       | sub | fabric | 0       |
|       mul_16s_6ns_22_1_0_U1643                                         | -   |        | r_V_1414       | mul | fabric | 0       |
|       r_V_1415_fu_9117778_p2                                           | -   |        | r_V_1415       | sub | fabric | 0       |
|       r_V_1416_fu_9117810_p2                                           | -   |        | r_V_1416       | sub | fabric | 0       |
|       mul_16s_8s_24_1_0_U1908                                          | -   |        | r_V_1417       | mul | fabric | 0       |
|       mul_16s_9ns_25_1_0_U1387                                         | -   |        | r_V_1418       | mul | fabric | 0       |
|       mul_16s_8s_24_1_0_U1630                                          | -   |        | r_V_1419       | mul | fabric | 0       |
|       r_V_1420_fu_9117934_p2                                           | -   |        | r_V_1420       | sub | fabric | 0       |
|       mul_16s_8ns_24_1_0_U1383                                         | -   |        | r_V_1421       | mul | fabric | 0       |
|       mul_16s_8ns_24_1_0_U1810                                         | -   |        | r_V_1422       | mul | fabric | 0       |
|       mul_16s_8ns_24_1_0_U1911                                         | -   |        | r_V_1423       | mul | fabric | 0       |
|       mul_16s_8s_24_1_0_U1393                                          | -   |        | r_V_1424       | mul | fabric | 0       |
|       mul_16s_7ns_23_1_0_U883                                          | -   |        | r_V_1425       | mul | fabric | 0       |
|       mul_16s_8s_24_1_0_U1446                                          | -   |        | r_V_1426       | mul | fabric | 0       |
|       mul_16s_8ns_24_1_0_U940                                          | -   |        | r_V_1427       | mul | fabric | 0       |
|       mul_16s_7ns_23_1_0_U1038                                         | -   |        | r_V_1428       | mul | fabric | 0       |
|       r_V_1429_fu_9118066_p2                                           | -   |        | r_V_1429       | sub | fabric | 0       |
|       r_V_1430_fu_9118098_p2                                           | -   |        | r_V_1430       | sub | fabric | 0       |
|       mul_16s_9ns_25_1_0_U1726                                         | -   |        | r_V_1431       | mul | fabric | 0       |
|       mul_16s_8s_24_1_0_U1209                                          | -   |        | r_V_1432       | mul | fabric | 0       |
|       mul_16s_9ns_25_1_0_U992                                          | -   |        | r_V_1433       | mul | fabric | 0       |
|       r_V_1434_fu_9118184_p2                                           | -   |        | r_V_1434       | sub | fabric | 0       |
|       mul_16s_5s_21_1_0_U1083                                          | -   |        | r_V_1436       | mul | auto   | 0       |
|       r_V_1437_fu_9118244_p2                                           | -   |        | r_V_1437       | sub | fabric | 0       |
|       mul_16s_9ns_25_1_0_U901                                          | -   |        | r_V_1438       | mul | fabric | 0       |
|       r_V_1439_fu_9118278_p2                                           | -   |        | r_V_1439       | add | fabric | 0       |
|       mul_16s_8ns_24_1_0_U1605                                         | -   |        | r_V_1440       | mul | fabric | 0       |
|       r_V_1441_fu_9118312_p2                                           | -   |        | r_V_1441       | add | fabric | 0       |
|       mul_16s_8ns_24_1_0_U1836                                         | -   |        | r_V_1442       | mul | fabric | 0       |
|       r_V_1443_fu_9118358_p2                                           | -   |        | r_V_1443       | sub | fabric | 0       |
|       mul_16s_9s_25_1_0_U1787                                          | -   |        | r_V_1444       | mul | fabric | 0       |
|       mul_16s_9s_25_1_0_U1890                                          | -   |        | r_V_1445       | mul | fabric | 0       |
|       mul_16s_9s_25_1_0_U1045                                          | -   |        | r_V_1446       | mul | fabric | 0       |
|       r_V_1447_fu_9118483_p2                                           | -   |        | r_V_1447       | sub | fabric | 0       |
|       mul_16s_8s_24_1_0_U1610                                          | -   |        | r_V_1448       | mul | fabric | 0       |
|       mul_16s_9ns_25_1_0_U1694                                         | -   |        | r_V_1450       | mul | fabric | 0       |
|       sub_ln1273_343_fu_9118601_p2                                     | -   |        | sub_ln1273_343 | sub | fabric | 0       |
|       r_V_1451_fu_9118607_p2                                           | -   |        | r_V_1451       | sub | fabric | 0       |
|       r_V_1452_fu_9118627_p2                                           | -   |        | r_V_1452       | sub | fabric | 0       |
|       mul_16s_9ns_25_1_0_U1064                                         | -   |        | r_V_1454       | mul | fabric | 0       |
|       mul_16s_9s_25_1_0_U1420                                          | -   |        | r_V_1455       | mul | fabric | 0       |
|       mul_16s_8s_24_1_0_U1850                                          | -   |        | r_V_1456       | mul | fabric | 0       |
|       mul_16s_9ns_25_1_0_U1009                                         | -   |        | r_V_1457       | mul | fabric | 0       |
|       r_V_1458_fu_9118737_p2                                           | -   |        | r_V_1458       | sub | fabric | 0       |
|       mul_16s_8s_24_1_0_U1583                                          | -   |        | r_V_1459       | mul | fabric | 0       |
|       r_V_1460_fu_9118771_p2                                           | -   |        | r_V_1460       | sub | fabric | 0       |
|       mul_16s_9ns_25_1_0_U1584                                         | -   |        | r_V_1461       | mul | fabric | 0       |
|       r_V_1462_fu_9118805_p2                                           | -   |        | r_V_1462       | add | fabric | 0       |
|       mul_16s_10ns_26_1_0_U1203                                        | -   |        | r_V_1463       | mul | fabric | 0       |
|       mul_16s_9s_25_1_0_U1585                                          | -   |        | r_V_1464       | mul | fabric | 0       |
|       mul_16s_9ns_25_1_0_U1586                                         | -   |        | r_V_1465       | mul | fabric | 0       |
|       mul_16s_7ns_23_1_0_U1567                                         | -   |        | r_V_1466       | mul | fabric | 0       |
|       r_V_1467_fu_9118873_p2                                           | -   |        | r_V_1467       | sub | fabric | 0       |
|       r_V_1468_fu_9118893_p2                                           | -   |        | r_V_1468       | sub | fabric | 0       |
|       mul_16s_8s_24_1_0_U1568                                          | -   |        | r_V_1469       | mul | fabric | 0       |
|       r_V_1470_fu_9118927_p2                                           | -   |        | r_V_1470       | sub | fabric | 0       |
|       mul_16s_8s_24_1_0_U1303                                          | -   |        | r_V_1471       | mul | fabric | 0       |
|       r_V_1472_fu_9119012_p2                                           | -   |        | r_V_1472       | sub | fabric | 0       |
|       r_V_1473_fu_9119056_p2                                           | -   |        | r_V_1473       | sub | fabric | 0       |
|       mul_16s_10ns_26_1_0_U1581                                        | -   |        | r_V_1474       | mul | fabric | 0       |
|       mul_16s_6s_22_1_0_U1305                                          | -   |        | r_V_1475       | mul | fabric | 0       |
|       mul_16s_8ns_24_1_0_U1306                                         | -   |        | r_V_1476       | mul | fabric | 0       |
|       mul_16s_6s_22_1_0_U1072                                          | -   |        | r_V_1477       | mul | fabric | 0       |
|       mul_16s_10s_26_1_0_U1073                                         | -   |        | r_V_1478       | mul | fabric | 0       |
|       mul_16s_9ns_25_1_0_U1309                                         | -   |        | r_V_1479       | mul | fabric | 0       |
|       mul_16s_10s_26_1_0_U1310                                         | -   |        | r_V_1480       | mul | fabric | 0       |
|       mul_16s_10s_26_1_0_U1311                                         | -   |        | r_V_1481       | mul | fabric | 0       |
|       mul_16s_8s_24_1_0_U1312                                          | -   |        | r_V_1482       | mul | fabric | 0       |
|       mul_16s_8ns_24_1_0_U1313                                         | -   |        | r_V_1483       | mul | fabric | 0       |
|       mul_16s_8ns_24_1_0_U827                                          | -   |        | r_V_1484       | mul | fabric | 0       |
|       mul_16s_8s_24_1_0_U1573                                          | -   |        | r_V_1485       | mul | fabric | 0       |
|       mul_16s_10s_26_1_0_U1314                                         | -   |        | r_V_1486       | mul | fabric | 0       |
|       mul_16s_9ns_25_1_0_U1315                                         | -   |        | r_V_1487       | mul | fabric | 0       |
|       r_V_1488_fu_9119260_p2                                           | -   |        | r_V_1488       | add | fabric | 0       |
|       mul_16s_9s_25_1_0_U1316                                          | -   |        | r_V_1489       | mul | fabric | 0       |
|       mul_16s_8s_24_1_0_U1317                                          | -   |        | r_V_1490       | mul | fabric | 0       |
|       r_V_1491_fu_9119328_p2                                           | -   |        | r_V_1491       | add | fabric | 0       |
|       mul_16s_9ns_25_1_0_U831                                          | -   |        | r_V_1492       | mul | fabric | 0       |
|       r_V_1493_fu_9119358_p2                                           | -   |        | r_V_1493       | add | fabric | 0       |
|       mul_16s_9s_25_1_0_U1684                                          | -   |        | r_V_1494       | mul | fabric | 0       |
|       mul_16s_8ns_24_1_0_U1319                                         | -   |        | r_V_1495       | mul | fabric | 0       |
|       mul_16s_9s_25_1_0_U1081                                          | -   |        | r_V_1496       | mul | fabric | 0       |
|       mul_16s_10s_26_1_0_U1597                                         | -   |        | r_V_1497       | mul | fabric | 0       |
|       mul_16s_10s_26_1_0_U1686                                         | -   |        | r_V_1498       | mul | fabric | 0       |
|       mul_16s_9s_25_1_0_U1520                                          | -   |        | r_V_1499       | mul | fabric | 0       |
|       r_V_1500_fu_9119472_p2                                           | -   |        | r_V_1500       | add | fabric | 0       |
|       mul_16s_9s_25_1_0_U1128                                          | -   |        | r_V_1501       | mul | fabric | 0       |
|       mul_16s_8s_24_1_0_U1098                                          | -   |        | r_V_1502       | mul | fabric | 0       |
|       mul_16s_9s_25_1_0_U1796                                          | -   |        | r_V_1503       | mul | fabric | 0       |
|       r_V_1504_fu_9119602_p2                                           | -   |        | r_V_1504       | sub | fabric | 0       |
|       r_V_1505_fu_9119622_p2                                           | -   |        | r_V_1505       | sub | fabric | 0       |
|       mul_16s_8s_24_1_0_U1899                                          | -   |        | r_V_1506       | mul | fabric | 0       |
|       r_V_1507_fu_9119680_p2                                           | -   |        | r_V_1507       | sub | fabric | 0       |
|       mul_16s_9s_25_1_0_U914                                           | -   |        | r_V_1508       | mul | fabric | 0       |
|       mul_16s_7ns_23_1_0_U1477                                         | -   |        | r_V_1509       | mul | fabric | 0       |
|       mul_16s_8s_24_1_0_U1571                                          | -   |        | r_V_1510       | mul | fabric | 0       |
|       mul_16s_10s_26_1_0_U1068                                         | -   |        | r_V_1511       | mul | fabric | 0       |
|       mul_16s_10ns_26_1_0_U1905                                        | -   |        | r_V_1512       | mul | fabric | 0       |
|       mul_16s_10ns_26_1_0_U1859                                        | -   |        | r_V_1514       | mul | fabric | 0       |
|       mul_16s_6s_22_1_0_U1334                                          | -   |        | r_V_1515       | mul | fabric | 0       |
|       r_V_1516_fu_9119840_p2                                           | -   |        | r_V_1516       | sub | fabric | 0       |
|       mul_16s_9s_25_1_0_U844                                           | -   |        | r_V_1517       | mul | fabric | 0       |
|       mul_16s_8ns_24_1_0_U1070                                         | -   |        | r_V_1518       | mul | fabric | 0       |
|       mul_16s_8s_24_1_0_U1435                                          | -   |        | r_V_1519       | mul | fabric | 0       |
|       mul_16s_8ns_24_1_0_U1720                                         | -   |        | r_V_1520       | mul | fabric | 0       |
|       r_V_1521_fu_9119979_p2                                           | -   |        | r_V_1521       | sub | fabric | 0       |
|       r_V_1522_fu_9120011_p2                                           | -   |        | r_V_1522       | add | fabric | 0       |
|       mul_16s_9ns_25_1_0_U880                                          | -   |        | r_V_1523       | mul | fabric | 0       |
|       mul_16s_7ns_23_1_0_U1295                                         | -   |        | r_V_1524       | mul | fabric | 0       |
|       mul_16s_8s_24_1_0_U1676                                          | -   |        | r_V_1525       | mul | fabric | 0       |
|       mul_16s_7s_23_1_0_U1644                                          | -   |        | r_V_1526       | mul | fabric | 0       |
|       mul_16s_10s_26_1_0_U1725                                         | -   |        | r_V_1527       | mul | fabric | 0       |
|       mul_16s_9s_25_1_0_U1345                                          | -   |        | r_V_1528       | mul | fabric | 0       |
|       mul_16s_9ns_25_1_0_U1778                                         | -   |        | r_V_1529       | mul | fabric | 0       |
|       mul_16s_9ns_25_1_0_U1886                                         | -   |        | r_V_1530       | mul | fabric | 0       |
|       mul_16s_9ns_25_1_0_U1359                                         | -   |        | r_V_1531       | mul | fabric | 0       |
|       r_V_1532_fu_9120161_p2                                           | -   |        | r_V_1532       | sub | fabric | 0       |
|       r_V_1533_fu_9120181_p2                                           | -   |        | r_V_1533       | sub | fabric | 0       |
|       mul_16s_8ns_24_1_0_U1458                                         | -   |        | r_V_1534       | mul | fabric | 0       |
|       mul_16s_7s_23_1_0_U1178                                          | -   |        | r_V_1536       | mul | fabric | 0       |
|       mul_16s_7s_23_1_0_U819                                           | -   |        | r_V_1537       | mul | fabric | 0       |
|       r_V_1538_fu_9120277_p2                                           | -   |        | r_V_1538       | sub | fabric | 0       |
|       mul_16s_7s_23_1_0_U820                                           | -   |        | r_V_1539       | mul | fabric | 0       |
|       mul_16s_9ns_25_1_0_U821                                          | -   |        | r_V_1540       | mul | fabric | 0       |
|       mul_16s_8s_24_1_0_U1751                                          | -   |        | r_V_1541       | mul | fabric | 0       |
|       mul_16s_7ns_23_1_0_U1519                                         | -   |        | r_V_1542       | mul | fabric | 0       |
|       r_V_1543_fu_9120353_p2                                           | -   |        | r_V_1543       | sub | fabric | 0       |
|       mul_16s_7ns_23_1_0_U1753                                         | -   |        | r_V_1544       | mul | fabric | 0       |
|       mul_16s_9s_25_1_0_U1754                                          | -   |        | r_V_1545       | mul | fabric | 0       |
|       r_V_1546_fu_9120442_p2                                           | -   |        | r_V_1546       | sub | fabric | 0       |
|       mul_16s_7s_23_1_0_U1755                                          | -   |        | r_V_1547       | mul | fabric | 0       |
|       r_V_1548_fu_9120504_p2                                           | -   |        | r_V_1548       | sub | fabric | 0       |
|       r_V_1549_fu_9120548_p2                                           | -   |        | r_V_1549       | sub | fabric | 0       |
|       mul_16s_7s_23_1_0_U1756                                          | -   |        | r_V_1550       | mul | fabric | 0       |
|       mul_16s_7ns_23_1_0_U1757                                         | -   |        | r_V_1551       | mul | fabric | 0       |
|       sub_ln1273_369_fu_9120608_p2                                     | -   |        | sub_ln1273_369 | sub | fabric | 0       |
|       r_V_1552_fu_9120614_p2                                           | -   |        | r_V_1552       | sub | fabric | 0       |
|       mul_16s_7ns_23_1_0_U1758                                         | -   |        | r_V_1553       | mul | fabric | 0       |
|       r_V_1554_fu_9120660_p2                                           | -   |        | r_V_1554       | sub | fabric | 0       |
|       mul_16s_7ns_23_1_0_U1759                                         | -   |        | r_V_1555       | mul | fabric | 0       |
|       mul_16s_8ns_24_1_0_U1760                                         | -   |        | r_V_1556       | mul | fabric | 0       |
|       mul_16s_8s_24_1_0_U1761                                          | -   |        | r_V_1557       | mul | fabric | 0       |
|       mul_16s_9s_25_1_0_U1526                                          | -   |        | r_V_1558       | mul | fabric | 0       |
|       r_V_1559_fu_9120732_p2                                           | -   |        | r_V_1559       | sub | fabric | 0       |
|       mul_16s_7s_23_1_0_U1763                                          | -   |        | r_V_1560       | mul | fabric | 0       |
|       r_V_1561_fu_9120778_p2                                           | -   |        | r_V_1561       | sub | fabric | 0       |
|       mul_16s_8s_24_1_0_U1764                                          | -   |        | r_V_1562       | mul | fabric | 0       |
|       mul_16s_9ns_25_1_0_U1765                                         | -   |        | r_V_1563       | mul | fabric | 0       |
|       r_V_1564_fu_9120840_p2                                           | -   |        | r_V_1564       | sub | fabric | 0       |
|       r_V_1565_fu_9120872_p2                                           | -   |        | r_V_1565       | sub | fabric | 0       |
|       r_V_1566_fu_9120964_p2                                           | -   |        | r_V_1566       | sub | fabric | 0       |
|       mul_16s_10s_26_1_0_U1766                                         | -   |        | r_V_1568       | mul | fabric | 0       |
|       r_V_1569_fu_9121020_p2                                           | -   |        | r_V_1569       | sub | fabric | 0       |
|       mul_16s_9s_25_1_0_U1767                                          | -   |        | r_V_1570       | mul | fabric | 0       |
|       r_V_1571_fu_9121050_p2                                           | -   |        | r_V_1571       | sub | fabric | 0       |
|       mul_16s_9ns_25_1_0_U1768                                         | -   |        | r_V_1572       | mul | fabric | 0       |
|       mul_16s_10ns_26_1_0_U906                                         | -   |        | r_V_1573       | mul | fabric | 0       |
|       mul_16s_8s_24_1_0_U1769                                          | -   |        | r_V_1574       | mul | fabric | 0       |
|       mul_16s_8ns_24_1_0_U908                                          | -   |        | r_V_1575       | mul | fabric | 0       |
|       r_V_1576_fu_9121122_p2                                           | -   |        | r_V_1576       | sub | fabric | 0       |
|       mul_16s_8s_24_1_0_U1022                                          | -   |        | r_V_1577       | mul | fabric | 0       |
|       r_V_1578_fu_9121172_p2                                           | -   |        | r_V_1578       | sub | fabric | 0       |
|       mul_16s_8s_24_1_0_U909                                           | -   |        | r_V_1579       | mul | fabric | 0       |
|       mul_16s_9s_25_1_0_U1679                                          | -   |        | r_V_1580       | mul | fabric | 0       |
|       mul_16s_10ns_26_1_0_U1712                                        | -   |        | r_V_1581       | mul | fabric | 0       |
|       mul_16s_9s_25_1_0_U1248                                          | -   |        | r_V_1582       | mul | fabric | 0       |
|       r_V_1583_fu_9121256_p2                                           | -   |        | r_V_1583       | sub | fabric | 0       |
|       mul_16s_8ns_24_1_0_U896                                          | -   |        | r_V_1584       | mul | fabric | 0       |
|       r_V_1585_fu_9121298_p2                                           | -   |        | r_V_1585       | sub | fabric | 0       |
|       mul_16s_7s_23_1_0_U1121                                          | -   |        | r_V_1586       | mul | fabric | 0       |
|       mul_16s_10ns_26_1_0_U1831                                        | -   |        | r_V_1587       | mul | fabric | 0       |
|       mul_16s_6ns_22_1_0_U1650                                         | -   |        | r_V_1588       | mul | fabric | 0       |
|       r_V_1589_fu_9121368_p2                                           | -   |        | r_V_1589       | add | fabric | 0       |
|       mul_16s_10ns_26_1_0_U1407                                        | -   |        | r_V_1590       | mul | fabric | 0       |
|       mul_16s_9ns_25_1_0_U1362                                         | -   |        | r_V_1591       | mul | fabric | 0       |
|       r_V_1592_fu_9121471_p2                                           | -   |        | r_V_1592       | sub | fabric | 0       |
|       mul_16s_9ns_25_1_0_U866                                          | -   |        | r_V_1593       | mul | fabric | 0       |
|       mul_16s_7s_23_1_0_U824                                           | -   |        | r_V_1594       | mul | fabric | 0       |
|       mul_16s_8ns_24_1_0_U913                                          | -   |        | r_V_1595       | mul | fabric | 0       |
|       r_V_1596_fu_9121557_p2                                           | -   |        | r_V_1596       | sub | fabric | 0       |
|       mul_16s_9s_25_1_0_U1618                                          | -   |        | r_V_1597       | mul | fabric | 0       |
|       mul_16s_9s_25_1_0_U1102                                          | -   |        | r_V_1598       | mul | fabric | 0       |
|       r_V_1599_fu_9121605_p2                                           | -   |        | r_V_1599       | sub | fabric | 0       |
|       r_V_1600_fu_9121637_p2                                           | -   |        | r_V_1600       | sub | fabric | 0       |
|       mul_16s_8ns_24_1_0_U1325                                         | -   |        | r_V_1601       | mul | fabric | 0       |
|       r_V_1602_fu_9121671_p2                                           | -   |        | r_V_1602       | sub | fabric | 0       |
|       mul_16s_8ns_24_1_0_U968                                          | -   |        | r_V_1603       | mul | fabric | 0       |
|       mul_16s_8s_24_1_0_U1528                                          | -   |        | r_V_1604       | mul | fabric | 0       |
|       mul_16s_9ns_25_1_0_U876                                          | -   |        | r_V_1605       | mul | fabric | 0       |
|       r_V_1606_fu_9121733_p2                                           | -   |        | r_V_1606       | sub | fabric | 0       |
|       mul_16s_6s_22_1_0_U980                                           | -   |        | r_V_1607       | mul | fabric | 0       |
|       mul_16s_10s_26_1_0_U1670                                         | -   |        | r_V_1608       | mul | fabric | 0       |
|       mul_16s_9s_25_1_0_U1909                                          | -   |        | r_V_1609       | mul | fabric | 0       |
|       mul_16s_7ns_23_1_0_U1389                                         | -   |        | r_V_1610       | mul | fabric | 0       |
|       mul_16s_6s_22_1_0_U879                                           | -   |        | r_V_1611       | mul | fabric | 0       |
|       mul_16s_8ns_24_1_0_U1578                                         | -   |        | r_V_1612       | mul | fabric | 0       |
|       mul_16s_8ns_24_1_0_U1075                                         | -   |        | r_V_1613       | mul | fabric | 0       |
|       mul_16s_5s_21_1_0_U1034                                          | -   |        | r_V_1614       | mul | auto   | 0       |
|       r_V_1615_fu_9121893_p2                                           | -   |        | r_V_1615       | sub | fabric | 0       |
|       r_V_1616_fu_9121925_p2                                           | -   |        | r_V_1616       | sub | fabric | 0       |
|       mul_16s_9ns_25_1_0_U1724                                         | -   |        | r_V_1617       | mul | fabric | 0       |
|       r_V_1619_fu_9122065_p2                                           | -   |        | r_V_1619       | sub | fabric | 0       |
|       mul_16s_9ns_25_1_0_U1828                                         | -   |        | r_V_1620       | mul | fabric | 0       |
|       mul_16s_6ns_22_1_0_U1901                                         | -   |        | r_V_1621       | mul | fabric | 0       |
|       r_V_1622_fu_9122125_p2                                           | -   |        | r_V_1622       | sub | fabric | 0       |
|       r_V_1623_fu_9122145_p2                                           | -   |        | r_V_1623       | sub | fabric | 0       |
|       r_V_1624_fu_9122181_p2                                           | -   |        | r_V_1624       | sub | fabric | 0       |
|       mul_16s_9ns_25_1_0_U1902                                         | -   |        | r_V_1625       | mul | fabric | 0       |
|       mul_16s_7s_23_1_0_U1529                                          | -   |        | r_V_1626       | mul | fabric | 0       |
|       mul_16s_5s_21_1_0_U1530                                          | -   |        | r_V_1627       | mul | auto   | 0       |
|       mul_16s_7s_23_1_0_U1531                                          | -   |        | r_V_1628       | mul | fabric | 0       |
|       r_V_1629_fu_9122253_p2                                           | -   |        | r_V_1629       | add | fabric | 0       |
|       mul_16s_8ns_24_1_0_U1698                                         | -   |        | r_V_1630       | mul | fabric | 0       |
|       r_V_1631_fu_9122287_p2                                           | -   |        | r_V_1631       | sub | fabric | 0       |
|       r_V_1632_fu_9122331_p2                                           | -   |        | r_V_1632       | sub | fabric | 0       |
|       mul_16s_9s_25_1_0_U1699                                          | -   |        | r_V_1633       | mul | fabric | 0       |
|       mul_16s_8ns_24_1_0_U967                                          | -   |        | r_V_1634       | mul | fabric | 0       |
|       mul_16s_8s_24_1_0_U1701                                          | -   |        | r_V_1635       | mul | fabric | 0       |
|       mul_16s_7s_23_1_0_U1455                                          | -   |        | r_V_1636       | mul | fabric | 0       |
|       mul_16s_8ns_24_1_0_U1197                                         | -   |        | r_V_1637       | mul | fabric | 0       |
|       sub_ln1273_399_fu_9122486_p2                                     | -   |        | sub_ln1273_399 | sub | fabric | 0       |
|       r_V_1638_fu_9122512_p2                                           | -   |        | r_V_1638       | sub | fabric | 0       |
|       mul_16s_9ns_25_1_0_U1702                                         | -   |        | r_V_1639       | mul | fabric | 0       |
|       mul_16s_7ns_23_1_0_U1703                                         | -   |        | r_V_1640       | mul | fabric | 0       |
|       r_V_1641_fu_9122564_p2                                           | -   |        | r_V_1641       | sub | fabric | 0       |
|       mul_16s_9s_25_1_0_U1704                                          | -   |        | r_V_1642       | mul | fabric | 0       |
|       r_V_1643_fu_9122622_p2                                           | -   |        | r_V_1643       | sub | fabric | 0       |
|       mul_16s_8s_24_1_0_U1460                                          | -   |        | r_V_1644       | mul | fabric | 0       |
|       mul_16s_9s_25_1_0_U1461                                          | -   |        | r_V_1645       | mul | fabric | 0       |
|       mul_16s_5ns_21_1_0_U971                                          | -   |        | r_V_1646       | mul | auto   | 0       |
|       mul_16s_9ns_25_1_0_U1463                                         | -   |        | r_V_1647       | mul | fabric | 0       |
|       mul_16s_9ns_25_1_0_U1707                                         | -   |        | r_V_1648       | mul | fabric | 0       |
|       mul_16s_9s_25_1_0_U1201                                          | -   |        | r_V_1649       | mul | fabric | 0       |
|       r_V_1650_fu_9122718_p2                                           | -   |        | r_V_1650       | sub | fabric | 0       |
|       r_V_1651_fu_9122734_p2                                           | -   |        | r_V_1651       | sub | fabric | 0       |
|       mul_16s_8ns_24_1_0_U1709                                         | -   |        | r_V_1652       | mul | fabric | 0       |
|       mul_16s_9ns_25_1_0_U857                                          | -   |        | r_V_1653       | mul | fabric | 0       |
|       mul_16s_8ns_24_1_0_U1710                                         | -   |        | r_V_1654       | mul | fabric | 0       |
|       mul_16s_8s_24_1_0_U1835                                          | -   |        | r_V_1655       | mul | fabric | 0       |
|       r_V_1656_fu_9122822_p2                                           | -   |        | r_V_1656       | sub | fabric | 0       |
|       mul_16s_8ns_24_1_0_U1467                                         | -   |        | r_V_1657       | mul | fabric | 0       |
|       mul_16s_9s_25_1_0_U1468                                          | -   |        | r_V_1658       | mul | fabric | 0       |
|       mul_16s_8s_24_1_0_U1714                                          | -   |        | r_V_1660       | mul | fabric | 0       |
|       r_V_1661_fu_9122922_p2                                           | -   |        | r_V_1661       | sub | fabric | 0       |
|       mul_16s_8s_24_1_0_U1853                                          | -   |        | r_V_1662       | mul | fabric | 0       |
|       mul_16s_9s_25_1_0_U1330                                          | -   |        | r_V_1663       | mul | fabric | 0       |
|       mul_16s_9ns_25_1_0_U1285                                         | -   |        | r_V_1664       | mul | fabric | 0       |
|       mul_16s_9s_25_1_0_U1664                                          | -   |        | r_V_1665       | mul | fabric | 0       |
|       mul_16s_10s_26_1_0_U1277                                         | -   |        | r_V_1666       | mul | fabric | 0       |
|       mul_16s_8s_24_1_0_U1711                                          | -   |        | r_V_1667       | mul | fabric | 0       |
|       r_V_1668_fu_9123086_p2                                           | -   |        | r_V_1668       | sub | fabric | 0       |
|       r_V_1669_fu_9123106_p2                                           | -   |        | r_V_1669       | sub | fabric | 0       |
|       r_V_1670_fu_9123138_p2                                           | -   |        | r_V_1670       | sub | fabric | 0       |
|       r_V_1677_fu_9123170_p2                                           | -   |        | r_V_1677       | sub | fabric | 0       |
|       r_V_1671_fu_9123176_p2                                           | -   |        | r_V_1671       | sub | fabric | 0       |
|       mul_16s_9s_25_1_0_U1815                                          | -   |        | r_V_1672       | mul | fabric | 0       |
|       mul_16s_8s_24_1_0_U1915                                          | -   |        | r_V_1673       | mul | fabric | 0       |
|       mul_16s_7ns_23_1_0_U1539                                         | -   |        | r_V_1674       | mul | fabric | 0       |
|       mul_16s_10s_26_1_0_U1434                                         | -   |        | r_V_1675       | mul | fabric | 0       |
|       mul_16s_8ns_24_1_0_U1719                                         | -   |        | r_V_1676       | mul | fabric | 0       |
|       mul_16s_8s_24_1_0_U1082                                          | -   |        | r_V_1678       | mul | fabric | 0       |
|       r_V_1679_fu_9123318_p2                                           | -   |        | r_V_1679       | add | fabric | 0       |
|       mul_16s_8ns_24_1_0_U1042                                         | -   |        | r_V_1680       | mul | fabric | 0       |
|       mul_16s_9ns_25_1_0_U1880                                         | -   |        | r_V_1681       | mul | fabric | 0       |
|       mul_16s_5ns_21_1_0_U1352                                         | -   |        | r_V_1682       | mul | auto   | 0       |
|       mul_16s_9ns_25_1_0_U855                                          | -   |        | r_V_1683       | mul | fabric | 0       |
|       mul_16s_8s_24_1_0_U818                                           | -   |        | r_V_1684       | mul | fabric | 0       |
|       r_V_1685_fu_9123418_p2                                           | -   |        | r_V_1685       | sub | fabric | 0       |
|       mul_16s_7s_23_1_0_U1649                                          | -   |        | r_V_1686       | mul | fabric | 0       |
|       mul_16s_7ns_23_1_0_U1730                                         | -   |        | r_V_1687       | mul | fabric | 0       |
|       mul_16s_9s_25_1_0_U1358                                          | -   |        | r_V_1688       | mul | fabric | 0       |
|       mul_16s_8s_24_1_0_U1182                                          | -   |        | r_V_1689       | mul | fabric | 0       |
|       r_V_1690_fu_9123555_p2                                           | -   |        | r_V_1690       | add | fabric | 0       |
|       mul_16s_8ns_24_1_0_U1269                                         | -   |        | r_V_1692       | mul | fabric | 0       |
|       mul_16s_9s_25_1_0_U1176                                          | -   |        | r_V_1693       | mul | fabric | 0       |
|       mul_16s_9ns_25_1_0_U1733                                         | -   |        | r_V_1694       | mul | fabric | 0       |
|       r_V_1695_fu_9123667_p2                                           | -   |        | r_V_1695       | sub | fabric | 0       |
|       mul_16s_8s_24_1_0_U1100                                          | -   |        | r_V_1696       | mul | fabric | 0       |
|       r_V_1697_fu_9123697_p2                                           | -   |        | r_V_1697       | add | fabric | 0       |
|       mul_16s_9s_25_1_0_U1187                                          | -   |        | r_V_1698       | mul | fabric | 0       |
|       mul_16s_10s_26_1_0_U1274                                         | -   |        | r_V_1699       | mul | fabric | 0       |
|       mul_16s_10ns_26_1_0_U1855                                        | -   |        | r_V_1701       | mul | fabric | 0       |
|       mul_16s_9ns_25_1_0_U1331                                         | -   |        | r_V_1702       | mul | fabric | 0       |
|       mul_16s_9ns_25_1_0_U1113                                         | -   |        | r_V_1703       | mul | fabric | 0       |
|       mul_16s_9ns_25_1_0_U1865                                         | -   |        | r_V_1704       | mul | fabric | 0       |
|       r_V_1705_fu_9123887_p2                                           | -   |        | r_V_1705       | sub | fabric | 0       |
|       r_V_1706_fu_9123907_p2                                           | -   |        | r_V_1706       | sub | fabric | 0       |
|       r_V_1707_fu_9123927_p2                                           | -   |        | r_V_1707       | sub | fabric | 0       |
|       r_V_1708_fu_9123947_p2                                           | -   |        | r_V_1708       | sub | fabric | 0       |
|       mul_16s_9ns_25_1_0_U1114                                         | -   |        | r_V_1709       | mul | fabric | 0       |
|       mul_16s_8ns_24_1_0_U1867                                         | -   |        | r_V_1710       | mul | fabric | 0       |
|       r_V_1711_fu_9124001_p2                                           | -   |        | r_V_1711       | sub | fabric | 0       |
|       mul_16s_9s_25_1_0_U1278                                          | -   |        | r_V_1712       | mul | fabric | 0       |
|       mul_16s_10ns_26_1_0_U1912                                        | -   |        | r_V_1713       | mul | fabric | 0       |
|       mul_16s_8s_24_1_0_U1913                                          | -   |        | r_V_1714       | mul | fabric | 0       |
|       r_V_1715_fu_9124108_p2                                           | -   |        | r_V_1715       | sub | fabric | 0       |
|       mul_16s_10ns_26_1_0_U1655                                        | -   |        | r_V_1716       | mul | fabric | 0       |
|       mul_16s_7s_23_1_0_U1656                                          | -   |        | r_V_1717       | mul | fabric | 0       |
|       mul_16s_9s_25_1_0_U1048                                          | -   |        | r_V_1718       | mul | fabric | 0       |
|       mul_16s_8s_24_1_0_U1049                                          | -   |        | r_V_1719       | mul | fabric | 0       |
|       mul_16s_8s_24_1_0_U1050                                          | -   |        | r_V_1720       | mul | fabric | 0       |
|       r_V_1721_fu_9124194_p2                                           | -   |        | r_V_1721       | sub | fabric | 0       |
|       mul_16s_8s_24_1_0_U1051                                          | -   |        | r_V_1722       | mul | fabric | 0       |
|       r_V_1723_fu_9124240_p2                                           | -   |        | r_V_1723       | sub | fabric | 0       |
|       mul_16s_8ns_24_1_0_U1052                                         | -   |        | r_V_1724       | mul | fabric | 0       |
|       mul_16s_9s_25_1_0_U1053                                          | -   |        | r_V_1725       | mul | fabric | 0       |
|       r_V_1726_fu_9124326_p2                                           | -   |        | r_V_1726       | sub | fabric | 0       |
|       mul_16s_9s_25_1_0_U1916                                          | -   |        | r_V_1727       | mul | fabric | 0       |
|       mul_16s_9ns_25_1_0_U1055                                         | -   |        | r_V_1728       | mul | fabric | 0       |
|       r_V_1729_fu_9124374_p2                                           | -   |        | r_V_1729       | sub | fabric | 0       |
|       mul_16s_8ns_24_1_0_U1917                                         | -   |        | r_V_1730       | mul | fabric | 0       |
|       mul_16s_9ns_25_1_0_U1056                                         | -   |        | r_V_1731       | mul | fabric | 0       |
|       mul_16s_10ns_26_1_0_U1057                                        | -   |        | r_V_1732       | mul | fabric | 0       |
|       mul_16s_7ns_23_1_0_U1153                                         | -   |        | r_V_1733       | mul | fabric | 0       |
|       mul_16s_8ns_24_1_0_U1059                                         | -   |        | r_V_1734       | mul | fabric | 0       |
|       mul_16s_7s_23_1_0_U1920                                          | -   |        | r_V_1735       | mul | fabric | 0       |
|       mul_16s_7ns_23_1_0_U1921                                         | -   |        | r_V_1736       | mul | fabric | 0       |
|       mul_16s_7s_23_1_0_U1289                                          | -   |        | r_V_1737       | mul | fabric | 0       |
|       mul_16s_9ns_25_1_0_U1062                                         | -   |        | r_V_1738       | mul | fabric | 0       |
|       r_V_1739_fu_9124612_p2                                           | -   |        | r_V_1739       | add | fabric | 0       |
|       r_V_1740_fu_9124628_p2                                           | -   |        | r_V_1740       | sub | fabric | 0       |
|       mul_16s_6s_22_1_0_U1291                                          | -   |        | r_V_1741       | mul | fabric | 0       |
|       mul_16s_9ns_25_1_0_U1097                                         | -   |        | r_V_1742       | mul | fabric | 0       |
|       mul_16s_9ns_25_1_0_U1320                                         | -   |        | r_V_1743       | mul | fabric | 0       |
|       mul_16s_9ns_25_1_0_U1898                                         | -   |        | r_V_1744       | mul | fabric | 0       |
|       r_V_1745_fu_9124700_p2                                           | -   |        | r_V_1745       | sub | fabric | 0       |
|       mul_16s_9s_25_1_0_U1231                                          | -   |        | r_V_1746       | mul | fabric | 0       |
|       mul_16s_8s_24_1_0_U1329                                          | -   |        | r_V_1747       | mul | fabric | 0       |
|       r_V_1748_fu_9124772_p2                                           | -   |        | r_V_1748       | add | fabric | 0       |
|       mul_16s_9ns_25_1_0_U975                                          | -   |        | r_V_1749       | mul | fabric | 0       |
|       r_V_1750_fu_9124818_p2                                           | -   |        | r_V_1750       | add | fabric | 0       |
|       r_V_1751_fu_9124862_p2                                           | -   |        | r_V_1751       | sub | fabric | 0       |
|       r_V_1752_fu_9124882_p2                                           | -   |        | r_V_1752       | sub | fabric | 0       |
|       mul_16s_9s_25_1_0_U1324                                          | -   |        | r_V_1753       | mul | fabric | 0       |
|       mul_16s_9ns_25_1_0_U1748                                         | -   |        | r_V_1754       | mul | fabric | 0       |
|       mul_16s_7ns_23_1_0_U1858                                         | -   |        | r_V_1755       | mul | fabric | 0       |
|       mul_16s_9ns_25_1_0_U1196                                         | -   |        | r_V_1756       | mul | fabric | 0       |
|       mul_16s_9ns_25_1_0_U1442                                         | -   |        | r_V_1757       | mul | fabric | 0       |
|       mul_16s_8ns_24_1_0_U1538                                         | -   |        | r_V_1758       | mul | fabric | 0       |
|       mul_16s_9ns_25_1_0_U888                                          | -   |        | r_V_1759       | mul | fabric | 0       |
|       mul_16s_8s_24_1_0_U990                                           | -   |        | r_V_1760       | mul | fabric | 0       |
|       mul_16s_8s_24_1_0_U1200                                          | -   |        | r_V_1761       | mul | fabric | 0       |
|       mul_16s_10s_26_1_0_U1166                                         | -   |        | r_V_1762       | mul | fabric | 0       |
|       r_V_1763_fu_9125092_p2                                           | -   |        | r_V_1763       | sub | fabric | 0       |
|       mul_16s_10s_26_1_0_U1246                                         | -   |        | r_V_1764       | mul | fabric | 0       |
|       mul_16s_9ns_25_1_0_U1351                                         | -   |        | r_V_1765       | mul | fabric | 0       |
|       mul_16s_7ns_23_1_0_U1451                                         | -   |        | r_V_1766       | mul | fabric | 0       |
|       r_V_1767_fu_9125150_p2                                           | -   |        | r_V_1767       | sub | fabric | 0       |
|       mul_16s_7s_23_1_0_U1205                                          | -   |        | r_V_1768       | mul | fabric | 0       |
|       mul_16s_9ns_25_1_0_U1171                                         | -   |        | r_V_1769       | mul | fabric | 0       |
|       mul_16s_8ns_24_1_0_U1729                                         | -   |        | r_V_1770       | mul | fabric | 0       |
|       r_V_1771_fu_9125224_p2                                           | -   |        | r_V_1771       | sub | fabric | 0       |
|       mul_16s_9ns_25_1_0_U1357                                         | -   |        | r_V_1772       | mul | fabric | 0       |
|       r_V_1773_fu_9125284_p2                                           | -   |        | r_V_1773       | sub | fabric | 0       |
|       mul_16s_9s_25_1_0_U997                                           | -   |        | r_V_1774       | mul | fabric | 0       |
|       mul_16s_8s_24_1_0_U958                                           | -   |        | r_V_1775       | mul | fabric | 0       |
|       r_V_1776_fu_9125328_p2                                           | -   |        | r_V_1776       | sub | fabric | 0       |
|       mul_16s_10ns_26_1_0_U1651                                        | -   |        | r_V_1777       | mul | fabric | 0       |
|       mul_16s_9ns_25_1_0_U1612                                         | -   |        | r_V_1778       | mul | fabric | 0       |
|       mul_16s_9ns_25_1_0_U1222                                         | -   |        | r_V_1779       | mul | fabric | 0       |
|       mul_16s_6ns_22_1_0_U1087                                         | -   |        | r_V_1780       | mul | fabric | 0       |
|       mul_16s_5ns_21_1_0_U1833                                         | -   |        | r_V_1781       | mul | auto   | 0       |
|       mul_16s_8s_24_1_0_U1834                                          | -   |        | r_V_1782       | mul | fabric | 0       |
|       r_V_1783_fu_9125424_p2                                           | -   |        | r_V_1783       | add | fabric | 0       |
|       r_V_1784_fu_9125444_p2                                           | -   |        | r_V_1784       | sub | fabric | 0       |
|       r_V_1785_fu_9125488_p2                                           | -   |        | r_V_1785       | sub | fabric | 0       |
|       mul_16s_9s_25_1_0_U1089                                          | -   |        | r_V_1786       | mul | fabric | 0       |
|       mul_16s_6ns_22_1_0_U1490                                         | -   |        | r_V_1787       | mul | fabric | 0       |
|       r_V_1788_fu_9125601_p2                                           | -   |        | r_V_1788       | sub | fabric | 0       |
|       mul_16s_7s_23_1_0_U1226                                          | -   |        | r_V_1789       | mul | fabric | 0       |
|       r_V_1791_fu_9125693_p2                                           | -   |        | r_V_1791       | add | fabric | 0       |
|       mul_16s_9ns_25_1_0_U1227                                         | -   |        | r_V_1792       | mul | fabric | 0       |
|       r_V_1793_fu_9125723_p2                                           | -   |        | r_V_1793       | sub | fabric | 0       |
|       mul_16s_8s_24_1_0_U1493                                          | -   |        | r_V_1794       | mul | fabric | 0       |
|       r_V_1795_fu_9125769_p2                                           | -   |        | r_V_1795       | sub | fabric | 0       |
|       r_V_1796_fu_9125801_p2                                           | -   |        | r_V_1796       | add | fabric | 0       |
|       mul_16s_9s_25_1_0_U1494                                          | -   |        | r_V_1797       | mul | fabric | 0       |
|       mul_16s_8ns_24_1_0_U1495                                         | -   |        | r_V_1798       | mul | fabric | 0       |
|       mul_16s_9s_25_1_0_U1496                                          | -   |        | r_V_1799       | mul | fabric | 0       |
|       mul_16s_8ns_24_1_0_U1497                                         | -   |        | r_V_1800       | mul | fabric | 0       |
|       mul_16s_8ns_24_1_0_U1498                                         | -   |        | r_V_1801       | mul | fabric | 0       |
|       mul_16s_9s_25_1_0_U1228                                          | -   |        | r_V_1802       | mul | fabric | 0       |
|       mul_16s_8ns_24_1_0_U1499                                         | -   |        | r_V_1803       | mul | fabric | 0       |
|       mul_16s_9ns_25_1_0_U1500                                         | -   |        | r_V_1804       | mul | fabric | 0       |
|       r_V_1805_fu_9125925_p2                                           | -   |        | r_V_1805       | sub | fabric | 0       |
|       r_V_1806_fu_9125990_p2                                           | -   |        | r_V_1806       | sub | fabric | 0       |
|       mul_16s_10s_26_1_0_U998                                          | -   |        | r_V_1807       | mul | fabric | 0       |
|       mul_16s_9ns_25_1_0_U999                                          | -   |        | r_V_1808       | mul | fabric | 0       |
|       mul_16s_8ns_24_1_0_U1502                                         | -   |        | r_V_1809       | mul | fabric | 0       |
|       mul_16s_8ns_24_1_0_U1503                                         | -   |        | r_V_1810       | mul | fabric | 0       |
|       mul_16s_9ns_25_1_0_U1000                                         | -   |        | r_V_1811       | mul | fabric | 0       |
|       mul_16s_9s_25_1_0_U1504                                          | -   |        | r_V_1812       | mul | fabric | 0       |
|       mul_16s_9ns_25_1_0_U1864                                         | -   |        | r_V_1813       | mul | fabric | 0       |
|       mul_16s_8ns_24_1_0_U1002                                         | -   |        | r_V_1815       | mul | fabric | 0       |
|       mul_16s_5s_21_1_0_U1234                                          | -   |        | r_V_1816       | mul | auto   | 0       |
|       mul_16s_7ns_23_1_0_U1003                                         | -   |        | r_V_1817       | mul | fabric | 0       |
|       mul_16s_9s_25_1_0_U1235                                          | -   |        | r_V_1818       | mul | fabric | 0       |
|       mul_16s_10ns_26_1_0_U1004                                        | -   |        | r_V_1819       | mul | fabric | 0       |
|       mul_16s_9ns_25_1_0_U1550                                         | -   |        | r_V_1820       | mul | fabric | 0       |
|       r_V_1821_fu_9126234_p2                                           | -   |        | r_V_1821       | sub | fabric | 0       |
|       mul_16s_8s_24_1_0_U905                                           | -   |        | r_V_1822       | mul | fabric | 0       |
|       mul_16s_7s_23_1_0_U1006                                          | -   |        | r_V_1823       | mul | fabric | 0       |
|       r_V_1824_fu_9126294_p2                                           | -   |        | r_V_1824       | sub | fabric | 0       |
|       mul_16s_8ns_24_1_0_U1695                                         | -   |        | r_V_1825       | mul | fabric | 0       |
|       mul_16s_7ns_23_1_0_U864                                          | -   |        | r_V_1826       | mul | fabric | 0       |
|       r_V_1827_fu_9126338_p2                                           | -   |        | r_V_1827       | sub | fabric | 0       |
|       r_V_1828_fu_9126427_p2                                           | -   |        | r_V_1828       | add | fabric | 0       |
|       mul_16s_6s_22_1_0_U1555                                          | -   |        | r_V_1829       | mul | fabric | 0       |
|       mul_16s_8s_24_1_0_U1524                                          | -   |        | r_V_1830       | mul | fabric | 0       |
|       mul_16s_9s_25_1_0_U1010                                          | -   |        | r_V_1831       | mul | fabric | 0       |
|       mul_16s_8ns_24_1_0_U974                                          | -   |        | r_V_1832       | mul | fabric | 0       |
|       r_V_1833_fu_9126515_p2                                           | -   |        | r_V_1833       | sub | fabric | 0       |
|       mul_16s_5ns_21_1_0_U1188                                         | -   |        | r_V_1834       | mul | auto   | 0       |
|       r_V_1836_fu_9126587_p2                                           | -   |        | r_V_1836       | sub | fabric | 0       |
|       mul_16s_7ns_23_1_0_U1147                                         | -   |        | r_V_1837       | mul | fabric | 0       |
|       mul_16s_8ns_24_1_0_U1857                                         | -   |        | r_V_1838       | mul | fabric | 0       |
|       r_V_1839_fu_9126635_p2                                           | -   |        | r_V_1839       | sub | fabric | 0       |
|       mul_16s_8s_24_1_0_U1333                                          | -   |        | r_V_1840       | mul | fabric | 0       |
|       mul_16s_8ns_24_1_0_U1441                                         | -   |        | r_V_1841       | mul | fabric | 0       |
|       r_V_1842_fu_9126699_p2                                           | -   |        | r_V_1842       | sub | fabric | 0       |
|       mul_16s_7s_23_1_0_U1804                                          | -   |        | r_V_1843       | mul | fabric | 0       |
|       r_V_1844_fu_9126745_p2                                           | -   |        | r_V_1844       | sub | fabric | 0       |
|       r_V_1845_fu_9126765_p2                                           | -   |        | r_V_1845       | sub | fabric | 0       |
|       mul_16s_8s_24_1_0_U1024                                          | -   |        | r_V_1846       | mul | fabric | 0       |
|       mul_16s_8ns_24_1_0_U1239                                         | -   |        | r_V_1847       | mul | fabric | 0       |
|       mul_16s_8ns_24_1_0_U1337                                         | -   |        | r_V_1848       | mul | fabric | 0       |
|       r_V_1849_fu_9126823_p2                                           | -   |        | r_V_1849       | sub | fabric | 0       |
|       mul_16s_7ns_23_1_0_U845                                          | -   |        | r_V_1850       | mul | fabric | 0       |
|       mul_16s_8s_24_1_0_U935                                           | -   |        | r_V_1851       | mul | fabric | 0       |
|       mul_16s_9ns_25_1_0_U892                                          | -   |        | r_V_1852       | mul | fabric | 0       |
|       mul_16s_5s_21_1_0_U1589                                          | -   |        | r_V_1853       | mul | auto   | 0       |
|       mul_16s_8ns_24_1_0_U1344                                         | -   |        | r_V_1854       | mul | fabric | 0       |
|       mul_16s_9s_25_1_0_U1170                                          | -   |        | r_V_1855       | mul | fabric | 0       |
|       mul_16s_9s_25_1_0_U1249                                          | -   |        | r_V_1857       | mul | fabric | 0       |
|       mul_16s_8ns_24_1_0_U1162                                         | -   |        | r_V_1858       | mul | fabric | 0       |
|       mul_16s_10ns_26_1_0_U996                                         | -   |        | r_V_1859       | mul | fabric | 0       |
|       mul_16s_8s_24_1_0_U1660                                          | -   |        | r_V_1860       | mul | fabric | 0       |
|       r_V_1861_fu_9127063_p2                                           | -   |        | r_V_1861       | sub | fabric | 0       |
|       r_V_1863_fu_9127149_p2                                           | -   |        | r_V_1863       | sub | fabric | 0       |
|       r_V_1864_fu_9127169_p2                                           | -   |        | r_V_1864       | add | fabric | 0       |
|       mul_16s_10ns_26_1_0_U917                                         | -   |        | r_V_1865       | mul | fabric | 0       |
|       mul_16s_9ns_25_1_0_U1794                                         | -   |        | r_V_1866       | mul | fabric | 0       |
|       mul_16s_10s_26_1_0_U1795                                         | -   |        | r_V_1867       | mul | fabric | 0       |
|       mul_16s_8s_24_1_0_U920                                           | -   |        | r_V_1868       | mul | fabric | 0       |
|       mul_16s_9s_25_1_0_U828                                           | -   |        | r_V_1869       | mul | fabric | 0       |
|       r_V_1870_fu_9127251_p2                                           | -   |        | r_V_1870       | sub | fabric | 0       |
|       r_V_1871_fu_9127295_p2                                           | -   |        | r_V_1871       | sub | fabric | 0       |
|       r_V_1872_fu_9127315_p2                                           | -   |        | r_V_1872       | sub | fabric | 0       |
|       mul_16s_9ns_25_1_0_U1680                                         | -   |        | r_V_1873       | mul | fabric | 0       |
|       mul_16s_9ns_25_1_0_U1077                                         | -   |        | r_V_1874       | mul | fabric | 0       |
|       mul_16s_8s_24_1_0_U829                                           | -   |        | r_V_1875       | mul | fabric | 0       |
|       mul_16s_8ns_24_1_0_U830                                          | -   |        | r_V_1876       | mul | fabric | 0       |
|       mul_16s_7s_23_1_0_U1534                                          | -   |        | r_V_1877       | mul | fabric | 0       |
|       mul_16s_11s_26_1_0_U1440                                         | -   |        | mul_ln1270_44  | mul | fabric | 0       |
|       mul_16s_10ns_26_1_0_U1685                                        | -   |        | r_V_1878       | mul | fabric | 0       |
|       r_V_1879_fu_9127517_p2                                           | -   |        | r_V_1879       | add | fabric | 0       |
|       mul_16s_7s_23_1_0_U833                                           | -   |        | r_V_1880       | mul | fabric | 0       |
|       mul_16s_9s_25_1_0_U834                                           | -   |        | r_V_1881       | mul | fabric | 0       |
|       r_V_1882_fu_9127577_p2                                           | -   |        | r_V_1882       | add | fabric | 0       |
|       mul_16s_7s_23_1_0_U835                                           | -   |        | r_V_1883       | mul | fabric | 0       |
|       mul_16s_8ns_24_1_0_U836                                          | -   |        | r_V_1884       | mul | fabric | 0       |
|       mul_16s_9ns_25_1_0_U1443                                         | -   |        | r_V_1885       | mul | fabric | 0       |
|       mul_16s_7s_23_1_0_U838                                           | -   |        | r_V_1886       | mul | fabric | 0       |
|       mul_16s_7s_23_1_0_U1690                                          | -   |        | r_V_1887       | mul | fabric | 0       |
|       mul_16s_8ns_24_1_0_U1444                                         | -   |        | r_V_1888       | mul | fabric | 0       |
|       mul_16s_9ns_25_1_0_U840                                          | -   |        | r_V_1890       | mul | fabric | 0       |
|       mul_16s_9s_25_1_0_U1691                                          | -   |        | r_V_1891       | mul | fabric | 0       |
|       mul_16s_8s_24_1_0_U1084                                          | -   |        | r_V_1892       | mul | fabric | 0       |
|       r_V_1893_fu_9127789_p2                                           | -   |        | r_V_1893       | sub | fabric | 0       |
|       mul_16s_6s_22_1_0_U841                                           | -   |        | r_V_1894       | mul | fabric | 0       |
|       mul_16s_8ns_24_1_0_U1693                                         | -   |        | r_V_1896       | mul | fabric | 0       |
|       r_V_1897_fu_9127863_p2                                           | -   |        | r_V_1897       | add | fabric | 0       |
|       r_V_1898_fu_9127883_p2                                           | -   |        | r_V_1898       | sub | fabric | 0       |
|       mul_16s_9s_25_1_0_U842                                           | -   |        | r_V_1899       | mul | fabric | 0       |
|       mul_16s_7s_23_1_0_U843                                           | -   |        | r_V_1900       | mul | fabric | 0       |
|       mul_16s_6ns_22_1_0_U1775                                         | -   |        | r_V_1901       | mul | fabric | 0       |
|       r_V_1902_fu_9127945_p2                                           | -   |        | r_V_1902       | sub | fabric | 0       |
|       r_V_1903_fu_9127965_p2                                           | -   |        | r_V_1903       | sub | fabric | 0       |
|       mul_16s_9ns_25_1_0_U1402                                         | -   |        | r_V_1904       | mul | fabric | 0       |
|       r_V_1905_fu_9127995_p2                                           | -   |        | r_V_1905       | sub | fabric | 0       |
|       mul_16s_9ns_25_1_0_U1506                                         | -   |        | r_V_1906       | mul | fabric | 0       |
|       r_V_1908_fu_9128098_p2                                           | -   |        | r_V_1908       | sub | fabric | 0       |
|       r_V_1909_fu_9128146_p2                                           | -   |        | r_V_1909       | sub | fabric | 0       |
|       mul_16s_9ns_25_1_0_U856                                          | -   |        | r_V_1910       | mul | fabric | 0       |
|       mul_16s_7s_23_1_0_U1683                                          | -   |        | r_V_1911       | mul | fabric | 0       |
|       mul_16s_10ns_26_1_0_U1173                                        | -   |        | r_V_1912       | mul | fabric | 0       |
|       mul_16s_10s_26_1_0_U1127                                         | -   |        | r_V_1913       | mul | fabric | 0       |
|       mul_16s_9s_25_1_0_U1839                                          | -   |        | r_V_1914       | mul | fabric | 0       |
|       mul_16s_7ns_23_1_0_U1318                                         | -   |        | r_V_1915       | mul | fabric | 0       |
|       mul_16s_8s_24_1_0_U823                                           | -   |        | r_V_1916       | mul | fabric | 0       |
|       mul_16s_9s_25_1_0_U1308                                          | -   |        | r_V_1917       | mul | fabric | 0       |
|       r_V_1918_fu_9128274_p2                                           | -   |        | r_V_1918       | sub | fabric | 0       |
|       mul_16s_7s_23_1_0_U1615                                          | -   |        | r_V_1919       | mul | fabric | 0       |
|       mul_16s_8ns_24_1_0_U1101                                         | -   |        | r_V_1920       | mul | fabric | 0       |
|       mul_16s_8ns_24_1_0_U1126                                         | -   |        | r_V_1922       | mul | fabric | 0       |
|       mul_16s_9ns_25_1_0_U1276                                         | -   |        | r_V_1923       | mul | fabric | 0       |
|       r_V_1924_fu_9128400_p2                                           | -   |        | r_V_1924       | sub | fabric | 0       |
|       r_V_1925_fu_9128420_p2                                           | -   |        | r_V_1925       | sub | fabric | 0       |
|       mul_16s_7s_23_1_0_U1061                                          | -   |        | r_V_1926       | mul | fabric | 0       |
|       mul_16s_10ns_26_1_0_U1267                                        | -   |        | r_V_1927       | mul | fabric | 0       |
|       r_V_1928_fu_9128464_p2                                           | -   |        | r_V_1928       | add | fabric | 0       |
|       mul_16s_9ns_25_1_0_U1700                                         | -   |        | r_V_1929       | mul | fabric | 0       |
|       mul_16s_8s_24_1_0_U871                                           | -   |        | r_V_1930       | mul | fabric | 0       |
|       r_V_1931_fu_9128524_p2                                           | -   |        | r_V_1931       | sub | fabric | 0       |
|       mul_16s_10s_26_1_0_U1752                                         | -   |        | r_V_1932       | mul | fabric | 0       |
|       mul_16s_8s_24_1_0_U1238                                          | -   |        | r_V_1933       | mul | fabric | 0       |
|       mul_16s_9s_25_1_0_U1488                                          | -   |        | r_V_1934       | mul | fabric | 0       |
|       r_V_1935_fu_9128624_p2                                           | -   |        | r_V_1935       | sub | fabric | 0       |
|       mul_16s_9s_25_1_0_U1706                                          | -   |        | r_V_1936       | mul | fabric | 0       |
|       mul_16s_7s_23_1_0_U934                                           | -   |        | r_V_1937       | mul | fabric | 0       |
|       mul_16s_9ns_25_1_0_U1156                                         | -   |        | r_V_1938       | mul | fabric | 0       |
|       mul_16s_8s_24_1_0_U1722                                          | -   |        | r_V_1939       | mul | fabric | 0       |
|       mul_16s_5s_21_1_0_U1343                                          | -   |        | r_V_1940       | mul | auto   | 0       |
|       mul_16s_9ns_25_1_0_U1580                                         | -   |        | r_V_1942       | mul | fabric | 0       |
|       mul_16s_9s_25_1_0_U1638                                          | -   |        | r_V_1943       | mul | fabric | 0       |
|       mul_16s_9ns_25_1_0_U1639                                         | -   |        | r_V_1944       | mul | fabric | 0       |
|       mul_16s_6ns_22_1_0_U886                                          | -   |        | r_V_1945       | mul | fabric | 0       |
|       mul_16s_8ns_24_1_0_U1019                                         | -   |        | r_V_1946       | mul | fabric | 0       |
|       mul_16s_8ns_24_1_0_U1020                                         | -   |        | r_V_1947       | mul | fabric | 0       |
|       mul_16s_9ns_25_1_0_U1016                                         | -   |        | r_V_1948       | mul | fabric | 0       |
|       mul_16s_9s_25_1_0_U867                                           | -   |        | r_V_1949       | mul | fabric | 0       |
|       mul_16s_8ns_24_1_0_U1018                                         | -   |        | r_V_1950       | mul | fabric | 0       |
|       mul_16s_7s_23_1_0_U889                                           | -   |        | r_V_1951       | mul | fabric | 0       |
|       r_V_1952_fu_9128884_p2                                           | -   |        | r_V_1952       | sub | fabric | 0       |
|       mul_16s_8ns_24_1_0_U1250                                         | -   |        | r_V_1953       | mul | fabric | 0       |
|       r_V_1954_fu_9128930_p2                                           | -   |        | r_V_1954       | add | fabric | 0       |
|       mul_16s_9ns_25_1_0_U1021                                         | -   |        | r_V_1955       | mul | fabric | 0       |
|       mul_16s_9s_25_1_0_U1107                                          | -   |        | r_V_1956       | mul | fabric | 0       |
|       r_V_1957_fu_9129038_p2                                           | -   |        | r_V_1957       | sub | fabric | 0       |
|       mul_16s_6ns_22_1_0_U1252                                         | -   |        | r_V_1958       | mul | fabric | 0       |
|       mul_16s_8ns_24_1_0_U1253                                         | -   |        | r_V_1959       | mul | fabric | 0       |
|       r_V_1960_fu_9129086_p2                                           | -   |        | r_V_1960       | sub | fabric | 0       |
|       mul_16s_9ns_25_1_0_U1254                                         | -   |        | r_V_1961       | mul | fabric | 0       |
|       mul_16s_9s_25_1_0_U1893                                          | -   |        | r_V_1962       | mul | fabric | 0       |
|       mul_16s_7s_23_1_0_U1256                                          | -   |        | r_V_1963       | mul | fabric | 0       |
|       mul_16s_8s_24_1_0_U1646                                          | -   |        | r_V_1964       | mul | fabric | 0       |
|       mul_16s_9ns_25_1_0_U1027                                         | -   |        | r_V_1965       | mul | fabric | 0       |
|       mul_16s_6s_22_1_0_U1259                                          | -   |        | r_V_1966       | mul | fabric | 0       |
|       r_V_1967_fu_9129210_p2                                           | -   |        | r_V_1967       | sub | fabric | 0       |
|       r_V_1968_fu_9129254_p2                                           | -   |        | r_V_1968       | sub | fabric | 0       |
|       r_V_1969_fu_9129286_p2                                           | -   |        | r_V_1969       | sub | fabric | 0       |
|       mul_16s_8ns_24_1_0_U1260                                         | -   |        | r_V_1970       | mul | fabric | 0       |
|       mul_16s_9ns_25_1_0_U1261                                         | -   |        | r_V_1971       | mul | fabric | 0       |
|       r_V_1972_fu_9129330_p2                                           | -   |        | r_V_1972       | add | fabric | 0       |
|       mul_16s_8ns_24_1_0_U1262                                         | -   |        | r_V_1973       | mul | fabric | 0       |
|       mul_16s_7ns_23_1_0_U1263                                         | -   |        | r_V_1974       | mul | fabric | 0       |
|       mul_16s_8ns_24_1_0_U1264                                         | -   |        | r_V_1975       | mul | fabric | 0       |
|       mul_16s_9ns_25_1_0_U1265                                         | -   |        | r_V_1976       | mul | fabric | 0       |
|       r_V_1977_fu_9129432_p2                                           | -   |        | r_V_1977       | sub | fabric | 0       |
|       mul_16s_9ns_25_1_0_U1266                                         | -   |        | r_V_1978       | mul | fabric | 0       |
|       r_V_1979_fu_9129466_p2                                           | -   |        | r_V_1979       | sub | fabric | 0       |
|       r_V_1980_fu_9129486_p2                                           | -   |        | r_V_1980       | sub | fabric | 0       |
|       mul_16s_9ns_25_1_0_U1806                                         | -   |        | r_V_1981       | mul | fabric | 0       |
|       mul_16s_9ns_25_1_0_U1283                                         | -   |        | r_V_1982       | mul | fabric | 0       |
|       mul_16s_9s_25_1_0_U1863                                          | -   |        | r_V_1983       | mul | fabric | 0       |
|       mul_16s_9ns_25_1_0_U1340                                         | -   |        | r_V_1984       | mul | fabric | 0       |
|       mul_16s_10s_26_1_0_U1918                                         | -   |        | r_V_1985       | mul | fabric | 0       |
|       mul_16s_7ns_23_1_0_U1401                                         | -   |        | r_V_1986       | mul | fabric | 0       |
|       mul_16s_9s_25_1_0_U1505                                          | -   |        | r_V_1987       | mul | fabric | 0       |
|       mul_16s_5s_21_1_0_U994                                           | -   |        | r_V_1988       | mul | auto   | 0       |
|       mul_16s_11s_26_1_0_U1682                                         | -   |        | mul_ln1270_45  | mul | fabric | 0       |
|       mul_16s_9s_25_1_0_U1449                                          | -   |        | r_V_1989       | mul | fabric | 0       |
|       r_V_1990_fu_9129698_p2                                           | -   |        | r_V_1990       | sub | fabric | 0       |
|       r_V_1991_fu_9129750_p2                                           | -   |        | r_V_1991       | sub | fabric | 0       |
|       mul_16s_9ns_25_1_0_U814                                          | -   |        | r_V_1992       | mul | fabric | 0       |
|       r_V_1993_fu_9129792_p2                                           | -   |        | r_V_1993       | sub | fabric | 0       |
|       r_V_1994_fu_9129828_p2                                           | -   |        | r_V_1994       | sub | fabric | 0       |
|       r_V_1995_fu_9129848_p2                                           | -   |        | r_V_1995       | sub | fabric | 0       |
|       mul_16s_8s_24_1_0_U897                                           | -   |        | r_V_1996       | mul | fabric | 0       |
|       mul_16s_10ns_26_1_0_U863                                         | -   |        | r_V_1997       | mul | fabric | 0       |
|       mul_16s_9ns_25_1_0_U1076                                         | -   |        | r_V_1998       | mul | fabric | 0       |
|       mul_16s_8ns_24_1_0_U1307                                         | -   |        | r_V_1999       | mul | fabric | 0       |
|       mul_16s_9ns_25_1_0_U1734                                         | -   |        | r_V_2000       | mul | fabric | 0       |
|       r_V_2001_fu_9129930_p2                                           | -   |        | r_V_2001       | sub | fabric | 0       |
|       mul_16s_9ns_25_1_0_U1515                                         | -   |        | r_V_2002       | mul | fabric | 0       |
|       mul_16s_8s_24_1_0_U1322                                          | -   |        | r_V_2003       | mul | fabric | 0       |
|       mul_16s_8s_24_1_0_U1559                                          | -   |        | r_V_2004       | mul | fabric | 0       |
|       r_V_2007_fu_9130052_p2                                           | -   |        | r_V_2007       | sub | fabric | 0       |
|       mul_16s_7s_23_1_0_U1181                                          | -   |        | r_V_2008       | mul | fabric | 0       |
|       mul_16s_9ns_25_1_0_U1012                                         | -   |        | r_V_2009       | mul | fabric | 0       |
|       mul_16s_10ns_26_1_0_U1373                                        | -   |        | r_V_2010       | mul | fabric | 0       |
|       mul_16s_10s_26_1_0_U1190                                         | -   |        | r_V_2011       | mul | fabric | 0       |
|       mul_16s_9ns_25_1_0_U1279                                         | -   |        | r_V_2012       | mul | fabric | 0       |
|       mul_16s_7ns_23_1_0_U1066                                         | -   |        | r_V_2013       | mul | fabric | 0       |
|       mul_16s_8s_24_1_0_U1745                                          | -   |        | r_V_2014       | mul | fabric | 0       |
|       r_V_2015_fu_9130210_p2                                           | -   |        | r_V_2015       | sub | fabric | 0       |
|       sub_ln1273_508_fu_9130242_p2                                     | -   |        | sub_ln1273_508 | sub | fabric | 0       |
|       r_V_2016_fu_9130268_p2                                           | -   |        | r_V_2016       | sub | fabric | 0       |
|       mul_16s_8ns_24_1_0_U1854                                         | -   |        | r_V_2017       | mul | fabric | 0       |
|       mul_16s_8s_24_1_0_U874                                           | -   |        | r_V_2019       | mul | fabric | 0       |
|       r_V_2020_fu_9130366_p2                                           | -   |        | r_V_2020       | sub | fabric | 0       |
|       mul_16s_7s_23_1_0_U993                                           | -   |        | r_V_2021       | mul | fabric | 0       |
|       mul_16s_9ns_25_1_0_U1214                                         | -   |        | r_V_2022       | mul | fabric | 0       |
|       mul_16s_9ns_25_1_0_U1599                                         | -   |        | r_V_2023       | mul | fabric | 0       |
|       mul_16s_8s_24_1_0_U858                                           | -   |        | r_V_2024       | mul | fabric | 0       |
|       r_V_2025_fu_9130464_p2                                           | -   |        | r_V_2025       | add | fabric | 0       |
|       mul_16s_7ns_23_1_0_U1832                                         | -   |        | r_V_2026       | mul | fabric | 0       |
|       r_V_2027_fu_9130498_p2                                           | -   |        | r_V_2027       | add | fabric | 0       |
|       mul_16s_9s_25_1_0_U1464                                          | -   |        | r_V_2028       | mul | fabric | 0       |
|       mul_16s_9ns_25_1_0_U973                                          | -   |        | r_V_2029       | mul | fabric | 0       |
|       r_V_2030_fu_9130542_p2                                           | -   |        | r_V_2030       | sub | fabric | 0       |
|       mul_16s_6s_22_1_0_U1465                                          | -   |        | r_V_2031       | mul | fabric | 0       |
|       mul_16s_7s_23_1_0_U1202                                          | -   |        | r_V_2032       | mul | fabric | 0       |
|       r_V_2033_fu_9130590_p2                                           | -   |        | r_V_2033       | sub | fabric | 0       |
|       mul_16s_9ns_25_1_0_U1466                                         | -   |        | r_V_2034       | mul | fabric | 0       |
|       mul_16s_7ns_23_1_0_U1204                                         | -   |        | r_V_2035       | mul | fabric | 0       |
|       r_V_2036_fu_9130638_p2                                           | -   |        | r_V_2036       | sub | fabric | 0       |
|       mul_16s_8s_24_1_0_U976                                           | -   |        | r_V_2037       | mul | fabric | 0       |
|       mul_16s_8s_24_1_0_U977                                           | -   |        | r_V_2039       | mul | fabric | 0       |
|       r_V_2040_fu_9130791_p2                                           | -   |        | r_V_2040       | sub | fabric | 0       |
|       mul_16s_9ns_25_1_0_U1206                                         | -   |        | r_V_2041       | mul | fabric | 0       |
|       r_V_2042_fu_9130825_p2                                           | -   |        | r_V_2042       | add | fabric | 0       |
|       mul_16s_9ns_25_1_0_U1207                                         | -   |        | r_V_2043       | mul | fabric | 0       |
|       mul_16s_8s_24_1_0_U1208                                          | -   |        | r_V_2044       | mul | fabric | 0       |
|       mul_16s_9s_25_1_0_U978                                           | -   |        | r_V_2045       | mul | fabric | 0       |
|       r_V_2046_fu_9130895_p2                                           | -   |        | r_V_2046       | sub | fabric | 0       |
|       r_V_2047_fu_9130923_p2                                           | -   |        | r_V_2047       | sub | fabric | 0       |
|       r_V_2048_fu_9130971_p2                                           | -   |        | r_V_2048       | sub | fabric | 0       |
|       mul_16s_9ns_25_1_0_U979                                          | -   |        | r_V_2049       | mul | fabric | 0       |
|       mul_16s_8ns_24_1_0_U981                                          | -   |        | r_V_2050       | mul | fabric | 0       |
|       mul_16s_8ns_24_1_0_U1210                                         | -   |        | r_V_2051       | mul | fabric | 0       |
|       r_V_2052_fu_9131059_p2                                           | -   |        | r_V_2052       | sub | fabric | 0       |
|       mul_16s_8s_24_1_0_U1211                                          | -   |        | r_V_2053       | mul | fabric | 0       |
|       r_V_2054_fu_9131107_p2                                           | -   |        | r_V_2054       | add | fabric | 0       |
|       mul_16s_9ns_25_1_0_U1212                                         | -   |        | r_V_2055       | mul | fabric | 0       |
|       mul_16s_8ns_24_1_0_U1213                                         | -   |        | r_V_2056       | mul | fabric | 0       |
|       mul_16s_9ns_25_1_0_U1582                                         | -   |        | r_V_2057       | mul | fabric | 0       |
|       r_V_2058_fu_9131165_p2                                           | -   |        | r_V_2058       | add | fabric | 0       |
|       mul_16s_8ns_24_1_0_U1215                                         | -   |        | r_V_2060       | mul | fabric | 0       |
|       mul_16s_8ns_24_1_0_U1842                                         | -   |        | r_V_2061       | mul | fabric | 0       |
|       mul_16s_7s_23_1_0_U1217                                          | -   |        | r_V_2062       | mul | fabric | 0       |
|       mul_16s_9ns_25_1_0_U1563                                         | -   |        | r_V_2065       | mul | fabric | 0       |
|       mul_16s_8ns_24_1_0_U1063                                         | -   |        | r_V_2066       | mul | fabric | 0       |
|       mul_16s_9ns_25_1_0_U1895                                         | -   |        | r_V_2067       | mul | fabric | 0       |
|       mul_16s_8s_24_1_0_U1229                                          | -   |        | r_V_2068       | mul | fabric | 0       |
|       mul_16s_7s_23_1_0_U1473                                          | -   |        | r_V_2069       | mul | fabric | 0       |
|       mul_16s_9ns_25_1_0_U837                                          | -   |        | r_V_2070       | mul | fabric | 0       |
|       r_V_2071_fu_9131515_p2                                           | -   |        | r_V_2071       | sub | fabric | 0       |
|       mul_16s_8ns_24_1_0_U1663                                         | -   |        | r_V_2072       | mul | fabric | 0       |
|       mul_16s_8ns_24_1_0_U1910                                         | -   |        | r_V_2073       | mul | fabric | 0       |
|       mul_16s_7ns_23_1_0_U1708                                         | -   |        | r_V_2074       | mul | fabric | 0       |
|       mul_16s_9ns_25_1_0_U1332                                         | -   |        | r_V_2075       | mul | fabric | 0       |
|       mul_16s_9ns_25_1_0_U1288                                         | -   |        | r_V_2076       | mul | fabric | 0       |
|       mul_16s_9s_25_1_0_U929                                           | -   |        | r_V_2077       | mul | fabric | 0       |
|       mul_16s_5ns_21_1_0_U1907                                         | -   |        | r_V_2078       | mul | auto   | 0       |
|       r_V_2079_fu_9131629_p2                                           | -   |        | r_V_2079       | sub | fabric | 0       |
|       mul_16s_8s_24_1_0_U1716                                          | -   |        | r_V_2080       | mul | fabric | 0       |
|       mul_16s_7ns_23_1_0_U1079                                         | -   |        | r_V_2081       | mul | fabric | 0       |
|       r_V_2082_fu_9131677_p2                                           | -   |        | r_V_2082       | sub | fabric | 0       |
|       mul_16s_9s_25_1_0_U1772                                          | -   |        | r_V_2083       | mul | fabric | 0       |
|       mul_16s_8s_24_1_0_U1245                                          | -   |        | r_V_2084       | mul | fabric | 0       |
|       mul_16s_9ns_25_1_0_U1642                                         | -   |        | r_V_2085       | mul | fabric | 0       |
|       r_V_2086_fu_9131735_p2                                           | -   |        | r_V_2086       | sub | fabric | 0       |
|       r_V_2087_fu_9131755_p2                                           | -   |        | r_V_2087       | sub | fabric | 0       |
|       mul_16s_6ns_22_1_0_U1450                                         | -   |        | r_V_2088       | mul | fabric | 0       |
|       mul_16s_11s_26_1_0_U946                                          | -   |        | mul_ln1270_46  | mul | fabric | 0       |
|       r_V_2089_fu_9131858_p2                                           | -   |        | r_V_2089       | sub | fabric | 0       |
|       mul_16s_10s_26_1_0_U1044                                         | -   |        | r_V_2090       | mul | fabric | 0       |
|       mul_16s_8s_24_1_0_U1125                                          | -   |        | r_V_2091       | mul | fabric | 0       |
|       mul_16s_7ns_23_1_0_U1355                                         | -   |        | r_V_2093       | mul | fabric | 0       |
|       mul_16s_10ns_26_1_0_U859                                         | -   |        | r_V_2094       | mul | fabric | 0       |
|       mul_16s_8ns_24_1_0_U1551                                         | -   |        | r_V_2095       | mul | fabric | 0       |
|       mul_16s_8ns_24_1_0_U1174                                         | -   |        | r_V_2096       | mul | fabric | 0       |
|       mul_16s_6s_22_1_0_U1611                                          | -   |        | r_V_2097       | mul | fabric | 0       |
|       mul_16s_9s_25_1_0_U1221                                          | -   |        | r_V_2098       | mul | fabric | 0       |
|       mul_16s_9ns_25_1_0_U1561                                         | -   |        | r_V_2099       | mul | fabric | 0       |
|       mul_16s_11s_26_1_0_U825                                          | -   |        | mul_ln1270_47  | mul | fabric | 0       |
|       r_V_2101_fu_9132114_p2                                           | -   |        | r_V_2101       | sub | fabric | 0       |
|       r_V_2103_fu_9132172_p2                                           | -   |        | r_V_2103       | add | fabric | 0       |
|       mul_16s_6ns_22_1_0_U826                                          | -   |        | r_V_2104       | mul | fabric | 0       |
|       r_V_2105_fu_9132206_p2                                           | -   |        | r_V_2105       | sub | fabric | 0       |
|       mul_16s_10s_26_1_0_U1184                                         | -   |        | r_V_2106       | mul | fabric | 0       |
|       mul_16s_9s_25_1_0_U1185                                          | -   |        | r_V_2107       | mul | fabric | 0       |
|       mul_16s_9ns_25_1_0_U1661                                         | -   |        | r_V_2108       | mul | fabric | 0       |
|       mul_16s_8s_24_1_0_U1662                                          | -   |        | r_V_2109       | mul | fabric | 0       |
|       mul_16s_11s_26_1_0_U1919                                         | -   |        | mul_ln1270_48  | mul | fabric | 0       |
|       mul_16s_9ns_25_1_0_U1410                                         | -   |        | r_V_2110       | mul | fabric | 0       |
|       r_V_2111_fu_9132310_p2                                           | -   |        | r_V_2111       | sub | fabric | 0       |
|       mul_16s_11ns_26_1_0_U1411                                        | -   |        | mul_ln1270_49  | mul | fabric | 0       |
|       r_V_2112_fu_9132401_p2                                           | -   |        | r_V_2112       | sub | fabric | 0       |
|       mul_16s_10ns_26_1_0_U1155                                        | -   |        | r_V_2113       | mul | fabric | 0       |
|       mul_16s_10s_26_1_0_U1922                                         | -   |        | r_V_2114       | mul | fabric | 0       |
|       r_V_2115_fu_9132441_p2                                           | -   |        | r_V_2115       | add | fabric | 0       |
|       mul_16s_9s_25_1_0_U1413                                          | -   |        | r_V_2116       | mul | fabric | 0       |
|       mul_16s_9s_25_1_0_U1923                                          | -   |        | r_V_2117       | mul | fabric | 0       |
|       mul_16s_8ns_24_1_0_U1414                                         | -   |        | r_V_2118       | mul | fabric | 0       |
|       mul_16s_7s_23_1_0_U915                                           | -   |        | r_V_2119       | mul | fabric | 0       |
|       r_V_2120_fu_9132513_p2                                           | -   |        | r_V_2120       | sub | fabric | 0       |
|       mul_16s_7s_23_1_0_U1416                                          | -   |        | r_V_2121       | mul | fabric | 0       |
|       r_V_2122_fu_9132559_p2                                           | -   |        | r_V_2122       | sub | fabric | 0       |
|       r_V_2123_fu_9132603_p2                                           | -   |        | r_V_2123       | sub | fabric | 0       |
|       mul_16s_8s_24_1_0_U815                                           | -   |        | r_V_2124       | mul | fabric | 0       |
|       mul_16s_9ns_25_1_0_U1160                                         | -   |        | r_V_2125       | mul | fabric | 0       |
|       r_V_2126_fu_9132659_p2                                           | -   |        | r_V_2126       | sub | fabric | 0       |
|       mul_16s_9ns_25_1_0_U1669                                         | -   |        | r_V_2127       | mul | fabric | 0       |
|       mul_16s_10s_26_1_0_U1418                                         | -   |        | r_V_2128       | mul | fabric | 0       |
|       mul_16s_8s_24_1_0_U1671                                          | -   |        | r_V_2129       | mul | fabric | 0       |
|       r_V_2130_fu_9132729_p2                                           | -   |        | r_V_2130       | sub | fabric | 0       |
|       mul_16s_8s_24_1_0_U1419                                          | -   |        | r_V_2131       | mul | fabric | 0       |
|       mul_16s_6s_22_1_0_U1672                                          | -   |        | r_V_2132       | mul | fabric | 0       |
|       mul_16s_9ns_25_1_0_U1779                                         | -   |        | r_V_2133       | mul | fabric | 0       |
|       mul_16s_10s_26_1_0_U1422                                         | -   |        | r_V_2134       | mul | fabric | 0       |
|       mul_16s_8s_24_1_0_U921                                           | -   |        | r_V_2135       | mul | fabric | 0       |
|       r_V_2136_fu_9132867_p2                                           | -   |        | r_V_2136       | sub | fabric | 0       |
|       mul_16s_9ns_25_1_0_U1424                                         | -   |        | r_V_2137       | mul | fabric | 0       |
|       r_V_2138_fu_9132925_p2                                           | -   |        | r_V_2138       | add | fabric | 0       |
|       mul_16s_9s_25_1_0_U1085                                          | -   |        | r_V_2139       | mul | fabric | 0       |
|       r_V_2141_fu_9133005_p2                                           | -   |        | r_V_2141       | sub | fabric | 0       |
|       mul_16s_10ns_26_1_0_U1517                                        | -   |        | r_V_2142       | mul | fabric | 0       |
|       mul_16s_8s_24_1_0_U1251                                          | -   |        | r_V_2143       | mul | fabric | 0       |
|       r_V_2144_fu_9133049_p2                                           | -   |        | r_V_2144       | sub | fabric | 0       |
|       mul_16s_9s_25_1_0_U1511                                          | -   |        | r_V_2145       | mul | fabric | 0       |
|       r_V_2146_fu_9133083_p2                                           | -   |        | r_V_2146       | sub | fabric | 0       |
|       mul_16s_6s_22_1_0_U1457                                          | -   |        | r_V_2147       | mul | fabric | 0       |
|       mul_16s_9ns_25_1_0_U959                                          | -   |        | r_V_2149       | mul | fabric | 0       |
|       mul_16s_8ns_24_1_0_U1523                                         | -   |        | r_V_2150       | mul | fabric | 0       |
|       mul_16s_7ns_23_1_0_U872                                          | -   |        | r_V_2151       | mul | fabric | 0       |
|       mul_16s_8s_24_1_0_U1696                                          | -   |        | r_V_2152       | mul | fabric | 0       |
|       r_V_2153_fu_9133227_p2                                           | -   |        | r_V_2153       | sub | fabric | 0       |
|       mul_16s_9ns_25_1_0_U1067                                         | -   |        | r_V_2154       | mul | fabric | 0       |
|       mul_16s_9ns_25_1_0_U965                                          | -   |        | r_V_2155       | mul | fabric | 0       |
|       r_V_2156_fu_9133275_p2                                           | -   |        | r_V_2156       | sub | fabric | 0       |
|       r_V_2157_fu_9133307_p2                                           | -   |        | r_V_2157       | sub | fabric | 0       |
|       mul_16s_9ns_25_1_0_U1060                                         | -   |        | r_V_2158       | mul | fabric | 0       |
|       r_V_2159_fu_9133377_p2                                           | -   |        | r_V_2159       | sub | fabric | 0       |
|       r_V_2160_fu_9133409_p2                                           | -   |        | r_V_2160       | sub | fabric | 0       |
|       mul_16s_8s_24_1_0_U1480                                          | -   |        | r_V_2161       | mul | fabric | 0       |
|       r_V_2162_fu_9133475_p2                                           | -   |        | r_V_2162       | add | fabric | 0       |
|       r_V_2163_fu_9133511_p2                                           | -   |        | r_V_2163       | add | fabric | 0       |
|       mul_16s_8ns_24_1_0_U1438                                         | -   |        | r_V_2164       | mul | fabric | 0       |
|       mul_16s_7ns_23_1_0_U928                                          | -   |        | r_V_2166       | mul | fabric | 0       |
|       mul_16s_9s_25_1_0_U1637                                          | -   |        | r_V_2167       | mul | fabric | 0       |
|       mul_16s_7ns_23_1_0_U1715                                         | -   |        | r_V_2168       | mul | fabric | 0       |
|       r_V_2169_fu_9133613_p2                                           | -   |        | r_V_2169       | add | fabric | 0       |
|       r_V_2170_fu_9133645_p2                                           | -   |        | r_V_2170       | add | fabric | 0       |
|       mul_16s_7ns_23_1_0_U1198                                         | -   |        | r_V_2171       | mul | fabric | 0       |
|       r_V_2172_fu_9133691_p2                                           | -   |        | r_V_2172       | sub | fabric | 0       |
|       mul_16s_8ns_24_1_0_U1294                                         | -   |        | r_V_2173       | mul | fabric | 0       |
|       mul_16s_7s_23_1_0_U1540                                          | -   |        | r_V_2174       | mul | fabric | 0       |
|       mul_16s_9ns_25_1_0_U890                                          | -   |        | r_V_2175       | mul | fabric | 0       |
|       r_V_2176_fu_9133753_p2                                           | -   |        | r_V_2176       | sub | fabric | 0       |
|       r_V_2177_fu_9133773_p2                                           | -   |        | r_V_2177       | add | fabric | 0       |
|       mul_16s_8ns_24_1_0_U1241                                         | -   |        | r_V_2178       | mul | fabric | 0       |
|       mul_16s_8s_24_1_0_U1825                                          | -   |        | r_V_2179       | mul | fabric | 0       |
|       mul_16s_9ns_25_1_0_U1168                                         | -   |        | r_V_2180       | mul | fabric | 0       |
|       mul_16s_8s_24_1_0_U1404                                          | -   |        | r_V_2181       | mul | fabric | 0       |
|       mul_16s_8ns_24_1_0_U1507                                         | -   |        | r_V_2182       | mul | fabric | 0       |
|       mul_16s_9s_25_1_0_U995                                           | -   |        | r_V_2183       | mul | fabric | 0       |
|       mul_16s_6ns_22_1_0_U954                                          | -   |        | r_V_2184       | mul | fabric | 0       |
|       mul_16s_11s_26_1_0_U1149                                         | -   |        | mul_ln1270_50  | mul | fabric | 0       |
|       r_V_2185_fu_9133968_p2                                           | -   |        | r_V_2185       | add | fabric | 0       |
|       mul_16s_10ns_26_1_0_U1150                                        | -   |        | r_V_2186       | mul | fabric | 0       |
|       r_V_2187_fu_9134010_p2                                           | -   |        | r_V_2187       | sub | fabric | 0       |
|       mul_16s_10s_26_1_0_U1151                                         | -   |        | r_V_2188       | mul | fabric | 0       |
|       mul_16s_8ns_24_1_0_U1152                                         | -   |        | r_V_2189       | mul | fabric | 0       |
|       mul_16s_9s_25_1_0_U1347                                          | -   |        | r_V_2190       | mul | fabric | 0       |
|       mul_16s_10ns_26_1_0_U1861                                        | -   |        | r_V_2191       | mul | fabric | 0       |
|       mul_16s_9ns_25_1_0_U1862                                         | -   |        | r_V_2192       | mul | fabric | 0       |
|       mul_16s_7ns_23_1_0_U1613                                         | -   |        | r_V_2194       | mul | fabric | 0       |
|       mul_16s_9ns_25_1_0_U1349                                         | -   |        | r_V_2195       | mul | fabric | 0       |
|       mul_16s_10ns_26_1_0_U1350                                        | -   |        | r_V_2196       | mul | fabric | 0       |
|       mul_16s_9s_25_1_0_U1866                                          | -   |        | r_V_2197       | mul | fabric | 0       |
|       mul_16s_8s_24_1_0_U1617                                          | -   |        | r_V_2198       | mul | fabric | 0       |
|       mul_16s_8ns_24_1_0_U1326                                         | -   |        | r_V_2199       | mul | fabric | 0       |
|       mul_16s_9s_25_1_0_U1619                                          | -   |        | r_V_2200       | mul | fabric | 0       |
|       r_V_2201_fu_9134250_p2                                           | -   |        | r_V_2201       | sub | fabric | 0       |
|       mul_16s_9ns_25_1_0_U1353                                         | -   |        | r_V_2202       | mul | fabric | 0       |
|       mul_16s_7s_23_1_0_U1354                                          | -   |        | r_V_2203       | mul | fabric | 0       |
|       mul_16s_10ns_26_1_0_U1108                                        | -   |        | r_V_2204       | mul | fabric | 0       |
|       mul_16s_10s_26_1_0_U1623                                         | -   |        | r_V_2205       | mul | fabric | 0       |
|       r_V_2206_fu_9134400_p2                                           | -   |        | r_V_2206       | sub | fabric | 0       |
|       r_V_2207_fu_9134420_p2                                           | -   |        | r_V_2207       | sub | fabric | 0       |
|       mul_16s_8ns_24_1_0_U1624                                         | -   |        | r_V_2208       | mul | fabric | 0       |
|       mul_16s_8ns_24_1_0_U1872                                         | -   |        | r_V_2209       | mul | fabric | 0       |
|       r_V_2210_fu_9134480_p2                                           | -   |        | r_V_2210       | add | fabric | 0       |
|       mul_16s_8s_24_1_0_U1625                                          | -   |        | r_V_2211       | mul | fabric | 0       |
|       mul_16s_8s_24_1_0_U1111                                          | -   |        | r_V_2212       | mul | fabric | 0       |
|       mul_16s_9s_25_1_0_U1874                                          | -   |        | r_V_2214       | mul | fabric | 0       |
|       mul_16s_8s_24_1_0_U1112                                          | -   |        | r_V_2215       | mul | fabric | 0       |
|       mul_16s_8ns_24_1_0_U1876                                         | -   |        | r_V_2216       | mul | fabric | 0       |
|       mul_16s_8s_24_1_0_U1360                                          | -   |        | r_V_2217       | mul | fabric | 0       |
|       mul_16s_9ns_25_1_0_U1361                                         | -   |        | r_V_2218       | mul | fabric | 0       |
|       mul_16s_9s_25_1_0_U1232                                          | -   |        | r_V_2219       | mul | fabric | 0       |
|       mul_16s_5s_21_1_0_U1542                                          | -   |        | r_V_2220       | mul | auto   | 0       |
|       mul_16s_9ns_25_1_0_U1287                                         | -   |        | r_V_2221       | mul | fabric | 0       |
|       r_V_2222_fu_9134670_p2                                           | -   |        | r_V_2222       | sub | fabric | 0       |
|       mul_16s_8s_24_1_0_U1118                                          | -   |        | r_V_2223       | mul | fabric | 0       |
|       mul_16s_9s_25_1_0_U885                                           | -   |        | r_V_2224       | mul | fabric | 0       |
|       r_V_2225_fu_9134738_p2                                           | -   |        | r_V_2225       | sub | fabric | 0       |
|       mul_16s_7ns_23_1_0_U1298                                         | -   |        | r_V_2227       | mul | fabric | 0       |
|       mul_16s_8ns_24_1_0_U1545                                         | -   |        | r_V_2228       | mul | fabric | 0       |
|       r_V_2229_fu_9134812_p2                                           | -   |        | r_V_2229       | sub | fabric | 0       |
|       mul_16s_8ns_24_1_0_U1771                                         | -   |        | r_V_2230       | mul | fabric | 0       |
|       r_V_2231_fu_9134846_p2                                           | -   |        | r_V_2231       | sub | fabric | 0       |
|       r_V_2232_fu_9134874_p2                                           | -   |        | r_V_2232       | sub | fabric | 0       |
|       mul_16s_10ns_26_1_0_U1875                                        | -   |        | r_V_2233       | mul | fabric | 0       |
|       r_V_2234_fu_9134970_p2                                           | -   |        | r_V_2234       | sub | fabric | 0       |
|       mul_16s_9s_25_1_0_U1688                                          | -   |        | r_V_2235       | mul | fabric | 0       |
|       r_V_2236_fu_9135020_p2                                           | -   |        | r_V_2236       | sub | fabric | 0       |
|       mul_16s_9s_25_1_0_U1781                                          | -   |        | r_V_2237       | mul | fabric | 0       |
|       r_V_2238_fu_9135050_p2                                           | -   |        | r_V_2238       | sub | fabric | 0       |
|       r_V_2239_fu_9135070_p2                                           | -   |        | r_V_2239       | sub | fabric | 0       |
|       r_V_2240_fu_9135106_p2                                           | -   |        | r_V_2240       | sub | fabric | 0       |
|       mul_16s_8s_24_1_0_U1258                                          | -   |        | r_V_2241       | mul | fabric | 0       |
|       mul_16s_9ns_25_1_0_U1043                                         | -   |        | r_V_2242       | mul | fabric | 0       |
|       mul_16s_8ns_24_1_0_U868                                          | -   |        | r_V_2243       | mul | fabric | 0       |
|       r_V_2244_fu_9135176_p2                                           | -   |        | r_V_2244       | sub | fabric | 0       |
|       r_V_2245_fu_9135196_p2                                           | -   |        | r_V_2245       | sub | fabric | 0       |
|       r_V_2246_fu_9135228_p2                                           | -   |        | r_V_2246       | sub | fabric | 0       |
|       mul_16s_8s_24_1_0_U1092                                          | -   |        | r_V_2247       | mul | fabric | 0       |
|       mul_16s_7s_23_1_0_U1180                                          | -   |        | r_V_2248       | mul | fabric | 0       |
|       mul_16s_8ns_24_1_0_U1738                                         | -   |        | r_V_2249       | mul | fabric | 0       |
|       mul_16s_7ns_23_1_0_U1518                                         | -   |        | r_V_2250       | mul | fabric | 0       |
|       mul_16s_8ns_24_1_0_U870                                          | -   |        | r_V_2251       | mul | fabric | 0       |
|       mul_16s_9ns_25_1_0_U1566                                         | -   |        | r_V_2252       | mul | fabric | 0       |
|       mul_16s_7ns_23_1_0_U1658                                         | -   |        | r_V_2253       | mul | fabric | 0       |
|       mul_16s_9ns_25_1_0_U1015                                         | -   |        | r_V_2254       | mul | fabric | 0       |
|       r_V_2255_fu_9135360_p2                                           | -   |        | r_V_2255       | add | fabric | 0       |
|       mul_16s_9ns_25_1_0_U1852                                         | -   |        | r_V_2256       | mul | fabric | 0       |
|       mul_16s_8ns_24_1_0_U1807                                         | -   |        | r_V_2257       | mul | fabric | 0       |
|       r_V_2258_fu_9135404_p2                                           | -   |        | r_V_2258       | add | fabric | 0       |
|       mul_16s_7ns_23_1_0_U1284                                         | -   |        | r_V_2259       | mul | fabric | 0       |
|       mul_16s_7ns_23_1_0_U1800                                         | -   |        | r_V_2260       | mul | fabric | 0       |
|       mul_16s_8ns_24_1_0_U1017                                         | -   |        | r_V_2261       | mul | fabric | 0       |
|       r_V_2262_fu_9135533_p2                                           | -   |        | r_V_2262       | sub | fabric | 0       |
|       r_V_2263_fu_9135553_p2                                           | -   |        | r_V_2263       | sub | fabric | 0       |
|       mul_16s_9s_25_1_0_U1386                                          | -   |        | r_V_2264       | mul | fabric | 0       |
|       mul_16s_9s_25_1_0_U1242                                          | -   |        | r_V_2265       | mul | fabric | 0       |
|       r_V_2266_fu_9135607_p2                                           | -   |        | r_V_2266       | sub | fabric | 0       |
|       mul_16s_9ns_25_1_0_U1640                                         | -   |        | r_V_2267       | mul | fabric | 0       |
|       mul_16s_8ns_24_1_0_U1120                                         | -   |        | r_V_2268       | mul | fabric | 0       |
|       mul_16s_9s_25_1_0_U1877                                          | -   |        | r_V_2269       | mul | fabric | 0       |
|       r_V_2270_fu_9135677_p2                                           | -   |        | r_V_2270       | sub | fabric | 0       |
|       mul_16s_9ns_25_1_0_U1802                                         | -   |        | r_V_2271       | mul | fabric | 0       |
|       mul_16s_9ns_25_1_0_U942                                          | -   |        | r_V_2272       | mul | fabric | 0       |
|       mul_16s_8ns_24_1_0_U1290                                         | -   |        | r_V_2273       | mul | fabric | 0       |
|       mul_16s_7ns_23_1_0_U944                                          | -   |        | r_V_2274       | mul | fabric | 0       |
|       mul_16s_9ns_25_1_0_U1805                                         | -   |        | r_V_2275       | mul | fabric | 0       |
|       mul_16s_6s_22_1_0_U1293                                          | -   |        | r_V_2276       | mul | fabric | 0       |
|       r_V_2277_fu_9135777_p2                                           | -   |        | r_V_2277       | sub | fabric | 0       |
|       mul_16s_9s_25_1_0_U1554                                          | -   |        | r_V_2278       | mul | fabric | 0       |
|       mul_16s_8ns_24_1_0_U945                                          | -   |        | r_V_2280       | mul | fabric | 0       |
|       mul_16s_9s_25_1_0_U1808                                          | -   |        | r_V_2281       | mul | fabric | 0       |
|       r_V_2282_fu_9135889_p2                                           | -   |        | r_V_2282       | add | fabric | 0       |
|       r_V_2283_fu_9135921_p2                                           | -   |        | r_V_2283       | sub | fabric | 0       |
|       mul_16s_8ns_24_1_0_U947                                          | -   |        | r_V_2284       | mul | fabric | 0       |
|       mul_16s_9ns_25_1_0_U948                                          | -   |        | r_V_2285       | mul | fabric | 0       |
|       mul_16s_9ns_25_1_0_U949                                          | -   |        | r_V_2286       | mul | fabric | 0       |
|       mul_16s_6s_22_1_0_U1811                                          | -   |        | r_V_2287       | mul | fabric | 0       |
|       mul_16s_9s_25_1_0_U951                                           | -   |        | r_V_2288       | mul | fabric | 0       |
|       mul_16s_7ns_23_1_0_U952                                          | -   |        | r_V_2289       | mul | fabric | 0       |
|       r_V_2290_fu_9136077_p2                                           | -   |        | r_V_2290       | sub | fabric | 0       |
|       mul_16s_9s_25_1_0_U1189                                          | -   |        | r_V_2291       | mul | fabric | 0       |
|       mul_16s_9s_25_1_0_U1296                                          | -   |        | r_V_2292       | mul | fabric | 0       |
|       mul_16s_9ns_25_1_0_U1191                                         | -   |        | r_V_2293       | mul | fabric | 0       |
|       mul_16s_8ns_24_1_0_U956                                          | -   |        | r_V_2294       | mul | fabric | 0       |
|       mul_16s_7ns_23_1_0_U1816                                         | -   |        | r_V_2295       | mul | fabric | 0       |
|       mul_16s_6ns_22_1_0_U1817                                         | -   |        | r_V_2296       | mul | fabric | 0       |
|       r_V_2297_fu_9136215_p2                                           | -   |        | r_V_2297       | sub | fabric | 0       |
|       mul_16s_6s_22_1_0_U1818                                          | -   |        | r_V_2298       | mul | fabric | 0       |
|       mul_16s_6s_22_1_0_U960                                           | -   |        | r_V_2300       | mul | fabric | 0       |
|       mul_16s_9ns_25_1_0_U1300                                         | -   |        | r_V_2301       | mul | fabric | 0       |
|       r_V_2302_fu_9136343_p2                                           | -   |        | r_V_2302       | sub | fabric | 0       |
|       mul_16s_9ns_25_1_0_U1433                                         | -   |        | r_V_2303       | mul | fabric | 0       |
|       mul_16s_9ns_25_1_0_U1388                                         | -   |        | r_V_2304       | mul | fabric | 0       |
|       mul_16s_9s_25_1_0_U1144                                          | -   |        | r_V_2305       | mul | fabric | 0       |
|       mul_16s_6s_22_1_0_U1106                                          | -   |        | r_V_2306       | mul | fabric | 0       |
|       r_V_2307_fu_9136458_p2                                           | -   |        | r_V_2307       | sub | fabric | 0       |
|       r_V_2308_fu_9136506_p2                                           | -   |        | r_V_2308       | sub | fabric | 0       |
|       mul_16s_9s_25_1_0_U1074                                          | -   |        | r_V_2309       | mul | fabric | 0       |
|       r_V_2310_fu_9136552_p2                                           | -   |        | r_V_2310       | sub | fabric | 0       |
|       mul_16s_9s_25_1_0_U1157                                          | -   |        | r_V_2311       | mul | fabric | 0       |
|       r_V_2312_fu_9136618_p2                                           | -   |        | r_V_2312       | sub | fabric | 0       |
|       mul_16s_8ns_24_1_0_U1535                                         | -   |        | r_V_2313       | mul | fabric | 0       |
|       mul_16s_10ns_26_1_0_U884                                         | -   |        | r_V_2314       | mul | fabric | 0       |
|       mul_16s_9s_25_1_0_U987                                           | -   |        | r_V_2315       | mul | fabric | 0       |
|       mul_16s_7ns_23_1_0_U1678                                         | -   |        | r_V_2316       | mul | fabric | 0       |
|       mul_16s_9ns_25_1_0_U1770                                         | -   |        | r_V_2317       | mul | fabric | 0       |
|       mul_16s_7ns_23_1_0_U1727                                         | -   |        | r_V_2318       | mul | fabric | 0       |
|       r_V_2319_fu_9136726_p2                                           | -   |        | r_V_2319       | sub | fabric | 0       |
|       r_V_2320_fu_9136746_p2                                           | -   |        | r_V_2320       | sub | fabric | 0       |
|       mul_16s_10ns_26_1_0_U1348                                        | -   |        | r_V_2321       | mul | fabric | 0       |
|       mul_16s_7s_23_1_0_U1304                                          | -   |        | r_V_2322       | mul | fabric | 0       |
|       mul_16s_8ns_24_1_0_U1408                                         | -   |        | r_V_2323       | mul | fabric | 0       |
|       r_V_2324_fu_9136816_p2                                           | -   |        | r_V_2324       | add | fabric | 0       |
|       mul_16s_8s_24_1_0_U1514                                          | -   |        | r_V_2325       | mul | fabric | 0       |
|       mul_16s_8ns_24_1_0_U1247                                         | -   |        | r_V_2326       | mul | fabric | 0       |
|       r_V_2327_fu_9136864_p2                                           | -   |        | r_V_2327       | sub | fabric | 0       |
|       r_V_2328_fu_9136884_p2                                           | -   |        | r_V_2328       | sub | fabric | 0       |
|       mul_16s_9ns_25_1_0_U1692                                         | -   |        | r_V_2329       | mul | fabric | 0       |
|       mul_16s_7ns_23_1_0_U1452                                         | -   |        | r_V_2330       | mul | fabric | 0       |
|       mul_16s_7ns_23_1_0_U1415                                         | -   |        | r_V_2331       | mul | fabric | 0       |
|       r_V_2332_fu_9137011_p2                                           | -   |        | r_V_2332       | sub | fabric | 0       |
|       r_V_2333_fu_9137043_p2                                           | -   |        | r_V_2333       | sub | fabric | 0       |
|       r_V_2334_fu_9137077_p2                                           | -   |        | r_V_2334       | sub | fabric | 0       |
|       mul_16s_10ns_26_1_0_U1124                                        | -   |        | r_V_2335       | mul | fabric | 0       |
|       mul_16s_7s_23_1_0_U869                                           | -   |        | r_V_2336       | mul | fabric | 0       |
|       mul_16s_8ns_24_1_0_U969                                          | -   |        | r_V_2337       | mul | fabric | 0       |
|       mul_16s_9ns_25_1_0_U1065                                         | -   |        | r_V_2338       | mul | fabric | 0       |
|       r_V_2339_fu_9137173_p2                                           | -   |        | r_V_2339       | sub | fabric | 0       |
|       mul_16s_7ns_23_1_0_U1742                                         | -   |        | r_V_2340       | mul | fabric | 0       |
|       mul_16s_8ns_24_1_0_U1379                                         | -   |        | r_V_2341       | mul | fabric | 0       |
|       mul_16s_9ns_25_1_0_U1616                                         | -   |        | r_V_2342       | mul | fabric | 0       |
|       mul_16s_7s_23_1_0_U1891                                          | -   |        | r_V_2343       | mul | fabric | 0       |
|       mul_16s_9s_25_1_0_U1462                                          | -   |        | r_V_2344       | mul | fabric | 0       |
|       mul_16s_7ns_23_1_0_U1093                                         | -   |        | r_V_2345       | mul | fabric | 0       |
|       r_V_2347_fu_9137355_p2                                           | -   |        | r_V_2347       | sub | fabric | 0       |
|       mul_16s_9ns_25_1_0_U1094                                         | -   |        | r_V_2348       | mul | fabric | 0       |
|       mul_16s_9ns_25_1_0_U1840                                         | -   |        | r_V_2349       | mul | fabric | 0       |
|       r_V_2350_fu_9137403_p2                                           | -   |        | r_V_2350       | sub | fabric | 0       |
|       add_ln813_fu_9137423_p2                                          | -   |        | add_ln813      | add | fabric | 0       |
|       add_ln813_918_fu_9137439_p2                                      | -   |        | add_ln813_918  | add | fabric | 0       |
|       add_ln813_919_fu_9137449_p2                                      | -   |        | add_ln813_919  | add | fabric | 0       |
|       add_ln813_921_fu_9137465_p2                                      | -   |        | add_ln813_921  | add | fabric | 0       |
|       add_ln813_922_fu_9137475_p2                                      | -   |        | add_ln813_922  | add | fabric | 0       |
|       add_ln813_923_fu_9137485_p2                                      | -   |        | add_ln813_923  | add | fabric | 0       |
|       add_ln813_924_fu_9137495_p2                                      | -   |        | add_ln813_924  | add | fabric | 0       |
|       add_ln813_925_fu_9137505_p2                                      | -   |        | add_ln813_925  | add | fabric | 0       |
|       add_ln813_926_fu_9137515_p2                                      | -   |        | add_ln813_926  | add | fabric | 0       |
|       add_ln813_928_fu_9137521_p2                                      | -   |        | add_ln813_928  | add | fabric | 0       |
|       add_ln813_929_fu_9137531_p2                                      | -   |        | add_ln813_929  | add | fabric | 0       |
|       add_ln813_930_fu_9137541_p2                                      | -   |        | add_ln813_930  | add | fabric | 0       |
|       add_ln813_931_fu_9137551_p2                                      | -   |        | add_ln813_931  | add | fabric | 0       |
|       add_ln813_932_fu_9137561_p2                                      | -   |        | add_ln813_932  | add | fabric | 0       |
|       add_ln813_933_fu_9137571_p2                                      | -   |        | add_ln813_933  | add | fabric | 0       |
|       add_ln813_934_fu_9137577_p2                                      | -   |        | add_ln813_934  | add | fabric | 0       |
|       add_ln813_935_fu_9137587_p2                                      | -   |        | add_ln813_935  | add | fabric | 0       |
|       add_ln813_936_fu_9137597_p2                                      | -   |        | add_ln813_936  | add | fabric | 0       |
|       add_ln813_937_fu_9137607_p2                                      | -   |        | add_ln813_937  | add | fabric | 0       |
|       add_ln813_938_fu_9137617_p2                                      | -   |        | add_ln813_938  | add | fabric | 0       |
|       add_ln813_939_fu_9137627_p2                                      | -   |        | add_ln813_939  | add | fabric | 0       |
|       add_ln813_940_fu_9147133_p2                                      | -   |        | add_ln813_940  | add | fabric | 0       |
|       add_ln813_942_fu_9137633_p2                                      | -   |        | add_ln813_942  | add | fabric | 0       |
|       add_ln813_948_fu_9137667_p2                                      | -   |        | add_ln813_948  | add | fabric | 0       |
|       add_ln813_951_fu_9137673_p2                                      | -   |        | add_ln813_951  | add | fabric | 0       |
|       add_ln813_957_fu_9137691_p2                                      | -   |        | add_ln813_957  | add | fabric | 0       |
|       add_ln813_958_fu_9137701_p2                                      | -   |        | add_ln813_958  | add | fabric | 0       |
|       add_ln813_959_fu_9137711_p2                                      | -   |        | add_ln813_959  | add | fabric | 0       |
|       add_ln813_961_fu_9137717_p2                                      | -   |        | add_ln813_961  | add | fabric | 0       |
|       add_ln813_963_fu_9137723_p2                                      | -   |        | add_ln813_963  | add | fabric | 0       |
|       add_ln813_964_fu_9137733_p2                                      | -   |        | add_ln813_964  | add | fabric | 0       |
|       add_ln813_965_fu_9137743_p2                                      | -   |        | add_ln813_965  | add | fabric | 0       |
|       add_ln813_969_fu_9137749_p2                                      | -   |        | add_ln813_969  | add | fabric | 0       |
|       add_ln813_971_fu_9137755_p2                                      | -   |        | add_ln813_971  | add | fabric | 0       |
|       add_ln813_972_fu_9137765_p2                                      | -   |        | add_ln813_972  | add | fabric | 0       |
|       add_ln813_974_fu_9137771_p2                                      | -   |        | add_ln813_974  | add | fabric | 0       |
|       add_ln813_975_fu_9137781_p2                                      | -   |        | add_ln813_975  | add | fabric | 0       |
|       add_ln813_976_fu_9137787_p2                                      | -   |        | add_ln813_976  | add | fabric | 0       |
|       add_ln813_977_fu_9137797_p2                                      | -   |        | add_ln813_977  | add | fabric | 0       |
|       add_ln813_978_fu_9137807_p2                                      | -   |        | add_ln813_978  | add | fabric | 0       |
|       add_ln813_979_fu_9147229_p2                                      | -   |        | add_ln813_979  | add | fabric | 0       |
|       add_ln813_981_fu_9137813_p2                                      | -   |        | add_ln813_981  | add | fabric | 0       |
|       add_ln813_982_fu_9137823_p2                                      | -   |        | add_ln813_982  | add | fabric | 0       |
|       add_ln813_983_fu_9137829_p2                                      | -   |        | add_ln813_983  | add | fabric | 0       |
|       add_ln813_984_fu_9137839_p2                                      | -   |        | add_ln813_984  | add | fabric | 0       |
|       add_ln813_985_fu_9137849_p2                                      | -   |        | add_ln813_985  | add | fabric | 0       |
|       add_ln813_987_fu_9137855_p2                                      | -   |        | add_ln813_987  | add | fabric | 0       |
|       add_ln813_988_fu_9137865_p2                                      | -   |        | add_ln813_988  | add | fabric | 0       |
|       add_ln813_989_fu_9137875_p2                                      | -   |        | add_ln813_989  | add | fabric | 0       |
|       add_ln813_990_fu_9137885_p2                                      | -   |        | add_ln813_990  | add | fabric | 0       |
|       add_ln813_991_fu_9137895_p2                                      | -   |        | add_ln813_991  | add | fabric | 0       |
|       add_ln813_992_fu_9137905_p2                                      | -   |        | add_ln813_992  | add | fabric | 0       |
|       add_ln813_999_fu_9137923_p2                                      | -   |        | add_ln813_999  | add | fabric | 0       |
|       add_ln813_1002_fu_9137929_p2                                     | -   |        | add_ln813_1002 | add | fabric | 0       |
|       add_ln813_1003_fu_9137935_p2                                     | -   |        | add_ln813_1003 | add | fabric | 0       |
|       add_ln813_1006_fu_9137941_p2                                     | -   |        | add_ln813_1006 | add | fabric | 0       |
|       add_ln813_1013_fu_9137959_p2                                     | -   |        | add_ln813_1013 | add | fabric | 0       |
|       add_ln813_1016_fu_9137965_p2                                     | -   |        | add_ln813_1016 | add | fabric | 0       |
|       add_ln813_1017_fu_9137971_p2                                     | -   |        | add_ln813_1017 | add | fabric | 0       |
|       add_ln813_1019_fu_9137977_p2                                     | -   |        | add_ln813_1019 | add | fabric | 0       |
|       add_ln813_1020_fu_9137987_p2                                     | -   |        | add_ln813_1020 | add | fabric | 0       |
|       add_ln813_1021_fu_9137997_p2                                     | -   |        | add_ln813_1021 | add | fabric | 0       |
|       add_ln813_1025_fu_9138003_p2                                     | -   |        | add_ln813_1025 | add | fabric | 0       |
|       add_ln813_1027_fu_9138009_p2                                     | -   |        | add_ln813_1027 | add | fabric | 0       |
|       add_ln813_1028_fu_9138019_p2                                     | -   |        | add_ln813_1028 | add | fabric | 0       |
|       add_ln813_1029_fu_9138029_p2                                     | -   |        | add_ln813_1029 | add | fabric | 0       |
|       add_ln813_1031_fu_9138035_p2                                     | -   |        | add_ln813_1031 | add | fabric | 0       |
|       add_ln813_1032_fu_9138045_p2                                     | -   |        | add_ln813_1032 | add | fabric | 0       |
|       add_ln813_1033_fu_9138055_p2                                     | -   |        | add_ln813_1033 | add | fabric | 0       |
|       add_ln813_1034_fu_9138061_p2                                     | -   |        | add_ln813_1034 | add | fabric | 0       |
|       add_ln813_1035_fu_9138071_p2                                     | -   |        | add_ln813_1035 | add | fabric | 0       |
|       add_ln813_1036_fu_9138081_p2                                     | -   |        | add_ln813_1036 | add | fabric | 0       |
|       add_ln813_1037_fu_9147374_p2                                     | -   |        | add_ln813_1037 | add | fabric | 0       |
|       add_ln813_1039_fu_9138087_p2                                     | -   |        | add_ln813_1039 | add | fabric | 0       |
|       add_ln813_1040_fu_9138097_p2                                     | -   |        | add_ln813_1040 | add | fabric | 0       |
|       add_ln813_1041_fu_9138107_p2                                     | -   |        | add_ln813_1041 | add | fabric | 0       |
|       add_ln813_1042_fu_9138113_p2                                     | -   |        | add_ln813_1042 | add | fabric | 0       |
|       add_ln813_1043_fu_9138123_p2                                     | -   |        | add_ln813_1043 | add | fabric | 0       |
|       add_ln813_1044_fu_9138133_p2                                     | -   |        | add_ln813_1044 | add | fabric | 0       |
|       add_ln813_1047_fu_9138145_p2                                     | -   |        | add_ln813_1047 | add | fabric | 0       |
|       add_ln813_1049_fu_9138165_p2                                     | -   |        | add_ln813_1049 | add | fabric | 0       |
|       add_ln813_1050_fu_9138175_p2                                     | -   |        | add_ln813_1050 | add | fabric | 0       |
|       add_ln813_1051_fu_9138185_p2                                     | -   |        | add_ln813_1051 | add | fabric | 0       |
|       add_ln813_1052_fu_9138195_p2                                     | -   |        | add_ln813_1052 | add | fabric | 0       |
|       add_ln813_1056_fu_9138201_p2                                     | -   |        | add_ln813_1056 | add | fabric | 0       |
|       add_ln813_1057_fu_9138211_p2                                     | -   |        | add_ln813_1057 | add | fabric | 0       |
|       add_ln813_1063_fu_9138245_p2                                     | -   |        | add_ln813_1063 | add | fabric | 0       |
|       add_ln813_1071_fu_9138275_p2                                     | -   |        | add_ln813_1071 | add | fabric | 0       |
|       add_ln813_1072_fu_9138285_p2                                     | -   |        | add_ln813_1072 | add | fabric | 0       |
|       add_ln813_1074_fu_9138291_p2                                     | -   |        | add_ln813_1074 | add | fabric | 0       |
|       add_ln813_1076_fu_9138297_p2                                     | -   |        | add_ln813_1076 | add | fabric | 0       |
|       add_ln813_1077_fu_9138307_p2                                     | -   |        | add_ln813_1077 | add | fabric | 0       |
|       add_ln813_1078_fu_9138317_p2                                     | -   |        | add_ln813_1078 | add | fabric | 0       |
|       add_ln813_1082_fu_9138323_p2                                     | -   |        | add_ln813_1082 | add | fabric | 0       |
|       add_ln813_1083_fu_9138333_p2                                     | -   |        | add_ln813_1083 | add | fabric | 0       |
|       add_ln813_1084_fu_9138339_p2                                     | -   |        | add_ln813_1084 | add | fabric | 0       |
|       add_ln813_1085_fu_9138349_p2                                     | -   |        | add_ln813_1085 | add | fabric | 0       |
|       add_ln813_1086_fu_9147473_p2                                     | -   |        | add_ln813_1086 | add | fabric | 0       |
|       add_ln813_1087_fu_9138355_p2                                     | -   |        | add_ln813_1087 | add | fabric | 0       |
|       add_ln813_1088_fu_9138365_p2                                     | -   |        | add_ln813_1088 | add | fabric | 0       |
|       add_ln813_1089_fu_9138371_p2                                     | -   |        | add_ln813_1089 | add | fabric | 0       |
|       add_ln813_1090_fu_9138381_p2                                     | -   |        | add_ln813_1090 | add | fabric | 0       |
|       add_ln813_1091_fu_9138391_p2                                     | -   |        | add_ln813_1091 | add | fabric | 0       |
|       add_ln813_1092_fu_9147485_p2                                     | -   |        | add_ln813_1092 | add | fabric | 0       |
|       add_ln813_1094_fu_9138397_p2                                     | -   |        | add_ln813_1094 | add | fabric | 0       |
|       add_ln813_1096_fu_9138413_p2                                     | -   |        | add_ln813_1096 | add | fabric | 0       |
|       add_ln813_1097_fu_9138423_p2                                     | -   |        | add_ln813_1097 | add | fabric | 0       |
|       add_ln813_1099_fu_9138439_p2                                     | -   |        | add_ln813_1099 | add | fabric | 0       |
|       add_ln813_1100_fu_9138449_p2                                     | -   |        | add_ln813_1100 | add | fabric | 0       |
|       add_ln813_1101_fu_9138459_p2                                     | -   |        | add_ln813_1101 | add | fabric | 0       |
|       add_ln813_1102_fu_9138469_p2                                     | -   |        | add_ln813_1102 | add | fabric | 0       |
|       add_ln813_1103_fu_9138479_p2                                     | -   |        | add_ln813_1103 | add | fabric | 0       |
|       add_ln813_1104_fu_9138489_p2                                     | -   |        | add_ln813_1104 | add | fabric | 0       |
|       add_ln813_1105_fu_9147507_p2                                     | -   |        | add_ln813_1105 | add | fabric | 0       |
|       add_ln813_1111_fu_9138507_p2                                     | -   |        | add_ln813_1111 | add | fabric | 0       |
|       add_ln813_1114_fu_9138513_p2                                     | -   |        | add_ln813_1114 | add | fabric | 0       |
|       add_ln813_1117_fu_9138519_p2                                     | -   |        | add_ln813_1117 | add | fabric | 0       |
|       add_ln813_1124_fu_9138537_p2                                     | -   |        | add_ln813_1124 | add | fabric | 0       |
|       add_ln813_1127_fu_9138543_p2                                     | -   |        | add_ln813_1127 | add | fabric | 0       |
|       add_ln813_1128_fu_9138549_p2                                     | -   |        | add_ln813_1128 | add | fabric | 0       |
|       add_ln813_1130_fu_9138555_p2                                     | -   |        | add_ln813_1130 | add | fabric | 0       |
|       add_ln813_1131_fu_9138565_p2                                     | -   |        | add_ln813_1131 | add | fabric | 0       |
|       add_ln813_1132_fu_9138575_p2                                     | -   |        | add_ln813_1132 | add | fabric | 0       |
|       add_ln813_1136_fu_9138581_p2                                     | -   |        | add_ln813_1136 | add | fabric | 0       |
|       add_ln813_1138_fu_9138587_p2                                     | -   |        | add_ln813_1138 | add | fabric | 0       |
|       add_ln813_1139_fu_9138597_p2                                     | -   |        | add_ln813_1139 | add | fabric | 0       |
|       add_ln813_1140_fu_9138607_p2                                     | -   |        | add_ln813_1140 | add | fabric | 0       |
|       add_ln813_1142_fu_9138613_p2                                     | -   |        | add_ln813_1142 | add | fabric | 0       |
|       add_ln813_1143_fu_9138623_p2                                     | -   |        | add_ln813_1143 | add | fabric | 0       |
|       add_ln813_1144_fu_9138633_p2                                     | -   |        | add_ln813_1144 | add | fabric | 0       |
|       add_ln813_1145_fu_9138639_p2                                     | -   |        | add_ln813_1145 | add | fabric | 0       |
|       add_ln813_1146_fu_9138649_p2                                     | -   |        | add_ln813_1146 | add | fabric | 0       |
|       add_ln813_1147_fu_9138659_p2                                     | -   |        | add_ln813_1147 | add | fabric | 0       |
|       add_ln813_1148_fu_9147632_p2                                     | -   |        | add_ln813_1148 | add | fabric | 0       |
|       add_ln813_1150_fu_9138665_p2                                     | -   |        | add_ln813_1150 | add | fabric | 0       |
|       add_ln813_1151_fu_9138675_p2                                     | -   |        | add_ln813_1151 | add | fabric | 0       |
|       add_ln813_1152_fu_9138681_p2                                     | -   |        | add_ln813_1152 | add | fabric | 0       |
|       add_ln813_1153_fu_9138691_p2                                     | -   |        | add_ln813_1153 | add | fabric | 0       |
|       add_ln813_1154_fu_9138701_p2                                     | -   |        | add_ln813_1154 | add | fabric | 0       |
|       add_ln813_1156_fu_9138707_p2                                     | -   |        | add_ln813_1156 | add | fabric | 0       |
|       add_ln813_1157_fu_9138717_p2                                     | -   |        | add_ln813_1157 | add | fabric | 0       |
|       add_ln813_1159_fu_9138733_p2                                     | -   |        | add_ln813_1159 | add | fabric | 0       |
|       add_ln813_1160_fu_9138743_p2                                     | -   |        | add_ln813_1160 | add | fabric | 0       |
|       add_ln813_1161_fu_9138753_p2                                     | -   |        | add_ln813_1161 | add | fabric | 0       |
|       add_ln813_1169_fu_9138781_p2                                     | -   |        | add_ln813_1169 | add | fabric | 0       |
|       add_ln813_1172_fu_9138787_p2                                     | -   |        | add_ln813_1172 | add | fabric | 0       |
|       add_ln813_1173_fu_9138793_p2                                     | -   |        | add_ln813_1173 | add | fabric | 0       |
|       add_ln813_1176_fu_9138799_p2                                     | -   |        | add_ln813_1176 | add | fabric | 0       |
|       add_ln813_1181_fu_9138805_p2                                     | -   |        | add_ln813_1181 | add | fabric | 0       |
|       add_ln813_1183_fu_9138811_p2                                     | -   |        | add_ln813_1183 | add | fabric | 0       |
|       add_ln813_1184_fu_9138821_p2                                     | -   |        | add_ln813_1184 | add | fabric | 0       |
|       add_ln813_1185_fu_9138831_p2                                     | -   |        | add_ln813_1185 | add | fabric | 0       |
|       add_ln813_1187_fu_9138837_p2                                     | -   |        | add_ln813_1187 | add | fabric | 0       |
|       add_ln813_1188_fu_9138843_p2                                     | -   |        | add_ln813_1188 | add | fabric | 0       |
|       add_ln813_1190_fu_9138849_p2                                     | -   |        | add_ln813_1190 | add | fabric | 0       |
|       add_ln813_1191_fu_9138859_p2                                     | -   |        | add_ln813_1191 | add | fabric | 0       |
|       add_ln813_1192_fu_9138869_p2                                     | -   |        | add_ln813_1192 | add | fabric | 0       |
|       add_ln813_1196_fu_9138875_p2                                     | -   |        | add_ln813_1196 | add | fabric | 0       |
|       add_ln813_1198_fu_9138881_p2                                     | -   |        | add_ln813_1198 | add | fabric | 0       |
|       add_ln813_1199_fu_9138891_p2                                     | -   |        | add_ln813_1199 | add | fabric | 0       |
|       add_ln813_1200_fu_9138901_p2                                     | -   |        | add_ln813_1200 | add | fabric | 0       |
|       add_ln813_1202_fu_9138907_p2                                     | -   |        | add_ln813_1202 | add | fabric | 0       |
|       add_ln813_1203_fu_9138913_p2                                     | -   |        | add_ln813_1203 | add | fabric | 0       |
|       add_ln813_1206_fu_9138925_p2                                     | -   |        | add_ln813_1206 | add | fabric | 0       |
|       add_ln813_1210_fu_9138941_p2                                     | -   |        | add_ln813_1210 | add | fabric | 0       |
|       add_ln813_1211_fu_9138951_p2                                     | -   |        | add_ln813_1211 | add | fabric | 0       |
|       add_ln813_1213_fu_9138967_p2                                     | -   |        | add_ln813_1213 | add | fabric | 0       |
|       add_ln813_1214_fu_9138977_p2                                     | -   |        | add_ln813_1214 | add | fabric | 0       |
|       add_ln813_1215_fu_9138987_p2                                     | -   |        | add_ln813_1215 | add | fabric | 0       |
|       add_ln813_1217_fu_9139003_p2                                     | -   |        | add_ln813_1217 | add | fabric | 0       |
|       add_ln813_1218_fu_9139013_p2                                     | -   |        | add_ln813_1218 | add | fabric | 0       |
|       add_ln813_1219_fu_9139023_p2                                     | -   |        | add_ln813_1219 | add | fabric | 0       |
|       add_ln813_1220_fu_9139033_p2                                     | -   |        | add_ln813_1220 | add | fabric | 0       |
|       add_ln813_1221_fu_9139043_p2                                     | -   |        | add_ln813_1221 | add | fabric | 0       |
|       add_ln813_1222_fu_9139053_p2                                     | -   |        | add_ln813_1222 | add | fabric | 0       |
|       add_ln813_1223_fu_9139063_p2                                     | -   |        | add_ln813_1223 | add | fabric | 0       |
|       add_ln813_1224_fu_9147812_p2                                     | -   |        | add_ln813_1224 | add | fabric | 0       |
|       add_ln813_1232_fu_9139093_p2                                     | -   |        | add_ln813_1232 | add | fabric | 0       |
|       add_ln813_1238_fu_9139111_p2                                     | -   |        | add_ln813_1238 | add | fabric | 0       |
|       add_ln813_1239_fu_9139121_p2                                     | -   |        | add_ln813_1239 | add | fabric | 0       |
|       add_ln813_1240_fu_9139127_p2                                     | -   |        | add_ln813_1240 | add | fabric | 0       |
|       add_ln813_1241_fu_9139137_p2                                     | -   |        | add_ln813_1241 | add | fabric | 0       |
|       add_ln813_1243_fu_9139143_p2                                     | -   |        | add_ln813_1243 | add | fabric | 0       |
|       add_ln813_1245_fu_9139149_p2                                     | -   |        | add_ln813_1245 | add | fabric | 0       |
|       add_ln813_1246_fu_9139159_p2                                     | -   |        | add_ln813_1246 | add | fabric | 0       |
|       add_ln813_1247_fu_9139169_p2                                     | -   |        | add_ln813_1247 | add | fabric | 0       |
|       add_ln813_1251_fu_9139175_p2                                     | -   |        | add_ln813_1251 | add | fabric | 0       |
|       add_ln813_1252_fu_9139185_p2                                     | -   |        | add_ln813_1252 | add | fabric | 0       |
|       add_ln813_1253_fu_9139191_p2                                     | -   |        | add_ln813_1253 | add | fabric | 0       |
|       add_ln813_1254_fu_9139201_p2                                     | -   |        | add_ln813_1254 | add | fabric | 0       |
|       add_ln813_1255_fu_9147884_p2                                     | -   |        | add_ln813_1255 | add | fabric | 0       |
|       add_ln813_1256_fu_9139207_p2                                     | -   |        | add_ln813_1256 | add | fabric | 0       |
|       add_ln813_1257_fu_9139217_p2                                     | -   |        | add_ln813_1257 | add | fabric | 0       |
|       add_ln813_1258_fu_9139227_p2                                     | -   |        | add_ln813_1258 | add | fabric | 0       |
|       add_ln813_1259_fu_9139237_p2                                     | -   |        | add_ln813_1259 | add | fabric | 0       |
|       add_ln813_1260_fu_9139247_p2                                     | -   |        | add_ln813_1260 | add | fabric | 0       |
|       add_ln813_1262_fu_9139253_p2                                     | -   |        | add_ln813_1262 | add | fabric | 0       |
|       add_ln813_1264_fu_9139269_p2                                     | -   |        | add_ln813_1264 | add | fabric | 0       |
|       add_ln813_1265_fu_9139279_p2                                     | -   |        | add_ln813_1265 | add | fabric | 0       |
|       add_ln813_1267_fu_9139295_p2                                     | -   |        | add_ln813_1267 | add | fabric | 0       |
|       add_ln813_1268_fu_9139305_p2                                     | -   |        | add_ln813_1268 | add | fabric | 0       |
|       add_ln813_1269_fu_9139315_p2                                     | -   |        | add_ln813_1269 | add | fabric | 0       |
|       add_ln813_1270_fu_9139325_p2                                     | -   |        | add_ln813_1270 | add | fabric | 0       |
|       add_ln813_1271_fu_9139335_p2                                     | -   |        | add_ln813_1271 | add | fabric | 0       |
|       add_ln813_1272_fu_9139345_p2                                     | -   |        | add_ln813_1272 | add | fabric | 0       |
|       add_ln813_1273_fu_9147905_p2                                     | -   |        | add_ln813_1273 | add | fabric | 0       |
|       add_ln813_1279_fu_9139363_p2                                     | -   |        | add_ln813_1279 | add | fabric | 0       |
|       add_ln813_1282_fu_9139369_p2                                     | -   |        | add_ln813_1282 | add | fabric | 0       |
|       add_ln813_1285_fu_9139375_p2                                     | -   |        | add_ln813_1285 | add | fabric | 0       |
|       add_ln813_1291_fu_9139393_p2                                     | -   |        | add_ln813_1291 | add | fabric | 0       |
|       add_ln813_1292_fu_9139403_p2                                     | -   |        | add_ln813_1292 | add | fabric | 0       |
|       add_ln813_1293_fu_9139413_p2                                     | -   |        | add_ln813_1293 | add | fabric | 0       |
|       add_ln813_1295_fu_9139419_p2                                     | -   |        | add_ln813_1295 | add | fabric | 0       |
|       add_ln813_1296_fu_9139425_p2                                     | -   |        | add_ln813_1296 | add | fabric | 0       |
|       add_ln813_1298_fu_9139431_p2                                     | -   |        | add_ln813_1298 | add | fabric | 0       |
|       add_ln813_1299_fu_9139441_p2                                     | -   |        | add_ln813_1299 | add | fabric | 0       |
|       add_ln813_1300_fu_9139451_p2                                     | -   |        | add_ln813_1300 | add | fabric | 0       |
|       add_ln813_1304_fu_9139457_p2                                     | -   |        | add_ln813_1304 | add | fabric | 0       |
|       add_ln813_1305_fu_9139467_p2                                     | -   |        | add_ln813_1305 | add | fabric | 0       |
|       add_ln813_1306_fu_9139473_p2                                     | -   |        | add_ln813_1306 | add | fabric | 0       |
|       add_ln813_1307_fu_9139483_p2                                     | -   |        | add_ln813_1307 | add | fabric | 0       |
|       add_ln813_1308_fu_9139493_p2                                     | -   |        | add_ln813_1308 | add | fabric | 0       |
|       add_ln813_1309_fu_9148004_p2                                     | -   |        | add_ln813_1309 | add | fabric | 0       |
|       add_ln813_1310_fu_9139499_p2                                     | -   |        | add_ln813_1310 | add | fabric | 0       |
|       add_ln813_1311_fu_9139509_p2                                     | -   |        | add_ln813_1311 | add | fabric | 0       |
|       add_ln813_1312_fu_9139519_p2                                     | -   |        | add_ln813_1312 | add | fabric | 0       |
|       add_ln813_1313_fu_9139525_p2                                     | -   |        | add_ln813_1313 | add | fabric | 0       |
|       add_ln813_1314_fu_9139535_p2                                     | -   |        | add_ln813_1314 | add | fabric | 0       |
|       add_ln813_1315_fu_9139545_p2                                     | -   |        | add_ln813_1315 | add | fabric | 0       |
|       add_ln813_1316_fu_9148016_p2                                     | -   |        | add_ln813_1316 | add | fabric | 0       |
|       add_ln813_1318_fu_9139551_p2                                     | -   |        | add_ln813_1318 | add | fabric | 0       |
|       add_ln813_1319_fu_9139561_p2                                     | -   |        | add_ln813_1319 | add | fabric | 0       |
|       add_ln813_1320_fu_9139567_p2                                     | -   |        | add_ln813_1320 | add | fabric | 0       |
|       add_ln813_1321_fu_9139577_p2                                     | -   |        | add_ln813_1321 | add | fabric | 0       |
|       add_ln813_1322_fu_9139587_p2                                     | -   |        | add_ln813_1322 | add | fabric | 0       |
|       add_ln813_1324_fu_9139593_p2                                     | -   |        | add_ln813_1324 | add | fabric | 0       |
|       add_ln813_1325_fu_9139603_p2                                     | -   |        | add_ln813_1325 | add | fabric | 0       |
|       add_ln813_1326_fu_9139613_p2                                     | -   |        | add_ln813_1326 | add | fabric | 0       |
|       add_ln813_1327_fu_9139623_p2                                     | -   |        | add_ln813_1327 | add | fabric | 0       |
|       add_ln813_1328_fu_9139633_p2                                     | -   |        | add_ln813_1328 | add | fabric | 0       |
|       add_ln813_1329_fu_9139643_p2                                     | -   |        | add_ln813_1329 | add | fabric | 0       |
|       add_ln813_1336_fu_9139661_p2                                     | -   |        | add_ln813_1336 | add | fabric | 0       |
|       add_ln813_1339_fu_9139667_p2                                     | -   |        | add_ln813_1339 | add | fabric | 0       |
|       add_ln813_1342_fu_9139673_p2                                     | -   |        | add_ln813_1342 | add | fabric | 0       |
|       add_ln813_1346_fu_9139679_p2                                     | -   |        | add_ln813_1346 | add | fabric | 0       |
|       add_ln813_1347_fu_9139689_p2                                     | -   |        | add_ln813_1347 | add | fabric | 0       |
|       add_ln813_1348_fu_9139695_p2                                     | -   |        | add_ln813_1348 | add | fabric | 0       |
|       add_ln813_1349_fu_9139705_p2                                     | -   |        | add_ln813_1349 | add | fabric | 0       |
|       add_ln813_1350_fu_9139715_p2                                     | -   |        | add_ln813_1350 | add | fabric | 0       |
|       add_ln813_1352_fu_9139721_p2                                     | -   |        | add_ln813_1352 | add | fabric | 0       |
|       add_ln813_1354_fu_9139727_p2                                     | -   |        | add_ln813_1354 | add | fabric | 0       |
|       add_ln813_1355_fu_9139737_p2                                     | -   |        | add_ln813_1355 | add | fabric | 0       |
|       add_ln813_1356_fu_9139747_p2                                     | -   |        | add_ln813_1356 | add | fabric | 0       |
|       add_ln813_1360_fu_9139753_p2                                     | -   |        | add_ln813_1360 | add | fabric | 0       |
|       add_ln813_1361_fu_9139763_p2                                     | -   |        | add_ln813_1361 | add | fabric | 0       |
|       add_ln813_1362_fu_9139769_p2                                     | -   |        | add_ln813_1362 | add | fabric | 0       |
|       add_ln813_1363_fu_9139779_p2                                     | -   |        | add_ln813_1363 | add | fabric | 0       |
|       add_ln813_1364_fu_9139789_p2                                     | -   |        | add_ln813_1364 | add | fabric | 0       |
|       add_ln813_1365_fu_9148127_p2                                     | -   |        | add_ln813_1365 | add | fabric | 0       |
|       add_ln813_1366_fu_9139795_p2                                     | -   |        | add_ln813_1366 | add | fabric | 0       |
|       add_ln813_1367_fu_9139805_p2                                     | -   |        | add_ln813_1367 | add | fabric | 0       |
|       add_ln813_1368_fu_9139811_p2                                     | -   |        | add_ln813_1368 | add | fabric | 0       |
|       add_ln813_1369_fu_9139821_p2                                     | -   |        | add_ln813_1369 | add | fabric | 0       |
|       add_ln813_1370_fu_9139831_p2                                     | -   |        | add_ln813_1370 | add | fabric | 0       |
|       add_ln813_1371_fu_9148139_p2                                     | -   |        | add_ln813_1371 | add | fabric | 0       |
|       add_ln813_1373_fu_9139837_p2                                     | -   |        | add_ln813_1373 | add | fabric | 0       |
|       add_ln813_1374_fu_9139847_p2                                     | -   |        | add_ln813_1374 | add | fabric | 0       |
|       add_ln813_1375_fu_9139853_p2                                     | -   |        | add_ln813_1375 | add | fabric | 0       |
|       add_ln813_1376_fu_9139863_p2                                     | -   |        | add_ln813_1376 | add | fabric | 0       |
|       add_ln813_1377_fu_9139873_p2                                     | -   |        | add_ln813_1377 | add | fabric | 0       |
|       add_ln813_1378_fu_9148161_p2                                     | -   |        | add_ln813_1378 | add | fabric | 0       |
|       add_ln813_1379_fu_9139879_p2                                     | -   |        | add_ln813_1379 | add | fabric | 0       |
|       add_ln813_1380_fu_9139889_p2                                     | -   |        | add_ln813_1380 | add | fabric | 0       |
|       add_ln813_1382_fu_9139905_p2                                     | -   |        | add_ln813_1382 | add | fabric | 0       |
|       add_ln813_1383_fu_9139915_p2                                     | -   |        | add_ln813_1383 | add | fabric | 0       |
|       add_ln813_1384_fu_9139925_p2                                     | -   |        | add_ln813_1384 | add | fabric | 0       |
|       add_ln813_1386_fu_9148174_p2                                     | -   |        | add_ln813_1386 | add | fabric | 0       |
|       add_ln813_1390_fu_9139941_p2                                     | -   |        | add_ln813_1390 | add | fabric | 0       |
|       add_ln813_1393_fu_9139947_p2                                     | -   |        | add_ln813_1393 | add | fabric | 0       |
|       add_ln813_1396_fu_9139953_p2                                     | -   |        | add_ln813_1396 | add | fabric | 0       |
|       add_ln813_1397_fu_9139959_p2                                     | -   |        | add_ln813_1397 | add | fabric | 0       |
|       add_ln813_1400_fu_9139965_p2                                     | -   |        | add_ln813_1400 | add | fabric | 0       |
|       add_ln813_1405_fu_9139971_p2                                     | -   |        | add_ln813_1405 | add | fabric | 0       |
|       add_ln813_1408_fu_9148258_p2                                     | -   |        | add_ln813_1408 | add | fabric | 0       |
|       add_ln813_1411_fu_9139977_p2                                     | -   |        | add_ln813_1411 | add | fabric | 0       |
|       add_ln813_1412_fu_9139983_p2                                     | -   |        | add_ln813_1412 | add | fabric | 0       |
|       add_ln813_1415_fu_9139989_p2                                     | -   |        | add_ln813_1415 | add | fabric | 0       |
|       add_ln813_1420_fu_9139995_p2                                     | -   |        | add_ln813_1420 | add | fabric | 0       |
|       add_ln813_1421_fu_9140001_p2                                     | -   |        | add_ln813_1421 | add | fabric | 0       |
|       add_ln813_1423_fu_9140007_p2                                     | -   |        | add_ln813_1423 | add | fabric | 0       |
|       add_ln813_1424_fu_9140017_p2                                     | -   |        | add_ln813_1424 | add | fabric | 0       |
|       add_ln813_1425_fu_9140027_p2                                     | -   |        | add_ln813_1425 | add | fabric | 0       |
|       add_ln813_1427_fu_9140033_p2                                     | -   |        | add_ln813_1427 | add | fabric | 0       |
|       add_ln813_1428_fu_9140039_p2                                     | -   |        | add_ln813_1428 | add | fabric | 0       |
|       add_ln813_1430_fu_9140045_p2                                     | -   |        | add_ln813_1430 | add | fabric | 0       |
|       add_ln813_1431_fu_9140055_p2                                     | -   |        | add_ln813_1431 | add | fabric | 0       |
|       add_ln813_1432_fu_9140065_p2                                     | -   |        | add_ln813_1432 | add | fabric | 0       |
|       add_ln813_1435_fu_9140071_p2                                     | -   |        | add_ln813_1435 | add | fabric | 0       |
|       add_ln813_1436_fu_9140081_p2                                     | -   |        | add_ln813_1436 | add | fabric | 0       |
|       add_ln813_1437_fu_9140091_p2                                     | -   |        | add_ln813_1437 | add | fabric | 0       |
|       add_ln813_1438_fu_9140097_p2                                     | -   |        | add_ln813_1438 | add | fabric | 0       |
|       add_ln813_1439_fu_9140107_p2                                     | -   |        | add_ln813_1439 | add | fabric | 0       |
|       add_ln813_1440_fu_9140117_p2                                     | -   |        | add_ln813_1440 | add | fabric | 0       |
|       add_ln813_1442_fu_9140123_p2                                     | -   |        | add_ln813_1442 | add | fabric | 0       |
|       add_ln813_1443_fu_9140129_p2                                     | -   |        | add_ln813_1443 | add | fabric | 0       |
|       add_ln813_1446_fu_9140141_p2                                     | -   |        | add_ln813_1446 | add | fabric | 0       |
|       add_ln813_1447_fu_9140151_p2                                     | -   |        | add_ln813_1447 | add | fabric | 0       |
|       add_ln813_1456_fu_9140179_p2                                     | -   |        | add_ln813_1456 | add | fabric | 0       |
|       add_ln813_1459_fu_9140185_p2                                     | -   |        | add_ln813_1459 | add | fabric | 0       |
|       add_ln813_1460_fu_9140191_p2                                     | -   |        | add_ln813_1460 | add | fabric | 0       |
|       add_ln813_1463_fu_9140197_p2                                     | -   |        | add_ln813_1463 | add | fabric | 0       |
|       add_ln813_1469_fu_9140215_p2                                     | -   |        | add_ln813_1469 | add | fabric | 0       |
|       add_ln813_1470_fu_9140225_p2                                     | -   |        | add_ln813_1470 | add | fabric | 0       |
|       add_ln813_1471_fu_9140235_p2                                     | -   |        | add_ln813_1471 | add | fabric | 0       |
|       add_ln813_1473_fu_9140241_p2                                     | -   |        | add_ln813_1473 | add | fabric | 0       |
|       add_ln813_1474_fu_9140247_p2                                     | -   |        | add_ln813_1474 | add | fabric | 0       |
|       add_ln813_1476_fu_9140253_p2                                     | -   |        | add_ln813_1476 | add | fabric | 0       |
|       add_ln813_1477_fu_9140263_p2                                     | -   |        | add_ln813_1477 | add | fabric | 0       |
|       add_ln813_1478_fu_9140273_p2                                     | -   |        | add_ln813_1478 | add | fabric | 0       |
|       add_ln813_1482_fu_9140279_p2                                     | -   |        | add_ln813_1482 | add | fabric | 0       |
|       add_ln813_1483_fu_9140289_p2                                     | -   |        | add_ln813_1483 | add | fabric | 0       |
|       add_ln813_1484_fu_9140295_p2                                     | -   |        | add_ln813_1484 | add | fabric | 0       |
|       add_ln813_1485_fu_9140305_p2                                     | -   |        | add_ln813_1485 | add | fabric | 0       |
|       add_ln813_1486_fu_9140315_p2                                     | -   |        | add_ln813_1486 | add | fabric | 0       |
|       add_ln813_1487_fu_9148466_p2                                     | -   |        | add_ln813_1487 | add | fabric | 0       |
|       add_ln813_1488_fu_9140321_p2                                     | -   |        | add_ln813_1488 | add | fabric | 0       |
|       add_ln813_1489_fu_9140331_p2                                     | -   |        | add_ln813_1489 | add | fabric | 0       |
|       add_ln813_1490_fu_9140341_p2                                     | -   |        | add_ln813_1490 | add | fabric | 0       |
|       add_ln813_1491_fu_9140347_p2                                     | -   |        | add_ln813_1491 | add | fabric | 0       |
|       add_ln813_1492_fu_9140357_p2                                     | -   |        | add_ln813_1492 | add | fabric | 0       |
|       add_ln813_1493_fu_9140367_p2                                     | -   |        | add_ln813_1493 | add | fabric | 0       |
|       add_ln813_1494_fu_9148478_p2                                     | -   |        | add_ln813_1494 | add | fabric | 0       |
|       add_ln813_1496_fu_9140373_p2                                     | -   |        | add_ln813_1496 | add | fabric | 0       |
|       add_ln813_1497_fu_9140383_p2                                     | -   |        | add_ln813_1497 | add | fabric | 0       |
|       add_ln813_1498_fu_9140389_p2                                     | -   |        | add_ln813_1498 | add | fabric | 0       |
|       add_ln813_1499_fu_9140399_p2                                     | -   |        | add_ln813_1499 | add | fabric | 0       |
|       add_ln813_1500_fu_9140409_p2                                     | -   |        | add_ln813_1500 | add | fabric | 0       |
|       add_ln813_1502_fu_9140415_p2                                     | -   |        | add_ln813_1502 | add | fabric | 0       |
|       add_ln813_1503_fu_9140425_p2                                     | -   |        | add_ln813_1503 | add | fabric | 0       |
|       add_ln813_1504_fu_9140435_p2                                     | -   |        | add_ln813_1504 | add | fabric | 0       |
|       add_ln813_1505_fu_9140445_p2                                     | -   |        | add_ln813_1505 | add | fabric | 0       |
|       add_ln813_1506_fu_9140455_p2                                     | -   |        | add_ln813_1506 | add | fabric | 0       |
|       add_ln813_1507_fu_9140465_p2                                     | -   |        | add_ln813_1507 | add | fabric | 0       |
|       add_ln813_1508_fu_9140475_p2                                     | -   |        | add_ln813_1508 | add | fabric | 0       |
|       add_ln813_1515_fu_9140493_p2                                     | -   |        | add_ln813_1515 | add | fabric | 0       |
|       add_ln813_1518_fu_9140499_p2                                     | -   |        | add_ln813_1518 | add | fabric | 0       |
|       add_ln813_1521_fu_9140505_p2                                     | -   |        | add_ln813_1521 | add | fabric | 0       |
|       add_ln813_1528_fu_9140523_p2                                     | -   |        | add_ln813_1528 | add | fabric | 0       |
|       add_ln813_1531_fu_9140529_p2                                     | -   |        | add_ln813_1531 | add | fabric | 0       |
|       add_ln813_1532_fu_9140535_p2                                     | -   |        | add_ln813_1532 | add | fabric | 0       |
|       add_ln813_1534_fu_9140541_p2                                     | -   |        | add_ln813_1534 | add | fabric | 0       |
|       add_ln813_1535_fu_9140551_p2                                     | -   |        | add_ln813_1535 | add | fabric | 0       |
|       add_ln813_1536_fu_9140561_p2                                     | -   |        | add_ln813_1536 | add | fabric | 0       |
|       add_ln813_1540_fu_9140567_p2                                     | -   |        | add_ln813_1540 | add | fabric | 0       |
|       add_ln813_1541_fu_9140577_p2                                     | -   |        | add_ln813_1541 | add | fabric | 0       |
|       add_ln813_1542_fu_9140583_p2                                     | -   |        | add_ln813_1542 | add | fabric | 0       |
|       add_ln813_1543_fu_9140593_p2                                     | -   |        | add_ln813_1543 | add | fabric | 0       |
|       add_ln813_1544_fu_9140603_p2                                     | -   |        | add_ln813_1544 | add | fabric | 0       |
|       add_ln813_1545_fu_9148604_p2                                     | -   |        | add_ln813_1545 | add | fabric | 0       |
|       add_ln813_1546_fu_9140609_p2                                     | -   |        | add_ln813_1546 | add | fabric | 0       |
|       add_ln813_1547_fu_9140619_p2                                     | -   |        | add_ln813_1547 | add | fabric | 0       |
|       add_ln813_1548_fu_9140625_p2                                     | -   |        | add_ln813_1548 | add | fabric | 0       |
|       add_ln813_1549_fu_9140635_p2                                     | -   |        | add_ln813_1549 | add | fabric | 0       |
|       add_ln813_1550_fu_9140645_p2                                     | -   |        | add_ln813_1550 | add | fabric | 0       |
|       add_ln813_1551_fu_9148616_p2                                     | -   |        | add_ln813_1551 | add | fabric | 0       |
|       add_ln813_1553_fu_9140651_p2                                     | -   |        | add_ln813_1553 | add | fabric | 0       |
|       add_ln813_1554_fu_9140661_p2                                     | -   |        | add_ln813_1554 | add | fabric | 0       |
|       add_ln813_1555_fu_9140667_p2                                     | -   |        | add_ln813_1555 | add | fabric | 0       |
|       add_ln813_1556_fu_9140677_p2                                     | -   |        | add_ln813_1556 | add | fabric | 0       |
|       add_ln813_1557_fu_9140687_p2                                     | -   |        | add_ln813_1557 | add | fabric | 0       |
|       add_ln813_1559_fu_9140693_p2                                     | -   |        | add_ln813_1559 | add | fabric | 0       |
|       add_ln813_1560_fu_9140703_p2                                     | -   |        | add_ln813_1560 | add | fabric | 0       |
|       add_ln813_1562_fu_9140719_p2                                     | -   |        | add_ln813_1562 | add | fabric | 0       |
|       add_ln813_1563_fu_9140729_p2                                     | -   |        | add_ln813_1563 | add | fabric | 0       |
|       add_ln813_1564_fu_9140739_p2                                     | -   |        | add_ln813_1564 | add | fabric | 0       |
|       add_ln813_1570_fu_9140755_p2                                     | -   |        | add_ln813_1570 | add | fabric | 0       |
|       add_ln813_1573_fu_9140761_p2                                     | -   |        | add_ln813_1573 | add | fabric | 0       |
|       add_ln813_1576_fu_9140767_p2                                     | -   |        | add_ln813_1576 | add | fabric | 0       |
|       add_ln813_1577_fu_9140773_p2                                     | -   |        | add_ln813_1577 | add | fabric | 0       |
|       add_ln813_1580_fu_9140779_p2                                     | -   |        | add_ln813_1580 | add | fabric | 0       |
|       add_ln813_1585_fu_9140785_p2                                     | -   |        | add_ln813_1585 | add | fabric | 0       |
|       add_ln813_1588_fu_9140791_p2                                     | -   |        | add_ln813_1588 | add | fabric | 0       |
|       add_ln813_1591_fu_9140797_p2                                     | -   |        | add_ln813_1591 | add | fabric | 0       |
|       add_ln813_1592_fu_9140803_p2                                     | -   |        | add_ln813_1592 | add | fabric | 0       |
|       add_ln813_1594_fu_9140809_p2                                     | -   |        | add_ln813_1594 | add | fabric | 0       |
|       add_ln813_1595_fu_9140819_p2                                     | -   |        | add_ln813_1595 | add | fabric | 0       |
|       add_ln813_1596_fu_9140829_p2                                     | -   |        | add_ln813_1596 | add | fabric | 0       |
|       add_ln813_1600_fu_9140835_p2                                     | -   |        | add_ln813_1600 | add | fabric | 0       |
|       add_ln813_1601_fu_9140841_p2                                     | -   |        | add_ln813_1601 | add | fabric | 0       |
|       add_ln813_1603_fu_9140847_p2                                     | -   |        | add_ln813_1603 | add | fabric | 0       |
|       add_ln813_1604_fu_9140857_p2                                     | -   |        | add_ln813_1604 | add | fabric | 0       |
|       add_ln813_1605_fu_9140867_p2                                     | -   |        | add_ln813_1605 | add | fabric | 0       |
|       add_ln813_1607_fu_9140873_p2                                     | -   |        | add_ln813_1607 | add | fabric | 0       |
|       add_ln813_1608_fu_9140879_p2                                     | -   |        | add_ln813_1608 | add | fabric | 0       |
|       add_ln813_1610_fu_9140885_p2                                     | -   |        | add_ln813_1610 | add | fabric | 0       |
|       add_ln813_1611_fu_9140895_p2                                     | -   |        | add_ln813_1611 | add | fabric | 0       |
|       add_ln813_1612_fu_9140905_p2                                     | -   |        | add_ln813_1612 | add | fabric | 0       |
|       add_ln813_1615_fu_9140911_p2                                     | -   |        | add_ln813_1615 | add | fabric | 0       |
|       add_ln813_1616_fu_9140921_p2                                     | -   |        | add_ln813_1616 | add | fabric | 0       |
|       add_ln813_1617_fu_9140931_p2                                     | -   |        | add_ln813_1617 | add | fabric | 0       |
|       add_ln813_1618_fu_9140937_p2                                     | -   |        | add_ln813_1618 | add | fabric | 0       |
|       add_ln813_1619_fu_9140947_p2                                     | -   |        | add_ln813_1619 | add | fabric | 0       |
|       add_ln813_1620_fu_9140957_p2                                     | -   |        | add_ln813_1620 | add | fabric | 0       |
|       add_ln813_1622_fu_9140963_p2                                     | -   |        | add_ln813_1622 | add | fabric | 0       |
|       add_ln813_1623_fu_9140973_p2                                     | -   |        | add_ln813_1623 | add | fabric | 0       |
|       add_ln813_1624_fu_9140983_p2                                     | -   |        | add_ln813_1624 | add | fabric | 0       |
|       add_ln813_1625_fu_9140993_p2                                     | -   |        | add_ln813_1625 | add | fabric | 0       |
|       add_ln813_1626_fu_9141003_p2                                     | -   |        | add_ln813_1626 | add | fabric | 0       |
|       add_ln813_1627_fu_9141013_p2                                     | -   |        | add_ln813_1627 | add | fabric | 0       |
|       add_ln813_1628_fu_9141023_p2                                     | -   |        | add_ln813_1628 | add | fabric | 0       |
|       add_ln813_1635_fu_9141041_p2                                     | -   |        | add_ln813_1635 | add | fabric | 0       |
|       add_ln813_1638_fu_9141047_p2                                     | -   |        | add_ln813_1638 | add | fabric | 0       |
|       add_ln813_1639_fu_9141053_p2                                     | -   |        | add_ln813_1639 | add | fabric | 0       |
|       add_ln813_1642_fu_9141059_p2                                     | -   |        | add_ln813_1642 | add | fabric | 0       |
|       add_ln813_1647_fu_9141065_p2                                     | -   |        | add_ln813_1647 | add | fabric | 0       |
|       add_ln813_1650_fu_9141071_p2                                     | -   |        | add_ln813_1650 | add | fabric | 0       |
|       add_ln813_1653_fu_9141077_p2                                     | -   |        | add_ln813_1653 | add | fabric | 0       |
|       add_ln813_1654_fu_9141083_p2                                     | -   |        | add_ln813_1654 | add | fabric | 0       |
|       add_ln813_1656_fu_9141089_p2                                     | -   |        | add_ln813_1656 | add | fabric | 0       |
|       add_ln813_1657_fu_9141099_p2                                     | -   |        | add_ln813_1657 | add | fabric | 0       |
|       add_ln813_1658_fu_9141109_p2                                     | -   |        | add_ln813_1658 | add | fabric | 0       |
|       add_ln813_1662_fu_9141115_p2                                     | -   |        | add_ln813_1662 | add | fabric | 0       |
|       add_ln813_1663_fu_9141121_p2                                     | -   |        | add_ln813_1663 | add | fabric | 0       |
|       add_ln813_1665_fu_9141127_p2                                     | -   |        | add_ln813_1665 | add | fabric | 0       |
|       add_ln813_1666_fu_9141137_p2                                     | -   |        | add_ln813_1666 | add | fabric | 0       |
|       add_ln813_1667_fu_9141147_p2                                     | -   |        | add_ln813_1667 | add | fabric | 0       |
|       add_ln813_1669_fu_9141153_p2                                     | -   |        | add_ln813_1669 | add | fabric | 0       |
|       add_ln813_1670_fu_9141163_p2                                     | -   |        | add_ln813_1670 | add | fabric | 0       |
|       add_ln813_1671_fu_9141173_p2                                     | -   |        | add_ln813_1671 | add | fabric | 0       |
|       add_ln813_1672_fu_9141179_p2                                     | -   |        | add_ln813_1672 | add | fabric | 0       |
|       add_ln813_1673_fu_9141189_p2                                     | -   |        | add_ln813_1673 | add | fabric | 0       |
|       add_ln813_1674_fu_9141199_p2                                     | -   |        | add_ln813_1674 | add | fabric | 0       |
|       add_ln813_1675_fu_9148961_p2                                     | -   |        | add_ln813_1675 | add | fabric | 0       |
|       add_ln813_1677_fu_9141205_p2                                     | -   |        | add_ln813_1677 | add | fabric | 0       |
|       add_ln813_1678_fu_9141215_p2                                     | -   |        | add_ln813_1678 | add | fabric | 0       |
|       add_ln813_1679_fu_9141225_p2                                     | -   |        | add_ln813_1679 | add | fabric | 0       |
|       add_ln813_1680_fu_9141231_p2                                     | -   |        | add_ln813_1680 | add | fabric | 0       |
|       add_ln813_1681_fu_9141241_p2                                     | -   |        | add_ln813_1681 | add | fabric | 0       |
|       add_ln813_1682_fu_9141251_p2                                     | -   |        | add_ln813_1682 | add | fabric | 0       |
|       add_ln813_1685_fu_9141263_p2                                     | -   |        | add_ln813_1685 | add | fabric | 0       |
|       add_ln813_1687_fu_9141283_p2                                     | -   |        | add_ln813_1687 | add | fabric | 0       |
|       add_ln813_1688_fu_9141293_p2                                     | -   |        | add_ln813_1688 | add | fabric | 0       |
|       add_ln813_1689_fu_9141303_p2                                     | -   |        | add_ln813_1689 | add | fabric | 0       |
|       add_ln813_1690_fu_9141313_p2                                     | -   |        | add_ln813_1690 | add | fabric | 0       |
|       add_ln813_1697_fu_9141331_p2                                     | -   |        | add_ln813_1697 | add | fabric | 0       |
|       add_ln813_1700_fu_9141337_p2                                     | -   |        | add_ln813_1700 | add | fabric | 0       |
|       add_ln813_1701_fu_9141343_p2                                     | -   |        | add_ln813_1701 | add | fabric | 0       |
|       add_ln813_1704_fu_9141349_p2                                     | -   |        | add_ln813_1704 | add | fabric | 0       |
|       add_ln813_1709_fu_9141355_p2                                     | -   |        | add_ln813_1709 | add | fabric | 0       |
|       add_ln813_1711_fu_9141361_p2                                     | -   |        | add_ln813_1711 | add | fabric | 0       |
|       add_ln813_1712_fu_9141371_p2                                     | -   |        | add_ln813_1712 | add | fabric | 0       |
|       add_ln813_1713_fu_9141381_p2                                     | -   |        | add_ln813_1713 | add | fabric | 0       |
|       add_ln813_1715_fu_9141387_p2                                     | -   |        | add_ln813_1715 | add | fabric | 0       |
|       add_ln813_1716_fu_9141393_p2                                     | -   |        | add_ln813_1716 | add | fabric | 0       |
|       add_ln813_1718_fu_9141399_p2                                     | -   |        | add_ln813_1718 | add | fabric | 0       |
|       add_ln813_1719_fu_9141409_p2                                     | -   |        | add_ln813_1719 | add | fabric | 0       |
|       add_ln813_1720_fu_9141419_p2                                     | -   |        | add_ln813_1720 | add | fabric | 0       |
|       add_ln813_1724_fu_9141425_p2                                     | -   |        | add_ln813_1724 | add | fabric | 0       |
|       add_ln813_1726_fu_9141431_p2                                     | -   |        | add_ln813_1726 | add | fabric | 0       |
|       add_ln813_1727_fu_9141441_p2                                     | -   |        | add_ln813_1727 | add | fabric | 0       |
|       add_ln813_1728_fu_9141451_p2                                     | -   |        | add_ln813_1728 | add | fabric | 0       |
|       add_ln813_1730_fu_9141457_p2                                     | -   |        | add_ln813_1730 | add | fabric | 0       |
|       add_ln813_1731_fu_9141463_p2                                     | -   |        | add_ln813_1731 | add | fabric | 0       |
|       add_ln813_1733_fu_9141469_p2                                     | -   |        | add_ln813_1733 | add | fabric | 0       |
|       add_ln813_1734_fu_9141479_p2                                     | -   |        | add_ln813_1734 | add | fabric | 0       |
|       add_ln813_1735_fu_9141489_p2                                     | -   |        | add_ln813_1735 | add | fabric | 0       |
|       add_ln813_1738_fu_9141495_p2                                     | -   |        | add_ln813_1738 | add | fabric | 0       |
|       add_ln813_1739_fu_9141505_p2                                     | -   |        | add_ln813_1739 | add | fabric | 0       |
|       add_ln813_1740_fu_9141515_p2                                     | -   |        | add_ln813_1740 | add | fabric | 0       |
|       add_ln813_1741_fu_9141521_p2                                     | -   |        | add_ln813_1741 | add | fabric | 0       |
|       add_ln813_1742_fu_9141531_p2                                     | -   |        | add_ln813_1742 | add | fabric | 0       |
|       add_ln813_1743_fu_9141541_p2                                     | -   |        | add_ln813_1743 | add | fabric | 0       |
|       add_ln813_1746_fu_9141553_p2                                     | -   |        | add_ln813_1746 | add | fabric | 0       |
|       add_ln813_1748_fu_9141573_p2                                     | -   |        | add_ln813_1748 | add | fabric | 0       |
|       add_ln813_1749_fu_9141583_p2                                     | -   |        | add_ln813_1749 | add | fabric | 0       |
|       add_ln813_1750_fu_9141593_p2                                     | -   |        | add_ln813_1750 | add | fabric | 0       |
|       add_ln813_1751_fu_9141603_p2                                     | -   |        | add_ln813_1751 | add | fabric | 0       |
|       add_ln813_1758_fu_9141621_p2                                     | -   |        | add_ln813_1758 | add | fabric | 0       |
|       add_ln813_1761_fu_9141627_p2                                     | -   |        | add_ln813_1761 | add | fabric | 0       |
|       add_ln813_1762_fu_9141633_p2                                     | -   |        | add_ln813_1762 | add | fabric | 0       |
|       add_ln813_1765_fu_9141639_p2                                     | -   |        | add_ln813_1765 | add | fabric | 0       |
|       add_ln813_1770_fu_9141645_p2                                     | -   |        | add_ln813_1770 | add | fabric | 0       |
|       add_ln813_1772_fu_9141651_p2                                     | -   |        | add_ln813_1772 | add | fabric | 0       |
|       add_ln813_1773_fu_9141661_p2                                     | -   |        | add_ln813_1773 | add | fabric | 0       |
|       add_ln813_1774_fu_9141671_p2                                     | -   |        | add_ln813_1774 | add | fabric | 0       |
|       add_ln813_1776_fu_9141677_p2                                     | -   |        | add_ln813_1776 | add | fabric | 0       |
|       add_ln813_1777_fu_9141683_p2                                     | -   |        | add_ln813_1777 | add | fabric | 0       |
|       add_ln813_1779_fu_9141689_p2                                     | -   |        | add_ln813_1779 | add | fabric | 0       |
|       add_ln813_1780_fu_9141699_p2                                     | -   |        | add_ln813_1780 | add | fabric | 0       |
|       add_ln813_1781_fu_9141709_p2                                     | -   |        | add_ln813_1781 | add | fabric | 0       |
|       add_ln813_1785_fu_9141715_p2                                     | -   |        | add_ln813_1785 | add | fabric | 0       |
|       add_ln813_1786_fu_9141725_p2                                     | -   |        | add_ln813_1786 | add | fabric | 0       |
|       add_ln813_1787_fu_9141731_p2                                     | -   |        | add_ln813_1787 | add | fabric | 0       |
|       add_ln813_1788_fu_9141741_p2                                     | -   |        | add_ln813_1788 | add | fabric | 0       |
|       add_ln813_1789_fu_9141751_p2                                     | -   |        | add_ln813_1789 | add | fabric | 0       |
|       add_ln813_1790_fu_9149239_p2                                     | -   |        | add_ln813_1790 | add | fabric | 0       |
|       add_ln813_1791_fu_9141757_p2                                     | -   |        | add_ln813_1791 | add | fabric | 0       |
|       add_ln813_1792_fu_9141767_p2                                     | -   |        | add_ln813_1792 | add | fabric | 0       |
|       add_ln813_1793_fu_9141777_p2                                     | -   |        | add_ln813_1793 | add | fabric | 0       |
|       add_ln813_1794_fu_9141783_p2                                     | -   |        | add_ln813_1794 | add | fabric | 0       |
|       add_ln813_1795_fu_9141793_p2                                     | -   |        | add_ln813_1795 | add | fabric | 0       |
|       add_ln813_1796_fu_9141803_p2                                     | -   |        | add_ln813_1796 | add | fabric | 0       |
|       add_ln813_1797_fu_9149251_p2                                     | -   |        | add_ln813_1797 | add | fabric | 0       |
|       add_ln813_1799_fu_9141809_p2                                     | -   |        | add_ln813_1799 | add | fabric | 0       |
|       add_ln813_1800_fu_9141819_p2                                     | -   |        | add_ln813_1800 | add | fabric | 0       |
|       add_ln813_1801_fu_9141829_p2                                     | -   |        | add_ln813_1801 | add | fabric | 0       |
|       add_ln813_1802_fu_9141835_p2                                     | -   |        | add_ln813_1802 | add | fabric | 0       |
|       add_ln813_1803_fu_9141845_p2                                     | -   |        | add_ln813_1803 | add | fabric | 0       |
|       add_ln813_1804_fu_9141855_p2                                     | -   |        | add_ln813_1804 | add | fabric | 0       |
|       add_ln813_1806_fu_9141861_p2                                     | -   |        | add_ln813_1806 | add | fabric | 0       |
|       add_ln813_1807_fu_9141871_p2                                     | -   |        | add_ln813_1807 | add | fabric | 0       |
|       add_ln813_1810_fu_9141893_p2                                     | -   |        | add_ln813_1810 | add | fabric | 0       |
|       add_ln813_1819_fu_9141931_p2                                     | -   |        | add_ln813_1819 | add | fabric | 0       |
|       add_ln813_1822_fu_9141937_p2                                     | -   |        | add_ln813_1822 | add | fabric | 0       |
|       add_ln813_1823_fu_9141943_p2                                     | -   |        | add_ln813_1823 | add | fabric | 0       |
|       add_ln813_1826_fu_9141949_p2                                     | -   |        | add_ln813_1826 | add | fabric | 0       |
|       add_ln813_1830_fu_9141955_p2                                     | -   |        | add_ln813_1830 | add | fabric | 0       |
|       add_ln813_1831_fu_9141965_p2                                     | -   |        | add_ln813_1831 | add | fabric | 0       |
|       add_ln813_1832_fu_9141971_p2                                     | -   |        | add_ln813_1832 | add | fabric | 0       |
|       add_ln813_1833_fu_9141981_p2                                     | -   |        | add_ln813_1833 | add | fabric | 0       |
|       add_ln813_1834_fu_9141991_p2                                     | -   |        | add_ln813_1834 | add | fabric | 0       |
|       add_ln813_1836_fu_9141997_p2                                     | -   |        | add_ln813_1836 | add | fabric | 0       |
|       add_ln813_1837_fu_9142003_p2                                     | -   |        | add_ln813_1837 | add | fabric | 0       |
|       add_ln813_1839_fu_9142009_p2                                     | -   |        | add_ln813_1839 | add | fabric | 0       |
|       add_ln813_1840_fu_9142019_p2                                     | -   |        | add_ln813_1840 | add | fabric | 0       |
|       add_ln813_1841_fu_9142029_p2                                     | -   |        | add_ln813_1841 | add | fabric | 0       |
|       add_ln813_1845_fu_9142035_p2                                     | -   |        | add_ln813_1845 | add | fabric | 0       |
|       add_ln813_1846_fu_9142045_p2                                     | -   |        | add_ln813_1846 | add | fabric | 0       |
|       add_ln813_1847_fu_9142051_p2                                     | -   |        | add_ln813_1847 | add | fabric | 0       |
|       add_ln813_1848_fu_9142061_p2                                     | -   |        | add_ln813_1848 | add | fabric | 0       |
|       add_ln813_1849_fu_9142071_p2                                     | -   |        | add_ln813_1849 | add | fabric | 0       |
|       add_ln813_1850_fu_9149374_p2                                     | -   |        | add_ln813_1850 | add | fabric | 0       |
|       add_ln813_1851_fu_9142077_p2                                     | -   |        | add_ln813_1851 | add | fabric | 0       |
|       add_ln813_1852_fu_9142087_p2                                     | -   |        | add_ln813_1852 | add | fabric | 0       |
|       add_ln813_1853_fu_9142097_p2                                     | -   |        | add_ln813_1853 | add | fabric | 0       |
|       add_ln813_1854_fu_9142103_p2                                     | -   |        | add_ln813_1854 | add | fabric | 0       |
|       add_ln813_1855_fu_9142113_p2                                     | -   |        | add_ln813_1855 | add | fabric | 0       |
|       add_ln813_1856_fu_9142123_p2                                     | -   |        | add_ln813_1856 | add | fabric | 0       |
|       add_ln813_1857_fu_9149386_p2                                     | -   |        | add_ln813_1857 | add | fabric | 0       |
|       add_ln813_1859_fu_9142129_p2                                     | -   |        | add_ln813_1859 | add | fabric | 0       |
|       add_ln813_1860_fu_9142139_p2                                     | -   |        | add_ln813_1860 | add | fabric | 0       |
|       add_ln813_1862_fu_9142155_p2                                     | -   |        | add_ln813_1862 | add | fabric | 0       |
|       add_ln813_1863_fu_9142165_p2                                     | -   |        | add_ln813_1863 | add | fabric | 0       |
|       add_ln813_1864_fu_9142175_p2                                     | -   |        | add_ln813_1864 | add | fabric | 0       |
|       add_ln813_1866_fu_9142191_p2                                     | -   |        | add_ln813_1866 | add | fabric | 0       |
|       add_ln813_1867_fu_9142201_p2                                     | -   |        | add_ln813_1867 | add | fabric | 0       |
|       add_ln813_1868_fu_9142211_p2                                     | -   |        | add_ln813_1868 | add | fabric | 0       |
|       add_ln813_1869_fu_9142221_p2                                     | -   |        | add_ln813_1869 | add | fabric | 0       |
|       add_ln813_1870_fu_9142231_p2                                     | -   |        | add_ln813_1870 | add | fabric | 0       |
|       add_ln813_1871_fu_9142241_p2                                     | -   |        | add_ln813_1871 | add | fabric | 0       |
|       add_ln813_1872_fu_9142251_p2                                     | -   |        | add_ln813_1872 | add | fabric | 0       |
|       add_ln813_1873_fu_9149408_p2                                     | -   |        | add_ln813_1873 | add | fabric | 0       |
|       add_ln813_1879_fu_9142269_p2                                     | -   |        | add_ln813_1879 | add | fabric | 0       |
|       add_ln813_1882_fu_9142275_p2                                     | -   |        | add_ln813_1882 | add | fabric | 0       |
|       add_ln813_1885_fu_9142281_p2                                     | -   |        | add_ln813_1885 | add | fabric | 0       |
|       add_ln813_1892_fu_9142299_p2                                     | -   |        | add_ln813_1892 | add | fabric | 0       |
|       add_ln813_1895_fu_9142305_p2                                     | -   |        | add_ln813_1895 | add | fabric | 0       |
|       add_ln813_1896_fu_9149490_p2                                     | -   |        | add_ln813_1896 | add | fabric | 0       |
|       add_ln813_1898_fu_9142311_p2                                     | -   |        | add_ln813_1898 | add | fabric | 0       |
|       add_ln813_1899_fu_9142321_p2                                     | -   |        | add_ln813_1899 | add | fabric | 0       |
|       add_ln813_1900_fu_9142331_p2                                     | -   |        | add_ln813_1900 | add | fabric | 0       |
|       add_ln813_1904_fu_9142337_p2                                     | -   |        | add_ln813_1904 | add | fabric | 0       |
|       add_ln813_1905_fu_9142347_p2                                     | -   |        | add_ln813_1905 | add | fabric | 0       |
|       add_ln813_1906_fu_9142353_p2                                     | -   |        | add_ln813_1906 | add | fabric | 0       |
|       add_ln813_1907_fu_9142363_p2                                     | -   |        | add_ln813_1907 | add | fabric | 0       |
|       add_ln813_1908_fu_9142373_p2                                     | -   |        | add_ln813_1908 | add | fabric | 0       |
|       add_ln813_1909_fu_9149523_p2                                     | -   |        | add_ln813_1909 | add | fabric | 0       |
|       add_ln813_1910_fu_9142379_p2                                     | -   |        | add_ln813_1910 | add | fabric | 0       |
|       add_ln813_1911_fu_9142385_p2                                     | -   |        | add_ln813_1911 | add | fabric | 0       |
|       add_ln813_1913_fu_9142391_p2                                     | -   |        | add_ln813_1913 | add | fabric | 0       |
|       add_ln813_1914_fu_9142401_p2                                     | -   |        | add_ln813_1914 | add | fabric | 0       |
|       add_ln813_1915_fu_9142411_p2                                     | -   |        | add_ln813_1915 | add | fabric | 0       |
|       add_ln813_1918_fu_9142417_p2                                     | -   |        | add_ln813_1918 | add | fabric | 0       |
|       add_ln813_1920_fu_9142433_p2                                     | -   |        | add_ln813_1920 | add | fabric | 0       |
|       add_ln813_1921_fu_9142443_p2                                     | -   |        | add_ln813_1921 | add | fabric | 0       |
|       add_ln813_1922_fu_9142453_p2                                     | -   |        | add_ln813_1922 | add | fabric | 0       |
|       add_ln813_1924_fu_9142469_p2                                     | -   |        | add_ln813_1924 | add | fabric | 0       |
|       add_ln813_1925_fu_9142479_p2                                     | -   |        | add_ln813_1925 | add | fabric | 0       |
|       add_ln813_1926_fu_9142489_p2                                     | -   |        | add_ln813_1926 | add | fabric | 0       |
|       add_ln813_1927_fu_9142499_p2                                     | -   |        | add_ln813_1927 | add | fabric | 0       |
|       add_ln813_1928_fu_9142509_p2                                     | -   |        | add_ln813_1928 | add | fabric | 0       |
|       add_ln813_1929_fu_9142519_p2                                     | -   |        | add_ln813_1929 | add | fabric | 0       |
|       add_ln813_1930_fu_9142529_p2                                     | -   |        | add_ln813_1930 | add | fabric | 0       |
|       add_ln813_1931_fu_9149566_p2                                     | -   |        | add_ln813_1931 | add | fabric | 0       |
|       add_ln813_1934_fu_9142535_p2                                     | -   |        | add_ln813_1934 | add | fabric | 0       |
|       add_ln813_1938_fu_9142557_p2                                     | -   |        | add_ln813_1938 | add | fabric | 0       |
|       add_ln813_1941_fu_9142563_p2                                     | -   |        | add_ln813_1941 | add | fabric | 0       |
|       add_ln813_1942_fu_9142569_p2                                     | -   |        | add_ln813_1942 | add | fabric | 0       |
|       add_ln813_1945_fu_9142575_p2                                     | -   |        | add_ln813_1945 | add | fabric | 0       |
|       add_ln813_1952_fu_9142593_p2                                     | -   |        | add_ln813_1952 | add | fabric | 0       |
|       add_ln813_1955_fu_9142599_p2                                     | -   |        | add_ln813_1955 | add | fabric | 0       |
|       add_ln813_1956_fu_9142605_p2                                     | -   |        | add_ln813_1956 | add | fabric | 0       |
|       add_ln813_1958_fu_9142611_p2                                     | -   |        | add_ln813_1958 | add | fabric | 0       |
|       add_ln813_1959_fu_9142621_p2                                     | -   |        | add_ln813_1959 | add | fabric | 0       |
|       add_ln813_1960_fu_9142631_p2                                     | -   |        | add_ln813_1960 | add | fabric | 0       |
|       add_ln813_1964_fu_9142637_p2                                     | -   |        | add_ln813_1964 | add | fabric | 0       |
|       add_ln813_1966_fu_9142643_p2                                     | -   |        | add_ln813_1966 | add | fabric | 0       |
|       add_ln813_1967_fu_9142653_p2                                     | -   |        | add_ln813_1967 | add | fabric | 0       |
|       add_ln813_1968_fu_9142663_p2                                     | -   |        | add_ln813_1968 | add | fabric | 0       |
|       add_ln813_1970_fu_9142669_p2                                     | -   |        | add_ln813_1970 | add | fabric | 0       |
|       add_ln813_1971_fu_9142679_p2                                     | -   |        | add_ln813_1971 | add | fabric | 0       |
|       add_ln813_1972_fu_9142689_p2                                     | -   |        | add_ln813_1972 | add | fabric | 0       |
|       add_ln813_1973_fu_9142695_p2                                     | -   |        | add_ln813_1973 | add | fabric | 0       |
|       add_ln813_1974_fu_9142705_p2                                     | -   |        | add_ln813_1974 | add | fabric | 0       |
|       add_ln813_1975_fu_9142715_p2                                     | -   |        | add_ln813_1975 | add | fabric | 0       |
|       add_ln813_1976_fu_9149682_p2                                     | -   |        | add_ln813_1976 | add | fabric | 0       |
|       add_ln813_1978_fu_9142721_p2                                     | -   |        | add_ln813_1978 | add | fabric | 0       |
|       add_ln813_1979_fu_9142731_p2                                     | -   |        | add_ln813_1979 | add | fabric | 0       |
|       add_ln813_1980_fu_9142741_p2                                     | -   |        | add_ln813_1980 | add | fabric | 0       |
|       add_ln813_1982_fu_9142753_p2                                     | -   |        | add_ln813_1982 | add | fabric | 0       |
|       add_ln813_1985_fu_9142769_p2                                     | -   |        | add_ln813_1985 | add | fabric | 0       |
|       add_ln813_1986_fu_9142779_p2                                     | -   |        | add_ln813_1986 | add | fabric | 0       |
|       add_ln813_1987_fu_9142789_p2                                     | -   |        | add_ln813_1987 | add | fabric | 0       |
|       add_ln813_1988_fu_9142799_p2                                     | -   |        | add_ln813_1988 | add | fabric | 0       |
|       add_ln813_1989_fu_9142809_p2                                     | -   |        | add_ln813_1989 | add | fabric | 0       |
|       add_ln813_1990_fu_9142819_p2                                     | -   |        | add_ln813_1990 | add | fabric | 0       |
|       add_ln813_1991_fu_9142829_p2                                     | -   |        | add_ln813_1991 | add | fabric | 0       |
|       add_ln813_1998_fu_9142847_p2                                     | -   |        | add_ln813_1998 | add | fabric | 0       |
|       add_ln813_2001_fu_9142853_p2                                     | -   |        | add_ln813_2001 | add | fabric | 0       |
|       add_ln813_2004_fu_9142859_p2                                     | -   |        | add_ln813_2004 | add | fabric | 0       |
|       add_ln813_2010_fu_9142877_p2                                     | -   |        | add_ln813_2010 | add | fabric | 0       |
|       add_ln813_2011_fu_9142887_p2                                     | -   |        | add_ln813_2011 | add | fabric | 0       |
|       add_ln813_2012_fu_9142897_p2                                     | -   |        | add_ln813_2012 | add | fabric | 0       |
|       add_ln813_2014_fu_9142903_p2                                     | -   |        | add_ln813_2014 | add | fabric | 0       |
|       add_ln813_2016_fu_9142909_p2                                     | -   |        | add_ln813_2016 | add | fabric | 0       |
|       add_ln813_2017_fu_9142919_p2                                     | -   |        | add_ln813_2017 | add | fabric | 0       |
|       add_ln813_2018_fu_9142929_p2                                     | -   |        | add_ln813_2018 | add | fabric | 0       |
|       add_ln813_2022_fu_9142935_p2                                     | -   |        | add_ln813_2022 | add | fabric | 0       |
|       add_ln813_2024_fu_9142941_p2                                     | -   |        | add_ln813_2024 | add | fabric | 0       |
|       add_ln813_2025_fu_9142951_p2                                     | -   |        | add_ln813_2025 | add | fabric | 0       |
|       add_ln813_2026_fu_9142961_p2                                     | -   |        | add_ln813_2026 | add | fabric | 0       |
|       add_ln813_2028_fu_9142967_p2                                     | -   |        | add_ln813_2028 | add | fabric | 0       |
|       add_ln813_2029_fu_9142977_p2                                     | -   |        | add_ln813_2029 | add | fabric | 0       |
|       add_ln813_2030_fu_9142983_p2                                     | -   |        | add_ln813_2030 | add | fabric | 0       |
|       add_ln813_2031_fu_9142993_p2                                     | -   |        | add_ln813_2031 | add | fabric | 0       |
|       add_ln813_2032_fu_9143003_p2                                     | -   |        | add_ln813_2032 | add | fabric | 0       |
|       add_ln813_2033_fu_9149811_p2                                     | -   |        | add_ln813_2033 | add | fabric | 0       |
|       add_ln813_2035_fu_9143009_p2                                     | -   |        | add_ln813_2035 | add | fabric | 0       |
|       add_ln813_2036_fu_9143019_p2                                     | -   |        | add_ln813_2036 | add | fabric | 0       |
|       add_ln813_2037_fu_9143025_p2                                     | -   |        | add_ln813_2037 | add | fabric | 0       |
|       add_ln813_2038_fu_9143035_p2                                     | -   |        | add_ln813_2038 | add | fabric | 0       |
|       add_ln813_2039_fu_9143045_p2                                     | -   |        | add_ln813_2039 | add | fabric | 0       |
|       add_ln813_2040_fu_9149829_p2                                     | -   |        | add_ln813_2040 | add | fabric | 0       |
|       add_ln813_2041_fu_9143051_p2                                     | -   |        | add_ln813_2041 | add | fabric | 0       |
|       add_ln813_2042_fu_9143061_p2                                     | -   |        | add_ln813_2042 | add | fabric | 0       |
|       add_ln813_2043_fu_9143071_p2                                     | -   |        | add_ln813_2043 | add | fabric | 0       |
|       add_ln813_2044_fu_9143081_p2                                     | -   |        | add_ln813_2044 | add | fabric | 0       |
|       add_ln813_2045_fu_9143091_p2                                     | -   |        | add_ln813_2045 | add | fabric | 0       |
|       add_ln813_2046_fu_9143101_p2                                     | -   |        | add_ln813_2046 | add | fabric | 0       |
|       add_ln813_2047_fu_9149842_p2                                     | -   |        | add_ln813_2047 | add | fabric | 0       |
|       add_ln813_2053_fu_9143119_p2                                     | -   |        | add_ln813_2053 | add | fabric | 0       |
|       add_ln813_2056_fu_9143125_p2                                     | -   |        | add_ln813_2056 | add | fabric | 0       |
|       add_ln813_2059_fu_9143131_p2                                     | -   |        | add_ln813_2059 | add | fabric | 0       |
|       add_ln813_2063_fu_9143137_p2                                     | -   |        | add_ln813_2063 | add | fabric | 0       |
|       add_ln813_2064_fu_9143147_p2                                     | -   |        | add_ln813_2064 | add | fabric | 0       |
|       add_ln813_2065_fu_9143153_p2                                     | -   |        | add_ln813_2065 | add | fabric | 0       |
|       add_ln813_2066_fu_9143163_p2                                     | -   |        | add_ln813_2066 | add | fabric | 0       |
|       add_ln813_2067_fu_9143173_p2                                     | -   |        | add_ln813_2067 | add | fabric | 0       |
|       add_ln813_2069_fu_9143179_p2                                     | -   |        | add_ln813_2069 | add | fabric | 0       |
|       add_ln813_2071_fu_9143185_p2                                     | -   |        | add_ln813_2071 | add | fabric | 0       |
|       add_ln813_2072_fu_9143195_p2                                     | -   |        | add_ln813_2072 | add | fabric | 0       |
|       add_ln813_2073_fu_9143205_p2                                     | -   |        | add_ln813_2073 | add | fabric | 0       |
|       add_ln813_2077_fu_9143211_p2                                     | -   |        | add_ln813_2077 | add | fabric | 0       |
|       add_ln813_2079_fu_9143217_p2                                     | -   |        | add_ln813_2079 | add | fabric | 0       |
|       add_ln813_2080_fu_9143227_p2                                     | -   |        | add_ln813_2080 | add | fabric | 0       |
|       add_ln813_2081_fu_9143237_p2                                     | -   |        | add_ln813_2081 | add | fabric | 0       |
|       add_ln813_2083_fu_9143243_p2                                     | -   |        | add_ln813_2083 | add | fabric | 0       |
|       add_ln813_2084_fu_9143253_p2                                     | -   |        | add_ln813_2084 | add | fabric | 0       |
|       add_ln813_2085_fu_9143259_p2                                     | -   |        | add_ln813_2085 | add | fabric | 0       |
|       add_ln813_2086_fu_9143269_p2                                     | -   |        | add_ln813_2086 | add | fabric | 0       |
|       add_ln813_2087_fu_9143279_p2                                     | -   |        | add_ln813_2087 | add | fabric | 0       |
|       add_ln813_2088_fu_9149942_p2                                     | -   |        | add_ln813_2088 | add | fabric | 0       |
|       add_ln813_2090_fu_9143285_p2                                     | -   |        | add_ln813_2090 | add | fabric | 0       |
|       add_ln813_2092_fu_9143301_p2                                     | -   |        | add_ln813_2092 | add | fabric | 0       |
|       add_ln813_2093_fu_9143311_p2                                     | -   |        | add_ln813_2093 | add | fabric | 0       |
|       add_ln813_2094_fu_9143321_p2                                     | -   |        | add_ln813_2094 | add | fabric | 0       |
|       add_ln813_2097_fu_9143343_p2                                     | -   |        | add_ln813_2097 | add | fabric | 0       |
|       add_ln813_2099_fu_9143363_p2                                     | -   |        | add_ln813_2099 | add | fabric | 0       |
|       add_ln813_2100_fu_9143373_p2                                     | -   |        | add_ln813_2100 | add | fabric | 0       |
|       add_ln813_2101_fu_9143383_p2                                     | -   |        | add_ln813_2101 | add | fabric | 0       |
|       add_ln813_2102_fu_9143393_p2                                     | -   |        | add_ln813_2102 | add | fabric | 0       |
|       add_ln813_2103_fu_9149960_p2                                     | -   |        | add_ln813_2103 | add | fabric | 0       |
|       add_ln813_2109_fu_9149982_p2                                     | -   |        | add_ln813_2109 | add | fabric | 0       |
|       add_ln813_2112_fu_9143411_p2                                     | -   |        | add_ln813_2112 | add | fabric | 0       |
|       add_ln813_2113_fu_9143417_p2                                     | -   |        | add_ln813_2113 | add | fabric | 0       |
|       add_ln813_2116_fu_9143423_p2                                     | -   |        | add_ln813_2116 | add | fabric | 0       |
|       add_ln813_2120_fu_9143429_p2                                     | -   |        | add_ln813_2120 | add | fabric | 0       |
|       add_ln813_2121_fu_9143439_p2                                     | -   |        | add_ln813_2121 | add | fabric | 0       |
|       add_ln813_2122_fu_9143449_p2                                     | -   |        | add_ln813_2122 | add | fabric | 0       |
|       add_ln813_2123_fu_9143455_p2                                     | -   |        | add_ln813_2123 | add | fabric | 0       |
|       add_ln813_2124_fu_9143465_p2                                     | -   |        | add_ln813_2124 | add | fabric | 0       |
|       add_ln813_2125_fu_9143475_p2                                     | -   |        | add_ln813_2125 | add | fabric | 0       |
|       add_ln813_2127_fu_9143481_p2                                     | -   |        | add_ln813_2127 | add | fabric | 0       |
|       add_ln813_2128_fu_9143487_p2                                     | -   |        | add_ln813_2128 | add | fabric | 0       |
|       add_ln813_2130_fu_9143493_p2                                     | -   |        | add_ln813_2130 | add | fabric | 0       |
|       add_ln813_2131_fu_9143503_p2                                     | -   |        | add_ln813_2131 | add | fabric | 0       |
|       add_ln813_2132_fu_9143513_p2                                     | -   |        | add_ln813_2132 | add | fabric | 0       |
|       add_ln813_2136_fu_9143519_p2                                     | -   |        | add_ln813_2136 | add | fabric | 0       |
|       add_ln813_2138_fu_9143525_p2                                     | -   |        | add_ln813_2138 | add | fabric | 0       |
|       add_ln813_2139_fu_9143535_p2                                     | -   |        | add_ln813_2139 | add | fabric | 0       |
|       add_ln813_2140_fu_9143545_p2                                     | -   |        | add_ln813_2140 | add | fabric | 0       |
|       add_ln813_2142_fu_9143551_p2                                     | -   |        | add_ln813_2142 | add | fabric | 0       |
|       add_ln813_2143_fu_9143561_p2                                     | -   |        | add_ln813_2143 | add | fabric | 0       |
|       add_ln813_2144_fu_9143571_p2                                     | -   |        | add_ln813_2144 | add | fabric | 0       |
|       add_ln813_2145_fu_9143577_p2                                     | -   |        | add_ln813_2145 | add | fabric | 0       |
|       add_ln813_2146_fu_9143587_p2                                     | -   |        | add_ln813_2146 | add | fabric | 0       |
|       add_ln813_2147_fu_9143597_p2                                     | -   |        | add_ln813_2147 | add | fabric | 0       |
|       add_ln813_2148_fu_9150077_p2                                     | -   |        | add_ln813_2148 | add | fabric | 0       |
|       add_ln813_2150_fu_9143603_p2                                     | -   |        | add_ln813_2150 | add | fabric | 0       |
|       add_ln813_2151_fu_9143613_p2                                     | -   |        | add_ln813_2151 | add | fabric | 0       |
|       add_ln813_2152_fu_9143623_p2                                     | -   |        | add_ln813_2152 | add | fabric | 0       |
|       add_ln813_2153_fu_9143629_p2                                     | -   |        | add_ln813_2153 | add | fabric | 0       |
|       add_ln813_2154_fu_9143639_p2                                     | -   |        | add_ln813_2154 | add | fabric | 0       |
|       add_ln813_2155_fu_9143649_p2                                     | -   |        | add_ln813_2155 | add | fabric | 0       |
|       add_ln813_2157_fu_9143655_p2                                     | -   |        | add_ln813_2157 | add | fabric | 0       |
|       add_ln813_2158_fu_9143665_p2                                     | -   |        | add_ln813_2158 | add | fabric | 0       |
|       add_ln813_2160_fu_9143681_p2                                     | -   |        | add_ln813_2160 | add | fabric | 0       |
|       add_ln813_2161_fu_9143691_p2                                     | -   |        | add_ln813_2161 | add | fabric | 0       |
|       add_ln813_2162_fu_9143701_p2                                     | -   |        | add_ln813_2162 | add | fabric | 0       |
|       add_ln813_2170_fu_9143729_p2                                     | -   |        | add_ln813_2170 | add | fabric | 0       |
|       add_ln813_2173_fu_9143735_p2                                     | -   |        | add_ln813_2173 | add | fabric | 0       |
|       add_ln813_2174_fu_9143741_p2                                     | -   |        | add_ln813_2174 | add | fabric | 0       |
|       add_ln813_2177_fu_9143747_p2                                     | -   |        | add_ln813_2177 | add | fabric | 0       |
|       add_ln813_2181_fu_9143753_p2                                     | -   |        | add_ln813_2181 | add | fabric | 0       |
|       add_ln813_2182_fu_9143763_p2                                     | -   |        | add_ln813_2182 | add | fabric | 0       |
|       add_ln813_2183_fu_9143769_p2                                     | -   |        | add_ln813_2183 | add | fabric | 0       |
|       add_ln813_2184_fu_9143779_p2                                     | -   |        | add_ln813_2184 | add | fabric | 0       |
|       add_ln813_2185_fu_9143789_p2                                     | -   |        | add_ln813_2185 | add | fabric | 0       |
|       add_ln813_2187_fu_9143795_p2                                     | -   |        | add_ln813_2187 | add | fabric | 0       |
|       add_ln813_2188_fu_9143801_p2                                     | -   |        | add_ln813_2188 | add | fabric | 0       |
|       add_ln813_2190_fu_9143807_p2                                     | -   |        | add_ln813_2190 | add | fabric | 0       |
|       add_ln813_2191_fu_9143817_p2                                     | -   |        | add_ln813_2191 | add | fabric | 0       |
|       add_ln813_2192_fu_9143827_p2                                     | -   |        | add_ln813_2192 | add | fabric | 0       |
|       add_ln813_2196_fu_9143833_p2                                     | -   |        | add_ln813_2196 | add | fabric | 0       |
|       add_ln813_2197_fu_9143843_p2                                     | -   |        | add_ln813_2197 | add | fabric | 0       |
|       add_ln813_2198_fu_9143849_p2                                     | -   |        | add_ln813_2198 | add | fabric | 0       |
|       add_ln813_2199_fu_9143859_p2                                     | -   |        | add_ln813_2199 | add | fabric | 0       |
|       add_ln813_2200_fu_9143869_p2                                     | -   |        | add_ln813_2200 | add | fabric | 0       |
|       add_ln813_2201_fu_9150195_p2                                     | -   |        | add_ln813_2201 | add | fabric | 0       |
|       add_ln813_2202_fu_9143875_p2                                     | -   |        | add_ln813_2202 | add | fabric | 0       |
|       add_ln813_2203_fu_9143885_p2                                     | -   |        | add_ln813_2203 | add | fabric | 0       |
|       add_ln813_2204_fu_9143895_p2                                     | -   |        | add_ln813_2204 | add | fabric | 0       |
|       add_ln813_2205_fu_9143901_p2                                     | -   |        | add_ln813_2205 | add | fabric | 0       |
|       add_ln813_2206_fu_9143911_p2                                     | -   |        | add_ln813_2206 | add | fabric | 0       |
|       add_ln813_2207_fu_9143921_p2                                     | -   |        | add_ln813_2207 | add | fabric | 0       |
|       add_ln813_2208_fu_9150207_p2                                     | -   |        | add_ln813_2208 | add | fabric | 0       |
|       add_ln813_2210_fu_9143927_p2                                     | -   |        | add_ln813_2210 | add | fabric | 0       |
|       add_ln813_2211_fu_9143937_p2                                     | -   |        | add_ln813_2211 | add | fabric | 0       |
|       add_ln813_2213_fu_9143953_p2                                     | -   |        | add_ln813_2213 | add | fabric | 0       |
|       add_ln813_2214_fu_9143963_p2                                     | -   |        | add_ln813_2214 | add | fabric | 0       |
|       add_ln813_2215_fu_9143973_p2                                     | -   |        | add_ln813_2215 | add | fabric | 0       |
|       add_ln813_2217_fu_9143989_p2                                     | -   |        | add_ln813_2217 | add | fabric | 0       |
|       add_ln813_2218_fu_9143999_p2                                     | -   |        | add_ln813_2218 | add | fabric | 0       |
|       add_ln813_2219_fu_9144009_p2                                     | -   |        | add_ln813_2219 | add | fabric | 0       |
|       add_ln813_2220_fu_9144019_p2                                     | -   |        | add_ln813_2220 | add | fabric | 0       |
|       add_ln813_2221_fu_9144029_p2                                     | -   |        | add_ln813_2221 | add | fabric | 0       |
|       add_ln813_2222_fu_9144039_p2                                     | -   |        | add_ln813_2222 | add | fabric | 0       |
|       add_ln813_2223_fu_9144049_p2                                     | -   |        | add_ln813_2223 | add | fabric | 0       |
|       add_ln813_2224_fu_9150229_p2                                     | -   |        | add_ln813_2224 | add | fabric | 0       |
|       add_ln813_2227_fu_9144055_p2                                     | -   |        | add_ln813_2227 | add | fabric | 0       |
|       add_ln813_2231_fu_9144077_p2                                     | -   |        | add_ln813_2231 | add | fabric | 0       |
|       add_ln813_2234_fu_9144083_p2                                     | -   |        | add_ln813_2234 | add | fabric | 0       |
|       add_ln813_2235_fu_9144089_p2                                     | -   |        | add_ln813_2235 | add | fabric | 0       |
|       add_ln813_2238_fu_9144095_p2                                     | -   |        | add_ln813_2238 | add | fabric | 0       |
|       add_ln813_2245_fu_9144113_p2                                     | -   |        | add_ln813_2245 | add | fabric | 0       |
|       add_ln813_2248_fu_9144119_p2                                     | -   |        | add_ln813_2248 | add | fabric | 0       |
|       add_ln813_2249_fu_9144125_p2                                     | -   |        | add_ln813_2249 | add | fabric | 0       |
|       add_ln813_2251_fu_9144131_p2                                     | -   |        | add_ln813_2251 | add | fabric | 0       |
|       add_ln813_2252_fu_9144141_p2                                     | -   |        | add_ln813_2252 | add | fabric | 0       |
|       add_ln813_2253_fu_9144151_p2                                     | -   |        | add_ln813_2253 | add | fabric | 0       |
|       add_ln813_2257_fu_9144157_p2                                     | -   |        | add_ln813_2257 | add | fabric | 0       |
|       add_ln813_2258_fu_9144167_p2                                     | -   |        | add_ln813_2258 | add | fabric | 0       |
|       add_ln813_2259_fu_9144173_p2                                     | -   |        | add_ln813_2259 | add | fabric | 0       |
|       add_ln813_2260_fu_9144183_p2                                     | -   |        | add_ln813_2260 | add | fabric | 0       |
|       add_ln813_2261_fu_9144193_p2                                     | -   |        | add_ln813_2261 | add | fabric | 0       |
|       add_ln813_2262_fu_9150336_p2                                     | -   |        | add_ln813_2262 | add | fabric | 0       |
|       add_ln813_2263_fu_9144199_p2                                     | -   |        | add_ln813_2263 | add | fabric | 0       |
|       add_ln813_2264_fu_9144209_p2                                     | -   |        | add_ln813_2264 | add | fabric | 0       |
|       add_ln813_2265_fu_9144219_p2                                     | -   |        | add_ln813_2265 | add | fabric | 0       |
|       add_ln813_2267_fu_9144231_p2                                     | -   |        | add_ln813_2267 | add | fabric | 0       |
|       add_ln813_2269_fu_9150348_p2                                     | -   |        | add_ln813_2269 | add | fabric | 0       |
|       add_ln813_2271_fu_9144247_p2                                     | -   |        | add_ln813_2271 | add | fabric | 0       |
|       add_ln813_2272_fu_9144257_p2                                     | -   |        | add_ln813_2272 | add | fabric | 0       |
|       add_ln813_2273_fu_9144267_p2                                     | -   |        | add_ln813_2273 | add | fabric | 0       |
|       add_ln813_2274_fu_9144277_p2                                     | -   |        | add_ln813_2274 | add | fabric | 0       |
|       add_ln813_2277_fu_9144299_p2                                     | -   |        | add_ln813_2277 | add | fabric | 0       |
|       add_ln813_2278_fu_9144309_p2                                     | -   |        | add_ln813_2278 | add | fabric | 0       |
|       add_ln813_2279_fu_9144319_p2                                     | -   |        | add_ln813_2279 | add | fabric | 0       |
|       add_ln813_2280_fu_9144329_p2                                     | -   |        | add_ln813_2280 | add | fabric | 0       |
|       add_ln813_2281_fu_9144339_p2                                     | -   |        | add_ln813_2281 | add | fabric | 0       |
|       add_ln813_2282_fu_9144349_p2                                     | -   |        | add_ln813_2282 | add | fabric | 0       |
|       add_ln813_2283_fu_9144359_p2                                     | -   |        | add_ln813_2283 | add | fabric | 0       |
|       add_ln813_2284_fu_9150370_p2                                     | -   |        | add_ln813_2284 | add | fabric | 0       |
|       add_ln813_2290_fu_9144377_p2                                     | -   |        | add_ln813_2290 | add | fabric | 0       |
|       add_ln813_2293_fu_9144383_p2                                     | -   |        | add_ln813_2293 | add | fabric | 0       |
|       add_ln813_2294_fu_9144389_p2                                     | -   |        | add_ln813_2294 | add | fabric | 0       |
|       add_ln813_2297_fu_9144395_p2                                     | -   |        | add_ln813_2297 | add | fabric | 0       |
|       add_ln813_2304_fu_9144413_p2                                     | -   |        | add_ln813_2304 | add | fabric | 0       |
|       add_ln813_2307_fu_9144419_p2                                     | -   |        | add_ln813_2307 | add | fabric | 0       |
|       add_ln813_2308_fu_9144425_p2                                     | -   |        | add_ln813_2308 | add | fabric | 0       |
|       add_ln813_2310_fu_9144431_p2                                     | -   |        | add_ln813_2310 | add | fabric | 0       |
|       add_ln813_2311_fu_9144441_p2                                     | -   |        | add_ln813_2311 | add | fabric | 0       |
|       add_ln813_2312_fu_9144451_p2                                     | -   |        | add_ln813_2312 | add | fabric | 0       |
|       add_ln813_2316_fu_9144457_p2                                     | -   |        | add_ln813_2316 | add | fabric | 0       |
|       add_ln813_2318_fu_9144463_p2                                     | -   |        | add_ln813_2318 | add | fabric | 0       |
|       add_ln813_2319_fu_9144473_p2                                     | -   |        | add_ln813_2319 | add | fabric | 0       |
|       add_ln813_2320_fu_9144483_p2                                     | -   |        | add_ln813_2320 | add | fabric | 0       |
|       add_ln813_2322_fu_9144489_p2                                     | -   |        | add_ln813_2322 | add | fabric | 0       |
|       add_ln813_2323_fu_9144499_p2                                     | -   |        | add_ln813_2323 | add | fabric | 0       |
|       add_ln813_2324_fu_9144509_p2                                     | -   |        | add_ln813_2324 | add | fabric | 0       |
|       add_ln813_2325_fu_9144515_p2                                     | -   |        | add_ln813_2325 | add | fabric | 0       |
|       add_ln813_2326_fu_9144525_p2                                     | -   |        | add_ln813_2326 | add | fabric | 0       |
|       add_ln813_2327_fu_9144535_p2                                     | -   |        | add_ln813_2327 | add | fabric | 0       |
|       add_ln813_2328_fu_9150483_p2                                     | -   |        | add_ln813_2328 | add | fabric | 0       |
|       add_ln813_2330_fu_9144541_p2                                     | -   |        | add_ln813_2330 | add | fabric | 0       |
|       add_ln813_2331_fu_9144551_p2                                     | -   |        | add_ln813_2331 | add | fabric | 0       |
|       add_ln813_2332_fu_9144561_p2                                     | -   |        | add_ln813_2332 | add | fabric | 0       |
|       add_ln813_2333_fu_9144567_p2                                     | -   |        | add_ln813_2333 | add | fabric | 0       |
|       add_ln813_2334_fu_9144577_p2                                     | -   |        | add_ln813_2334 | add | fabric | 0       |
|       add_ln813_2335_fu_9144587_p2                                     | -   |        | add_ln813_2335 | add | fabric | 0       |
|       add_ln813_2337_fu_9144593_p2                                     | -   |        | add_ln813_2337 | add | fabric | 0       |
|       add_ln813_2338_fu_9144603_p2                                     | -   |        | add_ln813_2338 | add | fabric | 0       |
|       add_ln813_2340_fu_9144619_p2                                     | -   |        | add_ln813_2340 | add | fabric | 0       |
|       add_ln813_2341_fu_9144629_p2                                     | -   |        | add_ln813_2341 | add | fabric | 0       |
|       add_ln813_2342_fu_9144639_p2                                     | -   |        | add_ln813_2342 | add | fabric | 0       |
|       add_ln813_2350_fu_9144667_p2                                     | -   |        | add_ln813_2350 | add | fabric | 0       |
|       add_ln813_2353_fu_9144673_p2                                     | -   |        | add_ln813_2353 | add | fabric | 0       |
|       add_ln813_2356_fu_9144679_p2                                     | -   |        | add_ln813_2356 | add | fabric | 0       |
|       add_ln813_2362_fu_9144697_p2                                     | -   |        | add_ln813_2362 | add | fabric | 0       |
|       add_ln813_2363_fu_9144707_p2                                     | -   |        | add_ln813_2363 | add | fabric | 0       |
|       add_ln813_2364_fu_9144717_p2                                     | -   |        | add_ln813_2364 | add | fabric | 0       |
|       add_ln813_2366_fu_9144723_p2                                     | -   |        | add_ln813_2366 | add | fabric | 0       |
|       add_ln813_2367_fu_9144729_p2                                     | -   |        | add_ln813_2367 | add | fabric | 0       |
|       add_ln813_2369_fu_9144735_p2                                     | -   |        | add_ln813_2369 | add | fabric | 0       |
|       add_ln813_2370_fu_9144745_p2                                     | -   |        | add_ln813_2370 | add | fabric | 0       |
|       add_ln813_2371_fu_9144755_p2                                     | -   |        | add_ln813_2371 | add | fabric | 0       |
|       add_ln813_2375_fu_9144761_p2                                     | -   |        | add_ln813_2375 | add | fabric | 0       |
|       add_ln813_2376_fu_9144771_p2                                     | -   |        | add_ln813_2376 | add | fabric | 0       |
|       add_ln813_2377_fu_9144777_p2                                     | -   |        | add_ln813_2377 | add | fabric | 0       |
|       add_ln813_2378_fu_9144787_p2                                     | -   |        | add_ln813_2378 | add | fabric | 0       |
|       add_ln813_2379_fu_9144797_p2                                     | -   |        | add_ln813_2379 | add | fabric | 0       |
|       add_ln813_2380_fu_9150607_p2                                     | -   |        | add_ln813_2380 | add | fabric | 0       |
|       add_ln813_2381_fu_9144803_p2                                     | -   |        | add_ln813_2381 | add | fabric | 0       |
|       add_ln813_2382_fu_9144813_p2                                     | -   |        | add_ln813_2382 | add | fabric | 0       |
|       add_ln813_2383_fu_9144819_p2                                     | -   |        | add_ln813_2383 | add | fabric | 0       |
|       add_ln813_2384_fu_9144829_p2                                     | -   |        | add_ln813_2384 | add | fabric | 0       |
|       add_ln813_2385_fu_9144839_p2                                     | -   |        | add_ln813_2385 | add | fabric | 0       |
|       add_ln813_2386_fu_9150619_p2                                     | -   |        | add_ln813_2386 | add | fabric | 0       |
|       add_ln813_2388_fu_9144845_p2                                     | -   |        | add_ln813_2388 | add | fabric | 0       |
|       add_ln813_2390_fu_9144861_p2                                     | -   |        | add_ln813_2390 | add | fabric | 0       |
|       add_ln813_2391_fu_9144871_p2                                     | -   |        | add_ln813_2391 | add | fabric | 0       |
|       add_ln813_2392_fu_9144881_p2                                     | -   |        | add_ln813_2392 | add | fabric | 0       |
|       add_ln813_2394_fu_9144897_p2                                     | -   |        | add_ln813_2394 | add | fabric | 0       |
|       add_ln813_2395_fu_9144907_p2                                     | -   |        | add_ln813_2395 | add | fabric | 0       |
|       add_ln813_2396_fu_9144917_p2                                     | -   |        | add_ln813_2396 | add | fabric | 0       |
|       add_ln813_2397_fu_9144927_p2                                     | -   |        | add_ln813_2397 | add | fabric | 0       |
|       add_ln813_2398_fu_9144937_p2                                     | -   |        | add_ln813_2398 | add | fabric | 0       |
|       add_ln813_2399_fu_9144947_p2                                     | -   |        | add_ln813_2399 | add | fabric | 0       |
|       add_ln813_2400_fu_9150641_p2                                     | -   |        | add_ln813_2400 | add | fabric | 0       |
|       add_ln813_2408_fu_9144977_p2                                     | -   |        | add_ln813_2408 | add | fabric | 0       |
|       add_ln813_2411_fu_9144983_p2                                     | -   |        | add_ln813_2411 | add | fabric | 0       |
|       add_ln813_2415_fu_9144989_p2                                     | -   |        | add_ln813_2415 | add | fabric | 0       |
|       add_ln813_2416_fu_9144999_p2                                     | -   |        | add_ln813_2416 | add | fabric | 0       |
|       add_ln813_2417_fu_9145005_p2                                     | -   |        | add_ln813_2417 | add | fabric | 0       |
|       add_ln813_2418_fu_9145015_p2                                     | -   |        | add_ln813_2418 | add | fabric | 0       |
|       add_ln813_2419_fu_9145025_p2                                     | -   |        | add_ln813_2419 | add | fabric | 0       |
|       add_ln813_2421_fu_9145031_p2                                     | -   |        | add_ln813_2421 | add | fabric | 0       |
|       add_ln813_2423_fu_9145037_p2                                     | -   |        | add_ln813_2423 | add | fabric | 0       |
|       add_ln813_2424_fu_9145047_p2                                     | -   |        | add_ln813_2424 | add | fabric | 0       |
|       add_ln813_2425_fu_9145057_p2                                     | -   |        | add_ln813_2425 | add | fabric | 0       |
|       add_ln813_2429_fu_9145063_p2                                     | -   |        | add_ln813_2429 | add | fabric | 0       |
|       add_ln813_2430_fu_9145073_p2                                     | -   |        | add_ln813_2430 | add | fabric | 0       |
|       add_ln813_2431_fu_9145079_p2                                     | -   |        | add_ln813_2431 | add | fabric | 0       |
|       add_ln813_2432_fu_9145089_p2                                     | -   |        | add_ln813_2432 | add | fabric | 0       |
|       add_ln813_2433_fu_9145099_p2                                     | -   |        | add_ln813_2433 | add | fabric | 0       |
|       add_ln813_2434_fu_9150723_p2                                     | -   |        | add_ln813_2434 | add | fabric | 0       |
|       add_ln813_2435_fu_9145105_p2                                     | -   |        | add_ln813_2435 | add | fabric | 0       |
|       add_ln813_2436_fu_9145115_p2                                     | -   |        | add_ln813_2436 | add | fabric | 0       |
|       add_ln813_2438_fu_9145127_p2                                     | -   |        | add_ln813_2438 | add | fabric | 0       |
|       add_ln813_2440_fu_9150735_p2                                     | -   |        | add_ln813_2440 | add | fabric | 0       |
|       add_ln813_2442_fu_9145143_p2                                     | -   |        | add_ln813_2442 | add | fabric | 0       |
|       add_ln813_2443_fu_9145153_p2                                     | -   |        | add_ln813_2443 | add | fabric | 0       |
|       add_ln813_2444_fu_9145159_p2                                     | -   |        | add_ln813_2444 | add | fabric | 0       |
|       add_ln813_2445_fu_9145169_p2                                     | -   |        | add_ln813_2445 | add | fabric | 0       |
|       add_ln813_2446_fu_9145179_p2                                     | -   |        | add_ln813_2446 | add | fabric | 0       |
|       add_ln813_2448_fu_9145185_p2                                     | -   |        | add_ln813_2448 | add | fabric | 0       |
|       add_ln813_2449_fu_9145195_p2                                     | -   |        | add_ln813_2449 | add | fabric | 0       |
|       add_ln813_2450_fu_9145205_p2                                     | -   |        | add_ln813_2450 | add | fabric | 0       |
|       add_ln813_2451_fu_9145215_p2                                     | -   |        | add_ln813_2451 | add | fabric | 0       |
|       add_ln813_2452_fu_9145225_p2                                     | -   |        | add_ln813_2452 | add | fabric | 0       |
|       add_ln813_2453_fu_9145235_p2                                     | -   |        | add_ln813_2453 | add | fabric | 0       |
|       add_ln813_2460_fu_9145253_p2                                     | -   |        | add_ln813_2460 | add | fabric | 0       |
|       add_ln813_2463_fu_9145259_p2                                     | -   |        | add_ln813_2463 | add | fabric | 0       |
|       add_ln813_2466_fu_9145265_p2                                     | -   |        | add_ln813_2466 | add | fabric | 0       |
|       add_ln813_2472_fu_9145283_p2                                     | -   |        | add_ln813_2472 | add | fabric | 0       |
|       add_ln813_2473_fu_9145293_p2                                     | -   |        | add_ln813_2473 | add | fabric | 0       |
|       add_ln813_2474_fu_9145303_p2                                     | -   |        | add_ln813_2474 | add | fabric | 0       |
|       add_ln813_2476_fu_9145309_p2                                     | -   |        | add_ln813_2476 | add | fabric | 0       |
|       add_ln813_2478_fu_9145315_p2                                     | -   |        | add_ln813_2478 | add | fabric | 0       |
|       add_ln813_2479_fu_9145325_p2                                     | -   |        | add_ln813_2479 | add | fabric | 0       |
|       add_ln813_2480_fu_9145335_p2                                     | -   |        | add_ln813_2480 | add | fabric | 0       |
|       add_ln813_2484_fu_9145341_p2                                     | -   |        | add_ln813_2484 | add | fabric | 0       |
|       add_ln813_2486_fu_9145347_p2                                     | -   |        | add_ln813_2486 | add | fabric | 0       |
|       add_ln813_2487_fu_9145357_p2                                     | -   |        | add_ln813_2487 | add | fabric | 0       |
|       add_ln813_2488_fu_9145367_p2                                     | -   |        | add_ln813_2488 | add | fabric | 0       |
|       add_ln813_2490_fu_9145373_p2                                     | -   |        | add_ln813_2490 | add | fabric | 0       |
|       add_ln813_2491_fu_9145383_p2                                     | -   |        | add_ln813_2491 | add | fabric | 0       |
|       add_ln813_2492_fu_9145389_p2                                     | -   |        | add_ln813_2492 | add | fabric | 0       |
|       add_ln813_2493_fu_9145399_p2                                     | -   |        | add_ln813_2493 | add | fabric | 0       |
|       add_ln813_2494_fu_9145409_p2                                     | -   |        | add_ln813_2494 | add | fabric | 0       |
|       add_ln813_2495_fu_9150868_p2                                     | -   |        | add_ln813_2495 | add | fabric | 0       |
|       add_ln813_2497_fu_9145415_p2                                     | -   |        | add_ln813_2497 | add | fabric | 0       |
|       add_ln813_2498_fu_9145425_p2                                     | -   |        | add_ln813_2498 | add | fabric | 0       |
|       add_ln813_2499_fu_9145431_p2                                     | -   |        | add_ln813_2499 | add | fabric | 0       |
|       add_ln813_2500_fu_9145441_p2                                     | -   |        | add_ln813_2500 | add | fabric | 0       |
|       add_ln813_2501_fu_9145451_p2                                     | -   |        | add_ln813_2501 | add | fabric | 0       |
|       add_ln813_2503_fu_9145457_p2                                     | -   |        | add_ln813_2503 | add | fabric | 0       |
|       add_ln813_2504_fu_9145467_p2                                     | -   |        | add_ln813_2504 | add | fabric | 0       |
|       add_ln813_2505_fu_9145477_p2                                     | -   |        | add_ln813_2505 | add | fabric | 0       |
|       add_ln813_2506_fu_9145487_p2                                     | -   |        | add_ln813_2506 | add | fabric | 0       |
|       add_ln813_2507_fu_9145497_p2                                     | -   |        | add_ln813_2507 | add | fabric | 0       |
|       add_ln813_2508_fu_9145507_p2                                     | -   |        | add_ln813_2508 | add | fabric | 0       |
|       add_ln813_2509_fu_9145517_p2                                     | -   |        | add_ln813_2509 | add | fabric | 0       |
|       add_ln813_2518_fu_9145547_p2                                     | -   |        | add_ln813_2518 | add | fabric | 0       |
|       add_ln813_2520_fu_9145553_p2                                     | -   |        | add_ln813_2520 | add | fabric | 0       |
|       add_ln813_2521_fu_9145563_p2                                     | -   |        | add_ln813_2521 | add | fabric | 0       |
|       add_ln813_2524_fu_9145569_p2                                     | -   |        | add_ln813_2524 | add | fabric | 0       |
|       add_ln813_2525_fu_9145579_p2                                     | -   |        | add_ln813_2525 | add | fabric | 0       |
|       add_ln813_2526_fu_9145585_p2                                     | -   |        | add_ln813_2526 | add | fabric | 0       |
|       add_ln813_2527_fu_9145595_p2                                     | -   |        | add_ln813_2527 | add | fabric | 0       |
|       add_ln813_2529_fu_9145601_p2                                     | -   |        | add_ln813_2529 | add | fabric | 0       |
|       add_ln813_2531_fu_9145607_p2                                     | -   |        | add_ln813_2531 | add | fabric | 0       |
|       add_ln813_2532_fu_9145617_p2                                     | -   |        | add_ln813_2532 | add | fabric | 0       |
|       add_ln813_2533_fu_9145627_p2                                     | -   |        | add_ln813_2533 | add | fabric | 0       |
|       add_ln813_2537_fu_9145633_p2                                     | -   |        | add_ln813_2537 | add | fabric | 0       |
|       add_ln813_2538_fu_9145643_p2                                     | -   |        | add_ln813_2538 | add | fabric | 0       |
|       add_ln813_2539_fu_9145649_p2                                     | -   |        | add_ln813_2539 | add | fabric | 0       |
|       add_ln813_2540_fu_9145659_p2                                     | -   |        | add_ln813_2540 | add | fabric | 0       |
|       add_ln813_2541_fu_9150967_p2                                     | -   |        | add_ln813_2541 | add | fabric | 0       |
|       add_ln813_2542_fu_9145665_p2                                     | -   |        | add_ln813_2542 | add | fabric | 0       |
|       add_ln813_2544_fu_9145681_p2                                     | -   |        | add_ln813_2544 | add | fabric | 0       |
|       add_ln813_2545_fu_9145691_p2                                     | -   |        | add_ln813_2545 | add | fabric | 0       |
|       add_ln813_2548_fu_9145707_p2                                     | -   |        | add_ln813_2548 | add | fabric | 0       |
|       add_ln813_2549_fu_9145717_p2                                     | -   |        | add_ln813_2549 | add | fabric | 0       |
|       add_ln813_2550_fu_9145727_p2                                     | -   |        | add_ln813_2550 | add | fabric | 0       |
|       add_ln813_2551_fu_9145737_p2                                     | -   |        | add_ln813_2551 | add | fabric | 0       |
|       add_ln813_2552_fu_9145747_p2                                     | -   |        | add_ln813_2552 | add | fabric | 0       |
|       add_ln813_2553_fu_9145753_p2                                     | -   |        | add_ln813_2553 | add | fabric | 0       |
|       add_ln813_2554_fu_9145763_p2                                     | -   |        | add_ln813_2554 | add | fabric | 0       |
|       add_ln813_2555_fu_9145773_p2                                     | -   |        | add_ln813_2555 | add | fabric | 0       |
|       add_ln813_2556_fu_9145783_p2                                     | -   |        | add_ln813_2556 | add | fabric | 0       |
|       add_ln813_2557_fu_9145793_p2                                     | -   |        | add_ln813_2557 | add | fabric | 0       |
|       add_ln813_2558_fu_9145803_p2                                     | -   |        | add_ln813_2558 | add | fabric | 0       |
|       add_ln813_2559_fu_9150988_p2                                     | -   |        | add_ln813_2559 | add | fabric | 0       |
|       add_ln813_2567_fu_9145833_p2                                     | -   |        | add_ln813_2567 | add | fabric | 0       |
|       add_ln813_2575_fu_9145863_p2                                     | -   |        | add_ln813_2575 | add | fabric | 0       |
|       add_ln813_2576_fu_9145873_p2                                     | -   |        | add_ln813_2576 | add | fabric | 0       |
|       add_ln813_2578_fu_9145879_p2                                     | -   |        | add_ln813_2578 | add | fabric | 0       |
|       add_ln813_2580_fu_9145885_p2                                     | -   |        | add_ln813_2580 | add | fabric | 0       |
|       add_ln813_2581_fu_9145895_p2                                     | -   |        | add_ln813_2581 | add | fabric | 0       |
|       add_ln813_2582_fu_9145905_p2                                     | -   |        | add_ln813_2582 | add | fabric | 0       |
|       add_ln813_2586_fu_9145911_p2                                     | -   |        | add_ln813_2586 | add | fabric | 0       |
|       add_ln813_2588_fu_9145917_p2                                     | -   |        | add_ln813_2588 | add | fabric | 0       |
|       add_ln813_2589_fu_9145927_p2                                     | -   |        | add_ln813_2589 | add | fabric | 0       |
|       add_ln813_2591_fu_9145933_p2                                     | -   |        | add_ln813_2591 | add | fabric | 0       |
|       add_ln813_2593_fu_9145939_p2                                     | -   |        | add_ln813_2593 | add | fabric | 0       |
|       add_ln813_2594_fu_9145949_p2                                     | -   |        | add_ln813_2594 | add | fabric | 0       |
|       add_ln813_2595_fu_9145959_p2                                     | -   |        | add_ln813_2595 | add | fabric | 0       |
|       add_ln813_2598_fu_9145965_p2                                     | -   |        | add_ln813_2598 | add | fabric | 0       |
|       add_ln813_2599_fu_9145975_p2                                     | -   |        | add_ln813_2599 | add | fabric | 0       |
|       add_ln813_2600_fu_9145985_p2                                     | -   |        | add_ln813_2600 | add | fabric | 0       |
|       add_ln813_2601_fu_9145995_p2                                     | -   |        | add_ln813_2601 | add | fabric | 0       |
|       add_ln813_2602_fu_9146005_p2                                     | -   |        | add_ln813_2602 | add | fabric | 0       |
|       add_ln813_2603_fu_9146011_p2                                     | -   |        | add_ln813_2603 | add | fabric | 0       |
|       add_ln813_2605_fu_9146027_p2                                     | -   |        | add_ln813_2605 | add | fabric | 0       |
|       add_ln813_2606_fu_9146037_p2                                     | -   |        | add_ln813_2606 | add | fabric | 0       |
|       add_ln813_2607_fu_9146047_p2                                     | -   |        | add_ln813_2607 | add | fabric | 0       |
|       add_ln813_2609_fu_9151116_p2                                     | -   |        | add_ln813_2609 | add | fabric | 0       |
|       add_ln813_2615_fu_9146075_p2                                     | -   |        | add_ln813_2615 | add | fabric | 0       |
|       add_ln813_2618_fu_9146081_p2                                     | -   |        | add_ln813_2618 | add | fabric | 0       |
|       add_ln813_2619_fu_9146087_p2                                     | -   |        | add_ln813_2619 | add | fabric | 0       |
|       add_ln813_2622_fu_9146093_p2                                     | -   |        | add_ln813_2622 | add | fabric | 0       |
|       add_ln813_2629_fu_9146111_p2                                     | -   |        | add_ln813_2629 | add | fabric | 0       |
|       add_ln813_2632_fu_9146117_p2                                     | -   |        | add_ln813_2632 | add | fabric | 0       |
|       add_ln813_2633_fu_9146123_p2                                     | -   |        | add_ln813_2633 | add | fabric | 0       |
|       add_ln813_2635_fu_9146129_p2                                     | -   |        | add_ln813_2635 | add | fabric | 0       |
|       add_ln813_2636_fu_9146139_p2                                     | -   |        | add_ln813_2636 | add | fabric | 0       |
|       add_ln813_2637_fu_9146149_p2                                     | -   |        | add_ln813_2637 | add | fabric | 0       |
|       add_ln813_2641_fu_9146155_p2                                     | -   |        | add_ln813_2641 | add | fabric | 0       |
|       add_ln813_2642_fu_9146165_p2                                     | -   |        | add_ln813_2642 | add | fabric | 0       |
|       add_ln813_2643_fu_9146171_p2                                     | -   |        | add_ln813_2643 | add | fabric | 0       |
|       add_ln813_2644_fu_9146181_p2                                     | -   |        | add_ln813_2644 | add | fabric | 0       |
|       add_ln813_2645_fu_9146191_p2                                     | -   |        | add_ln813_2645 | add | fabric | 0       |
|       add_ln813_2646_fu_9151220_p2                                     | -   |        | add_ln813_2646 | add | fabric | 0       |
|       add_ln813_2647_fu_9146197_p2                                     | -   |        | add_ln813_2647 | add | fabric | 0       |
|       add_ln813_2648_fu_9146207_p2                                     | -   |        | add_ln813_2648 | add | fabric | 0       |
|       add_ln813_2649_fu_9146217_p2                                     | -   |        | add_ln813_2649 | add | fabric | 0       |
|       add_ln813_2650_fu_9146223_p2                                     | -   |        | add_ln813_2650 | add | fabric | 0       |
|       add_ln813_2651_fu_9146233_p2                                     | -   |        | add_ln813_2651 | add | fabric | 0       |
|       add_ln813_2652_fu_9146243_p2                                     | -   |        | add_ln813_2652 | add | fabric | 0       |
|       add_ln813_2653_fu_9151232_p2                                     | -   |        | add_ln813_2653 | add | fabric | 0       |
|       add_ln813_2655_fu_9146249_p2                                     | -   |        | add_ln813_2655 | add | fabric | 0       |
|       add_ln813_2656_fu_9146259_p2                                     | -   |        | add_ln813_2656 | add | fabric | 0       |
|       add_ln813_2657_fu_9146269_p2                                     | -   |        | add_ln813_2657 | add | fabric | 0       |
|       add_ln813_2658_fu_9146275_p2                                     | -   |        | add_ln813_2658 | add | fabric | 0       |
|       add_ln813_2659_fu_9146285_p2                                     | -   |        | add_ln813_2659 | add | fabric | 0       |
|       add_ln813_2660_fu_9146295_p2                                     | -   |        | add_ln813_2660 | add | fabric | 0       |
|       add_ln813_2662_fu_9146301_p2                                     | -   |        | add_ln813_2662 | add | fabric | 0       |
|       add_ln813_2663_fu_9146311_p2                                     | -   |        | add_ln813_2663 | add | fabric | 0       |
|       add_ln813_2664_fu_9146321_p2                                     | -   |        | add_ln813_2664 | add | fabric | 0       |
|       add_ln813_2665_fu_9146331_p2                                     | -   |        | add_ln813_2665 | add | fabric | 0       |
|       add_ln813_2666_fu_9146341_p2                                     | -   |        | add_ln813_2666 | add | fabric | 0       |
|       add_ln813_2667_fu_9146351_p2                                     | -   |        | add_ln813_2667 | add | fabric | 0       |
|       add_ln813_2672_fu_9146357_p2                                     | -   |        | add_ln813_2672 | add | fabric | 0       |
|       add_ln813_2675_fu_9146363_p2                                     | -   |        | add_ln813_2675 | add | fabric | 0       |
|       add_ln813_2678_fu_9146369_p2                                     | -   |        | add_ln813_2678 | add | fabric | 0       |
|       add_ln813_2679_fu_9146375_p2                                     | -   |        | add_ln813_2679 | add | fabric | 0       |
|       add_ln813_2682_fu_9146381_p2                                     | -   |        | add_ln813_2682 | add | fabric | 0       |
|       add_ln813_2687_fu_9146387_p2                                     | -   |        | add_ln813_2687 | add | fabric | 0       |
|       add_ln813_2690_fu_9146393_p2                                     | -   |        | add_ln813_2690 | add | fabric | 0       |
|       add_ln813_2693_fu_9146399_p2                                     | -   |        | add_ln813_2693 | add | fabric | 0       |
|       add_ln813_2694_fu_9146405_p2                                     | -   |        | add_ln813_2694 | add | fabric | 0       |
|       add_ln813_2696_fu_9146411_p2                                     | -   |        | add_ln813_2696 | add | fabric | 0       |
|       add_ln813_2697_fu_9146421_p2                                     | -   |        | add_ln813_2697 | add | fabric | 0       |
|       add_ln813_2698_fu_9146431_p2                                     | -   |        | add_ln813_2698 | add | fabric | 0       |
|       add_ln813_2702_fu_9146437_p2                                     | -   |        | add_ln813_2702 | add | fabric | 0       |
|       add_ln813_2703_fu_9146443_p2                                     | -   |        | add_ln813_2703 | add | fabric | 0       |
|       add_ln813_2705_fu_9146449_p2                                     | -   |        | add_ln813_2705 | add | fabric | 0       |
|       add_ln813_2706_fu_9146459_p2                                     | -   |        | add_ln813_2706 | add | fabric | 0       |
|       add_ln813_2707_fu_9146469_p2                                     | -   |        | add_ln813_2707 | add | fabric | 0       |
|       add_ln813_2709_fu_9146475_p2                                     | -   |        | add_ln813_2709 | add | fabric | 0       |
|       add_ln813_2710_fu_9146485_p2                                     | -   |        | add_ln813_2710 | add | fabric | 0       |
|       add_ln813_2711_fu_9146495_p2                                     | -   |        | add_ln813_2711 | add | fabric | 0       |
|       add_ln813_2712_fu_9146501_p2                                     | -   |        | add_ln813_2712 | add | fabric | 0       |
|       add_ln813_2713_fu_9146511_p2                                     | -   |        | add_ln813_2713 | add | fabric | 0       |
|       add_ln813_2714_fu_9146521_p2                                     | -   |        | add_ln813_2714 | add | fabric | 0       |
|       add_ln813_2715_fu_9151396_p2                                     | -   |        | add_ln813_2715 | add | fabric | 0       |
|       add_ln813_2717_fu_9146527_p2                                     | -   |        | add_ln813_2717 | add | fabric | 0       |
|       add_ln813_2718_fu_9146537_p2                                     | -   |        | add_ln813_2718 | add | fabric | 0       |
|       add_ln813_2719_fu_9146547_p2                                     | -   |        | add_ln813_2719 | add | fabric | 0       |
|       add_ln813_2720_fu_9146553_p2                                     | -   |        | add_ln813_2720 | add | fabric | 0       |
|       add_ln813_2721_fu_9146563_p2                                     | -   |        | add_ln813_2721 | add | fabric | 0       |
|       add_ln813_2722_fu_9146573_p2                                     | -   |        | add_ln813_2722 | add | fabric | 0       |
|       add_ln813_2724_fu_9146579_p2                                     | -   |        | add_ln813_2724 | add | fabric | 0       |
|       add_ln813_2725_fu_9146589_p2                                     | -   |        | add_ln813_2725 | add | fabric | 0       |
|       add_ln813_2726_fu_9146599_p2                                     | -   |        | add_ln813_2726 | add | fabric | 0       |
|       add_ln813_2727_fu_9146609_p2                                     | -   |        | add_ln813_2727 | add | fabric | 0       |
|       add_ln813_2728_fu_9146619_p2                                     | -   |        | add_ln813_2728 | add | fabric | 0       |
|       add_ln813_2729_fu_9146629_p2                                     | -   |        | add_ln813_2729 | add | fabric | 0       |
|       add_ln813_2730_fu_9146639_p2                                     | -   |        | add_ln813_2730 | add | fabric | 0       |
|     + dense_latency_ap_fixed_16_6_5_3_0_ap_fixed_16_6_5_3_0_config8_s  | 0   |        |                |     |        |         |
|       mul_16s_7ns_23_1_0_U2590                                         | -   |        | r_V            | mul | fabric | 0       |
|       mul_16s_7ns_23_1_0_U2156                                         | -   |        | r_V_5          | mul | fabric | 0       |
|       mul_16s_9ns_25_1_0_U2358                                         | -   |        | r_V_6          | mul | fabric | 0       |
|       r_V_7_fu_2529853_p2                                              | -   |        | r_V_7          | sub | fabric | 0       |
|       r_V_8_fu_2529873_p2                                              | -   |        | r_V_8          | sub | fabric | 0       |
|       mul_16s_6ns_22_1_0_U2548                                         | -   |        | r_V_9          | mul | fabric | 0       |
|       mul_16s_9ns_25_1_0_U2594                                         | -   |        | r_V_10         | mul | fabric | 0       |
|       mul_16s_9s_25_1_0_U2503                                          | -   |        | r_V_11         | mul | fabric | 0       |
|       mul_16s_9s_25_1_0_U2413                                          | -   |        | r_V_12         | mul | fabric | 0       |
|       mul_16s_8ns_24_1_0_U2545                                         | -   |        | r_V_13         | mul | fabric | 0       |
|       mul_16s_9ns_25_1_0_U2546                                         | -   |        | r_V_14         | mul | fabric | 0       |
|       mul_16s_10s_26_1_0_U2307                                         | -   |        | r_V_15         | mul | fabric | 0       |
|       r_V_16_fu_2530011_p2                                             | -   |        | r_V_16         | sub | fabric | 0       |
|       mul_16s_8ns_24_1_0_U2547                                         | -   |        | r_V_17         | mul | fabric | 0       |
|       r_V_18_fu_2530057_p2                                             | -   |        | r_V_18         | sub | fabric | 0       |
|       mul_16s_9ns_25_1_0_U2068                                         | -   |        | r_V_19         | mul | fabric | 0       |
|       r_V_20_fu_2530099_p2                                             | -   |        | r_V_20         | sub | fabric | 0       |
|       mul_16s_10ns_26_1_0_U2562                                        | -   |        | r_V_21         | mul | fabric | 0       |
|       mul_16s_10ns_26_1_0_U2321                                        | -   |        | r_V_22         | mul | fabric | 0       |
|       mul_16s_10ns_26_1_0_U2430                                        | -   |        | r_V_23         | mul | fabric | 0       |
|       mul_16s_10s_26_1_0_U2179                                         | -   |        | r_V_24         | mul | fabric | 0       |
|       mul_16s_9ns_25_1_0_U2258                                         | -   |        | r_V_25         | mul | fabric | 0       |
|       mul_16s_10ns_26_1_0_U2453                                        | -   |        | r_V_26         | mul | fabric | 0       |
|       mul_16s_9ns_25_1_0_U2178                                         | -   |        | r_V_27         | mul | fabric | 0       |
|       r_V_29_fu_2530311_p2                                             | -   |        | r_V_29         | sub | fabric | 0       |
|       mul_16s_10ns_26_1_0_U2330                                        | -   |        | r_V_30         | mul | fabric | 0       |
|       mul_16s_9ns_25_1_0_U2464                                         | -   |        | r_V_31         | mul | fabric | 0       |
|       r_V_32_fu_2530355_p2                                             | -   |        | r_V_32         | sub | fabric | 0       |
|       mul_16s_8ns_24_1_0_U2206                                         | -   |        | r_V_33         | mul | fabric | 0       |
|       mul_16s_10ns_26_1_0_U2339                                        | -   |        | r_V_34         | mul | fabric | 0       |
|       mul_16s_10ns_26_1_0_U2472                                        | -   |        | r_V_35         | mul | fabric | 0       |
|       mul_16s_11s_26_1_0_U2212                                         | -   |        | mul_ln1270     | mul | fabric | 0       |
|       mul_16s_8s_24_1_0_U2346                                          | -   |        | r_V_36         | mul | fabric | 0       |
|       mul_16s_7ns_23_1_0_U2356                                         | -   |        | r_V_37         | mul | fabric | 0       |
|       r_V_38_fu_2530447_p2                                             | -   |        | r_V_38         | add | fabric | 0       |
|       mul_16s_9ns_25_1_0_U2357                                         | -   |        | r_V_39         | mul | fabric | 0       |
|       mul_16s_8ns_24_1_0_U2242                                         | -   |        | r_V_40         | mul | fabric | 0       |
|       r_V_41_fu_2530533_p2                                             | -   |        | r_V_41         | add | fabric | 0       |
|       mul_16s_8ns_24_1_0_U2451                                         | -   |        | r_V_42         | mul | fabric | 0       |
|       mul_16s_7s_23_1_0_U2452                                          | -   |        | r_V_43         | mul | fabric | 0       |
|       mul_16s_10s_26_1_0_U2361                                         | -   |        | r_V_44         | mul | fabric | 0       |
|       r_V_46_fu_2530625_p2                                             | -   |        | r_V_46         | sub | fabric | 0       |
|       mul_16s_9s_25_1_0_U2454                                          | -   |        | r_V_47         | mul | fabric | 0       |
|       mul_16s_10s_26_1_0_U2455                                         | -   |        | r_V_48         | mul | fabric | 0       |
|       mul_16s_9s_25_1_0_U2248                                          | -   |        | r_V_49         | mul | fabric | 0       |
|       mul_16s_9s_25_1_0_U2160                                          | -   |        | r_V_50         | mul | fabric | 0       |
|       mul_16s_9s_25_1_0_U2541                                          | -   |        | r_V_51         | mul | fabric | 0       |
|       mul_16s_10s_26_1_0_U2583                                         | -   |        | r_V_52         | mul | fabric | 0       |
|       mul_16s_10ns_26_1_0_U2063                                        | -   |        | r_V_53         | mul | fabric | 0       |
|       mul_16s_11s_26_1_0_U2303                                         | -   |        | mul_ln1270_5   | mul | fabric | 0       |
|       mul_16s_11s_26_1_0_U2408                                         | -   |        | mul_ln1270_6   | mul | fabric | 0       |
|       mul_16s_10ns_26_1_0_U2157                                        | -   |        | r_V_54         | mul | fabric | 0       |
|       mul_16s_9ns_25_1_0_U2635                                         | -   |        | r_V_55         | mul | fabric | 0       |
|       mul_16s_8ns_24_1_0_U2040                                         | -   |        | r_V_56         | mul | fabric | 0       |
|       mul_16s_11s_26_1_0_U2549                                         | -   |        | mul_ln1270_7   | mul | fabric | 0       |
|       mul_16s_10ns_26_1_0_U2287                                        | -   |        | r_V_57         | mul | fabric | 0       |
|       mul_16s_6ns_22_1_0_U2433                                         | -   |        | r_V_58         | mul | fabric | 0       |
|       mul_16s_9s_25_1_0_U2165                                          | -   |        | r_V_59         | mul | fabric | 0       |
|       mul_16s_10ns_26_1_0_U2167                                        | -   |        | r_V_60         | mul | fabric | 0       |
|       r_V_61_fu_2530895_p2                                             | -   |        | r_V_61         | sub | fabric | 0       |
|       mul_16s_11s_26_1_0_U2432                                         | -   |        | mul_ln1270_8   | mul | fabric | 0       |
|       mul_16s_10ns_26_1_0_U2171                                        | -   |        | r_V_62         | mul | fabric | 0       |
|       mul_16s_11s_26_1_0_U2298                                         | -   |        | mul_ln1270_9   | mul | fabric | 0       |
|       mul_16s_9s_25_1_0_U2443                                          | -   |        | r_V_63         | mul | fabric | 0       |
|       mul_16s_11ns_26_1_0_U2180                                        | -   |        | mul_ln1270_10  | mul | fabric | 0       |
|       mul_16s_11ns_26_1_0_U2401                                        | -   |        | mul_ln1270_11  | mul | fabric | 0       |
|       mul_16s_9ns_25_1_0_U2190                                         | -   |        | r_V_64         | mul | fabric | 0       |
|       mul_16s_11s_26_1_0_U2487                                         | -   |        | mul_ln1270_12  | mul | fabric | 0       |
|       mul_16s_10s_26_1_0_U2192                                         | -   |        | r_V_65         | mul | fabric | 0       |
|       mul_16s_10s_26_1_0_U2291                                         | -   |        | r_V_66         | mul | fabric | 0       |
|       r_V_67_fu_2531035_p2                                             | -   |        | r_V_67         | sub | fabric | 0       |
|       r_V_68_fu_2531055_p2                                             | -   |        | r_V_68         | sub | fabric | 0       |
|       mul_16s_11s_26_1_0_U2193                                         | -   |        | mul_ln1270_13  | mul | fabric | 0       |
|       mul_16s_11s_26_1_0_U2194                                         | -   |        | mul_ln1270_14  | mul | fabric | 0       |
|       mul_16s_9ns_25_1_0_U2405                                         | -   |        | r_V_69         | mul | fabric | 0       |
|       mul_16s_10ns_26_1_0_U2147                                        | -   |        | r_V_70         | mul | fabric | 0       |
|       mul_16s_10s_26_1_0_U2535                                         | -   |        | r_V_71         | mul | fabric | 0       |
|       mul_16s_9s_25_1_0_U2295                                          | -   |        | r_V_72         | mul | fabric | 0       |
|       mul_16s_8ns_24_1_0_U2536                                         | -   |        | r_V_73         | mul | fabric | 0       |
|       mul_16s_10s_26_1_0_U2537                                         | -   |        | r_V_74         | mul | fabric | 0       |
|       r_V_75_fu_2531247_p2                                             | -   |        | r_V_75         | add | fabric | 0       |
|       mul_16s_9ns_25_1_0_U2158                                         | -   |        | r_V_76         | mul | fabric | 0       |
|       mul_16s_10s_26_1_0_U2237                                         | -   |        | r_V_77         | mul | fabric | 0       |
|       mul_16s_9ns_25_1_0_U2391                                         | -   |        | r_V_78         | mul | fabric | 0       |
|       mul_16s_9ns_25_1_0_U2518                                         | -   |        | r_V_79         | mul | fabric | 0       |
|       mul_16s_8ns_24_1_0_U2244                                         | -   |        | r_V_80         | mul | fabric | 0       |
|       mul_16s_9ns_25_1_0_U2410                                         | -   |        | r_V_82         | mul | fabric | 0       |
|       r_V_83_fu_2531369_p2                                             | -   |        | r_V_83         | sub | fabric | 0       |
|       mul_16s_6ns_22_1_0_U2150                                         | -   |        | r_V_85         | mul | fabric | 0       |
|       mul_16s_9ns_25_1_0_U2628                                         | -   |        | r_V_86         | mul | fabric | 0       |
|       mul_16s_7ns_23_1_0_U2020                                         | -   |        | r_V_87         | mul | fabric | 0       |
|       mul_16s_10s_26_1_0_U2516                                         | -   |        | r_V_88         | mul | fabric | 0       |
|       mul_16s_8ns_24_1_0_U2260                                         | -   |        | r_V_89         | mul | fabric | 0       |
|       mul_16s_10ns_26_1_0_U2029                                        | -   |        | r_V_90         | mul | fabric | 0       |
|       mul_16s_10ns_26_1_0_U2148                                        | -   |        | r_V_91         | mul | fabric | 0       |
|       mul_16s_10ns_26_1_0_U2267                                        | -   |        | r_V_92         | mul | fabric | 0       |
|       r_V_93_fu_2531523_p2                                             | -   |        | r_V_93         | sub | fabric | 0       |
|       mul_16s_10ns_26_1_0_U2041                                        | -   |        | r_V_94         | mul | fabric | 0       |
|       mul_16s_10ns_26_1_0_U2047                                        | -   |        | r_V_95         | mul | fabric | 0       |
|       mul_16s_10ns_26_1_0_U2048                                        | -   |        | r_V_96         | mul | fabric | 0       |
|       mul_16s_9s_25_1_0_U2577                                          | -   |        | r_V_97         | mul | fabric | 0       |
|       r_V_98_fu_2531587_p2                                             | -   |        | r_V_98         | add | fabric | 0       |
|       mul_16s_8ns_24_1_0_U2050                                         | -   |        | r_V_99         | mul | fabric | 0       |
|       r_V_100_fu_2531676_p2                                            | -   |        | r_V_100        | sub | fabric | 0       |
|       mul_16s_7s_23_1_0_U2145                                          | -   |        | r_V_101        | mul | fabric | 0       |
|       mul_16s_8ns_24_1_0_U2146                                         | -   |        | r_V_102        | mul | fabric | 0       |
|       r_V_103_fu_2531736_p2                                            | -   |        | r_V_103        | sub | fabric | 0       |
|       mul_16s_6ns_22_1_0_U2053                                         | -   |        | r_V_104        | mul | fabric | 0       |
|       mul_16s_8ns_24_1_0_U2054                                         | -   |        | r_V_105        | mul | fabric | 0       |
|       mul_16s_10ns_26_1_0_U2529                                        | -   |        | r_V_106        | mul | fabric | 0       |
|       mul_16s_7ns_23_1_0_U2051                                         | -   |        | r_V_107        | mul | fabric | 0       |
|       mul_16s_5ns_21_1_0_U2442                                         | -   |        | r_V_108        | mul | auto   | 0       |
|       mul_16s_10ns_26_1_0_U2532                                        | -   |        | r_V_109        | mul | fabric | 0       |
|       mul_16s_7ns_23_1_0_U2533                                         | -   |        | r_V_110        | mul | fabric | 0       |
|       mul_16s_7s_23_1_0_U2363                                          | -   |        | r_V_111        | mul | fabric | 0       |
|       mul_16s_9ns_25_1_0_U2107                                         | -   |        | r_V_112        | mul | fabric | 0       |
|       mul_16s_10ns_26_1_0_U2214                                        | -   |        | r_V_113        | mul | fabric | 0       |
|       mul_16s_8ns_24_1_0_U2362                                         | -   |        | r_V_114        | mul | fabric | 0       |
|       r_V_115_fu_2531914_p2                                            | -   |        | r_V_115        | add | fabric | 0       |
|       mul_16s_9s_25_1_0_U2491                                          | -   |        | r_V_116        | mul | fabric | 0       |
|       mul_16s_10s_26_1_0_U2608                                         | -   |        | r_V_117        | mul | fabric | 0       |
|       mul_16s_9ns_25_1_0_U2381                                         | -   |        | r_V_118        | mul | fabric | 0       |
|       mul_16s_8ns_24_1_0_U2117                                         | -   |        | r_V_119        | mul | fabric | 0       |
|       mul_16s_10s_26_1_0_U2614                                         | -   |        | r_V_120        | mul | fabric | 0       |
|       mul_16s_9ns_25_1_0_U2380                                         | -   |        | r_V_121        | mul | fabric | 0       |
|       mul_16s_9ns_25_1_0_U2479                                         | -   |        | r_V_122        | mul | fabric | 0       |
|       mul_16s_8ns_24_1_0_U2622                                         | -   |        | r_V_123        | mul | fabric | 0       |
|       mul_16s_6ns_22_1_0_U2369                                         | -   |        | r_V_124        | mul | fabric | 0       |
|       r_V_125_fu_2532056_p2                                            | -   |        | r_V_125        | sub | fabric | 0       |
|       mul_16s_8ns_24_1_0_U2139                                         | -   |        | r_V_126        | mul | fabric | 0       |
|       mul_16s_7s_23_1_0_U2521                                          | -   |        | r_V_127        | mul | fabric | 0       |
|       r_V_129_fu_2532238_p2                                            | -   |        | r_V_129        | sub | fabric | 0       |
|       mul_16s_9s_25_1_0_U2612                                          | -   |        | r_V_130        | mul | fabric | 0       |
|       mul_16s_8ns_24_1_0_U2275                                         | -   |        | r_V_131        | mul | fabric | 0       |
|       mul_16s_8s_24_1_0_U2438                                          | -   |        | r_V_132        | mul | fabric | 0       |
|       mul_16s_6ns_22_1_0_U2524                                         | -   |        | r_V_133        | mul | fabric | 0       |
|       mul_16s_10ns_26_1_0_U2181                                        | -   |        | r_V_135        | mul | fabric | 0       |
|       mul_16s_9s_25_1_0_U2440                                          | -   |        | r_V_136        | mul | fabric | 0       |
|       mul_16s_9ns_25_1_0_U2526                                         | -   |        | r_V_137        | mul | fabric | 0       |
|       mul_16s_10ns_26_1_0_U2183                                        | -   |        | r_V_138        | mul | fabric | 0       |
|       mul_16s_10ns_26_1_0_U2436                                        | -   |        | r_V_139        | mul | fabric | 0       |
|       mul_16s_10s_26_1_0_U2045                                         | -   |        | r_V_140        | mul | fabric | 0       |
|       mul_16s_10ns_26_1_0_U2283                                        | -   |        | r_V_141        | mul | fabric | 0       |
|       mul_16s_8s_24_1_0_U2341                                          | -   |        | r_V_142        | mul | fabric | 0       |
|       r_V_143_fu_2532452_p2                                            | -   |        | r_V_143        | sub | fabric | 0       |
|       mul_16s_10s_26_1_0_U2285                                         | -   |        | r_V_144        | mul | fabric | 0       |
|       mul_16s_6s_22_1_0_U2557                                          | -   |        | r_V_145        | mul | fabric | 0       |
|       r_V_146_fu_2532520_p2                                            | -   |        | r_V_146        | sub | fabric | 0       |
|       mul_16s_7s_23_1_0_U2278                                          | -   |        | r_V_147        | mul | fabric | 0       |
|       r_V_148_fu_2532554_p2                                            | -   |        | r_V_148        | sub | fabric | 0       |
|       mul_16s_10s_26_1_0_U2426                                         | -   |        | r_V_149        | mul | fabric | 0       |
|       mul_16s_9s_25_1_0_U2182                                          | -   |        | r_V_150        | mul | fabric | 0       |
|       r_V_151_fu_2532650_p2                                            | -   |        | r_V_151        | sub | fabric | 0       |
|       mul_16s_9ns_25_1_0_U2634                                         | -   |        | r_V_152        | mul | fabric | 0       |
|       mul_16s_5s_21_1_0_U2078                                          | -   |        | r_V_153        | mul | auto   | 0       |
|       mul_16s_6ns_22_1_0_U2345                                         | -   |        | r_V_154        | mul | fabric | 0       |
|       mul_16s_8s_24_1_0_U2286                                          | -   |        | r_V_155        | mul | fabric | 0       |
|       r_V_156_fu_2532742_p2                                            | -   |        | r_V_156        | sub | fabric | 0       |
|       mul_16s_6s_22_1_0_U2077                                          | -   |        | r_V_157        | mul | fabric | 0       |
|       mul_16s_10s_26_1_0_U2225                                         | -   |        | r_V_158        | mul | fabric | 0       |
|       mul_16s_11s_26_1_0_U2351                                         | -   |        | mul_ln1270_15  | mul | fabric | 0       |
|       r_V_159_fu_2532808_p2                                            | -   |        | r_V_159        | add | fabric | 0       |
|       mul_16s_10s_26_1_0_U2475                                         | -   |        | r_V_160        | mul | fabric | 0       |
|       r_V_161_fu_2532850_p2                                            | -   |        | r_V_161        | sub | fabric | 0       |
|       r_V_162_fu_2532882_p2                                            | -   |        | r_V_162        | add | fabric | 0       |
|       mul_16s_8ns_24_1_0_U2208                                         | -   |        | r_V_163        | mul | fabric | 0       |
|       mul_16s_9ns_25_1_0_U2564                                         | -   |        | r_V_164        | mul | fabric | 0       |
|       mul_16s_11s_26_1_0_U2219                                         | -   |        | mul_ln1270_16  | mul | fabric | 0       |
|       mul_16s_6s_22_1_0_U2036                                          | -   |        | r_V_165        | mul | fabric | 0       |
|       mul_16s_9ns_25_1_0_U2221                                         | -   |        | r_V_166        | mul | fabric | 0       |
|       mul_16s_9s_25_1_0_U2567                                          | -   |        | r_V_167        | mul | fabric | 0       |
|       mul_16s_10s_26_1_0_U2568                                         | -   |        | r_V_168        | mul | fabric | 0       |
|       mul_16s_7ns_23_1_0_U2039                                         | -   |        | r_V_169        | mul | fabric | 0       |
|       mul_16s_9s_25_1_0_U2569                                          | -   |        | r_V_170        | mul | fabric | 0       |
|       mul_16s_5ns_21_1_0_U2570                                         | -   |        | r_V_171        | mul | auto   | 0       |
|       mul_16s_11s_26_1_0_U2566                                         | -   |        | mul_ln1270_17  | mul | fabric | 0       |
|       mul_16s_10s_26_1_0_U2176                                         | -   |        | r_V_172        | mul | fabric | 0       |
|       mul_16s_9ns_25_1_0_U2431                                         | -   |        | r_V_173        | mul | fabric | 0       |
|       r_V_174_fu_2533125_p2                                            | -   |        | r_V_174        | sub | fabric | 0       |
|       mul_16s_12s_26_1_0_U2509                                         | -   |        | mul_ln1270_18  | mul | fabric | 0       |
|       r_V_175_fu_2533155_p2                                            | -   |        | r_V_175        | sub | fabric | 0       |
|       mul_16s_9ns_25_1_0_U2338                                         | -   |        | r_V_176        | mul | fabric | 0       |
|       mul_16s_9s_25_1_0_U2605                                          | -   |        | r_V_177        | mul | fabric | 0       |
|       mul_16s_7ns_23_1_0_U2359                                         | -   |        | r_V_178        | mul | fabric | 0       |
|       mul_16s_10s_26_1_0_U2131                                         | -   |        | r_V_179        | mul | fabric | 0       |
|       r_V_180_fu_2533239_p2                                            | -   |        | r_V_180        | add | fabric | 0       |
|       mul_16s_11s_26_1_0_U2262                                         | -   |        | mul_ln1270_19  | mul | fabric | 0       |
|       mul_16s_5ns_21_1_0_U2031                                         | -   |        | r_V_181        | mul | auto   | 0       |
|       r_V_182_fu_2533307_p2                                            | -   |        | r_V_182        | add | fabric | 0       |
|       r_V_183_fu_2533339_p2                                            | -   |        | r_V_183        | sub | fabric | 0       |
|       mul_16s_7s_23_1_0_U2530                                          | -   |        | r_V_184        | mul | fabric | 0       |
|       mul_16s_12s_26_1_0_U2269                                         | -   |        | mul_ln1270_20  | mul | fabric | 0       |
|       r_V_185_fu_2533383_p2                                            | -   |        | r_V_185        | sub | fabric | 0       |
|       r_V_186_fu_2533415_p2                                            | -   |        | r_V_186        | sub | fabric | 0       |
|       mul_16s_9ns_25_1_0_U2423                                         | -   |        | r_V_187        | mul | fabric | 0       |
|       mul_16s_8s_24_1_0_U2510                                          | -   |        | r_V_188        | mul | fabric | 0       |
|       mul_16s_7ns_23_1_0_U2280                                         | -   |        | r_V_189        | mul | fabric | 0       |
|       mul_16s_11s_26_1_0_U2042                                         | -   |        | mul_ln1270_21  | mul | fabric | 0       |
|       mul_16s_9ns_25_1_0_U2551                                         | -   |        | r_V_190        | mul | fabric | 0       |
|       mul_16s_11s_26_1_0_U2289                                         | -   |        | mul_ln1270_22  | mul | fabric | 0       |
|       mul_16s_9s_25_1_0_U2435                                          | -   |        | r_V_191        | mul | fabric | 0       |
|       mul_16s_7ns_23_1_0_U2514                                         | -   |        | r_V_192        | mul | fabric | 0       |
|       mul_16s_7s_23_1_0_U2601                                          | -   |        | r_V_193        | mul | fabric | 0       |
|       mul_16s_9ns_25_1_0_U2602                                         | -   |        | r_V_194        | mul | fabric | 0       |
|       mul_16s_10ns_26_1_0_U2603                                        | -   |        | r_V_195        | mul | fabric | 0       |
|       r_V_200_fu_2533633_p2                                            | -   |        | r_V_200        | sub | fabric | 0       |
|       r_V_196_fu_2533655_p2                                            | -   |        | r_V_196        | sub | fabric | 0       |
|       mul_16s_9s_25_1_0_U2168                                          | -   |        | r_V_197        | mul | fabric | 0       |
|       mul_16s_9s_25_1_0_U2604                                          | -   |        | r_V_198        | mul | fabric | 0       |
|       mul_16s_9ns_25_1_0_U2081                                         | -   |        | r_V_199        | mul | fabric | 0       |
|       mul_16s_7s_23_1_0_U2082                                          | -   |        | r_V_201        | mul | fabric | 0       |
|       mul_16s_9ns_25_1_0_U2083                                         | -   |        | r_V_202        | mul | fabric | 0       |
|       mul_16s_9ns_25_1_0_U2084                                         | -   |        | r_V_203        | mul | fabric | 0       |
|       mul_16s_10s_26_1_0_U2470                                         | -   |        | r_V_204        | mul | fabric | 0       |
|       mul_16s_8ns_24_1_0_U2471                                         | -   |        | r_V_205        | mul | fabric | 0       |
|       mul_16s_6ns_22_1_0_U2217                                         | -   |        | r_V_206        | mul | fabric | 0       |
|       mul_16s_9s_25_1_0_U2334                                          | -   |        | r_V_207        | mul | fabric | 0       |
|       mul_16s_10ns_26_1_0_U2474                                        | -   |        | r_V_208        | mul | fabric | 0       |
|       r_V_209_fu_2533873_p2                                            | -   |        | r_V_209        | sub | fabric | 0       |
|       mul_16s_8s_24_1_0_U2596                                          | -   |        | r_V_210        | mul | fabric | 0       |
|       mul_16s_9s_25_1_0_U2349                                          | -   |        | r_V_211        | mul | fabric | 0       |
|       r_V_212_fu_2533929_p2                                            | -   |        | r_V_212        | add | fabric | 0       |
|       r_V_214_fu_2533975_p2                                            | -   |        | r_V_214        | sub | fabric | 0       |
|       r_V_216_fu_2534041_p2                                            | -   |        | r_V_216        | sub | fabric | 0       |
|       mul_16s_9s_25_1_0_U2480                                          | -   |        | r_V_217        | mul | fabric | 0       |
|       mul_16s_10ns_26_1_0_U2229                                        | -   |        | r_V_218        | mul | fabric | 0       |
|       mul_16s_7ns_23_1_0_U2371                                         | -   |        | r_V_219        | mul | fabric | 0       |
|       mul_16s_7s_23_1_0_U2105                                          | -   |        | r_V_220        | mul | fabric | 0       |
|       r_V_221_fu_2534109_p2                                            | -   |        | r_V_221        | sub | fabric | 0       |
|       mul_16s_10s_26_1_0_U2228                                         | -   |        | r_V_222        | mul | fabric | 0       |
|       mul_16s_7s_23_1_0_U2347                                          | -   |        | r_V_223        | mul | fabric | 0       |
|       mul_16s_8s_24_1_0_U2116                                          | -   |        | r_V_224        | mul | fabric | 0       |
|       mul_16s_10ns_26_1_0_U2246                                        | -   |        | r_V_225        | mul | fabric | 0       |
|       mul_16s_11s_26_1_0_U2386                                         | -   |        | mul_ln1270_23  | mul | fabric | 0       |
|       mul_16s_9ns_25_1_0_U2507                                         | -   |        | r_V_227        | mul | fabric | 0       |
|       mul_16s_10s_26_1_0_U2621                                         | -   |        | r_V_228        | mul | fabric | 0       |
|       r_V_229_fu_2534320_p2                                            | -   |        | r_V_229        | sub | fabric | 0       |
|       mul_16s_6ns_22_1_0_U2121                                         | -   |        | r_V_230        | mul | fabric | 0       |
|       mul_16s_10s_26_1_0_U2122                                         | -   |        | r_V_231        | mul | fabric | 0       |
|       mul_16s_6ns_22_1_0_U2123                                         | -   |        | r_V_232        | mul | fabric | 0       |
|       r_V_233_fu_2534378_p2                                            | -   |        | r_V_233        | sub | fabric | 0       |
|       mul_16s_10s_26_1_0_U2027                                         | -   |        | r_V_234        | mul | fabric | 0       |
|       mul_16s_11s_26_1_0_U2124                                         | -   |        | mul_ln1270_24  | mul | fabric | 0       |
|       mul_16s_9ns_25_1_0_U2558                                         | -   |        | r_V_235        | mul | fabric | 0       |
|       mul_16s_10ns_26_1_0_U2559                                        | -   |        | r_V_236        | mul | fabric | 0       |
|       r_V_237_fu_2534442_p2                                            | -   |        | r_V_237        | add | fabric | 0       |
|       mul_16s_9s_25_1_0_U2125                                          | -   |        | r_V_238        | mul | fabric | 0       |
|       r_V_239_fu_2534476_p2                                            | -   |        | r_V_239        | add | fabric | 0       |
|       mul_16s_10s_26_1_0_U2032                                         | -   |        | r_V_240        | mul | fabric | 0       |
|       r_V_241_fu_2534506_p2                                            | -   |        | r_V_241        | sub | fabric | 0       |
|       mul_16s_9s_25_1_0_U2600                                          | -   |        | r_V_242        | mul | fabric | 0       |
|       mul_16s_10s_26_1_0_U2467                                         | -   |        | r_V_243        | mul | fabric | 0       |
|       mul_16s_10s_26_1_0_U2468                                         | -   |        | r_V_244        | mul | fabric | 0       |
|       r_V_245_fu_2534572_p2                                            | -   |        | r_V_245        | sub | fabric | 0       |
|       mul_16s_10ns_26_1_0_U2469                                        | -   |        | r_V_246        | mul | fabric | 0       |
|       mul_16s_8ns_24_1_0_U2079                                         | -   |        | r_V_248        | mul | fabric | 0       |
|       mul_16s_8ns_24_1_0_U2288                                         | -   |        | r_V_249        | mul | fabric | 0       |
|       mul_16s_8s_24_1_0_U2434                                          | -   |        | r_V_250        | mul | fabric | 0       |
|       mul_16s_9ns_25_1_0_U2556                                         | -   |        | r_V_251        | mul | fabric | 0       |
|       mul_16s_10ns_26_1_0_U2277                                        | -   |        | r_V_252        | mul | fabric | 0       |
|       r_V_253_fu_2534756_p2                                            | -   |        | r_V_253        | sub | fabric | 0       |
|       mul_16s_11ns_26_1_0_U2456                                        | -   |        | mul_ln1270_25  | mul | fabric | 0       |
|       mul_16s_9ns_25_1_0_U2563                                         | -   |        | r_V_254        | mul | fabric | 0       |
|       r_V_255_fu_2534812_p2                                            | -   |        | r_V_255        | sub | fabric | 0       |
|       mul_16s_9ns_25_1_0_U2323                                         | -   |        | r_V_256        | mul | fabric | 0       |
|       mul_16s_8ns_24_1_0_U2052                                         | -   |        | r_V_257        | mul | fabric | 0       |
|       mul_16s_8ns_24_1_0_U2185                                         | -   |        | r_V_258        | mul | fabric | 0       |
|       r_V_259_fu_2534906_p2                                            | -   |        | r_V_259        | sub | fabric | 0       |
|       mul_16s_10ns_26_1_0_U2333                                        | -   |        | r_V_260        | mul | fabric | 0       |
|       mul_16s_11ns_26_1_0_U2466                                        | -   |        | mul_ln1270_26  | mul | fabric | 0       |
|       mul_16s_11s_26_1_0_U2578                                         | -   |        | mul_ln1270_27  | mul | fabric | 0       |
|       mul_16s_9ns_25_1_0_U2332                                         | -   |        | r_V_262        | mul | fabric | 0       |
|       r_V_263_fu_2535022_p2                                            | -   |        | r_V_263        | sub | fabric | 0       |
|       mul_16s_9ns_25_1_0_U2465                                         | -   |        | r_V_264        | mul | fabric | 0       |
|       mul_16s_9ns_25_1_0_U2070                                         | -   |        | r_V_265        | mul | fabric | 0       |
|       mul_16s_10ns_26_1_0_U2071                                        | -   |        | r_V_266        | mul | fabric | 0       |
|       r_V_267_fu_2535080_p2                                            | -   |        | r_V_267        | add | fabric | 0       |
|       r_V_268_fu_2535112_p2                                            | -   |        | r_V_268        | sub | fabric | 0       |
|       mul_16s_10s_26_1_0_U2072                                         | -   |        | r_V_269        | mul | fabric | 0       |
|       mul_16s_8ns_24_1_0_U2073                                         | -   |        | r_V_271        | mul | fabric | 0       |
|       mul_16s_9s_25_1_0_U2074                                          | -   |        | r_V_272        | mul | fabric | 0       |
|       mul_16s_6ns_22_1_0_U2161                                         | -   |        | r_V_273        | mul | fabric | 0       |
|       mul_16s_7ns_23_1_0_U2076                                         | -   |        | r_V_274        | mul | fabric | 0       |
|       mul_16s_10ns_26_1_0_U2163                                        | -   |        | r_V_275        | mul | fabric | 0       |
|       mul_16s_8s_24_1_0_U2598                                          | -   |        | r_V_276        | mul | fabric | 0       |
|       r_V_277_fu_2535290_p2                                            | -   |        | r_V_277        | sub | fabric | 0       |
|       r_V_278_fu_2535342_p2                                            | -   |        | r_V_278        | sub | fabric | 0       |
|       mul_16s_8s_24_1_0_U2506                                          | -   |        | r_V_279        | mul | fabric | 0       |
|       mul_16s_11s_26_1_0_U2211                                         | -   |        | mul_ln1270_28  | mul | fabric | 0       |
|       mul_16s_9ns_25_1_0_U2375                                         | -   |        | r_V_281        | mul | fabric | 0       |
|       r_V_282_fu_2535454_p2                                            | -   |        | r_V_282        | sub | fabric | 0       |
|       mul_16s_8ns_24_1_0_U2376                                         | -   |        | r_V_283        | mul | fabric | 0       |
|       mul_16s_10s_26_1_0_U2403                                         | -   |        | r_V_284        | mul | fabric | 0       |
|       mul_16s_9ns_25_1_0_U2511                                         | -   |        | r_V_285        | mul | fabric | 0       |
|       r_V_286_fu_2535524_p2                                            | -   |        | r_V_286        | sub | fabric | 0       |
|       mul_16s_9ns_25_1_0_U2255                                         | -   |        | r_V_287        | mul | fabric | 0       |
|       mul_16s_6s_22_1_0_U2021                                          | -   |        | r_V_288        | mul | fabric | 0       |
|       r_V_289_fu_2535598_p2                                            | -   |        | r_V_289        | sub | fabric | 0       |
|       r_V_290_fu_2535618_p2                                            | -   |        | r_V_290        | sub | fabric | 0       |
|       mul_16s_9ns_25_1_0_U2138                                         | -   |        | r_V_291        | mul | fabric | 0       |
|       mul_16s_9ns_25_1_0_U2243                                         | -   |        | r_V_292        | mul | fabric | 0       |
|       mul_16s_10ns_26_1_0_U2409                                        | -   |        | r_V_293        | mul | fabric | 0       |
|       mul_16s_9ns_25_1_0_U2159                                         | -   |        | r_V_294        | mul | fabric | 0       |
|       r_V_295_fu_2535686_p2                                            | -   |        | r_V_295        | sub | fabric | 0       |
|       mul_16s_10ns_26_1_0_U2137                                        | -   |        | r_V_296        | mul | fabric | 0       |
|       mul_16s_10ns_26_1_0_U2422                                        | -   |        | r_V_297        | mul | fabric | 0       |
|       r_V_298_fu_2535801_p2                                            | -   |        | r_V_298        | sub | fabric | 0       |
|       r_V_299_fu_2535833_p2                                            | -   |        | r_V_299        | sub | fabric | 0       |
|       r_V_300_fu_2535877_p2                                            | -   |        | r_V_300        | sub | fabric | 0       |
|       r_V_301_fu_2535897_p2                                            | -   |        | r_V_301        | sub | fabric | 0       |
|       mul_16s_9s_25_1_0_U2540                                          | -   |        | r_V_302        | mul | fabric | 0       |
|       mul_16s_9ns_25_1_0_U2626                                         | -   |        | r_V_303        | mul | fabric | 0       |
|       mul_16s_9s_25_1_0_U2028                                          | -   |        | r_V_304        | mul | fabric | 0       |
|       mul_16s_7ns_23_1_0_U2550                                         | -   |        | r_V_305        | mul | fabric | 0       |
|       mul_16s_9ns_25_1_0_U2582                                         | -   |        | r_V_306        | mul | fabric | 0       |
|       mul_16s_9ns_25_1_0_U2106                                         | -   |        | r_V_307        | mul | fabric | 0       |
|       mul_16s_7ns_23_1_0_U2584                                         | -   |        | r_V_308        | mul | fabric | 0       |
|       r_V_309_fu_2536011_p2                                            | -   |        | r_V_309        | sub | fabric | 0       |
|       mul_16s_7s_23_1_0_U2632                                          | -   |        | r_V_310        | mul | fabric | 0       |
|       mul_16s_9ns_25_1_0_U2109                                         | -   |        | r_V_311        | mul | fabric | 0       |
|       mul_16s_9s_25_1_0_U2633                                          | -   |        | r_V_312        | mul | fabric | 0       |
|       r_V_313_fu_2536073_p2                                            | -   |        | r_V_313        | add | fabric | 0       |
|       mul_16s_6s_22_1_0_U2110                                          | -   |        | r_V_314        | mul | fabric | 0       |
|       mul_16s_11s_26_1_0_U2111                                         | -   |        | mul_ln1270_29  | mul | fabric | 0       |
|       mul_16s_7ns_23_1_0_U2306                                         | -   |        | r_V_315        | mul | fabric | 0       |
|       mul_16s_9ns_25_1_0_U2501                                         | -   |        | r_V_316        | mul | fabric | 0       |
|       mul_16s_10s_26_1_0_U2502                                         | -   |        | r_V_317        | mul | fabric | 0       |
|       mul_16s_7s_23_1_0_U2368                                          | -   |        | r_V_318        | mul | fabric | 0       |
|       mul_16s_9s_25_1_0_U2112                                          | -   |        | r_V_319        | mul | fabric | 0       |
|       mul_16s_9s_25_1_0_U2113                                          | -   |        | r_V_320        | mul | fabric | 0       |
|       mul_16s_11s_26_1_0_U2571                                         | -   |        | mul_ln1270_30  | mul | fabric | 0       |
|       mul_16s_9s_25_1_0_U2310                                          | -   |        | r_V_321        | mul | fabric | 0       |
|       r_V_322_fu_2536295_p2                                            | -   |        | r_V_322        | sub | fabric | 0       |
|       mul_16s_6s_22_1_0_U2097                                          | -   |        | r_V_323        | mul | fabric | 0       |
|       mul_16s_9s_25_1_0_U2213                                          | -   |        | r_V_324        | mul | fabric | 0       |
|       mul_16s_9ns_25_1_0_U2348                                         | -   |        | r_V_325        | mul | fabric | 0       |
|       mul_16s_8ns_24_1_0_U2490                                         | -   |        | r_V_326        | mul | fabric | 0       |
|       r_V_327_fu_2536395_p2                                            | -   |        | r_V_327        | sub | fabric | 0       |
|       mul_16s_9ns_25_1_0_U2607                                         | -   |        | r_V_328        | mul | fabric | 0       |
|       mul_16s_8s_24_1_0_U2370                                          | -   |        | r_V_329        | mul | fabric | 0       |
|       mul_16s_5s_21_1_0_U2496                                          | -   |        | r_V_330        | mul | auto   | 0       |
|       mul_16s_9ns_25_1_0_U2606                                         | -   |        | r_V_331        | mul | fabric | 0       |
|       mul_16s_9s_25_1_0_U2379                                          | -   |        | r_V_332        | mul | fabric | 0       |
|       mul_16s_10ns_26_1_0_U2115                                        | -   |        | r_V_333        | mul | fabric | 0       |
|       mul_16s_8ns_24_1_0_U2245                                         | -   |        | r_V_334        | mul | fabric | 0       |
|       mul_16s_9s_25_1_0_U2385                                          | -   |        | r_V_335        | mul | fabric | 0       |
|       mul_16s_9s_25_1_0_U2114                                          | -   |        | r_V_336        | mul | fabric | 0       |
|       mul_16s_10s_26_1_0_U2585                                         | -   |        | r_V_337        | mul | fabric | 0       |
|       mul_16s_8s_24_1_0_U2586                                          | -   |        | r_V_338        | mul | fabric | 0       |
|       mul_16s_8ns_24_1_0_U2587                                         | -   |        | r_V_339        | mul | fabric | 0       |
|       r_V_340_fu_2536609_p2                                            | -   |        | r_V_340        | add | fabric | 0       |
|       mul_16s_10ns_26_1_0_U2588                                        | -   |        | r_V_341        | mul | fabric | 0       |
|       mul_16s_10ns_26_1_0_U2589                                        | -   |        | r_V_342        | mul | fabric | 0       |
|       r_V_343_fu_2536663_p2                                            | -   |        | r_V_343        | sub | fabric | 0       |
|       mul_16s_10ns_26_1_0_U2062                                        | -   |        | r_V_344        | mul | fabric | 0       |
|       mul_16s_9ns_25_1_0_U2591                                         | -   |        | r_V_345        | mul | fabric | 0       |
|       mul_16s_7ns_23_1_0_U2064                                         | -   |        | r_V_346        | mul | fabric | 0       |
|       mul_16s_10ns_26_1_0_U2495                                        | -   |        | r_V_347        | mul | fabric | 0       |
|       mul_16s_9ns_25_1_0_U2407                                         | -   |        | r_V_348        | mul | fabric | 0       |
|       mul_16s_9ns_25_1_0_U2204                                         | -   |        | r_V_349        | mul | fabric | 0       |
|       mul_16s_10s_26_1_0_U2498                                         | -   |        | r_V_350        | mul | fabric | 0       |
|       mul_16s_11s_26_1_0_U2366                                         | -   |        | mul_ln1270_31  | mul | fabric | 0       |
|       r_V_351_fu_2536837_p2                                            | -   |        | r_V_351        | sub | fabric | 0       |
|       mul_16s_11s_26_1_0_U2445                                         | -   |        | mul_ln1270_32  | mul | fabric | 0       |
|       mul_16s_9ns_25_1_0_U2573                                         | -   |        | r_V_352        | mul | fabric | 0       |
|       mul_16s_8s_24_1_0_U2324                                          | -   |        | r_V_353        | mul | fabric | 0       |
|       r_V_354_fu_2536895_p2                                            | -   |        | r_V_354        | sub | fabric | 0       |
|       mul_16s_9s_25_1_0_U2462                                          | -   |        | r_V_355        | mul | fabric | 0       |
|       mul_16s_6ns_22_1_0_U2202                                         | -   |        | r_V_356        | mul | fabric | 0       |
|       mul_16s_9ns_25_1_0_U2299                                         | -   |        | r_V_357        | mul | fabric | 0       |
|       mul_16s_9ns_25_1_0_U2461                                         | -   |        | r_V_358        | mul | fabric | 0       |
|       mul_16s_8s_24_1_0_U2209                                          | -   |        | r_V_359        | mul | fabric | 0       |
|       mul_16s_9ns_25_1_0_U2322                                         | -   |        | r_V_360        | mul | fabric | 0       |
|       mul_16s_10s_26_1_0_U2085                                         | -   |        | r_V_361        | mul | fabric | 0       |
|       mul_16s_9ns_25_1_0_U2597                                         | -   |        | r_V_362        | mul | fabric | 0       |
|       mul_16s_10ns_26_1_0_U2350                                        | -   |        | r_V_363        | mul | fabric | 0       |
|       mul_16s_10ns_26_1_0_U2098                                        | -   |        | r_V_364        | mul | fabric | 0       |
|       mul_16s_11s_26_1_0_U2207                                         | -   |        | mul_ln1270_33  | mul | fabric | 0       |
|       mul_16s_10s_26_1_0_U2094                                         | -   |        | r_V_365        | mul | fabric | 0       |
|       mul_16s_10s_26_1_0_U2446                                         | -   |        | r_V_366        | mul | fabric | 0       |
|       mul_16s_10s_26_1_0_U2447                                         | -   |        | r_V_367        | mul | fabric | 0       |
|       mul_16s_10s_26_1_0_U2355                                         | -   |        | r_V_368        | mul | fabric | 0       |
|       mul_16s_8ns_24_1_0_U2448                                         | -   |        | r_V_369        | mul | fabric | 0       |
|       mul_16s_10ns_26_1_0_U2449                                        | -   |        | r_V_370        | mul | fabric | 0       |
|       mul_16s_10s_26_1_0_U2450                                         | -   |        | r_V_371        | mul | fabric | 0       |
|       mul_16s_6s_22_1_0_U2534                                          | -   |        | r_V_372        | mul | fabric | 0       |
|       mul_16s_10ns_26_1_0_U2100                                        | -   |        | r_V_373        | mul | fabric | 0       |
|       mul_16s_10ns_26_1_0_U2493                                        | -   |        | r_V_374        | mul | fabric | 0       |
|       mul_16s_10ns_26_1_0_U2360                                        | -   |        | r_V_375        | mul | fabric | 0       |
|       mul_16s_7ns_23_1_0_U2104                                         | -   |        | r_V_376        | mul | fabric | 0       |
|       r_V_377_fu_2537254_p2                                            | -   |        | r_V_377        | sub | fabric | 0       |
|       mul_16s_10ns_26_1_0_U2494                                        | -   |        | r_V_378        | mul | fabric | 0       |
|       r_V_379_fu_2537296_p2                                            | -   |        | r_V_379        | sub | fabric | 0       |
|       mul_16s_10s_26_1_0_U2241                                         | -   |        | r_V_381        | mul | fabric | 0       |
|       mul_16s_7s_23_1_0_U2270                                          | -   |        | r_V_382        | mul | fabric | 0       |
|       mul_16s_10ns_26_1_0_U2037                                        | -   |        | r_V_383        | mul | fabric | 0       |
|       mul_16s_7s_23_1_0_U2162                                          | -   |        | r_V_384        | mul | fabric | 0       |
|       mul_16s_6s_22_1_0_U2619                                          | -   |        | r_V_385        | mul | fabric | 0       |
|       r_V_386_fu_2537428_p2                                            | -   |        | r_V_386        | sub | fabric | 0       |
|       mul_16s_7s_23_1_0_U2428                                          | -   |        | r_V_387        | mul | fabric | 0       |
|       r_V_388_fu_2537462_p2                                            | -   |        | r_V_388        | sub | fabric | 0       |
|       mul_16s_8s_24_1_0_U2504                                          | -   |        | r_V_389        | mul | fabric | 0       |
|       mul_16s_8s_24_1_0_U2235                                          | -   |        | r_V_390        | mul | fabric | 0       |
|       mul_16s_10ns_26_1_0_U2067                                        | -   |        | r_V_391        | mul | fabric | 0       |
|       mul_16s_10ns_26_1_0_U2172                                        | -   |        | r_V_392        | mul | fabric | 0       |
|       mul_16s_9ns_25_1_0_U2279                                         | -   |        | r_V_393        | mul | fabric | 0       |
|       mul_16s_8s_24_1_0_U2458                                          | -   |        | r_V_394        | mul | fabric | 0       |
|       mul_16s_8ns_24_1_0_U2166                                         | -   |        | r_V_395        | mul | fabric | 0       |
|       mul_16s_8ns_24_1_0_U2314                                         | -   |        | r_V_396        | mul | fabric | 0       |
|       mul_16s_8ns_24_1_0_U2396                                         | -   |        | r_V_397        | mul | fabric | 0       |
|       mul_16s_8s_24_1_0_U2187                                          | -   |        | r_V_398        | mul | fabric | 0       |
|       mul_16s_8s_24_1_0_U2284                                          | -   |        | r_V_399        | mul | fabric | 0       |
|       mul_16s_10ns_26_1_0_U2399                                        | -   |        | r_V_400        | mul | fabric | 0       |
|       mul_16s_10ns_26_1_0_U2188                                        | -   |        | r_V_401        | mul | fabric | 0       |
|       mul_16s_9s_25_1_0_U2189                                          | -   |        | r_V_402        | mul | fabric | 0       |
|       mul_16s_9ns_25_1_0_U2575                                         | -   |        | r_V_403        | mul | fabric | 0       |
|       mul_16s_8s_24_1_0_U2402                                          | -   |        | r_V_404        | mul | fabric | 0       |
|       r_V_405_fu_2537765_p2                                            | -   |        | r_V_405        | sub | fabric | 0       |
|       mul_16s_9ns_25_1_0_U2488                                         | -   |        | r_V_407        | mul | fabric | 0       |
|       mul_16s_7ns_23_1_0_U2489                                         | -   |        | r_V_408        | mul | fabric | 0       |
|       r_V_409_fu_2537891_p2                                            | -   |        | r_V_409        | sub | fabric | 0       |
|       mul_16s_8ns_24_1_0_U2236                                         | -   |        | r_V_410        | mul | fabric | 0       |
|       mul_16s_10s_26_1_0_U2099                                         | -   |        | r_V_411        | mul | fabric | 0       |
|       mul_16s_9ns_25_1_0_U2406                                         | -   |        | r_V_412        | mul | fabric | 0       |
|       mul_16s_7ns_23_1_0_U2101                                         | -   |        | r_V_413        | mul | fabric | 0       |
|       mul_16s_7s_23_1_0_U2102                                          | -   |        | r_V_414        | mul | fabric | 0       |
|       r_V_415_fu_2537985_p2                                            | -   |        | r_V_415        | sub | fabric | 0       |
|       mul_16s_10ns_26_1_0_U2508                                        | -   |        | r_V_416        | mul | fabric | 0       |
|       mul_16s_9s_25_1_0_U2257                                          | -   |        | r_V_418        | mul | fabric | 0       |
|       mul_16s_9ns_25_1_0_U2025                                         | -   |        | r_V_419        | mul | fabric | 0       |
|       r_V_420_fu_2538069_p2                                            | -   |        | r_V_420        | sub | fabric | 0       |
|       mul_16s_8s_24_1_0_U2525                                          | -   |        | r_V_421        | mul | fabric | 0       |
|       mul_16s_6s_22_1_0_U2256                                          | -   |        | r_V_422        | mul | fabric | 0       |
|       r_V_423_fu_2538129_p2                                            | -   |        | r_V_423        | sub | fabric | 0       |
|       r_V_424_fu_2538149_p2                                            | -   |        | r_V_424        | sub | fabric | 0       |
|       mul_16s_7s_23_1_0_U2024                                          | -   |        | r_V_425        | mul | fabric | 0       |
|       mul_16s_9s_25_1_0_U2519                                          | -   |        | r_V_426        | mul | fabric | 0       |
|       mul_16s_8ns_24_1_0_U2272                                         | -   |        | r_V_427        | mul | fabric | 0       |
|       mul_16s_9ns_25_1_0_U2023                                         | -   |        | r_V_429        | mul | fabric | 0       |
|       mul_16s_8ns_24_1_0_U2523                                         | -   |        | r_V_430        | mul | fabric | 0       |
|       r_V_431_fu_2538277_p2                                            | -   |        | r_V_431        | sub | fabric | 0       |
|       mul_16s_10s_26_1_0_U2630                                         | -   |        | r_V_432        | mul | fabric | 0       |
|       r_V_433_fu_2538374_p2                                            | -   |        | r_V_433        | sub | fabric | 0       |
|       r_V_434_fu_2538394_p2                                            | -   |        | r_V_434        | sub | fabric | 0       |
|       mul_16s_9s_25_1_0_U2038                                          | -   |        | r_V_435        | mul | fabric | 0       |
|       mul_16s_6ns_22_1_0_U2543                                         | -   |        | r_V_436        | mul | fabric | 0       |
|       mul_16s_9ns_25_1_0_U2226                                         | -   |        | r_V_437        | mul | fabric | 0       |
|       mul_16s_6ns_22_1_0_U2227                                         | -   |        | r_V_438        | mul | fabric | 0       |
|       mul_16s_8s_24_1_0_U2340                                          | -   |        | r_V_439        | mul | fabric | 0       |
|       mul_16s_9ns_25_1_0_U2140                                         | -   |        | r_V_440        | mul | fabric | 0       |
|       r_V_442_fu_2538548_p2                                            | -   |        | r_V_442        | sub | fabric | 0       |
|       mul_16s_7ns_23_1_0_U2046                                         | -   |        | r_V_443        | mul | fabric | 0       |
|       mul_16s_10ns_26_1_0_U2142                                        | -   |        | r_V_444        | mul | fabric | 0       |
|       mul_16s_8s_24_1_0_U2143                                          | -   |        | r_V_445        | mul | fabric | 0       |
|       mul_16s_10ns_26_1_0_U2049                                        | -   |        | r_V_446        | mul | fabric | 0       |
|       mul_16s_10s_26_1_0_U2144                                         | -   |        | r_V_447        | mul | fabric | 0       |
|       mul_16s_9s_25_1_0_U2231                                          | -   |        | r_V_448        | mul | fabric | 0       |
|       mul_16s_9s_25_1_0_U2232                                          | -   |        | r_V_449        | mul | fabric | 0       |
|       mul_16s_10ns_26_1_0_U2233                                        | -   |        | r_V_450        | mul | fabric | 0       |
|       mul_16s_10ns_26_1_0_U2486                                        | -   |        | r_V_451        | mul | fabric | 0       |
|       mul_16s_8ns_24_1_0_U2234                                         | -   |        | r_V_452        | mul | fabric | 0       |
|       r_V_453_fu_2538727_p2                                            | -   |        | r_V_453        | sub | fabric | 0       |
|       mul_16s_8ns_24_1_0_U2593                                         | -   |        | r_V_454        | mul | fabric | 0       |
|       mul_16s_7s_23_1_0_U2343                                          | -   |        | r_V_455        | mul | fabric | 0       |
|       r_V_456_fu_2538807_p2                                            | -   |        | r_V_456        | add | fabric | 0       |
|       r_V_457_fu_2538839_p2                                            | -   |        | r_V_457        | sub | fabric | 0       |
|       mul_16s_8s_24_1_0_U2483                                          | -   |        | r_V_458        | mul | fabric | 0       |
|       mul_16s_9ns_25_1_0_U2216                                         | -   |        | r_V_459        | mul | fabric | 0       |
|       mul_16s_9ns_25_1_0_U2352                                         | -   |        | r_V_460        | mul | fabric | 0       |
|       mul_16s_9s_25_1_0_U2086                                          | -   |        | r_V_461        | mul | fabric | 0       |
|       r_V_462_fu_2538931_p2                                            | -   |        | r_V_462        | sub | fabric | 0       |
|       mul_16s_9ns_25_1_0_U2579                                         | -   |        | r_V_463        | mul | fabric | 0       |
|       mul_16s_7ns_23_1_0_U2374                                         | -   |        | r_V_464        | mul | fabric | 0       |
|       mul_16s_5ns_21_1_0_U2120                                         | -   |        | r_V_465        | mul | auto   | 0       |
|       mul_16s_8ns_24_1_0_U2609                                         | -   |        | r_V_466        | mul | fabric | 0       |
|       mul_16s_10ns_26_1_0_U2383                                        | -   |        | r_V_467        | mul | fabric | 0       |
|       r_V_468_fu_2539013_p2                                            | -   |        | r_V_468        | sub | fabric | 0       |
|       mul_16s_9s_25_1_0_U2499                                          | -   |        | r_V_469        | mul | fabric | 0       |
|       mul_16s_7ns_23_1_0_U2624                                         | -   |        | r_V_470        | mul | fabric | 0       |
|       mul_16s_6s_22_1_0_U2561                                          | -   |        | r_V_471        | mul | fabric | 0       |
|       mul_16s_8s_24_1_0_U2473                                          | -   |        | r_V_473        | mul | fabric | 0       |
|       mul_16s_7ns_23_1_0_U2174                                         | -   |        | r_V_474        | mul | fabric | 0       |
|       mul_16s_9s_25_1_0_U2175                                          | -   |        | r_V_475        | mul | fabric | 0       |
|       mul_16s_8s_24_1_0_U2389                                          | -   |        | r_V_476        | mul | fabric | 0       |
|       mul_16s_9ns_25_1_0_U2273                                         | -   |        | r_V_477        | mul | fabric | 0       |
|       r_V_478_fu_2539237_p2                                            | -   |        | r_V_478        | sub | fabric | 0       |
|       mul_16s_9s_25_1_0_U2177                                          | -   |        | r_V_479        | mul | fabric | 0       |
|       mul_16s_10s_26_1_0_U2090                                         | -   |        | r_V_480        | mul | fabric | 0       |
|       mul_16s_8s_24_1_0_U2276                                          | -   |        | r_V_481        | mul | fabric | 0       |
|       mul_16s_9s_25_1_0_U2610                                          | -   |        | r_V_482        | mul | fabric | 0       |
|       mul_16s_9ns_25_1_0_U2390                                         | -   |        | r_V_483        | mul | fabric | 0       |
|       mul_16s_9ns_25_1_0_U2136                                         | -   |        | r_V_484        | mul | fabric | 0       |
|       mul_16s_10s_26_1_0_U2520                                         | -   |        | r_V_485        | mul | fabric | 0       |
|       r_V_486_fu_2539343_p2                                            | -   |        | r_V_486        | sub | fabric | 0       |
|       mul_16s_7s_23_1_0_U2613                                          | -   |        | r_V_487        | mul | fabric | 0       |
|       mul_16s_8s_24_1_0_U2274                                          | -   |        | r_V_488        | mul | fabric | 0       |
|       mul_16s_9s_25_1_0_U2429                                          | -   |        | r_V_489        | mul | fabric | 0       |
|       mul_16s_10ns_26_1_0_U2560                                        | -   |        | r_V_490        | mul | fabric | 0       |
|       mul_16s_9s_25_1_0_U2611                                          | -   |        | r_V_491        | mul | fabric | 0       |
|       r_V_492_fu_2539441_p2                                            | -   |        | r_V_492        | sub | fabric | 0       |
|       mul_16s_6s_22_1_0_U2437                                          | -   |        | r_V_493        | mul | fabric | 0       |
|       mul_16s_8ns_24_1_0_U2565                                         | -   |        | r_V_494        | mul | fabric | 0       |
|       mul_16s_7s_23_1_0_U2316                                          | -   |        | r_V_495        | mul | fabric | 0       |
|       mul_16s_9s_25_1_0_U2035                                          | -   |        | r_V_496        | mul | fabric | 0       |
|       mul_16s_9ns_25_1_0_U2184                                         | -   |        | r_V_497        | mul | fabric | 0       |
|       r_V_498_fu_2539535_p2                                            | -   |        | r_V_498        | sub | fabric | 0       |
|       mul_16s_9ns_25_1_0_U2326                                         | -   |        | r_V_499        | mul | fabric | 0       |
|       mul_16s_8s_24_1_0_U2075                                          | -   |        | r_V_500        | mul | fabric | 0       |
|       mul_16s_7ns_23_1_0_U2580                                         | -   |        | r_V_501        | mul | fabric | 0       |
|       r_V_502_fu_2539661_p2                                            | -   |        | r_V_502        | sub | fabric | 0       |
|       mul_16s_10ns_26_1_0_U2336                                        | -   |        | r_V_503        | mul | fabric | 0       |
|       r_V_504_fu_2539723_p2                                            | -   |        | r_V_504        | add | fabric | 0       |
|       mul_16s_9ns_25_1_0_U2087                                         | -   |        | r_V_505        | mul | fabric | 0       |
|       mul_16s_8s_24_1_0_U2512                                          | -   |        | r_V_506        | mul | fabric | 0       |
|       mul_16s_7s_23_1_0_U2128                                          | -   |        | r_V_507        | mul | fabric | 0       |
|       mul_16s_10ns_26_1_0_U2329                                        | -   |        | r_V_508        | mul | fabric | 0       |
|       mul_16s_9ns_25_1_0_U2129                                         | -   |        | r_V_509        | mul | fabric | 0       |
|       mul_16s_10ns_26_1_0_U2218                                        | -   |        | r_V_510        | mul | fabric | 0       |
|       r_V_511_fu_2539837_p2                                            | -   |        | r_V_511        | sub | fabric | 0       |
|       mul_16s_8s_24_1_0_U2130                                          | -   |        | r_V_512        | mul | fabric | 0       |
|       mul_16s_9s_25_1_0_U2220                                          | -   |        | r_V_513        | mul | fabric | 0       |
|       mul_16s_9s_25_1_0_U2331                                          | -   |        | r_V_514        | mul | fabric | 0       |
|       r_V_515_fu_2539911_p2                                            | -   |        | r_V_515        | add | fabric | 0       |
|       mul_16s_7s_23_1_0_U2222                                          | -   |        | r_V_516        | mul | fabric | 0       |
|       mul_16s_7s_23_1_0_U2515                                          | -   |        | r_V_517        | mul | fabric | 0       |
|       mul_16s_10s_26_1_0_U2425                                         | -   |        | r_V_518        | mul | fabric | 0       |
|       mul_16s_10s_26_1_0_U2517                                         | -   |        | r_V_519        | mul | fabric | 0       |
|       mul_16s_9s_25_1_0_U2625                                          | -   |        | r_V_520        | mul | fabric | 0       |
|       mul_16s_9s_25_1_0_U2134                                          | -   |        | r_V_521        | mul | fabric | 0       |
|       mul_16s_5s_21_1_0_U2135                                          | -   |        | r_V_522        | mul | auto   | 0       |
|       mul_16s_9s_25_1_0_U2623                                          | -   |        | r_V_523        | mul | fabric | 0       |
|       mul_16s_10s_26_1_0_U2394                                         | -   |        | r_V_524        | mul | fabric | 0       |
|       r_V_525_fu_2540060_p2                                            | -   |        | r_V_525        | sub | fabric | 0       |
|       mul_16s_8s_24_1_0_U2141                                          | -   |        | r_V_527        | mul | fabric | 0       |
|       mul_16s_9ns_25_1_0_U2238                                         | -   |        | r_V_528        | mul | fabric | 0       |
|       mul_16s_9s_25_1_0_U2404                                          | -   |        | r_V_529        | mul | fabric | 0       |
|       r_V_530_fu_2540202_p2                                            | -   |        | r_V_530        | sub | fabric | 0       |
|       mul_16s_10ns_26_1_0_U2133                                        | -   |        | r_V_531        | mul | fabric | 0       |
|       r_V_532_fu_2540244_p2                                            | -   |        | r_V_532        | sub | fabric | 0       |
|       r_V_533_fu_2540276_p2                                            | -   |        | r_V_533        | add | fabric | 0       |
|       mul_16s_9ns_25_1_0_U2264                                         | -   |        | r_V_534        | mul | fabric | 0       |
|       mul_16s_8ns_24_1_0_U2412                                         | -   |        | r_V_536        | mul | fabric | 0       |
|       mul_16s_10ns_26_1_0_U2151                                        | -   |        | r_V_537        | mul | fabric | 0       |
|       mul_16s_8ns_24_1_0_U2271                                         | -   |        | r_V_538        | mul | fabric | 0       |
|       mul_16s_10ns_26_1_0_U2022                                        | -   |        | r_V_539        | mul | fabric | 0       |
|       mul_16s_10ns_26_1_0_U2522                                        | -   |        | r_V_540        | mul | fabric | 0       |
|       r_V_541_fu_2540410_p2                                            | -   |        | r_V_541        | sub | fabric | 0       |
|       r_V_542_fu_2540472_p2                                            | -   |        | r_V_542        | add | fabric | 0       |
|       mul_16s_8s_24_1_0_U2292                                          | -   |        | r_V_543        | mul | fabric | 0       |
|       mul_16s_9s_25_1_0_U2044                                          | -   |        | r_V_544        | mul | fabric | 0       |
|       mul_16s_10ns_26_1_0_U2377                                        | -   |        | r_V_545        | mul | fabric | 0       |
|       mul_16s_8ns_24_1_0_U2259                                         | -   |        | r_V_546        | mul | fabric | 0       |
|       mul_16s_10ns_26_1_0_U2378                                        | -   |        | r_V_547        | mul | fabric | 0       |
|       mul_16s_6ns_22_1_0_U2261                                         | -   |        | r_V_548        | mul | fabric | 0       |
|       mul_16s_8ns_24_1_0_U2026                                         | -   |        | r_V_549        | mul | fabric | 0       |
|       mul_16s_9ns_25_1_0_U2554                                         | -   |        | r_V_550        | mul | fabric | 0       |
|       mul_16s_6s_22_1_0_U2061                                          | -   |        | r_V_551        | mul | fabric | 0       |
|       mul_16s_10s_26_1_0_U2555                                         | -   |        | r_V_552        | mul | fabric | 0       |
|       mul_16s_10ns_26_1_0_U2030                                        | -   |        | r_V_553        | mul | fabric | 0       |
|       mul_16s_10ns_26_1_0_U2265                                        | -   |        | r_V_554        | mul | fabric | 0       |
|       mul_16s_6s_22_1_0_U2266                                          | -   |        | r_V_555        | mul | fabric | 0       |
|       mul_16s_7s_23_1_0_U2033                                          | -   |        | r_V_556        | mul | fabric | 0       |
|       r_V_557_fu_2540749_p2                                            | -   |        | r_V_557        | sub | fabric | 0       |
|       r_V_558_fu_2540781_p2                                            | -   |        | r_V_558        | sub | fabric | 0       |
|       r_V_559_fu_2540801_p2                                            | -   |        | r_V_559        | sub | fabric | 0       |
|       mul_16s_10ns_26_1_0_U2034                                        | -   |        | r_V_560        | mul | fabric | 0       |
|       mul_16s_9s_25_1_0_U2335                                          | -   |        | r_V_561        | mul | fabric | 0       |
|       r_V_562_fu_2540845_p2                                            | -   |        | r_V_562        | sub | fabric | 0       |
|       mul_16s_10ns_26_1_0_U2477                                        | -   |        | r_V_563        | mul | fabric | 0       |
|       r_V_564_fu_2540887_p2                                            | -   |        | r_V_564        | add | fabric | 0       |
|       mul_16s_9ns_25_1_0_U2572                                         | -   |        | r_V_565        | mul | fabric | 0       |
|       mul_16s_10s_26_1_0_U2342                                         | -   |        | r_V_566        | mul | fabric | 0       |
|       mul_16s_9s_25_1_0_U2476                                          | -   |        | r_V_567        | mul | fabric | 0       |
|       mul_16s_9s_25_1_0_U2215                                          | -   |        | r_V_568        | mul | fabric | 0       |
|       r_V_569_fu_2540959_p2                                            | -   |        | r_V_569        | sub | fabric | 0       |
|       r_V_570_fu_2540979_p2                                            | -   |        | r_V_570        | add | fabric | 0       |
|       mul_16s_9s_25_1_0_U2364                                          | -   |        | r_V_571        | mul | fabric | 0       |
|       mul_16s_9ns_25_1_0_U2091                                         | -   |        | r_V_572        | mul | fabric | 0       |
|       mul_16s_9s_25_1_0_U2223                                          | -   |        | r_V_573        | mul | fabric | 0       |
|       mul_16s_10ns_26_1_0_U2373                                        | -   |        | r_V_574        | mul | fabric | 0       |
|       mul_16s_10ns_26_1_0_U2119                                        | -   |        | r_V_575        | mul | fabric | 0       |
|       r_V_576_fu_2541065_p2                                            | -   |        | r_V_576        | sub | fabric | 0       |
|       mul_16s_10s_26_1_0_U2616                                         | -   |        | r_V_577        | mul | fabric | 0       |
|       mul_16s_8ns_24_1_0_U2382                                         | -   |        | r_V_578        | mul | fabric | 0       |
|       mul_16s_9s_25_1_0_U2118                                          | -   |        | r_V_579        | mul | fabric | 0       |
|       mul_16s_10s_26_1_0_U2312                                         | -   |        | r_V_580        | mul | fabric | 0       |
|       mul_16s_6s_22_1_0_U2414                                          | -   |        | r_V_581        | mul | fabric | 0       |
|       mul_16s_9ns_25_1_0_U2505                                         | -   |        | r_V_582        | mul | fabric | 0       |
|       mul_16s_9s_25_1_0_U2415                                          | -   |        | r_V_583        | mul | fabric | 0       |
|       r_V_584_fu_2541239_p2                                            | -   |        | r_V_584        | add | fabric | 0       |
|       mul_16s_8s_24_1_0_U2416                                          | -   |        | r_V_585        | mul | fabric | 0       |
|       r_V_586_fu_2541297_p2                                            | -   |        | r_V_586        | sub | fabric | 0       |
|       mul_16s_9ns_25_1_0_U2317                                         | -   |        | r_V_587        | mul | fabric | 0       |
|       r_V_588_fu_2541331_p2                                            | -   |        | r_V_588        | sub | fabric | 0       |
|       mul_16s_9ns_25_1_0_U2417                                         | -   |        | r_V_589        | mul | fabric | 0       |
|       r_V_590_fu_2541377_p2                                            | -   |        | r_V_590        | sub | fabric | 0       |
|       mul_16s_9ns_25_1_0_U2418                                         | -   |        | r_V_591        | mul | fabric | 0       |
|       r_V_593_fu_2541449_p2                                            | -   |        | r_V_593        | sub | fabric | 0       |
|       mul_16s_5ns_21_1_0_U2552                                         | -   |        | r_V_594        | mul | auto   | 0       |
|       mul_16s_10ns_26_1_0_U2553                                        | -   |        | r_V_595        | mul | fabric | 0       |
|       mul_16s_9s_25_1_0_U2420                                          | -   |        | r_V_596        | mul | fabric | 0       |
|       mul_16s_9ns_25_1_0_U2164                                         | -   |        | r_V_597        | mul | fabric | 0       |
|       mul_16s_9ns_25_1_0_U2421                                         | -   |        | r_V_598        | mul | fabric | 0       |
|       mul_16s_10ns_26_1_0_U2318                                        | -   |        | r_V_599        | mul | fabric | 0       |
|       mul_16s_8ns_24_1_0_U2542                                         | -   |        | r_V_600        | mul | fabric | 0       |
|       mul_16s_8ns_24_1_0_U2281                                         | -   |        | r_V_601        | mul | fabric | 0       |
|       r_V_602_fu_2541581_p2                                            | -   |        | r_V_602        | sub | fabric | 0       |
|       mul_16s_9ns_25_1_0_U2043                                         | -   |        | r_V_603        | mul | fabric | 0       |
|       r_V_604_fu_2541674_p2                                            | -   |        | r_V_604        | sub | fabric | 0       |
|       mul_16s_8s_24_1_0_U2173                                          | -   |        | r_V_606        | mul | fabric | 0       |
|       mul_16s_8ns_24_1_0_U2268                                         | -   |        | r_V_607        | mul | fabric | 0       |
|       mul_16s_8s_24_1_0_U2427                                          | -   |        | r_V_608        | mul | fabric | 0       |
|       r_V_609_fu_2541790_p2                                            | -   |        | r_V_609        | sub | fabric | 0       |
|       mul_16s_10ns_26_1_0_U2485                                        | -   |        | r_V_610        | mul | fabric | 0       |
|       r_V_611_fu_2541820_p2                                            | -   |        | r_V_611        | sub | fabric | 0       |
|       mul_16s_9ns_25_1_0_U2315                                         | -   |        | r_V_613        | mul | fabric | 0       |
|       mul_16s_9ns_25_1_0_U2066                                         | -   |        | r_V_614        | mul | fabric | 0       |
|       mul_16s_8s_24_1_0_U2103                                          | -   |        | r_V_615        | mul | fabric | 0       |
|       r_V_616_fu_2541928_p2                                            | -   |        | r_V_616        | sub | fabric | 0       |
|       mul_16s_9ns_25_1_0_U2325                                         | -   |        | r_V_617        | mul | fabric | 0       |
|       r_V_618_fu_2541974_p2                                            | -   |        | r_V_618        | sub | fabric | 0       |
|       mul_16s_9ns_25_1_0_U2065                                         | -   |        | r_V_620        | mul | fabric | 0       |
|       mul_16s_7s_23_1_0_U2191                                          | -   |        | r_V_621        | mul | fabric | 0       |
|       mul_16s_6s_22_1_0_U2313                                          | -   |        | r_V_622        | mul | fabric | 0       |
|       mul_16s_9s_25_1_0_U2627                                          | -   |        | r_V_623        | mul | fabric | 0       |
|       mul_16s_8s_24_1_0_U2457                                          | -   |        | r_V_624        | mul | fabric | 0       |
|       mul_16s_7s_23_1_0_U2250                                          | -   |        | r_V_625        | mul | fabric | 0       |
|       mul_16s_8ns_24_1_0_U2251                                         | -   |        | r_V_626        | mul | fabric | 0       |
|       r_V_627_fu_2542156_p2                                            | -   |        | r_V_627        | sub | fabric | 0       |
|       r_V_628_fu_2542245_p2                                            | -   |        | r_V_628        | add | fabric | 0       |
|       mul_16s_8ns_24_1_0_U2252                                         | -   |        | r_V_629        | mul | fabric | 0       |
|       mul_16s_8ns_24_1_0_U2253                                         | -   |        | r_V_630        | mul | fabric | 0       |
|       mul_16s_9s_25_1_0_U2367                                          | -   |        | r_V_631        | mul | fabric | 0       |
|       r_V_632_fu_2542307_p2                                            | -   |        | r_V_632        | sub | fabric | 0       |
|       r_V_633_fu_2542351_p2                                            | -   |        | r_V_633        | sub | fabric | 0       |
|       mul_16s_9ns_25_1_0_U2254                                         | -   |        | r_V_634        | mul | fabric | 0       |
|       mul_16s_7s_23_1_0_U2108                                          | -   |        | r_V_635        | mul | fabric | 0       |
|       mul_16s_10ns_26_1_0_U2309                                        | -   |        | r_V_636        | mul | fabric | 0       |
|       mul_16s_8ns_24_1_0_U2459                                         | -   |        | r_V_637        | mul | fabric | 0       |
|       mul_16s_10ns_26_1_0_U2311                                        | -   |        | r_V_638        | mul | fabric | 0       |
|       mul_16s_7ns_23_1_0_U2460                                         | -   |        | r_V_639        | mul | fabric | 0       |
|       mul_16s_9ns_25_1_0_U2615                                         | -   |        | r_V_640        | mul | fabric | 0       |
|       mul_16s_10ns_26_1_0_U2388                                        | -   |        | r_V_641        | mul | fabric | 0       |
|       mul_16s_9ns_25_1_0_U2497                                         | -   |        | r_V_642        | mul | fabric | 0       |
|       mul_16s_9s_25_1_0_U2247                                          | -   |        | r_V_643        | mul | fabric | 0       |
|       mul_16s_10ns_26_1_0_U2387                                        | -   |        | r_V_644        | mul | fabric | 0       |
|       mul_16s_8ns_24_1_0_U2513                                         | -   |        | r_V_645        | mul | fabric | 0       |
|       mul_16s_8s_24_1_0_U2631                                          | -   |        | r_V_646        | mul | fabric | 0       |
|       mul_16s_10ns_26_1_0_U2618                                        | -   |        | r_V_647        | mul | fabric | 0       |
|       mul_16s_10ns_26_1_0_U2132                                        | -   |        | r_V_648        | mul | fabric | 0       |
|       mul_16s_9ns_25_1_0_U2263                                         | -   |        | r_V_649        | mul | fabric | 0       |
|       r_V_650_fu_2542575_p2                                            | -   |        | r_V_650        | sub | fabric | 0       |
|       mul_16s_11ns_26_1_0_U2411                                        | -   |        | mul_ln1270_34  | mul | fabric | 0       |
|       mul_16s_9s_25_1_0_U2531                                          | -   |        | r_V_651        | mul | fabric | 0       |
|       mul_16s_9ns_25_1_0_U2629                                         | -   |        | r_V_652        | mul | fabric | 0       |
|       mul_16s_7ns_23_1_0_U2424                                         | -   |        | r_V_653        | mul | fabric | 0       |
|       r_V_654_fu_2542719_p2                                            | -   |        | r_V_654        | sub | fabric | 0       |
|       r_V_656_fu_2542801_p2                                            | -   |        | r_V_656        | sub | fabric | 0       |
|       mul_16s_8s_24_1_0_U2196                                          | -   |        | r_V_657        | mul | fabric | 0       |
|       r_V_658_fu_2542835_p2                                            | -   |        | r_V_658        | sub | fabric | 0       |
|       mul_16s_10ns_26_1_0_U2296                                        | -   |        | r_V_659        | mul | fabric | 0       |
|       r_V_660_fu_2542877_p2                                            | -   |        | r_V_660        | sub | fabric | 0       |
|       mul_16s_8ns_24_1_0_U2197                                         | -   |        | r_V_661        | mul | fabric | 0       |
|       mul_16s_8s_24_1_0_U2198                                          | -   |        | r_V_662        | mul | fabric | 0       |
|       mul_16s_8s_24_1_0_U2199                                          | -   |        | r_V_664        | mul | fabric | 0       |
|       mul_16s_8ns_24_1_0_U2240                                         | -   |        | r_V_665        | mul | fabric | 0       |
|       mul_16s_8s_24_1_0_U2201                                          | -   |        | r_V_666        | mul | fabric | 0       |
|       mul_16s_9ns_25_1_0_U2301                                         | -   |        | r_V_667        | mul | fabric | 0       |
|       r_V_668_fu_2543003_p2                                            | -   |        | r_V_668        | add | fabric | 0       |
|       mul_16s_9ns_25_1_0_U2203                                         | -   |        | r_V_669        | mul | fabric | 0       |
|       mul_16s_8s_24_1_0_U2302                                          | -   |        | r_V_670        | mul | fabric | 0       |
|       mul_16s_9s_25_1_0_U2544                                          | -   |        | r_V_671        | mul | fabric | 0       |
|       mul_16s_8s_24_1_0_U2304                                          | -   |        | r_V_672        | mul | fabric | 0       |
|       mul_16s_8ns_24_1_0_U2305                                         | -   |        | r_V_673        | mul | fabric | 0       |
|       r_V_674_fu_2543109_p2                                            | -   |        | r_V_674        | sub | fabric | 0       |
|       mul_16s_9ns_25_1_0_U2200                                         | -   |        | r_V_675        | mul | fabric | 0       |
|       mul_16s_9ns_25_1_0_U2092                                         | -   |        | r_V_676        | mul | fabric | 0       |
|       mul_16s_10ns_26_1_0_U2592                                        | -   |        | r_V_677        | mul | fabric | 0       |
|       mul_16s_9ns_25_1_0_U2365                                         | -   |        | r_V_678        | mul | fabric | 0       |
|       mul_16s_7ns_23_1_0_U2492                                         | -   |        | r_V_679        | mul | fabric | 0       |
|       r_V_680_fu_2543235_p2                                            | -   |        | r_V_680        | sub | fabric | 0       |
|       mul_16s_8s_24_1_0_U2224                                          | -   |        | r_V_681        | mul | fabric | 0       |
|       r_V_682_fu_2543285_p2                                            | -   |        | r_V_682        | sub | fabric | 0       |
|       mul_16s_10ns_26_1_0_U2384                                        | -   |        | r_V_683        | mul | fabric | 0       |
|       mul_16s_10s_26_1_0_U2500                                         | -   |        | r_V_684        | mul | fabric | 0       |
|       mul_16s_7ns_23_1_0_U2230                                         | -   |        | r_V_685        | mul | fabric | 0       |
|       mul_16s_7ns_23_1_0_U2327                                         | -   |        | r_V_686        | mul | fabric | 0       |
|       mul_16s_9s_25_1_0_U2127                                          | -   |        | r_V_687        | mul | fabric | 0       |
|       r_V_689_fu_2543425_p2                                            | -   |        | r_V_689        | add | fabric | 0       |
|       mul_16s_9s_25_1_0_U2249                                          | -   |        | r_V_690        | mul | fabric | 0       |
|       mul_16s_9ns_25_1_0_U2372                                         | -   |        | r_V_691        | mul | fabric | 0       |
|       mul_16s_7ns_23_1_0_U2126                                         | -   |        | r_V_692        | mul | fabric | 0       |
|       mul_16s_9ns_25_1_0_U2239                                         | -   |        | r_V_693        | mul | fabric | 0       |
|       mul_16s_9ns_25_1_0_U2149                                         | -   |        | r_V_694        | mul | fabric | 0       |
|       mul_16s_9s_25_1_0_U2056                                          | -   |        | r_V_695        | mul | fabric | 0       |
|       mul_16s_9ns_25_1_0_U2057                                         | -   |        | r_V_696        | mul | fabric | 0       |
|       mul_16s_6s_22_1_0_U2058                                          | -   |        | r_V_697        | mul | fabric | 0       |
|       mul_16s_10s_26_1_0_U2152                                         | -   |        | r_V_698        | mul | fabric | 0       |
|       mul_16s_9s_25_1_0_U2153                                          | -   |        | r_V_699        | mul | fabric | 0       |
|       mul_16s_9ns_25_1_0_U2154                                         | -   |        | r_V_700        | mul | fabric | 0       |
|       r_V_701_fu_2543648_p2                                            | -   |        | r_V_701        | sub | fabric | 0       |
|       r_V_702_fu_2543696_p2                                            | -   |        | r_V_702        | sub | fabric | 0       |
|       mul_16s_10s_26_1_0_U2155                                         | -   |        | r_V_703        | mul | fabric | 0       |
|       mul_16s_9ns_25_1_0_U2060                                         | -   |        | r_V_704        | mul | fabric | 0       |
|       mul_16s_6ns_22_1_0_U2297                                         | -   |        | r_V_705        | mul | fabric | 0       |
|       mul_16s_7s_23_1_0_U2538                                          | -   |        | r_V_707        | mul | fabric | 0       |
|       mul_16s_10ns_26_1_0_U2539                                        | -   |        | r_V_708        | mul | fabric | 0       |
|       mul_16s_6s_22_1_0_U2581                                          | -   |        | r_V_709        | mul | fabric | 0       |
|       mul_16s_7ns_23_1_0_U2300                                         | -   |        | r_V_710        | mul | fabric | 0       |
|       mul_16s_8ns_24_1_0_U2328                                         | -   |        | r_V_711        | mul | fabric | 0       |
|       mul_16s_10s_26_1_0_U2463                                         | -   |        | r_V_712        | mul | fabric | 0       |
|       mul_16s_10ns_26_1_0_U2574                                        | -   |        | r_V_713        | mul | fabric | 0       |
|       r_V_714_fu_2543894_p2                                            | -   |        | r_V_714        | add | fabric | 0       |
|       r_V_715_fu_2543926_p2                                            | -   |        | r_V_715        | sub | fabric | 0       |
|       mul_16s_9ns_25_1_0_U2337                                         | -   |        | r_V_716        | mul | fabric | 0       |
|       mul_16s_10ns_26_1_0_U2089                                        | -   |        | r_V_717        | mul | fabric | 0       |
|       mul_16s_9ns_25_1_0_U2595                                         | -   |        | r_V_718        | mul | fabric | 0       |
|       mul_16s_8ns_24_1_0_U2344                                         | -   |        | r_V_719        | mul | fabric | 0       |
|       r_V_720_fu_2543998_p2                                            | -   |        | r_V_720        | sub | fabric | 0       |
|       mul_16s_10ns_26_1_0_U2088                                        | -   |        | r_V_722        | mul | fabric | 0       |
|       mul_16s_10ns_26_1_0_U2599                                        | -   |        | r_V_723        | mul | fabric | 0       |
|       r_V_724_fu_2544094_p2                                            | -   |        | r_V_724        | sub | fabric | 0       |
|       r_V_725_fu_2544145_p2                                            | -   |        | r_V_725        | sub | fabric | 0       |
|       mul_16s_8s_24_1_0_U2354                                          | -   |        | r_V_726        | mul | fabric | 0       |
|       mul_16s_8s_24_1_0_U2478                                          | -   |        | r_V_727        | mul | fabric | 0       |
|       mul_16s_10ns_26_1_0_U2210                                        | -   |        | r_V_728        | mul | fabric | 0       |
|       r_V_729_fu_2544215_p2                                            | -   |        | r_V_729        | sub | fabric | 0       |
|       mul_16s_10ns_26_1_0_U2353                                        | -   |        | r_V_730        | mul | fabric | 0       |
|       r_V_731_fu_2544273_p2                                            | -   |        | r_V_731        | sub | fabric | 0       |
|       r_V_739_fu_2544305_p2                                            | -   |        | r_V_739        | sub | fabric | 0       |
|       r_V_732_fu_2544323_p2                                            | -   |        | r_V_732        | sub | fabric | 0       |
|       mul_16s_11s_26_1_0_U2441                                         | -   |        | mul_ln1270_35  | mul | fabric | 0       |
|       mul_16s_8s_24_1_0_U2527                                          | -   |        | r_V_733        | mul | fabric | 0       |
|       r_V_734_fu_2544381_p2                                            | -   |        | r_V_734        | sub | fabric | 0       |
|       mul_16s_9ns_25_1_0_U2617                                         | -   |        | r_V_735        | mul | fabric | 0       |
|       r_V_736_fu_2544431_p2                                            | -   |        | r_V_736        | sub | fabric | 0       |
|       mul_16s_8ns_24_1_0_U2444                                         | -   |        | r_V_737        | mul | fabric | 0       |
|       mul_16s_9s_25_1_0_U2093                                          | -   |        | r_V_738        | mul | fabric | 0       |
|       mul_16s_12s_26_1_0_U2528                                         | -   |        | mul_ln1270_36  | mul | fabric | 0       |
|       mul_16s_11s_26_1_0_U2620                                         | -   |        | mul_ln1270_37  | mul | fabric | 0       |
|       mul_16s_11s_26_1_0_U2095                                         | -   |        | mul_ln1270_38  | mul | fabric | 0       |
|       r_V_740_fu_2544531_p2                                            | -   |        | r_V_740        | add | fabric | 0       |
|       mul_16s_8s_24_1_0_U2096                                          | -   |        | r_V_742        | mul | fabric | 0       |
|       mul_16s_11s_26_1_0_U2290                                         | -   |        | mul_ln1270_39  | mul | fabric | 0       |
|       mul_16s_10s_26_1_0_U2576                                         | -   |        | r_V_743        | mul | fabric | 0       |
|       mul_16s_8ns_24_1_0_U2055                                         | -   |        | r_V_745        | mul | fabric | 0       |
|       mul_16s_10s_26_1_0_U2293                                         | -   |        | r_V_746        | mul | fabric | 0       |
|       r_V_747_fu_2544731_p2                                            | -   |        | r_V_747        | sub | fabric | 0       |
|       mul_16s_8s_24_1_0_U2294                                          | -   |        | r_V_748        | mul | fabric | 0       |
|       mul_16s_10s_26_1_0_U2419                                         | -   |        | r_V_749        | mul | fabric | 0       |
|       mul_16s_9ns_25_1_0_U2170                                         | -   |        | r_V_750        | mul | fabric | 0       |
|       mul_16s_8s_24_1_0_U2308                                          | -   |        | r_V_751        | mul | fabric | 0       |
|       mul_16s_10ns_26_1_0_U2059                                        | -   |        | r_V_752        | mul | fabric | 0       |
|       mul_16s_10s_26_1_0_U2169                                         | -   |        | r_V_753        | mul | fabric | 0       |
|       mul_16s_8ns_24_1_0_U2320                                         | -   |        | r_V_754        | mul | fabric | 0       |
|       r_V_755_fu_2544861_p2                                            | -   |        | r_V_755        | sub | fabric | 0       |
|       mul_16s_10s_26_1_0_U2069                                         | -   |        | r_V_756        | mul | fabric | 0       |
|       mul_16s_10s_26_1_0_U2186                                         | -   |        | r_V_757        | mul | fabric | 0       |
|       mul_16s_8s_24_1_0_U2319                                          | -   |        | r_V_758        | mul | fabric | 0       |
|       mul_16s_10s_26_1_0_U2439                                         | -   |        | r_V_759        | mul | fabric | 0       |
|       mul_16s_9ns_25_1_0_U2195                                         | -   |        | r_V_760        | mul | fabric | 0       |
|       mul_16s_10ns_26_1_0_U2282                                        | -   |        | r_V_761        | mul | fabric | 0       |
|       mul_16s_9s_25_1_0_U2080                                          | -   |        | r_V_762        | mul | fabric | 0       |
|       mul_16s_10ns_26_1_0_U2205                                        | -   |        | r_V_763        | mul | fabric | 0       |
|       mul_16s_11s_26_1_0_U2392                                         | -   |        | mul_ln1270_40  | mul | fabric | 0       |
|       mul_16s_10s_26_1_0_U2393                                         | -   |        | r_V_764        | mul | fabric | 0       |
|       mul_16s_10s_26_1_0_U2481                                         | -   |        | r_V_765        | mul | fabric | 0       |
|       mul_16s_7s_23_1_0_U2395                                          | -   |        | r_V_766        | mul | fabric | 0       |
|       mul_16s_9ns_25_1_0_U2482                                         | -   |        | r_V_767        | mul | fabric | 0       |
|       mul_16s_8s_24_1_0_U2397                                          | -   |        | r_V_768        | mul | fabric | 0       |
|       mul_16s_9ns_25_1_0_U2398                                         | -   |        | r_V_769        | mul | fabric | 0       |
|       mul_16s_7ns_23_1_0_U2484                                         | -   |        | r_V_770        | mul | fabric | 0       |
|       mul_16s_11s_26_1_0_U2400                                         | -   |        | mul_ln1270_41  | mul | fabric | 0       |
|       add_ln813_fu_2545075_p2                                          | -   |        | add_ln813      | add | fabric | 0       |
|       add_ln813_6_fu_2545081_p2                                        | -   |        | add_ln813_6    | add | fabric | 0       |
|       add_ln813_9_fu_2549365_p2                                        | -   |        | add_ln813_9    | add | fabric | 0       |
|       add_ln813_10_fu_2545087_p2                                       | -   |        | add_ln813_10   | add | fabric | 0       |
|       add_ln813_12_fu_2545093_p2                                       | -   |        | add_ln813_12   | add | fabric | 0       |
|       add_ln813_13_fu_2545103_p2                                       | -   |        | add_ln813_13   | add | fabric | 0       |
|       add_ln813_14_fu_2545113_p2                                       | -   |        | add_ln813_14   | add | fabric | 0       |
|       add_ln813_17_fu_2545119_p2                                       | -   |        | add_ln813_17   | add | fabric | 0       |
|       add_ln813_18_fu_2545129_p2                                       | -   |        | add_ln813_18   | add | fabric | 0       |
|       add_ln813_19_fu_2545139_p2                                       | -   |        | add_ln813_19   | add | fabric | 0       |
|       add_ln813_20_fu_2545145_p2                                       | -   |        | add_ln813_20   | add | fabric | 0       |
|       add_ln813_21_fu_2545155_p2                                       | -   |        | add_ln813_21   | add | fabric | 0       |
|       add_ln813_22_fu_2545165_p2                                       | -   |        | add_ln813_22   | add | fabric | 0       |
|       add_ln813_24_fu_2545171_p2                                       | -   |        | add_ln813_24   | add | fabric | 0       |
|       add_ln813_25_fu_2545181_p2                                       | -   |        | add_ln813_25   | add | fabric | 0       |
|       add_ln813_27_fu_2545197_p2                                       | -   |        | add_ln813_27   | add | fabric | 0       |
|       add_ln813_28_fu_2545207_p2                                       | -   |        | add_ln813_28   | add | fabric | 0       |
|       add_ln813_29_fu_2545217_p2                                       | -   |        | add_ln813_29   | add | fabric | 0       |
|       add_ln813_33_fu_2545233_p2                                       | -   |        | add_ln813_33   | add | fabric | 0       |
|       add_ln813_34_fu_2545243_p2                                       | -   |        | add_ln813_34   | add | fabric | 0       |
|       add_ln813_35_fu_2545253_p2                                       | -   |        | add_ln813_35   | add | fabric | 0       |
|       add_ln813_36_fu_2545263_p2                                       | -   |        | add_ln813_36   | add | fabric | 0       |
|       add_ln813_37_fu_2545269_p2                                       | -   |        | add_ln813_37   | add | fabric | 0       |
|       add_ln813_38_fu_2545279_p2                                       | -   |        | add_ln813_38   | add | fabric | 0       |
|       add_ln813_39_fu_2545289_p2                                       | -   |        | add_ln813_39   | add | fabric | 0       |
|       add_ln813_40_fu_2545299_p2                                       | -   |        | add_ln813_40   | add | fabric | 0       |
|       add_ln813_41_fu_2549416_p2                                       | -   |        | add_ln813_41   | add | fabric | 0       |
|       add_ln813_42_fu_2545305_p2                                       | -   |        | add_ln813_42   | add | fabric | 0       |
|       add_ln813_43_fu_2545315_p2                                       | -   |        | add_ln813_43   | add | fabric | 0       |
|       add_ln813_44_fu_2545325_p2                                       | -   |        | add_ln813_44   | add | fabric | 0       |
|       add_ln813_45_fu_2545335_p2                                       | -   |        | add_ln813_45   | add | fabric | 0       |
|       add_ln813_46_fu_2545341_p2                                       | -   |        | add_ln813_46   | add | fabric | 0       |
|       add_ln813_47_fu_2545351_p2                                       | -   |        | add_ln813_47   | add | fabric | 0       |
|       add_ln813_48_fu_2545361_p2                                       | -   |        | add_ln813_48   | add | fabric | 0       |
|       add_ln813_49_fu_2545371_p2                                       | -   |        | add_ln813_49   | add | fabric | 0       |
|       add_ln813_50_fu_2549432_p2                                       | -   |        | add_ln813_50   | add | fabric | 0       |
|       add_ln813_51_fu_2549442_p2                                       | -   |        | add_ln813_51   | add | fabric | 0       |
|       add_ln813_52_fu_2545377_p2                                       | -   |        | add_ln813_52   | add | fabric | 0       |
|       add_ln813_55_fu_2545383_p2                                       | -   |        | add_ln813_55   | add | fabric | 0       |
|       add_ln813_58_fu_2545389_p2                                       | -   |        | add_ln813_58   | add | fabric | 0       |
|       add_ln813_59_fu_2545395_p2                                       | -   |        | add_ln813_59   | add | fabric | 0       |
|       add_ln813_62_fu_2545401_p2                                       | -   |        | add_ln813_62   | add | fabric | 0       |
|       add_ln813_66_fu_2545407_p2                                       | -   |        | add_ln813_66   | add | fabric | 0       |
|       add_ln813_67_fu_2545417_p2                                       | -   |        | add_ln813_67   | add | fabric | 0       |
|       add_ln813_68_fu_2545427_p2                                       | -   |        | add_ln813_68   | add | fabric | 0       |
|       add_ln813_69_fu_2545433_p2                                       | -   |        | add_ln813_69   | add | fabric | 0       |
|       add_ln813_70_fu_2545443_p2                                       | -   |        | add_ln813_70   | add | fabric | 0       |
|       add_ln813_71_fu_2545453_p2                                       | -   |        | add_ln813_71   | add | fabric | 0       |
|       add_ln813_73_fu_2545459_p2                                       | -   |        | add_ln813_73   | add | fabric | 0       |
|       add_ln813_74_fu_2545469_p2                                       | -   |        | add_ln813_74   | add | fabric | 0       |
|       add_ln813_76_fu_2545485_p2                                       | -   |        | add_ln813_76   | add | fabric | 0       |
|       add_ln813_77_fu_2545495_p2                                       | -   |        | add_ln813_77   | add | fabric | 0       |
|       add_ln813_78_fu_2545505_p2                                       | -   |        | add_ln813_78   | add | fabric | 0       |
|       add_ln813_82_fu_2545521_p2                                       | -   |        | add_ln813_82   | add | fabric | 0       |
|       add_ln813_85_fu_2545527_p2                                       | -   |        | add_ln813_85   | add | fabric | 0       |
|       add_ln813_88_fu_2545533_p2                                       | -   |        | add_ln813_88   | add | fabric | 0       |
|       add_ln813_89_fu_2545539_p2                                       | -   |        | add_ln813_89   | add | fabric | 0       |
|       add_ln813_91_fu_2545545_p2                                       | -   |        | add_ln813_91   | add | fabric | 0       |
|       add_ln813_92_fu_2545555_p2                                       | -   |        | add_ln813_92   | add | fabric | 0       |
|       add_ln813_93_fu_2545565_p2                                       | -   |        | add_ln813_93   | add | fabric | 0       |
|       add_ln813_96_fu_2545571_p2                                       | -   |        | add_ln813_96   | add | fabric | 0       |
|       add_ln813_97_fu_2545581_p2                                       | -   |        | add_ln813_97   | add | fabric | 0       |
|       add_ln813_98_fu_2545591_p2                                       | -   |        | add_ln813_98   | add | fabric | 0       |
|       add_ln813_99_fu_2545597_p2                                       | -   |        | add_ln813_99   | add | fabric | 0       |
|       add_ln813_100_fu_2545607_p2                                      | -   |        | add_ln813_100  | add | fabric | 0       |
|       add_ln813_101_fu_2545617_p2                                      | -   |        | add_ln813_101  | add | fabric | 0       |
|       add_ln813_104_fu_2545629_p2                                      | -   |        | add_ln813_104  | add | fabric | 0       |
|       add_ln813_106_fu_2545649_p2                                      | -   |        | add_ln813_106  | add | fabric | 0       |
|       add_ln813_107_fu_2545659_p2                                      | -   |        | add_ln813_107  | add | fabric | 0       |
|       add_ln813_108_fu_2545669_p2                                      | -   |        | add_ln813_108  | add | fabric | 0       |
|       add_ln813_109_fu_2545679_p2                                      | -   |        | add_ln813_109  | add | fabric | 0       |
|       add_ln813_112_fu_2545685_p2                                      | -   |        | add_ln813_112  | add | fabric | 0       |
|       add_ln813_115_fu_2545691_p2                                      | -   |        | add_ln813_115  | add | fabric | 0       |
|       add_ln813_118_fu_2545697_p2                                      | -   |        | add_ln813_118  | add | fabric | 0       |
|       add_ln813_119_fu_2545703_p2                                      | -   |        | add_ln813_119  | add | fabric | 0       |
|       add_ln813_122_fu_2545709_p2                                      | -   |        | add_ln813_122  | add | fabric | 0       |
|       add_ln813_126_fu_2545715_p2                                      | -   |        | add_ln813_126  | add | fabric | 0       |
|       add_ln813_127_fu_2545725_p2                                      | -   |        | add_ln813_127  | add | fabric | 0       |
|       add_ln813_128_fu_2545735_p2                                      | -   |        | add_ln813_128  | add | fabric | 0       |
|       add_ln813_129_fu_2545741_p2                                      | -   |        | add_ln813_129  | add | fabric | 0       |
|       add_ln813_130_fu_2545751_p2                                      | -   |        | add_ln813_130  | add | fabric | 0       |
|       add_ln813_131_fu_2545761_p2                                      | -   |        | add_ln813_131  | add | fabric | 0       |
|       add_ln813_133_fu_2545767_p2                                      | -   |        | add_ln813_133  | add | fabric | 0       |
|       add_ln813_134_fu_2545777_p2                                      | -   |        | add_ln813_134  | add | fabric | 0       |
|       add_ln813_136_fu_2545793_p2                                      | -   |        | add_ln813_136  | add | fabric | 0       |
|       add_ln813_137_fu_2545803_p2                                      | -   |        | add_ln813_137  | add | fabric | 0       |
|       add_ln813_138_fu_2545813_p2                                      | -   |        | add_ln813_138  | add | fabric | 0       |
|       add_ln813_142_fu_2545829_p2                                      | -   |        | add_ln813_142  | add | fabric | 0       |
|       add_ln813_143_fu_2545835_p2                                      | -   |        | add_ln813_143  | add | fabric | 0       |
|       add_ln813_146_fu_2545841_p2                                      | -   |        | add_ln813_146  | add | fabric | 0       |
|       add_ln813_149_fu_2545847_p2                                      | -   |        | add_ln813_149  | add | fabric | 0       |
|       add_ln813_150_fu_2545853_p2                                      | -   |        | add_ln813_150  | add | fabric | 0       |
|       add_ln813_152_fu_2545859_p2                                      | -   |        | add_ln813_152  | add | fabric | 0       |
|       add_ln813_153_fu_2545869_p2                                      | -   |        | add_ln813_153  | add | fabric | 0       |
|       add_ln813_154_fu_2545879_p2                                      | -   |        | add_ln813_154  | add | fabric | 0       |
|       add_ln813_157_fu_2545885_p2                                      | -   |        | add_ln813_157  | add | fabric | 0       |
|       add_ln813_158_fu_2545895_p2                                      | -   |        | add_ln813_158  | add | fabric | 0       |
|       add_ln813_159_fu_2545905_p2                                      | -   |        | add_ln813_159  | add | fabric | 0       |
|       add_ln813_161_fu_2545917_p2                                      | -   |        | add_ln813_161  | add | fabric | 0       |
|       add_ln813_164_fu_2545933_p2                                      | -   |        | add_ln813_164  | add | fabric | 0       |
|       add_ln813_165_fu_2545943_p2                                      | -   |        | add_ln813_165  | add | fabric | 0       |
|       add_ln813_166_fu_2545953_p2                                      | -   |        | add_ln813_166  | add | fabric | 0       |
|       add_ln813_167_fu_2545963_p2                                      | -   |        | add_ln813_167  | add | fabric | 0       |
|       add_ln813_168_fu_2545973_p2                                      | -   |        | add_ln813_168  | add | fabric | 0       |
|       add_ln813_169_fu_2545983_p2                                      | -   |        | add_ln813_169  | add | fabric | 0       |
|       add_ln813_170_fu_2545993_p2                                      | -   |        | add_ln813_170  | add | fabric | 0       |
|       add_ln813_173_fu_2545999_p2                                      | -   |        | add_ln813_173  | add | fabric | 0       |
|       add_ln813_178_fu_2546017_p2                                      | -   |        | add_ln813_178  | add | fabric | 0       |
|       add_ln813_184_fu_2546035_p2                                      | -   |        | add_ln813_184  | add | fabric | 0       |
|       add_ln813_185_fu_2546045_p2                                      | -   |        | add_ln813_185  | add | fabric | 0       |
|       add_ln813_186_fu_2546051_p2                                      | -   |        | add_ln813_186  | add | fabric | 0       |
|       add_ln813_187_fu_2546061_p2                                      | -   |        | add_ln813_187  | add | fabric | 0       |
|       add_ln813_189_fu_2546067_p2                                      | -   |        | add_ln813_189  | add | fabric | 0       |
|       add_ln813_191_fu_2546083_p2                                      | -   |        | add_ln813_191  | add | fabric | 0       |
|       add_ln813_192_fu_2546093_p2                                      | -   |        | add_ln813_192  | add | fabric | 0       |
|       add_ln813_196_fu_2546109_p2                                      | -   |        | add_ln813_196  | add | fabric | 0       |
|       add_ln813_201_fu_2546127_p2                                      | -   |        | add_ln813_201  | add | fabric | 0       |
|       add_ln813_203_fu_2546133_p2                                      | -   |        | add_ln813_203  | add | fabric | 0       |
|       add_ln813_204_fu_2546143_p2                                      | -   |        | add_ln813_204  | add | fabric | 0       |
|       add_ln813_205_fu_2546153_p2                                      | -   |        | add_ln813_205  | add | fabric | 0       |
|       add_ln813_208_fu_2546159_p2                                      | -   |        | add_ln813_208  | add | fabric | 0       |
|       add_ln813_210_fu_2546165_p2                                      | -   |        | add_ln813_210  | add | fabric | 0       |
|       add_ln813_211_fu_2546175_p2                                      | -   |        | add_ln813_211  | add | fabric | 0       |
|       add_ln813_213_fu_2546181_p2                                      | -   |        | add_ln813_213  | add | fabric | 0       |
|       add_ln813_215_fu_2546197_p2                                      | -   |        | add_ln813_215  | add | fabric | 0       |
|       add_ln813_216_fu_2546207_p2                                      | -   |        | add_ln813_216  | add | fabric | 0       |
|       add_ln813_218_fu_2549816_p2                                      | -   |        | add_ln813_218  | add | fabric | 0       |
|       add_ln813_220_fu_2546223_p2                                      | -   |        | add_ln813_220  | add | fabric | 0       |
|       add_ln813_225_fu_2546241_p2                                      | -   |        | add_ln813_225  | add | fabric | 0       |
|       add_ln813_231_fu_2546259_p2                                      | -   |        | add_ln813_231  | add | fabric | 0       |
|       add_ln813_232_fu_2546269_p2                                      | -   |        | add_ln813_232  | add | fabric | 0       |
|       add_ln813_233_fu_2546275_p2                                      | -   |        | add_ln813_233  | add | fabric | 0       |
|       add_ln813_234_fu_2546285_p2                                      | -   |        | add_ln813_234  | add | fabric | 0       |
|       add_ln813_236_fu_2546291_p2                                      | -   |        | add_ln813_236  | add | fabric | 0       |
|       add_ln813_239_fu_2546313_p2                                      | -   |        | add_ln813_239  | add | fabric | 0       |
|       add_ln813_244_fu_2546339_p2                                      | -   |        | add_ln813_244  | add | fabric | 0       |
|       add_ln813_245_fu_2546345_p2                                      | -   |        | add_ln813_245  | add | fabric | 0       |
|       add_ln813_248_fu_2546351_p2                                      | -   |        | add_ln813_248  | add | fabric | 0       |
|       add_ln813_251_fu_2546357_p2                                      | -   |        | add_ln813_251  | add | fabric | 0       |
|       add_ln813_252_fu_2546363_p2                                      | -   |        | add_ln813_252  | add | fabric | 0       |
|       add_ln813_255_fu_2546369_p2                                      | -   |        | add_ln813_255  | add | fabric | 0       |
|       add_ln813_260_fu_2546375_p2                                      | -   |        | add_ln813_260  | add | fabric | 0       |
|       add_ln813_262_fu_2546381_p2                                      | -   |        | add_ln813_262  | add | fabric | 0       |
|       add_ln813_263_fu_2546391_p2                                      | -   |        | add_ln813_263  | add | fabric | 0       |
|       add_ln813_264_fu_2546401_p2                                      | -   |        | add_ln813_264  | add | fabric | 0       |
|       add_ln813_266_fu_2546407_p2                                      | -   |        | add_ln813_266  | add | fabric | 0       |
|       add_ln813_267_fu_2546413_p2                                      | -   |        | add_ln813_267  | add | fabric | 0       |
|       add_ln813_269_fu_2546419_p2                                      | -   |        | add_ln813_269  | add | fabric | 0       |
|       add_ln813_270_fu_2546429_p2                                      | -   |        | add_ln813_270  | add | fabric | 0       |
|       add_ln813_271_fu_2546439_p2                                      | -   |        | add_ln813_271  | add | fabric | 0       |
|       add_ln813_275_fu_2546445_p2                                      | -   |        | add_ln813_275  | add | fabric | 0       |
|       add_ln813_278_fu_2546451_p2                                      | -   |        | add_ln813_278  | add | fabric | 0       |
|       add_ln813_281_fu_2546457_p2                                      | -   |        | add_ln813_281  | add | fabric | 0       |
|       add_ln813_284_fu_2546463_p2                                      | -   |        | add_ln813_284  | add | fabric | 0       |
|       add_ln813_288_fu_2546469_p2                                      | -   |        | add_ln813_288  | add | fabric | 0       |
|       add_ln813_289_fu_2546479_p2                                      | -   |        | add_ln813_289  | add | fabric | 0       |
|       add_ln813_290_fu_2546485_p2                                      | -   |        | add_ln813_290  | add | fabric | 0       |
|       add_ln813_291_fu_2546495_p2                                      | -   |        | add_ln813_291  | add | fabric | 0       |
|       add_ln813_292_fu_2546505_p2                                      | -   |        | add_ln813_292  | add | fabric | 0       |
|       add_ln813_294_fu_2546511_p2                                      | -   |        | add_ln813_294  | add | fabric | 0       |
|       add_ln813_295_fu_2546521_p2                                      | -   |        | add_ln813_295  | add | fabric | 0       |
|       add_ln813_296_fu_2546531_p2                                      | -   |        | add_ln813_296  | add | fabric | 0       |
|       add_ln813_298_fu_2546543_p2                                      | -   |        | add_ln813_298  | add | fabric | 0       |
|       add_ln813_300_fu_2550040_p2                                      | -   |        | add_ln813_300  | add | fabric | 0       |
|       add_ln813_303_fu_2546559_p2                                      | -   |        | add_ln813_303  | add | fabric | 0       |
|       add_ln813_306_fu_2546565_p2                                      | -   |        | add_ln813_306  | add | fabric | 0       |
|       add_ln813_309_fu_2546571_p2                                      | -   |        | add_ln813_309  | add | fabric | 0       |
|       add_ln813_310_fu_2546577_p2                                      | -   |        | add_ln813_310  | add | fabric | 0       |
|       add_ln813_312_fu_2546583_p2                                      | -   |        | add_ln813_312  | add | fabric | 0       |
|       add_ln813_313_fu_2546593_p2                                      | -   |        | add_ln813_313  | add | fabric | 0       |
|       add_ln813_314_fu_2546603_p2                                      | -   |        | add_ln813_314  | add | fabric | 0       |
|       add_ln813_317_fu_2546609_p2                                      | -   |        | add_ln813_317  | add | fabric | 0       |
|       add_ln813_318_fu_2546619_p2                                      | -   |        | add_ln813_318  | add | fabric | 0       |
|       add_ln813_319_fu_2546625_p2                                      | -   |        | add_ln813_319  | add | fabric | 0       |
|       add_ln813_320_fu_2546635_p2                                      | -   |        | add_ln813_320  | add | fabric | 0       |
|       add_ln813_321_fu_2546645_p2                                      | -   |        | add_ln813_321  | add | fabric | 0       |
|       add_ln813_323_fu_2546651_p2                                      | -   |        | add_ln813_323  | add | fabric | 0       |
|       add_ln813_324_fu_2546661_p2                                      | -   |        | add_ln813_324  | add | fabric | 0       |
|       add_ln813_326_fu_2546677_p2                                      | -   |        | add_ln813_326  | add | fabric | 0       |
|       add_ln813_327_fu_2546687_p2                                      | -   |        | add_ln813_327  | add | fabric | 0       |
|       add_ln813_328_fu_2546697_p2                                      | -   |        | add_ln813_328  | add | fabric | 0       |
|       add_ln813_332_fu_2546713_p2                                      | -   |        | add_ln813_332  | add | fabric | 0       |
|       add_ln813_335_fu_2546719_p2                                      | -   |        | add_ln813_335  | add | fabric | 0       |
|       add_ln813_338_fu_2546725_p2                                      | -   |        | add_ln813_338  | add | fabric | 0       |
|       add_ln813_339_fu_2546731_p2                                      | -   |        | add_ln813_339  | add | fabric | 0       |
|       add_ln813_342_fu_2546737_p2                                      | -   |        | add_ln813_342  | add | fabric | 0       |
|       add_ln813_347_fu_2546743_p2                                      | -   |        | add_ln813_347  | add | fabric | 0       |
|       add_ln813_349_fu_2546749_p2                                      | -   |        | add_ln813_349  | add | fabric | 0       |
|       add_ln813_350_fu_2546759_p2                                      | -   |        | add_ln813_350  | add | fabric | 0       |
|       add_ln813_351_fu_2546769_p2                                      | -   |        | add_ln813_351  | add | fabric | 0       |
|       add_ln813_353_fu_2546775_p2                                      | -   |        | add_ln813_353  | add | fabric | 0       |
|       add_ln813_354_fu_2546781_p2                                      | -   |        | add_ln813_354  | add | fabric | 0       |
|       add_ln813_356_fu_2546787_p2                                      | -   |        | add_ln813_356  | add | fabric | 0       |
|       add_ln813_357_fu_2546797_p2                                      | -   |        | add_ln813_357  | add | fabric | 0       |
|       add_ln813_358_fu_2546807_p2                                      | -   |        | add_ln813_358  | add | fabric | 0       |
|       add_ln813_362_fu_2546813_p2                                      | -   |        | add_ln813_362  | add | fabric | 0       |
|       add_ln813_367_fu_2546831_p2                                      | -   |        | add_ln813_367  | add | fabric | 0       |
|       add_ln813_369_fu_2546837_p2                                      | -   |        | add_ln813_369  | add | fabric | 0       |
|       add_ln813_370_fu_2546847_p2                                      | -   |        | add_ln813_370  | add | fabric | 0       |
|       add_ln813_371_fu_2546857_p2                                      | -   |        | add_ln813_371  | add | fabric | 0       |
|       add_ln813_374_fu_2546863_p2                                      | -   |        | add_ln813_374  | add | fabric | 0       |
|       add_ln813_375_fu_2546873_p2                                      | -   |        | add_ln813_375  | add | fabric | 0       |
|       add_ln813_376_fu_2546879_p2                                      | -   |        | add_ln813_376  | add | fabric | 0       |
|       add_ln813_377_fu_2546889_p2                                      | -   |        | add_ln813_377  | add | fabric | 0       |
|       add_ln813_379_fu_2546895_p2                                      | -   |        | add_ln813_379  | add | fabric | 0       |
|       add_ln813_380_fu_2546905_p2                                      | -   |        | add_ln813_380  | add | fabric | 0       |
|       add_ln813_381_fu_2546915_p2                                      | -   |        | add_ln813_381  | add | fabric | 0       |
|       add_ln813_382_fu_2546925_p2                                      | -   |        | add_ln813_382  | add | fabric | 0       |
|       add_ln813_383_fu_2546935_p2                                      | -   |        | add_ln813_383  | add | fabric | 0       |
|       add_ln813_384_fu_2546945_p2                                      | -   |        | add_ln813_384  | add | fabric | 0       |
|       add_ln813_387_fu_2546951_p2                                      | -   |        | add_ln813_387  | add | fabric | 0       |
|       add_ln813_390_fu_2546957_p2                                      | -   |        | add_ln813_390  | add | fabric | 0       |
|       add_ln813_393_fu_2546963_p2                                      | -   |        | add_ln813_393  | add | fabric | 0       |
|       add_ln813_394_fu_2546969_p2                                      | -   |        | add_ln813_394  | add | fabric | 0       |
|       add_ln813_396_fu_2546975_p2                                      | -   |        | add_ln813_396  | add | fabric | 0       |
|       add_ln813_397_fu_2546985_p2                                      | -   |        | add_ln813_397  | add | fabric | 0       |
|       add_ln813_398_fu_2546995_p2                                      | -   |        | add_ln813_398  | add | fabric | 0       |
|       add_ln813_401_fu_2547001_p2                                      | -   |        | add_ln813_401  | add | fabric | 0       |
|       add_ln813_402_fu_2550335_p2                                      | -   |        | add_ln813_402  | add | fabric | 0       |
|       add_ln813_404_fu_2547013_p2                                      | -   |        | add_ln813_404  | add | fabric | 0       |
|       add_ln813_407_fu_2547029_p2                                      | -   |        | add_ln813_407  | add | fabric | 0       |
|       add_ln813_408_fu_2547039_p2                                      | -   |        | add_ln813_408  | add | fabric | 0       |
|       add_ln813_409_fu_2547049_p2                                      | -   |        | add_ln813_409  | add | fabric | 0       |
|       add_ln813_410_fu_2547059_p2                                      | -   |        | add_ln813_410  | add | fabric | 0       |
|       add_ln813_411_fu_2547069_p2                                      | -   |        | add_ln813_411  | add | fabric | 0       |
|       add_ln813_412_fu_2547079_p2                                      | -   |        | add_ln813_412  | add | fabric | 0       |
|       add_ln813_413_fu_2547089_p2                                      | -   |        | add_ln813_413  | add | fabric | 0       |
|       add_ln813_416_fu_2547095_p2                                      | -   |        | add_ln813_416  | add | fabric | 0       |
|       add_ln813_417_fu_2547101_p2                                      | -   |        | add_ln813_417  | add | fabric | 0       |
|       add_ln813_420_fu_2547107_p2                                      | -   |        | add_ln813_420  | add | fabric | 0       |
|       add_ln813_423_fu_2547113_p2                                      | -   |        | add_ln813_423  | add | fabric | 0       |
|       add_ln813_424_fu_2547119_p2                                      | -   |        | add_ln813_424  | add | fabric | 0       |
|       add_ln813_427_fu_2547125_p2                                      | -   |        | add_ln813_427  | add | fabric | 0       |
|       add_ln813_431_fu_2547131_p2                                      | -   |        | add_ln813_431  | add | fabric | 0       |
|       add_ln813_432_fu_2547141_p2                                      | -   |        | add_ln813_432  | add | fabric | 0       |
|       add_ln813_433_fu_2547151_p2                                      | -   |        | add_ln813_433  | add | fabric | 0       |
|       add_ln813_434_fu_2547157_p2                                      | -   |        | add_ln813_434  | add | fabric | 0       |
|       add_ln813_435_fu_2547167_p2                                      | -   |        | add_ln813_435  | add | fabric | 0       |
|       add_ln813_436_fu_2547177_p2                                      | -   |        | add_ln813_436  | add | fabric | 0       |
|       add_ln813_438_fu_2547183_p2                                      | -   |        | add_ln813_438  | add | fabric | 0       |
|       add_ln813_439_fu_2547189_p2                                      | -   |        | add_ln813_439  | add | fabric | 0       |
|       add_ln813_441_fu_2547195_p2                                      | -   |        | add_ln813_441  | add | fabric | 0       |
|       add_ln813_442_fu_2547205_p2                                      | -   |        | add_ln813_442  | add | fabric | 0       |
|       add_ln813_443_fu_2547215_p2                                      | -   |        | add_ln813_443  | add | fabric | 0       |
|       add_ln813_447_fu_2547221_p2                                      | -   |        | add_ln813_447  | add | fabric | 0       |
|       add_ln813_448_fu_2547227_p2                                      | -   |        | add_ln813_448  | add | fabric | 0       |
|       add_ln813_451_fu_2547233_p2                                      | -   |        | add_ln813_451  | add | fabric | 0       |
|       add_ln813_454_fu_2547239_p2                                      | -   |        | add_ln813_454  | add | fabric | 0       |
|       add_ln813_455_fu_2547245_p2                                      | -   |        | add_ln813_455  | add | fabric | 0       |
|       add_ln813_458_fu_2547251_p2                                      | -   |        | add_ln813_458  | add | fabric | 0       |
|       add_ln813_463_fu_2547257_p2                                      | -   |        | add_ln813_463  | add | fabric | 0       |
|       add_ln813_465_fu_2547263_p2                                      | -   |        | add_ln813_465  | add | fabric | 0       |
|       add_ln813_466_fu_2547273_p2                                      | -   |        | add_ln813_466  | add | fabric | 0       |
|       add_ln813_467_fu_2547283_p2                                      | -   |        | add_ln813_467  | add | fabric | 0       |
|       add_ln813_470_fu_2547295_p2                                      | -   |        | add_ln813_470  | add | fabric | 0       |
|       add_ln813_472_fu_2547311_p2                                      | -   |        | add_ln813_472  | add | fabric | 0       |
|       add_ln813_473_fu_2547321_p2                                      | -   |        | add_ln813_473  | add | fabric | 0       |
|       add_ln813_474_fu_2547331_p2                                      | -   |        | add_ln813_474  | add | fabric | 0       |
|       add_ln813_475_fu_2547341_p2                                      | -   |        | add_ln813_475  | add | fabric | 0       |
|       add_ln813_476_fu_2550536_p2                                      | -   |        | add_ln813_476  | add | fabric | 0       |
|       add_ln813_483_fu_2547359_p2                                      | -   |        | add_ln813_483  | add | fabric | 0       |
|       add_ln813_489_fu_2547377_p2                                      | -   |        | add_ln813_489  | add | fabric | 0       |
|       add_ln813_490_fu_2547387_p2                                      | -   |        | add_ln813_490  | add | fabric | 0       |
|       add_ln813_491_fu_2547393_p2                                      | -   |        | add_ln813_491  | add | fabric | 0       |
|       add_ln813_492_fu_2547403_p2                                      | -   |        | add_ln813_492  | add | fabric | 0       |
|       add_ln813_494_fu_2547409_p2                                      | -   |        | add_ln813_494  | add | fabric | 0       |
|       add_ln813_496_fu_2547415_p2                                      | -   |        | add_ln813_496  | add | fabric | 0       |
|       add_ln813_497_fu_2547425_p2                                      | -   |        | add_ln813_497  | add | fabric | 0       |
|       add_ln813_501_fu_2547431_p2                                      | -   |        | add_ln813_501  | add | fabric | 0       |
|       add_ln813_502_fu_2547437_p2                                      | -   |        | add_ln813_502  | add | fabric | 0       |
|       add_ln813_505_fu_2547443_p2                                      | -   |        | add_ln813_505  | add | fabric | 0       |
|       add_ln813_508_fu_2547449_p2                                      | -   |        | add_ln813_508  | add | fabric | 0       |
|       add_ln813_509_fu_2547455_p2                                      | -   |        | add_ln813_509  | add | fabric | 0       |
|       add_ln813_512_fu_2547461_p2                                      | -   |        | add_ln813_512  | add | fabric | 0       |
|       add_ln813_516_fu_2547467_p2                                      | -   |        | add_ln813_516  | add | fabric | 0       |
|       add_ln813_517_fu_2547477_p2                                      | -   |        | add_ln813_517  | add | fabric | 0       |
|       add_ln813_518_fu_2547487_p2                                      | -   |        | add_ln813_518  | add | fabric | 0       |
|       add_ln813_519_fu_2547493_p2                                      | -   |        | add_ln813_519  | add | fabric | 0       |
|       add_ln813_520_fu_2547503_p2                                      | -   |        | add_ln813_520  | add | fabric | 0       |
|       add_ln813_521_fu_2547513_p2                                      | -   |        | add_ln813_521  | add | fabric | 0       |
|       add_ln813_523_fu_2547519_p2                                      | -   |        | add_ln813_523  | add | fabric | 0       |
|       add_ln813_524_fu_2547525_p2                                      | -   |        | add_ln813_524  | add | fabric | 0       |
|       add_ln813_527_fu_2547537_p2                                      | -   |        | add_ln813_527  | add | fabric | 0       |
|       add_ln813_528_fu_2547547_p2                                      | -   |        | add_ln813_528  | add | fabric | 0       |
|       add_ln813_533_fu_2547563_p2                                      | -   |        | add_ln813_533  | add | fabric | 0       |
|       add_ln813_534_fu_2547569_p2                                      | -   |        | add_ln813_534  | add | fabric | 0       |
|       add_ln813_537_fu_2547575_p2                                      | -   |        | add_ln813_537  | add | fabric | 0       |
|       add_ln813_540_fu_2547581_p2                                      | -   |        | add_ln813_540  | add | fabric | 0       |
|       add_ln813_541_fu_2547587_p2                                      | -   |        | add_ln813_541  | add | fabric | 0       |
|       add_ln813_544_fu_2547593_p2                                      | -   |        | add_ln813_544  | add | fabric | 0       |
|       add_ln813_548_fu_2547599_p2                                      | -   |        | add_ln813_548  | add | fabric | 0       |
|       add_ln813_549_fu_2547609_p2                                      | -   |        | add_ln813_549  | add | fabric | 0       |
|       add_ln813_550_fu_2547619_p2                                      | -   |        | add_ln813_550  | add | fabric | 0       |
|       add_ln813_551_fu_2547625_p2                                      | -   |        | add_ln813_551  | add | fabric | 0       |
|       add_ln813_552_fu_2547635_p2                                      | -   |        | add_ln813_552  | add | fabric | 0       |
|       add_ln813_553_fu_2547645_p2                                      | -   |        | add_ln813_553  | add | fabric | 0       |
|       add_ln813_555_fu_2547651_p2                                      | -   |        | add_ln813_555  | add | fabric | 0       |
|       add_ln813_556_fu_2547661_p2                                      | -   |        | add_ln813_556  | add | fabric | 0       |
|       add_ln813_558_fu_2547677_p2                                      | -   |        | add_ln813_558  | add | fabric | 0       |
|       add_ln813_559_fu_2547687_p2                                      | -   |        | add_ln813_559  | add | fabric | 0       |
|       add_ln813_560_fu_2547697_p2                                      | -   |        | add_ln813_560  | add | fabric | 0       |
|       add_ln813_564_fu_2547713_p2                                      | -   |        | add_ln813_564  | add | fabric | 0       |
|       add_ln813_567_fu_2547719_p2                                      | -   |        | add_ln813_567  | add | fabric | 0       |
|       add_ln813_570_fu_2547725_p2                                      | -   |        | add_ln813_570  | add | fabric | 0       |
|       add_ln813_571_fu_2547731_p2                                      | -   |        | add_ln813_571  | add | fabric | 0       |
|       add_ln813_574_fu_2547737_p2                                      | -   |        | add_ln813_574  | add | fabric | 0       |
|       add_ln813_579_fu_2547743_p2                                      | -   |        | add_ln813_579  | add | fabric | 0       |
|       add_ln813_581_fu_2547749_p2                                      | -   |        | add_ln813_581  | add | fabric | 0       |
|       add_ln813_582_fu_2547759_p2                                      | -   |        | add_ln813_582  | add | fabric | 0       |
|       add_ln813_583_fu_2547769_p2                                      | -   |        | add_ln813_583  | add | fabric | 0       |
|       add_ln813_585_fu_2547775_p2                                      | -   |        | add_ln813_585  | add | fabric | 0       |
|       add_ln813_586_fu_2547781_p2                                      | -   |        | add_ln813_586  | add | fabric | 0       |
|       add_ln813_588_fu_2547787_p2                                      | -   |        | add_ln813_588  | add | fabric | 0       |
|       add_ln813_589_fu_2547797_p2                                      | -   |        | add_ln813_589  | add | fabric | 0       |
|       add_ln813_590_fu_2547807_p2                                      | -   |        | add_ln813_590  | add | fabric | 0       |
|       add_ln813_594_fu_2547813_p2                                      | -   |        | add_ln813_594  | add | fabric | 0       |
|       add_ln813_595_fu_2547819_p2                                      | -   |        | add_ln813_595  | add | fabric | 0       |
|       add_ln813_598_fu_2547825_p2                                      | -   |        | add_ln813_598  | add | fabric | 0       |
|       add_ln813_601_fu_2547831_p2                                      | -   |        | add_ln813_601  | add | fabric | 0       |
|       add_ln813_602_fu_2547837_p2                                      | -   |        | add_ln813_602  | add | fabric | 0       |
|       add_ln813_605_fu_2547843_p2                                      | -   |        | add_ln813_605  | add | fabric | 0       |
|       add_ln813_610_fu_2547849_p2                                      | -   |        | add_ln813_610  | add | fabric | 0       |
|       add_ln813_612_fu_2547855_p2                                      | -   |        | add_ln813_612  | add | fabric | 0       |
|       add_ln813_613_fu_2547865_p2                                      | -   |        | add_ln813_613  | add | fabric | 0       |
|       add_ln813_614_fu_2547875_p2                                      | -   |        | add_ln813_614  | add | fabric | 0       |
|       add_ln813_616_fu_2547881_p2                                      | -   |        | add_ln813_616  | add | fabric | 0       |
|       add_ln813_619_fu_2547893_p2                                      | -   |        | add_ln813_619  | add | fabric | 0       |
|       add_ln813_620_fu_2547903_p2                                      | -   |        | add_ln813_620  | add | fabric | 0       |
|       add_ln813_625_fu_2547919_p2                                      | -   |        | add_ln813_625  | add | fabric | 0       |
|       add_ln813_626_fu_2547925_p2                                      | -   |        | add_ln813_626  | add | fabric | 0       |
|       add_ln813_629_fu_2547931_p2                                      | -   |        | add_ln813_629  | add | fabric | 0       |
|       add_ln813_632_fu_2547937_p2                                      | -   |        | add_ln813_632  | add | fabric | 0       |
|       add_ln813_633_fu_2547943_p2                                      | -   |        | add_ln813_633  | add | fabric | 0       |
|       add_ln813_636_fu_2547949_p2                                      | -   |        | add_ln813_636  | add | fabric | 0       |
|       add_ln813_641_fu_2547955_p2                                      | -   |        | add_ln813_641  | add | fabric | 0       |
|       add_ln813_643_fu_2547961_p2                                      | -   |        | add_ln813_643  | add | fabric | 0       |
|       add_ln813_644_fu_2547971_p2                                      | -   |        | add_ln813_644  | add | fabric | 0       |
|       add_ln813_645_fu_2547981_p2                                      | -   |        | add_ln813_645  | add | fabric | 0       |
|       add_ln813_647_fu_2547987_p2                                      | -   |        | add_ln813_647  | add | fabric | 0       |
|       add_ln813_648_fu_2547993_p2                                      | -   |        | add_ln813_648  | add | fabric | 0       |
|       add_ln813_650_fu_2548009_p2                                      | -   |        | add_ln813_650  | add | fabric | 0       |
|       add_ln813_651_fu_2548019_p2                                      | -   |        | add_ln813_651  | add | fabric | 0       |
|       add_ln813_652_fu_2548029_p2                                      | -   |        | add_ln813_652  | add | fabric | 0       |
|       add_ln813_656_fu_2548045_p2                                      | -   |        | add_ln813_656  | add | fabric | 0       |
|       add_ln813_659_fu_2548051_p2                                      | -   |        | add_ln813_659  | add | fabric | 0       |
|       add_ln813_662_fu_2551084_p2                                      | -   |        | add_ln813_662  | add | fabric | 0       |
|       add_ln813_663_fu_2548057_p2                                      | -   |        | add_ln813_663  | add | fabric | 0       |
|       add_ln813_666_fu_2548063_p2                                      | -   |        | add_ln813_666  | add | fabric | 0       |
|       add_ln813_670_fu_2548069_p2                                      | -   |        | add_ln813_670  | add | fabric | 0       |
|       add_ln813_671_fu_2548079_p2                                      | -   |        | add_ln813_671  | add | fabric | 0       |
|       add_ln813_672_fu_2548085_p2                                      | -   |        | add_ln813_672  | add | fabric | 0       |
|       add_ln813_673_fu_2548095_p2                                      | -   |        | add_ln813_673  | add | fabric | 0       |
|       add_ln813_674_fu_2548105_p2                                      | -   |        | add_ln813_674  | add | fabric | 0       |
|       add_ln813_676_fu_2548111_p2                                      | -   |        | add_ln813_676  | add | fabric | 0       |
|       add_ln813_677_fu_2548121_p2                                      | -   |        | add_ln813_677  | add | fabric | 0       |
|       add_ln813_679_fu_2548137_p2                                      | -   |        | add_ln813_679  | add | fabric | 0       |
|       add_ln813_680_fu_2548151_p2                                      | -   |        | add_ln813_680  | add | fabric | 0       |
|       add_ln813_684_fu_2548167_p2                                      | -   |        | add_ln813_684  | add | fabric | 0       |
|       add_ln813_687_fu_2548173_p2                                      | -   |        | add_ln813_687  | add | fabric | 0       |
|       add_ln813_690_fu_2548179_p2                                      | -   |        | add_ln813_690  | add | fabric | 0       |
|       add_ln813_693_fu_2548185_p2                                      | -   |        | add_ln813_693  | add | fabric | 0       |
|       add_ln813_697_fu_2548191_p2                                      | -   |        | add_ln813_697  | add | fabric | 0       |
|       add_ln813_698_fu_2548201_p2                                      | -   |        | add_ln813_698  | add | fabric | 0       |
|       add_ln813_699_fu_2548207_p2                                      | -   |        | add_ln813_699  | add | fabric | 0       |
|       add_ln813_700_fu_2548217_p2                                      | -   |        | add_ln813_700  | add | fabric | 0       |
|       add_ln813_701_fu_2548227_p2                                      | -   |        | add_ln813_701  | add | fabric | 0       |
|       add_ln813_703_fu_2548233_p2                                      | -   |        | add_ln813_703  | add | fabric | 0       |
|       add_ln813_704_fu_2548243_p2                                      | -   |        | add_ln813_704  | add | fabric | 0       |
|       add_ln813_706_fu_2548259_p2                                      | -   |        | add_ln813_706  | add | fabric | 0       |
|       add_ln813_707_fu_2548269_p2                                      | -   |        | add_ln813_707  | add | fabric | 0       |
|       add_ln813_708_fu_2548279_p2                                      | -   |        | add_ln813_708  | add | fabric | 0       |
|       add_ln813_712_fu_2548295_p2                                      | -   |        | add_ln813_712  | add | fabric | 0       |
|       add_ln813_715_fu_2548301_p2                                      | -   |        | add_ln813_715  | add | fabric | 0       |
|       add_ln813_718_fu_2548307_p2                                      | -   |        | add_ln813_718  | add | fabric | 0       |
|       add_ln813_719_fu_2548313_p2                                      | -   |        | add_ln813_719  | add | fabric | 0       |
|       add_ln813_722_fu_2548319_p2                                      | -   |        | add_ln813_722  | add | fabric | 0       |
|       add_ln813_729_fu_2548337_p2                                      | -   |        | add_ln813_729  | add | fabric | 0       |
|       add_ln813_732_fu_2548343_p2                                      | -   |        | add_ln813_732  | add | fabric | 0       |
|       add_ln813_733_fu_2548349_p2                                      | -   |        | add_ln813_733  | add | fabric | 0       |
|       add_ln813_736_fu_2548361_p2                                      | -   |        | add_ln813_736  | add | fabric | 0       |
|       add_ln813_741_fu_2548377_p2                                      | -   |        | add_ln813_741  | add | fabric | 0       |
|       add_ln813_742_fu_2548383_p2                                      | -   |        | add_ln813_742  | add | fabric | 0       |
|       add_ln813_745_fu_2548389_p2                                      | -   |        | add_ln813_745  | add | fabric | 0       |
|       add_ln813_748_fu_2548395_p2                                      | -   |        | add_ln813_748  | add | fabric | 0       |
|       add_ln813_749_fu_2548401_p2                                      | -   |        | add_ln813_749  | add | fabric | 0       |
|       add_ln813_752_fu_2548407_p2                                      | -   |        | add_ln813_752  | add | fabric | 0       |
|       add_ln813_757_fu_2548413_p2                                      | -   |        | add_ln813_757  | add | fabric | 0       |
|       add_ln813_759_fu_2548419_p2                                      | -   |        | add_ln813_759  | add | fabric | 0       |
|       add_ln813_760_fu_2548429_p2                                      | -   |        | add_ln813_760  | add | fabric | 0       |
|       add_ln813_761_fu_2548439_p2                                      | -   |        | add_ln813_761  | add | fabric | 0       |
|       add_ln813_763_fu_2548445_p2                                      | -   |        | add_ln813_763  | add | fabric | 0       |
|       add_ln813_764_fu_2548451_p2                                      | -   |        | add_ln813_764  | add | fabric | 0       |
|       add_ln813_766_fu_2548457_p2                                      | -   |        | add_ln813_766  | add | fabric | 0       |
|       add_ln813_767_fu_2548467_p2                                      | -   |        | add_ln813_767  | add | fabric | 0       |
|       add_ln813_768_fu_2548477_p2                                      | -   |        | add_ln813_768  | add | fabric | 0       |
|       add_ln813_772_fu_2548483_p2                                      | -   |        | add_ln813_772  | add | fabric | 0       |
|       add_ln813_775_fu_2548489_p2                                      | -   |        | add_ln813_775  | add | fabric | 0       |
|       add_ln813_778_fu_2548495_p2                                      | -   |        | add_ln813_778  | add | fabric | 0       |
|       add_ln813_779_fu_2548501_p2                                      | -   |        | add_ln813_779  | add | fabric | 0       |
|       add_ln813_782_fu_2548507_p2                                      | -   |        | add_ln813_782  | add | fabric | 0       |
|       add_ln813_786_fu_2548513_p2                                      | -   |        | add_ln813_786  | add | fabric | 0       |
|       add_ln813_787_fu_2548523_p2                                      | -   |        | add_ln813_787  | add | fabric | 0       |
|       add_ln813_789_fu_2548535_p2                                      | -   |        | add_ln813_789  | add | fabric | 0       |
|       add_ln813_792_fu_2548551_p2                                      | -   |        | add_ln813_792  | add | fabric | 0       |
|       add_ln813_793_fu_2548561_p2                                      | -   |        | add_ln813_793  | add | fabric | 0       |
|       add_ln813_794_fu_2548571_p2                                      | -   |        | add_ln813_794  | add | fabric | 0       |
|       add_ln813_795_fu_2548581_p2                                      | -   |        | add_ln813_795  | add | fabric | 0       |
|       add_ln813_796_fu_2548591_p2                                      | -   |        | add_ln813_796  | add | fabric | 0       |
|       add_ln813_797_fu_2548601_p2                                      | -   |        | add_ln813_797  | add | fabric | 0       |
|       add_ln813_798_fu_2548611_p2                                      | -   |        | add_ln813_798  | add | fabric | 0       |
|       add_ln813_801_fu_2548617_p2                                      | -   |        | add_ln813_801  | add | fabric | 0       |
|       add_ln813_804_fu_2548623_p2                                      | -   |        | add_ln813_804  | add | fabric | 0       |
|       add_ln813_807_fu_2548629_p2                                      | -   |        | add_ln813_807  | add | fabric | 0       |
|       add_ln813_808_fu_2548635_p2                                      | -   |        | add_ln813_808  | add | fabric | 0       |
|       add_ln813_811_fu_2548641_p2                                      | -   |        | add_ln813_811  | add | fabric | 0       |
|       add_ln813_816_fu_2548647_p2                                      | -   |        | add_ln813_816  | add | fabric | 0       |
|       add_ln813_818_fu_2548653_p2                                      | -   |        | add_ln813_818  | add | fabric | 0       |
|       add_ln813_819_fu_2548663_p2                                      | -   |        | add_ln813_819  | add | fabric | 0       |
|       add_ln813_820_fu_2548673_p2                                      | -   |        | add_ln813_820  | add | fabric | 0       |
|       add_ln813_822_fu_2548679_p2                                      | -   |        | add_ln813_822  | add | fabric | 0       |
|       add_ln813_823_fu_2548685_p2                                      | -   |        | add_ln813_823  | add | fabric | 0       |
|       add_ln813_825_fu_2548701_p2                                      | -   |        | add_ln813_825  | add | fabric | 0       |
|       add_ln813_826_fu_2548711_p2                                      | -   |        | add_ln813_826  | add | fabric | 0       |
|       add_ln813_827_fu_2548721_p2                                      | -   |        | add_ln813_827  | add | fabric | 0       |
|       add_ln813_831_fu_2548737_p2                                      | -   |        | add_ln813_831  | add | fabric | 0       |
|       add_ln813_834_fu_2548743_p2                                      | -   |        | add_ln813_834  | add | fabric | 0       |
|       add_ln813_837_fu_2548749_p2                                      | -   |        | add_ln813_837  | add | fabric | 0       |
|       add_ln813_838_fu_2548755_p2                                      | -   |        | add_ln813_838  | add | fabric | 0       |
|       add_ln813_840_fu_2548761_p2                                      | -   |        | add_ln813_840  | add | fabric | 0       |
|       add_ln813_841_fu_2548771_p2                                      | -   |        | add_ln813_841  | add | fabric | 0       |
|       add_ln813_842_fu_2548781_p2                                      | -   |        | add_ln813_842  | add | fabric | 0       |
|       add_ln813_845_fu_2548787_p2                                      | -   |        | add_ln813_845  | add | fabric | 0       |
|       add_ln813_846_fu_2548797_p2                                      | -   |        | add_ln813_846  | add | fabric | 0       |
|       add_ln813_847_fu_2548807_p2                                      | -   |        | add_ln813_847  | add | fabric | 0       |
|       add_ln813_848_fu_2548813_p2                                      | -   |        | add_ln813_848  | add | fabric | 0       |
|       add_ln813_849_fu_2548823_p2                                      | -   |        | add_ln813_849  | add | fabric | 0       |
|       add_ln813_850_fu_2548833_p2                                      | -   |        | add_ln813_850  | add | fabric | 0       |
|       add_ln813_852_fu_2548839_p2                                      | -   |        | add_ln813_852  | add | fabric | 0       |
|       add_ln813_853_fu_2548849_p2                                      | -   |        | add_ln813_853  | add | fabric | 0       |
|       add_ln813_860_fu_2548891_p2                                      | -   |        | add_ln813_860  | add | fabric | 0       |
|       add_ln813_863_fu_2548897_p2                                      | -   |        | add_ln813_863  | add | fabric | 0       |
|       add_ln813_866_fu_2548903_p2                                      | -   |        | add_ln813_866  | add | fabric | 0       |
|       add_ln813_869_fu_2548909_p2                                      | -   |        | add_ln813_869  | add | fabric | 0       |
|       add_ln813_873_fu_2548915_p2                                      | -   |        | add_ln813_873  | add | fabric | 0       |
|       add_ln813_874_fu_2548925_p2                                      | -   |        | add_ln813_874  | add | fabric | 0       |
|       add_ln813_875_fu_2548931_p2                                      | -   |        | add_ln813_875  | add | fabric | 0       |
|       add_ln813_876_fu_2548941_p2                                      | -   |        | add_ln813_876  | add | fabric | 0       |
|       add_ln813_877_fu_2548951_p2                                      | -   |        | add_ln813_877  | add | fabric | 0       |
|       add_ln813_879_fu_2548957_p2                                      | -   |        | add_ln813_879  | add | fabric | 0       |
|       add_ln813_880_fu_2548963_p2                                      | -   |        | add_ln813_880  | add | fabric | 0       |
|       add_ln813_883_fu_2548975_p2                                      | -   |        | add_ln813_883  | add | fabric | 0       |
|       add_ln813_888_fu_2548991_p2                                      | -   |        | add_ln813_888  | add | fabric | 0       |
|       add_ln813_891_fu_2548997_p2                                      | -   |        | add_ln813_891  | add | fabric | 0       |
|       add_ln813_894_fu_2549003_p2                                      | -   |        | add_ln813_894  | add | fabric | 0       |
|       add_ln813_895_fu_2549009_p2                                      | -   |        | add_ln813_895  | add | fabric | 0       |
|       add_ln813_898_fu_2549015_p2                                      | -   |        | add_ln813_898  | add | fabric | 0       |
|       add_ln813_904_fu_2549033_p2                                      | -   |        | add_ln813_904  | add | fabric | 0       |
|       add_ln813_905_fu_2549043_p2                                      | -   |        | add_ln813_905  | add | fabric | 0       |
|       add_ln813_906_fu_2549053_p2                                      | -   |        | add_ln813_906  | add | fabric | 0       |
|       add_ln813_908_fu_2549059_p2                                      | -   |        | add_ln813_908  | add | fabric | 0       |
|       add_ln813_909_fu_2549069_p2                                      | -   |        | add_ln813_909  | add | fabric | 0       |
|       add_ln813_910_fu_2549079_p2                                      | -   |        | add_ln813_910  | add | fabric | 0       |
|       add_ln813_911_fu_2549089_p2                                      | -   |        | add_ln813_911  | add | fabric | 0       |
|       add_ln813_912_fu_2549099_p2                                      | -   |        | add_ln813_912  | add | fabric | 0       |
|       add_ln813_913_fu_2549109_p2                                      | -   |        | add_ln813_913  | add | fabric | 0       |
|       add_ln813_914_fu_2549119_p2                                      | -   |        | add_ln813_914  | add | fabric | 0       |
|     + dense_latency_ap_fixed_16_6_5_3_0_ap_fixed_16_6_5_3_0_config11_s | 0   |        |                |     |        |         |
|       r_V_fu_82978_p2                                                  | -   |        | r_V            | sub | fabric | 0       |
|       mul_16s_7s_23_1_0_U2757                                          | -   |        | r_V_3242       | mul | fabric | 0       |
|       mul_16s_10ns_26_1_0_U2797                                        | -   |        | r_V_3243       | mul | fabric | 0       |
|       mul_16s_8s_24_1_0_U2772                                          | -   |        | r_V_3244       | mul | fabric | 0       |
|       mul_16s_10s_26_1_0_U2730                                         | -   |        | r_V_3245       | mul | fabric | 0       |
|       mul_16s_10s_26_1_0_U2792                                         | -   |        | r_V_3246       | mul | fabric | 0       |
|       mul_16s_9s_25_1_0_U2727                                          | -   |        | r_V_3247       | mul | fabric | 0       |
|       mul_16s_10ns_26_1_0_U2733                                        | -   |        | r_V_3248       | mul | fabric | 0       |
|       mul_16s_8ns_24_1_0_U2763                                         | -   |        | r_V_3249       | mul | fabric | 0       |
|       mul_16s_7ns_23_1_0_U2770                                         | -   |        | r_V_3250       | mul | fabric | 0       |
|       mul_16s_10s_26_1_0_U2816                                         | -   |        | r_V_3251       | mul | fabric | 0       |
|       mul_16s_10s_26_1_0_U2738                                         | -   |        | r_V_3252       | mul | fabric | 0       |
|       mul_16s_9s_25_1_0_U2784                                          | -   |        | r_V_3253       | mul | fabric | 0       |
|       mul_16s_12ns_26_1_0_U2768                                        | -   |        | mul_ln1270     | mul | fabric | 0       |
|       mul_16s_11s_26_1_0_U2813                                         | -   |        | mul_ln1270_93  | mul | fabric | 0       |
|       mul_16s_10ns_26_1_0_U2789                                        | -   |        | r_V_3254       | mul | fabric | 0       |
|       mul_16s_10s_26_1_0_U2767                                         | -   |        | r_V_3255       | mul | fabric | 0       |
|       mul_16s_9s_25_1_0_U2720                                          | -   |        | r_V_3256       | mul | fabric | 0       |
|       mul_16s_10s_26_1_0_U2782                                         | -   |        | r_V_3257       | mul | fabric | 0       |
|       mul_16s_9s_25_1_0_U2807                                          | -   |        | r_V_3258       | mul | fabric | 0       |
|       mul_16s_9ns_25_1_0_U2735                                         | -   |        | r_V_3259       | mul | fabric | 0       |
|       mul_16s_10ns_26_1_0_U2753                                        | -   |        | r_V_3260       | mul | fabric | 0       |
|       mul_16s_9ns_25_1_0_U2715                                         | -   |        | r_V_3261       | mul | fabric | 0       |
|       mul_16s_9s_25_1_0_U2769                                          | -   |        | r_V_3262       | mul | fabric | 0       |
|       mul_16s_9s_25_1_0_U2747                                          | -   |        | r_V_3263       | mul | fabric | 0       |
|       mul_16s_10s_26_1_0_U2806                                         | -   |        | r_V_3264       | mul | fabric | 0       |
|       mul_16s_8s_24_1_0_U2781                                          | -   |        | r_V_3265       | mul | fabric | 0       |
|       mul_16s_10ns_26_1_0_U2791                                        | -   |        | r_V_3266       | mul | fabric | 0       |
|       mul_16s_11ns_26_1_0_U2739                                        | -   |        | mul_ln1270_94  | mul | fabric | 0       |
|       r_V_3267_fu_83394_p2                                             | -   |        | r_V_3267       | sub | fabric | 0       |
|       mul_16s_10s_26_1_0_U2804                                         | -   |        | r_V_3268       | mul | fabric | 0       |
|       mul_16s_6s_22_1_0_U2755                                          | -   |        | r_V_3269       | mul | fabric | 0       |
|       mul_16s_10s_26_1_0_U2705                                         | -   |        | r_V_3270       | mul | fabric | 0       |
|       mul_16s_9ns_25_1_0_U2815                                         | -   |        | r_V_3271       | mul | fabric | 0       |
|       mul_16s_11ns_26_1_0_U2780                                        | -   |        | mul_ln1270_95  | mul | fabric | 0       |
|       mul_16s_9s_25_1_0_U2750                                          | -   |        | r_V_3273       | mul | fabric | 0       |
|       mul_16s_10s_26_1_0_U2773                                         | -   |        | r_V_3274       | mul | fabric | 0       |
|       mul_16s_9s_25_1_0_U2764                                          | -   |        | r_V_3275       | mul | fabric | 0       |
|       r_V_3276_fu_83600_p2                                             | -   |        | r_V_3276       | sub | fabric | 0       |
|       r_V_3277_fu_83660_p2                                             | -   |        | r_V_3277       | add | fabric | 0       |
|       mul_16s_10ns_26_1_0_U2725                                        | -   |        | r_V_3278       | mul | fabric | 0       |
|       mul_16s_10s_26_1_0_U2748                                         | -   |        | r_V_3279       | mul | fabric | 0       |
|       mul_16s_8s_24_1_0_U2701                                          | -   |        | r_V_3280       | mul | fabric | 0       |
|       mul_16s_9ns_25_1_0_U2796                                         | -   |        | r_V_3281       | mul | fabric | 0       |
|       r_V_3282_fu_83768_p2                                             | -   |        | r_V_3282       | sub | fabric | 0       |
|       mul_16s_8ns_24_1_0_U2809                                         | -   |        | r_V_3283       | mul | fabric | 0       |
|       mul_16s_9ns_25_1_0_U2814                                         | -   |        | r_V_3284       | mul | fabric | 0       |
|       mul_16s_11s_26_1_0_U2801                                         | -   |        | mul_ln1270_96  | mul | fabric | 0       |
|       mul_16s_10ns_26_1_0_U2706                                        | -   |        | r_V_3285       | mul | fabric | 0       |
|       mul_16s_10ns_26_1_0_U2760                                        | -   |        | r_V_3286       | mul | fabric | 0       |
|       mul_16s_9s_25_1_0_U2783                                          | -   |        | r_V_3287       | mul | fabric | 0       |
|       mul_16s_8s_24_1_0_U2777                                          | -   |        | r_V_3288       | mul | fabric | 0       |
|       mul_16s_10ns_26_1_0_U2703                                        | -   |        | r_V_3289       | mul | fabric | 0       |
|       mul_16s_9s_25_1_0_U2810                                          | -   |        | r_V_3290       | mul | fabric | 0       |
|       mul_16s_8ns_24_1_0_U2743                                         | -   |        | r_V_3291       | mul | fabric | 0       |
|       mul_16s_10ns_26_1_0_U2732                                        | -   |        | r_V_3292       | mul | fabric | 0       |
|       mul_16s_11s_26_1_0_U2723                                         | -   |        | mul_ln1270_97  | mul | fabric | 0       |
|       mul_16s_8s_24_1_0_U2775                                          | -   |        | r_V_3293       | mul | fabric | 0       |
|       mul_16s_7ns_23_1_0_U2824                                         | -   |        | r_V_3294       | mul | fabric | 0       |
|       r_V_3295_fu_84025_p2                                             | -   |        | r_V_3295       | sub | fabric | 0       |
|       mul_16s_10s_26_1_0_U2825                                         | -   |        | r_V_3296       | mul | fabric | 0       |
|       r_V_3297_fu_84051_p2                                             | -   |        | r_V_3297       | sub | fabric | 0       |
|       mul_16s_9s_25_1_0_U2819                                          | -   |        | r_V_3298       | mul | fabric | 0       |
|       mul_16s_11ns_26_1_0_U2794                                        | -   |        | mul_ln1270_98  | mul | fabric | 0       |
|       r_V_3299_fu_84115_p2                                             | -   |        | r_V_3299       | sub | fabric | 0       |
|       mul_16s_8s_24_1_0_U2799                                          | -   |        | r_V_3300       | mul | fabric | 0       |
|       mul_16s_9s_25_1_0_U2740                                          | -   |        | r_V_3301       | mul | fabric | 0       |
|       mul_16s_10s_26_1_0_U2811                                         | -   |        | r_V_3302       | mul | fabric | 0       |
|       mul_16s_10s_26_1_0_U2718                                         | -   |        | r_V_3303       | mul | fabric | 0       |
|       mul_16s_8ns_24_1_0_U2716                                         | -   |        | r_V_3304       | mul | fabric | 0       |
|       mul_16s_9ns_25_1_0_U2758                                         | -   |        | r_V_3305       | mul | fabric | 0       |
|       mul_16s_11s_26_1_0_U2817                                         | -   |        | mul_ln1270_99  | mul | fabric | 0       |
|       mul_16s_10ns_26_1_0_U2800                                        | -   |        | r_V_3306       | mul | fabric | 0       |
|       mul_16s_10ns_26_1_0_U2714                                        | -   |        | r_V_3307       | mul | fabric | 0       |
|       r_V_3308_fu_84274_p2                                             | -   |        | r_V_3308       | sub | fabric | 0       |
|       mul_16s_8s_24_1_0_U2778                                          | -   |        | r_V_3309       | mul | fabric | 0       |
|       mul_16s_10s_26_1_0_U2805                                         | -   |        | r_V_3310       | mul | fabric | 0       |
|       mul_16s_11ns_26_1_0_U2712                                        | -   |        | mul_ln1270_100 | mul | fabric | 0       |
|       mul_16s_10s_26_1_0_U2786                                         | -   |        | r_V_3311       | mul | fabric | 0       |
|       r_V_3312_fu_84366_p2                                             | -   |        | r_V_3312       | sub | fabric | 0       |
|       mul_16s_8ns_24_1_0_U2741                                         | -   |        | r_V_3313       | mul | fabric | 0       |
|       mul_16s_8s_24_1_0_U2742                                          | -   |        | r_V_3314       | mul | fabric | 0       |
|       mul_16s_9s_25_1_0_U2749                                          | -   |        | r_V_3315       | mul | fabric | 0       |
|       mul_16s_10s_26_1_0_U2707                                         | -   |        | r_V_3316       | mul | fabric | 0       |
|       r_V_3317_fu_84476_p2                                             | -   |        | r_V_3317       | sub | fabric | 0       |
|       mul_16s_10s_26_1_0_U2710                                         | -   |        | r_V_3318       | mul | fabric | 0       |
|       r_V_3319_fu_84518_p2                                             | -   |        | r_V_3319       | add | fabric | 0       |
|       r_V_3320_fu_84534_p2                                             | -   |        | r_V_3320       | sub | fabric | 0       |
|       mul_16s_9s_25_1_0_U2737                                          | -   |        | r_V_3321       | mul | fabric | 0       |
|       r_V_3322_fu_84600_p2                                             | -   |        | r_V_3322       | add | fabric | 0       |
|       mul_16s_10ns_26_1_0_U2721                                        | -   |        | r_V_3323       | mul | fabric | 0       |
|       mul_16s_9ns_25_1_0_U2722                                         | -   |        | r_V_3324       | mul | fabric | 0       |
|       mul_16s_9s_25_1_0_U2766                                          | -   |        | r_V_3325       | mul | fabric | 0       |
|       mul_16s_9s_25_1_0_U2822                                          | -   |        | r_V_3326       | mul | fabric | 0       |
|       mul_16s_11s_26_1_0_U2776                                         | -   |        | mul_ln1270_101 | mul | fabric | 0       |
|       mul_16s_10ns_26_1_0_U2702                                        | -   |        | r_V_3327       | mul | fabric | 0       |
|       mul_16s_8s_24_1_0_U2765                                          | -   |        | r_V_3329       | mul | fabric | 0       |
|       mul_16s_6s_22_1_0_U2731                                          | -   |        | r_V_3330       | mul | fabric | 0       |
|       mul_16s_8ns_24_1_0_U2761                                         | -   |        | r_V_3331       | mul | fabric | 0       |
|       r_V_3332_fu_84812_p2                                             | -   |        | r_V_3332       | sub | fabric | 0       |
|       mul_16s_11s_26_1_0_U2820                                         | -   |        | mul_ln1270_102 | mul | fabric | 0       |
|       mul_16s_12s_26_1_0_U2795                                         | -   |        | mul_ln1270_103 | mul | fabric | 0       |
|       mul_16s_11ns_26_1_0_U2713                                        | -   |        | mul_ln1270_104 | mul | fabric | 0       |
|       r_V_3333_fu_84875_p2                                             | -   |        | r_V_3333       | sub | fabric | 0       |
|       mul_16s_9s_25_1_0_U2798                                          | -   |        | r_V_3334       | mul | fabric | 0       |
|       r_V_3335_fu_84917_p2                                             | -   |        | r_V_3335       | sub | fabric | 0       |
|       mul_16s_11ns_26_1_0_U2787                                        | -   |        | mul_ln1270_105 | mul | fabric | 0       |
|       mul_16s_11s_26_1_0_U2759                                         | -   |        | mul_ln1270_106 | mul | fabric | 0       |
|       r_V_3336_fu_84991_p2                                             | -   |        | r_V_3336       | sub | fabric | 0       |
|       mul_16s_10s_26_1_0_U2709                                         | -   |        | r_V_3337       | mul | fabric | 0       |
|       mul_16s_11ns_26_1_0_U2788                                        | -   |        | mul_ln1270_107 | mul | fabric | 0       |
|       mul_16s_10s_26_1_0_U2808                                         | -   |        | r_V_3338       | mul | fabric | 0       |
|       mul_16s_11s_26_1_0_U2793                                         | -   |        | mul_ln1270_108 | mul | fabric | 0       |
|       r_V_3339_fu_85051_p2                                             | -   |        | r_V_3339       | sub | fabric | 0       |
|       mul_16s_10s_26_1_0_U2774                                         | -   |        | r_V_3341       | mul | fabric | 0       |
|       r_V_3342_fu_85158_p2                                             | -   |        | r_V_3342       | sub | fabric | 0       |
|       mul_16s_10ns_26_1_0_U2700                                        | -   |        | r_V_3343       | mul | fabric | 0       |
|       mul_16s_11ns_26_1_0_U2751                                        | -   |        | mul_ln1270_109 | mul | fabric | 0       |
|       mul_16s_11s_26_1_0_U2823                                         | -   |        | mul_ln1270_110 | mul | fabric | 0       |
|       mul_16s_6ns_22_1_0_U2729                                         | -   |        | r_V_3344       | mul | fabric | 0       |
|       mul_16s_10s_26_1_0_U2779                                         | -   |        | r_V_3345       | mul | fabric | 0       |
|       r_V_3346_fu_85267_p2                                             | -   |        | r_V_3346       | sub | fabric | 0       |
|       r_V_3347_fu_85307_p2                                             | -   |        | r_V_3347       | add | fabric | 0       |
|       mul_16s_10s_26_1_0_U2726                                         | -   |        | r_V_3348       | mul | fabric | 0       |
|       mul_16s_10s_26_1_0_U2745                                         | -   |        | r_V_3349       | mul | fabric | 0       |
|       mul_16s_9s_25_1_0_U2802                                          | -   |        | r_V_3350       | mul | fabric | 0       |
|       mul_16s_10ns_26_1_0_U2803                                        | -   |        | r_V_3351       | mul | fabric | 0       |
|       r_V_3352_fu_85407_p2                                             | -   |        | r_V_3352       | sub | fabric | 0       |
|       mul_16s_10s_26_1_0_U2746                                         | -   |        | r_V_3353       | mul | fabric | 0       |
|       mul_16s_11s_26_1_0_U2719                                         | -   |        | mul_ln1270_111 | mul | fabric | 0       |
|       mul_16s_8ns_24_1_0_U2771                                         | -   |        | r_V_3354       | mul | fabric | 0       |
|       mul_16s_9ns_25_1_0_U2744                                         | -   |        | r_V_3355       | mul | fabric | 0       |
|       mul_16s_6s_22_1_0_U2821                                          | -   |        | r_V_3356       | mul | fabric | 0       |
|       mul_16s_6ns_22_1_0_U2704                                         | -   |        | r_V_3357       | mul | fabric | 0       |
|       mul_16s_10s_26_1_0_U2790                                         | -   |        | r_V_3358       | mul | fabric | 0       |
|       r_V_3359_fu_85570_p2                                             | -   |        | r_V_3359       | sub | fabric | 0       |
|       mul_16s_10s_26_1_0_U2785                                         | -   |        | r_V_3360       | mul | fabric | 0       |
|       mul_16s_7s_23_1_0_U2711                                          | -   |        | r_V_3361       | mul | fabric | 0       |
|       mul_16s_10s_26_1_0_U2826                                         | -   |        | r_V_3362       | mul | fabric | 0       |
|       mul_16s_10s_26_1_0_U2762                                         | -   |        | r_V_3363       | mul | fabric | 0       |
|       mul_16s_10ns_26_1_0_U2818                                        | -   |        | r_V_3364       | mul | fabric | 0       |
|       mul_16s_10ns_26_1_0_U2717                                        | -   |        | r_V_3365       | mul | fabric | 0       |
|       mul_16s_9ns_25_1_0_U2736                                         | -   |        | r_V_3366       | mul | fabric | 0       |
|       r_V_3367_fu_85700_p2                                             | -   |        | r_V_3367       | sub | fabric | 0       |
|       mul_16s_9s_25_1_0_U2754                                          | -   |        | r_V_3368       | mul | fabric | 0       |
|       mul_16s_12s_26_1_0_U2812                                         | -   |        | mul_ln1270_112 | mul | fabric | 0       |
|       mul_16s_11ns_26_1_0_U2728                                        | -   |        | mul_ln1270_113 | mul | fabric | 0       |
|       mul_16s_10s_26_1_0_U2756                                         | -   |        | r_V_3369       | mul | fabric | 0       |
|       mul_16s_10s_26_1_0_U2708                                         | -   |        | r_V_3370       | mul | fabric | 0       |
|       mul_16s_10ns_26_1_0_U2734                                        | -   |        | r_V_3371       | mul | fabric | 0       |
|       mul_16s_10s_26_1_0_U2752                                         | -   |        | r_V_3372       | mul | fabric | 0       |
|       mul_16s_11ns_26_1_0_U2724                                        | -   |        | mul_ln1270_114 | mul | fabric | 0       |
|       add_ln813_fu_85813_p2                                            | -   |        | add_ln813      | add | fabric | 0       |
|       add_ln813_3718_fu_85819_p2                                       | -   |        | add_ln813_3718 | add | fabric | 0       |
|       add_ln813_3721_fu_85825_p2                                       | -   |        | add_ln813_3721 | add | fabric | 0       |
|       add_ln813_3724_fu_85831_p2                                       | -   |        | add_ln813_3724 | add | fabric | 0       |
|       add_ln813_3725_fu_85837_p2                                       | -   |        | add_ln813_3725 | add | fabric | 0       |
|       add_ln813_3728_fu_85843_p2                                       | -   |        | add_ln813_3728 | add | fabric | 0       |
|       add_ln813_3733_fu_85849_p2                                       | -   |        | add_ln813_3733 | add | fabric | 0       |
|       add_ln813_3735_fu_85855_p2                                       | -   |        | add_ln813_3735 | add | fabric | 0       |
|       add_ln813_3736_fu_85865_p2                                       | -   |        | add_ln813_3736 | add | fabric | 0       |
|       add_ln813_3737_fu_85875_p2                                       | -   |        | add_ln813_3737 | add | fabric | 0       |
|       add_ln813_3740_fu_85887_p2                                       | -   |        | add_ln813_3740 | add | fabric | 0       |
|       add_ln813_3743_fu_85913_p2                                       | -   |        | add_ln813_3743 | add | fabric | 0       |
|       add_ln813_3745_fu_85933_p2                                       | -   |        | add_ln813_3745 | add | fabric | 0       |
|       add_ln813_3748_fu_85939_p2                                       | -   |        | add_ln813_3748 | add | fabric | 0       |
|       add_ln813_3749_fu_85945_p2                                       | -   |        | add_ln813_3749 | add | fabric | 0       |
|       add_ln813_3752_fu_85951_p2                                       | -   |        | add_ln813_3752 | add | fabric | 0       |
|       add_ln813_3755_fu_85957_p2                                       | -   |        | add_ln813_3755 | add | fabric | 0       |
|       add_ln813_3756_fu_85963_p2                                       | -   |        | add_ln813_3756 | add | fabric | 0       |
|       add_ln813_3759_fu_85969_p2                                       | -   |        | add_ln813_3759 | add | fabric | 0       |
|       add_ln813_3764_fu_85975_p2                                       | -   |        | add_ln813_3764 | add | fabric | 0       |
|       add_ln813_3767_fu_85981_p2                                       | -   |        | add_ln813_3767 | add | fabric | 0       |
|       add_ln813_3770_fu_85987_p2                                       | -   |        | add_ln813_3770 | add | fabric | 0       |
|       add_ln813_3771_fu_85993_p2                                       | -   |        | add_ln813_3771 | add | fabric | 0       |
|       add_ln813_3774_fu_86005_p2                                       | -   |        | add_ln813_3774 | add | fabric | 0       |
|       add_ln813_3775_fu_86015_p2                                       | -   |        | add_ln813_3775 | add | fabric | 0       |
|       add_ln813_3780_fu_86031_p2                                       | -   |        | add_ln813_3780 | add | fabric | 0       |
|       add_ln813_3781_fu_86037_p2                                       | -   |        | add_ln813_3781 | add | fabric | 0       |
|       add_ln813_3784_fu_86043_p2                                       | -   |        | add_ln813_3784 | add | fabric | 0       |
|       add_ln813_3787_fu_86049_p2                                       | -   |        | add_ln813_3787 | add | fabric | 0       |
|       add_ln813_3788_fu_86055_p2                                       | -   |        | add_ln813_3788 | add | fabric | 0       |
|       add_ln813_3791_fu_86061_p2                                       | -   |        | add_ln813_3791 | add | fabric | 0       |
|       add_ln813_3796_fu_86067_p2                                       | -   |        | add_ln813_3796 | add | fabric | 0       |
|       add_ln813_3799_fu_86073_p2                                       | -   |        | add_ln813_3799 | add | fabric | 0       |
|       add_ln813_3802_fu_86079_p2                                       | -   |        | add_ln813_3802 | add | fabric | 0       |
|       add_ln813_3803_fu_86085_p2                                       | -   |        | add_ln813_3803 | add | fabric | 0       |
|       add_ln813_3805_fu_86091_p2                                       | -   |        | add_ln813_3805 | add | fabric | 0       |
|       add_ln813_3806_fu_86101_p2                                       | -   |        | add_ln813_3806 | add | fabric | 0       |
|       add_ln813_3807_fu_86111_p2                                       | -   |        | add_ln813_3807 | add | fabric | 0       |
|       add_ln813_3808_fu_86121_p2                                       | -   |        | add_ln813_3808 | add | fabric | 0       |
|       add_ln813_3812_fu_86127_p2                                       | -   |        | add_ln813_3812 | add | fabric | 0       |
|       add_ln813_3813_fu_86133_p2                                       | -   |        | add_ln813_3813 | add | fabric | 0       |
|       add_ln813_3816_fu_86139_p2                                       | -   |        | add_ln813_3816 | add | fabric | 0       |
|       add_ln813_3819_fu_86145_p2                                       | -   |        | add_ln813_3819 | add | fabric | 0       |
|       add_ln813_3820_fu_86151_p2                                       | -   |        | add_ln813_3820 | add | fabric | 0       |
|       add_ln813_3823_fu_86157_p2                                       | -   |        | add_ln813_3823 | add | fabric | 0       |
|       add_ln813_3828_fu_86163_p2                                       | -   |        | add_ln813_3828 | add | fabric | 0       |
|       add_ln813_3831_fu_86169_p2                                       | -   |        | add_ln813_3831 | add | fabric | 0       |
|       add_ln813_3834_fu_86175_p2                                       | -   |        | add_ln813_3834 | add | fabric | 0       |
|       add_ln813_3835_fu_86181_p2                                       | -   |        | add_ln813_3835 | add | fabric | 0       |
|       add_ln813_3838_fu_86193_p2                                       | -   |        | add_ln813_3838 | add | fabric | 0       |
|       add_ln813_3843_fu_86209_p2                                       | -   |        | add_ln813_3843 | add | fabric | 0       |
|       add_ln813_3844_fu_86215_p2                                       | -   |        | add_ln813_3844 | add | fabric | 0       |
|       add_ln813_3847_fu_86221_p2                                       | -   |        | add_ln813_3847 | add | fabric | 0       |
|       add_ln813_3850_fu_86227_p2                                       | -   |        | add_ln813_3850 | add | fabric | 0       |
|       add_ln813_3851_fu_86233_p2                                       | -   |        | add_ln813_3851 | add | fabric | 0       |
|       add_ln813_3854_fu_86239_p2                                       | -   |        | add_ln813_3854 | add | fabric | 0       |
|       add_ln813_3859_fu_86245_p2                                       | -   |        | add_ln813_3859 | add | fabric | 0       |
|       add_ln813_3862_fu_86251_p2                                       | -   |        | add_ln813_3862 | add | fabric | 0       |
|       add_ln813_3865_fu_86257_p2                                       | -   |        | add_ln813_3865 | add | fabric | 0       |
|       add_ln813_3866_fu_86263_p2                                       | -   |        | add_ln813_3866 | add | fabric | 0       |
|       add_ln813_3868_fu_86269_p2                                       | -   |        | add_ln813_3868 | add | fabric | 0       |
|       add_ln813_3869_fu_86279_p2                                       | -   |        | add_ln813_3869 | add | fabric | 0       |
|       add_ln813_3870_fu_86289_p2                                       | -   |        | add_ln813_3870 | add | fabric | 0       |
|       add_ln813_3871_fu_86299_p2                                       | -   |        | add_ln813_3871 | add | fabric | 0       |
|     + softmax_stable_ap_fixed_ap_fixed_16_6_5_3_0_softmax_config13_s   | 5   |        |                |     |        |         |
|       ret_V_fu_243_p2                                                  | -   |        | ret_V          | sub | fabric | 0       |
|       ret_V_1_fu_286_p2                                                | -   |        | ret_V_1        | sub | fabric | 0       |
|       ret_V_2_fu_329_p2                                                | -   |        | ret_V_2        | sub | fabric | 0       |
|       ret_V_3_fu_372_p2                                                | -   |        | ret_V_3        | sub | fabric | 0       |
|       ret_V_4_fu_415_p2                                                | -   |        | ret_V_4        | sub | fabric | 0       |
|       mul_mul_18s_18s_30_4_1_U2860                                     | 1   |        | mul_ln1270     | mul | dsp48  | 3       |
|       mul_mul_18s_18s_30_4_1_U2861                                     | 1   |        | mul_ln1270_1   | mul | dsp48  | 3       |
|       mul_mul_18s_18s_30_4_1_U2862                                     | 1   |        | mul_ln1270_2   | mul | dsp48  | 3       |
|       mul_mul_18s_18s_30_4_1_U2863                                     | 1   |        | mul_ln1270_3   | mul | dsp48  | 3       |
|       mul_mul_18s_18s_30_4_1_U2864                                     | 1   |        | mul_ln1270_4   | mul | dsp48  | 3       |
|  + write_result                                                        | 0   |        |                |     |        |         |
|   + write_result_Pipeline_VITIS_LOOP_21_1                              | 0   |        |                |     |        |         |
|     add_ln21_fu_185_p2                                                 | -   |        | add_ln21       | add | fabric | 0       |
+------------------------------------------------------------------------+-----+--------+----------------+-----+--------+---------+


================================================================
== Bind Storage Report
================================================================
+----------------------------------------------------------------------+------+------+--------+--------------+---------+------+---------+
| Name                                                                 | BRAM | URAM | Pragma | Variable     | Storage | Impl | Latency |
+----------------------------------------------------------------------+------+------+--------+--------------+---------+------+---------+
| + kernel_wrapper                                                     | 8    | 13   |        |              |         |      |         |
|   out_r_c_U                                                          | -    | -    |        | out_r_c      | fifo    | srl  | 0       |
|   in_buf_V_U                                                         | -    | 8    |        | in_buf_V     | ram_1p  | auto | 1       |
|   out_buf_V_U                                                        | -    | 1    |        | out_buf_V    | ram_1p  | auto | 1       |
|   out_buf_V_1_U                                                      | -    | 1    |        | out_buf_V_1  | ram_1p  | auto | 1       |
|   out_buf_V_2_U                                                      | -    | 1    |        | out_buf_V_2  | ram_1p  | auto | 1       |
|   out_buf_V_3_U                                                      | -    | 1    |        | out_buf_V_3  | ram_1p  | auto | 1       |
|   out_buf_V_4_U                                                      | -    | 1    |        | out_buf_V_4  | ram_1p  | auto | 1       |
|  + run_inference                                                     | 8    | 0    |        |              |         |      |         |
|   + dataflow_in_loop_VITIS_LOOP_15_1                                 | 8    | 0    |        |              |         |      |         |
|    + myproject                                                       | 8    | 0    |        |              |         |      |         |
|     + softmax_stable_ap_fixed_ap_fixed_16_6_5_3_0_softmax_config13_s | 8    | 0    |        |              |         |      |         |
|       exp_table_U                                                    | 6    | -    |        | exp_table    | rom_np  | auto | 1       |
|       invert_table_U                                                 | 2    | -    |        | invert_table | rom_1p  | auto | 1       |
+----------------------------------------------------------------------+------+------+--------+--------------+---------+------+---------+


================================================================
== Pragma Report
================================================================
* Valid Pragma Syntax
+----------------------+----------------------------------------------------------+-----------------------------------------------------------------------------------------------------------+
| Type                 | Options                                                  | Location                                                                                                  |
+----------------------+----------------------------------------------------------+-----------------------------------------------------------------------------------------------------------+
| array_reshape        | variable=fc1_input complete dim=0                        | ../../../../firmware/myproject.cpp:12 in myproject, fc1_input                                             |
| array_partition      | variable=layer13_out complete dim=0                      | ../../../../firmware/myproject.cpp:13 in myproject, layer13_out                                           |
| interface            | ap_vld port=fc1_input,layer13_out                        | ../../../../firmware/myproject.cpp:14 in myproject, fc1_input,layer13_out                                 |
| pipeline             |                                                          | ../../../../firmware/myproject.cpp:15 in myproject                                                        |
| array_partition      | variable=layer2_out complete dim=0                       | ../../../../firmware/myproject.cpp:40 in myproject, layer2_out                                            |
| array_partition      | variable=layer4_out complete dim=0                       | ../../../../firmware/myproject.cpp:44 in myproject, layer4_out                                            |
| array_partition      | variable=layer5_out complete dim=0                       | ../../../../firmware/myproject.cpp:48 in myproject, layer5_out                                            |
| array_partition      | variable=layer7_out complete dim=0                       | ../../../../firmware/myproject.cpp:52 in myproject, layer7_out                                            |
| array_partition      | variable=layer8_out complete dim=0                       | ../../../../firmware/myproject.cpp:56 in myproject, layer8_out                                            |
| array_partition      | variable=layer10_out complete dim=0                      | ../../../../firmware/myproject.cpp:60 in myproject, layer10_out                                           |
| array_partition      | variable=layer11_out complete dim=0                      | ../../../../firmware/myproject.cpp:64 in myproject, layer11_out                                           |
| pipeline             |                                                          | ../../../../firmware/nnet_utils/nnet_activation.h:29 in linear                                            |
| pipeline             |                                                          | ../../../../firmware/nnet_utils/nnet_activation.h:40 in relu                                              |
| pipeline             |                                                          | ../../../../firmware/nnet_utils/nnet_activation.h:54 in relu_max                                          |
| pipeline             |                                                          | ../../../../firmware/nnet_utils/nnet_activation.h:109 in sigmoid                                          |
| pipeline             |                                                          | ../../../../firmware/nnet_utils/nnet_activation.h:171 in softmax_latency                                  |
| array_partition      | variable=exp_res complete                                | ../../../../firmware/nnet_utils/nnet_activation.h:193 in softmax_latency, exp_res                         |
| unroll               |                                                          | ../../../../firmware/nnet_utils/nnet_activation.h:196 in softmax_latency                                  |
| unroll               |                                                          | ../../../../firmware/nnet_utils/nnet_activation.h:210 in softmax_latency                                  |
| pipeline             |                                                          | ../../../../firmware/nnet_utils/nnet_activation.h:217 in softmax_stable                                   |
| unroll               |                                                          | ../../../../firmware/nnet_utils/nnet_activation.h:244 in softmax_stable                                   |
| array_partition      | variable=exp_res complete                                | ../../../../firmware/nnet_utils/nnet_activation.h:250 in softmax_stable, exp_res                          |
| unroll               |                                                          | ../../../../firmware/nnet_utils/nnet_activation.h:253 in softmax_stable                                   |
| unroll               |                                                          | ../../../../firmware/nnet_utils/nnet_activation.h:267 in softmax_stable                                   |
| pipeline             |                                                          | ../../../../firmware/nnet_utils/nnet_activation.h:315 in softmax_legacy                                   |
| unroll               |                                                          | ../../../../firmware/nnet_utils/nnet_activation.h:360 in softmax_argmax                                   |
| pipeline             |                                                          | ../../../../firmware/nnet_utils/nnet_activation.h:368 in softmax_argmax                                   |
| inline               |                                                          | ../../../../firmware/nnet_utils/nnet_activation.h:380 in softmax                                          |
| pipeline             |                                                          | ../../../../firmware/nnet_utils/nnet_activation.h:427 in tanh                                             |
| pipeline             |                                                          | ../../../../firmware/nnet_utils/nnet_activation.h:449 in hard_sigmoid                                     |
| pipeline             |                                                          | ../../../../firmware/nnet_utils/nnet_activation.h:464 in hard_tanh                                        |
| pipeline             |                                                          | ../../../../firmware/nnet_utils/nnet_activation.h:482 in leaky_relu                                       |
| pipeline             |                                                          | ../../../../firmware/nnet_utils/nnet_activation.h:499 in thresholded_relu                                 |
| pipeline             |                                                          | ../../../../firmware/nnet_utils/nnet_activation.h:544 in softplus                                         |
| pipeline             |                                                          | ../../../../firmware/nnet_utils/nnet_activation.h:593 in softsign                                         |
| pipeline             |                                                          | ../../../../firmware/nnet_utils/nnet_activation.h:642 in elu                                              |
| pipeline             |                                                          | ../../../../firmware/nnet_utils/nnet_activation.h:698 in selu                                             |
| pipeline             |                                                          | ../../../../firmware/nnet_utils/nnet_activation.h:721 in prelu                                            |
| pipeline             |                                                          | ../../../../firmware/nnet_utils/nnet_activation.h:738 in binary_tanh                                      |
| pipeline             |                                                          | ../../../../firmware/nnet_utils/nnet_activation.h:758 in ternary_tanh                                     |
| pipeline             |                                                          | ../../../../firmware/nnet_utils/nnet_activation_stream.h:20 in linear                                     |
| unroll               |                                                          | ../../../../firmware/nnet_utils/nnet_activation_stream.h:28 in linear                                     |
| pipeline             |                                                          | ../../../../firmware/nnet_utils/nnet_activation_stream.h:42 in relu                                       |
| unroll               |                                                          | ../../../../firmware/nnet_utils/nnet_activation_stream.h:50 in relu                                       |
| pipeline             |                                                          | ../../../../firmware/nnet_utils/nnet_activation_stream.h:81 in sigmoid                                    |
| unroll               |                                                          | ../../../../firmware/nnet_utils/nnet_activation_stream.h:89 in sigmoid                                    |
| array_partition      | variable=exp_res complete                                | ../../../../firmware/nnet_utils/nnet_activation_stream.h:133 in softmax_latency, exp_res                  |
| pipeline             | II=ii                                                    | ../../../../firmware/nnet_utils/nnet_activation_stream.h:137 in softmax_latency                           |
| unroll               |                                                          | ../../../../firmware/nnet_utils/nnet_activation_stream.h:142 in softmax_latency                           |
| unroll               |                                                          | ../../../../firmware/nnet_utils/nnet_activation_stream.h:161 in softmax_latency                           |
| allocation           | operation instances=mul limit=multiplier_limit           | ../../../../firmware/nnet_utils/nnet_activation_stream.h:162 in softmax_latency                           |
| array_partition      | variable=data_array complete                             | ../../../../firmware/nnet_utils/nnet_activation_stream.h:194 in softmax_stable, data_array                |
| pipeline             | II=ii                                                    | ../../../../firmware/nnet_utils/nnet_activation_stream.h:197 in softmax_stable                            |
| unroll               |                                                          | ../../../../firmware/nnet_utils/nnet_activation_stream.h:202 in softmax_stable                            |
| unroll               |                                                          | ../../../../firmware/nnet_utils/nnet_activation_stream.h:214 in softmax_stable                            |
| array_partition      | variable=exp_res complete                                | ../../../../firmware/nnet_utils/nnet_activation_stream.h:220 in softmax_stable, exp_res                   |
| unroll               |                                                          | ../../../../firmware/nnet_utils/nnet_activation_stream.h:223 in softmax_stable                            |
| unroll               |                                                          | ../../../../firmware/nnet_utils/nnet_activation_stream.h:242 in softmax_stable                            |
| allocation           | operation instances=mul limit=multiplier_limit           | ../../../../firmware/nnet_utils/nnet_activation_stream.h:243 in softmax_stable                            |
| pipeline             |                                                          | ../../../../firmware/nnet_utils/nnet_activation_stream.h:275 in softmax_legacy                            |
| unroll               |                                                          | ../../../../firmware/nnet_utils/nnet_activation_stream.h:279 in softmax_legacy                            |
| unroll               |                                                          | ../../../../firmware/nnet_utils/nnet_activation_stream.h:286 in softmax_legacy                            |
| unroll               |                                                          | ../../../../firmware/nnet_utils/nnet_activation_stream.h:289 in softmax_legacy                            |
| unroll               |                                                          | ../../../../firmware/nnet_utils/nnet_activation_stream.h:312 in softmax_legacy                            |
| pipeline             |                                                          | ../../../../firmware/nnet_utils/nnet_activation_stream.h:329 in softmax_argmax                            |
| unroll               |                                                          | ../../../../firmware/nnet_utils/nnet_activation_stream.h:334 in softmax_argmax                            |
| pipeline             |                                                          | ../../../../firmware/nnet_utils/nnet_activation_stream.h:342 in softmax_argmax                            |
| pipeline             |                                                          | ../../../../firmware/nnet_utils/nnet_activation_stream.h:393 in tanh                                      |
| unroll               |                                                          | ../../../../firmware/nnet_utils/nnet_activation_stream.h:401 in tanh                                      |
| pipeline             |                                                          | ../../../../firmware/nnet_utils/nnet_activation_stream.h:424 in hard_sigmoid                              |
| unroll               |                                                          | ../../../../firmware/nnet_utils/nnet_activation_stream.h:432 in hard_sigmoid                              |
| pipeline             |                                                          | ../../../../firmware/nnet_utils/nnet_activation_stream.h:449 in hard_tanh                                 |
| unroll               |                                                          | ../../../../firmware/nnet_utils/nnet_activation_stream.h:457 in hard_tanh                                 |
| pipeline             |                                                          | ../../../../firmware/nnet_utils/nnet_activation_stream.h:478 in leaky_relu                                |
| unroll               |                                                          | ../../../../firmware/nnet_utils/nnet_activation_stream.h:486 in leaky_relu                                |
| pipeline             |                                                          | ../../../../firmware/nnet_utils/nnet_activation_stream.h:504 in thresholded_relu                          |
| unroll               |                                                          | ../../../../firmware/nnet_utils/nnet_activation_stream.h:512 in thresholded_relu                          |
| pipeline             |                                                          | ../../../../firmware/nnet_utils/nnet_activation_stream.h:543 in softplus                                  |
| unroll               |                                                          | ../../../../firmware/nnet_utils/nnet_activation_stream.h:551 in softplus                                  |
| pipeline             |                                                          | ../../../../firmware/nnet_utils/nnet_activation_stream.h:584 in softsign                                  |
| unroll               |                                                          | ../../../../firmware/nnet_utils/nnet_activation_stream.h:592 in softsign                                  |
| pipeline             |                                                          | ../../../../firmware/nnet_utils/nnet_activation_stream.h:625 in elu                                       |
| unroll               |                                                          | ../../../../firmware/nnet_utils/nnet_activation_stream.h:633 in elu                                       |
| pipeline             |                                                          | ../../../../firmware/nnet_utils/nnet_activation_stream.h:673 in selu                                      |
| unroll               |                                                          | ../../../../firmware/nnet_utils/nnet_activation_stream.h:681 in selu                                      |
| pipeline             |                                                          | ../../../../firmware/nnet_utils/nnet_activation_stream.h:705 in prelu                                     |
| unroll               |                                                          | ../../../../firmware/nnet_utils/nnet_activation_stream.h:713 in prelu                                     |
| pipeline             |                                                          | ../../../../firmware/nnet_utils/nnet_activation_stream.h:730 in binary_tanh                               |
| unroll               |                                                          | ../../../../firmware/nnet_utils/nnet_activation_stream.h:738 in binary_tanh                               |
| pipeline             |                                                          | ../../../../firmware/nnet_utils/nnet_activation_stream.h:755 in ternary_tanh                              |
| unroll               |                                                          | ../../../../firmware/nnet_utils/nnet_activation_stream.h:763 in ternary_tanh                              |
| inline               |                                                          | ../../../../firmware/nnet_utils/nnet_dense.h:39 in dense                                                  |
| unroll               |                                                          | ../../../../firmware/nnet_utils/nnet_dense_compressed.h:15 in fill_mult                                   |
| array_partition      | variable=acc complete                                    | ../../../../firmware/nnet_utils/nnet_dense_compressed.h:29 in dense_compressed, acc                       |
| array_partition      | variable=biases complete                                 | ../../../../firmware/nnet_utils/nnet_dense_compressed.h:30 in dense_compressed, biases                    |
| array_reshape        | variable=weights block factor=multiplier_limit           | ../../../../firmware/nnet_utils/nnet_dense_compressed.h:31 in dense_compressed, weights                   |
| aggregate            | variable=weights                                         | ../../../../firmware/nnet_utils/nnet_dense_compressed.h:34 in dense_compressed, weights                   |
| unroll               |                                                          | ../../../../firmware/nnet_utils/nnet_dense_compressed.h:41 in dense_compressed                            |
| pipeline             | II=1 rewind                                              | ../../../../firmware/nnet_utils/nnet_dense_compressed.h:49 in dense_compressed                            |
| array_partition      | variable=mult complete                                   | ../../../../firmware/nnet_utils/nnet_dense_compressed.h:52 in dense_compressed, mult                      |
| unroll               |                                                          | ../../../../firmware/nnet_utils/nnet_dense_compressed.h:56 in dense_compressed                            |
| unroll               |                                                          | ../../../../firmware/nnet_utils/nnet_dense_compressed.h:62 in dense_compressed                            |
| unroll               |                                                          | ../../../../firmware/nnet_utils/nnet_dense_compressed.h:82 in dense_compressed                            |
| function_instantiate | variable=weights,biases                                  | ../../../../firmware/nnet_utils/nnet_dense_latency.h:21 in dense_latency, weights,biases                  |
| pipeline             | II=CONFIG_T::reuse_factor                                | ../../../../firmware/nnet_utils/nnet_dense_latency.h:26 in dense_latency                                  |
| array_partition      | variable=biases complete                                 | ../../../../firmware/nnet_utils/nnet_dense_latency.h:29 in dense_latency, biases                          |
| array_partition      | variable=mult complete                                   | ../../../../firmware/nnet_utils/nnet_dense_latency.h:30 in dense_latency, mult                            |
| array_partition      | variable=acc complete                                    | ../../../../firmware/nnet_utils/nnet_dense_latency.h:31 in dense_latency, acc                             |
| allocation           | operation instances=mul limit=CONFIG_T::multiplier_limit | ../../../../firmware/nnet_utils/nnet_dense_latency.h:33 in dense_latency                                  |
| function_instantiate | variable=weights,biases                                  | ../../../../firmware/nnet_utils/nnet_dense_resource.h:28 in dense_resource_rf_leq_nin, weights,biases     |
| array_reshape        | variable=weights block factor=block_factor               | ../../../../firmware/nnet_utils/nnet_dense_resource.h:30 in dense_resource_rf_leq_nin, weights            |
| array_partition      | variable=biases complete                                 | ../../../../firmware/nnet_utils/nnet_dense_resource.h:31 in dense_resource_rf_leq_nin, biases             |
| array_partition      | variable=acc complete                                    | ../../../../firmware/nnet_utils/nnet_dense_resource.h:34 in dense_resource_rf_leq_nin, acc                |
| unroll               |                                                          | ../../../../firmware/nnet_utils/nnet_dense_resource.h:38 in dense_resource_rf_leq_nin                     |
| pipeline             | II=1 rewind                                              | ../../../../firmware/nnet_utils/nnet_dense_resource.h:44 in dense_resource_rf_leq_nin                     |
| unroll               |                                                          | ../../../../firmware/nnet_utils/nnet_dense_resource.h:53 in dense_resource_rf_leq_nin                     |
| unroll               |                                                          | ../../../../firmware/nnet_utils/nnet_dense_resource.h:78 in dense_resource_rf_leq_nin                     |
| function_instantiate | variable=weights,biases                                  | ../../../../firmware/nnet_utils/nnet_dense_resource.h:99 in dense_resource_rf_gt_nin_rem0, weights,biases |
| array_reshape        | variable=weights block factor=block_factor               | ../../../../firmware/nnet_utils/nnet_dense_resource.h:101 in dense_resource_rf_gt_nin_rem0, weights       |
| array_partition      | variable=biases complete                                 | ../../../../firmware/nnet_utils/nnet_dense_resource.h:102 in dense_resource_rf_gt_nin_rem0, biases        |
| array_partition      | variable=acc complete                                    | ../../../../firmware/nnet_utils/nnet_dense_resource.h:105 in dense_resource_rf_gt_nin_rem0, acc           |
| unroll               |                                                          | ../../../../firmware/nnet_utils/nnet_dense_resource.h:109 in dense_resource_rf_gt_nin_rem0                |
| pipeline             | II=1 rewind                                              | ../../../../firmware/nnet_utils/nnet_dense_resource.h:130 in dense_resource_rf_gt_nin_rem0                |
| unroll               |                                                          | ../../../../firmware/nnet_utils/nnet_dense_resource.h:137 in dense_resource_rf_gt_nin_rem0                |
| unroll               |                                                          | ../../../../firmware/nnet_utils/nnet_dense_resource.h:157 in dense_resource_rf_gt_nin_rem0                |
| function_instantiate | variable=weights,biases                                  | ../../../../firmware/nnet_utils/nnet_dense_resource.h:178 in dense_resource_rf_gt_nin, weights,biases     |
| array_reshape        | variable=weights block factor=block_factor               | ../../../../firmware/nnet_utils/nnet_dense_resource.h:180 in dense_resource_rf_gt_nin, weights            |
| array_partition      | variable=biases complete                                 | ../../../../firmware/nnet_utils/nnet_dense_resource.h:181 in dense_resource_rf_gt_nin, biases             |
| array_partition      | variable=acc complete                                    | ../../../../firmware/nnet_utils/nnet_dense_resource.h:184 in dense_resource_rf_gt_nin, acc                |
| unroll               |                                                          | ../../../../firmware/nnet_utils/nnet_dense_resource.h:188 in dense_resource_rf_gt_nin                     |
| pipeline             | II=1 rewind                                              | ../../../../firmware/nnet_utils/nnet_dense_resource.h:194 in dense_resource_rf_gt_nin                     |
| array_partition      | variable=tmpmult complete                                | ../../../../firmware/nnet_utils/nnet_dense_resource.h:196 in dense_resource_rf_gt_nin, tmpmult            |
| unroll               |                                                          | ../../../../firmware/nnet_utils/nnet_dense_resource.h:200 in dense_resource_rf_gt_nin                     |
| array_partition      | variable=mult complete                                   | ../../../../firmware/nnet_utils/nnet_dense_resource.h:210 in dense_resource_rf_gt_nin, mult               |
| unroll               |                                                          | ../../../../firmware/nnet_utils/nnet_dense_resource.h:214 in dense_resource_rf_gt_nin                     |
| unroll               |                                                          | ../../../../firmware/nnet_utils/nnet_dense_resource.h:220 in dense_resource_rf_gt_nin                     |
| unroll               |                                                          | ../../../../firmware/nnet_utils/nnet_dense_resource.h:230 in dense_resource_rf_gt_nin                     |
| unroll               |                                                          | ../../../../firmware/nnet_utils/nnet_dense_resource.h:240 in dense_resource_rf_gt_nin                     |
| inline               | recursive                                                | ../../../../firmware/nnet_utils/nnet_dense_resource.h:250 in dense_resource                               |
| inline               | recursive                                                | ../../../../firmware/nnet_utils/nnet_dense_stream.h:16 in dense_wrapper                                   |
| pipeline             | II=CONFIG_T::reuse_factor                                | ../../../../firmware/nnet_utils/nnet_dense_stream.h:18 in dense_wrapper                                   |
| array_partition      | variable=data complete                                   | ../../../../firmware/nnet_utils/nnet_dense_stream.h:30 in dense, data                                     |
| array_partition      | variable=res complete                                    | ../../../../firmware/nnet_utils/nnet_dense_stream.h:33 in dense, res                                      |
| pipeline             |                                                          | ../../../../firmware/nnet_utils/nnet_dense_stream.h:38 in dense                                           |
| unroll               |                                                          | ../../../../firmware/nnet_utils/nnet_dense_stream.h:43 in dense                                           |
| pipeline             |                                                          | ../../../../firmware/nnet_utils/nnet_dense_stream.h:53 in dense                                           |
| unroll               |                                                          | ../../../../firmware/nnet_utils/nnet_dense_stream.h:59 in dense                                           |
| inline               |                                                          | ../../../../firmware/nnet_utils/nnet_mult.h:25 in product                                                 |
| inline               |                                                          | ../../../../firmware/nnet_utils/nnet_mult.h:34 in product                                                 |
| inline               |                                                          | ../../../../firmware/nnet_utils/nnet_mult.h:46 in product                                                 |
| inline               |                                                          | ../../../../firmware/nnet_utils/nnet_mult.h:58 in product                                                 |
| inline               |                                                          | ../../../../firmware/nnet_utils/nnet_mult.h:72 in product                                                 |
| inline               |                                                          | ../../../../firmware/nnet_utils/nnet_mult.h:82 in product                                                 |
| pipeline             |                                                          | ../../../../firmware/nnet_utils/nnet_stream.h:23 in clone_stream                                          |
| unroll               |                                                          | ../../../../firmware/nnet_utils/nnet_stream.h:33 in clone_stream                                          |
| pipeline             |                                                          | ../../../../firmware/nnet_utils/nnet_stream.h:47 in clone_stream                                          |
| unroll               |                                                          | ../../../../firmware/nnet_utils/nnet_stream.h:59 in clone_stream                                          |
| pipeline             |                                                          | ../../../../firmware/nnet_utils/nnet_stream.h:74 in repack_stream                                         |
| unroll               |                                                          | ../../../../firmware/nnet_utils/nnet_stream.h:81 in repack_stream                                         |
| pipeline             |                                                          | ../../../../firmware/nnet_utils/nnet_stream.h:91 in repack_stream                                         |
| pipeline             |                                                          | ../../../../firmware/nnet_utils/nnet_stream.h:99 in repack_stream                                         |
| unroll               |                                                          | ../../../../firmware/nnet_utils/nnet_stream.h:103 in repack_stream                                        |
| pipeline             |                                                          | ../../../../firmware/nnet_utils/nnet_stream.h:114 in repack_stream                                        |
| unroll               |                                                          | ../../../../firmware/nnet_utils/nnet_stream.h:118 in repack_stream                                        |
| pipeline             |                                                          | ../../../../firmware/nnet_utils/nnet_stream.h:139 in broadcast_stream_1x1xc                               |
| pipeline             |                                                          | ../../../../firmware/nnet_utils/nnet_stream.h:142 in broadcast_stream_1x1xc                               |
| unroll               |                                                          | ../../../../firmware/nnet_utils/nnet_stream.h:146 in broadcast_stream_1x1xc                               |
| pipeline             |                                                          | ../../../../firmware/nnet_utils/nnet_stream.h:160 in broadcast_stream_hxwx1                               |
| unroll               |                                                          | ../../../../firmware/nnet_utils/nnet_stream.h:165 in broadcast_stream_hxwx1                               |
| array_partition      | variable=data_array complete                             | ../../../../firmware/nnet_utils/nnet_stream.h:185 in transpose_2d, data_array                             |
| pipeline             |                                                          | ../../../../firmware/nnet_utils/nnet_stream.h:188 in transpose_2d                                         |
| pipeline             |                                                          | ../../../../firmware/nnet_utils/nnet_stream.h:196 in transpose_2d                                         |
| unroll               |                                                          | ../../../../firmware/nnet_utils/nnet_types.h:28 in operator=                                              |
| pipeline             |                                                          | ../../../../kernel_wrapper.cpp:6 in read_input                                                            |
| unroll               |                                                          | ../../../../kernel_wrapper.cpp:8 in read_input                                                            |
| dataflow             |                                                          | ../../../../kernel_wrapper.cpp:16 in run_inference                                                        |
| pipeline             |                                                          | ../../../../kernel_wrapper.cpp:22 in write_result                                                         |
| unroll               |                                                          | ../../../../kernel_wrapper.cpp:24 in write_result                                                         |
| array_reshape        | variable=in_buf complete dim=2                           | ../../../../kernel_wrapper.cpp:39 in kernel_wrapper, in_buf                                               |
| array_reshape        | variable=out_buf complete dim=2                          | ../../../../kernel_wrapper.cpp:40 in kernel_wrapper, out_buf                                              |
| dataflow             |                                                          | ../../../../kernel_wrapper.cpp:42 in kernel_wrapper                                                       |
+----------------------+----------------------------------------------------------+-----------------------------------------------------------------------------------------------------------+


