

================================================================
== Vitis HLS Report for 'dense_latency_ap_fixed_16_6_5_3_0_ap_fixed_16_6_5_3_0_config11_s'
================================================================
* Date:           Sat Aug 24 01:35:58 2024

* Version:        2022.2 (Build 3670227 on Oct 13 2022)
* Project:        kernel_wrapper
* Solution:       solution (Vitis Kernel Flow Target)
* Product family: versal
* Target device:  xcvc1902-vsvd1760-2MP-e-S


================================================================
== Performance Estimates
================================================================
+ Timing: 
    * Summary: 
    +--------+---------+----------+------------+
    |  Clock |  Target | Estimated| Uncertainty|
    +--------+---------+----------+------------+
    |ap_clk  |  5.00 ns|  3.618 ns|     1.35 ns|
    +--------+---------+----------+------------+

+ Latency: 
    * Summary: 
    +---------+---------+----------+----------+-----+-----+---------+
    |  Latency (cycles) |  Latency (absolute) |  Interval | Pipeline|
    |   min   |   max   |    min   |    max   | min | max |   Type  |
    +---------+---------+----------+----------+-----+-----+---------+
    |        1|        1|  5.000 ns|  5.000 ns|    1|    1|      yes|
    +---------+---------+----------+----------+-----+-----+---------+

    + Detail: 
        * Instance: 
        N/A

        * Loop: 
        N/A

============================================================
+ Verbose Summary: Synthesis Manager
============================================================
InlineROM: 1
ExposeGlobal: 0
============================================================
+ Verbose Summary: CDFG Model
============================================================
IsTopModel: 0
ResetActiveHigh: 1
IsCombinational: 0
IsDatapathOnly: 0
HasWiredReturn: 1
HasMFsm: 2
HasVarLatency: 0
IsPipeline: 1
IsRtlPipelined: 1
IsInstanceOverlapped: 0
IsDontTouch: 0
HasImplIP: 0
IsGatedGlobalClock: 0

+ Individual pipeline summary: 
  * Pipeline-0: initiation interval (II) = 1, depth = 2


============================================================
+ Verbose Summary: Schedule
============================================================
* Number of FSM states : 2
* Pipeline : 1
  Pipeline-0 : II = 1, D = 2, States = { 1 2 }
* Dataflow Pipeline: 0

* FSM state transitions: 
1 --> 2 
2 --> 

* FSM state operations: 

State 1 <SV = 0> <Delay = 3.61>
ST_1 : Operation 3 [1/1] (0.00ns)   --->   "%p_read3163 = read i16 @_ssdm_op_Read.ap_auto.i16, i16 %p_read31" [/home/kaxiotis/Vitis_Accel_Projects/vitis_accel_prj/firmware/nnet_utils/nnet_mult.h:70]   --->   Operation 3 'read' 'p_read3163' <Predicate = true> <Delay = 0.00>
ST_1 : Operation 4 [1/1] (0.00ns)   --->   "%p_read3062 = read i16 @_ssdm_op_Read.ap_auto.i16, i16 %p_read30" [/home/kaxiotis/Vitis_Accel_Projects/vitis_accel_prj/firmware/nnet_utils/nnet_mult.h:70]   --->   Operation 4 'read' 'p_read3062' <Predicate = true> <Delay = 0.00>
ST_1 : Operation 5 [1/1] (0.00ns)   --->   "%p_read_175 = read i16 @_ssdm_op_Read.ap_auto.i16, i16 %p_read29" [/home/kaxiotis/Vitis_Accel_Projects/vitis_accel_prj/firmware/nnet_utils/nnet_mult.h:70]   --->   Operation 5 'read' 'p_read_175' <Predicate = true> <Delay = 0.00>
ST_1 : Operation 6 [1/1] (0.00ns)   --->   "%p_read_176 = read i16 @_ssdm_op_Read.ap_auto.i16, i16 %p_read28" [/home/kaxiotis/Vitis_Accel_Projects/vitis_accel_prj/firmware/nnet_utils/nnet_mult.h:70]   --->   Operation 6 'read' 'p_read_176' <Predicate = true> <Delay = 0.00>
ST_1 : Operation 7 [1/1] (0.00ns)   --->   "%p_read_177 = read i16 @_ssdm_op_Read.ap_auto.i16, i16 %p_read27" [/home/kaxiotis/Vitis_Accel_Projects/vitis_accel_prj/firmware/nnet_utils/nnet_mult.h:70]   --->   Operation 7 'read' 'p_read_177' <Predicate = true> <Delay = 0.00>
ST_1 : Operation 8 [1/1] (0.00ns)   --->   "%p_read_178 = read i16 @_ssdm_op_Read.ap_auto.i16, i16 %p_read26" [/home/kaxiotis/Vitis_Accel_Projects/vitis_accel_prj/firmware/nnet_utils/nnet_mult.h:70]   --->   Operation 8 'read' 'p_read_178' <Predicate = true> <Delay = 0.00>
ST_1 : Operation 9 [1/1] (0.00ns)   --->   "%p_read_179 = read i16 @_ssdm_op_Read.ap_auto.i16, i16 %p_read25" [/home/kaxiotis/Vitis_Accel_Projects/vitis_accel_prj/firmware/nnet_utils/nnet_mult.h:70]   --->   Operation 9 'read' 'p_read_179' <Predicate = true> <Delay = 0.00>
ST_1 : Operation 10 [1/1] (0.00ns)   --->   "%p_read_180 = read i16 @_ssdm_op_Read.ap_auto.i16, i16 %p_read24" [/home/kaxiotis/Vitis_Accel_Projects/vitis_accel_prj/firmware/nnet_utils/nnet_mult.h:70]   --->   Operation 10 'read' 'p_read_180' <Predicate = true> <Delay = 0.00>
ST_1 : Operation 11 [1/1] (0.00ns)   --->   "%p_read_181 = read i16 @_ssdm_op_Read.ap_auto.i16, i16 %p_read23" [/home/kaxiotis/Vitis_Accel_Projects/vitis_accel_prj/firmware/nnet_utils/nnet_mult.h:70]   --->   Operation 11 'read' 'p_read_181' <Predicate = true> <Delay = 0.00>
ST_1 : Operation 12 [1/1] (0.00ns)   --->   "%p_read_182 = read i16 @_ssdm_op_Read.ap_auto.i16, i16 %p_read22" [/home/kaxiotis/Vitis_Accel_Projects/vitis_accel_prj/firmware/nnet_utils/nnet_mult.h:70]   --->   Operation 12 'read' 'p_read_182' <Predicate = true> <Delay = 0.00>
ST_1 : Operation 13 [1/1] (0.00ns)   --->   "%p_read2153 = read i16 @_ssdm_op_Read.ap_auto.i16, i16 %p_read21" [/home/kaxiotis/Vitis_Accel_Projects/vitis_accel_prj/firmware/nnet_utils/nnet_mult.h:70]   --->   Operation 13 'read' 'p_read2153' <Predicate = true> <Delay = 0.00>
ST_1 : Operation 14 [1/1] (0.00ns)   --->   "%p_read2052 = read i16 @_ssdm_op_Read.ap_auto.i16, i16 %p_read20" [/home/kaxiotis/Vitis_Accel_Projects/vitis_accel_prj/firmware/nnet_utils/nnet_mult.h:70]   --->   Operation 14 'read' 'p_read2052' <Predicate = true> <Delay = 0.00>
ST_1 : Operation 15 [1/1] (0.00ns)   --->   "%p_read_183 = read i16 @_ssdm_op_Read.ap_auto.i16, i16 %p_read19" [/home/kaxiotis/Vitis_Accel_Projects/vitis_accel_prj/firmware/nnet_utils/nnet_mult.h:70]   --->   Operation 15 'read' 'p_read_183' <Predicate = true> <Delay = 0.00>
ST_1 : Operation 16 [1/1] (0.00ns)   --->   "%p_read_184 = read i16 @_ssdm_op_Read.ap_auto.i16, i16 %p_read18" [/home/kaxiotis/Vitis_Accel_Projects/vitis_accel_prj/firmware/nnet_utils/nnet_mult.h:70]   --->   Operation 16 'read' 'p_read_184' <Predicate = true> <Delay = 0.00>
ST_1 : Operation 17 [1/1] (0.00ns)   --->   "%p_read_185 = read i16 @_ssdm_op_Read.ap_auto.i16, i16 %p_read17" [/home/kaxiotis/Vitis_Accel_Projects/vitis_accel_prj/firmware/nnet_utils/nnet_mult.h:70]   --->   Operation 17 'read' 'p_read_185' <Predicate = true> <Delay = 0.00>
ST_1 : Operation 18 [1/1] (0.00ns)   --->   "%p_read_186 = read i16 @_ssdm_op_Read.ap_auto.i16, i16 %p_read16" [/home/kaxiotis/Vitis_Accel_Projects/vitis_accel_prj/firmware/nnet_utils/nnet_mult.h:70]   --->   Operation 18 'read' 'p_read_186' <Predicate = true> <Delay = 0.00>
ST_1 : Operation 19 [1/1] (0.00ns)   --->   "%p_read_187 = read i16 @_ssdm_op_Read.ap_auto.i16, i16 %p_read15" [/home/kaxiotis/Vitis_Accel_Projects/vitis_accel_prj/firmware/nnet_utils/nnet_mult.h:70]   --->   Operation 19 'read' 'p_read_187' <Predicate = true> <Delay = 0.00>
ST_1 : Operation 20 [1/1] (0.00ns)   --->   "%p_read_188 = read i16 @_ssdm_op_Read.ap_auto.i16, i16 %p_read14" [/home/kaxiotis/Vitis_Accel_Projects/vitis_accel_prj/firmware/nnet_utils/nnet_mult.h:70]   --->   Operation 20 'read' 'p_read_188' <Predicate = true> <Delay = 0.00>
ST_1 : Operation 21 [1/1] (0.00ns)   --->   "%p_read_189 = read i16 @_ssdm_op_Read.ap_auto.i16, i16 %p_read13" [/home/kaxiotis/Vitis_Accel_Projects/vitis_accel_prj/firmware/nnet_utils/nnet_mult.h:70]   --->   Operation 21 'read' 'p_read_189' <Predicate = true> <Delay = 0.00>
ST_1 : Operation 22 [1/1] (0.00ns)   --->   "%p_read_190 = read i16 @_ssdm_op_Read.ap_auto.i16, i16 %p_read12" [/home/kaxiotis/Vitis_Accel_Projects/vitis_accel_prj/firmware/nnet_utils/nnet_mult.h:70]   --->   Operation 22 'read' 'p_read_190' <Predicate = true> <Delay = 0.00>
ST_1 : Operation 23 [1/1] (0.00ns)   --->   "%p_read1143 = read i16 @_ssdm_op_Read.ap_auto.i16, i16 %p_read11" [/home/kaxiotis/Vitis_Accel_Projects/vitis_accel_prj/firmware/nnet_utils/nnet_mult.h:70]   --->   Operation 23 'read' 'p_read1143' <Predicate = true> <Delay = 0.00>
ST_1 : Operation 24 [1/1] (0.00ns)   --->   "%p_read1042 = read i16 @_ssdm_op_Read.ap_auto.i16, i16 %p_read10" [/home/kaxiotis/Vitis_Accel_Projects/vitis_accel_prj/firmware/nnet_utils/nnet_mult.h:70]   --->   Operation 24 'read' 'p_read1042' <Predicate = true> <Delay = 0.00>
ST_1 : Operation 25 [1/1] (0.00ns)   --->   "%p_read941 = read i16 @_ssdm_op_Read.ap_auto.i16, i16 %p_read9" [/home/kaxiotis/Vitis_Accel_Projects/vitis_accel_prj/firmware/nnet_utils/nnet_mult.h:70]   --->   Operation 25 'read' 'p_read941' <Predicate = true> <Delay = 0.00>
ST_1 : Operation 26 [1/1] (0.00ns)   --->   "%p_read840 = read i16 @_ssdm_op_Read.ap_auto.i16, i16 %p_read8" [/home/kaxiotis/Vitis_Accel_Projects/vitis_accel_prj/firmware/nnet_utils/nnet_mult.h:70]   --->   Operation 26 'read' 'p_read840' <Predicate = true> <Delay = 0.00>
ST_1 : Operation 27 [1/1] (0.00ns)   --->   "%p_read739 = read i16 @_ssdm_op_Read.ap_auto.i16, i16 %p_read7" [/home/kaxiotis/Vitis_Accel_Projects/vitis_accel_prj/firmware/nnet_utils/nnet_mult.h:70]   --->   Operation 27 'read' 'p_read739' <Predicate = true> <Delay = 0.00>
ST_1 : Operation 28 [1/1] (0.00ns)   --->   "%p_read638 = read i16 @_ssdm_op_Read.ap_auto.i16, i16 %p_read6" [/home/kaxiotis/Vitis_Accel_Projects/vitis_accel_prj/firmware/nnet_utils/nnet_mult.h:70]   --->   Operation 28 'read' 'p_read638' <Predicate = true> <Delay = 0.00>
ST_1 : Operation 29 [1/1] (0.00ns)   --->   "%p_read537 = read i16 @_ssdm_op_Read.ap_auto.i16, i16 %p_read5" [/home/kaxiotis/Vitis_Accel_Projects/vitis_accel_prj/firmware/nnet_utils/nnet_mult.h:70]   --->   Operation 29 'read' 'p_read537' <Predicate = true> <Delay = 0.00>
ST_1 : Operation 30 [1/1] (0.00ns)   --->   "%p_read436 = read i16 @_ssdm_op_Read.ap_auto.i16, i16 %p_read4" [/home/kaxiotis/Vitis_Accel_Projects/vitis_accel_prj/firmware/nnet_utils/nnet_mult.h:70]   --->   Operation 30 'read' 'p_read436' <Predicate = true> <Delay = 0.00>
ST_1 : Operation 31 [1/1] (0.00ns)   --->   "%p_read335 = read i16 @_ssdm_op_Read.ap_auto.i16, i16 %p_read3" [/home/kaxiotis/Vitis_Accel_Projects/vitis_accel_prj/firmware/nnet_utils/nnet_mult.h:70]   --->   Operation 31 'read' 'p_read335' <Predicate = true> <Delay = 0.00>
ST_1 : Operation 32 [1/1] (0.00ns)   --->   "%p_read234 = read i16 @_ssdm_op_Read.ap_auto.i16, i16 %p_read2" [/home/kaxiotis/Vitis_Accel_Projects/vitis_accel_prj/firmware/nnet_utils/nnet_mult.h:70]   --->   Operation 32 'read' 'p_read234' <Predicate = true> <Delay = 0.00>
ST_1 : Operation 33 [1/1] (0.00ns)   --->   "%p_read133 = read i16 @_ssdm_op_Read.ap_auto.i16, i16 %p_read1" [/home/kaxiotis/Vitis_Accel_Projects/vitis_accel_prj/firmware/nnet_utils/nnet_mult.h:70]   --->   Operation 33 'read' 'p_read133' <Predicate = true> <Delay = 0.00>
ST_1 : Operation 34 [1/1] (0.00ns)   --->   "%p_read32 = read i16 @_ssdm_op_Read.ap_auto.i16, i16 %p_read" [/home/kaxiotis/Vitis_Accel_Projects/vitis_accel_prj/firmware/nnet_utils/nnet_mult.h:70]   --->   Operation 34 'read' 'p_read32' <Predicate = true> <Delay = 0.00>
ST_1 : Operation 35 [1/1] (0.00ns)   --->   "%sext_ln70 = sext i16 %p_read32" [/home/kaxiotis/Vitis_Accel_Projects/vitis_accel_prj/firmware/nnet_utils/nnet_mult.h:70]   --->   Operation 35 'sext' 'sext_ln70' <Predicate = true> <Delay = 0.00>
ST_1 : Operation 36 [1/1] (0.00ns)   --->   "%sext_ln70_714 = sext i16 %p_read32" [/home/kaxiotis/Vitis_Accel_Projects/vitis_accel_prj/firmware/nnet_utils/nnet_mult.h:70]   --->   Operation 36 'sext' 'sext_ln70_714' <Predicate = true> <Delay = 0.00>
ST_1 : Operation 37 [1/1] (0.00ns)   --->   "%sext_ln70_715 = sext i16 %p_read32" [/home/kaxiotis/Vitis_Accel_Projects/vitis_accel_prj/firmware/nnet_utils/nnet_mult.h:70]   --->   Operation 37 'sext' 'sext_ln70_715' <Predicate = true> <Delay = 0.00>
ST_1 : Operation 38 [1/1] (0.00ns)   --->   "%shl_ln = bitconcatenate i22 @_ssdm_op_BitConcatenate.i22.i16.i6, i16 %p_read32, i6 0"   --->   Operation 38 'bitconcatenate' 'shl_ln' <Predicate = true> <Delay = 0.00>
ST_1 : Operation 39 [1/1] (0.00ns)   --->   "%sext_ln1273 = sext i22 %shl_ln"   --->   Operation 39 'sext' 'sext_ln1273' <Predicate = true> <Delay = 0.00>
ST_1 : Operation 40 [1/1] (0.00ns)   --->   "%shl_ln1273_s = bitconcatenate i18 @_ssdm_op_BitConcatenate.i18.i16.i2, i16 %p_read32, i2 0"   --->   Operation 40 'bitconcatenate' 'shl_ln1273_s' <Predicate = true> <Delay = 0.00>
ST_1 : Operation 41 [1/1] (0.00ns)   --->   "%sext_ln1273_905 = sext i18 %shl_ln1273_s"   --->   Operation 41 'sext' 'sext_ln1273_905' <Predicate = true> <Delay = 0.00>
ST_1 : Operation 42 [1/1] (0.85ns)   --->   "%r_V = sub i23 %sext_ln1273_905, i23 %sext_ln1273"   --->   Operation 42 'sub' 'r_V' <Predicate = true> <Delay = 0.85> <CoreInst = "Adder">   --->   Core 1 'Adder' <Latency = 0> <II = 1> <Delay = 0.85> <FuncUnit> <Opcode : 'add' 'sub'> <InPorts = 2> <OutPorts = 1>
ST_1 : Operation 43 [1/1] (0.00ns)   --->   "%trunc_ln = partselect i13 @_ssdm_op_PartSelect.i13.i23.i32.i32, i23 %r_V, i32 10, i32 22"   --->   Operation 43 'partselect' 'trunc_ln' <Predicate = true> <Delay = 0.00>
ST_1 : Operation 44 [1/1] (0.00ns)   --->   "%sext_ln1273_906 = sext i13 %trunc_ln"   --->   Operation 44 'sext' 'sext_ln1273_906' <Predicate = true> <Delay = 0.00>
ST_1 : Operation 45 [1/1] (1.89ns)   --->   "%r_V_3242 = mul i23 %sext_ln70_715, i23 8388558"   --->   Operation 45 'mul' 'r_V_3242' <Predicate = true> <Delay = 1.89> <CoreInst = "Mul_LUT">   --->   Core 4 'Mul_LUT' <Latency = 0> <II = 1> <Delay = 1.89> <FuncUnit> <Opcode : 'mul'> <InPorts = 2> <OutPorts = 1>
ST_1 : Operation 46 [1/1] (0.00ns)   --->   "%trunc_ln818_5 = partselect i13 @_ssdm_op_PartSelect.i13.i23.i32.i32, i23 %r_V_3242, i32 10, i32 22"   --->   Operation 46 'partselect' 'trunc_ln818_5' <Predicate = true> <Delay = 0.00>
ST_1 : Operation 47 [1/1] (0.00ns)   --->   "%sext_ln1273_907 = sext i13 %trunc_ln818_5"   --->   Operation 47 'sext' 'sext_ln1273_907' <Predicate = true> <Delay = 0.00>
ST_1 : Operation 48 [1/1] (2.09ns)   --->   "%r_V_3243 = mul i26 %sext_ln70_714, i26 301"   --->   Operation 48 'mul' 'r_V_3243' <Predicate = true> <Delay = 2.09> <CoreInst = "Mul_LUT">   --->   Core 4 'Mul_LUT' <Latency = 0> <II = 1> <Delay = 2.09> <FuncUnit> <Opcode : 'mul'> <InPorts = 2> <OutPorts = 1>
ST_1 : Operation 49 [1/1] (0.00ns)   --->   "%trunc_ln818_6 = partselect i16 @_ssdm_op_PartSelect.i16.i26.i32.i32, i26 %r_V_3243, i32 10, i32 25"   --->   Operation 49 'partselect' 'trunc_ln818_6' <Predicate = true> <Delay = 0.00>
ST_1 : Operation 50 [1/1] (1.97ns)   --->   "%r_V_3244 = mul i24 %sext_ln70, i24 16777128"   --->   Operation 50 'mul' 'r_V_3244' <Predicate = true> <Delay = 1.97> <CoreInst = "Mul_LUT">   --->   Core 4 'Mul_LUT' <Latency = 0> <II = 1> <Delay = 1.97> <FuncUnit> <Opcode : 'mul'> <InPorts = 2> <OutPorts = 1>
ST_1 : Operation 51 [1/1] (0.00ns)   --->   "%trunc_ln818_7 = partselect i14 @_ssdm_op_PartSelect.i14.i24.i32.i32, i24 %r_V_3244, i32 10, i32 23"   --->   Operation 51 'partselect' 'trunc_ln818_7' <Predicate = true> <Delay = 0.00>
ST_1 : Operation 52 [1/1] (0.00ns)   --->   "%sext_ln1273_908 = sext i14 %trunc_ln818_7"   --->   Operation 52 'sext' 'sext_ln1273_908' <Predicate = true> <Delay = 0.00>
ST_1 : Operation 53 [1/1] (2.09ns)   --->   "%r_V_3245 = mul i26 %sext_ln70_714, i26 67108399"   --->   Operation 53 'mul' 'r_V_3245' <Predicate = true> <Delay = 2.09> <CoreInst = "Mul_LUT">   --->   Core 4 'Mul_LUT' <Latency = 0> <II = 1> <Delay = 2.09> <FuncUnit> <Opcode : 'mul'> <InPorts = 2> <OutPorts = 1>
ST_1 : Operation 54 [1/1] (0.00ns)   --->   "%trunc_ln818_8 = partselect i16 @_ssdm_op_PartSelect.i16.i26.i32.i32, i26 %r_V_3245, i32 10, i32 25"   --->   Operation 54 'partselect' 'trunc_ln818_8' <Predicate = true> <Delay = 0.00>
ST_1 : Operation 55 [1/1] (0.00ns)   --->   "%sext_ln70_716 = sext i16 %p_read133" [/home/kaxiotis/Vitis_Accel_Projects/vitis_accel_prj/firmware/nnet_utils/nnet_mult.h:70]   --->   Operation 55 'sext' 'sext_ln70_716' <Predicate = true> <Delay = 0.00>
ST_1 : Operation 56 [1/1] (0.00ns)   --->   "%sext_ln70_717 = sext i16 %p_read133" [/home/kaxiotis/Vitis_Accel_Projects/vitis_accel_prj/firmware/nnet_utils/nnet_mult.h:70]   --->   Operation 56 'sext' 'sext_ln70_717' <Predicate = true> <Delay = 0.00>
ST_1 : Operation 57 [1/1] (0.00ns)   --->   "%sext_ln70_718 = sext i16 %p_read133" [/home/kaxiotis/Vitis_Accel_Projects/vitis_accel_prj/firmware/nnet_utils/nnet_mult.h:70]   --->   Operation 57 'sext' 'sext_ln70_718' <Predicate = true> <Delay = 0.00>
ST_1 : Operation 58 [1/1] (0.00ns)   --->   "%sext_ln70_719 = sext i16 %p_read133" [/home/kaxiotis/Vitis_Accel_Projects/vitis_accel_prj/firmware/nnet_utils/nnet_mult.h:70]   --->   Operation 58 'sext' 'sext_ln70_719' <Predicate = true> <Delay = 0.00>
ST_1 : Operation 59 [1/1] (2.09ns)   --->   "%r_V_3246 = mul i26 %sext_ln70_719, i26 67108543"   --->   Operation 59 'mul' 'r_V_3246' <Predicate = true> <Delay = 2.09> <CoreInst = "Mul_LUT">   --->   Core 4 'Mul_LUT' <Latency = 0> <II = 1> <Delay = 2.09> <FuncUnit> <Opcode : 'mul'> <InPorts = 2> <OutPorts = 1>
ST_1 : Operation 60 [1/1] (0.00ns)   --->   "%trunc_ln818_9 = partselect i16 @_ssdm_op_PartSelect.i16.i26.i32.i32, i26 %r_V_3246, i32 10, i32 25"   --->   Operation 60 'partselect' 'trunc_ln818_9' <Predicate = true> <Delay = 0.00>
ST_1 : Operation 61 [1/1] (2.03ns)   --->   "%r_V_3247 = mul i25 %sext_ln70_718, i25 33554267"   --->   Operation 61 'mul' 'r_V_3247' <Predicate = true> <Delay = 2.03> <CoreInst = "Mul_LUT">   --->   Core 4 'Mul_LUT' <Latency = 0> <II = 1> <Delay = 2.03> <FuncUnit> <Opcode : 'mul'> <InPorts = 2> <OutPorts = 1>
ST_1 : Operation 62 [1/1] (0.00ns)   --->   "%trunc_ln818_s = partselect i15 @_ssdm_op_PartSelect.i15.i25.i32.i32, i25 %r_V_3247, i32 10, i32 24"   --->   Operation 62 'partselect' 'trunc_ln818_s' <Predicate = true> <Delay = 0.00>
ST_1 : Operation 63 [1/1] (2.09ns)   --->   "%r_V_3248 = mul i26 %sext_ln70_719, i26 453"   --->   Operation 63 'mul' 'r_V_3248' <Predicate = true> <Delay = 2.09> <CoreInst = "Mul_LUT">   --->   Core 4 'Mul_LUT' <Latency = 0> <II = 1> <Delay = 2.09> <FuncUnit> <Opcode : 'mul'> <InPorts = 2> <OutPorts = 1>
ST_1 : Operation 64 [1/1] (0.00ns)   --->   "%trunc_ln818_1 = partselect i16 @_ssdm_op_PartSelect.i16.i26.i32.i32, i26 %r_V_3248, i32 10, i32 25"   --->   Operation 64 'partselect' 'trunc_ln818_1' <Predicate = true> <Delay = 0.00>
ST_1 : Operation 65 [1/1] (1.97ns)   --->   "%r_V_3249 = mul i24 %sext_ln70_717, i24 98"   --->   Operation 65 'mul' 'r_V_3249' <Predicate = true> <Delay = 1.97> <CoreInst = "Mul_LUT">   --->   Core 4 'Mul_LUT' <Latency = 0> <II = 1> <Delay = 1.97> <FuncUnit> <Opcode : 'mul'> <InPorts = 2> <OutPorts = 1>
ST_1 : Operation 66 [1/1] (0.00ns)   --->   "%trunc_ln818_2 = partselect i14 @_ssdm_op_PartSelect.i14.i24.i32.i32, i24 %r_V_3249, i32 10, i32 23"   --->   Operation 66 'partselect' 'trunc_ln818_2' <Predicate = true> <Delay = 0.00>
ST_1 : Operation 67 [1/1] (0.00ns)   --->   "%sext_ln1273_909 = sext i14 %trunc_ln818_2"   --->   Operation 67 'sext' 'sext_ln1273_909' <Predicate = true> <Delay = 0.00>
ST_1 : Operation 68 [1/1] (1.89ns)   --->   "%r_V_3250 = mul i23 %sext_ln70_716, i23 39"   --->   Operation 68 'mul' 'r_V_3250' <Predicate = true> <Delay = 1.89> <CoreInst = "Mul_LUT">   --->   Core 4 'Mul_LUT' <Latency = 0> <II = 1> <Delay = 1.89> <FuncUnit> <Opcode : 'mul'> <InPorts = 2> <OutPorts = 1>
ST_1 : Operation 69 [1/1] (0.00ns)   --->   "%trunc_ln818_3 = partselect i13 @_ssdm_op_PartSelect.i13.i23.i32.i32, i23 %r_V_3250, i32 10, i32 22"   --->   Operation 69 'partselect' 'trunc_ln818_3' <Predicate = true> <Delay = 0.00>
ST_1 : Operation 70 [1/1] (0.00ns)   --->   "%sext_ln1270 = sext i13 %trunc_ln818_3"   --->   Operation 70 'sext' 'sext_ln1270' <Predicate = true> <Delay = 0.00>
ST_1 : Operation 71 [1/1] (0.00ns)   --->   "%sext_ln1270_8 = sext i16 %p_read234"   --->   Operation 71 'sext' 'sext_ln1270_8' <Predicate = true> <Delay = 0.00>
ST_1 : Operation 72 [1/1] (0.00ns)   --->   "%sext_ln70_720 = sext i16 %p_read234" [/home/kaxiotis/Vitis_Accel_Projects/vitis_accel_prj/firmware/nnet_utils/nnet_mult.h:70]   --->   Operation 72 'sext' 'sext_ln70_720' <Predicate = true> <Delay = 0.00>
ST_1 : Operation 73 [1/1] (2.09ns)   --->   "%r_V_3251 = mul i26 %sext_ln1270_8, i26 67108397"   --->   Operation 73 'mul' 'r_V_3251' <Predicate = true> <Delay = 2.09> <CoreInst = "Mul_LUT">   --->   Core 4 'Mul_LUT' <Latency = 0> <II = 1> <Delay = 2.09> <FuncUnit> <Opcode : 'mul'> <InPorts = 2> <OutPorts = 1>
ST_1 : Operation 74 [1/1] (0.00ns)   --->   "%trunc_ln818_4 = partselect i16 @_ssdm_op_PartSelect.i16.i26.i32.i32, i26 %r_V_3251, i32 10, i32 25"   --->   Operation 74 'partselect' 'trunc_ln818_4' <Predicate = true> <Delay = 0.00>
ST_1 : Operation 75 [1/1] (2.09ns)   --->   "%r_V_3252 = mul i26 %sext_ln1270_8, i26 67108571"   --->   Operation 75 'mul' 'r_V_3252' <Predicate = true> <Delay = 2.09> <CoreInst = "Mul_LUT">   --->   Core 4 'Mul_LUT' <Latency = 0> <II = 1> <Delay = 2.09> <FuncUnit> <Opcode : 'mul'> <InPorts = 2> <OutPorts = 1>
ST_1 : Operation 76 [1/1] (0.00ns)   --->   "%trunc_ln818_10 = partselect i16 @_ssdm_op_PartSelect.i16.i26.i32.i32, i26 %r_V_3252, i32 10, i32 25"   --->   Operation 76 'partselect' 'trunc_ln818_10' <Predicate = true> <Delay = 0.00>
ST_1 : Operation 77 [1/1] (2.03ns)   --->   "%r_V_3253 = mul i25 %sext_ln70_720, i25 33554279"   --->   Operation 77 'mul' 'r_V_3253' <Predicate = true> <Delay = 2.03> <CoreInst = "Mul_LUT">   --->   Core 4 'Mul_LUT' <Latency = 0> <II = 1> <Delay = 2.03> <FuncUnit> <Opcode : 'mul'> <InPorts = 2> <OutPorts = 1>
ST_1 : Operation 78 [1/1] (0.00ns)   --->   "%trunc_ln818_11 = partselect i15 @_ssdm_op_PartSelect.i15.i25.i32.i32, i25 %r_V_3253, i32 10, i32 24"   --->   Operation 78 'partselect' 'trunc_ln818_11' <Predicate = true> <Delay = 0.00>
ST_1 : Operation 79 [1/1] (2.48ns)   --->   "%mul_ln1270 = mul i26 %sext_ln1270_8, i26 1050"   --->   Operation 79 'mul' 'mul_ln1270' <Predicate = true> <Delay = 2.48> <CoreInst = "Mul_LUT">   --->   Core 4 'Mul_LUT' <Latency = 0> <II = 1> <Delay = 2.48> <FuncUnit> <Opcode : 'mul'> <InPorts = 2> <OutPorts = 1>
ST_1 : Operation 80 [1/1] (0.00ns)   --->   "%trunc_ln818_12 = partselect i16 @_ssdm_op_PartSelect.i16.i26.i32.i32, i26 %mul_ln1270, i32 10, i32 25"   --->   Operation 80 'partselect' 'trunc_ln818_12' <Predicate = true> <Delay = 0.00>
ST_1 : Operation 81 [1/1] (2.25ns)   --->   "%mul_ln1270_93 = mul i26 %sext_ln1270_8, i26 67108248"   --->   Operation 81 'mul' 'mul_ln1270_93' <Predicate = true> <Delay = 2.25> <CoreInst = "Mul_LUT">   --->   Core 4 'Mul_LUT' <Latency = 0> <II = 1> <Delay = 2.25> <FuncUnit> <Opcode : 'mul'> <InPorts = 2> <OutPorts = 1>
ST_1 : Operation 82 [1/1] (0.00ns)   --->   "%trunc_ln818_13 = partselect i16 @_ssdm_op_PartSelect.i16.i26.i32.i32, i26 %mul_ln1270_93, i32 10, i32 25"   --->   Operation 82 'partselect' 'trunc_ln818_13' <Predicate = true> <Delay = 0.00>
ST_1 : Operation 83 [1/1] (0.00ns)   --->   "%sext_ln70_721 = sext i16 %p_read335" [/home/kaxiotis/Vitis_Accel_Projects/vitis_accel_prj/firmware/nnet_utils/nnet_mult.h:70]   --->   Operation 83 'sext' 'sext_ln70_721' <Predicate = true> <Delay = 0.00>
ST_1 : Operation 84 [1/1] (0.00ns)   --->   "%sext_ln70_722 = sext i16 %p_read335" [/home/kaxiotis/Vitis_Accel_Projects/vitis_accel_prj/firmware/nnet_utils/nnet_mult.h:70]   --->   Operation 84 'sext' 'sext_ln70_722' <Predicate = true> <Delay = 0.00>
ST_1 : Operation 85 [1/1] (2.09ns)   --->   "%r_V_3254 = mul i26 %sext_ln70_722, i26 291"   --->   Operation 85 'mul' 'r_V_3254' <Predicate = true> <Delay = 2.09> <CoreInst = "Mul_LUT">   --->   Core 4 'Mul_LUT' <Latency = 0> <II = 1> <Delay = 2.09> <FuncUnit> <Opcode : 'mul'> <InPorts = 2> <OutPorts = 1>
ST_1 : Operation 86 [1/1] (0.00ns)   --->   "%trunc_ln818_14 = partselect i16 @_ssdm_op_PartSelect.i16.i26.i32.i32, i26 %r_V_3254, i32 10, i32 25"   --->   Operation 86 'partselect' 'trunc_ln818_14' <Predicate = true> <Delay = 0.00>
ST_1 : Operation 87 [1/1] (2.09ns)   --->   "%r_V_3255 = mul i26 %sext_ln70_722, i26 67108593"   --->   Operation 87 'mul' 'r_V_3255' <Predicate = true> <Delay = 2.09> <CoreInst = "Mul_LUT">   --->   Core 4 'Mul_LUT' <Latency = 0> <II = 1> <Delay = 2.09> <FuncUnit> <Opcode : 'mul'> <InPorts = 2> <OutPorts = 1>
ST_1 : Operation 88 [1/1] (0.00ns)   --->   "%trunc_ln818_15 = partselect i16 @_ssdm_op_PartSelect.i16.i26.i32.i32, i26 %r_V_3255, i32 10, i32 25"   --->   Operation 88 'partselect' 'trunc_ln818_15' <Predicate = true> <Delay = 0.00>
ST_1 : Operation 89 [1/1] (2.03ns)   --->   "%r_V_3256 = mul i25 %sext_ln70_721, i25 33554225"   --->   Operation 89 'mul' 'r_V_3256' <Predicate = true> <Delay = 2.03> <CoreInst = "Mul_LUT">   --->   Core 4 'Mul_LUT' <Latency = 0> <II = 1> <Delay = 2.03> <FuncUnit> <Opcode : 'mul'> <InPorts = 2> <OutPorts = 1>
ST_1 : Operation 90 [1/1] (0.00ns)   --->   "%trunc_ln818_16 = partselect i15 @_ssdm_op_PartSelect.i15.i25.i32.i32, i25 %r_V_3256, i32 10, i32 24"   --->   Operation 90 'partselect' 'trunc_ln818_16' <Predicate = true> <Delay = 0.00>
ST_1 : Operation 91 [1/1] (2.09ns)   --->   "%r_V_3257 = mul i26 %sext_ln70_722, i26 67108545"   --->   Operation 91 'mul' 'r_V_3257' <Predicate = true> <Delay = 2.09> <CoreInst = "Mul_LUT">   --->   Core 4 'Mul_LUT' <Latency = 0> <II = 1> <Delay = 2.09> <FuncUnit> <Opcode : 'mul'> <InPorts = 2> <OutPorts = 1>
ST_1 : Operation 92 [1/1] (0.00ns)   --->   "%trunc_ln818_17 = partselect i16 @_ssdm_op_PartSelect.i16.i26.i32.i32, i26 %r_V_3257, i32 10, i32 25"   --->   Operation 92 'partselect' 'trunc_ln818_17' <Predicate = true> <Delay = 0.00>
ST_1 : Operation 93 [1/1] (2.03ns)   --->   "%r_V_3258 = mul i25 %sext_ln70_721, i25 33554286"   --->   Operation 93 'mul' 'r_V_3258' <Predicate = true> <Delay = 2.03> <CoreInst = "Mul_LUT">   --->   Core 4 'Mul_LUT' <Latency = 0> <II = 1> <Delay = 2.03> <FuncUnit> <Opcode : 'mul'> <InPorts = 2> <OutPorts = 1>
ST_1 : Operation 94 [1/1] (0.00ns)   --->   "%trunc_ln818_18 = partselect i15 @_ssdm_op_PartSelect.i15.i25.i32.i32, i25 %r_V_3258, i32 10, i32 24"   --->   Operation 94 'partselect' 'trunc_ln818_18' <Predicate = true> <Delay = 0.00>
ST_1 : Operation 95 [1/1] (0.00ns)   --->   "%sext_ln70_723 = sext i16 %p_read436" [/home/kaxiotis/Vitis_Accel_Projects/vitis_accel_prj/firmware/nnet_utils/nnet_mult.h:70]   --->   Operation 95 'sext' 'sext_ln70_723' <Predicate = true> <Delay = 0.00>
ST_1 : Operation 96 [1/1] (0.00ns)   --->   "%sext_ln70_724 = sext i16 %p_read436" [/home/kaxiotis/Vitis_Accel_Projects/vitis_accel_prj/firmware/nnet_utils/nnet_mult.h:70]   --->   Operation 96 'sext' 'sext_ln70_724' <Predicate = true> <Delay = 0.00>
ST_1 : Operation 97 [1/1] (2.03ns)   --->   "%r_V_3259 = mul i25 %sext_ln70_724, i25 246"   --->   Operation 97 'mul' 'r_V_3259' <Predicate = true> <Delay = 2.03> <CoreInst = "Mul_LUT">   --->   Core 4 'Mul_LUT' <Latency = 0> <II = 1> <Delay = 2.03> <FuncUnit> <Opcode : 'mul'> <InPorts = 2> <OutPorts = 1>
ST_1 : Operation 98 [1/1] (0.00ns)   --->   "%trunc_ln818_19 = partselect i15 @_ssdm_op_PartSelect.i15.i25.i32.i32, i25 %r_V_3259, i32 10, i32 24"   --->   Operation 98 'partselect' 'trunc_ln818_19' <Predicate = true> <Delay = 0.00>
ST_1 : Operation 99 [1/1] (2.09ns)   --->   "%r_V_3260 = mul i26 %sext_ln70_723, i26 396"   --->   Operation 99 'mul' 'r_V_3260' <Predicate = true> <Delay = 2.09> <CoreInst = "Mul_LUT">   --->   Core 4 'Mul_LUT' <Latency = 0> <II = 1> <Delay = 2.09> <FuncUnit> <Opcode : 'mul'> <InPorts = 2> <OutPorts = 1>
ST_1 : Operation 100 [1/1] (0.00ns)   --->   "%trunc_ln818_20 = partselect i16 @_ssdm_op_PartSelect.i16.i26.i32.i32, i26 %r_V_3260, i32 10, i32 25"   --->   Operation 100 'partselect' 'trunc_ln818_20' <Predicate = true> <Delay = 0.00>
ST_1 : Operation 101 [1/1] (2.03ns)   --->   "%r_V_3261 = mul i25 %sext_ln70_724, i25 140"   --->   Operation 101 'mul' 'r_V_3261' <Predicate = true> <Delay = 2.03> <CoreInst = "Mul_LUT">   --->   Core 4 'Mul_LUT' <Latency = 0> <II = 1> <Delay = 2.03> <FuncUnit> <Opcode : 'mul'> <InPorts = 2> <OutPorts = 1>
ST_1 : Operation 102 [1/1] (0.00ns)   --->   "%trunc_ln818_21 = partselect i15 @_ssdm_op_PartSelect.i15.i25.i32.i32, i25 %r_V_3261, i32 10, i32 24"   --->   Operation 102 'partselect' 'trunc_ln818_21' <Predicate = true> <Delay = 0.00>
ST_1 : Operation 103 [1/1] (0.00ns)   --->   "%sext_ln818_1015 = sext i15 %trunc_ln818_21"   --->   Operation 103 'sext' 'sext_ln818_1015' <Predicate = true> <Delay = 0.00>
ST_1 : Operation 104 [1/1] (2.03ns)   --->   "%r_V_3262 = mul i25 %sext_ln70_724, i25 33554223"   --->   Operation 104 'mul' 'r_V_3262' <Predicate = true> <Delay = 2.03> <CoreInst = "Mul_LUT">   --->   Core 4 'Mul_LUT' <Latency = 0> <II = 1> <Delay = 2.03> <FuncUnit> <Opcode : 'mul'> <InPorts = 2> <OutPorts = 1>
ST_1 : Operation 105 [1/1] (0.00ns)   --->   "%trunc_ln818_22 = partselect i15 @_ssdm_op_PartSelect.i15.i25.i32.i32, i25 %r_V_3262, i32 10, i32 24"   --->   Operation 105 'partselect' 'trunc_ln818_22' <Predicate = true> <Delay = 0.00>
ST_1 : Operation 106 [1/1] (2.03ns)   --->   "%r_V_3263 = mul i25 %sext_ln70_724, i25 33554222"   --->   Operation 106 'mul' 'r_V_3263' <Predicate = true> <Delay = 2.03> <CoreInst = "Mul_LUT">   --->   Core 4 'Mul_LUT' <Latency = 0> <II = 1> <Delay = 2.03> <FuncUnit> <Opcode : 'mul'> <InPorts = 2> <OutPorts = 1>
ST_1 : Operation 107 [1/1] (0.00ns)   --->   "%trunc_ln818_23 = partselect i15 @_ssdm_op_PartSelect.i15.i25.i32.i32, i25 %r_V_3263, i32 10, i32 24"   --->   Operation 107 'partselect' 'trunc_ln818_23' <Predicate = true> <Delay = 0.00>
ST_1 : Operation 108 [1/1] (0.00ns)   --->   "%sext_ln1270_9 = sext i16 %p_read537"   --->   Operation 108 'sext' 'sext_ln1270_9' <Predicate = true> <Delay = 0.00>
ST_1 : Operation 109 [1/1] (0.00ns)   --->   "%sext_ln70_725 = sext i16 %p_read537" [/home/kaxiotis/Vitis_Accel_Projects/vitis_accel_prj/firmware/nnet_utils/nnet_mult.h:70]   --->   Operation 109 'sext' 'sext_ln70_725' <Predicate = true> <Delay = 0.00>
ST_1 : Operation 110 [1/1] (2.09ns)   --->   "%r_V_3264 = mul i26 %sext_ln1270_9, i26 67108603"   --->   Operation 110 'mul' 'r_V_3264' <Predicate = true> <Delay = 2.09> <CoreInst = "Mul_LUT">   --->   Core 4 'Mul_LUT' <Latency = 0> <II = 1> <Delay = 2.09> <FuncUnit> <Opcode : 'mul'> <InPorts = 2> <OutPorts = 1>
ST_1 : Operation 111 [1/1] (0.00ns)   --->   "%trunc_ln818_24 = partselect i16 @_ssdm_op_PartSelect.i16.i26.i32.i32, i26 %r_V_3264, i32 10, i32 25"   --->   Operation 111 'partselect' 'trunc_ln818_24' <Predicate = true> <Delay = 0.00>
ST_1 : Operation 112 [1/1] (1.97ns)   --->   "%r_V_3265 = mul i24 %sext_ln70_725, i24 16777123"   --->   Operation 112 'mul' 'r_V_3265' <Predicate = true> <Delay = 1.97> <CoreInst = "Mul_LUT">   --->   Core 4 'Mul_LUT' <Latency = 0> <II = 1> <Delay = 1.97> <FuncUnit> <Opcode : 'mul'> <InPorts = 2> <OutPorts = 1>
ST_1 : Operation 113 [1/1] (0.00ns)   --->   "%trunc_ln818_25 = partselect i14 @_ssdm_op_PartSelect.i14.i24.i32.i32, i24 %r_V_3265, i32 10, i32 23"   --->   Operation 113 'partselect' 'trunc_ln818_25' <Predicate = true> <Delay = 0.00>
ST_1 : Operation 114 [1/1] (2.09ns)   --->   "%r_V_3266 = mul i26 %sext_ln1270_9, i26 449"   --->   Operation 114 'mul' 'r_V_3266' <Predicate = true> <Delay = 2.09> <CoreInst = "Mul_LUT">   --->   Core 4 'Mul_LUT' <Latency = 0> <II = 1> <Delay = 2.09> <FuncUnit> <Opcode : 'mul'> <InPorts = 2> <OutPorts = 1>
ST_1 : Operation 115 [1/1] (0.00ns)   --->   "%trunc_ln818_26 = partselect i16 @_ssdm_op_PartSelect.i16.i26.i32.i32, i26 %r_V_3266, i32 10, i32 25"   --->   Operation 115 'partselect' 'trunc_ln818_26' <Predicate = true> <Delay = 0.00>
ST_1 : Operation 116 [1/1] (2.25ns)   --->   "%mul_ln1270_94 = mul i26 %sext_ln1270_9, i26 605"   --->   Operation 116 'mul' 'mul_ln1270_94' <Predicate = true> <Delay = 2.25> <CoreInst = "Mul_LUT">   --->   Core 4 'Mul_LUT' <Latency = 0> <II = 1> <Delay = 2.25> <FuncUnit> <Opcode : 'mul'> <InPorts = 2> <OutPorts = 1>
ST_1 : Operation 117 [1/1] (0.00ns)   --->   "%trunc_ln818_27 = partselect i16 @_ssdm_op_PartSelect.i16.i26.i32.i32, i26 %mul_ln1270_94, i32 10, i32 25"   --->   Operation 117 'partselect' 'trunc_ln818_27' <Predicate = true> <Delay = 0.00>
ST_1 : Operation 118 [1/1] (0.00ns)   --->   "%shl_ln1273_635 = bitconcatenate i24 @_ssdm_op_BitConcatenate.i24.i16.i8, i16 %p_read537, i8 0"   --->   Operation 118 'bitconcatenate' 'shl_ln1273_635' <Predicate = true> <Delay = 0.00>
ST_1 : Operation 119 [1/1] (0.00ns)   --->   "%sext_ln1273_910 = sext i24 %shl_ln1273_635"   --->   Operation 119 'sext' 'sext_ln1273_910' <Predicate = true> <Delay = 0.00>
ST_1 : Operation 120 [1/1] (0.00ns)   --->   "%shl_ln1273_636 = bitconcatenate i20 @_ssdm_op_BitConcatenate.i20.i16.i4, i16 %p_read537, i4 0"   --->   Operation 120 'bitconcatenate' 'shl_ln1273_636' <Predicate = true> <Delay = 0.00>
ST_1 : Operation 121 [1/1] (0.00ns)   --->   "%sext_ln1273_911 = sext i20 %shl_ln1273_636"   --->   Operation 121 'sext' 'sext_ln1273_911' <Predicate = true> <Delay = 0.00>
ST_1 : Operation 122 [1/1] (0.85ns)   --->   "%r_V_3267 = sub i25 %sext_ln1273_911, i25 %sext_ln1273_910"   --->   Operation 122 'sub' 'r_V_3267' <Predicate = true> <Delay = 0.85> <CoreInst = "Adder">   --->   Core 1 'Adder' <Latency = 0> <II = 1> <Delay = 0.85> <FuncUnit> <Opcode : 'add' 'sub'> <InPorts = 2> <OutPorts = 1>
ST_1 : Operation 123 [1/1] (0.00ns)   --->   "%trunc_ln818_28 = partselect i15 @_ssdm_op_PartSelect.i15.i25.i32.i32, i25 %r_V_3267, i32 10, i32 24"   --->   Operation 123 'partselect' 'trunc_ln818_28' <Predicate = true> <Delay = 0.00>
ST_1 : Operation 124 [1/1] (0.00ns)   --->   "%sext_ln818_1019 = sext i15 %trunc_ln818_28"   --->   Operation 124 'sext' 'sext_ln818_1019' <Predicate = true> <Delay = 0.00>
ST_1 : Operation 125 [1/1] (0.00ns)   --->   "%sext_ln70_726 = sext i16 %p_read638" [/home/kaxiotis/Vitis_Accel_Projects/vitis_accel_prj/firmware/nnet_utils/nnet_mult.h:70]   --->   Operation 125 'sext' 'sext_ln70_726' <Predicate = true> <Delay = 0.00>
ST_1 : Operation 126 [1/1] (0.00ns)   --->   "%sext_ln70_727 = sext i16 %p_read638" [/home/kaxiotis/Vitis_Accel_Projects/vitis_accel_prj/firmware/nnet_utils/nnet_mult.h:70]   --->   Operation 126 'sext' 'sext_ln70_727' <Predicate = true> <Delay = 0.00>
ST_1 : Operation 127 [1/1] (0.00ns)   --->   "%sext_ln70_728 = sext i16 %p_read638" [/home/kaxiotis/Vitis_Accel_Projects/vitis_accel_prj/firmware/nnet_utils/nnet_mult.h:70]   --->   Operation 127 'sext' 'sext_ln70_728' <Predicate = true> <Delay = 0.00>
ST_1 : Operation 128 [1/1] (0.00ns)   --->   "%sext_ln70_729 = sext i16 %p_read638" [/home/kaxiotis/Vitis_Accel_Projects/vitis_accel_prj/firmware/nnet_utils/nnet_mult.h:70]   --->   Operation 128 'sext' 'sext_ln70_729' <Predicate = true> <Delay = 0.00>
ST_1 : Operation 129 [1/1] (2.09ns)   --->   "%r_V_3268 = mul i26 %sext_ln70_729, i26 67108575"   --->   Operation 129 'mul' 'r_V_3268' <Predicate = true> <Delay = 2.09> <CoreInst = "Mul_LUT">   --->   Core 4 'Mul_LUT' <Latency = 0> <II = 1> <Delay = 2.09> <FuncUnit> <Opcode : 'mul'> <InPorts = 2> <OutPorts = 1>
ST_1 : Operation 130 [1/1] (0.00ns)   --->   "%trunc_ln818_29 = partselect i16 @_ssdm_op_PartSelect.i16.i26.i32.i32, i26 %r_V_3268, i32 10, i32 25"   --->   Operation 130 'partselect' 'trunc_ln818_29' <Predicate = true> <Delay = 0.00>
ST_1 : Operation 131 [1/1] (1.83ns)   --->   "%r_V_3269 = mul i22 %sext_ln70_728, i22 4194277"   --->   Operation 131 'mul' 'r_V_3269' <Predicate = true> <Delay = 1.83> <CoreInst = "Mul_LUT">   --->   Core 4 'Mul_LUT' <Latency = 0> <II = 1> <Delay = 1.83> <FuncUnit> <Opcode : 'mul'> <InPorts = 2> <OutPorts = 1>
ST_1 : Operation 132 [1/1] (0.00ns)   --->   "%trunc_ln818_30 = partselect i12 @_ssdm_op_PartSelect.i12.i22.i32.i32, i22 %r_V_3269, i32 10, i32 21"   --->   Operation 132 'partselect' 'trunc_ln818_30' <Predicate = true> <Delay = 0.00>
ST_1 : Operation 133 [1/1] (0.00ns)   --->   "%sext_ln1273_912 = sext i12 %trunc_ln818_30"   --->   Operation 133 'sext' 'sext_ln1273_912' <Predicate = true> <Delay = 0.00>
ST_1 : Operation 134 [1/1] (2.09ns)   --->   "%r_V_3270 = mul i26 %sext_ln70_729, i26 67108478"   --->   Operation 134 'mul' 'r_V_3270' <Predicate = true> <Delay = 2.09> <CoreInst = "Mul_LUT">   --->   Core 4 'Mul_LUT' <Latency = 0> <II = 1> <Delay = 2.09> <FuncUnit> <Opcode : 'mul'> <InPorts = 2> <OutPorts = 1>
ST_1 : Operation 135 [1/1] (0.00ns)   --->   "%trunc_ln818_31 = partselect i16 @_ssdm_op_PartSelect.i16.i26.i32.i32, i26 %r_V_3270, i32 10, i32 25"   --->   Operation 135 'partselect' 'trunc_ln818_31' <Predicate = true> <Delay = 0.00>
ST_1 : Operation 136 [1/1] (2.03ns)   --->   "%r_V_3271 = mul i25 %sext_ln70_727, i25 220"   --->   Operation 136 'mul' 'r_V_3271' <Predicate = true> <Delay = 2.03> <CoreInst = "Mul_LUT">   --->   Core 4 'Mul_LUT' <Latency = 0> <II = 1> <Delay = 2.03> <FuncUnit> <Opcode : 'mul'> <InPorts = 2> <OutPorts = 1>
ST_1 : Operation 137 [1/1] (0.00ns)   --->   "%trunc_ln818_32 = partselect i15 @_ssdm_op_PartSelect.i15.i25.i32.i32, i25 %r_V_3271, i32 10, i32 24"   --->   Operation 137 'partselect' 'trunc_ln818_32' <Predicate = true> <Delay = 0.00>
ST_1 : Operation 138 [1/1] (0.00ns)   --->   "%sext_ln818_1020 = sext i15 %trunc_ln818_32"   --->   Operation 138 'sext' 'sext_ln818_1020' <Predicate = true> <Delay = 0.00>
ST_1 : Operation 139 [1/1] (0.00ns)   --->   "%shl_ln1273_637 = bitconcatenate i23 @_ssdm_op_BitConcatenate.i23.i16.i7, i16 %p_read638, i7 0"   --->   Operation 139 'bitconcatenate' 'shl_ln1273_637' <Predicate = true> <Delay = 0.00>
ST_1 : Operation 140 [1/1] (0.00ns)   --->   "%sext_ln1273_913 = sext i23 %shl_ln1273_637"   --->   Operation 140 'sext' 'sext_ln1273_913' <Predicate = true> <Delay = 0.00>
ST_1 : Operation 141 [1/1] (0.00ns) (grouped into TernaryAdder)   --->   "%sub_ln1273 = sub i24 0, i24 %sext_ln1273_913"   --->   Operation 141 'sub' 'sub_ln1273' <Predicate = true> <Delay = 0.00> <CoreInst = "TAddSub">   --->   Core 10 'TAddSub' <Latency = 0> <II = 1> <Delay = 0.51> <IPBlock> <Opcode : 'add' 'sub'> <InPorts = 3> <OutPorts = 1> <Sync> <CReg>
ST_1 : Operation 142 [1/1] (1.03ns) (root node of TernaryAdder)   --->   "%r_V_3272 = sub i24 %sub_ln1273, i24 %sext_ln70_726"   --->   Operation 142 'sub' 'r_V_3272' <Predicate = true> <Delay = 1.03> <CoreInst = "TAddSub">   --->   Core 10 'TAddSub' <Latency = 0> <II = 1> <Delay = 0.51> <IPBlock> <Opcode : 'add' 'sub'> <InPorts = 3> <OutPorts = 1> <Sync> <CReg>
ST_1 : Operation 143 [1/1] (0.00ns)   --->   "%trunc_ln818_33 = partselect i14 @_ssdm_op_PartSelect.i14.i24.i32.i32, i24 %r_V_3272, i32 10, i32 23"   --->   Operation 143 'partselect' 'trunc_ln818_33' <Predicate = true> <Delay = 0.00>
ST_1 : Operation 144 [1/1] (0.00ns)   --->   "%sext_ln818_1021 = sext i14 %trunc_ln818_33"   --->   Operation 144 'sext' 'sext_ln818_1021' <Predicate = true> <Delay = 0.00>
ST_1 : Operation 145 [1/1] (0.00ns)   --->   "%sext_ln70_730 = sext i16 %p_read739" [/home/kaxiotis/Vitis_Accel_Projects/vitis_accel_prj/firmware/nnet_utils/nnet_mult.h:70]   --->   Operation 145 'sext' 'sext_ln70_730' <Predicate = true> <Delay = 0.00>
ST_1 : Operation 146 [1/1] (0.00ns)   --->   "%sext_ln70_731 = sext i16 %p_read739" [/home/kaxiotis/Vitis_Accel_Projects/vitis_accel_prj/firmware/nnet_utils/nnet_mult.h:70]   --->   Operation 146 'sext' 'sext_ln70_731' <Predicate = true> <Delay = 0.00>
ST_1 : Operation 147 [1/1] (2.25ns)   --->   "%mul_ln1270_95 = mul i26 %sext_ln70_730, i26 540"   --->   Operation 147 'mul' 'mul_ln1270_95' <Predicate = true> <Delay = 2.25> <CoreInst = "Mul_LUT">   --->   Core 4 'Mul_LUT' <Latency = 0> <II = 1> <Delay = 2.25> <FuncUnit> <Opcode : 'mul'> <InPorts = 2> <OutPorts = 1>
ST_1 : Operation 148 [1/1] (0.00ns)   --->   "%trunc_ln818_34 = partselect i16 @_ssdm_op_PartSelect.i16.i26.i32.i32, i26 %mul_ln1270_95, i32 10, i32 25"   --->   Operation 148 'partselect' 'trunc_ln818_34' <Predicate = true> <Delay = 0.00>
ST_1 : Operation 149 [1/1] (2.03ns)   --->   "%r_V_3273 = mul i25 %sext_ln70_731, i25 33554231"   --->   Operation 149 'mul' 'r_V_3273' <Predicate = true> <Delay = 2.03> <CoreInst = "Mul_LUT">   --->   Core 4 'Mul_LUT' <Latency = 0> <II = 1> <Delay = 2.03> <FuncUnit> <Opcode : 'mul'> <InPorts = 2> <OutPorts = 1>
ST_1 : Operation 150 [1/1] (0.00ns)   --->   "%trunc_ln818_35 = partselect i15 @_ssdm_op_PartSelect.i15.i25.i32.i32, i25 %r_V_3273, i32 10, i32 24"   --->   Operation 150 'partselect' 'trunc_ln818_35' <Predicate = true> <Delay = 0.00>
ST_1 : Operation 151 [1/1] (2.09ns)   --->   "%r_V_3274 = mul i26 %sext_ln70_730, i26 67108492"   --->   Operation 151 'mul' 'r_V_3274' <Predicate = true> <Delay = 2.09> <CoreInst = "Mul_LUT">   --->   Core 4 'Mul_LUT' <Latency = 0> <II = 1> <Delay = 2.09> <FuncUnit> <Opcode : 'mul'> <InPorts = 2> <OutPorts = 1>
ST_1 : Operation 152 [1/1] (0.00ns)   --->   "%trunc_ln818_36 = partselect i16 @_ssdm_op_PartSelect.i16.i26.i32.i32, i26 %r_V_3274, i32 10, i32 25"   --->   Operation 152 'partselect' 'trunc_ln818_36' <Predicate = true> <Delay = 0.00>
ST_1 : Operation 153 [1/1] (2.03ns)   --->   "%r_V_3275 = mul i25 %sext_ln70_731, i25 33554193"   --->   Operation 153 'mul' 'r_V_3275' <Predicate = true> <Delay = 2.03> <CoreInst = "Mul_LUT">   --->   Core 4 'Mul_LUT' <Latency = 0> <II = 1> <Delay = 2.03> <FuncUnit> <Opcode : 'mul'> <InPorts = 2> <OutPorts = 1>
ST_1 : Operation 154 [1/1] (0.00ns)   --->   "%trunc_ln818_37 = partselect i15 @_ssdm_op_PartSelect.i15.i25.i32.i32, i25 %r_V_3275, i32 10, i32 24"   --->   Operation 154 'partselect' 'trunc_ln818_37' <Predicate = true> <Delay = 0.00>
ST_1 : Operation 155 [1/1] (0.00ns)   --->   "%sext_ln818_1023 = sext i15 %trunc_ln818_37"   --->   Operation 155 'sext' 'sext_ln818_1023' <Predicate = true> <Delay = 0.00>
ST_1 : Operation 156 [1/1] (0.00ns)   --->   "%shl_ln1273_638 = bitconcatenate i19 @_ssdm_op_BitConcatenate.i19.i16.i3, i16 %p_read739, i3 0"   --->   Operation 156 'bitconcatenate' 'shl_ln1273_638' <Predicate = true> <Delay = 0.00>
ST_1 : Operation 157 [1/1] (0.00ns)   --->   "%sext_ln1273_914 = sext i19 %shl_ln1273_638"   --->   Operation 157 'sext' 'sext_ln1273_914' <Predicate = true> <Delay = 0.00>
ST_1 : Operation 158 [1/1] (0.00ns)   --->   "%shl_ln1273_639 = bitconcatenate i17 @_ssdm_op_BitConcatenate.i17.i16.i1, i16 %p_read739, i1 0"   --->   Operation 158 'bitconcatenate' 'shl_ln1273_639' <Predicate = true> <Delay = 0.00>
ST_1 : Operation 159 [1/1] (0.00ns)   --->   "%sext_ln1273_915 = sext i17 %shl_ln1273_639"   --->   Operation 159 'sext' 'sext_ln1273_915' <Predicate = true> <Delay = 0.00>
ST_1 : Operation 160 [1/1] (0.84ns)   --->   "%r_V_3276 = sub i20 %sext_ln1273_915, i20 %sext_ln1273_914"   --->   Operation 160 'sub' 'r_V_3276' <Predicate = true> <Delay = 0.84> <CoreInst = "Adder">   --->   Core 1 'Adder' <Latency = 0> <II = 1> <Delay = 0.84> <FuncUnit> <Opcode : 'add' 'sub'> <InPorts = 2> <OutPorts = 1>
ST_1 : Operation 161 [1/1] (0.00ns)   --->   "%trunc_ln818_38 = partselect i10 @_ssdm_op_PartSelect.i10.i20.i32.i32, i20 %r_V_3276, i32 10, i32 19"   --->   Operation 161 'partselect' 'trunc_ln818_38' <Predicate = true> <Delay = 0.00>
ST_1 : Operation 162 [1/1] (0.00ns)   --->   "%sext_ln70_732 = sext i10 %trunc_ln818_38" [/home/kaxiotis/Vitis_Accel_Projects/vitis_accel_prj/firmware/nnet_utils/nnet_mult.h:70]   --->   Operation 162 'sext' 'sext_ln70_732' <Predicate = true> <Delay = 0.00>
ST_1 : Operation 163 [1/1] (0.00ns)   --->   "%sext_ln70_733 = sext i16 %p_read840" [/home/kaxiotis/Vitis_Accel_Projects/vitis_accel_prj/firmware/nnet_utils/nnet_mult.h:70]   --->   Operation 163 'sext' 'sext_ln70_733' <Predicate = true> <Delay = 0.00>
ST_1 : Operation 164 [1/1] (0.00ns)   --->   "%sext_ln70_734 = sext i16 %p_read840" [/home/kaxiotis/Vitis_Accel_Projects/vitis_accel_prj/firmware/nnet_utils/nnet_mult.h:70]   --->   Operation 164 'sext' 'sext_ln70_734' <Predicate = true> <Delay = 0.00>
ST_1 : Operation 165 [1/1] (0.00ns)   --->   "%sext_ln70_735 = sext i16 %p_read840" [/home/kaxiotis/Vitis_Accel_Projects/vitis_accel_prj/firmware/nnet_utils/nnet_mult.h:70]   --->   Operation 165 'sext' 'sext_ln70_735' <Predicate = true> <Delay = 0.00>
ST_1 : Operation 166 [1/1] (0.00ns)   --->   "%shl_ln1273_640 = bitconcatenate i23 @_ssdm_op_BitConcatenate.i23.i16.i7, i16 %p_read840, i7 0"   --->   Operation 166 'bitconcatenate' 'shl_ln1273_640' <Predicate = true> <Delay = 0.00>
ST_1 : Operation 167 [1/1] (0.00ns)   --->   "%sext_ln1273_916 = sext i23 %shl_ln1273_640"   --->   Operation 167 'sext' 'sext_ln1273_916' <Predicate = true> <Delay = 0.00>
ST_1 : Operation 168 [1/1] (0.00ns)   --->   "%shl_ln1273_641 = bitconcatenate i19 @_ssdm_op_BitConcatenate.i19.i16.i3, i16 %p_read840, i3 0"   --->   Operation 168 'bitconcatenate' 'shl_ln1273_641' <Predicate = true> <Delay = 0.00>
ST_1 : Operation 169 [1/1] (0.00ns)   --->   "%sext_ln1273_917 = sext i19 %shl_ln1273_641"   --->   Operation 169 'sext' 'sext_ln1273_917' <Predicate = true> <Delay = 0.00>
ST_1 : Operation 170 [1/1] (0.85ns)   --->   "%r_V_3277 = add i24 %sext_ln1273_916, i24 %sext_ln1273_917"   --->   Operation 170 'add' 'r_V_3277' <Predicate = true> <Delay = 0.85> <CoreInst = "Adder">   --->   Core 1 'Adder' <Latency = 0> <II = 1> <Delay = 0.85> <FuncUnit> <Opcode : 'add' 'sub'> <InPorts = 2> <OutPorts = 1>
ST_1 : Operation 171 [1/1] (0.00ns)   --->   "%trunc_ln818_39 = partselect i14 @_ssdm_op_PartSelect.i14.i24.i32.i32, i24 %r_V_3277, i32 10, i32 23"   --->   Operation 171 'partselect' 'trunc_ln818_39' <Predicate = true> <Delay = 0.00>
ST_1 : Operation 172 [1/1] (0.00ns)   --->   "%sext_ln1273_950 = sext i14 %trunc_ln818_39"   --->   Operation 172 'sext' 'sext_ln1273_950' <Predicate = true> <Delay = 0.00>
ST_1 : Operation 173 [1/1] (2.09ns)   --->   "%r_V_3278 = mul i26 %sext_ln70_735, i26 373"   --->   Operation 173 'mul' 'r_V_3278' <Predicate = true> <Delay = 2.09> <CoreInst = "Mul_LUT">   --->   Core 4 'Mul_LUT' <Latency = 0> <II = 1> <Delay = 2.09> <FuncUnit> <Opcode : 'mul'> <InPorts = 2> <OutPorts = 1>
ST_1 : Operation 174 [1/1] (0.00ns)   --->   "%trunc_ln818_40 = partselect i16 @_ssdm_op_PartSelect.i16.i26.i32.i32, i26 %r_V_3278, i32 10, i32 25"   --->   Operation 174 'partselect' 'trunc_ln818_40' <Predicate = true> <Delay = 0.00>
ST_1 : Operation 175 [1/1] (2.09ns)   --->   "%r_V_3279 = mul i26 %sext_ln70_735, i26 67108481"   --->   Operation 175 'mul' 'r_V_3279' <Predicate = true> <Delay = 2.09> <CoreInst = "Mul_LUT">   --->   Core 4 'Mul_LUT' <Latency = 0> <II = 1> <Delay = 2.09> <FuncUnit> <Opcode : 'mul'> <InPorts = 2> <OutPorts = 1>
ST_1 : Operation 176 [1/1] (0.00ns)   --->   "%trunc_ln818_41 = partselect i16 @_ssdm_op_PartSelect.i16.i26.i32.i32, i26 %r_V_3279, i32 10, i32 25"   --->   Operation 176 'partselect' 'trunc_ln818_41' <Predicate = true> <Delay = 0.00>
ST_1 : Operation 177 [1/1] (1.97ns)   --->   "%r_V_3280 = mul i24 %sext_ln70_734, i24 16777139"   --->   Operation 177 'mul' 'r_V_3280' <Predicate = true> <Delay = 1.97> <CoreInst = "Mul_LUT">   --->   Core 4 'Mul_LUT' <Latency = 0> <II = 1> <Delay = 1.97> <FuncUnit> <Opcode : 'mul'> <InPorts = 2> <OutPorts = 1>
ST_1 : Operation 178 [1/1] (0.00ns)   --->   "%trunc_ln818_42 = partselect i14 @_ssdm_op_PartSelect.i14.i24.i32.i32, i24 %r_V_3280, i32 10, i32 23"   --->   Operation 178 'partselect' 'trunc_ln818_42' <Predicate = true> <Delay = 0.00>
ST_1 : Operation 179 [1/1] (0.00ns)   --->   "%sext_ln1273_951 = sext i14 %trunc_ln818_42"   --->   Operation 179 'sext' 'sext_ln1273_951' <Predicate = true> <Delay = 0.00>
ST_1 : Operation 180 [1/1] (2.03ns)   --->   "%r_V_3281 = mul i25 %sext_ln70_733, i25 214"   --->   Operation 180 'mul' 'r_V_3281' <Predicate = true> <Delay = 2.03> <CoreInst = "Mul_LUT">   --->   Core 4 'Mul_LUT' <Latency = 0> <II = 1> <Delay = 2.03> <FuncUnit> <Opcode : 'mul'> <InPorts = 2> <OutPorts = 1>
ST_1 : Operation 181 [1/1] (0.00ns)   --->   "%trunc_ln818_43 = partselect i15 @_ssdm_op_PartSelect.i15.i25.i32.i32, i25 %r_V_3281, i32 10, i32 24"   --->   Operation 181 'partselect' 'trunc_ln818_43' <Predicate = true> <Delay = 0.00>
ST_1 : Operation 182 [1/1] (0.00ns)   --->   "%sext_ln818_1024 = sext i15 %trunc_ln818_43"   --->   Operation 182 'sext' 'sext_ln818_1024' <Predicate = true> <Delay = 0.00>
ST_1 : Operation 183 [1/1] (0.00ns)   --->   "%sext_ln70_736 = sext i16 %p_read941" [/home/kaxiotis/Vitis_Accel_Projects/vitis_accel_prj/firmware/nnet_utils/nnet_mult.h:70]   --->   Operation 183 'sext' 'sext_ln70_736' <Predicate = true> <Delay = 0.00>
ST_1 : Operation 184 [1/1] (0.00ns)   --->   "%sext_ln70_737 = sext i16 %p_read941" [/home/kaxiotis/Vitis_Accel_Projects/vitis_accel_prj/firmware/nnet_utils/nnet_mult.h:70]   --->   Operation 184 'sext' 'sext_ln70_737' <Predicate = true> <Delay = 0.00>
ST_1 : Operation 185 [1/1] (0.00ns)   --->   "%sext_ln70_738 = sext i16 %p_read941" [/home/kaxiotis/Vitis_Accel_Projects/vitis_accel_prj/firmware/nnet_utils/nnet_mult.h:70]   --->   Operation 185 'sext' 'sext_ln70_738' <Predicate = true> <Delay = 0.00>
ST_1 : Operation 186 [1/1] (0.00ns)   --->   "%shl_ln1273_642 = bitconcatenate i19 @_ssdm_op_BitConcatenate.i19.i16.i3, i16 %p_read941, i3 0"   --->   Operation 186 'bitconcatenate' 'shl_ln1273_642' <Predicate = true> <Delay = 0.00>
ST_1 : Operation 187 [1/1] (0.00ns)   --->   "%sext_ln1273_918 = sext i19 %shl_ln1273_642"   --->   Operation 187 'sext' 'sext_ln1273_918' <Predicate = true> <Delay = 0.00>
ST_1 : Operation 188 [1/1] (0.00ns)   --->   "%shl_ln1273_643 = bitconcatenate i17 @_ssdm_op_BitConcatenate.i17.i16.i1, i16 %p_read941, i1 0"   --->   Operation 188 'bitconcatenate' 'shl_ln1273_643' <Predicate = true> <Delay = 0.00>
ST_1 : Operation 189 [1/1] (0.00ns)   --->   "%sext_ln1273_919 = sext i17 %shl_ln1273_643"   --->   Operation 189 'sext' 'sext_ln1273_919' <Predicate = true> <Delay = 0.00>
ST_1 : Operation 190 [1/1] (0.84ns)   --->   "%r_V_3282 = sub i20 %sext_ln1273_919, i20 %sext_ln1273_918"   --->   Operation 190 'sub' 'r_V_3282' <Predicate = true> <Delay = 0.84> <CoreInst = "Adder">   --->   Core 1 'Adder' <Latency = 0> <II = 1> <Delay = 0.84> <FuncUnit> <Opcode : 'add' 'sub'> <InPorts = 2> <OutPorts = 1>
ST_1 : Operation 191 [1/1] (0.00ns)   --->   "%trunc_ln818_44 = partselect i10 @_ssdm_op_PartSelect.i10.i20.i32.i32, i20 %r_V_3282, i32 10, i32 19"   --->   Operation 191 'partselect' 'trunc_ln818_44' <Predicate = true> <Delay = 0.00>
ST_1 : Operation 192 [1/1] (0.00ns)   --->   "%sext_ln1273_952 = sext i10 %trunc_ln818_44"   --->   Operation 192 'sext' 'sext_ln1273_952' <Predicate = true> <Delay = 0.00>
ST_1 : Operation 193 [1/1] (1.97ns)   --->   "%r_V_3283 = mul i24 %sext_ln70_738, i24 91"   --->   Operation 193 'mul' 'r_V_3283' <Predicate = true> <Delay = 1.97> <CoreInst = "Mul_LUT">   --->   Core 4 'Mul_LUT' <Latency = 0> <II = 1> <Delay = 1.97> <FuncUnit> <Opcode : 'mul'> <InPorts = 2> <OutPorts = 1>
ST_1 : Operation 194 [1/1] (0.00ns)   --->   "%trunc_ln818_45 = partselect i14 @_ssdm_op_PartSelect.i14.i24.i32.i32, i24 %r_V_3283, i32 10, i32 23"   --->   Operation 194 'partselect' 'trunc_ln818_45' <Predicate = true> <Delay = 0.00>
ST_1 : Operation 195 [1/1] (0.00ns)   --->   "%sext_ln1273_953 = sext i14 %trunc_ln818_45"   --->   Operation 195 'sext' 'sext_ln1273_953' <Predicate = true> <Delay = 0.00>
ST_1 : Operation 196 [1/1] (2.03ns)   --->   "%r_V_3284 = mul i25 %sext_ln70_737, i25 215"   --->   Operation 196 'mul' 'r_V_3284' <Predicate = true> <Delay = 2.03> <CoreInst = "Mul_LUT">   --->   Core 4 'Mul_LUT' <Latency = 0> <II = 1> <Delay = 2.03> <FuncUnit> <Opcode : 'mul'> <InPorts = 2> <OutPorts = 1>
ST_1 : Operation 197 [1/1] (0.00ns)   --->   "%trunc_ln818_46 = partselect i15 @_ssdm_op_PartSelect.i15.i25.i32.i32, i25 %r_V_3284, i32 10, i32 24"   --->   Operation 197 'partselect' 'trunc_ln818_46' <Predicate = true> <Delay = 0.00>
ST_1 : Operation 198 [1/1] (0.00ns)   --->   "%sext_ln818_1025 = sext i15 %trunc_ln818_46"   --->   Operation 198 'sext' 'sext_ln818_1025' <Predicate = true> <Delay = 0.00>
ST_1 : Operation 199 [1/1] (2.25ns)   --->   "%mul_ln1270_96 = mul i26 %sext_ln70_736, i26 67108202"   --->   Operation 199 'mul' 'mul_ln1270_96' <Predicate = true> <Delay = 2.25> <CoreInst = "Mul_LUT">   --->   Core 4 'Mul_LUT' <Latency = 0> <II = 1> <Delay = 2.25> <FuncUnit> <Opcode : 'mul'> <InPorts = 2> <OutPorts = 1>
ST_1 : Operation 200 [1/1] (0.00ns)   --->   "%trunc_ln818_47 = partselect i16 @_ssdm_op_PartSelect.i16.i26.i32.i32, i26 %mul_ln1270_96, i32 10, i32 25"   --->   Operation 200 'partselect' 'trunc_ln818_47' <Predicate = true> <Delay = 0.00>
ST_1 : Operation 201 [1/1] (2.09ns)   --->   "%r_V_3285 = mul i26 %sext_ln70_736, i26 347"   --->   Operation 201 'mul' 'r_V_3285' <Predicate = true> <Delay = 2.09> <CoreInst = "Mul_LUT">   --->   Core 4 'Mul_LUT' <Latency = 0> <II = 1> <Delay = 2.09> <FuncUnit> <Opcode : 'mul'> <InPorts = 2> <OutPorts = 1>
ST_1 : Operation 202 [1/1] (0.00ns)   --->   "%trunc_ln818_48 = partselect i16 @_ssdm_op_PartSelect.i16.i26.i32.i32, i26 %r_V_3285, i32 10, i32 25"   --->   Operation 202 'partselect' 'trunc_ln818_48' <Predicate = true> <Delay = 0.00>
ST_1 : Operation 203 [1/1] (0.00ns)   --->   "%sext_ln70_739 = sext i16 %p_read1042" [/home/kaxiotis/Vitis_Accel_Projects/vitis_accel_prj/firmware/nnet_utils/nnet_mult.h:70]   --->   Operation 203 'sext' 'sext_ln70_739' <Predicate = true> <Delay = 0.00>
ST_1 : Operation 204 [1/1] (0.00ns)   --->   "%sext_ln70_740 = sext i16 %p_read1042" [/home/kaxiotis/Vitis_Accel_Projects/vitis_accel_prj/firmware/nnet_utils/nnet_mult.h:70]   --->   Operation 204 'sext' 'sext_ln70_740' <Predicate = true> <Delay = 0.00>
ST_1 : Operation 205 [1/1] (0.00ns)   --->   "%sext_ln70_741 = sext i16 %p_read1042" [/home/kaxiotis/Vitis_Accel_Projects/vitis_accel_prj/firmware/nnet_utils/nnet_mult.h:70]   --->   Operation 205 'sext' 'sext_ln70_741' <Predicate = true> <Delay = 0.00>
ST_1 : Operation 206 [1/1] (2.09ns)   --->   "%r_V_3286 = mul i26 %sext_ln70_741, i26 391"   --->   Operation 206 'mul' 'r_V_3286' <Predicate = true> <Delay = 2.09> <CoreInst = "Mul_LUT">   --->   Core 4 'Mul_LUT' <Latency = 0> <II = 1> <Delay = 2.09> <FuncUnit> <Opcode : 'mul'> <InPorts = 2> <OutPorts = 1>
ST_1 : Operation 207 [1/1] (0.00ns)   --->   "%trunc_ln818_49 = partselect i16 @_ssdm_op_PartSelect.i16.i26.i32.i32, i26 %r_V_3286, i32 10, i32 25"   --->   Operation 207 'partselect' 'trunc_ln818_49' <Predicate = true> <Delay = 0.00>
ST_1 : Operation 208 [1/1] (2.03ns)   --->   "%r_V_3287 = mul i25 %sext_ln70_740, i25 33554181"   --->   Operation 208 'mul' 'r_V_3287' <Predicate = true> <Delay = 2.03> <CoreInst = "Mul_LUT">   --->   Core 4 'Mul_LUT' <Latency = 0> <II = 1> <Delay = 2.03> <FuncUnit> <Opcode : 'mul'> <InPorts = 2> <OutPorts = 1>
ST_1 : Operation 209 [1/1] (0.00ns)   --->   "%trunc_ln818_50 = partselect i15 @_ssdm_op_PartSelect.i15.i25.i32.i32, i25 %r_V_3287, i32 10, i32 24"   --->   Operation 209 'partselect' 'trunc_ln818_50' <Predicate = true> <Delay = 0.00>
ST_1 : Operation 210 [1/1] (0.00ns)   --->   "%sext_ln818_1026 = sext i15 %trunc_ln818_50"   --->   Operation 210 'sext' 'sext_ln818_1026' <Predicate = true> <Delay = 0.00>
ST_1 : Operation 211 [1/1] (1.97ns)   --->   "%r_V_3288 = mul i24 %sext_ln70_739, i24 16777142"   --->   Operation 211 'mul' 'r_V_3288' <Predicate = true> <Delay = 1.97> <CoreInst = "Mul_LUT">   --->   Core 4 'Mul_LUT' <Latency = 0> <II = 1> <Delay = 1.97> <FuncUnit> <Opcode : 'mul'> <InPorts = 2> <OutPorts = 1>
ST_1 : Operation 212 [1/1] (0.00ns)   --->   "%trunc_ln818_51 = partselect i14 @_ssdm_op_PartSelect.i14.i24.i32.i32, i24 %r_V_3288, i32 10, i32 23"   --->   Operation 212 'partselect' 'trunc_ln818_51' <Predicate = true> <Delay = 0.00>
ST_1 : Operation 213 [1/1] (0.00ns)   --->   "%sext_ln1273_954 = sext i14 %trunc_ln818_51"   --->   Operation 213 'sext' 'sext_ln1273_954' <Predicate = true> <Delay = 0.00>
ST_1 : Operation 214 [1/1] (2.09ns)   --->   "%r_V_3289 = mul i26 %sext_ln70_741, i26 483"   --->   Operation 214 'mul' 'r_V_3289' <Predicate = true> <Delay = 2.09> <CoreInst = "Mul_LUT">   --->   Core 4 'Mul_LUT' <Latency = 0> <II = 1> <Delay = 2.09> <FuncUnit> <Opcode : 'mul'> <InPorts = 2> <OutPorts = 1>
ST_1 : Operation 215 [1/1] (0.00ns)   --->   "%trunc_ln818_52 = partselect i16 @_ssdm_op_PartSelect.i16.i26.i32.i32, i26 %r_V_3289, i32 10, i32 25"   --->   Operation 215 'partselect' 'trunc_ln818_52' <Predicate = true> <Delay = 0.00>
ST_1 : Operation 216 [1/1] (2.03ns)   --->   "%r_V_3290 = mul i25 %sext_ln70_740, i25 33554231"   --->   Operation 216 'mul' 'r_V_3290' <Predicate = true> <Delay = 2.03> <CoreInst = "Mul_LUT">   --->   Core 4 'Mul_LUT' <Latency = 0> <II = 1> <Delay = 2.03> <FuncUnit> <Opcode : 'mul'> <InPorts = 2> <OutPorts = 1>
ST_1 : Operation 217 [1/1] (0.00ns)   --->   "%trunc_ln818_53 = partselect i15 @_ssdm_op_PartSelect.i15.i25.i32.i32, i25 %r_V_3290, i32 10, i32 24"   --->   Operation 217 'partselect' 'trunc_ln818_53' <Predicate = true> <Delay = 0.00>
ST_1 : Operation 218 [1/1] (0.00ns)   --->   "%sext_ln70_742 = sext i16 %p_read1143" [/home/kaxiotis/Vitis_Accel_Projects/vitis_accel_prj/firmware/nnet_utils/nnet_mult.h:70]   --->   Operation 218 'sext' 'sext_ln70_742' <Predicate = true> <Delay = 0.00>
ST_1 : Operation 219 [1/1] (0.00ns)   --->   "%sext_ln1270_10 = sext i16 %p_read1143"   --->   Operation 219 'sext' 'sext_ln1270_10' <Predicate = true> <Delay = 0.00>
ST_1 : Operation 220 [1/1] (0.00ns)   --->   "%sext_ln70_743 = sext i16 %p_read1143" [/home/kaxiotis/Vitis_Accel_Projects/vitis_accel_prj/firmware/nnet_utils/nnet_mult.h:70]   --->   Operation 220 'sext' 'sext_ln70_743' <Predicate = true> <Delay = 0.00>
ST_1 : Operation 221 [1/1] (1.97ns)   --->   "%r_V_3291 = mul i24 %sext_ln70_743, i24 90"   --->   Operation 221 'mul' 'r_V_3291' <Predicate = true> <Delay = 1.97> <CoreInst = "Mul_LUT">   --->   Core 4 'Mul_LUT' <Latency = 0> <II = 1> <Delay = 1.97> <FuncUnit> <Opcode : 'mul'> <InPorts = 2> <OutPorts = 1>
ST_1 : Operation 222 [1/1] (0.00ns)   --->   "%trunc_ln818_54 = partselect i14 @_ssdm_op_PartSelect.i14.i24.i32.i32, i24 %r_V_3291, i32 10, i32 23"   --->   Operation 222 'partselect' 'trunc_ln818_54' <Predicate = true> <Delay = 0.00>
ST_1 : Operation 223 [1/1] (0.00ns)   --->   "%sext_ln1273_955 = sext i14 %trunc_ln818_54"   --->   Operation 223 'sext' 'sext_ln1273_955' <Predicate = true> <Delay = 0.00>
ST_1 : Operation 224 [1/1] (2.09ns)   --->   "%r_V_3292 = mul i26 %sext_ln1270_10, i26 290"   --->   Operation 224 'mul' 'r_V_3292' <Predicate = true> <Delay = 2.09> <CoreInst = "Mul_LUT">   --->   Core 4 'Mul_LUT' <Latency = 0> <II = 1> <Delay = 2.09> <FuncUnit> <Opcode : 'mul'> <InPorts = 2> <OutPorts = 1>
ST_1 : Operation 225 [1/1] (0.00ns)   --->   "%trunc_ln818_55 = partselect i16 @_ssdm_op_PartSelect.i16.i26.i32.i32, i26 %r_V_3292, i32 10, i32 25"   --->   Operation 225 'partselect' 'trunc_ln818_55' <Predicate = true> <Delay = 0.00>
ST_1 : Operation 226 [1/1] (2.25ns)   --->   "%mul_ln1270_97 = mul i26 %sext_ln1270_10, i26 67108303"   --->   Operation 226 'mul' 'mul_ln1270_97' <Predicate = true> <Delay = 2.25> <CoreInst = "Mul_LUT">   --->   Core 4 'Mul_LUT' <Latency = 0> <II = 1> <Delay = 2.25> <FuncUnit> <Opcode : 'mul'> <InPorts = 2> <OutPorts = 1>
ST_1 : Operation 227 [1/1] (0.00ns)   --->   "%trunc_ln818_56 = partselect i16 @_ssdm_op_PartSelect.i16.i26.i32.i32, i26 %mul_ln1270_97, i32 10, i32 25"   --->   Operation 227 'partselect' 'trunc_ln818_56' <Predicate = true> <Delay = 0.00>
ST_1 : Operation 228 [1/1] (1.97ns)   --->   "%r_V_3293 = mul i24 %sext_ln70_743, i24 16777097"   --->   Operation 228 'mul' 'r_V_3293' <Predicate = true> <Delay = 1.97> <CoreInst = "Mul_LUT">   --->   Core 4 'Mul_LUT' <Latency = 0> <II = 1> <Delay = 1.97> <FuncUnit> <Opcode : 'mul'> <InPorts = 2> <OutPorts = 1>
ST_1 : Operation 229 [1/1] (0.00ns)   --->   "%trunc_ln818_57 = partselect i14 @_ssdm_op_PartSelect.i14.i24.i32.i32, i24 %r_V_3293, i32 10, i32 23"   --->   Operation 229 'partselect' 'trunc_ln818_57' <Predicate = true> <Delay = 0.00>
ST_1 : Operation 230 [1/1] (0.00ns)   --->   "%sext_ln1273_956 = sext i14 %trunc_ln818_57"   --->   Operation 230 'sext' 'sext_ln1273_956' <Predicate = true> <Delay = 0.00>
ST_1 : Operation 231 [1/1] (1.89ns)   --->   "%r_V_3294 = mul i23 %sext_ln70_742, i23 44"   --->   Operation 231 'mul' 'r_V_3294' <Predicate = true> <Delay = 1.89> <CoreInst = "Mul_LUT">   --->   Core 4 'Mul_LUT' <Latency = 0> <II = 1> <Delay = 1.89> <FuncUnit> <Opcode : 'mul'> <InPorts = 2> <OutPorts = 1>
ST_1 : Operation 232 [1/1] (0.00ns)   --->   "%trunc_ln818_58 = partselect i13 @_ssdm_op_PartSelect.i13.i23.i32.i32, i23 %r_V_3294, i32 10, i32 22"   --->   Operation 232 'partselect' 'trunc_ln818_58' <Predicate = true> <Delay = 0.00>
ST_1 : Operation 233 [1/1] (0.00ns)   --->   "%sext_ln1270_11 = sext i13 %trunc_ln818_58"   --->   Operation 233 'sext' 'sext_ln1270_11' <Predicate = true> <Delay = 0.00>
ST_1 : Operation 234 [1/1] (0.00ns)   --->   "%sext_ln1270_12 = sext i16 %p_read_190"   --->   Operation 234 'sext' 'sext_ln1270_12' <Predicate = true> <Delay = 0.00>
ST_1 : Operation 235 [1/1] (0.00ns)   --->   "%sext_ln70_744 = sext i16 %p_read_190" [/home/kaxiotis/Vitis_Accel_Projects/vitis_accel_prj/firmware/nnet_utils/nnet_mult.h:70]   --->   Operation 235 'sext' 'sext_ln70_744' <Predicate = true> <Delay = 0.00>
ST_1 : Operation 236 [1/1] (0.00ns)   --->   "%shl_ln1273_644 = bitconcatenate i25 @_ssdm_op_BitConcatenate.i25.i16.i9, i16 %p_read_190, i9 0"   --->   Operation 236 'bitconcatenate' 'shl_ln1273_644' <Predicate = true> <Delay = 0.00>
ST_1 : Operation 237 [1/1] (0.00ns)   --->   "%sext_ln1273_920 = sext i25 %shl_ln1273_644"   --->   Operation 237 'sext' 'sext_ln1273_920' <Predicate = true> <Delay = 0.00>
ST_1 : Operation 238 [1/1] (0.00ns)   --->   "%shl_ln1273_645 = bitconcatenate i21 @_ssdm_op_BitConcatenate.i21.i16.i5, i16 %p_read_190, i5 0"   --->   Operation 238 'bitconcatenate' 'shl_ln1273_645' <Predicate = true> <Delay = 0.00>
ST_1 : Operation 239 [1/1] (0.00ns)   --->   "%sext_ln1273_921 = sext i21 %shl_ln1273_645"   --->   Operation 239 'sext' 'sext_ln1273_921' <Predicate = true> <Delay = 0.00>
ST_1 : Operation 240 [1/1] (0.86ns)   --->   "%r_V_3295 = sub i26 %sext_ln1273_921, i26 %sext_ln1273_920"   --->   Operation 240 'sub' 'r_V_3295' <Predicate = true> <Delay = 0.86> <CoreInst = "Adder">   --->   Core 1 'Adder' <Latency = 0> <II = 1> <Delay = 0.86> <FuncUnit> <Opcode : 'add' 'sub'> <InPorts = 2> <OutPorts = 1>
ST_1 : Operation 241 [1/1] (0.00ns)   --->   "%trunc_ln818_59 = partselect i16 @_ssdm_op_PartSelect.i16.i26.i32.i32, i26 %r_V_3295, i32 10, i32 25"   --->   Operation 241 'partselect' 'trunc_ln818_59' <Predicate = true> <Delay = 0.00>
ST_1 : Operation 242 [1/1] (2.09ns)   --->   "%r_V_3296 = mul i26 %sext_ln1270_12, i26 67108374"   --->   Operation 242 'mul' 'r_V_3296' <Predicate = true> <Delay = 2.09> <CoreInst = "Mul_LUT">   --->   Core 4 'Mul_LUT' <Latency = 0> <II = 1> <Delay = 2.09> <FuncUnit> <Opcode : 'mul'> <InPorts = 2> <OutPorts = 1>
ST_1 : Operation 243 [1/1] (0.00ns)   --->   "%trunc_ln818_60 = partselect i16 @_ssdm_op_PartSelect.i16.i26.i32.i32, i26 %r_V_3296, i32 10, i32 25"   --->   Operation 243 'partselect' 'trunc_ln818_60' <Predicate = true> <Delay = 0.00>
ST_1 : Operation 244 [1/1] (0.86ns)   --->   "%r_V_3297 = sub i26 0, i26 %sext_ln1273_920"   --->   Operation 244 'sub' 'r_V_3297' <Predicate = true> <Delay = 0.86> <CoreInst = "Adder">   --->   Core 1 'Adder' <Latency = 0> <II = 1> <Delay = 0.86> <FuncUnit> <Opcode : 'add' 'sub'> <InPorts = 2> <OutPorts = 1>
ST_1 : Operation 245 [1/1] (0.00ns)   --->   "%trunc_ln818_61 = partselect i16 @_ssdm_op_PartSelect.i16.i26.i32.i32, i26 %r_V_3297, i32 10, i32 25"   --->   Operation 245 'partselect' 'trunc_ln818_61' <Predicate = true> <Delay = 0.00>
ST_1 : Operation 246 [1/1] (2.03ns)   --->   "%r_V_3298 = mul i25 %sext_ln70_744, i25 33554271"   --->   Operation 246 'mul' 'r_V_3298' <Predicate = true> <Delay = 2.03> <CoreInst = "Mul_LUT">   --->   Core 4 'Mul_LUT' <Latency = 0> <II = 1> <Delay = 2.03> <FuncUnit> <Opcode : 'mul'> <InPorts = 2> <OutPorts = 1>
ST_1 : Operation 247 [1/1] (0.00ns)   --->   "%trunc_ln818_62 = partselect i15 @_ssdm_op_PartSelect.i15.i25.i32.i32, i25 %r_V_3298, i32 10, i32 24"   --->   Operation 247 'partselect' 'trunc_ln818_62' <Predicate = true> <Delay = 0.00>
ST_1 : Operation 248 [1/1] (2.25ns)   --->   "%mul_ln1270_98 = mul i26 %sext_ln1270_12, i26 664"   --->   Operation 248 'mul' 'mul_ln1270_98' <Predicate = true> <Delay = 2.25> <CoreInst = "Mul_LUT">   --->   Core 4 'Mul_LUT' <Latency = 0> <II = 1> <Delay = 2.25> <FuncUnit> <Opcode : 'mul'> <InPorts = 2> <OutPorts = 1>
ST_1 : Operation 249 [1/1] (0.00ns)   --->   "%trunc_ln818_63 = partselect i16 @_ssdm_op_PartSelect.i16.i26.i32.i32, i26 %mul_ln1270_98, i32 10, i32 25"   --->   Operation 249 'partselect' 'trunc_ln818_63' <Predicate = true> <Delay = 0.00>
ST_1 : Operation 250 [1/1] (0.00ns)   --->   "%sext_ln70_745 = sext i16 %p_read_189" [/home/kaxiotis/Vitis_Accel_Projects/vitis_accel_prj/firmware/nnet_utils/nnet_mult.h:70]   --->   Operation 250 'sext' 'sext_ln70_745' <Predicate = true> <Delay = 0.00>
ST_1 : Operation 251 [1/1] (0.00ns)   --->   "%sext_ln70_746 = sext i16 %p_read_189" [/home/kaxiotis/Vitis_Accel_Projects/vitis_accel_prj/firmware/nnet_utils/nnet_mult.h:70]   --->   Operation 251 'sext' 'sext_ln70_746' <Predicate = true> <Delay = 0.00>
ST_1 : Operation 252 [1/1] (0.00ns)   --->   "%sext_ln70_747 = sext i16 %p_read_189" [/home/kaxiotis/Vitis_Accel_Projects/vitis_accel_prj/firmware/nnet_utils/nnet_mult.h:70]   --->   Operation 252 'sext' 'sext_ln70_747' <Predicate = true> <Delay = 0.00>
ST_1 : Operation 253 [1/1] (0.00ns)   --->   "%shl_ln1273_646 = bitconcatenate i25 @_ssdm_op_BitConcatenate.i25.i16.i9, i16 %p_read_189, i9 0"   --->   Operation 253 'bitconcatenate' 'shl_ln1273_646' <Predicate = true> <Delay = 0.00>
ST_1 : Operation 254 [1/1] (0.00ns)   --->   "%sext_ln1273_922 = sext i25 %shl_ln1273_646"   --->   Operation 254 'sext' 'sext_ln1273_922' <Predicate = true> <Delay = 0.00>
ST_1 : Operation 255 [1/1] (0.86ns)   --->   "%r_V_3299 = sub i26 %sext_ln1273_922, i26 %sext_ln70_746"   --->   Operation 255 'sub' 'r_V_3299' <Predicate = true> <Delay = 0.86> <CoreInst = "Adder">   --->   Core 1 'Adder' <Latency = 0> <II = 1> <Delay = 0.86> <FuncUnit> <Opcode : 'add' 'sub'> <InPorts = 2> <OutPorts = 1>
ST_1 : Operation 256 [1/1] (0.00ns)   --->   "%trunc_ln818_64 = partselect i16 @_ssdm_op_PartSelect.i16.i26.i32.i32, i26 %r_V_3299, i32 10, i32 25"   --->   Operation 256 'partselect' 'trunc_ln818_64' <Predicate = true> <Delay = 0.00>
ST_1 : Operation 257 [1/1] (1.97ns)   --->   "%r_V_3300 = mul i24 %sext_ln70_745, i24 16777107"   --->   Operation 257 'mul' 'r_V_3300' <Predicate = true> <Delay = 1.97> <CoreInst = "Mul_LUT">   --->   Core 4 'Mul_LUT' <Latency = 0> <II = 1> <Delay = 1.97> <FuncUnit> <Opcode : 'mul'> <InPorts = 2> <OutPorts = 1>
ST_1 : Operation 258 [1/1] (0.00ns)   --->   "%trunc_ln818_65 = partselect i14 @_ssdm_op_PartSelect.i14.i24.i32.i32, i24 %r_V_3300, i32 10, i32 23"   --->   Operation 258 'partselect' 'trunc_ln818_65' <Predicate = true> <Delay = 0.00>
ST_1 : Operation 259 [1/1] (0.00ns)   --->   "%sext_ln1273_957 = sext i14 %trunc_ln818_65"   --->   Operation 259 'sext' 'sext_ln1273_957' <Predicate = true> <Delay = 0.00>
ST_1 : Operation 260 [1/1] (2.03ns)   --->   "%r_V_3301 = mul i25 %sext_ln70_747, i25 33554204"   --->   Operation 260 'mul' 'r_V_3301' <Predicate = true> <Delay = 2.03> <CoreInst = "Mul_LUT">   --->   Core 4 'Mul_LUT' <Latency = 0> <II = 1> <Delay = 2.03> <FuncUnit> <Opcode : 'mul'> <InPorts = 2> <OutPorts = 1>
ST_1 : Operation 261 [1/1] (0.00ns)   --->   "%trunc_ln818_66 = partselect i15 @_ssdm_op_PartSelect.i15.i25.i32.i32, i25 %r_V_3301, i32 10, i32 24"   --->   Operation 261 'partselect' 'trunc_ln818_66' <Predicate = true> <Delay = 0.00>
ST_1 : Operation 262 [1/1] (2.09ns)   --->   "%r_V_3302 = mul i26 %sext_ln70_746, i26 67108599"   --->   Operation 262 'mul' 'r_V_3302' <Predicate = true> <Delay = 2.09> <CoreInst = "Mul_LUT">   --->   Core 4 'Mul_LUT' <Latency = 0> <II = 1> <Delay = 2.09> <FuncUnit> <Opcode : 'mul'> <InPorts = 2> <OutPorts = 1>
ST_1 : Operation 263 [1/1] (0.00ns)   --->   "%trunc_ln818_67 = partselect i16 @_ssdm_op_PartSelect.i16.i26.i32.i32, i26 %r_V_3302, i32 10, i32 25"   --->   Operation 263 'partselect' 'trunc_ln818_67' <Predicate = true> <Delay = 0.00>
ST_1 : Operation 264 [1/1] (2.09ns)   --->   "%r_V_3303 = mul i26 %sext_ln70_746, i26 67108573"   --->   Operation 264 'mul' 'r_V_3303' <Predicate = true> <Delay = 2.09> <CoreInst = "Mul_LUT">   --->   Core 4 'Mul_LUT' <Latency = 0> <II = 1> <Delay = 2.09> <FuncUnit> <Opcode : 'mul'> <InPorts = 2> <OutPorts = 1>
ST_1 : Operation 265 [1/1] (0.00ns)   --->   "%trunc_ln818_68 = partselect i16 @_ssdm_op_PartSelect.i16.i26.i32.i32, i26 %r_V_3303, i32 10, i32 25"   --->   Operation 265 'partselect' 'trunc_ln818_68' <Predicate = true> <Delay = 0.00>
ST_1 : Operation 266 [1/1] (0.00ns)   --->   "%sext_ln70_748 = sext i16 %p_read_188" [/home/kaxiotis/Vitis_Accel_Projects/vitis_accel_prj/firmware/nnet_utils/nnet_mult.h:70]   --->   Operation 266 'sext' 'sext_ln70_748' <Predicate = true> <Delay = 0.00>
ST_1 : Operation 267 [1/1] (0.00ns)   --->   "%sext_ln70_749 = sext i16 %p_read_188" [/home/kaxiotis/Vitis_Accel_Projects/vitis_accel_prj/firmware/nnet_utils/nnet_mult.h:70]   --->   Operation 267 'sext' 'sext_ln70_749' <Predicate = true> <Delay = 0.00>
ST_1 : Operation 268 [1/1] (0.00ns)   --->   "%sext_ln70_750 = sext i16 %p_read_188" [/home/kaxiotis/Vitis_Accel_Projects/vitis_accel_prj/firmware/nnet_utils/nnet_mult.h:70]   --->   Operation 268 'sext' 'sext_ln70_750' <Predicate = true> <Delay = 0.00>
ST_1 : Operation 269 [1/1] (1.97ns)   --->   "%r_V_3304 = mul i24 %sext_ln70_750, i24 84"   --->   Operation 269 'mul' 'r_V_3304' <Predicate = true> <Delay = 1.97> <CoreInst = "Mul_LUT">   --->   Core 4 'Mul_LUT' <Latency = 0> <II = 1> <Delay = 1.97> <FuncUnit> <Opcode : 'mul'> <InPorts = 2> <OutPorts = 1>
ST_1 : Operation 270 [1/1] (0.00ns)   --->   "%trunc_ln818_69 = partselect i14 @_ssdm_op_PartSelect.i14.i24.i32.i32, i24 %r_V_3304, i32 10, i32 23"   --->   Operation 270 'partselect' 'trunc_ln818_69' <Predicate = true> <Delay = 0.00>
ST_1 : Operation 271 [1/1] (0.00ns)   --->   "%sext_ln1273_958 = sext i14 %trunc_ln818_69"   --->   Operation 271 'sext' 'sext_ln1273_958' <Predicate = true> <Delay = 0.00>
ST_1 : Operation 272 [1/1] (2.03ns)   --->   "%r_V_3305 = mul i25 %sext_ln70_749, i25 182"   --->   Operation 272 'mul' 'r_V_3305' <Predicate = true> <Delay = 2.03> <CoreInst = "Mul_LUT">   --->   Core 4 'Mul_LUT' <Latency = 0> <II = 1> <Delay = 2.03> <FuncUnit> <Opcode : 'mul'> <InPorts = 2> <OutPorts = 1>
ST_1 : Operation 273 [1/1] (0.00ns)   --->   "%trunc_ln818_70 = partselect i15 @_ssdm_op_PartSelect.i15.i25.i32.i32, i25 %r_V_3305, i32 10, i32 24"   --->   Operation 273 'partselect' 'trunc_ln818_70' <Predicate = true> <Delay = 0.00>
ST_1 : Operation 274 [1/1] (0.00ns)   --->   "%sext_ln818_1030 = sext i15 %trunc_ln818_70"   --->   Operation 274 'sext' 'sext_ln818_1030' <Predicate = true> <Delay = 0.00>
ST_1 : Operation 275 [1/1] (2.25ns)   --->   "%mul_ln1270_99 = mul i26 %sext_ln70_748, i26 67107965"   --->   Operation 275 'mul' 'mul_ln1270_99' <Predicate = true> <Delay = 2.25> <CoreInst = "Mul_LUT">   --->   Core 4 'Mul_LUT' <Latency = 0> <II = 1> <Delay = 2.25> <FuncUnit> <Opcode : 'mul'> <InPorts = 2> <OutPorts = 1>
ST_1 : Operation 276 [1/1] (0.00ns)   --->   "%trunc_ln818_71 = partselect i16 @_ssdm_op_PartSelect.i16.i26.i32.i32, i26 %mul_ln1270_99, i32 10, i32 25"   --->   Operation 276 'partselect' 'trunc_ln818_71' <Predicate = true> <Delay = 0.00>
ST_1 : Operation 277 [1/1] (2.09ns)   --->   "%r_V_3306 = mul i26 %sext_ln70_748, i26 475"   --->   Operation 277 'mul' 'r_V_3306' <Predicate = true> <Delay = 2.09> <CoreInst = "Mul_LUT">   --->   Core 4 'Mul_LUT' <Latency = 0> <II = 1> <Delay = 2.09> <FuncUnit> <Opcode : 'mul'> <InPorts = 2> <OutPorts = 1>
ST_1 : Operation 278 [1/1] (0.00ns)   --->   "%trunc_ln818_72 = partselect i16 @_ssdm_op_PartSelect.i16.i26.i32.i32, i26 %r_V_3306, i32 10, i32 25"   --->   Operation 278 'partselect' 'trunc_ln818_72' <Predicate = true> <Delay = 0.00>
ST_1 : Operation 279 [1/1] (2.09ns)   --->   "%r_V_3307 = mul i26 %sext_ln70_748, i26 287"   --->   Operation 279 'mul' 'r_V_3307' <Predicate = true> <Delay = 2.09> <CoreInst = "Mul_LUT">   --->   Core 4 'Mul_LUT' <Latency = 0> <II = 1> <Delay = 2.09> <FuncUnit> <Opcode : 'mul'> <InPorts = 2> <OutPorts = 1>
ST_1 : Operation 280 [1/1] (0.00ns)   --->   "%trunc_ln818_73 = partselect i16 @_ssdm_op_PartSelect.i16.i26.i32.i32, i26 %r_V_3307, i32 10, i32 25"   --->   Operation 280 'partselect' 'trunc_ln818_73' <Predicate = true> <Delay = 0.00>
ST_1 : Operation 281 [1/1] (0.00ns)   --->   "%sext_ln1270_13 = sext i16 %p_read_187"   --->   Operation 281 'sext' 'sext_ln1270_13' <Predicate = true> <Delay = 0.00>
ST_1 : Operation 282 [1/1] (0.00ns)   --->   "%sext_ln70_751 = sext i16 %p_read_187" [/home/kaxiotis/Vitis_Accel_Projects/vitis_accel_prj/firmware/nnet_utils/nnet_mult.h:70]   --->   Operation 282 'sext' 'sext_ln70_751' <Predicate = true> <Delay = 0.00>
ST_1 : Operation 283 [1/1] (0.00ns)   --->   "%shl_ln1273_647 = bitconcatenate i17 @_ssdm_op_BitConcatenate.i17.i16.i1, i16 %p_read_187, i1 0"   --->   Operation 283 'bitconcatenate' 'shl_ln1273_647' <Predicate = true> <Delay = 0.00>
ST_1 : Operation 284 [1/1] (0.00ns)   --->   "%sext_ln1273_923 = sext i17 %shl_ln1273_647"   --->   Operation 284 'sext' 'sext_ln1273_923' <Predicate = true> <Delay = 0.00>
ST_1 : Operation 285 [1/1] (0.82ns)   --->   "%r_V_3308 = sub i18 0, i18 %sext_ln1273_923"   --->   Operation 285 'sub' 'r_V_3308' <Predicate = true> <Delay = 0.82> <CoreInst = "Adder">   --->   Core 1 'Adder' <Latency = 0> <II = 1> <Delay = 0.82> <FuncUnit> <Opcode : 'add' 'sub'> <InPorts = 2> <OutPorts = 1>
ST_1 : Operation 286 [1/1] (0.00ns)   --->   "%trunc_ln818_74 = partselect i8 @_ssdm_op_PartSelect.i8.i18.i32.i32, i18 %r_V_3308, i32 10, i32 17"   --->   Operation 286 'partselect' 'trunc_ln818_74' <Predicate = true> <Delay = 0.00>
ST_1 : Operation 287 [1/1] (0.00ns)   --->   "%sext_ln1273_959 = sext i8 %trunc_ln818_74"   --->   Operation 287 'sext' 'sext_ln1273_959' <Predicate = true> <Delay = 0.00>
ST_1 : Operation 288 [1/1] (1.97ns)   --->   "%r_V_3309 = mul i24 %sext_ln70_751, i24 16777114"   --->   Operation 288 'mul' 'r_V_3309' <Predicate = true> <Delay = 1.97> <CoreInst = "Mul_LUT">   --->   Core 4 'Mul_LUT' <Latency = 0> <II = 1> <Delay = 1.97> <FuncUnit> <Opcode : 'mul'> <InPorts = 2> <OutPorts = 1>
ST_1 : Operation 289 [1/1] (0.00ns)   --->   "%trunc_ln818_75 = partselect i14 @_ssdm_op_PartSelect.i14.i24.i32.i32, i24 %r_V_3309, i32 10, i32 23"   --->   Operation 289 'partselect' 'trunc_ln818_75' <Predicate = true> <Delay = 0.00>
ST_1 : Operation 290 [1/1] (0.00ns)   --->   "%sext_ln1273_960 = sext i14 %trunc_ln818_75"   --->   Operation 290 'sext' 'sext_ln1273_960' <Predicate = true> <Delay = 0.00>
ST_1 : Operation 291 [1/1] (2.09ns)   --->   "%r_V_3310 = mul i26 %sext_ln1270_13, i26 67108547"   --->   Operation 291 'mul' 'r_V_3310' <Predicate = true> <Delay = 2.09> <CoreInst = "Mul_LUT">   --->   Core 4 'Mul_LUT' <Latency = 0> <II = 1> <Delay = 2.09> <FuncUnit> <Opcode : 'mul'> <InPorts = 2> <OutPorts = 1>
ST_1 : Operation 292 [1/1] (0.00ns)   --->   "%trunc_ln818_76 = partselect i16 @_ssdm_op_PartSelect.i16.i26.i32.i32, i26 %r_V_3310, i32 10, i32 25"   --->   Operation 292 'partselect' 'trunc_ln818_76' <Predicate = true> <Delay = 0.00>
ST_1 : Operation 293 [1/1] (2.25ns)   --->   "%mul_ln1270_100 = mul i26 %sext_ln1270_13, i26 867"   --->   Operation 293 'mul' 'mul_ln1270_100' <Predicate = true> <Delay = 2.25> <CoreInst = "Mul_LUT">   --->   Core 4 'Mul_LUT' <Latency = 0> <II = 1> <Delay = 2.25> <FuncUnit> <Opcode : 'mul'> <InPorts = 2> <OutPorts = 1>
ST_1 : Operation 294 [1/1] (0.00ns)   --->   "%trunc_ln818_77 = partselect i16 @_ssdm_op_PartSelect.i16.i26.i32.i32, i26 %mul_ln1270_100, i32 10, i32 25"   --->   Operation 294 'partselect' 'trunc_ln818_77' <Predicate = true> <Delay = 0.00>
ST_1 : Operation 295 [1/1] (2.09ns)   --->   "%r_V_3311 = mul i26 %sext_ln1270_13, i26 67108495"   --->   Operation 295 'mul' 'r_V_3311' <Predicate = true> <Delay = 2.09> <CoreInst = "Mul_LUT">   --->   Core 4 'Mul_LUT' <Latency = 0> <II = 1> <Delay = 2.09> <FuncUnit> <Opcode : 'mul'> <InPorts = 2> <OutPorts = 1>
ST_1 : Operation 296 [1/1] (0.00ns)   --->   "%trunc_ln818_78 = partselect i16 @_ssdm_op_PartSelect.i16.i26.i32.i32, i26 %r_V_3311, i32 10, i32 25"   --->   Operation 296 'partselect' 'trunc_ln818_78' <Predicate = true> <Delay = 0.00>
ST_1 : Operation 297 [1/1] (0.00ns)   --->   "%sext_ln70_752 = sext i16 %p_read_186" [/home/kaxiotis/Vitis_Accel_Projects/vitis_accel_prj/firmware/nnet_utils/nnet_mult.h:70]   --->   Operation 297 'sext' 'sext_ln70_752' <Predicate = true> <Delay = 0.00>
ST_1 : Operation 298 [1/1] (0.00ns)   --->   "%sext_ln70_753 = sext i16 %p_read_186" [/home/kaxiotis/Vitis_Accel_Projects/vitis_accel_prj/firmware/nnet_utils/nnet_mult.h:70]   --->   Operation 298 'sext' 'sext_ln70_753' <Predicate = true> <Delay = 0.00>
ST_1 : Operation 299 [1/1] (0.00ns)   --->   "%sext_ln70_754 = sext i16 %p_read_186" [/home/kaxiotis/Vitis_Accel_Projects/vitis_accel_prj/firmware/nnet_utils/nnet_mult.h:70]   --->   Operation 299 'sext' 'sext_ln70_754' <Predicate = true> <Delay = 0.00>
ST_1 : Operation 300 [1/1] (0.00ns)   --->   "%shl_ln1273_648 = bitconcatenate i24 @_ssdm_op_BitConcatenate.i24.i16.i8, i16 %p_read_186, i8 0"   --->   Operation 300 'bitconcatenate' 'shl_ln1273_648' <Predicate = true> <Delay = 0.00>
ST_1 : Operation 301 [1/1] (0.00ns)   --->   "%sext_ln1273_924 = sext i24 %shl_ln1273_648"   --->   Operation 301 'sext' 'sext_ln1273_924' <Predicate = true> <Delay = 0.00>
ST_1 : Operation 302 [1/1] (0.85ns)   --->   "%r_V_3312 = sub i25 %sext_ln1273_924, i25 %sext_ln70_753"   --->   Operation 302 'sub' 'r_V_3312' <Predicate = true> <Delay = 0.85> <CoreInst = "Adder">   --->   Core 1 'Adder' <Latency = 0> <II = 1> <Delay = 0.85> <FuncUnit> <Opcode : 'add' 'sub'> <InPorts = 2> <OutPorts = 1>
ST_1 : Operation 303 [1/1] (0.00ns)   --->   "%trunc_ln818_79 = partselect i15 @_ssdm_op_PartSelect.i15.i25.i32.i32, i25 %r_V_3312, i32 10, i32 24"   --->   Operation 303 'partselect' 'trunc_ln818_79' <Predicate = true> <Delay = 0.00>
ST_1 : Operation 304 [1/1] (0.00ns)   --->   "%sext_ln818_1031 = sext i15 %trunc_ln818_79"   --->   Operation 304 'sext' 'sext_ln818_1031' <Predicate = true> <Delay = 0.00>
ST_1 : Operation 305 [1/1] (1.97ns)   --->   "%r_V_3313 = mul i24 %sext_ln70_754, i24 117"   --->   Operation 305 'mul' 'r_V_3313' <Predicate = true> <Delay = 1.97> <CoreInst = "Mul_LUT">   --->   Core 4 'Mul_LUT' <Latency = 0> <II = 1> <Delay = 1.97> <FuncUnit> <Opcode : 'mul'> <InPorts = 2> <OutPorts = 1>
ST_1 : Operation 306 [1/1] (0.00ns)   --->   "%trunc_ln818_80 = partselect i14 @_ssdm_op_PartSelect.i14.i24.i32.i32, i24 %r_V_3313, i32 10, i32 23"   --->   Operation 306 'partselect' 'trunc_ln818_80' <Predicate = true> <Delay = 0.00>
ST_1 : Operation 307 [1/1] (0.00ns)   --->   "%sext_ln1273_961 = sext i14 %trunc_ln818_80"   --->   Operation 307 'sext' 'sext_ln1273_961' <Predicate = true> <Delay = 0.00>
ST_1 : Operation 308 [1/1] (1.97ns)   --->   "%r_V_3314 = mul i24 %sext_ln70_754, i24 16777123"   --->   Operation 308 'mul' 'r_V_3314' <Predicate = true> <Delay = 1.97> <CoreInst = "Mul_LUT">   --->   Core 4 'Mul_LUT' <Latency = 0> <II = 1> <Delay = 1.97> <FuncUnit> <Opcode : 'mul'> <InPorts = 2> <OutPorts = 1>
ST_1 : Operation 309 [1/1] (0.00ns)   --->   "%trunc_ln818_81 = partselect i14 @_ssdm_op_PartSelect.i14.i24.i32.i32, i24 %r_V_3314, i32 10, i32 23"   --->   Operation 309 'partselect' 'trunc_ln818_81' <Predicate = true> <Delay = 0.00>
ST_1 : Operation 310 [1/1] (0.00ns)   --->   "%sext_ln1273_962 = sext i14 %trunc_ln818_81"   --->   Operation 310 'sext' 'sext_ln1273_962' <Predicate = true> <Delay = 0.00>
ST_1 : Operation 311 [1/1] (2.03ns)   --->   "%r_V_3315 = mul i25 %sext_ln70_753, i25 33554194"   --->   Operation 311 'mul' 'r_V_3315' <Predicate = true> <Delay = 2.03> <CoreInst = "Mul_LUT">   --->   Core 4 'Mul_LUT' <Latency = 0> <II = 1> <Delay = 2.03> <FuncUnit> <Opcode : 'mul'> <InPorts = 2> <OutPorts = 1>
ST_1 : Operation 312 [1/1] (0.00ns)   --->   "%trunc_ln818_82 = partselect i15 @_ssdm_op_PartSelect.i15.i25.i32.i32, i25 %r_V_3315, i32 10, i32 24"   --->   Operation 312 'partselect' 'trunc_ln818_82' <Predicate = true> <Delay = 0.00>
ST_1 : Operation 313 [1/1] (2.09ns)   --->   "%r_V_3316 = mul i26 %sext_ln70_752, i26 67108496"   --->   Operation 313 'mul' 'r_V_3316' <Predicate = true> <Delay = 2.09> <CoreInst = "Mul_LUT">   --->   Core 4 'Mul_LUT' <Latency = 0> <II = 1> <Delay = 2.09> <FuncUnit> <Opcode : 'mul'> <InPorts = 2> <OutPorts = 1>
ST_1 : Operation 314 [1/1] (0.00ns)   --->   "%trunc_ln818_83 = partselect i16 @_ssdm_op_PartSelect.i16.i26.i32.i32, i26 %r_V_3316, i32 10, i32 25"   --->   Operation 314 'partselect' 'trunc_ln818_83' <Predicate = true> <Delay = 0.00>
ST_1 : Operation 315 [1/1] (0.00ns)   --->   "%sext_ln70_755 = sext i16 %p_read_185" [/home/kaxiotis/Vitis_Accel_Projects/vitis_accel_prj/firmware/nnet_utils/nnet_mult.h:70]   --->   Operation 315 'sext' 'sext_ln70_755' <Predicate = true> <Delay = 0.00>
ST_1 : Operation 316 [1/1] (0.00ns)   --->   "%sext_ln70_756 = sext i16 %p_read_185" [/home/kaxiotis/Vitis_Accel_Projects/vitis_accel_prj/firmware/nnet_utils/nnet_mult.h:70]   --->   Operation 316 'sext' 'sext_ln70_756' <Predicate = true> <Delay = 0.00>
ST_1 : Operation 317 [1/1] (0.00ns)   --->   "%shl_ln1273_649 = bitconcatenate i20 @_ssdm_op_BitConcatenate.i20.i16.i4, i16 %p_read_185, i4 0"   --->   Operation 317 'bitconcatenate' 'shl_ln1273_649' <Predicate = true> <Delay = 0.00>
ST_1 : Operation 318 [1/1] (0.00ns)   --->   "%sext_ln1273_925 = sext i20 %shl_ln1273_649"   --->   Operation 318 'sext' 'sext_ln1273_925' <Predicate = true> <Delay = 0.00>
ST_1 : Operation 319 [1/1] (0.00ns)   --->   "%sext_ln1273_926 = sext i20 %shl_ln1273_649"   --->   Operation 319 'sext' 'sext_ln1273_926' <Predicate = true> <Delay = 0.00>
ST_1 : Operation 320 [1/1] (0.00ns)   --->   "%shl_ln1273_650 = bitconcatenate i17 @_ssdm_op_BitConcatenate.i17.i16.i1, i16 %p_read_185, i1 0"   --->   Operation 320 'bitconcatenate' 'shl_ln1273_650' <Predicate = true> <Delay = 0.00>
ST_1 : Operation 321 [1/1] (0.00ns)   --->   "%sext_ln1273_927 = sext i17 %shl_ln1273_650"   --->   Operation 321 'sext' 'sext_ln1273_927' <Predicate = true> <Delay = 0.00>
ST_1 : Operation 322 [1/1] (0.00ns)   --->   "%sext_ln1273_928 = sext i17 %shl_ln1273_650"   --->   Operation 322 'sext' 'sext_ln1273_928' <Predicate = true> <Delay = 0.00>
ST_1 : Operation 323 [1/1] (0.84ns)   --->   "%r_V_3317 = sub i21 %sext_ln1273_926, i21 %sext_ln1273_928"   --->   Operation 323 'sub' 'r_V_3317' <Predicate = true> <Delay = 0.84> <CoreInst = "Adder">   --->   Core 1 'Adder' <Latency = 0> <II = 1> <Delay = 0.84> <FuncUnit> <Opcode : 'add' 'sub'> <InPorts = 2> <OutPorts = 1>
ST_1 : Operation 324 [1/1] (0.00ns)   --->   "%trunc_ln818_84 = partselect i11 @_ssdm_op_PartSelect.i11.i21.i32.i32, i21 %r_V_3317, i32 10, i32 20"   --->   Operation 324 'partselect' 'trunc_ln818_84' <Predicate = true> <Delay = 0.00>
ST_1 : Operation 325 [1/1] (0.00ns)   --->   "%sext_ln1273_963 = sext i11 %trunc_ln818_84"   --->   Operation 325 'sext' 'sext_ln1273_963' <Predicate = true> <Delay = 0.00>
ST_1 : Operation 326 [1/1] (2.09ns)   --->   "%r_V_3318 = mul i26 %sext_ln70_756, i26 67108503"   --->   Operation 326 'mul' 'r_V_3318' <Predicate = true> <Delay = 2.09> <CoreInst = "Mul_LUT">   --->   Core 4 'Mul_LUT' <Latency = 0> <II = 1> <Delay = 2.09> <FuncUnit> <Opcode : 'mul'> <InPorts = 2> <OutPorts = 1>
ST_1 : Operation 327 [1/1] (0.00ns)   --->   "%trunc_ln818_85 = partselect i16 @_ssdm_op_PartSelect.i16.i26.i32.i32, i26 %r_V_3318, i32 10, i32 25"   --->   Operation 327 'partselect' 'trunc_ln818_85' <Predicate = true> <Delay = 0.00>
ST_1 : Operation 328 [1/1] (0.00ns)   --->   "%shl_ln1273_651 = bitconcatenate i25 @_ssdm_op_BitConcatenate.i25.i16.i9, i16 %p_read_185, i9 0"   --->   Operation 328 'bitconcatenate' 'shl_ln1273_651' <Predicate = true> <Delay = 0.00>
ST_1 : Operation 329 [1/1] (0.00ns)   --->   "%sext_ln1273_929 = sext i25 %shl_ln1273_651"   --->   Operation 329 'sext' 'sext_ln1273_929' <Predicate = true> <Delay = 0.00>
ST_1 : Operation 330 [1/1] (0.86ns)   --->   "%r_V_3319 = add i26 %sext_ln1273_929, i26 %sext_ln1273_925"   --->   Operation 330 'add' 'r_V_3319' <Predicate = true> <Delay = 0.86> <CoreInst = "Adder">   --->   Core 1 'Adder' <Latency = 0> <II = 1> <Delay = 0.86> <FuncUnit> <Opcode : 'add' 'sub'> <InPorts = 2> <OutPorts = 1>
ST_1 : Operation 331 [1/1] (0.00ns)   --->   "%trunc_ln818_86 = partselect i16 @_ssdm_op_PartSelect.i16.i26.i32.i32, i26 %r_V_3319, i32 10, i32 25"   --->   Operation 331 'partselect' 'trunc_ln818_86' <Predicate = true> <Delay = 0.00>
ST_1 : Operation 332 [1/1] (0.82ns)   --->   "%r_V_3320 = sub i18 0, i18 %sext_ln1273_927"   --->   Operation 332 'sub' 'r_V_3320' <Predicate = true> <Delay = 0.82> <CoreInst = "Adder">   --->   Core 1 'Adder' <Latency = 0> <II = 1> <Delay = 0.82> <FuncUnit> <Opcode : 'add' 'sub'> <InPorts = 2> <OutPorts = 1>
ST_1 : Operation 333 [1/1] (0.00ns)   --->   "%trunc_ln818_87 = partselect i8 @_ssdm_op_PartSelect.i8.i18.i32.i32, i18 %r_V_3320, i32 10, i32 17"   --->   Operation 333 'partselect' 'trunc_ln818_87' <Predicate = true> <Delay = 0.00>
ST_1 : Operation 334 [1/1] (0.00ns)   --->   "%sext_ln1273_964 = sext i8 %trunc_ln818_87"   --->   Operation 334 'sext' 'sext_ln1273_964' <Predicate = true> <Delay = 0.00>
ST_1 : Operation 335 [1/1] (2.03ns)   --->   "%r_V_3321 = mul i25 %sext_ln70_755, i25 33554273"   --->   Operation 335 'mul' 'r_V_3321' <Predicate = true> <Delay = 2.03> <CoreInst = "Mul_LUT">   --->   Core 4 'Mul_LUT' <Latency = 0> <II = 1> <Delay = 2.03> <FuncUnit> <Opcode : 'mul'> <InPorts = 2> <OutPorts = 1>
ST_1 : Operation 336 [1/1] (0.00ns)   --->   "%trunc_ln818_88 = partselect i15 @_ssdm_op_PartSelect.i15.i25.i32.i32, i25 %r_V_3321, i32 10, i32 24"   --->   Operation 336 'partselect' 'trunc_ln818_88' <Predicate = true> <Delay = 0.00>
ST_1 : Operation 337 [1/1] (0.00ns)   --->   "%sext_ln70_757 = sext i16 %p_read_184" [/home/kaxiotis/Vitis_Accel_Projects/vitis_accel_prj/firmware/nnet_utils/nnet_mult.h:70]   --->   Operation 337 'sext' 'sext_ln70_757' <Predicate = true> <Delay = 0.00>
ST_1 : Operation 338 [1/1] (0.00ns)   --->   "%sext_ln70_758 = sext i16 %p_read_184" [/home/kaxiotis/Vitis_Accel_Projects/vitis_accel_prj/firmware/nnet_utils/nnet_mult.h:70]   --->   Operation 338 'sext' 'sext_ln70_758' <Predicate = true> <Delay = 0.00>
ST_1 : Operation 339 [1/1] (0.00ns)   --->   "%shl_ln1273_652 = bitconcatenate i20 @_ssdm_op_BitConcatenate.i20.i16.i4, i16 %p_read_184, i4 0"   --->   Operation 339 'bitconcatenate' 'shl_ln1273_652' <Predicate = true> <Delay = 0.00>
ST_1 : Operation 340 [1/1] (0.00ns)   --->   "%sext_ln1273_930 = sext i20 %shl_ln1273_652"   --->   Operation 340 'sext' 'sext_ln1273_930' <Predicate = true> <Delay = 0.00>
ST_1 : Operation 341 [1/1] (0.00ns)   --->   "%shl_ln1273_653 = bitconcatenate i17 @_ssdm_op_BitConcatenate.i17.i16.i1, i16 %p_read_184, i1 0"   --->   Operation 341 'bitconcatenate' 'shl_ln1273_653' <Predicate = true> <Delay = 0.00>
ST_1 : Operation 342 [1/1] (0.00ns)   --->   "%sext_ln1273_931 = sext i17 %shl_ln1273_653"   --->   Operation 342 'sext' 'sext_ln1273_931' <Predicate = true> <Delay = 0.00>
ST_1 : Operation 343 [1/1] (0.84ns)   --->   "%r_V_3322 = add i21 %sext_ln1273_930, i21 %sext_ln1273_931"   --->   Operation 343 'add' 'r_V_3322' <Predicate = true> <Delay = 0.84> <CoreInst = "Adder">   --->   Core 1 'Adder' <Latency = 0> <II = 1> <Delay = 0.84> <FuncUnit> <Opcode : 'add' 'sub'> <InPorts = 2> <OutPorts = 1>
ST_1 : Operation 344 [1/1] (0.00ns)   --->   "%trunc_ln818_89 = partselect i11 @_ssdm_op_PartSelect.i11.i21.i32.i32, i21 %r_V_3322, i32 10, i32 20"   --->   Operation 344 'partselect' 'trunc_ln818_89' <Predicate = true> <Delay = 0.00>
ST_1 : Operation 345 [1/1] (0.00ns)   --->   "%sext_ln1273_965 = sext i11 %trunc_ln818_89"   --->   Operation 345 'sext' 'sext_ln1273_965' <Predicate = true> <Delay = 0.00>
ST_1 : Operation 346 [1/1] (2.09ns)   --->   "%r_V_3323 = mul i26 %sext_ln70_758, i26 341"   --->   Operation 346 'mul' 'r_V_3323' <Predicate = true> <Delay = 2.09> <CoreInst = "Mul_LUT">   --->   Core 4 'Mul_LUT' <Latency = 0> <II = 1> <Delay = 2.09> <FuncUnit> <Opcode : 'mul'> <InPorts = 2> <OutPorts = 1>
ST_1 : Operation 347 [1/1] (0.00ns)   --->   "%trunc_ln818_90 = partselect i16 @_ssdm_op_PartSelect.i16.i26.i32.i32, i26 %r_V_3323, i32 10, i32 25"   --->   Operation 347 'partselect' 'trunc_ln818_90' <Predicate = true> <Delay = 0.00>
ST_1 : Operation 348 [1/1] (2.03ns)   --->   "%r_V_3324 = mul i25 %sext_ln70_757, i25 182"   --->   Operation 348 'mul' 'r_V_3324' <Predicate = true> <Delay = 2.03> <CoreInst = "Mul_LUT">   --->   Core 4 'Mul_LUT' <Latency = 0> <II = 1> <Delay = 2.03> <FuncUnit> <Opcode : 'mul'> <InPorts = 2> <OutPorts = 1>
ST_1 : Operation 349 [1/1] (0.00ns)   --->   "%trunc_ln818_91 = partselect i15 @_ssdm_op_PartSelect.i15.i25.i32.i32, i25 %r_V_3324, i32 10, i32 24"   --->   Operation 349 'partselect' 'trunc_ln818_91' <Predicate = true> <Delay = 0.00>
ST_1 : Operation 350 [1/1] (2.03ns)   --->   "%r_V_3325 = mul i25 %sext_ln70_757, i25 33554231"   --->   Operation 350 'mul' 'r_V_3325' <Predicate = true> <Delay = 2.03> <CoreInst = "Mul_LUT">   --->   Core 4 'Mul_LUT' <Latency = 0> <II = 1> <Delay = 2.03> <FuncUnit> <Opcode : 'mul'> <InPorts = 2> <OutPorts = 1>
ST_1 : Operation 351 [1/1] (0.00ns)   --->   "%trunc_ln818_92 = partselect i15 @_ssdm_op_PartSelect.i15.i25.i32.i32, i25 %r_V_3325, i32 10, i32 24"   --->   Operation 351 'partselect' 'trunc_ln818_92' <Predicate = true> <Delay = 0.00>
ST_1 : Operation 352 [1/1] (0.00ns)   --->   "%sext_ln818_1035 = sext i15 %trunc_ln818_92"   --->   Operation 352 'sext' 'sext_ln818_1035' <Predicate = true> <Delay = 0.00>
ST_1 : Operation 353 [1/1] (2.03ns)   --->   "%r_V_3326 = mul i25 %sext_ln70_757, i25 33554271"   --->   Operation 353 'mul' 'r_V_3326' <Predicate = true> <Delay = 2.03> <CoreInst = "Mul_LUT">   --->   Core 4 'Mul_LUT' <Latency = 0> <II = 1> <Delay = 2.03> <FuncUnit> <Opcode : 'mul'> <InPorts = 2> <OutPorts = 1>
ST_1 : Operation 354 [1/1] (0.00ns)   --->   "%trunc_ln818_93 = partselect i15 @_ssdm_op_PartSelect.i15.i25.i32.i32, i25 %r_V_3326, i32 10, i32 24"   --->   Operation 354 'partselect' 'trunc_ln818_93' <Predicate = true> <Delay = 0.00>
ST_1 : Operation 355 [1/1] (0.00ns)   --->   "%sext_ln818_1036 = sext i15 %trunc_ln818_93"   --->   Operation 355 'sext' 'sext_ln818_1036' <Predicate = true> <Delay = 0.00>
ST_1 : Operation 356 [1/1] (0.00ns)   --->   "%sext_ln70_759 = sext i16 %p_read_183" [/home/kaxiotis/Vitis_Accel_Projects/vitis_accel_prj/firmware/nnet_utils/nnet_mult.h:70]   --->   Operation 356 'sext' 'sext_ln70_759' <Predicate = true> <Delay = 0.00>
ST_1 : Operation 357 [1/1] (0.00ns)   --->   "%sext_ln70_760 = sext i16 %p_read_183" [/home/kaxiotis/Vitis_Accel_Projects/vitis_accel_prj/firmware/nnet_utils/nnet_mult.h:70]   --->   Operation 357 'sext' 'sext_ln70_760' <Predicate = true> <Delay = 0.00>
ST_1 : Operation 358 [1/1] (0.00ns)   --->   "%sext_ln70_761 = sext i16 %p_read_183" [/home/kaxiotis/Vitis_Accel_Projects/vitis_accel_prj/firmware/nnet_utils/nnet_mult.h:70]   --->   Operation 358 'sext' 'sext_ln70_761' <Predicate = true> <Delay = 0.00>
ST_1 : Operation 359 [1/1] (2.25ns)   --->   "%mul_ln1270_101 = mul i26 %sext_ln70_761, i26 67108252"   --->   Operation 359 'mul' 'mul_ln1270_101' <Predicate = true> <Delay = 2.25> <CoreInst = "Mul_LUT">   --->   Core 4 'Mul_LUT' <Latency = 0> <II = 1> <Delay = 2.25> <FuncUnit> <Opcode : 'mul'> <InPorts = 2> <OutPorts = 1>
ST_1 : Operation 360 [1/1] (0.00ns)   --->   "%trunc_ln818_94 = partselect i16 @_ssdm_op_PartSelect.i16.i26.i32.i32, i26 %mul_ln1270_101, i32 10, i32 25"   --->   Operation 360 'partselect' 'trunc_ln818_94' <Predicate = true> <Delay = 0.00>
ST_1 : Operation 361 [1/1] (2.09ns)   --->   "%r_V_3327 = mul i26 %sext_ln70_761, i26 365"   --->   Operation 361 'mul' 'r_V_3327' <Predicate = true> <Delay = 2.09> <CoreInst = "Mul_LUT">   --->   Core 4 'Mul_LUT' <Latency = 0> <II = 1> <Delay = 2.09> <FuncUnit> <Opcode : 'mul'> <InPorts = 2> <OutPorts = 1>
ST_1 : Operation 362 [1/1] (0.00ns)   --->   "%trunc_ln818_95 = partselect i16 @_ssdm_op_PartSelect.i16.i26.i32.i32, i26 %r_V_3327, i32 10, i32 25"   --->   Operation 362 'partselect' 'trunc_ln818_95' <Predicate = true> <Delay = 0.00>
ST_1 : Operation 363 [1/1] (0.00ns)   --->   "%shl_ln1273_654 = bitconcatenate i20 @_ssdm_op_BitConcatenate.i20.i16.i4, i16 %p_read_183, i4 0"   --->   Operation 363 'bitconcatenate' 'shl_ln1273_654' <Predicate = true> <Delay = 0.00>
ST_1 : Operation 364 [1/1] (0.00ns)   --->   "%sext_ln1273_932 = sext i20 %shl_ln1273_654"   --->   Operation 364 'sext' 'sext_ln1273_932' <Predicate = true> <Delay = 0.00>
ST_1 : Operation 365 [1/1] (0.00ns) (grouped into TernaryAdder)   --->   "%sub_ln1273_796 = sub i21 0, i21 %sext_ln1273_932"   --->   Operation 365 'sub' 'sub_ln1273_796' <Predicate = true> <Delay = 0.00> <CoreInst = "TAddSub">   --->   Core 10 'TAddSub' <Latency = 0> <II = 1> <Delay = 0.51> <IPBlock> <Opcode : 'add' 'sub'> <InPorts = 3> <OutPorts = 1> <Sync> <CReg>
ST_1 : Operation 366 [1/1] (0.00ns)   --->   "%shl_ln1273_655 = bitconcatenate i18 @_ssdm_op_BitConcatenate.i18.i16.i2, i16 %p_read_183, i2 0"   --->   Operation 366 'bitconcatenate' 'shl_ln1273_655' <Predicate = true> <Delay = 0.00>
ST_1 : Operation 367 [1/1] (0.00ns)   --->   "%sext_ln1273_933 = sext i18 %shl_ln1273_655"   --->   Operation 367 'sext' 'sext_ln1273_933' <Predicate = true> <Delay = 0.00>
ST_1 : Operation 368 [1/1] (1.04ns) (root node of TernaryAdder)   --->   "%r_V_3328 = sub i21 %sub_ln1273_796, i21 %sext_ln1273_933"   --->   Operation 368 'sub' 'r_V_3328' <Predicate = true> <Delay = 1.04> <CoreInst = "TAddSub">   --->   Core 10 'TAddSub' <Latency = 0> <II = 1> <Delay = 0.51> <IPBlock> <Opcode : 'add' 'sub'> <InPorts = 3> <OutPorts = 1> <Sync> <CReg>
ST_1 : Operation 369 [1/1] (0.00ns)   --->   "%trunc_ln818_96 = partselect i11 @_ssdm_op_PartSelect.i11.i21.i32.i32, i21 %r_V_3328, i32 10, i32 20"   --->   Operation 369 'partselect' 'trunc_ln818_96' <Predicate = true> <Delay = 0.00>
ST_1 : Operation 370 [1/1] (0.00ns)   --->   "%sext_ln1273_966 = sext i11 %trunc_ln818_96"   --->   Operation 370 'sext' 'sext_ln1273_966' <Predicate = true> <Delay = 0.00>
ST_1 : Operation 371 [1/1] (1.97ns)   --->   "%r_V_3329 = mul i24 %sext_ln70_760, i24 16777098"   --->   Operation 371 'mul' 'r_V_3329' <Predicate = true> <Delay = 1.97> <CoreInst = "Mul_LUT">   --->   Core 4 'Mul_LUT' <Latency = 0> <II = 1> <Delay = 1.97> <FuncUnit> <Opcode : 'mul'> <InPorts = 2> <OutPorts = 1>
ST_1 : Operation 372 [1/1] (0.00ns)   --->   "%trunc_ln818_97 = partselect i14 @_ssdm_op_PartSelect.i14.i24.i32.i32, i24 %r_V_3329, i32 10, i32 23"   --->   Operation 372 'partselect' 'trunc_ln818_97' <Predicate = true> <Delay = 0.00>
ST_1 : Operation 373 [1/1] (0.00ns)   --->   "%sext_ln1273_967 = sext i14 %trunc_ln818_97"   --->   Operation 373 'sext' 'sext_ln1273_967' <Predicate = true> <Delay = 0.00>
ST_1 : Operation 374 [1/1] (1.83ns)   --->   "%r_V_3330 = mul i22 %sext_ln70_759, i22 4194285"   --->   Operation 374 'mul' 'r_V_3330' <Predicate = true> <Delay = 1.83> <CoreInst = "Mul_LUT">   --->   Core 4 'Mul_LUT' <Latency = 0> <II = 1> <Delay = 1.83> <FuncUnit> <Opcode : 'mul'> <InPorts = 2> <OutPorts = 1>
ST_1 : Operation 375 [1/1] (0.00ns)   --->   "%trunc_ln818_98 = partselect i12 @_ssdm_op_PartSelect.i12.i22.i32.i32, i22 %r_V_3330, i32 10, i32 21"   --->   Operation 375 'partselect' 'trunc_ln818_98' <Predicate = true> <Delay = 0.00>
ST_1 : Operation 376 [1/1] (0.00ns)   --->   "%sext_ln1270_14 = sext i12 %trunc_ln818_98"   --->   Operation 376 'sext' 'sext_ln1270_14' <Predicate = true> <Delay = 0.00>
ST_1 : Operation 377 [1/1] (0.00ns)   --->   "%sext_ln1270_15 = sext i16 %p_read2052"   --->   Operation 377 'sext' 'sext_ln1270_15' <Predicate = true> <Delay = 0.00>
ST_1 : Operation 378 [1/1] (0.00ns)   --->   "%sext_ln70_762 = sext i16 %p_read2052" [/home/kaxiotis/Vitis_Accel_Projects/vitis_accel_prj/firmware/nnet_utils/nnet_mult.h:70]   --->   Operation 378 'sext' 'sext_ln70_762' <Predicate = true> <Delay = 0.00>
ST_1 : Operation 379 [1/1] (0.00ns)   --->   "%sext_ln70_763 = sext i16 %p_read2052" [/home/kaxiotis/Vitis_Accel_Projects/vitis_accel_prj/firmware/nnet_utils/nnet_mult.h:70]   --->   Operation 379 'sext' 'sext_ln70_763' <Predicate = true> <Delay = 0.00>
ST_1 : Operation 380 [1/1] (1.97ns)   --->   "%r_V_3331 = mul i24 %sext_ln70_763, i24 95"   --->   Operation 380 'mul' 'r_V_3331' <Predicate = true> <Delay = 1.97> <CoreInst = "Mul_LUT">   --->   Core 4 'Mul_LUT' <Latency = 0> <II = 1> <Delay = 1.97> <FuncUnit> <Opcode : 'mul'> <InPorts = 2> <OutPorts = 1>
ST_1 : Operation 381 [1/1] (0.00ns)   --->   "%trunc_ln818_99 = partselect i14 @_ssdm_op_PartSelect.i14.i24.i32.i32, i24 %r_V_3331, i32 10, i32 23"   --->   Operation 381 'partselect' 'trunc_ln818_99' <Predicate = true> <Delay = 0.00>
ST_1 : Operation 382 [1/1] (0.00ns)   --->   "%sext_ln1273_968 = sext i14 %trunc_ln818_99"   --->   Operation 382 'sext' 'sext_ln1273_968' <Predicate = true> <Delay = 0.00>
ST_1 : Operation 383 [1/1] (0.82ns)   --->   "%r_V_3332 = sub i17 0, i17 %sext_ln70_762"   --->   Operation 383 'sub' 'r_V_3332' <Predicate = true> <Delay = 0.82> <CoreInst = "Adder">   --->   Core 1 'Adder' <Latency = 0> <II = 1> <Delay = 0.82> <FuncUnit> <Opcode : 'add' 'sub'> <InPorts = 2> <OutPorts = 1>
ST_1 : Operation 384 [1/1] (0.00ns)   --->   "%trunc_ln818_100 = partselect i7 @_ssdm_op_PartSelect.i7.i17.i32.i32, i17 %r_V_3332, i32 10, i32 16"   --->   Operation 384 'partselect' 'trunc_ln818_100' <Predicate = true> <Delay = 0.00>
ST_1 : Operation 385 [1/1] (0.00ns)   --->   "%sext_ln1270_16 = sext i7 %trunc_ln818_100"   --->   Operation 385 'sext' 'sext_ln1270_16' <Predicate = true> <Delay = 0.00>
ST_1 : Operation 386 [1/1] (2.25ns)   --->   "%mul_ln1270_102 = mul i26 %sext_ln1270_15, i26 67108169"   --->   Operation 386 'mul' 'mul_ln1270_102' <Predicate = true> <Delay = 2.25> <CoreInst = "Mul_LUT">   --->   Core 4 'Mul_LUT' <Latency = 0> <II = 1> <Delay = 2.25> <FuncUnit> <Opcode : 'mul'> <InPorts = 2> <OutPorts = 1>
ST_1 : Operation 387 [1/1] (0.00ns)   --->   "%trunc_ln818_101 = partselect i16 @_ssdm_op_PartSelect.i16.i26.i32.i32, i26 %mul_ln1270_102, i32 10, i32 25"   --->   Operation 387 'partselect' 'trunc_ln818_101' <Predicate = true> <Delay = 0.00>
ST_1 : Operation 388 [1/1] (2.48ns)   --->   "%mul_ln1270_103 = mul i26 %sext_ln1270_15, i26 67107678"   --->   Operation 388 'mul' 'mul_ln1270_103' <Predicate = true> <Delay = 2.48> <CoreInst = "Mul_LUT">   --->   Core 4 'Mul_LUT' <Latency = 0> <II = 1> <Delay = 2.48> <FuncUnit> <Opcode : 'mul'> <InPorts = 2> <OutPorts = 1>
ST_1 : Operation 389 [1/1] (0.00ns)   --->   "%trunc_ln818_102 = partselect i16 @_ssdm_op_PartSelect.i16.i26.i32.i32, i26 %mul_ln1270_103, i32 10, i32 25"   --->   Operation 389 'partselect' 'trunc_ln818_102' <Predicate = true> <Delay = 0.00>
ST_1 : Operation 390 [1/1] (2.25ns)   --->   "%mul_ln1270_104 = mul i26 %sext_ln1270_15, i26 998"   --->   Operation 390 'mul' 'mul_ln1270_104' <Predicate = true> <Delay = 2.25> <CoreInst = "Mul_LUT">   --->   Core 4 'Mul_LUT' <Latency = 0> <II = 1> <Delay = 2.25> <FuncUnit> <Opcode : 'mul'> <InPorts = 2> <OutPorts = 1>
ST_1 : Operation 391 [1/1] (0.00ns)   --->   "%trunc_ln818_103 = partselect i16 @_ssdm_op_PartSelect.i16.i26.i32.i32, i26 %mul_ln1270_104, i32 10, i32 25"   --->   Operation 391 'partselect' 'trunc_ln818_103' <Predicate = true> <Delay = 0.00>
ST_1 : Operation 392 [1/1] (0.00ns)   --->   "%sext_ln70_764 = sext i16 %p_read2153" [/home/kaxiotis/Vitis_Accel_Projects/vitis_accel_prj/firmware/nnet_utils/nnet_mult.h:70]   --->   Operation 392 'sext' 'sext_ln70_764' <Predicate = true> <Delay = 0.00>
ST_1 : Operation 393 [1/1] (0.00ns)   --->   "%sext_ln70_765 = sext i16 %p_read2153" [/home/kaxiotis/Vitis_Accel_Projects/vitis_accel_prj/firmware/nnet_utils/nnet_mult.h:70]   --->   Operation 393 'sext' 'sext_ln70_765' <Predicate = true> <Delay = 0.00>
ST_1 : Operation 394 [1/1] (0.00ns)   --->   "%sext_ln70_766 = sext i16 %p_read2153" [/home/kaxiotis/Vitis_Accel_Projects/vitis_accel_prj/firmware/nnet_utils/nnet_mult.h:70]   --->   Operation 394 'sext' 'sext_ln70_766' <Predicate = true> <Delay = 0.00>
ST_1 : Operation 395 [1/1] (0.82ns)   --->   "%r_V_3333 = sub i17 0, i17 %sext_ln70_766"   --->   Operation 395 'sub' 'r_V_3333' <Predicate = true> <Delay = 0.82> <CoreInst = "Adder">   --->   Core 1 'Adder' <Latency = 0> <II = 1> <Delay = 0.82> <FuncUnit> <Opcode : 'add' 'sub'> <InPorts = 2> <OutPorts = 1>
ST_1 : Operation 396 [1/1] (0.00ns)   --->   "%trunc_ln818_104 = partselect i7 @_ssdm_op_PartSelect.i7.i17.i32.i32, i17 %r_V_3333, i32 10, i32 16"   --->   Operation 396 'partselect' 'trunc_ln818_104' <Predicate = true> <Delay = 0.00>
ST_1 : Operation 397 [1/1] (0.00ns)   --->   "%sext_ln1273_969 = sext i7 %trunc_ln818_104"   --->   Operation 397 'sext' 'sext_ln1273_969' <Predicate = true> <Delay = 0.00>
ST_1 : Operation 398 [1/1] (2.03ns)   --->   "%r_V_3334 = mul i25 %sext_ln70_765, i25 33554210"   --->   Operation 398 'mul' 'r_V_3334' <Predicate = true> <Delay = 2.03> <CoreInst = "Mul_LUT">   --->   Core 4 'Mul_LUT' <Latency = 0> <II = 1> <Delay = 2.03> <FuncUnit> <Opcode : 'mul'> <InPorts = 2> <OutPorts = 1>
ST_1 : Operation 399 [1/1] (0.00ns)   --->   "%trunc_ln818_105 = partselect i15 @_ssdm_op_PartSelect.i15.i25.i32.i32, i25 %r_V_3334, i32 10, i32 24"   --->   Operation 399 'partselect' 'trunc_ln818_105' <Predicate = true> <Delay = 0.00>
ST_1 : Operation 400 [1/1] (0.00ns)   --->   "%shl_ln1273_656 = bitconcatenate i22 @_ssdm_op_BitConcatenate.i22.i16.i6, i16 %p_read2153, i6 0"   --->   Operation 400 'bitconcatenate' 'shl_ln1273_656' <Predicate = true> <Delay = 0.00>
ST_1 : Operation 401 [1/1] (0.00ns)   --->   "%sext_ln1273_934 = sext i22 %shl_ln1273_656"   --->   Operation 401 'sext' 'sext_ln1273_934' <Predicate = true> <Delay = 0.00>
ST_1 : Operation 402 [1/1] (0.85ns)   --->   "%r_V_3335 = sub i23 %sext_ln1273_934, i23 %sext_ln70_764"   --->   Operation 402 'sub' 'r_V_3335' <Predicate = true> <Delay = 0.85> <CoreInst = "Adder">   --->   Core 1 'Adder' <Latency = 0> <II = 1> <Delay = 0.85> <FuncUnit> <Opcode : 'add' 'sub'> <InPorts = 2> <OutPorts = 1>
ST_1 : Operation 403 [1/1] (0.00ns)   --->   "%trunc_ln818_106 = partselect i13 @_ssdm_op_PartSelect.i13.i23.i32.i32, i23 %r_V_3335, i32 10, i32 22"   --->   Operation 403 'partselect' 'trunc_ln818_106' <Predicate = true> <Delay = 0.00>
ST_1 : Operation 404 [1/1] (0.00ns)   --->   "%sext_ln1273_970 = sext i13 %trunc_ln818_106"   --->   Operation 404 'sext' 'sext_ln1273_970' <Predicate = true> <Delay = 0.00>
ST_1 : Operation 405 [1/1] (0.00ns)   --->   "%sext_ln1273_935 = sext i16 %p_read2153"   --->   Operation 405 'sext' 'sext_ln1273_935' <Predicate = true> <Delay = 0.00>
ST_1 : Operation 406 [1/1] (2.25ns)   --->   "%mul_ln1270_105 = mul i26 %sext_ln1273_935, i26 944"   --->   Operation 406 'mul' 'mul_ln1270_105' <Predicate = true> <Delay = 2.25> <CoreInst = "Mul_LUT">   --->   Core 4 'Mul_LUT' <Latency = 0> <II = 1> <Delay = 2.25> <FuncUnit> <Opcode : 'mul'> <InPorts = 2> <OutPorts = 1>
ST_1 : Operation 407 [1/1] (0.00ns)   --->   "%trunc_ln818_107 = partselect i16 @_ssdm_op_PartSelect.i16.i26.i32.i32, i26 %mul_ln1270_105, i32 10, i32 25"   --->   Operation 407 'partselect' 'trunc_ln818_107' <Predicate = true> <Delay = 0.00>
ST_1 : Operation 408 [1/1] (2.25ns)   --->   "%mul_ln1270_106 = mul i26 %sext_ln1273_935, i26 67108306"   --->   Operation 408 'mul' 'mul_ln1270_106' <Predicate = true> <Delay = 2.25> <CoreInst = "Mul_LUT">   --->   Core 4 'Mul_LUT' <Latency = 0> <II = 1> <Delay = 2.25> <FuncUnit> <Opcode : 'mul'> <InPorts = 2> <OutPorts = 1>
ST_1 : Operation 409 [1/1] (0.00ns)   --->   "%trunc_ln818_108 = partselect i16 @_ssdm_op_PartSelect.i16.i26.i32.i32, i26 %mul_ln1270_106, i32 10, i32 25"   --->   Operation 409 'partselect' 'trunc_ln818_108' <Predicate = true> <Delay = 0.00>
ST_1 : Operation 410 [1/1] (0.00ns)   --->   "%sext_ln70_767 = sext i16 %p_read_182" [/home/kaxiotis/Vitis_Accel_Projects/vitis_accel_prj/firmware/nnet_utils/nnet_mult.h:70]   --->   Operation 410 'sext' 'sext_ln70_767' <Predicate = true> <Delay = 0.00>
ST_1 : Operation 411 [1/1] (0.00ns)   --->   "%shl_ln1273_657 = bitconcatenate i26 @_ssdm_op_BitConcatenate.i26.i16.i10, i16 %p_read_182, i10 0"   --->   Operation 411 'bitconcatenate' 'shl_ln1273_657' <Predicate = true> <Delay = 0.00>
ST_1 : Operation 412 [1/1] (0.00ns)   --->   "%shl_ln1273_658 = bitconcatenate i24 @_ssdm_op_BitConcatenate.i24.i16.i8, i16 %p_read_182, i8 0"   --->   Operation 412 'bitconcatenate' 'shl_ln1273_658' <Predicate = true> <Delay = 0.00>
ST_1 : Operation 413 [1/1] (0.00ns)   --->   "%sext_ln1273_936 = sext i24 %shl_ln1273_658"   --->   Operation 413 'sext' 'sext_ln1273_936' <Predicate = true> <Delay = 0.00>
ST_1 : Operation 414 [1/1] (0.87ns)   --->   "%r_V_3336 = sub i26 %shl_ln1273_657, i26 %sext_ln1273_936"   --->   Operation 414 'sub' 'r_V_3336' <Predicate = true> <Delay = 0.87> <CoreInst = "Adder">   --->   Core 1 'Adder' <Latency = 0> <II = 1> <Delay = 0.87> <FuncUnit> <Opcode : 'add' 'sub'> <InPorts = 2> <OutPorts = 1>
ST_1 : Operation 415 [1/1] (0.00ns)   --->   "%trunc_ln818_109 = partselect i16 @_ssdm_op_PartSelect.i16.i26.i32.i32, i26 %r_V_3336, i32 10, i32 25"   --->   Operation 415 'partselect' 'trunc_ln818_109' <Predicate = true> <Delay = 0.00>
ST_1 : Operation 416 [1/1] (2.09ns)   --->   "%r_V_3337 = mul i26 %sext_ln70_767, i26 67108472"   --->   Operation 416 'mul' 'r_V_3337' <Predicate = true> <Delay = 2.09> <CoreInst = "Mul_LUT">   --->   Core 4 'Mul_LUT' <Latency = 0> <II = 1> <Delay = 2.09> <FuncUnit> <Opcode : 'mul'> <InPorts = 2> <OutPorts = 1>
ST_1 : Operation 417 [1/1] (0.00ns)   --->   "%trunc_ln818_110 = partselect i16 @_ssdm_op_PartSelect.i16.i26.i32.i32, i26 %r_V_3337, i32 10, i32 25"   --->   Operation 417 'partselect' 'trunc_ln818_110' <Predicate = true> <Delay = 0.00>
ST_1 : Operation 418 [1/1] (2.25ns)   --->   "%mul_ln1270_107 = mul i26 %sext_ln70_767, i26 567"   --->   Operation 418 'mul' 'mul_ln1270_107' <Predicate = true> <Delay = 2.25> <CoreInst = "Mul_LUT">   --->   Core 4 'Mul_LUT' <Latency = 0> <II = 1> <Delay = 2.25> <FuncUnit> <Opcode : 'mul'> <InPorts = 2> <OutPorts = 1>
ST_1 : Operation 419 [1/1] (0.00ns)   --->   "%trunc_ln818_111 = partselect i16 @_ssdm_op_PartSelect.i16.i26.i32.i32, i26 %mul_ln1270_107, i32 10, i32 25"   --->   Operation 419 'partselect' 'trunc_ln818_111' <Predicate = true> <Delay = 0.00>
ST_1 : Operation 420 [1/1] (2.09ns)   --->   "%r_V_3338 = mul i26 %sext_ln70_767, i26 67108454"   --->   Operation 420 'mul' 'r_V_3338' <Predicate = true> <Delay = 2.09> <CoreInst = "Mul_LUT">   --->   Core 4 'Mul_LUT' <Latency = 0> <II = 1> <Delay = 2.09> <FuncUnit> <Opcode : 'mul'> <InPorts = 2> <OutPorts = 1>
ST_1 : Operation 421 [1/1] (0.00ns)   --->   "%trunc_ln818_112 = partselect i16 @_ssdm_op_PartSelect.i16.i26.i32.i32, i26 %r_V_3338, i32 10, i32 25"   --->   Operation 421 'partselect' 'trunc_ln818_112' <Predicate = true> <Delay = 0.00>
ST_1 : Operation 422 [1/1] (2.25ns)   --->   "%mul_ln1270_108 = mul i26 %sext_ln70_767, i26 67108302"   --->   Operation 422 'mul' 'mul_ln1270_108' <Predicate = true> <Delay = 2.25> <CoreInst = "Mul_LUT">   --->   Core 4 'Mul_LUT' <Latency = 0> <II = 1> <Delay = 2.25> <FuncUnit> <Opcode : 'mul'> <InPorts = 2> <OutPorts = 1>
ST_1 : Operation 423 [1/1] (0.00ns)   --->   "%trunc_ln818_113 = partselect i16 @_ssdm_op_PartSelect.i16.i26.i32.i32, i26 %mul_ln1270_108, i32 10, i32 25"   --->   Operation 423 'partselect' 'trunc_ln818_113' <Predicate = true> <Delay = 0.00>
ST_1 : Operation 424 [1/1] (0.00ns)   --->   "%sext_ln70_768 = sext i16 %p_read_181" [/home/kaxiotis/Vitis_Accel_Projects/vitis_accel_prj/firmware/nnet_utils/nnet_mult.h:70]   --->   Operation 424 'sext' 'sext_ln70_768' <Predicate = true> <Delay = 0.00>
ST_1 : Operation 425 [1/1] (0.82ns)   --->   "%r_V_3339 = sub i17 0, i17 %sext_ln70_768"   --->   Operation 425 'sub' 'r_V_3339' <Predicate = true> <Delay = 0.82> <CoreInst = "Adder">   --->   Core 1 'Adder' <Latency = 0> <II = 1> <Delay = 0.82> <FuncUnit> <Opcode : 'add' 'sub'> <InPorts = 2> <OutPorts = 1>
ST_1 : Operation 426 [1/1] (0.00ns)   --->   "%trunc_ln818_114 = partselect i7 @_ssdm_op_PartSelect.i7.i17.i32.i32, i17 %r_V_3339, i32 10, i32 16"   --->   Operation 426 'partselect' 'trunc_ln818_114' <Predicate = true> <Delay = 0.00>
ST_1 : Operation 427 [1/1] (0.00ns)   --->   "%sext_ln1270_17 = sext i7 %trunc_ln818_114"   --->   Operation 427 'sext' 'sext_ln1270_17' <Predicate = true> <Delay = 0.00>
ST_1 : Operation 428 [1/1] (0.00ns)   --->   "%sext_ln1270_18 = sext i16 %p_read_180"   --->   Operation 428 'sext' 'sext_ln1270_18' <Predicate = true> <Delay = 0.00>
ST_1 : Operation 429 [1/1] (0.00ns)   --->   "%shl_ln1273_659 = bitconcatenate i25 @_ssdm_op_BitConcatenate.i25.i16.i9, i16 %p_read_180, i9 0"   --->   Operation 429 'bitconcatenate' 'shl_ln1273_659' <Predicate = true> <Delay = 0.00>
ST_1 : Operation 430 [1/1] (0.00ns)   --->   "%sext_ln1273_937 = sext i25 %shl_ln1273_659"   --->   Operation 430 'sext' 'sext_ln1273_937' <Predicate = true> <Delay = 0.00>
ST_1 : Operation 431 [1/1] (0.00ns) (grouped into TernaryAdder)   --->   "%sub_ln1273_803 = sub i26 0, i26 %sext_ln1273_937"   --->   Operation 431 'sub' 'sub_ln1273_803' <Predicate = true> <Delay = 0.00> <CoreInst = "TAddSub">   --->   Core 10 'TAddSub' <Latency = 0> <II = 1> <Delay = 0.51> <IPBlock> <Opcode : 'add' 'sub'> <InPorts = 3> <OutPorts = 1> <Sync> <CReg>
ST_1 : Operation 432 [1/1] (0.00ns)   --->   "%shl_ln1273_660 = bitconcatenate i19 @_ssdm_op_BitConcatenate.i19.i16.i3, i16 %p_read_180, i3 0"   --->   Operation 432 'bitconcatenate' 'shl_ln1273_660' <Predicate = true> <Delay = 0.00>
ST_1 : Operation 433 [1/1] (0.00ns)   --->   "%sext_ln1273_938 = sext i19 %shl_ln1273_660"   --->   Operation 433 'sext' 'sext_ln1273_938' <Predicate = true> <Delay = 0.00>
ST_1 : Operation 434 [1/1] (1.06ns) (root node of TernaryAdder)   --->   "%r_V_3340 = sub i26 %sub_ln1273_803, i26 %sext_ln1273_938"   --->   Operation 434 'sub' 'r_V_3340' <Predicate = true> <Delay = 1.06> <CoreInst = "TAddSub">   --->   Core 10 'TAddSub' <Latency = 0> <II = 1> <Delay = 0.51> <IPBlock> <Opcode : 'add' 'sub'> <InPorts = 3> <OutPorts = 1> <Sync> <CReg>
ST_1 : Operation 435 [1/1] (0.00ns)   --->   "%trunc_ln818_115 = partselect i16 @_ssdm_op_PartSelect.i16.i26.i32.i32, i26 %r_V_3340, i32 10, i32 25"   --->   Operation 435 'partselect' 'trunc_ln818_115' <Predicate = true> <Delay = 0.00>
ST_1 : Operation 436 [1/1] (2.09ns)   --->   "%r_V_3341 = mul i26 %sext_ln1270_18, i26 67108518"   --->   Operation 436 'mul' 'r_V_3341' <Predicate = true> <Delay = 2.09> <CoreInst = "Mul_LUT">   --->   Core 4 'Mul_LUT' <Latency = 0> <II = 1> <Delay = 2.09> <FuncUnit> <Opcode : 'mul'> <InPorts = 2> <OutPorts = 1>
ST_1 : Operation 437 [1/1] (0.00ns)   --->   "%trunc_ln818_116 = partselect i16 @_ssdm_op_PartSelect.i16.i26.i32.i32, i26 %r_V_3341, i32 10, i32 25"   --->   Operation 437 'partselect' 'trunc_ln818_116' <Predicate = true> <Delay = 0.00>
ST_1 : Operation 438 [1/1] (0.00ns)   --->   "%shl_ln1273_661 = bitconcatenate i23 @_ssdm_op_BitConcatenate.i23.i16.i7, i16 %p_read_180, i7 0"   --->   Operation 438 'bitconcatenate' 'shl_ln1273_661' <Predicate = true> <Delay = 0.00>
ST_1 : Operation 439 [1/1] (0.00ns)   --->   "%sext_ln1273_939 = sext i23 %shl_ln1273_661"   --->   Operation 439 'sext' 'sext_ln1273_939' <Predicate = true> <Delay = 0.00>
ST_1 : Operation 440 [1/1] (0.00ns)   --->   "%shl_ln1273_662 = bitconcatenate i20 @_ssdm_op_BitConcatenate.i20.i16.i4, i16 %p_read_180, i4 0"   --->   Operation 440 'bitconcatenate' 'shl_ln1273_662' <Predicate = true> <Delay = 0.00>
ST_1 : Operation 441 [1/1] (0.00ns)   --->   "%sext_ln1273_940 = sext i20 %shl_ln1273_662"   --->   Operation 441 'sext' 'sext_ln1273_940' <Predicate = true> <Delay = 0.00>
ST_1 : Operation 442 [1/1] (0.85ns)   --->   "%r_V_3342 = sub i24 %sext_ln1273_939, i24 %sext_ln1273_940"   --->   Operation 442 'sub' 'r_V_3342' <Predicate = true> <Delay = 0.85> <CoreInst = "Adder">   --->   Core 1 'Adder' <Latency = 0> <II = 1> <Delay = 0.85> <FuncUnit> <Opcode : 'add' 'sub'> <InPorts = 2> <OutPorts = 1>
ST_1 : Operation 443 [1/1] (0.00ns)   --->   "%trunc_ln818_117 = partselect i14 @_ssdm_op_PartSelect.i14.i24.i32.i32, i24 %r_V_3342, i32 10, i32 23"   --->   Operation 443 'partselect' 'trunc_ln818_117' <Predicate = true> <Delay = 0.00>
ST_1 : Operation 444 [1/1] (0.00ns)   --->   "%sext_ln1273_971 = sext i14 %trunc_ln818_117"   --->   Operation 444 'sext' 'sext_ln1273_971' <Predicate = true> <Delay = 0.00>
ST_1 : Operation 445 [1/1] (2.09ns)   --->   "%r_V_3343 = mul i26 %sext_ln1270_18, i26 498"   --->   Operation 445 'mul' 'r_V_3343' <Predicate = true> <Delay = 2.09> <CoreInst = "Mul_LUT">   --->   Core 4 'Mul_LUT' <Latency = 0> <II = 1> <Delay = 2.09> <FuncUnit> <Opcode : 'mul'> <InPorts = 2> <OutPorts = 1>
ST_1 : Operation 446 [1/1] (0.00ns)   --->   "%trunc_ln818_118 = partselect i16 @_ssdm_op_PartSelect.i16.i26.i32.i32, i26 %r_V_3343, i32 10, i32 25"   --->   Operation 446 'partselect' 'trunc_ln818_118' <Predicate = true> <Delay = 0.00>
ST_1 : Operation 447 [1/1] (2.25ns)   --->   "%mul_ln1270_109 = mul i26 %sext_ln1270_18, i26 613"   --->   Operation 447 'mul' 'mul_ln1270_109' <Predicate = true> <Delay = 2.25> <CoreInst = "Mul_LUT">   --->   Core 4 'Mul_LUT' <Latency = 0> <II = 1> <Delay = 2.25> <FuncUnit> <Opcode : 'mul'> <InPorts = 2> <OutPorts = 1>
ST_1 : Operation 448 [1/1] (0.00ns)   --->   "%trunc_ln818_119 = partselect i16 @_ssdm_op_PartSelect.i16.i26.i32.i32, i26 %mul_ln1270_109, i32 10, i32 25"   --->   Operation 448 'partselect' 'trunc_ln818_119' <Predicate = true> <Delay = 0.00>
ST_1 : Operation 449 [1/1] (0.00ns)   --->   "%sext_ln70_769 = sext i16 %p_read_179" [/home/kaxiotis/Vitis_Accel_Projects/vitis_accel_prj/firmware/nnet_utils/nnet_mult.h:70]   --->   Operation 449 'sext' 'sext_ln70_769' <Predicate = true> <Delay = 0.00>
ST_1 : Operation 450 [1/1] (0.00ns)   --->   "%sext_ln70_770 = sext i16 %p_read_179" [/home/kaxiotis/Vitis_Accel_Projects/vitis_accel_prj/firmware/nnet_utils/nnet_mult.h:70]   --->   Operation 450 'sext' 'sext_ln70_770' <Predicate = true> <Delay = 0.00>
ST_1 : Operation 451 [1/1] (2.25ns)   --->   "%mul_ln1270_110 = mul i26 %sext_ln70_769, i26 67108303"   --->   Operation 451 'mul' 'mul_ln1270_110' <Predicate = true> <Delay = 2.25> <CoreInst = "Mul_LUT">   --->   Core 4 'Mul_LUT' <Latency = 0> <II = 1> <Delay = 2.25> <FuncUnit> <Opcode : 'mul'> <InPorts = 2> <OutPorts = 1>
ST_1 : Operation 452 [1/1] (0.00ns)   --->   "%trunc_ln818_120 = partselect i16 @_ssdm_op_PartSelect.i16.i26.i32.i32, i26 %mul_ln1270_110, i32 10, i32 25"   --->   Operation 452 'partselect' 'trunc_ln818_120' <Predicate = true> <Delay = 0.00>
ST_1 : Operation 453 [1/1] (1.83ns)   --->   "%r_V_3344 = mul i22 %sext_ln70_770, i22 19"   --->   Operation 453 'mul' 'r_V_3344' <Predicate = true> <Delay = 1.83> <CoreInst = "Mul_LUT">   --->   Core 4 'Mul_LUT' <Latency = 0> <II = 1> <Delay = 1.83> <FuncUnit> <Opcode : 'mul'> <InPorts = 2> <OutPorts = 1>
ST_1 : Operation 454 [1/1] (0.00ns)   --->   "%trunc_ln818_121 = partselect i12 @_ssdm_op_PartSelect.i12.i22.i32.i32, i22 %r_V_3344, i32 10, i32 21"   --->   Operation 454 'partselect' 'trunc_ln818_121' <Predicate = true> <Delay = 0.00>
ST_1 : Operation 455 [1/1] (0.00ns)   --->   "%sext_ln1273_972 = sext i12 %trunc_ln818_121"   --->   Operation 455 'sext' 'sext_ln1273_972' <Predicate = true> <Delay = 0.00>
ST_1 : Operation 456 [1/1] (2.09ns)   --->   "%r_V_3345 = mul i26 %sext_ln70_769, i26 67108450"   --->   Operation 456 'mul' 'r_V_3345' <Predicate = true> <Delay = 2.09> <CoreInst = "Mul_LUT">   --->   Core 4 'Mul_LUT' <Latency = 0> <II = 1> <Delay = 2.09> <FuncUnit> <Opcode : 'mul'> <InPorts = 2> <OutPorts = 1>
ST_1 : Operation 457 [1/1] (0.00ns)   --->   "%trunc_ln818_122 = partselect i16 @_ssdm_op_PartSelect.i16.i26.i32.i32, i26 %r_V_3345, i32 10, i32 25"   --->   Operation 457 'partselect' 'trunc_ln818_122' <Predicate = true> <Delay = 0.00>
ST_1 : Operation 458 [1/1] (0.00ns)   --->   "%shl_ln1273_663 = bitconcatenate i25 @_ssdm_op_BitConcatenate.i25.i16.i9, i16 %p_read_179, i9 0"   --->   Operation 458 'bitconcatenate' 'shl_ln1273_663' <Predicate = true> <Delay = 0.00>
ST_1 : Operation 459 [1/1] (0.00ns)   --->   "%sext_ln1273_941 = sext i25 %shl_ln1273_663"   --->   Operation 459 'sext' 'sext_ln1273_941' <Predicate = true> <Delay = 0.00>
ST_1 : Operation 460 [1/1] (0.00ns)   --->   "%shl_ln1273_664 = bitconcatenate i20 @_ssdm_op_BitConcatenate.i20.i16.i4, i16 %p_read_179, i4 0"   --->   Operation 460 'bitconcatenate' 'shl_ln1273_664' <Predicate = true> <Delay = 0.00>
ST_1 : Operation 461 [1/1] (0.00ns)   --->   "%sext_ln1273_942 = sext i20 %shl_ln1273_664"   --->   Operation 461 'sext' 'sext_ln1273_942' <Predicate = true> <Delay = 0.00>
ST_1 : Operation 462 [1/1] (0.86ns)   --->   "%r_V_3346 = sub i26 %sext_ln1273_941, i26 %sext_ln1273_942"   --->   Operation 462 'sub' 'r_V_3346' <Predicate = true> <Delay = 0.86> <CoreInst = "Adder">   --->   Core 1 'Adder' <Latency = 0> <II = 1> <Delay = 0.86> <FuncUnit> <Opcode : 'add' 'sub'> <InPorts = 2> <OutPorts = 1>
ST_1 : Operation 463 [1/1] (0.00ns)   --->   "%trunc_ln818_123 = partselect i16 @_ssdm_op_PartSelect.i16.i26.i32.i32, i26 %r_V_3346, i32 10, i32 25"   --->   Operation 463 'partselect' 'trunc_ln818_123' <Predicate = true> <Delay = 0.00>
ST_1 : Operation 464 [1/1] (0.00ns)   --->   "%shl_ln1273_665 = bitconcatenate i23 @_ssdm_op_BitConcatenate.i23.i16.i7, i16 %p_read_179, i7 0"   --->   Operation 464 'bitconcatenate' 'shl_ln1273_665' <Predicate = true> <Delay = 0.00>
ST_1 : Operation 465 [1/1] (0.00ns)   --->   "%sext_ln1273_943 = sext i23 %shl_ln1273_665"   --->   Operation 465 'sext' 'sext_ln1273_943' <Predicate = true> <Delay = 0.00>
ST_1 : Operation 466 [1/1] (0.00ns)   --->   "%shl_ln1273_666 = bitconcatenate i17 @_ssdm_op_BitConcatenate.i17.i16.i1, i16 %p_read_179, i1 0"   --->   Operation 466 'bitconcatenate' 'shl_ln1273_666' <Predicate = true> <Delay = 0.00>
ST_1 : Operation 467 [1/1] (0.00ns)   --->   "%sext_ln1273_944 = sext i17 %shl_ln1273_666"   --->   Operation 467 'sext' 'sext_ln1273_944' <Predicate = true> <Delay = 0.00>
ST_1 : Operation 468 [1/1] (0.85ns)   --->   "%r_V_3347 = add i24 %sext_ln1273_943, i24 %sext_ln1273_944"   --->   Operation 468 'add' 'r_V_3347' <Predicate = true> <Delay = 0.85> <CoreInst = "Adder">   --->   Core 1 'Adder' <Latency = 0> <II = 1> <Delay = 0.85> <FuncUnit> <Opcode : 'add' 'sub'> <InPorts = 2> <OutPorts = 1>
ST_1 : Operation 469 [1/1] (0.00ns)   --->   "%trunc_ln818_124 = partselect i14 @_ssdm_op_PartSelect.i14.i24.i32.i32, i24 %r_V_3347, i32 10, i32 23"   --->   Operation 469 'partselect' 'trunc_ln818_124' <Predicate = true> <Delay = 0.00>
ST_1 : Operation 470 [1/1] (0.00ns)   --->   "%sext_ln70_771 = sext i14 %trunc_ln818_124" [/home/kaxiotis/Vitis_Accel_Projects/vitis_accel_prj/firmware/nnet_utils/nnet_mult.h:70]   --->   Operation 470 'sext' 'sext_ln70_771' <Predicate = true> <Delay = 0.00>
ST_1 : Operation 471 [1/1] (0.00ns)   --->   "%sext_ln70_772 = sext i16 %p_read_178" [/home/kaxiotis/Vitis_Accel_Projects/vitis_accel_prj/firmware/nnet_utils/nnet_mult.h:70]   --->   Operation 471 'sext' 'sext_ln70_772' <Predicate = true> <Delay = 0.00>
ST_1 : Operation 472 [1/1] (0.00ns)   --->   "%sext_ln70_773 = sext i16 %p_read_178" [/home/kaxiotis/Vitis_Accel_Projects/vitis_accel_prj/firmware/nnet_utils/nnet_mult.h:70]   --->   Operation 472 'sext' 'sext_ln70_773' <Predicate = true> <Delay = 0.00>
ST_1 : Operation 473 [1/1] (2.09ns)   --->   "%r_V_3348 = mul i26 %sext_ln70_773, i26 67108421"   --->   Operation 473 'mul' 'r_V_3348' <Predicate = true> <Delay = 2.09> <CoreInst = "Mul_LUT">   --->   Core 4 'Mul_LUT' <Latency = 0> <II = 1> <Delay = 2.09> <FuncUnit> <Opcode : 'mul'> <InPorts = 2> <OutPorts = 1>
ST_1 : Operation 474 [1/1] (0.00ns)   --->   "%trunc_ln818_125 = partselect i16 @_ssdm_op_PartSelect.i16.i26.i32.i32, i26 %r_V_3348, i32 10, i32 25"   --->   Operation 474 'partselect' 'trunc_ln818_125' <Predicate = true> <Delay = 0.00>
ST_1 : Operation 475 [1/1] (2.09ns)   --->   "%r_V_3349 = mul i26 %sext_ln70_773, i26 67108365"   --->   Operation 475 'mul' 'r_V_3349' <Predicate = true> <Delay = 2.09> <CoreInst = "Mul_LUT">   --->   Core 4 'Mul_LUT' <Latency = 0> <II = 1> <Delay = 2.09> <FuncUnit> <Opcode : 'mul'> <InPorts = 2> <OutPorts = 1>
ST_1 : Operation 476 [1/1] (0.00ns)   --->   "%trunc_ln818_126 = partselect i16 @_ssdm_op_PartSelect.i16.i26.i32.i32, i26 %r_V_3349, i32 10, i32 25"   --->   Operation 476 'partselect' 'trunc_ln818_126' <Predicate = true> <Delay = 0.00>
ST_1 : Operation 477 [1/1] (2.03ns)   --->   "%r_V_3350 = mul i25 %sext_ln70_772, i25 33554247"   --->   Operation 477 'mul' 'r_V_3350' <Predicate = true> <Delay = 2.03> <CoreInst = "Mul_LUT">   --->   Core 4 'Mul_LUT' <Latency = 0> <II = 1> <Delay = 2.03> <FuncUnit> <Opcode : 'mul'> <InPorts = 2> <OutPorts = 1>
ST_1 : Operation 478 [1/1] (0.00ns)   --->   "%trunc_ln818_127 = partselect i15 @_ssdm_op_PartSelect.i15.i25.i32.i32, i25 %r_V_3350, i32 10, i32 24"   --->   Operation 478 'partselect' 'trunc_ln818_127' <Predicate = true> <Delay = 0.00>
ST_1 : Operation 479 [1/1] (0.00ns)   --->   "%sext_ln818_1038 = sext i15 %trunc_ln818_127"   --->   Operation 479 'sext' 'sext_ln818_1038' <Predicate = true> <Delay = 0.00>
ST_1 : Operation 480 [1/1] (2.09ns)   --->   "%r_V_3351 = mul i26 %sext_ln70_773, i26 407"   --->   Operation 480 'mul' 'r_V_3351' <Predicate = true> <Delay = 2.09> <CoreInst = "Mul_LUT">   --->   Core 4 'Mul_LUT' <Latency = 0> <II = 1> <Delay = 2.09> <FuncUnit> <Opcode : 'mul'> <InPorts = 2> <OutPorts = 1>
ST_1 : Operation 481 [1/1] (0.00ns)   --->   "%trunc_ln818_128 = partselect i16 @_ssdm_op_PartSelect.i16.i26.i32.i32, i26 %r_V_3351, i32 10, i32 25"   --->   Operation 481 'partselect' 'trunc_ln818_128' <Predicate = true> <Delay = 0.00>
ST_1 : Operation 482 [1/1] (0.00ns)   --->   "%shl_ln1273_667 = bitconcatenate i25 @_ssdm_op_BitConcatenate.i25.i16.i9, i16 %p_read_178, i9 0"   --->   Operation 482 'bitconcatenate' 'shl_ln1273_667' <Predicate = true> <Delay = 0.00>
ST_1 : Operation 483 [1/1] (0.00ns)   --->   "%sext_ln1273_945 = sext i25 %shl_ln1273_667"   --->   Operation 483 'sext' 'sext_ln1273_945' <Predicate = true> <Delay = 0.00>
ST_1 : Operation 484 [1/1] (0.00ns)   --->   "%shl_ln1273_668 = bitconcatenate i20 @_ssdm_op_BitConcatenate.i20.i16.i4, i16 %p_read_178, i4 0"   --->   Operation 484 'bitconcatenate' 'shl_ln1273_668' <Predicate = true> <Delay = 0.00>
ST_1 : Operation 485 [1/1] (0.00ns)   --->   "%sext_ln1273_946 = sext i20 %shl_ln1273_668"   --->   Operation 485 'sext' 'sext_ln1273_946' <Predicate = true> <Delay = 0.00>
ST_1 : Operation 486 [1/1] (0.86ns)   --->   "%r_V_3352 = sub i26 %sext_ln1273_945, i26 %sext_ln1273_946"   --->   Operation 486 'sub' 'r_V_3352' <Predicate = true> <Delay = 0.86> <CoreInst = "Adder">   --->   Core 1 'Adder' <Latency = 0> <II = 1> <Delay = 0.86> <FuncUnit> <Opcode : 'add' 'sub'> <InPorts = 2> <OutPorts = 1>
ST_1 : Operation 487 [1/1] (0.00ns)   --->   "%trunc_ln818_129 = partselect i16 @_ssdm_op_PartSelect.i16.i26.i32.i32, i26 %r_V_3352, i32 10, i32 25"   --->   Operation 487 'partselect' 'trunc_ln818_129' <Predicate = true> <Delay = 0.00>
ST_1 : Operation 488 [1/1] (0.00ns)   --->   "%sext_ln70_774 = sext i16 %p_read_177" [/home/kaxiotis/Vitis_Accel_Projects/vitis_accel_prj/firmware/nnet_utils/nnet_mult.h:70]   --->   Operation 488 'sext' 'sext_ln70_774' <Predicate = true> <Delay = 0.00>
ST_1 : Operation 489 [1/1] (0.00ns)   --->   "%sext_ln70_775 = sext i16 %p_read_177" [/home/kaxiotis/Vitis_Accel_Projects/vitis_accel_prj/firmware/nnet_utils/nnet_mult.h:70]   --->   Operation 489 'sext' 'sext_ln70_775' <Predicate = true> <Delay = 0.00>
ST_1 : Operation 490 [1/1] (0.00ns)   --->   "%sext_ln70_776 = sext i16 %p_read_177" [/home/kaxiotis/Vitis_Accel_Projects/vitis_accel_prj/firmware/nnet_utils/nnet_mult.h:70]   --->   Operation 490 'sext' 'sext_ln70_776' <Predicate = true> <Delay = 0.00>
ST_1 : Operation 491 [1/1] (0.00ns)   --->   "%sext_ln1270_19 = sext i16 %p_read_177"   --->   Operation 491 'sext' 'sext_ln1270_19' <Predicate = true> <Delay = 0.00>
ST_1 : Operation 492 [1/1] (2.09ns)   --->   "%r_V_3353 = mul i26 %sext_ln1270_19, i26 67108408"   --->   Operation 492 'mul' 'r_V_3353' <Predicate = true> <Delay = 2.09> <CoreInst = "Mul_LUT">   --->   Core 4 'Mul_LUT' <Latency = 0> <II = 1> <Delay = 2.09> <FuncUnit> <Opcode : 'mul'> <InPorts = 2> <OutPorts = 1>
ST_1 : Operation 493 [1/1] (0.00ns)   --->   "%trunc_ln818_130 = partselect i16 @_ssdm_op_PartSelect.i16.i26.i32.i32, i26 %r_V_3353, i32 10, i32 25"   --->   Operation 493 'partselect' 'trunc_ln818_130' <Predicate = true> <Delay = 0.00>
ST_1 : Operation 494 [1/1] (2.25ns)   --->   "%mul_ln1270_111 = mul i26 %sext_ln1270_19, i26 67108291"   --->   Operation 494 'mul' 'mul_ln1270_111' <Predicate = true> <Delay = 2.25> <CoreInst = "Mul_LUT">   --->   Core 4 'Mul_LUT' <Latency = 0> <II = 1> <Delay = 2.25> <FuncUnit> <Opcode : 'mul'> <InPorts = 2> <OutPorts = 1>
ST_1 : Operation 495 [1/1] (0.00ns)   --->   "%trunc_ln818_131 = partselect i16 @_ssdm_op_PartSelect.i16.i26.i32.i32, i26 %mul_ln1270_111, i32 10, i32 25"   --->   Operation 495 'partselect' 'trunc_ln818_131' <Predicate = true> <Delay = 0.00>
ST_1 : Operation 496 [1/1] (1.97ns)   --->   "%r_V_3354 = mul i24 %sext_ln70_776, i24 93"   --->   Operation 496 'mul' 'r_V_3354' <Predicate = true> <Delay = 1.97> <CoreInst = "Mul_LUT">   --->   Core 4 'Mul_LUT' <Latency = 0> <II = 1> <Delay = 1.97> <FuncUnit> <Opcode : 'mul'> <InPorts = 2> <OutPorts = 1>
ST_1 : Operation 497 [1/1] (0.00ns)   --->   "%trunc_ln818_132 = partselect i14 @_ssdm_op_PartSelect.i14.i24.i32.i32, i24 %r_V_3354, i32 10, i32 23"   --->   Operation 497 'partselect' 'trunc_ln818_132' <Predicate = true> <Delay = 0.00>
ST_1 : Operation 498 [1/1] (0.00ns)   --->   "%sext_ln1273_973 = sext i14 %trunc_ln818_132"   --->   Operation 498 'sext' 'sext_ln1273_973' <Predicate = true> <Delay = 0.00>
ST_1 : Operation 499 [1/1] (2.03ns)   --->   "%r_V_3355 = mul i25 %sext_ln70_775, i25 177"   --->   Operation 499 'mul' 'r_V_3355' <Predicate = true> <Delay = 2.03> <CoreInst = "Mul_LUT">   --->   Core 4 'Mul_LUT' <Latency = 0> <II = 1> <Delay = 2.03> <FuncUnit> <Opcode : 'mul'> <InPorts = 2> <OutPorts = 1>
ST_1 : Operation 500 [1/1] (0.00ns)   --->   "%trunc_ln818_133 = partselect i15 @_ssdm_op_PartSelect.i15.i25.i32.i32, i25 %r_V_3355, i32 10, i32 24"   --->   Operation 500 'partselect' 'trunc_ln818_133' <Predicate = true> <Delay = 0.00>
ST_1 : Operation 501 [1/1] (0.00ns)   --->   "%sext_ln818_1039 = sext i15 %trunc_ln818_133"   --->   Operation 501 'sext' 'sext_ln818_1039' <Predicate = true> <Delay = 0.00>
ST_1 : Operation 502 [1/1] (1.83ns)   --->   "%r_V_3356 = mul i22 %sext_ln70_774, i22 4194281"   --->   Operation 502 'mul' 'r_V_3356' <Predicate = true> <Delay = 1.83> <CoreInst = "Mul_LUT">   --->   Core 4 'Mul_LUT' <Latency = 0> <II = 1> <Delay = 1.83> <FuncUnit> <Opcode : 'mul'> <InPorts = 2> <OutPorts = 1>
ST_1 : Operation 503 [1/1] (0.00ns)   --->   "%trunc_ln818_134 = partselect i12 @_ssdm_op_PartSelect.i12.i22.i32.i32, i22 %r_V_3356, i32 10, i32 21"   --->   Operation 503 'partselect' 'trunc_ln818_134' <Predicate = true> <Delay = 0.00>
ST_1 : Operation 504 [1/1] (0.00ns)   --->   "%sext_ln70_777 = sext i12 %trunc_ln818_134" [/home/kaxiotis/Vitis_Accel_Projects/vitis_accel_prj/firmware/nnet_utils/nnet_mult.h:70]   --->   Operation 504 'sext' 'sext_ln70_777' <Predicate = true> <Delay = 0.00>
ST_1 : Operation 505 [1/1] (0.00ns)   --->   "%sext_ln70_778 = sext i16 %p_read_176" [/home/kaxiotis/Vitis_Accel_Projects/vitis_accel_prj/firmware/nnet_utils/nnet_mult.h:70]   --->   Operation 505 'sext' 'sext_ln70_778' <Predicate = true> <Delay = 0.00>
ST_1 : Operation 506 [1/1] (0.00ns)   --->   "%sext_ln70_779 = sext i16 %p_read_176" [/home/kaxiotis/Vitis_Accel_Projects/vitis_accel_prj/firmware/nnet_utils/nnet_mult.h:70]   --->   Operation 506 'sext' 'sext_ln70_779' <Predicate = true> <Delay = 0.00>
ST_1 : Operation 507 [1/1] (0.00ns)   --->   "%sext_ln70_780 = sext i16 %p_read_176" [/home/kaxiotis/Vitis_Accel_Projects/vitis_accel_prj/firmware/nnet_utils/nnet_mult.h:70]   --->   Operation 507 'sext' 'sext_ln70_780' <Predicate = true> <Delay = 0.00>
ST_1 : Operation 508 [1/1] (1.83ns)   --->   "%r_V_3357 = mul i22 %sext_ln70_780, i22 21"   --->   Operation 508 'mul' 'r_V_3357' <Predicate = true> <Delay = 1.83> <CoreInst = "Mul_LUT">   --->   Core 4 'Mul_LUT' <Latency = 0> <II = 1> <Delay = 1.83> <FuncUnit> <Opcode : 'mul'> <InPorts = 2> <OutPorts = 1>
ST_1 : Operation 509 [1/1] (0.00ns)   --->   "%trunc_ln818_135 = partselect i12 @_ssdm_op_PartSelect.i12.i22.i32.i32, i22 %r_V_3357, i32 10, i32 21"   --->   Operation 509 'partselect' 'trunc_ln818_135' <Predicate = true> <Delay = 0.00>
ST_1 : Operation 510 [1/1] (0.00ns)   --->   "%sext_ln1273_974 = sext i12 %trunc_ln818_135"   --->   Operation 510 'sext' 'sext_ln1273_974' <Predicate = true> <Delay = 0.00>
ST_1 : Operation 511 [1/1] (2.09ns)   --->   "%r_V_3358 = mul i26 %sext_ln70_779, i26 67108577"   --->   Operation 511 'mul' 'r_V_3358' <Predicate = true> <Delay = 2.09> <CoreInst = "Mul_LUT">   --->   Core 4 'Mul_LUT' <Latency = 0> <II = 1> <Delay = 2.09> <FuncUnit> <Opcode : 'mul'> <InPorts = 2> <OutPorts = 1>
ST_1 : Operation 512 [1/1] (0.00ns)   --->   "%trunc_ln818_136 = partselect i16 @_ssdm_op_PartSelect.i16.i26.i32.i32, i26 %r_V_3358, i32 10, i32 25"   --->   Operation 512 'partselect' 'trunc_ln818_136' <Predicate = true> <Delay = 0.00>
ST_1 : Operation 513 [1/1] (0.00ns)   --->   "%shl_ln1273_669 = bitconcatenate i22 @_ssdm_op_BitConcatenate.i22.i16.i6, i16 %p_read_176, i6 0"   --->   Operation 513 'bitconcatenate' 'shl_ln1273_669' <Predicate = true> <Delay = 0.00>
ST_1 : Operation 514 [1/1] (0.00ns)   --->   "%sext_ln1273_947 = sext i22 %shl_ln1273_669"   --->   Operation 514 'sext' 'sext_ln1273_947' <Predicate = true> <Delay = 0.00>
ST_1 : Operation 515 [1/1] (0.00ns)   --->   "%shl_ln1273_670 = bitconcatenate i18 @_ssdm_op_BitConcatenate.i18.i16.i2, i16 %p_read_176, i2 0"   --->   Operation 515 'bitconcatenate' 'shl_ln1273_670' <Predicate = true> <Delay = 0.00>
ST_1 : Operation 516 [1/1] (0.00ns)   --->   "%sext_ln1273_948 = sext i18 %shl_ln1273_670"   --->   Operation 516 'sext' 'sext_ln1273_948' <Predicate = true> <Delay = 0.00>
ST_1 : Operation 517 [1/1] (0.85ns)   --->   "%r_V_3359 = sub i23 %sext_ln1273_947, i23 %sext_ln1273_948"   --->   Operation 517 'sub' 'r_V_3359' <Predicate = true> <Delay = 0.85> <CoreInst = "Adder">   --->   Core 1 'Adder' <Latency = 0> <II = 1> <Delay = 0.85> <FuncUnit> <Opcode : 'add' 'sub'> <InPorts = 2> <OutPorts = 1>
ST_1 : Operation 518 [1/1] (0.00ns)   --->   "%trunc_ln818_137 = partselect i13 @_ssdm_op_PartSelect.i13.i23.i32.i32, i23 %r_V_3359, i32 10, i32 22"   --->   Operation 518 'partselect' 'trunc_ln818_137' <Predicate = true> <Delay = 0.00>
ST_1 : Operation 519 [1/1] (0.00ns)   --->   "%sext_ln1273_975 = sext i13 %trunc_ln818_137"   --->   Operation 519 'sext' 'sext_ln1273_975' <Predicate = true> <Delay = 0.00>
ST_1 : Operation 520 [1/1] (2.09ns)   --->   "%r_V_3360 = mul i26 %sext_ln70_779, i26 67108454"   --->   Operation 520 'mul' 'r_V_3360' <Predicate = true> <Delay = 2.09> <CoreInst = "Mul_LUT">   --->   Core 4 'Mul_LUT' <Latency = 0> <II = 1> <Delay = 2.09> <FuncUnit> <Opcode : 'mul'> <InPorts = 2> <OutPorts = 1>
ST_1 : Operation 521 [1/1] (0.00ns)   --->   "%trunc_ln818_138 = partselect i16 @_ssdm_op_PartSelect.i16.i26.i32.i32, i26 %r_V_3360, i32 10, i32 25"   --->   Operation 521 'partselect' 'trunc_ln818_138' <Predicate = true> <Delay = 0.00>
ST_1 : Operation 522 [1/1] (1.89ns)   --->   "%r_V_3361 = mul i23 %sext_ln70_778, i23 8388554"   --->   Operation 522 'mul' 'r_V_3361' <Predicate = true> <Delay = 1.89> <CoreInst = "Mul_LUT">   --->   Core 4 'Mul_LUT' <Latency = 0> <II = 1> <Delay = 1.89> <FuncUnit> <Opcode : 'mul'> <InPorts = 2> <OutPorts = 1>
ST_1 : Operation 523 [1/1] (0.00ns)   --->   "%trunc_ln818_139 = partselect i13 @_ssdm_op_PartSelect.i13.i23.i32.i32, i23 %r_V_3361, i32 10, i32 22"   --->   Operation 523 'partselect' 'trunc_ln818_139' <Predicate = true> <Delay = 0.00>
ST_1 : Operation 524 [1/1] (0.00ns)   --->   "%sext_ln70_781 = sext i13 %trunc_ln818_139" [/home/kaxiotis/Vitis_Accel_Projects/vitis_accel_prj/firmware/nnet_utils/nnet_mult.h:70]   --->   Operation 524 'sext' 'sext_ln70_781' <Predicate = true> <Delay = 0.00>
ST_1 : Operation 525 [1/1] (0.00ns)   --->   "%sext_ln70_782 = sext i16 %p_read_175" [/home/kaxiotis/Vitis_Accel_Projects/vitis_accel_prj/firmware/nnet_utils/nnet_mult.h:70]   --->   Operation 525 'sext' 'sext_ln70_782' <Predicate = true> <Delay = 0.00>
ST_1 : Operation 526 [1/1] (2.09ns)   --->   "%r_V_3362 = mul i26 %sext_ln70_782, i26 67108442"   --->   Operation 526 'mul' 'r_V_3362' <Predicate = true> <Delay = 2.09> <CoreInst = "Mul_LUT">   --->   Core 4 'Mul_LUT' <Latency = 0> <II = 1> <Delay = 2.09> <FuncUnit> <Opcode : 'mul'> <InPorts = 2> <OutPorts = 1>
ST_1 : Operation 527 [1/1] (0.00ns)   --->   "%trunc_ln818_140 = partselect i16 @_ssdm_op_PartSelect.i16.i26.i32.i32, i26 %r_V_3362, i32 10, i32 25"   --->   Operation 527 'partselect' 'trunc_ln818_140' <Predicate = true> <Delay = 0.00>
ST_1 : Operation 528 [1/1] (2.09ns)   --->   "%r_V_3363 = mul i26 %sext_ln70_782, i26 67108461"   --->   Operation 528 'mul' 'r_V_3363' <Predicate = true> <Delay = 2.09> <CoreInst = "Mul_LUT">   --->   Core 4 'Mul_LUT' <Latency = 0> <II = 1> <Delay = 2.09> <FuncUnit> <Opcode : 'mul'> <InPorts = 2> <OutPorts = 1>
ST_1 : Operation 529 [1/1] (0.00ns)   --->   "%trunc_ln818_141 = partselect i16 @_ssdm_op_PartSelect.i16.i26.i32.i32, i26 %r_V_3363, i32 10, i32 25"   --->   Operation 529 'partselect' 'trunc_ln818_141' <Predicate = true> <Delay = 0.00>
ST_1 : Operation 530 [1/1] (2.09ns)   --->   "%r_V_3364 = mul i26 %sext_ln70_782, i26 433"   --->   Operation 530 'mul' 'r_V_3364' <Predicate = true> <Delay = 2.09> <CoreInst = "Mul_LUT">   --->   Core 4 'Mul_LUT' <Latency = 0> <II = 1> <Delay = 2.09> <FuncUnit> <Opcode : 'mul'> <InPorts = 2> <OutPorts = 1>
ST_1 : Operation 531 [1/1] (0.00ns)   --->   "%trunc_ln818_142 = partselect i16 @_ssdm_op_PartSelect.i16.i26.i32.i32, i26 %r_V_3364, i32 10, i32 25"   --->   Operation 531 'partselect' 'trunc_ln818_142' <Predicate = true> <Delay = 0.00>
ST_1 : Operation 532 [1/1] (2.09ns)   --->   "%r_V_3365 = mul i26 %sext_ln70_782, i26 304"   --->   Operation 532 'mul' 'r_V_3365' <Predicate = true> <Delay = 2.09> <CoreInst = "Mul_LUT">   --->   Core 4 'Mul_LUT' <Latency = 0> <II = 1> <Delay = 2.09> <FuncUnit> <Opcode : 'mul'> <InPorts = 2> <OutPorts = 1>
ST_1 : Operation 533 [1/1] (0.00ns)   --->   "%trunc_ln818_143 = partselect i16 @_ssdm_op_PartSelect.i16.i26.i32.i32, i26 %r_V_3365, i32 10, i32 25"   --->   Operation 533 'partselect' 'trunc_ln818_143' <Predicate = true> <Delay = 0.00>
ST_1 : Operation 534 [1/1] (0.00ns)   --->   "%sext_ln1270_20 = sext i16 %p_read3062"   --->   Operation 534 'sext' 'sext_ln1270_20' <Predicate = true> <Delay = 0.00>
ST_1 : Operation 535 [1/1] (0.00ns)   --->   "%sext_ln70_783 = sext i16 %p_read3062" [/home/kaxiotis/Vitis_Accel_Projects/vitis_accel_prj/firmware/nnet_utils/nnet_mult.h:70]   --->   Operation 535 'sext' 'sext_ln70_783' <Predicate = true> <Delay = 0.00>
ST_1 : Operation 536 [1/1] (2.03ns)   --->   "%r_V_3366 = mul i25 %sext_ln70_783, i25 162"   --->   Operation 536 'mul' 'r_V_3366' <Predicate = true> <Delay = 2.03> <CoreInst = "Mul_LUT">   --->   Core 4 'Mul_LUT' <Latency = 0> <II = 1> <Delay = 2.03> <FuncUnit> <Opcode : 'mul'> <InPorts = 2> <OutPorts = 1>
ST_1 : Operation 537 [1/1] (0.00ns)   --->   "%trunc_ln818_144 = partselect i15 @_ssdm_op_PartSelect.i15.i25.i32.i32, i25 %r_V_3366, i32 10, i32 24"   --->   Operation 537 'partselect' 'trunc_ln818_144' <Predicate = true> <Delay = 0.00>
ST_1 : Operation 538 [1/1] (0.00ns)   --->   "%sext_ln818_1040 = sext i15 %trunc_ln818_144"   --->   Operation 538 'sext' 'sext_ln818_1040' <Predicate = true> <Delay = 0.00>
ST_1 : Operation 539 [1/1] (0.00ns)   --->   "%shl_ln1273_671 = bitconcatenate i17 @_ssdm_op_BitConcatenate.i17.i16.i1, i16 %p_read3062, i1 0"   --->   Operation 539 'bitconcatenate' 'shl_ln1273_671' <Predicate = true> <Delay = 0.00>
ST_1 : Operation 540 [1/1] (0.00ns)   --->   "%sext_ln1273_949 = sext i17 %shl_ln1273_671"   --->   Operation 540 'sext' 'sext_ln1273_949' <Predicate = true> <Delay = 0.00>
ST_1 : Operation 541 [1/1] (0.82ns)   --->   "%r_V_3367 = sub i18 0, i18 %sext_ln1273_949"   --->   Operation 541 'sub' 'r_V_3367' <Predicate = true> <Delay = 0.82> <CoreInst = "Adder">   --->   Core 1 'Adder' <Latency = 0> <II = 1> <Delay = 0.82> <FuncUnit> <Opcode : 'add' 'sub'> <InPorts = 2> <OutPorts = 1>
ST_1 : Operation 542 [1/1] (0.00ns)   --->   "%trunc_ln818_145 = partselect i8 @_ssdm_op_PartSelect.i8.i18.i32.i32, i18 %r_V_3367, i32 10, i32 17"   --->   Operation 542 'partselect' 'trunc_ln818_145' <Predicate = true> <Delay = 0.00>
ST_1 : Operation 543 [1/1] (0.00ns)   --->   "%sext_ln1273_976 = sext i8 %trunc_ln818_145"   --->   Operation 543 'sext' 'sext_ln1273_976' <Predicate = true> <Delay = 0.00>
ST_1 : Operation 544 [1/1] (2.03ns)   --->   "%r_V_3368 = mul i25 %sext_ln70_783, i25 33554221"   --->   Operation 544 'mul' 'r_V_3368' <Predicate = true> <Delay = 2.03> <CoreInst = "Mul_LUT">   --->   Core 4 'Mul_LUT' <Latency = 0> <II = 1> <Delay = 2.03> <FuncUnit> <Opcode : 'mul'> <InPorts = 2> <OutPorts = 1>
ST_1 : Operation 545 [1/1] (0.00ns)   --->   "%trunc_ln818_146 = partselect i15 @_ssdm_op_PartSelect.i15.i25.i32.i32, i25 %r_V_3368, i32 10, i32 24"   --->   Operation 545 'partselect' 'trunc_ln818_146' <Predicate = true> <Delay = 0.00>
ST_1 : Operation 546 [1/1] (0.00ns)   --->   "%sext_ln818_1041 = sext i15 %trunc_ln818_146"   --->   Operation 546 'sext' 'sext_ln818_1041' <Predicate = true> <Delay = 0.00>
ST_1 : Operation 547 [1/1] (2.48ns)   --->   "%mul_ln1270_112 = mul i26 %sext_ln1270_20, i26 67107760"   --->   Operation 547 'mul' 'mul_ln1270_112' <Predicate = true> <Delay = 2.48> <CoreInst = "Mul_LUT">   --->   Core 4 'Mul_LUT' <Latency = 0> <II = 1> <Delay = 2.48> <FuncUnit> <Opcode : 'mul'> <InPorts = 2> <OutPorts = 1>
ST_1 : Operation 548 [1/1] (0.00ns)   --->   "%trunc_ln818_147 = partselect i16 @_ssdm_op_PartSelect.i16.i26.i32.i32, i26 %mul_ln1270_112, i32 10, i32 25"   --->   Operation 548 'partselect' 'trunc_ln818_147' <Predicate = true> <Delay = 0.00>
ST_1 : Operation 549 [1/1] (2.25ns)   --->   "%mul_ln1270_113 = mul i26 %sext_ln1270_20, i26 780"   --->   Operation 549 'mul' 'mul_ln1270_113' <Predicate = true> <Delay = 2.25> <CoreInst = "Mul_LUT">   --->   Core 4 'Mul_LUT' <Latency = 0> <II = 1> <Delay = 2.25> <FuncUnit> <Opcode : 'mul'> <InPorts = 2> <OutPorts = 1>
ST_1 : Operation 550 [1/1] (0.00ns)   --->   "%trunc_ln818_148 = partselect i16 @_ssdm_op_PartSelect.i16.i26.i32.i32, i26 %mul_ln1270_113, i32 10, i32 25"   --->   Operation 550 'partselect' 'trunc_ln818_148' <Predicate = true> <Delay = 0.00>
ST_1 : Operation 551 [1/1] (0.00ns)   --->   "%sext_ln1270_21 = sext i16 %p_read3163"   --->   Operation 551 'sext' 'sext_ln1270_21' <Predicate = true> <Delay = 0.00>
ST_1 : Operation 552 [1/1] (2.09ns)   --->   "%r_V_3369 = mul i26 %sext_ln1270_21, i26 67108383"   --->   Operation 552 'mul' 'r_V_3369' <Predicate = true> <Delay = 2.09> <CoreInst = "Mul_LUT">   --->   Core 4 'Mul_LUT' <Latency = 0> <II = 1> <Delay = 2.09> <FuncUnit> <Opcode : 'mul'> <InPorts = 2> <OutPorts = 1>
ST_1 : Operation 553 [1/1] (0.00ns)   --->   "%trunc_ln818_149 = partselect i16 @_ssdm_op_PartSelect.i16.i26.i32.i32, i26 %r_V_3369, i32 10, i32 25"   --->   Operation 553 'partselect' 'trunc_ln818_149' <Predicate = true> <Delay = 0.00>
ST_1 : Operation 554 [1/1] (2.09ns)   --->   "%r_V_3370 = mul i26 %sext_ln1270_21, i26 67108577"   --->   Operation 554 'mul' 'r_V_3370' <Predicate = true> <Delay = 2.09> <CoreInst = "Mul_LUT">   --->   Core 4 'Mul_LUT' <Latency = 0> <II = 1> <Delay = 2.09> <FuncUnit> <Opcode : 'mul'> <InPorts = 2> <OutPorts = 1>
ST_1 : Operation 555 [1/1] (0.00ns)   --->   "%trunc_ln818_150 = partselect i16 @_ssdm_op_PartSelect.i16.i26.i32.i32, i26 %r_V_3370, i32 10, i32 25"   --->   Operation 555 'partselect' 'trunc_ln818_150' <Predicate = true> <Delay = 0.00>
ST_1 : Operation 556 [1/1] (2.09ns)   --->   "%r_V_3371 = mul i26 %sext_ln1270_21, i26 372"   --->   Operation 556 'mul' 'r_V_3371' <Predicate = true> <Delay = 2.09> <CoreInst = "Mul_LUT">   --->   Core 4 'Mul_LUT' <Latency = 0> <II = 1> <Delay = 2.09> <FuncUnit> <Opcode : 'mul'> <InPorts = 2> <OutPorts = 1>
ST_1 : Operation 557 [1/1] (0.00ns)   --->   "%trunc_ln818_151 = partselect i16 @_ssdm_op_PartSelect.i16.i26.i32.i32, i26 %r_V_3371, i32 10, i32 25"   --->   Operation 557 'partselect' 'trunc_ln818_151' <Predicate = true> <Delay = 0.00>
ST_1 : Operation 558 [1/1] (2.09ns)   --->   "%r_V_3372 = mul i26 %sext_ln1270_21, i26 67108593"   --->   Operation 558 'mul' 'r_V_3372' <Predicate = true> <Delay = 2.09> <CoreInst = "Mul_LUT">   --->   Core 4 'Mul_LUT' <Latency = 0> <II = 1> <Delay = 2.09> <FuncUnit> <Opcode : 'mul'> <InPorts = 2> <OutPorts = 1>
ST_1 : Operation 559 [1/1] (0.00ns)   --->   "%trunc_ln818_152 = partselect i16 @_ssdm_op_PartSelect.i16.i26.i32.i32, i26 %r_V_3372, i32 10, i32 25"   --->   Operation 559 'partselect' 'trunc_ln818_152' <Predicate = true> <Delay = 0.00>
ST_1 : Operation 560 [1/1] (2.25ns)   --->   "%mul_ln1270_114 = mul i26 %sext_ln1270_21, i26 593"   --->   Operation 560 'mul' 'mul_ln1270_114' <Predicate = true> <Delay = 2.25> <CoreInst = "Mul_LUT">   --->   Core 4 'Mul_LUT' <Latency = 0> <II = 1> <Delay = 2.25> <FuncUnit> <Opcode : 'mul'> <InPorts = 2> <OutPorts = 1>
ST_1 : Operation 561 [1/1] (0.00ns)   --->   "%trunc_ln818_153 = partselect i16 @_ssdm_op_PartSelect.i16.i26.i32.i32, i26 %mul_ln1270_114, i32 10, i32 25"   --->   Operation 561 'partselect' 'trunc_ln818_153' <Predicate = true> <Delay = 0.00>
ST_1 : Operation 562 [1/1] (0.82ns)   --->   "%add_ln813 = add i16 %trunc_ln818_9, i16 %trunc_ln818_4"   --->   Operation 562 'add' 'add_ln813' <Predicate = true> <Delay = 0.82> <CoreInst = "Adder">   --->   Core 1 'Adder' <Latency = 0> <II = 1> <Delay = 0.82> <FuncUnit> <Opcode : 'add' 'sub'> <InPorts = 2> <OutPorts = 1>
ST_1 : Operation 563 [1/1] (0.82ns)   --->   "%add_ln813_3718 = add i16 %trunc_ln818_14, i16 %trunc_ln818_24"   --->   Operation 563 'add' 'add_ln813_3718' <Predicate = true> <Delay = 0.82> <CoreInst = "Adder">   --->   Core 1 'Adder' <Latency = 0> <II = 1> <Delay = 0.82> <FuncUnit> <Opcode : 'add' 'sub'> <InPorts = 2> <OutPorts = 1>
ST_1 : Operation 564 [1/1] (0.82ns)   --->   "%add_ln813_3721 = add i16 %trunc_ln818_49, i16 %trunc_ln818_59"   --->   Operation 564 'add' 'add_ln813_3721' <Predicate = true> <Delay = 0.82> <CoreInst = "Adder">   --->   Core 1 'Adder' <Latency = 0> <II = 1> <Delay = 0.82> <FuncUnit> <Opcode : 'add' 'sub'> <InPorts = 2> <OutPorts = 1>
ST_1 : Operation 565 [1/1] (0.82ns)   --->   "%add_ln813_3724 = add i16 %trunc_ln818_64, i16 %trunc_ln818_94"   --->   Operation 565 'add' 'add_ln813_3724' <Predicate = true> <Delay = 0.82> <CoreInst = "Adder">   --->   Core 1 'Adder' <Latency = 0> <II = 1> <Delay = 0.82> <FuncUnit> <Opcode : 'add' 'sub'> <InPorts = 2> <OutPorts = 1>
ST_1 : Operation 566 [1/1] (0.82ns)   --->   "%add_ln813_3725 = add i16 %trunc_ln818_109, i16 %trunc_ln818_115"   --->   Operation 566 'add' 'add_ln813_3725' <Predicate = true> <Delay = 0.82> <CoreInst = "Adder">   --->   Core 1 'Adder' <Latency = 0> <II = 1> <Delay = 0.82> <FuncUnit> <Opcode : 'add' 'sub'> <InPorts = 2> <OutPorts = 1>
ST_1 : Operation 567 [1/1] (0.82ns)   --->   "%add_ln813_3728 = add i16 %trunc_ln818_130, i16 %trunc_ln818_140"   --->   Operation 567 'add' 'add_ln813_3728' <Predicate = true> <Delay = 0.82> <CoreInst = "Adder">   --->   Core 1 'Adder' <Latency = 0> <II = 1> <Delay = 0.82> <FuncUnit> <Opcode : 'add' 'sub'> <InPorts = 2> <OutPorts = 1>
ST_1 : Operation 568 [1/1] (0.81ns)   --->   "%add_ln813_3733 = add i16 %sext_ln818_1031, i16 %sext_ln818_1040"   --->   Operation 568 'add' 'add_ln813_3733' <Predicate = true> <Delay = 0.81> <CoreInst = "Adder">   --->   Core 1 'Adder' <Latency = 0> <II = 1> <Delay = 0.81> <FuncUnit> <Opcode : 'add' 'sub'> <InPorts = 2> <OutPorts = 1>
ST_1 : Operation 569 [1/1] (0.81ns)   --->   "%add_ln813_3735 = add i15 %sext_ln1273_950, i15 %sext_ln1273_955"   --->   Operation 569 'add' 'add_ln813_3735' <Predicate = true> <Delay = 0.81> <CoreInst = "Adder">   --->   Core 1 'Adder' <Latency = 0> <II = 1> <Delay = 0.81> <FuncUnit> <Opcode : 'add' 'sub'> <InPorts = 2> <OutPorts = 1>
ST_1 : Operation 570 [1/1] (0.00ns)   --->   "%sext_ln813 = sext i15 %add_ln813_3735"   --->   Operation 570 'sext' 'sext_ln813' <Predicate = true> <Delay = 0.00>
ST_1 : Operation 571 [1/1] (0.81ns)   --->   "%add_ln813_3736 = add i15 %sext_ln1273_958, i15 %sext_ln1273_968"   --->   Operation 571 'add' 'add_ln813_3736' <Predicate = true> <Delay = 0.81> <CoreInst = "Adder">   --->   Core 1 'Adder' <Latency = 0> <II = 1> <Delay = 0.81> <FuncUnit> <Opcode : 'add' 'sub'> <InPorts = 2> <OutPorts = 1>
ST_1 : Operation 572 [1/1] (0.00ns)   --->   "%sext_ln813_1438 = sext i15 %add_ln813_3736"   --->   Operation 572 'sext' 'sext_ln813_1438' <Predicate = true> <Delay = 0.00>
ST_1 : Operation 573 [1/1] (0.81ns)   --->   "%add_ln813_3737 = add i16 %sext_ln813_1438, i16 %sext_ln813"   --->   Operation 573 'add' 'add_ln813_3737' <Predicate = true> <Delay = 0.81> <CoreInst = "Adder">   --->   Core 1 'Adder' <Latency = 0> <II = 1> <Delay = 0.81> <FuncUnit> <Opcode : 'add' 'sub'> <InPorts = 2> <OutPorts = 1>
ST_1 : Operation 574 [1/1] (0.00ns) (grouped into TernaryAdder)   --->   "%add_ln813_3739 = add i14 %sext_ln1273_906, i14 %sext_ln1273_974"   --->   Operation 574 'add' 'add_ln813_3739' <Predicate = true> <Delay = 0.00> <CoreInst = "TAddSub">   --->   Core 10 'TAddSub' <Latency = 0> <II = 1> <Delay = 0.51> <IPBlock> <Opcode : 'add' 'sub'> <InPorts = 3> <OutPorts = 1> <Sync> <CReg>
ST_1 : Operation 575 [1/1] (0.80ns)   --->   "%add_ln813_3740 = add i12 %sext_ln1273_963, i12 %sext_ln1273_965"   --->   Operation 575 'add' 'add_ln813_3740' <Predicate = true> <Delay = 0.80> <CoreInst = "Adder">   --->   Core 1 'Adder' <Latency = 0> <II = 1> <Delay = 0.80> <FuncUnit> <Opcode : 'add' 'sub'> <InPorts = 2> <OutPorts = 1>
ST_1 : Operation 576 [1/1] (0.00ns)   --->   "%sext_ln813_1439 = sext i12 %add_ln813_3740"   --->   Operation 576 'sext' 'sext_ln813_1439' <Predicate = true> <Delay = 0.00>
ST_1 : Operation 577 [1/1] (0.96ns) (root node of TernaryAdder)   --->   "%add_ln813_3741 = add i14 %sext_ln813_1439, i14 %add_ln813_3739"   --->   Operation 577 'add' 'add_ln813_3741' <Predicate = true> <Delay = 0.96> <CoreInst = "TAddSub">   --->   Core 10 'TAddSub' <Latency = 0> <II = 1> <Delay = 0.51> <IPBlock> <Opcode : 'add' 'sub'> <InPorts = 3> <OutPorts = 1> <Sync> <CReg>
ST_1 : Operation 578 [1/1] (0.00ns)   --->   "%sext_ln813_1440 = sext i14 %add_ln813_3741"   --->   Operation 578 'sext' 'sext_ln813_1440' <Predicate = true> <Delay = 0.00>
ST_1 : Operation 579 [1/1] (0.00ns) (grouped into TernaryAdder)   --->   "%add_ln813_3742 = add i11 %sext_ln1273_952, i11 1929"   --->   Operation 579 'add' 'add_ln813_3742' <Predicate = true> <Delay = 0.00> <CoreInst = "TAddSub">   --->   Core 10 'TAddSub' <Latency = 0> <II = 1> <Delay = 0.51> <IPBlock> <Opcode : 'add' 'sub'> <InPorts = 3> <OutPorts = 1> <Sync> <CReg>
ST_1 : Operation 580 [1/1] (0.72ns)   --->   "%add_ln813_3743 = add i9 %sext_ln1273_959, i9 %sext_ln1273_969"   --->   Operation 580 'add' 'add_ln813_3743' <Predicate = true> <Delay = 0.72> <CoreInst = "Adder">   --->   Core 1 'Adder' <Latency = 0> <II = 1> <Delay = 0.72> <FuncUnit> <Opcode : 'add' 'sub'> <InPorts = 2> <OutPorts = 1>
ST_1 : Operation 581 [1/1] (0.00ns)   --->   "%sext_ln813_1441 = sext i9 %add_ln813_3743"   --->   Operation 581 'sext' 'sext_ln813_1441' <Predicate = true> <Delay = 0.00>
ST_1 : Operation 582 [1/1] (1.00ns) (root node of TernaryAdder)   --->   "%add_ln813_3744 = add i11 %sext_ln813_1441, i11 %add_ln813_3742"   --->   Operation 582 'add' 'add_ln813_3744' <Predicate = true> <Delay = 1.00> <CoreInst = "TAddSub">   --->   Core 10 'TAddSub' <Latency = 0> <II = 1> <Delay = 0.51> <IPBlock> <Opcode : 'add' 'sub'> <InPorts = 3> <OutPorts = 1> <Sync> <CReg>
ST_1 : Operation 583 [1/1] (0.00ns)   --->   "%sext_ln813_1442 = sext i11 %add_ln813_3744"   --->   Operation 583 'sext' 'sext_ln813_1442' <Predicate = true> <Delay = 0.00>
ST_1 : Operation 584 [1/1] (0.81ns)   --->   "%add_ln813_3745 = add i15 %sext_ln813_1442, i15 %sext_ln813_1440"   --->   Operation 584 'add' 'add_ln813_3745' <Predicate = true> <Delay = 0.81> <CoreInst = "Adder">   --->   Core 1 'Adder' <Latency = 0> <II = 1> <Delay = 0.81> <FuncUnit> <Opcode : 'add' 'sub'> <InPorts = 2> <OutPorts = 1>
ST_1 : Operation 585 [1/1] (0.82ns)   --->   "%add_ln813_3748 = add i16 %trunc_ln818_10, i16 %trunc_ln818_15"   --->   Operation 585 'add' 'add_ln813_3748' <Predicate = true> <Delay = 0.82> <CoreInst = "Adder">   --->   Core 1 'Adder' <Latency = 0> <II = 1> <Delay = 0.82> <FuncUnit> <Opcode : 'add' 'sub'> <InPorts = 2> <OutPorts = 1>
ST_1 : Operation 586 [1/1] (0.82ns)   --->   "%add_ln813_3749 = add i16 %trunc_ln818_20, i16 %trunc_ln818_40"   --->   Operation 586 'add' 'add_ln813_3749' <Predicate = true> <Delay = 0.82> <CoreInst = "Adder">   --->   Core 1 'Adder' <Latency = 0> <II = 1> <Delay = 0.82> <FuncUnit> <Opcode : 'add' 'sub'> <InPorts = 2> <OutPorts = 1>
ST_1 : Operation 587 [1/1] (0.82ns)   --->   "%add_ln813_3752 = add i16 %trunc_ln818_85, i16 %trunc_ln818_90"   --->   Operation 587 'add' 'add_ln813_3752' <Predicate = true> <Delay = 0.82> <CoreInst = "Adder">   --->   Core 1 'Adder' <Latency = 0> <II = 1> <Delay = 0.82> <FuncUnit> <Opcode : 'add' 'sub'> <InPorts = 2> <OutPorts = 1>
ST_1 : Operation 588 [1/1] (0.82ns)   --->   "%add_ln813_3755 = add i16 %trunc_ln818_95, i16 %trunc_ln818_110"   --->   Operation 588 'add' 'add_ln813_3755' <Predicate = true> <Delay = 0.82> <CoreInst = "Adder">   --->   Core 1 'Adder' <Latency = 0> <II = 1> <Delay = 0.82> <FuncUnit> <Opcode : 'add' 'sub'> <InPorts = 2> <OutPorts = 1>
ST_1 : Operation 589 [1/1] (0.82ns)   --->   "%add_ln813_3756 = add i16 %trunc_ln818_116, i16 %trunc_ln818_126"   --->   Operation 589 'add' 'add_ln813_3756' <Predicate = true> <Delay = 0.82> <CoreInst = "Adder">   --->   Core 1 'Adder' <Latency = 0> <II = 1> <Delay = 0.82> <FuncUnit> <Opcode : 'add' 'sub'> <InPorts = 2> <OutPorts = 1>
ST_1 : Operation 590 [1/1] (0.82ns)   --->   "%add_ln813_3759 = add i16 %trunc_ln818_141, i16 %trunc_ln818_150"   --->   Operation 590 'add' 'add_ln813_3759' <Predicate = true> <Delay = 0.82> <CoreInst = "Adder">   --->   Core 1 'Adder' <Latency = 0> <II = 1> <Delay = 0.82> <FuncUnit> <Opcode : 'add' 'sub'> <InPorts = 2> <OutPorts = 1>
ST_1 : Operation 591 [1/1] (0.81ns)   --->   "%add_ln813_3764 = add i16 %sext_ln818_1026, i16 %sext_ln818_1030"   --->   Operation 591 'add' 'add_ln813_3764' <Predicate = true> <Delay = 0.81> <CoreInst = "Adder">   --->   Core 1 'Adder' <Latency = 0> <II = 1> <Delay = 0.81> <FuncUnit> <Opcode : 'add' 'sub'> <InPorts = 2> <OutPorts = 1>
ST_1 : Operation 592 [1/1] (0.81ns)   --->   "%add_ln813_3767 = add i15 %sext_ln1273_953, i15 %sext_ln1273_957"   --->   Operation 592 'add' 'add_ln813_3767' <Predicate = true> <Delay = 0.81> <CoreInst = "Adder">   --->   Core 1 'Adder' <Latency = 0> <II = 1> <Delay = 0.81> <FuncUnit> <Opcode : 'add' 'sub'> <InPorts = 2> <OutPorts = 1>
ST_1 : Operation 593 [1/1] (0.81ns)   --->   "%add_ln813_3770 = add i15 %sext_ln1273_960, i15 %sext_ln1273_961"   --->   Operation 593 'add' 'add_ln813_3770' <Predicate = true> <Delay = 0.81> <CoreInst = "Adder">   --->   Core 1 'Adder' <Latency = 0> <II = 1> <Delay = 0.81> <FuncUnit> <Opcode : 'add' 'sub'> <InPorts = 2> <OutPorts = 1>
ST_1 : Operation 594 [1/1] (0.81ns)   --->   "%add_ln813_3771 = add i14 %sext_ln1273_907, i14 %sext_ln1273_912"   --->   Operation 594 'add' 'add_ln813_3771' <Predicate = true> <Delay = 0.81> <CoreInst = "Adder">   --->   Core 1 'Adder' <Latency = 0> <II = 1> <Delay = 0.81> <FuncUnit> <Opcode : 'add' 'sub'> <InPorts = 2> <OutPorts = 1>
ST_1 : Operation 595 [1/1] (0.00ns) (grouped into TernaryAdder)   --->   "%add_ln813_3773 = add i13 %sext_ln1273_972, i13 %sext_ln1273_976"   --->   Operation 595 'add' 'add_ln813_3773' <Predicate = true> <Delay = 0.00> <CoreInst = "TAddSub">   --->   Core 10 'TAddSub' <Latency = 0> <II = 1> <Delay = 0.51> <IPBlock> <Opcode : 'add' 'sub'> <InPorts = 3> <OutPorts = 1> <Sync> <CReg>
ST_1 : Operation 596 [1/1] (0.71ns)   --->   "%add_ln813_3774 = add i8 %sext_ln1270_16, i8 %sext_ln1270_17"   --->   Operation 596 'add' 'add_ln813_3774' <Predicate = true> <Delay = 0.71> <CoreInst = "Adder">   --->   Core 1 'Adder' <Latency = 0> <II = 1> <Delay = 0.71> <FuncUnit> <Opcode : 'add' 'sub'> <InPorts = 2> <OutPorts = 1>
ST_1 : Operation 597 [1/1] (0.00ns)   --->   "%sext_ln813_1447 = sext i8 %add_ln813_3774"   --->   Operation 597 'sext' 'sext_ln813_1447' <Predicate = true> <Delay = 0.00>
ST_1 : Operation 598 [1/1] (0.72ns)   --->   "%add_ln813_3775 = add i9 %sext_ln813_1447, i9 71"   --->   Operation 598 'add' 'add_ln813_3775' <Predicate = true> <Delay = 0.72> <CoreInst = "Adder">   --->   Core 1 'Adder' <Latency = 0> <II = 1> <Delay = 0.72> <FuncUnit> <Opcode : 'add' 'sub'> <InPorts = 2> <OutPorts = 1>
ST_1 : Operation 599 [1/1] (0.00ns)   --->   "%sext_ln813_1448 = sext i9 %add_ln813_3775"   --->   Operation 599 'sext' 'sext_ln813_1448' <Predicate = true> <Delay = 0.00>
ST_1 : Operation 600 [1/1] (0.97ns) (root node of TernaryAdder)   --->   "%add_ln813_3776 = add i13 %sext_ln813_1448, i13 %add_ln813_3773"   --->   Operation 600 'add' 'add_ln813_3776' <Predicate = true> <Delay = 0.97> <CoreInst = "TAddSub">   --->   Core 10 'TAddSub' <Latency = 0> <II = 1> <Delay = 0.51> <IPBlock> <Opcode : 'add' 'sub'> <InPorts = 3> <OutPorts = 1> <Sync> <CReg>
ST_1 : Operation 601 [1/1] (0.82ns)   --->   "%add_ln813_3780 = add i16 %trunc_ln818_6, i16 %trunc_ln818_1"   --->   Operation 601 'add' 'add_ln813_3780' <Predicate = true> <Delay = 0.82> <CoreInst = "Adder">   --->   Core 1 'Adder' <Latency = 0> <II = 1> <Delay = 0.82> <FuncUnit> <Opcode : 'add' 'sub'> <InPorts = 2> <OutPorts = 1>
ST_1 : Operation 602 [1/1] (0.82ns)   --->   "%add_ln813_3781 = add i16 %trunc_ln818_26, i16 %trunc_ln818_31"   --->   Operation 602 'add' 'add_ln813_3781' <Predicate = true> <Delay = 0.82> <CoreInst = "Adder">   --->   Core 1 'Adder' <Latency = 0> <II = 1> <Delay = 0.82> <FuncUnit> <Opcode : 'add' 'sub'> <InPorts = 2> <OutPorts = 1>
ST_1 : Operation 603 [1/1] (0.82ns)   --->   "%add_ln813_3784 = add i16 %trunc_ln818_56, i16 %trunc_ln818_61"   --->   Operation 603 'add' 'add_ln813_3784' <Predicate = true> <Delay = 0.82> <CoreInst = "Adder">   --->   Core 1 'Adder' <Latency = 0> <II = 1> <Delay = 0.82> <FuncUnit> <Opcode : 'add' 'sub'> <InPorts = 2> <OutPorts = 1>
ST_1 : Operation 604 [1/1] (0.82ns)   --->   "%add_ln813_3787 = add i16 %trunc_ln818_71, i16 %trunc_ln818_76"   --->   Operation 604 'add' 'add_ln813_3787' <Predicate = true> <Delay = 0.82> <CoreInst = "Adder">   --->   Core 1 'Adder' <Latency = 0> <II = 1> <Delay = 0.82> <FuncUnit> <Opcode : 'add' 'sub'> <InPorts = 2> <OutPorts = 1>
ST_1 : Operation 605 [1/1] (0.82ns)   --->   "%add_ln813_3788 = add i16 %trunc_ln818_86, i16 %trunc_ln818_101"   --->   Operation 605 'add' 'add_ln813_3788' <Predicate = true> <Delay = 0.82> <CoreInst = "Adder">   --->   Core 1 'Adder' <Latency = 0> <II = 1> <Delay = 0.82> <FuncUnit> <Opcode : 'add' 'sub'> <InPorts = 2> <OutPorts = 1>
ST_1 : Operation 606 [1/1] (0.82ns)   --->   "%add_ln813_3791 = add i16 %trunc_ln818_142, i16 %trunc_ln818_151"   --->   Operation 606 'add' 'add_ln813_3791' <Predicate = true> <Delay = 0.82> <CoreInst = "Adder">   --->   Core 1 'Adder' <Latency = 0> <II = 1> <Delay = 0.82> <FuncUnit> <Opcode : 'add' 'sub'> <InPorts = 2> <OutPorts = 1>
ST_1 : Operation 607 [1/1] (0.81ns)   --->   "%add_ln813_3796 = add i16 %sext_ln818_1015, i16 %sext_ln818_1025"   --->   Operation 607 'add' 'add_ln813_3796' <Predicate = true> <Delay = 0.81> <CoreInst = "Adder">   --->   Core 1 'Adder' <Latency = 0> <II = 1> <Delay = 0.81> <FuncUnit> <Opcode : 'add' 'sub'> <InPorts = 2> <OutPorts = 1>
ST_1 : Operation 608 [1/1] (0.81ns)   --->   "%add_ln813_3799 = add i16 %sext_ln818_1038, i16 %sext_ln818_1041"   --->   Operation 608 'add' 'add_ln813_3799' <Predicate = true> <Delay = 0.81> <CoreInst = "Adder">   --->   Core 1 'Adder' <Latency = 0> <II = 1> <Delay = 0.81> <FuncUnit> <Opcode : 'add' 'sub'> <InPorts = 2> <OutPorts = 1>
ST_1 : Operation 609 [1/1] (0.81ns)   --->   "%add_ln813_3802 = add i15 %sext_ln1273_954, i15 %sext_ln1273_962"   --->   Operation 609 'add' 'add_ln813_3802' <Predicate = true> <Delay = 0.81> <CoreInst = "Adder">   --->   Core 1 'Adder' <Latency = 0> <II = 1> <Delay = 0.81> <FuncUnit> <Opcode : 'add' 'sub'> <InPorts = 2> <OutPorts = 1>
ST_1 : Operation 610 [1/1] (0.81ns)   --->   "%add_ln813_3803 = add i15 %sext_ln1273_971, i15 %sext_ln1273_973"   --->   Operation 610 'add' 'add_ln813_3803' <Predicate = true> <Delay = 0.81> <CoreInst = "Adder">   --->   Core 1 'Adder' <Latency = 0> <II = 1> <Delay = 0.81> <FuncUnit> <Opcode : 'add' 'sub'> <InPorts = 2> <OutPorts = 1>
ST_1 : Operation 611 [1/1] (0.81ns)   --->   "%add_ln813_3805 = add i14 %sext_ln1273_970, i14 %sext_ln1273_975"   --->   Operation 611 'add' 'add_ln813_3805' <Predicate = true> <Delay = 0.81> <CoreInst = "Adder">   --->   Core 1 'Adder' <Latency = 0> <II = 1> <Delay = 0.81> <FuncUnit> <Opcode : 'add' 'sub'> <InPorts = 2> <OutPorts = 1>
ST_1 : Operation 612 [1/1] (0.00ns)   --->   "%sext_ln813_1452 = sext i14 %add_ln813_3805"   --->   Operation 612 'sext' 'sext_ln813_1452' <Predicate = true> <Delay = 0.00>
ST_1 : Operation 613 [1/1] (0.72ns)   --->   "%add_ln813_3806 = add i8 %sext_ln1270_17, i8 66"   --->   Operation 613 'add' 'add_ln813_3806' <Predicate = true> <Delay = 0.72> <CoreInst = "Adder">   --->   Core 1 'Adder' <Latency = 0> <II = 1> <Delay = 0.72> <FuncUnit> <Opcode : 'add' 'sub'> <InPorts = 2> <OutPorts = 1>
ST_1 : Operation 614 [1/1] (0.00ns)   --->   "%zext_ln813 = zext i8 %add_ln813_3806"   --->   Operation 614 'zext' 'zext_ln813' <Predicate = true> <Delay = 0.00>
ST_1 : Operation 615 [1/1] (0.80ns)   --->   "%add_ln813_3807 = add i12 %zext_ln813, i12 %sext_ln1273_966"   --->   Operation 615 'add' 'add_ln813_3807' <Predicate = true> <Delay = 0.80> <CoreInst = "Adder">   --->   Core 1 'Adder' <Latency = 0> <II = 1> <Delay = 0.80> <FuncUnit> <Opcode : 'add' 'sub'> <InPorts = 2> <OutPorts = 1>
ST_1 : Operation 616 [1/1] (0.00ns)   --->   "%sext_ln813_1453 = sext i12 %add_ln813_3807"   --->   Operation 616 'sext' 'sext_ln813_1453' <Predicate = true> <Delay = 0.00>
ST_1 : Operation 617 [1/1] (0.81ns)   --->   "%add_ln813_3808 = add i15 %sext_ln813_1453, i15 %sext_ln813_1452"   --->   Operation 617 'add' 'add_ln813_3808' <Predicate = true> <Delay = 0.81> <CoreInst = "Adder">   --->   Core 1 'Adder' <Latency = 0> <II = 1> <Delay = 0.81> <FuncUnit> <Opcode : 'add' 'sub'> <InPorts = 2> <OutPorts = 1>
ST_1 : Operation 618 [1/1] (0.82ns)   --->   "%add_ln813_3812 = add i16 %trunc_ln818_12, i16 %trunc_ln818_17"   --->   Operation 618 'add' 'add_ln813_3812' <Predicate = true> <Delay = 0.82> <CoreInst = "Adder">   --->   Core 1 'Adder' <Latency = 0> <II = 1> <Delay = 0.82> <FuncUnit> <Opcode : 'add' 'sub'> <InPorts = 2> <OutPorts = 1>
ST_1 : Operation 619 [1/1] (0.82ns)   --->   "%add_ln813_3813 = add i16 %trunc_ln818_27, i16 %trunc_ln818_47"   --->   Operation 619 'add' 'add_ln813_3813' <Predicate = true> <Delay = 0.82> <CoreInst = "Adder">   --->   Core 1 'Adder' <Latency = 0> <II = 1> <Delay = 0.82> <FuncUnit> <Opcode : 'add' 'sub'> <InPorts = 2> <OutPorts = 1>
ST_1 : Operation 620 [1/1] (0.82ns)   --->   "%add_ln813_3816 = add i16 %trunc_ln818_72, i16 %trunc_ln818_77"   --->   Operation 620 'add' 'add_ln813_3816' <Predicate = true> <Delay = 0.82> <CoreInst = "Adder">   --->   Core 1 'Adder' <Latency = 0> <II = 1> <Delay = 0.82> <FuncUnit> <Opcode : 'add' 'sub'> <InPorts = 2> <OutPorts = 1>
ST_1 : Operation 621 [1/1] (0.82ns)   --->   "%add_ln813_3819 = add i16 %trunc_ln818_102, i16 %trunc_ln818_107"   --->   Operation 621 'add' 'add_ln813_3819' <Predicate = true> <Delay = 0.82> <CoreInst = "Adder">   --->   Core 1 'Adder' <Latency = 0> <II = 1> <Delay = 0.82> <FuncUnit> <Opcode : 'add' 'sub'> <InPorts = 2> <OutPorts = 1>
ST_1 : Operation 622 [1/1] (0.82ns)   --->   "%add_ln813_3820 = add i16 %trunc_ln818_112, i16 %trunc_ln818_118"   --->   Operation 622 'add' 'add_ln813_3820' <Predicate = true> <Delay = 0.82> <CoreInst = "Adder">   --->   Core 1 'Adder' <Latency = 0> <II = 1> <Delay = 0.82> <FuncUnit> <Opcode : 'add' 'sub'> <InPorts = 2> <OutPorts = 1>
ST_1 : Operation 623 [1/1] (0.82ns)   --->   "%add_ln813_3823 = add i16 %trunc_ln818_138, i16 %trunc_ln818_147"   --->   Operation 623 'add' 'add_ln813_3823' <Predicate = true> <Delay = 0.82> <CoreInst = "Adder">   --->   Core 1 'Adder' <Latency = 0> <II = 1> <Delay = 0.82> <FuncUnit> <Opcode : 'add' 'sub'> <InPorts = 2> <OutPorts = 1>
ST_1 : Operation 624 [1/1] (0.81ns)   --->   "%add_ln813_3828 = add i16 %sext_ln818_1020, i16 %sext_ln818_1023"   --->   Operation 624 'add' 'add_ln813_3828' <Predicate = true> <Delay = 0.81> <CoreInst = "Adder">   --->   Core 1 'Adder' <Latency = 0> <II = 1> <Delay = 0.81> <FuncUnit> <Opcode : 'add' 'sub'> <InPorts = 2> <OutPorts = 1>
ST_1 : Operation 625 [1/1] (0.81ns)   --->   "%add_ln813_3831 = add i16 %sext_ln818_1035, i16 %sext_ln818_1039"   --->   Operation 625 'add' 'add_ln813_3831' <Predicate = true> <Delay = 0.81> <CoreInst = "Adder">   --->   Core 1 'Adder' <Latency = 0> <II = 1> <Delay = 0.81> <FuncUnit> <Opcode : 'add' 'sub'> <InPorts = 2> <OutPorts = 1>
ST_1 : Operation 626 [1/1] (0.81ns)   --->   "%add_ln813_3834 = add i15 %sext_ln1273_908, i15 %sext_ln1273_909"   --->   Operation 626 'add' 'add_ln813_3834' <Predicate = true> <Delay = 0.81> <CoreInst = "Adder">   --->   Core 1 'Adder' <Latency = 0> <II = 1> <Delay = 0.81> <FuncUnit> <Opcode : 'add' 'sub'> <InPorts = 2> <OutPorts = 1>
ST_1 : Operation 627 [1/1] (0.81ns)   --->   "%add_ln813_3835 = add i15 %sext_ln1273_951, i15 %sext_ln1273_956"   --->   Operation 627 'add' 'add_ln813_3835' <Predicate = true> <Delay = 0.81> <CoreInst = "Adder">   --->   Core 1 'Adder' <Latency = 0> <II = 1> <Delay = 0.81> <FuncUnit> <Opcode : 'add' 'sub'> <InPorts = 2> <OutPorts = 1>
ST_1 : Operation 628 [1/1] (0.00ns) (grouped into TernaryAdder)   --->   "%add_ln813_3837 = add i15 %sext_ln1273_967, i15 %sext_ln1273_964"   --->   Operation 628 'add' 'add_ln813_3837' <Predicate = true> <Delay = 0.00> <CoreInst = "TAddSub">   --->   Core 10 'TAddSub' <Latency = 0> <II = 1> <Delay = 0.51> <IPBlock> <Opcode : 'add' 'sub'> <InPorts = 3> <OutPorts = 1> <Sync> <CReg>
ST_1 : Operation 629 [1/1] (0.71ns)   --->   "%add_ln813_3838 = add i8 %sext_ln1270_17, i8 243"   --->   Operation 629 'add' 'add_ln813_3838' <Predicate = true> <Delay = 0.71> <CoreInst = "Adder">   --->   Core 1 'Adder' <Latency = 0> <II = 1> <Delay = 0.71> <FuncUnit> <Opcode : 'add' 'sub'> <InPorts = 2> <OutPorts = 1>
ST_1 : Operation 630 [1/1] (0.00ns)   --->   "%sext_ln813_1457 = sext i8 %add_ln813_3838"   --->   Operation 630 'sext' 'sext_ln813_1457' <Predicate = true> <Delay = 0.00>
ST_1 : Operation 631 [1/1] (0.99ns) (root node of TernaryAdder)   --->   "%add_ln813_3839 = add i15 %sext_ln813_1457, i15 %add_ln813_3837"   --->   Operation 631 'add' 'add_ln813_3839' <Predicate = true> <Delay = 0.99> <CoreInst = "TAddSub">   --->   Core 10 'TAddSub' <Latency = 0> <II = 1> <Delay = 0.51> <IPBlock> <Opcode : 'add' 'sub'> <InPorts = 3> <OutPorts = 1> <Sync> <CReg>
ST_1 : Operation 632 [1/1] (0.82ns)   --->   "%add_ln813_3843 = add i16 %trunc_ln818_8, i16 %trunc_ln818_13"   --->   Operation 632 'add' 'add_ln813_3843' <Predicate = true> <Delay = 0.82> <CoreInst = "Adder">   --->   Core 1 'Adder' <Latency = 0> <II = 1> <Delay = 0.82> <FuncUnit> <Opcode : 'add' 'sub'> <InPorts = 2> <OutPorts = 1>
ST_1 : Operation 633 [1/1] (0.82ns)   --->   "%add_ln813_3844 = add i16 %trunc_ln818_48, i16 %trunc_ln818_63"   --->   Operation 633 'add' 'add_ln813_3844' <Predicate = true> <Delay = 0.82> <CoreInst = "Adder">   --->   Core 1 'Adder' <Latency = 0> <II = 1> <Delay = 0.82> <FuncUnit> <Opcode : 'add' 'sub'> <InPorts = 2> <OutPorts = 1>
ST_1 : Operation 634 [1/1] (0.82ns)   --->   "%add_ln813_3847 = add i16 %trunc_ln818_78, i16 %trunc_ln818_83"   --->   Operation 634 'add' 'add_ln813_3847' <Predicate = true> <Delay = 0.82> <CoreInst = "Adder">   --->   Core 1 'Adder' <Latency = 0> <II = 1> <Delay = 0.82> <FuncUnit> <Opcode : 'add' 'sub'> <InPorts = 2> <OutPorts = 1>
ST_1 : Operation 635 [1/1] (0.82ns)   --->   "%add_ln813_3850 = add i16 %trunc_ln818_103, i16 %trunc_ln818_108"   --->   Operation 635 'add' 'add_ln813_3850' <Predicate = true> <Delay = 0.82> <CoreInst = "Adder">   --->   Core 1 'Adder' <Latency = 0> <II = 1> <Delay = 0.82> <FuncUnit> <Opcode : 'add' 'sub'> <InPorts = 2> <OutPorts = 1>
ST_1 : Operation 636 [1/1] (0.82ns)   --->   "%add_ln813_3851 = add i16 %trunc_ln818_113, i16 %trunc_ln818_119"   --->   Operation 636 'add' 'add_ln813_3851' <Predicate = true> <Delay = 0.82> <CoreInst = "Adder">   --->   Core 1 'Adder' <Latency = 0> <II = 1> <Delay = 0.82> <FuncUnit> <Opcode : 'add' 'sub'> <InPorts = 2> <OutPorts = 1>
ST_1 : Operation 637 [1/1] (0.82ns)   --->   "%add_ln813_3854 = add i16 %trunc_ln818_148, i16 %trunc_ln818_153"   --->   Operation 637 'add' 'add_ln813_3854' <Predicate = true> <Delay = 0.82> <CoreInst = "Adder">   --->   Core 1 'Adder' <Latency = 0> <II = 1> <Delay = 0.82> <FuncUnit> <Opcode : 'add' 'sub'> <InPorts = 2> <OutPorts = 1>
ST_1 : Operation 638 [1/1] (0.81ns)   --->   "%add_ln813_3859 = add i16 %sext_ln818_1019, i16 %sext_ln818_1024"   --->   Operation 638 'add' 'add_ln813_3859' <Predicate = true> <Delay = 0.81> <CoreInst = "Adder">   --->   Core 1 'Adder' <Latency = 0> <II = 1> <Delay = 0.81> <FuncUnit> <Opcode : 'add' 'sub'> <InPorts = 2> <OutPorts = 1>
ST_1 : Operation 639 [1/1] (0.81ns)   --->   "%add_ln813_3862 = add i16 %sext_ln818_1036, i16 %sext_ln818_1021"   --->   Operation 639 'add' 'add_ln813_3862' <Predicate = true> <Delay = 0.81> <CoreInst = "Adder">   --->   Core 1 'Adder' <Latency = 0> <II = 1> <Delay = 0.81> <FuncUnit> <Opcode : 'add' 'sub'> <InPorts = 2> <OutPorts = 1>
ST_1 : Operation 640 [1/1] (0.81ns)   --->   "%add_ln813_3865 = add i15 %sext_ln70_771, i15 %sext_ln1270"   --->   Operation 640 'add' 'add_ln813_3865' <Predicate = true> <Delay = 0.81> <CoreInst = "Adder">   --->   Core 1 'Adder' <Latency = 0> <II = 1> <Delay = 0.81> <FuncUnit> <Opcode : 'add' 'sub'> <InPorts = 2> <OutPorts = 1>
ST_1 : Operation 641 [1/1] (0.81ns)   --->   "%add_ln813_3866 = add i14 %sext_ln1270_11, i14 %sext_ln70_781"   --->   Operation 641 'add' 'add_ln813_3866' <Predicate = true> <Delay = 0.81> <CoreInst = "Adder">   --->   Core 1 'Adder' <Latency = 0> <II = 1> <Delay = 0.81> <FuncUnit> <Opcode : 'add' 'sub'> <InPorts = 2> <OutPorts = 1>
ST_1 : Operation 642 [1/1] (0.81ns)   --->   "%add_ln813_3868 = add i13 %sext_ln1270_14, i13 %sext_ln70_777"   --->   Operation 642 'add' 'add_ln813_3868' <Predicate = true> <Delay = 0.81> <CoreInst = "Adder">   --->   Core 1 'Adder' <Latency = 0> <II = 1> <Delay = 0.81> <FuncUnit> <Opcode : 'add' 'sub'> <InPorts = 2> <OutPorts = 1>
ST_1 : Operation 643 [1/1] (0.00ns)   --->   "%sext_ln813_1461 = sext i13 %add_ln813_3868"   --->   Operation 643 'sext' 'sext_ln813_1461' <Predicate = true> <Delay = 0.00>
ST_1 : Operation 644 [1/1] (0.71ns)   --->   "%add_ln813_3869 = add i8 %sext_ln1270_17, i8 230"   --->   Operation 644 'add' 'add_ln813_3869' <Predicate = true> <Delay = 0.71> <CoreInst = "Adder">   --->   Core 1 'Adder' <Latency = 0> <II = 1> <Delay = 0.71> <FuncUnit> <Opcode : 'add' 'sub'> <InPorts = 2> <OutPorts = 1>
ST_1 : Operation 645 [1/1] (0.00ns)   --->   "%sext_ln813_1462 = sext i8 %add_ln813_3869"   --->   Operation 645 'sext' 'sext_ln813_1462' <Predicate = true> <Delay = 0.00>
ST_1 : Operation 646 [1/1] (0.79ns)   --->   "%add_ln813_3870 = add i11 %sext_ln813_1462, i11 %sext_ln70_732"   --->   Operation 646 'add' 'add_ln813_3870' <Predicate = true> <Delay = 0.79> <CoreInst = "Adder">   --->   Core 1 'Adder' <Latency = 0> <II = 1> <Delay = 0.79> <FuncUnit> <Opcode : 'add' 'sub'> <InPorts = 2> <OutPorts = 1>
ST_1 : Operation 647 [1/1] (0.00ns)   --->   "%sext_ln813_1463 = sext i11 %add_ln813_3870"   --->   Operation 647 'sext' 'sext_ln813_1463' <Predicate = true> <Delay = 0.00>
ST_1 : Operation 648 [1/1] (0.81ns)   --->   "%add_ln813_3871 = add i14 %sext_ln813_1463, i14 %sext_ln813_1461"   --->   Operation 648 'add' 'add_ln813_3871' <Predicate = true> <Delay = 0.81> <CoreInst = "Adder">   --->   Core 1 'Adder' <Latency = 0> <II = 1> <Delay = 0.81> <FuncUnit> <Opcode : 'add' 'sub'> <InPorts = 2> <OutPorts = 1>

State 2 <SV = 1> <Delay = 3.04>
ST_2 : Operation 649 [1/1] (0.00ns)   --->   "%specpipeline_ln33 = specpipeline void @_ssdm_op_SpecPipeline, i32 1, i32 0, i32 0, i32 0, void @empty_1" [/home/kaxiotis/Vitis_Accel_Projects/vitis_accel_prj/firmware/nnet_utils/nnet_dense_latency.h:33]   --->   Operation 649 'specpipeline' 'specpipeline_ln33' <Predicate = true> <Delay = 0.00>
ST_2 : Operation 650 [1/1] (0.00ns)   --->   "%specresourcelimit_ln33 = specresourcelimit void @_ssdm_op_SpecResourceLimit, i64 160, void @empty_7, void @empty_1, void @empty_1, void @empty_1" [/home/kaxiotis/Vitis_Accel_Projects/vitis_accel_prj/firmware/nnet_utils/nnet_dense_latency.h:33]   --->   Operation 650 'specresourcelimit' 'specresourcelimit_ln33' <Predicate = true> <Delay = 0.00>
ST_2 : Operation 651 [1/1] (0.00ns)   --->   "%sext_ln818 = sext i15 %trunc_ln818_s"   --->   Operation 651 'sext' 'sext_ln818' <Predicate = true> <Delay = 0.00>
ST_2 : Operation 652 [1/1] (0.00ns)   --->   "%sext_ln818_1011 = sext i15 %trunc_ln818_11"   --->   Operation 652 'sext' 'sext_ln818_1011' <Predicate = true> <Delay = 0.00>
ST_2 : Operation 653 [1/1] (0.00ns)   --->   "%sext_ln818_1012 = sext i15 %trunc_ln818_16"   --->   Operation 653 'sext' 'sext_ln818_1012' <Predicate = true> <Delay = 0.00>
ST_2 : Operation 654 [1/1] (0.00ns)   --->   "%sext_ln818_1013 = sext i15 %trunc_ln818_18"   --->   Operation 654 'sext' 'sext_ln818_1013' <Predicate = true> <Delay = 0.00>
ST_2 : Operation 655 [1/1] (0.00ns)   --->   "%sext_ln818_1014 = sext i15 %trunc_ln818_19"   --->   Operation 655 'sext' 'sext_ln818_1014' <Predicate = true> <Delay = 0.00>
ST_2 : Operation 656 [1/1] (0.00ns)   --->   "%sext_ln818_1016 = sext i15 %trunc_ln818_22"   --->   Operation 656 'sext' 'sext_ln818_1016' <Predicate = true> <Delay = 0.00>
ST_2 : Operation 657 [1/1] (0.00ns)   --->   "%sext_ln818_1017 = sext i15 %trunc_ln818_23"   --->   Operation 657 'sext' 'sext_ln818_1017' <Predicate = true> <Delay = 0.00>
ST_2 : Operation 658 [1/1] (0.00ns)   --->   "%sext_ln818_1018 = sext i14 %trunc_ln818_25"   --->   Operation 658 'sext' 'sext_ln818_1018' <Predicate = true> <Delay = 0.00>
ST_2 : Operation 659 [1/1] (0.00ns)   --->   "%sext_ln818_1022 = sext i15 %trunc_ln818_35"   --->   Operation 659 'sext' 'sext_ln818_1022' <Predicate = true> <Delay = 0.00>
ST_2 : Operation 660 [1/1] (0.00ns)   --->   "%sext_ln818_1027 = sext i15 %trunc_ln818_53"   --->   Operation 660 'sext' 'sext_ln818_1027' <Predicate = true> <Delay = 0.00>
ST_2 : Operation 661 [1/1] (0.00ns)   --->   "%sext_ln818_1028 = sext i15 %trunc_ln818_62"   --->   Operation 661 'sext' 'sext_ln818_1028' <Predicate = true> <Delay = 0.00>
ST_2 : Operation 662 [1/1] (0.00ns)   --->   "%sext_ln818_1029 = sext i15 %trunc_ln818_66"   --->   Operation 662 'sext' 'sext_ln818_1029' <Predicate = true> <Delay = 0.00>
ST_2 : Operation 663 [1/1] (0.00ns)   --->   "%sext_ln818_1032 = sext i15 %trunc_ln818_82"   --->   Operation 663 'sext' 'sext_ln818_1032' <Predicate = true> <Delay = 0.00>
ST_2 : Operation 664 [1/1] (0.00ns)   --->   "%sext_ln818_1033 = sext i15 %trunc_ln818_88"   --->   Operation 664 'sext' 'sext_ln818_1033' <Predicate = true> <Delay = 0.00>
ST_2 : Operation 665 [1/1] (0.00ns)   --->   "%sext_ln818_1034 = sext i15 %trunc_ln818_91"   --->   Operation 665 'sext' 'sext_ln818_1034' <Predicate = true> <Delay = 0.00>
ST_2 : Operation 666 [1/1] (0.00ns)   --->   "%sext_ln818_1037 = sext i15 %trunc_ln818_105"   --->   Operation 666 'sext' 'sext_ln818_1037' <Predicate = true> <Delay = 0.00>
ST_2 : Operation 667 [1/1] (0.00ns) (grouped into TernaryAdder)   --->   "%add_ln813_3719 = add i16 %add_ln813_3718, i16 %add_ln813"   --->   Operation 667 'add' 'add_ln813_3719' <Predicate = true> <Delay = 0.00> <CoreInst = "TAddSub">   --->   Core 10 'TAddSub' <Latency = 0> <II = 1> <Delay = 0.51> <IPBlock> <Opcode : 'add' 'sub'> <InPorts = 3> <OutPorts = 1> <Sync> <CReg>
ST_2 : Operation 668 [1/1] (0.00ns) (grouped into TernaryAdder)   --->   "%add_ln813_3720 = add i16 %trunc_ln818_29, i16 %trunc_ln818_34"   --->   Operation 668 'add' 'add_ln813_3720' <Predicate = true> <Delay = 0.00> <CoreInst = "TAddSub">   --->   Core 10 'TAddSub' <Latency = 0> <II = 1> <Delay = 0.51> <IPBlock> <Opcode : 'add' 'sub'> <InPorts = 3> <OutPorts = 1> <Sync> <CReg>
ST_2 : Operation 669 [1/1] (1.01ns) (root node of TernaryAdder)   --->   "%add_ln813_3722 = add i16 %add_ln813_3721, i16 %add_ln813_3720"   --->   Operation 669 'add' 'add_ln813_3722' <Predicate = true> <Delay = 1.01> <CoreInst = "TAddSub">   --->   Core 10 'TAddSub' <Latency = 0> <II = 1> <Delay = 0.51> <IPBlock> <Opcode : 'add' 'sub'> <InPorts = 3> <OutPorts = 1> <Sync> <CReg>
ST_2 : Operation 670 [1/1] (1.01ns) (root node of TernaryAdder)   --->   "%add_ln813_3723 = add i16 %add_ln813_3722, i16 %add_ln813_3719"   --->   Operation 670 'add' 'add_ln813_3723' <Predicate = true> <Delay = 1.01> <CoreInst = "TAddSub">   --->   Core 10 'TAddSub' <Latency = 0> <II = 1> <Delay = 0.51> <IPBlock> <Opcode : 'add' 'sub'> <InPorts = 3> <OutPorts = 1> <Sync> <CReg>
ST_2 : Operation 671 [1/1] (0.00ns) (grouped into TernaryAdder)   --->   "%add_ln813_3726 = add i16 %add_ln813_3725, i16 %add_ln813_3724"   --->   Operation 671 'add' 'add_ln813_3726' <Predicate = true> <Delay = 0.00> <CoreInst = "TAddSub">   --->   Core 10 'TAddSub' <Latency = 0> <II = 1> <Delay = 0.51> <IPBlock> <Opcode : 'add' 'sub'> <InPorts = 3> <OutPorts = 1> <Sync> <CReg>
ST_2 : Operation 672 [1/1] (0.00ns) (grouped into TernaryAdder)   --->   "%add_ln813_3727 = add i16 %trunc_ln818_120, i16 %trunc_ln818_125"   --->   Operation 672 'add' 'add_ln813_3727' <Predicate = true> <Delay = 0.00> <CoreInst = "TAddSub">   --->   Core 10 'TAddSub' <Latency = 0> <II = 1> <Delay = 0.51> <IPBlock> <Opcode : 'add' 'sub'> <InPorts = 3> <OutPorts = 1> <Sync> <CReg>
ST_2 : Operation 673 [1/1] (1.01ns) (root node of TernaryAdder)   --->   "%add_ln813_3729 = add i16 %add_ln813_3728, i16 %add_ln813_3727"   --->   Operation 673 'add' 'add_ln813_3729' <Predicate = true> <Delay = 1.01> <CoreInst = "TAddSub">   --->   Core 10 'TAddSub' <Latency = 0> <II = 1> <Delay = 0.51> <IPBlock> <Opcode : 'add' 'sub'> <InPorts = 3> <OutPorts = 1> <Sync> <CReg>
ST_2 : Operation 674 [1/1] (1.01ns) (root node of TernaryAdder)   --->   "%add_ln813_3730 = add i16 %add_ln813_3729, i16 %add_ln813_3726"   --->   Operation 674 'add' 'add_ln813_3730' <Predicate = true> <Delay = 1.01> <CoreInst = "TAddSub">   --->   Core 10 'TAddSub' <Latency = 0> <II = 1> <Delay = 0.51> <IPBlock> <Opcode : 'add' 'sub'> <InPorts = 3> <OutPorts = 1> <Sync> <CReg>
ST_2 : Operation 675 [1/1] (0.00ns) (grouped into TernaryAdder)   --->   "%add_ln813_3731 = add i16 %add_ln813_3730, i16 %add_ln813_3723"   --->   Operation 675 'add' 'add_ln813_3731' <Predicate = true> <Delay = 0.00> <CoreInst = "TAddSub">   --->   Core 10 'TAddSub' <Latency = 0> <II = 1> <Delay = 0.51> <IPBlock> <Opcode : 'add' 'sub'> <InPorts = 3> <OutPorts = 1> <Sync> <CReg>
ST_2 : Operation 676 [1/1] (0.00ns) (grouped into TernaryAdder)   --->   "%add_ln813_3732 = add i16 %trunc_ln818_149, i16 %sext_ln818_1014"   --->   Operation 676 'add' 'add_ln813_3732' <Predicate = true> <Delay = 0.00> <CoreInst = "TAddSub">   --->   Core 10 'TAddSub' <Latency = 0> <II = 1> <Delay = 0.51> <IPBlock> <Opcode : 'add' 'sub'> <InPorts = 3> <OutPorts = 1> <Sync> <CReg>
ST_2 : Operation 677 [1/1] (1.01ns) (root node of TernaryAdder)   --->   "%add_ln813_3734 = add i16 %add_ln813_3733, i16 %add_ln813_3732"   --->   Operation 677 'add' 'add_ln813_3734' <Predicate = true> <Delay = 1.01> <CoreInst = "TAddSub">   --->   Core 10 'TAddSub' <Latency = 0> <II = 1> <Delay = 0.51> <IPBlock> <Opcode : 'add' 'sub'> <InPorts = 3> <OutPorts = 1> <Sync> <CReg>
ST_2 : Operation 678 [1/1] (0.00ns) (grouped into TernaryAdder)   --->   "%add_ln813_3738 = add i16 %add_ln813_3737, i16 %add_ln813_3734"   --->   Operation 678 'add' 'add_ln813_3738' <Predicate = true> <Delay = 0.00> <CoreInst = "TAddSub">   --->   Core 10 'TAddSub' <Latency = 0> <II = 1> <Delay = 0.51> <IPBlock> <Opcode : 'add' 'sub'> <InPorts = 3> <OutPorts = 1> <Sync> <CReg>
ST_2 : Operation 679 [1/1] (0.00ns)   --->   "%sext_ln813_1443 = sext i15 %add_ln813_3745"   --->   Operation 679 'sext' 'sext_ln813_1443' <Predicate = true> <Delay = 0.00>
ST_2 : Operation 680 [1/1] (1.01ns) (root node of TernaryAdder)   --->   "%add_ln813_3746 = add i16 %sext_ln813_1443, i16 %add_ln813_3738"   --->   Operation 680 'add' 'add_ln813_3746' <Predicate = true> <Delay = 1.01> <CoreInst = "TAddSub">   --->   Core 10 'TAddSub' <Latency = 0> <II = 1> <Delay = 0.51> <IPBlock> <Opcode : 'add' 'sub'> <InPorts = 3> <OutPorts = 1> <Sync> <CReg>
ST_2 : Operation 681 [1/1] (1.01ns) (root node of TernaryAdder)   --->   "%add_ln813_3747 = add i16 %add_ln813_3746, i16 %add_ln813_3731"   --->   Operation 681 'add' 'add_ln813_3747' <Predicate = true> <Delay = 1.01> <CoreInst = "TAddSub">   --->   Core 10 'TAddSub' <Latency = 0> <II = 1> <Delay = 0.51> <IPBlock> <Opcode : 'add' 'sub'> <InPorts = 3> <OutPorts = 1> <Sync> <CReg>
ST_2 : Operation 682 [1/1] (0.00ns) (grouped into TernaryAdder)   --->   "%add_ln813_3750 = add i16 %add_ln813_3749, i16 %add_ln813_3748"   --->   Operation 682 'add' 'add_ln813_3750' <Predicate = true> <Delay = 0.00> <CoreInst = "TAddSub">   --->   Core 10 'TAddSub' <Latency = 0> <II = 1> <Delay = 0.51> <IPBlock> <Opcode : 'add' 'sub'> <InPorts = 3> <OutPorts = 1> <Sync> <CReg>
ST_2 : Operation 683 [1/1] (0.00ns) (grouped into TernaryAdder)   --->   "%add_ln813_3751 = add i16 %trunc_ln818_55, i16 %trunc_ln818_60"   --->   Operation 683 'add' 'add_ln813_3751' <Predicate = true> <Delay = 0.00> <CoreInst = "TAddSub">   --->   Core 10 'TAddSub' <Latency = 0> <II = 1> <Delay = 0.51> <IPBlock> <Opcode : 'add' 'sub'> <InPorts = 3> <OutPorts = 1> <Sync> <CReg>
ST_2 : Operation 684 [1/1] (1.01ns) (root node of TernaryAdder)   --->   "%add_ln813_3753 = add i16 %add_ln813_3752, i16 %add_ln813_3751"   --->   Operation 684 'add' 'add_ln813_3753' <Predicate = true> <Delay = 1.01> <CoreInst = "TAddSub">   --->   Core 10 'TAddSub' <Latency = 0> <II = 1> <Delay = 0.51> <IPBlock> <Opcode : 'add' 'sub'> <InPorts = 3> <OutPorts = 1> <Sync> <CReg>
ST_2 : Operation 685 [1/1] (1.01ns) (root node of TernaryAdder)   --->   "%add_ln813_3754 = add i16 %add_ln813_3753, i16 %add_ln813_3750"   --->   Operation 685 'add' 'add_ln813_3754' <Predicate = true> <Delay = 1.01> <CoreInst = "TAddSub">   --->   Core 10 'TAddSub' <Latency = 0> <II = 1> <Delay = 0.51> <IPBlock> <Opcode : 'add' 'sub'> <InPorts = 3> <OutPorts = 1> <Sync> <CReg>
ST_2 : Operation 686 [1/1] (0.00ns) (grouped into TernaryAdder)   --->   "%add_ln813_3757 = add i16 %add_ln813_3756, i16 %add_ln813_3755"   --->   Operation 686 'add' 'add_ln813_3757' <Predicate = true> <Delay = 0.00> <CoreInst = "TAddSub">   --->   Core 10 'TAddSub' <Latency = 0> <II = 1> <Delay = 0.51> <IPBlock> <Opcode : 'add' 'sub'> <InPorts = 3> <OutPorts = 1> <Sync> <CReg>
ST_2 : Operation 687 [1/1] (0.00ns) (grouped into TernaryAdder)   --->   "%add_ln813_3758 = add i16 %trunc_ln818_131, i16 %trunc_ln818_136"   --->   Operation 687 'add' 'add_ln813_3758' <Predicate = true> <Delay = 0.00> <CoreInst = "TAddSub">   --->   Core 10 'TAddSub' <Latency = 0> <II = 1> <Delay = 0.51> <IPBlock> <Opcode : 'add' 'sub'> <InPorts = 3> <OutPorts = 1> <Sync> <CReg>
ST_2 : Operation 688 [1/1] (1.01ns) (root node of TernaryAdder)   --->   "%add_ln813_3760 = add i16 %add_ln813_3759, i16 %add_ln813_3758"   --->   Operation 688 'add' 'add_ln813_3760' <Predicate = true> <Delay = 1.01> <CoreInst = "TAddSub">   --->   Core 10 'TAddSub' <Latency = 0> <II = 1> <Delay = 0.51> <IPBlock> <Opcode : 'add' 'sub'> <InPorts = 3> <OutPorts = 1> <Sync> <CReg>
ST_2 : Operation 689 [1/1] (1.01ns) (root node of TernaryAdder)   --->   "%add_ln813_3761 = add i16 %add_ln813_3760, i16 %add_ln813_3757"   --->   Operation 689 'add' 'add_ln813_3761' <Predicate = true> <Delay = 1.01> <CoreInst = "TAddSub">   --->   Core 10 'TAddSub' <Latency = 0> <II = 1> <Delay = 0.51> <IPBlock> <Opcode : 'add' 'sub'> <InPorts = 3> <OutPorts = 1> <Sync> <CReg>
ST_2 : Operation 690 [1/1] (0.00ns) (grouped into TernaryAdder)   --->   "%add_ln813_3762 = add i16 %add_ln813_3761, i16 %add_ln813_3754"   --->   Operation 690 'add' 'add_ln813_3762' <Predicate = true> <Delay = 0.00> <CoreInst = "TAddSub">   --->   Core 10 'TAddSub' <Latency = 0> <II = 1> <Delay = 0.51> <IPBlock> <Opcode : 'add' 'sub'> <InPorts = 3> <OutPorts = 1> <Sync> <CReg>
ST_2 : Operation 691 [1/1] (0.00ns) (grouped into TernaryAdder)   --->   "%add_ln813_3763 = add i16 %sext_ln818, i16 %sext_ln818_1022"   --->   Operation 691 'add' 'add_ln813_3763' <Predicate = true> <Delay = 0.00> <CoreInst = "TAddSub">   --->   Core 10 'TAddSub' <Latency = 0> <II = 1> <Delay = 0.51> <IPBlock> <Opcode : 'add' 'sub'> <InPorts = 3> <OutPorts = 1> <Sync> <CReg>
ST_2 : Operation 692 [1/1] (1.01ns) (root node of TernaryAdder)   --->   "%add_ln813_3765 = add i16 %add_ln813_3764, i16 %add_ln813_3763"   --->   Operation 692 'add' 'add_ln813_3765' <Predicate = true> <Delay = 1.01> <CoreInst = "TAddSub">   --->   Core 10 'TAddSub' <Latency = 0> <II = 1> <Delay = 0.51> <IPBlock> <Opcode : 'add' 'sub'> <InPorts = 3> <OutPorts = 1> <Sync> <CReg>
ST_2 : Operation 693 [1/1] (0.00ns) (grouped into TernaryAdder)   --->   "%add_ln813_3766 = add i16 %sext_ln818_1037, i16 %sext_ln818_1018"   --->   Operation 693 'add' 'add_ln813_3766' <Predicate = true> <Delay = 0.00> <CoreInst = "TAddSub">   --->   Core 10 'TAddSub' <Latency = 0> <II = 1> <Delay = 0.51> <IPBlock> <Opcode : 'add' 'sub'> <InPorts = 3> <OutPorts = 1> <Sync> <CReg>
ST_2 : Operation 694 [1/1] (0.00ns)   --->   "%sext_ln813_1444 = sext i15 %add_ln813_3767"   --->   Operation 694 'sext' 'sext_ln813_1444' <Predicate = true> <Delay = 0.00>
ST_2 : Operation 695 [1/1] (1.01ns) (root node of TernaryAdder)   --->   "%add_ln813_3768 = add i16 %sext_ln813_1444, i16 %add_ln813_3766"   --->   Operation 695 'add' 'add_ln813_3768' <Predicate = true> <Delay = 1.01> <CoreInst = "TAddSub">   --->   Core 10 'TAddSub' <Latency = 0> <II = 1> <Delay = 0.51> <IPBlock> <Opcode : 'add' 'sub'> <InPorts = 3> <OutPorts = 1> <Sync> <CReg>
ST_2 : Operation 696 [1/1] (0.00ns) (grouped into TernaryAdder)   --->   "%add_ln813_3769 = add i16 %add_ln813_3768, i16 %add_ln813_3765"   --->   Operation 696 'add' 'add_ln813_3769' <Predicate = true> <Delay = 0.00> <CoreInst = "TAddSub">   --->   Core 10 'TAddSub' <Latency = 0> <II = 1> <Delay = 0.51> <IPBlock> <Opcode : 'add' 'sub'> <InPorts = 3> <OutPorts = 1> <Sync> <CReg>
ST_2 : Operation 697 [1/1] (0.00ns)   --->   "%sext_ln813_1445 = sext i15 %add_ln813_3770"   --->   Operation 697 'sext' 'sext_ln813_1445' <Predicate = true> <Delay = 0.00>
ST_2 : Operation 698 [1/1] (0.00ns)   --->   "%sext_ln813_1446 = sext i14 %add_ln813_3771"   --->   Operation 698 'sext' 'sext_ln813_1446' <Predicate = true> <Delay = 0.00>
ST_2 : Operation 699 [1/1] (0.00ns) (grouped into TernaryAdder)   --->   "%add_ln813_3772 = add i16 %sext_ln813_1446, i16 %sext_ln813_1445"   --->   Operation 699 'add' 'add_ln813_3772' <Predicate = true> <Delay = 0.00> <CoreInst = "TAddSub">   --->   Core 10 'TAddSub' <Latency = 0> <II = 1> <Delay = 0.51> <IPBlock> <Opcode : 'add' 'sub'> <InPorts = 3> <OutPorts = 1> <Sync> <CReg>
ST_2 : Operation 700 [1/1] (0.00ns)   --->   "%sext_ln813_1449 = sext i13 %add_ln813_3776"   --->   Operation 700 'sext' 'sext_ln813_1449' <Predicate = true> <Delay = 0.00>
ST_2 : Operation 701 [1/1] (1.01ns) (root node of TernaryAdder)   --->   "%add_ln813_3777 = add i16 %sext_ln813_1449, i16 %add_ln813_3772"   --->   Operation 701 'add' 'add_ln813_3777' <Predicate = true> <Delay = 1.01> <CoreInst = "TAddSub">   --->   Core 10 'TAddSub' <Latency = 0> <II = 1> <Delay = 0.51> <IPBlock> <Opcode : 'add' 'sub'> <InPorts = 3> <OutPorts = 1> <Sync> <CReg>
ST_2 : Operation 702 [1/1] (1.01ns) (root node of TernaryAdder)   --->   "%add_ln813_3778 = add i16 %add_ln813_3777, i16 %add_ln813_3769"   --->   Operation 702 'add' 'add_ln813_3778' <Predicate = true> <Delay = 1.01> <CoreInst = "TAddSub">   --->   Core 10 'TAddSub' <Latency = 0> <II = 1> <Delay = 0.51> <IPBlock> <Opcode : 'add' 'sub'> <InPorts = 3> <OutPorts = 1> <Sync> <CReg>
ST_2 : Operation 703 [1/1] (1.01ns) (root node of TernaryAdder)   --->   "%add_ln813_3779 = add i16 %add_ln813_3778, i16 %add_ln813_3762"   --->   Operation 703 'add' 'add_ln813_3779' <Predicate = true> <Delay = 1.01> <CoreInst = "TAddSub">   --->   Core 10 'TAddSub' <Latency = 0> <II = 1> <Delay = 0.51> <IPBlock> <Opcode : 'add' 'sub'> <InPorts = 3> <OutPorts = 1> <Sync> <CReg>
ST_2 : Operation 704 [1/1] (0.00ns) (grouped into TernaryAdder)   --->   "%add_ln813_3782 = add i16 %add_ln813_3781, i16 %add_ln813_3780"   --->   Operation 704 'add' 'add_ln813_3782' <Predicate = true> <Delay = 0.00> <CoreInst = "TAddSub">   --->   Core 10 'TAddSub' <Latency = 0> <II = 1> <Delay = 0.51> <IPBlock> <Opcode : 'add' 'sub'> <InPorts = 3> <OutPorts = 1> <Sync> <CReg>
ST_2 : Operation 705 [1/1] (0.00ns) (grouped into TernaryAdder)   --->   "%add_ln813_3783 = add i16 %trunc_ln818_36, i16 %trunc_ln818_41"   --->   Operation 705 'add' 'add_ln813_3783' <Predicate = true> <Delay = 0.00> <CoreInst = "TAddSub">   --->   Core 10 'TAddSub' <Latency = 0> <II = 1> <Delay = 0.51> <IPBlock> <Opcode : 'add' 'sub'> <InPorts = 3> <OutPorts = 1> <Sync> <CReg>
ST_2 : Operation 706 [1/1] (1.01ns) (root node of TernaryAdder)   --->   "%add_ln813_3785 = add i16 %add_ln813_3784, i16 %add_ln813_3783"   --->   Operation 706 'add' 'add_ln813_3785' <Predicate = true> <Delay = 1.01> <CoreInst = "TAddSub">   --->   Core 10 'TAddSub' <Latency = 0> <II = 1> <Delay = 0.51> <IPBlock> <Opcode : 'add' 'sub'> <InPorts = 3> <OutPorts = 1> <Sync> <CReg>
ST_2 : Operation 707 [1/1] (1.01ns) (root node of TernaryAdder)   --->   "%add_ln813_3786 = add i16 %add_ln813_3785, i16 %add_ln813_3782"   --->   Operation 707 'add' 'add_ln813_3786' <Predicate = true> <Delay = 1.01> <CoreInst = "TAddSub">   --->   Core 10 'TAddSub' <Latency = 0> <II = 1> <Delay = 0.51> <IPBlock> <Opcode : 'add' 'sub'> <InPorts = 3> <OutPorts = 1> <Sync> <CReg>
ST_2 : Operation 708 [1/1] (0.00ns) (grouped into TernaryAdder)   --->   "%add_ln813_3789 = add i16 %add_ln813_3788, i16 %add_ln813_3787"   --->   Operation 708 'add' 'add_ln813_3789' <Predicate = true> <Delay = 0.00> <CoreInst = "TAddSub">   --->   Core 10 'TAddSub' <Latency = 0> <II = 1> <Delay = 0.51> <IPBlock> <Opcode : 'add' 'sub'> <InPorts = 3> <OutPorts = 1> <Sync> <CReg>
ST_2 : Operation 709 [1/1] (0.00ns) (grouped into TernaryAdder)   --->   "%add_ln813_3790 = add i16 %trunc_ln818_111, i16 %trunc_ln818_122"   --->   Operation 709 'add' 'add_ln813_3790' <Predicate = true> <Delay = 0.00> <CoreInst = "TAddSub">   --->   Core 10 'TAddSub' <Latency = 0> <II = 1> <Delay = 0.51> <IPBlock> <Opcode : 'add' 'sub'> <InPorts = 3> <OutPorts = 1> <Sync> <CReg>
ST_2 : Operation 710 [1/1] (1.01ns) (root node of TernaryAdder)   --->   "%add_ln813_3792 = add i16 %add_ln813_3791, i16 %add_ln813_3790"   --->   Operation 710 'add' 'add_ln813_3792' <Predicate = true> <Delay = 1.01> <CoreInst = "TAddSub">   --->   Core 10 'TAddSub' <Latency = 0> <II = 1> <Delay = 0.51> <IPBlock> <Opcode : 'add' 'sub'> <InPorts = 3> <OutPorts = 1> <Sync> <CReg>
ST_2 : Operation 711 [1/1] (1.01ns) (root node of TernaryAdder)   --->   "%add_ln813_3793 = add i16 %add_ln813_3792, i16 %add_ln813_3789"   --->   Operation 711 'add' 'add_ln813_3793' <Predicate = true> <Delay = 1.01> <CoreInst = "TAddSub">   --->   Core 10 'TAddSub' <Latency = 0> <II = 1> <Delay = 0.51> <IPBlock> <Opcode : 'add' 'sub'> <InPorts = 3> <OutPorts = 1> <Sync> <CReg>
ST_2 : Operation 712 [1/1] (0.00ns) (grouped into TernaryAdder)   --->   "%add_ln813_3794 = add i16 %add_ln813_3793, i16 %add_ln813_3786"   --->   Operation 712 'add' 'add_ln813_3794' <Predicate = true> <Delay = 0.00> <CoreInst = "TAddSub">   --->   Core 10 'TAddSub' <Latency = 0> <II = 1> <Delay = 0.51> <IPBlock> <Opcode : 'add' 'sub'> <InPorts = 3> <OutPorts = 1> <Sync> <CReg>
ST_2 : Operation 713 [1/1] (0.00ns) (grouped into TernaryAdder)   --->   "%add_ln813_3795 = add i16 %sext_ln818_1011, i16 %sext_ln818_1012"   --->   Operation 713 'add' 'add_ln813_3795' <Predicate = true> <Delay = 0.00> <CoreInst = "TAddSub">   --->   Core 10 'TAddSub' <Latency = 0> <II = 1> <Delay = 0.51> <IPBlock> <Opcode : 'add' 'sub'> <InPorts = 3> <OutPorts = 1> <Sync> <CReg>
ST_2 : Operation 714 [1/1] (1.01ns) (root node of TernaryAdder)   --->   "%add_ln813_3797 = add i16 %add_ln813_3796, i16 %add_ln813_3795"   --->   Operation 714 'add' 'add_ln813_3797' <Predicate = true> <Delay = 1.01> <CoreInst = "TAddSub">   --->   Core 10 'TAddSub' <Latency = 0> <II = 1> <Delay = 0.51> <IPBlock> <Opcode : 'add' 'sub'> <InPorts = 3> <OutPorts = 1> <Sync> <CReg>
ST_2 : Operation 715 [1/1] (0.00ns) (grouped into TernaryAdder)   --->   "%add_ln813_3798 = add i16 %sext_ln818_1029, i16 %sext_ln818_1034"   --->   Operation 715 'add' 'add_ln813_3798' <Predicate = true> <Delay = 0.00> <CoreInst = "TAddSub">   --->   Core 10 'TAddSub' <Latency = 0> <II = 1> <Delay = 0.51> <IPBlock> <Opcode : 'add' 'sub'> <InPorts = 3> <OutPorts = 1> <Sync> <CReg>
ST_2 : Operation 716 [1/1] (1.01ns) (root node of TernaryAdder)   --->   "%add_ln813_3800 = add i16 %add_ln813_3799, i16 %add_ln813_3798"   --->   Operation 716 'add' 'add_ln813_3800' <Predicate = true> <Delay = 1.01> <CoreInst = "TAddSub">   --->   Core 10 'TAddSub' <Latency = 0> <II = 1> <Delay = 0.51> <IPBlock> <Opcode : 'add' 'sub'> <InPorts = 3> <OutPorts = 1> <Sync> <CReg>
ST_2 : Operation 717 [1/1] (0.00ns) (grouped into TernaryAdder)   --->   "%add_ln813_3801 = add i16 %add_ln813_3800, i16 %add_ln813_3797"   --->   Operation 717 'add' 'add_ln813_3801' <Predicate = true> <Delay = 0.00> <CoreInst = "TAddSub">   --->   Core 10 'TAddSub' <Latency = 0> <II = 1> <Delay = 0.51> <IPBlock> <Opcode : 'add' 'sub'> <InPorts = 3> <OutPorts = 1> <Sync> <CReg>
ST_2 : Operation 718 [1/1] (0.00ns)   --->   "%sext_ln813_1450 = sext i15 %add_ln813_3802"   --->   Operation 718 'sext' 'sext_ln813_1450' <Predicate = true> <Delay = 0.00>
ST_2 : Operation 719 [1/1] (0.00ns)   --->   "%sext_ln813_1451 = sext i15 %add_ln813_3803"   --->   Operation 719 'sext' 'sext_ln813_1451' <Predicate = true> <Delay = 0.00>
ST_2 : Operation 720 [1/1] (0.00ns) (grouped into TernaryAdder)   --->   "%add_ln813_3804 = add i16 %sext_ln813_1451, i16 %sext_ln813_1450"   --->   Operation 720 'add' 'add_ln813_3804' <Predicate = true> <Delay = 0.00> <CoreInst = "TAddSub">   --->   Core 10 'TAddSub' <Latency = 0> <II = 1> <Delay = 0.51> <IPBlock> <Opcode : 'add' 'sub'> <InPorts = 3> <OutPorts = 1> <Sync> <CReg>
ST_2 : Operation 721 [1/1] (0.00ns)   --->   "%sext_ln813_1454 = sext i15 %add_ln813_3808"   --->   Operation 721 'sext' 'sext_ln813_1454' <Predicate = true> <Delay = 0.00>
ST_2 : Operation 722 [1/1] (1.01ns) (root node of TernaryAdder)   --->   "%add_ln813_3809 = add i16 %sext_ln813_1454, i16 %add_ln813_3804"   --->   Operation 722 'add' 'add_ln813_3809' <Predicate = true> <Delay = 1.01> <CoreInst = "TAddSub">   --->   Core 10 'TAddSub' <Latency = 0> <II = 1> <Delay = 0.51> <IPBlock> <Opcode : 'add' 'sub'> <InPorts = 3> <OutPorts = 1> <Sync> <CReg>
ST_2 : Operation 723 [1/1] (1.01ns) (root node of TernaryAdder)   --->   "%add_ln813_3810 = add i16 %add_ln813_3809, i16 %add_ln813_3801"   --->   Operation 723 'add' 'add_ln813_3810' <Predicate = true> <Delay = 1.01> <CoreInst = "TAddSub">   --->   Core 10 'TAddSub' <Latency = 0> <II = 1> <Delay = 0.51> <IPBlock> <Opcode : 'add' 'sub'> <InPorts = 3> <OutPorts = 1> <Sync> <CReg>
ST_2 : Operation 724 [1/1] (1.01ns) (root node of TernaryAdder)   --->   "%add_ln813_3811 = add i16 %add_ln813_3810, i16 %add_ln813_3794"   --->   Operation 724 'add' 'add_ln813_3811' <Predicate = true> <Delay = 1.01> <CoreInst = "TAddSub">   --->   Core 10 'TAddSub' <Latency = 0> <II = 1> <Delay = 0.51> <IPBlock> <Opcode : 'add' 'sub'> <InPorts = 3> <OutPorts = 1> <Sync> <CReg>
ST_2 : Operation 725 [1/1] (0.00ns) (grouped into TernaryAdder)   --->   "%add_ln813_3814 = add i16 %add_ln813_3813, i16 %add_ln813_3812"   --->   Operation 725 'add' 'add_ln813_3814' <Predicate = true> <Delay = 0.00> <CoreInst = "TAddSub">   --->   Core 10 'TAddSub' <Latency = 0> <II = 1> <Delay = 0.51> <IPBlock> <Opcode : 'add' 'sub'> <InPorts = 3> <OutPorts = 1> <Sync> <CReg>
ST_2 : Operation 726 [1/1] (0.00ns) (grouped into TernaryAdder)   --->   "%add_ln813_3815 = add i16 %trunc_ln818_52, i16 %trunc_ln818_67"   --->   Operation 726 'add' 'add_ln813_3815' <Predicate = true> <Delay = 0.00> <CoreInst = "TAddSub">   --->   Core 10 'TAddSub' <Latency = 0> <II = 1> <Delay = 0.51> <IPBlock> <Opcode : 'add' 'sub'> <InPorts = 3> <OutPorts = 1> <Sync> <CReg>
ST_2 : Operation 727 [1/1] (1.01ns) (root node of TernaryAdder)   --->   "%add_ln813_3817 = add i16 %add_ln813_3816, i16 %add_ln813_3815"   --->   Operation 727 'add' 'add_ln813_3817' <Predicate = true> <Delay = 1.01> <CoreInst = "TAddSub">   --->   Core 10 'TAddSub' <Latency = 0> <II = 1> <Delay = 0.51> <IPBlock> <Opcode : 'add' 'sub'> <InPorts = 3> <OutPorts = 1> <Sync> <CReg>
ST_2 : Operation 728 [1/1] (1.01ns) (root node of TernaryAdder)   --->   "%add_ln813_3818 = add i16 %add_ln813_3817, i16 %add_ln813_3814"   --->   Operation 728 'add' 'add_ln813_3818' <Predicate = true> <Delay = 1.01> <CoreInst = "TAddSub">   --->   Core 10 'TAddSub' <Latency = 0> <II = 1> <Delay = 0.51> <IPBlock> <Opcode : 'add' 'sub'> <InPorts = 3> <OutPorts = 1> <Sync> <CReg>
ST_2 : Operation 729 [1/1] (0.00ns) (grouped into TernaryAdder)   --->   "%add_ln813_3821 = add i16 %add_ln813_3820, i16 %add_ln813_3819"   --->   Operation 729 'add' 'add_ln813_3821' <Predicate = true> <Delay = 0.00> <CoreInst = "TAddSub">   --->   Core 10 'TAddSub' <Latency = 0> <II = 1> <Delay = 0.51> <IPBlock> <Opcode : 'add' 'sub'> <InPorts = 3> <OutPorts = 1> <Sync> <CReg>
ST_2 : Operation 730 [1/1] (0.00ns) (grouped into TernaryAdder)   --->   "%add_ln813_3822 = add i16 %trunc_ln818_123, i16 %trunc_ln818_128"   --->   Operation 730 'add' 'add_ln813_3822' <Predicate = true> <Delay = 0.00> <CoreInst = "TAddSub">   --->   Core 10 'TAddSub' <Latency = 0> <II = 1> <Delay = 0.51> <IPBlock> <Opcode : 'add' 'sub'> <InPorts = 3> <OutPorts = 1> <Sync> <CReg>
ST_2 : Operation 731 [1/1] (1.01ns) (root node of TernaryAdder)   --->   "%add_ln813_3824 = add i16 %add_ln813_3823, i16 %add_ln813_3822"   --->   Operation 731 'add' 'add_ln813_3824' <Predicate = true> <Delay = 1.01> <CoreInst = "TAddSub">   --->   Core 10 'TAddSub' <Latency = 0> <II = 1> <Delay = 0.51> <IPBlock> <Opcode : 'add' 'sub'> <InPorts = 3> <OutPorts = 1> <Sync> <CReg>
ST_2 : Operation 732 [1/1] (1.01ns) (root node of TernaryAdder)   --->   "%add_ln813_3825 = add i16 %add_ln813_3824, i16 %add_ln813_3821"   --->   Operation 732 'add' 'add_ln813_3825' <Predicate = true> <Delay = 1.01> <CoreInst = "TAddSub">   --->   Core 10 'TAddSub' <Latency = 0> <II = 1> <Delay = 0.51> <IPBlock> <Opcode : 'add' 'sub'> <InPorts = 3> <OutPorts = 1> <Sync> <CReg>
ST_2 : Operation 733 [1/1] (0.00ns) (grouped into TernaryAdder)   --->   "%add_ln813_3826 = add i16 %add_ln813_3825, i16 %add_ln813_3818"   --->   Operation 733 'add' 'add_ln813_3826' <Predicate = true> <Delay = 0.00> <CoreInst = "TAddSub">   --->   Core 10 'TAddSub' <Latency = 0> <II = 1> <Delay = 0.51> <IPBlock> <Opcode : 'add' 'sub'> <InPorts = 3> <OutPorts = 1> <Sync> <CReg>
ST_2 : Operation 734 [1/1] (0.00ns) (grouped into TernaryAdder)   --->   "%add_ln813_3827 = add i16 %trunc_ln818_152, i16 %sext_ln818_1016"   --->   Operation 734 'add' 'add_ln813_3827' <Predicate = true> <Delay = 0.00> <CoreInst = "TAddSub">   --->   Core 10 'TAddSub' <Latency = 0> <II = 1> <Delay = 0.51> <IPBlock> <Opcode : 'add' 'sub'> <InPorts = 3> <OutPorts = 1> <Sync> <CReg>
ST_2 : Operation 735 [1/1] (1.01ns) (root node of TernaryAdder)   --->   "%add_ln813_3829 = add i16 %add_ln813_3828, i16 %add_ln813_3827"   --->   Operation 735 'add' 'add_ln813_3829' <Predicate = true> <Delay = 1.01> <CoreInst = "TAddSub">   --->   Core 10 'TAddSub' <Latency = 0> <II = 1> <Delay = 0.51> <IPBlock> <Opcode : 'add' 'sub'> <InPorts = 3> <OutPorts = 1> <Sync> <CReg>
ST_2 : Operation 736 [1/1] (0.00ns) (grouped into TernaryAdder)   --->   "%add_ln813_3830 = add i16 %sext_ln818_1028, i16 %sext_ln818_1032"   --->   Operation 736 'add' 'add_ln813_3830' <Predicate = true> <Delay = 0.00> <CoreInst = "TAddSub">   --->   Core 10 'TAddSub' <Latency = 0> <II = 1> <Delay = 0.51> <IPBlock> <Opcode : 'add' 'sub'> <InPorts = 3> <OutPorts = 1> <Sync> <CReg>
ST_2 : Operation 737 [1/1] (1.01ns) (root node of TernaryAdder)   --->   "%add_ln813_3832 = add i16 %add_ln813_3831, i16 %add_ln813_3830"   --->   Operation 737 'add' 'add_ln813_3832' <Predicate = true> <Delay = 1.01> <CoreInst = "TAddSub">   --->   Core 10 'TAddSub' <Latency = 0> <II = 1> <Delay = 0.51> <IPBlock> <Opcode : 'add' 'sub'> <InPorts = 3> <OutPorts = 1> <Sync> <CReg>
ST_2 : Operation 738 [1/1] (0.00ns) (grouped into TernaryAdder)   --->   "%add_ln813_3833 = add i16 %add_ln813_3832, i16 %add_ln813_3829"   --->   Operation 738 'add' 'add_ln813_3833' <Predicate = true> <Delay = 0.00> <CoreInst = "TAddSub">   --->   Core 10 'TAddSub' <Latency = 0> <II = 1> <Delay = 0.51> <IPBlock> <Opcode : 'add' 'sub'> <InPorts = 3> <OutPorts = 1> <Sync> <CReg>
ST_2 : Operation 739 [1/1] (0.00ns)   --->   "%sext_ln813_1455 = sext i15 %add_ln813_3834"   --->   Operation 739 'sext' 'sext_ln813_1455' <Predicate = true> <Delay = 0.00>
ST_2 : Operation 740 [1/1] (0.00ns)   --->   "%sext_ln813_1456 = sext i15 %add_ln813_3835"   --->   Operation 740 'sext' 'sext_ln813_1456' <Predicate = true> <Delay = 0.00>
ST_2 : Operation 741 [1/1] (0.00ns) (grouped into TernaryAdder)   --->   "%add_ln813_3836 = add i16 %sext_ln813_1456, i16 %sext_ln813_1455"   --->   Operation 741 'add' 'add_ln813_3836' <Predicate = true> <Delay = 0.00> <CoreInst = "TAddSub">   --->   Core 10 'TAddSub' <Latency = 0> <II = 1> <Delay = 0.51> <IPBlock> <Opcode : 'add' 'sub'> <InPorts = 3> <OutPorts = 1> <Sync> <CReg>
ST_2 : Operation 742 [1/1] (0.00ns)   --->   "%sext_ln813_1458 = sext i15 %add_ln813_3839"   --->   Operation 742 'sext' 'sext_ln813_1458' <Predicate = true> <Delay = 0.00>
ST_2 : Operation 743 [1/1] (1.01ns) (root node of TernaryAdder)   --->   "%add_ln813_3840 = add i16 %sext_ln813_1458, i16 %add_ln813_3836"   --->   Operation 743 'add' 'add_ln813_3840' <Predicate = true> <Delay = 1.01> <CoreInst = "TAddSub">   --->   Core 10 'TAddSub' <Latency = 0> <II = 1> <Delay = 0.51> <IPBlock> <Opcode : 'add' 'sub'> <InPorts = 3> <OutPorts = 1> <Sync> <CReg>
ST_2 : Operation 744 [1/1] (1.01ns) (root node of TernaryAdder)   --->   "%add_ln813_3841 = add i16 %add_ln813_3840, i16 %add_ln813_3833"   --->   Operation 744 'add' 'add_ln813_3841' <Predicate = true> <Delay = 1.01> <CoreInst = "TAddSub">   --->   Core 10 'TAddSub' <Latency = 0> <II = 1> <Delay = 0.51> <IPBlock> <Opcode : 'add' 'sub'> <InPorts = 3> <OutPorts = 1> <Sync> <CReg>
ST_2 : Operation 745 [1/1] (1.01ns) (root node of TernaryAdder)   --->   "%add_ln813_3842 = add i16 %add_ln813_3841, i16 %add_ln813_3826"   --->   Operation 745 'add' 'add_ln813_3842' <Predicate = true> <Delay = 1.01> <CoreInst = "TAddSub">   --->   Core 10 'TAddSub' <Latency = 0> <II = 1> <Delay = 0.51> <IPBlock> <Opcode : 'add' 'sub'> <InPorts = 3> <OutPorts = 1> <Sync> <CReg>
ST_2 : Operation 746 [1/1] (0.00ns) (grouped into TernaryAdder)   --->   "%add_ln813_3845 = add i16 %add_ln813_3844, i16 %add_ln813_3843"   --->   Operation 746 'add' 'add_ln813_3845' <Predicate = true> <Delay = 0.00> <CoreInst = "TAddSub">   --->   Core 10 'TAddSub' <Latency = 0> <II = 1> <Delay = 0.51> <IPBlock> <Opcode : 'add' 'sub'> <InPorts = 3> <OutPorts = 1> <Sync> <CReg>
ST_2 : Operation 747 [1/1] (0.00ns) (grouped into TernaryAdder)   --->   "%add_ln813_3846 = add i16 %trunc_ln818_68, i16 %trunc_ln818_73"   --->   Operation 747 'add' 'add_ln813_3846' <Predicate = true> <Delay = 0.00> <CoreInst = "TAddSub">   --->   Core 10 'TAddSub' <Latency = 0> <II = 1> <Delay = 0.51> <IPBlock> <Opcode : 'add' 'sub'> <InPorts = 3> <OutPorts = 1> <Sync> <CReg>
ST_2 : Operation 748 [1/1] (1.01ns) (root node of TernaryAdder)   --->   "%add_ln813_3848 = add i16 %add_ln813_3847, i16 %add_ln813_3846"   --->   Operation 748 'add' 'add_ln813_3848' <Predicate = true> <Delay = 1.01> <CoreInst = "TAddSub">   --->   Core 10 'TAddSub' <Latency = 0> <II = 1> <Delay = 0.51> <IPBlock> <Opcode : 'add' 'sub'> <InPorts = 3> <OutPorts = 1> <Sync> <CReg>
ST_2 : Operation 749 [1/1] (1.01ns) (root node of TernaryAdder)   --->   "%add_ln813_3849 = add i16 %add_ln813_3848, i16 %add_ln813_3845"   --->   Operation 749 'add' 'add_ln813_3849' <Predicate = true> <Delay = 1.01> <CoreInst = "TAddSub">   --->   Core 10 'TAddSub' <Latency = 0> <II = 1> <Delay = 0.51> <IPBlock> <Opcode : 'add' 'sub'> <InPorts = 3> <OutPorts = 1> <Sync> <CReg>
ST_2 : Operation 750 [1/1] (0.00ns) (grouped into TernaryAdder)   --->   "%add_ln813_3852 = add i16 %add_ln813_3851, i16 %add_ln813_3850"   --->   Operation 750 'add' 'add_ln813_3852' <Predicate = true> <Delay = 0.00> <CoreInst = "TAddSub">   --->   Core 10 'TAddSub' <Latency = 0> <II = 1> <Delay = 0.51> <IPBlock> <Opcode : 'add' 'sub'> <InPorts = 3> <OutPorts = 1> <Sync> <CReg>
ST_2 : Operation 751 [1/1] (0.00ns) (grouped into TernaryAdder)   --->   "%add_ln813_3853 = add i16 %trunc_ln818_129, i16 %trunc_ln818_143"   --->   Operation 751 'add' 'add_ln813_3853' <Predicate = true> <Delay = 0.00> <CoreInst = "TAddSub">   --->   Core 10 'TAddSub' <Latency = 0> <II = 1> <Delay = 0.51> <IPBlock> <Opcode : 'add' 'sub'> <InPorts = 3> <OutPorts = 1> <Sync> <CReg>
ST_2 : Operation 752 [1/1] (1.01ns) (root node of TernaryAdder)   --->   "%add_ln813_3855 = add i16 %add_ln813_3854, i16 %add_ln813_3853"   --->   Operation 752 'add' 'add_ln813_3855' <Predicate = true> <Delay = 1.01> <CoreInst = "TAddSub">   --->   Core 10 'TAddSub' <Latency = 0> <II = 1> <Delay = 0.51> <IPBlock> <Opcode : 'add' 'sub'> <InPorts = 3> <OutPorts = 1> <Sync> <CReg>
ST_2 : Operation 753 [1/1] (1.01ns) (root node of TernaryAdder)   --->   "%add_ln813_3856 = add i16 %add_ln813_3855, i16 %add_ln813_3852"   --->   Operation 753 'add' 'add_ln813_3856' <Predicate = true> <Delay = 1.01> <CoreInst = "TAddSub">   --->   Core 10 'TAddSub' <Latency = 0> <II = 1> <Delay = 0.51> <IPBlock> <Opcode : 'add' 'sub'> <InPorts = 3> <OutPorts = 1> <Sync> <CReg>
ST_2 : Operation 754 [1/1] (0.00ns) (grouped into TernaryAdder)   --->   "%add_ln813_3857 = add i16 %add_ln813_3856, i16 %add_ln813_3849"   --->   Operation 754 'add' 'add_ln813_3857' <Predicate = true> <Delay = 0.00> <CoreInst = "TAddSub">   --->   Core 10 'TAddSub' <Latency = 0> <II = 1> <Delay = 0.51> <IPBlock> <Opcode : 'add' 'sub'> <InPorts = 3> <OutPorts = 1> <Sync> <CReg>
ST_2 : Operation 755 [1/1] (0.00ns) (grouped into TernaryAdder)   --->   "%add_ln813_3858 = add i16 %sext_ln818_1013, i16 %sext_ln818_1017"   --->   Operation 755 'add' 'add_ln813_3858' <Predicate = true> <Delay = 0.00> <CoreInst = "TAddSub">   --->   Core 10 'TAddSub' <Latency = 0> <II = 1> <Delay = 0.51> <IPBlock> <Opcode : 'add' 'sub'> <InPorts = 3> <OutPorts = 1> <Sync> <CReg>
ST_2 : Operation 756 [1/1] (1.01ns) (root node of TernaryAdder)   --->   "%add_ln813_3860 = add i16 %add_ln813_3859, i16 %add_ln813_3858"   --->   Operation 756 'add' 'add_ln813_3860' <Predicate = true> <Delay = 1.01> <CoreInst = "TAddSub">   --->   Core 10 'TAddSub' <Latency = 0> <II = 1> <Delay = 0.51> <IPBlock> <Opcode : 'add' 'sub'> <InPorts = 3> <OutPorts = 1> <Sync> <CReg>
ST_2 : Operation 757 [1/1] (0.00ns) (grouped into TernaryAdder)   --->   "%add_ln813_3861 = add i16 %sext_ln818_1027, i16 %sext_ln818_1033"   --->   Operation 757 'add' 'add_ln813_3861' <Predicate = true> <Delay = 0.00> <CoreInst = "TAddSub">   --->   Core 10 'TAddSub' <Latency = 0> <II = 1> <Delay = 0.51> <IPBlock> <Opcode : 'add' 'sub'> <InPorts = 3> <OutPorts = 1> <Sync> <CReg>
ST_2 : Operation 758 [1/1] (1.01ns) (root node of TernaryAdder)   --->   "%add_ln813_3863 = add i16 %add_ln813_3862, i16 %add_ln813_3861"   --->   Operation 758 'add' 'add_ln813_3863' <Predicate = true> <Delay = 1.01> <CoreInst = "TAddSub">   --->   Core 10 'TAddSub' <Latency = 0> <II = 1> <Delay = 0.51> <IPBlock> <Opcode : 'add' 'sub'> <InPorts = 3> <OutPorts = 1> <Sync> <CReg>
ST_2 : Operation 759 [1/1] (0.00ns) (grouped into TernaryAdder)   --->   "%add_ln813_3864 = add i16 %add_ln813_3863, i16 %add_ln813_3860"   --->   Operation 759 'add' 'add_ln813_3864' <Predicate = true> <Delay = 0.00> <CoreInst = "TAddSub">   --->   Core 10 'TAddSub' <Latency = 0> <II = 1> <Delay = 0.51> <IPBlock> <Opcode : 'add' 'sub'> <InPorts = 3> <OutPorts = 1> <Sync> <CReg>
ST_2 : Operation 760 [1/1] (0.00ns)   --->   "%sext_ln813_1459 = sext i15 %add_ln813_3865"   --->   Operation 760 'sext' 'sext_ln813_1459' <Predicate = true> <Delay = 0.00>
ST_2 : Operation 761 [1/1] (0.00ns)   --->   "%sext_ln813_1460 = sext i14 %add_ln813_3866"   --->   Operation 761 'sext' 'sext_ln813_1460' <Predicate = true> <Delay = 0.00>
ST_2 : Operation 762 [1/1] (0.00ns) (grouped into TernaryAdder)   --->   "%add_ln813_3867 = add i16 %sext_ln813_1460, i16 %sext_ln813_1459"   --->   Operation 762 'add' 'add_ln813_3867' <Predicate = true> <Delay = 0.00> <CoreInst = "TAddSub">   --->   Core 10 'TAddSub' <Latency = 0> <II = 1> <Delay = 0.51> <IPBlock> <Opcode : 'add' 'sub'> <InPorts = 3> <OutPorts = 1> <Sync> <CReg>
ST_2 : Operation 763 [1/1] (0.00ns)   --->   "%sext_ln813_1464 = sext i14 %add_ln813_3871"   --->   Operation 763 'sext' 'sext_ln813_1464' <Predicate = true> <Delay = 0.00>
ST_2 : Operation 764 [1/1] (1.01ns) (root node of TernaryAdder)   --->   "%add_ln813_3872 = add i16 %sext_ln813_1464, i16 %add_ln813_3867"   --->   Operation 764 'add' 'add_ln813_3872' <Predicate = true> <Delay = 1.01> <CoreInst = "TAddSub">   --->   Core 10 'TAddSub' <Latency = 0> <II = 1> <Delay = 0.51> <IPBlock> <Opcode : 'add' 'sub'> <InPorts = 3> <OutPorts = 1> <Sync> <CReg>
ST_2 : Operation 765 [1/1] (1.01ns) (root node of TernaryAdder)   --->   "%add_ln813_3873 = add i16 %add_ln813_3872, i16 %add_ln813_3864"   --->   Operation 765 'add' 'add_ln813_3873' <Predicate = true> <Delay = 1.01> <CoreInst = "TAddSub">   --->   Core 10 'TAddSub' <Latency = 0> <II = 1> <Delay = 0.51> <IPBlock> <Opcode : 'add' 'sub'> <InPorts = 3> <OutPorts = 1> <Sync> <CReg>
ST_2 : Operation 766 [1/1] (1.01ns) (root node of TernaryAdder)   --->   "%add_ln813_3874 = add i16 %add_ln813_3873, i16 %add_ln813_3857"   --->   Operation 766 'add' 'add_ln813_3874' <Predicate = true> <Delay = 1.01> <CoreInst = "TAddSub">   --->   Core 10 'TAddSub' <Latency = 0> <II = 1> <Delay = 0.51> <IPBlock> <Opcode : 'add' 'sub'> <InPorts = 3> <OutPorts = 1> <Sync> <CReg>
ST_2 : Operation 767 [1/1] (0.00ns)   --->   "%mrv = insertvalue i80 <undef>, i16 %add_ln813_3747" [/home/kaxiotis/Vitis_Accel_Projects/vitis_accel_prj/firmware/nnet_utils/nnet_dense_latency.h:68]   --->   Operation 767 'insertvalue' 'mrv' <Predicate = true> <Delay = 0.00>
ST_2 : Operation 768 [1/1] (0.00ns)   --->   "%mrv_1 = insertvalue i80 %mrv, i16 %add_ln813_3779" [/home/kaxiotis/Vitis_Accel_Projects/vitis_accel_prj/firmware/nnet_utils/nnet_dense_latency.h:68]   --->   Operation 768 'insertvalue' 'mrv_1' <Predicate = true> <Delay = 0.00>
ST_2 : Operation 769 [1/1] (0.00ns)   --->   "%mrv_2 = insertvalue i80 %mrv_1, i16 %add_ln813_3811" [/home/kaxiotis/Vitis_Accel_Projects/vitis_accel_prj/firmware/nnet_utils/nnet_dense_latency.h:68]   --->   Operation 769 'insertvalue' 'mrv_2' <Predicate = true> <Delay = 0.00>
ST_2 : Operation 770 [1/1] (0.00ns)   --->   "%mrv_3 = insertvalue i80 %mrv_2, i16 %add_ln813_3842" [/home/kaxiotis/Vitis_Accel_Projects/vitis_accel_prj/firmware/nnet_utils/nnet_dense_latency.h:68]   --->   Operation 770 'insertvalue' 'mrv_3' <Predicate = true> <Delay = 0.00>
ST_2 : Operation 771 [1/1] (0.00ns)   --->   "%mrv_4 = insertvalue i80 %mrv_3, i16 %add_ln813_3874" [/home/kaxiotis/Vitis_Accel_Projects/vitis_accel_prj/firmware/nnet_utils/nnet_dense_latency.h:68]   --->   Operation 771 'insertvalue' 'mrv_4' <Predicate = true> <Delay = 0.00>
ST_2 : Operation 772 [1/1] (0.00ns)   --->   "%ret_ln68 = ret i80 %mrv_4" [/home/kaxiotis/Vitis_Accel_Projects/vitis_accel_prj/firmware/nnet_utils/nnet_dense_latency.h:68]   --->   Operation 772 'ret' 'ret_ln68' <Predicate = true> <Delay = 0.00>


============================================================
+ Verbose Summary: Timing violations
============================================================
Target clock period: 5ns, clock uncertainty: 1.35ns.

 <State 1>: 3.62ns
The critical path consists of the following:
	wire read operation ('p_read_176', /home/kaxiotis/Vitis_Accel_Projects/vitis_accel_prj/firmware/nnet_utils/nnet_mult.h:70) on port 'p_read28' (/home/kaxiotis/Vitis_Accel_Projects/vitis_accel_prj/firmware/nnet_utils/nnet_mult.h:70) [38]  (0 ns)
	'mul' operation ('r.V') [556]  (1.83 ns)
	'add' operation ('add_ln813_3739') [634]  (0 ns)
	'add' operation ('add_ln813_3741') [637]  (0.968 ns)
	'add' operation ('add_ln813_3745') [644]  (0.817 ns)

 <State 2>: 3.05ns
The critical path consists of the following:
	'add' operation ('add_ln813_3732') [625]  (0 ns)
	'add' operation ('add_ln813_3734') [627]  (1.02 ns)
	'add' operation ('add_ln813_3738') [633]  (0 ns)
	'add' operation ('add_ln813_3746') [646]  (1.02 ns)
	'add' operation ('add_ln813_3747') [647]  (1.02 ns)


============================================================
+ Verbose Summary: Binding
============================================================
N/A
* FSMD analyzer results:
  - Output states:
 - Input state : 
  - Chain level:
	State 1
	State 2


============================================================
+ Verbose Summary: Datapath Resource usage 
============================================================
N/A
