

================================================================
== Vitis HLS Report for 'dense_latency_ap_fixed_16_6_5_3_0_ap_fixed_16_6_5_3_0_config11_s'
================================================================
* Date:           Sat Aug 24 01:44:39 2024

* Version:        2022.2 (Build 3670227 on Oct 13 2022)
* Project:        kernel_wrapper
* Solution:       solution (Vitis Kernel Flow Target)
* Product family: versal
* Target device:  xcvc1902-vsvd1760-2MP-e-S


================================================================
== Performance Estimates
================================================================
+ Timing: 
    * Summary: 
    +--------+---------+----------+------------+
    |  Clock |  Target | Estimated| Uncertainty|
    +--------+---------+----------+------------+
    |ap_clk  |  5.00 ns|  3.618 ns|     1.35 ns|
    +--------+---------+----------+------------+

+ Latency: 
    * Summary: 
    +---------+---------+----------+----------+-----+-----+---------+
    |  Latency (cycles) |  Latency (absolute) |  Interval | Pipeline|
    |   min   |   max   |    min   |    max   | min | max |   Type  |
    +---------+---------+----------+----------+-----+-----+---------+
    |        1|        1|  5.000 ns|  5.000 ns|    1|    1|      yes|
    +---------+---------+----------+----------+-----+-----+---------+

    + Detail: 
        * Instance: 
        N/A

        * Loop: 
        N/A



================================================================
== Utilization Estimates
================================================================
* Summary: 
+-----------------+---------+------+---------+--------+-----+
|       Name      | BRAM_18K|  DSP |    FF   |   LUT  | URAM|
+-----------------+---------+------+---------+--------+-----+
|DSP              |        -|     -|        -|       -|    -|
|Expression       |        -|     -|        0|    4851|    -|
|FIFO             |        -|     -|        -|       -|    -|
|Instance         |        -|     0|        0|   28085|    -|
|Memory           |        -|     -|        -|       -|    -|
|Multiplexer      |        -|     -|        -|      80|    -|
|Register         |        -|     -|     1501|       -|    -|
+-----------------+---------+------+---------+--------+-----+
|Total            |        0|     0|     1501|   33016|    0|
+-----------------+---------+------+---------+--------+-----+
|Available        |     1934|  1968|  1799680|  899840|  463|
+-----------------+---------+------+---------+--------+-----+
|Utilization (%)  |        0|     0|       ~0|       3|    0|
+-----------------+---------+------+---------+--------+-----+

+ Detail: 
    * Instance: 
    +---------------------------+---------------------+---------+----+---+-----+-----+
    |          Instance         |        Module       | BRAM_18K| DSP| FF| LUT | URAM|
    +---------------------------+---------------------+---------+----+---+-----+-----+
    |mul_16s_10ns_26_1_0_U2700  |mul_16s_10ns_26_1_0  |        0|   0|  0|  222|    0|
    |mul_16s_10ns_26_1_0_U2702  |mul_16s_10ns_26_1_0  |        0|   0|  0|  222|    0|
    |mul_16s_10ns_26_1_0_U2703  |mul_16s_10ns_26_1_0  |        0|   0|  0|  222|    0|
    |mul_16s_10ns_26_1_0_U2706  |mul_16s_10ns_26_1_0  |        0|   0|  0|  222|    0|
    |mul_16s_10ns_26_1_0_U2714  |mul_16s_10ns_26_1_0  |        0|   0|  0|  222|    0|
    |mul_16s_10ns_26_1_0_U2717  |mul_16s_10ns_26_1_0  |        0|   0|  0|  222|    0|
    |mul_16s_10ns_26_1_0_U2721  |mul_16s_10ns_26_1_0  |        0|   0|  0|  222|    0|
    |mul_16s_10ns_26_1_0_U2725  |mul_16s_10ns_26_1_0  |        0|   0|  0|  222|    0|
    |mul_16s_10ns_26_1_0_U2732  |mul_16s_10ns_26_1_0  |        0|   0|  0|  222|    0|
    |mul_16s_10ns_26_1_0_U2733  |mul_16s_10ns_26_1_0  |        0|   0|  0|  222|    0|
    |mul_16s_10ns_26_1_0_U2734  |mul_16s_10ns_26_1_0  |        0|   0|  0|  222|    0|
    |mul_16s_10ns_26_1_0_U2753  |mul_16s_10ns_26_1_0  |        0|   0|  0|  222|    0|
    |mul_16s_10ns_26_1_0_U2760  |mul_16s_10ns_26_1_0  |        0|   0|  0|  222|    0|
    |mul_16s_10ns_26_1_0_U2789  |mul_16s_10ns_26_1_0  |        0|   0|  0|  222|    0|
    |mul_16s_10ns_26_1_0_U2791  |mul_16s_10ns_26_1_0  |        0|   0|  0|  222|    0|
    |mul_16s_10ns_26_1_0_U2797  |mul_16s_10ns_26_1_0  |        0|   0|  0|  222|    0|
    |mul_16s_10ns_26_1_0_U2800  |mul_16s_10ns_26_1_0  |        0|   0|  0|  222|    0|
    |mul_16s_10ns_26_1_0_U2803  |mul_16s_10ns_26_1_0  |        0|   0|  0|  222|    0|
    |mul_16s_10ns_26_1_0_U2818  |mul_16s_10ns_26_1_0  |        0|   0|  0|  222|    0|
    |mul_16s_10s_26_1_0_U2705   |mul_16s_10s_26_1_0   |        0|   0|  0|  222|    0|
    |mul_16s_10s_26_1_0_U2707   |mul_16s_10s_26_1_0   |        0|   0|  0|  222|    0|
    |mul_16s_10s_26_1_0_U2708   |mul_16s_10s_26_1_0   |        0|   0|  0|  222|    0|
    |mul_16s_10s_26_1_0_U2709   |mul_16s_10s_26_1_0   |        0|   0|  0|  222|    0|
    |mul_16s_10s_26_1_0_U2710   |mul_16s_10s_26_1_0   |        0|   0|  0|  222|    0|
    |mul_16s_10s_26_1_0_U2718   |mul_16s_10s_26_1_0   |        0|   0|  0|  222|    0|
    |mul_16s_10s_26_1_0_U2726   |mul_16s_10s_26_1_0   |        0|   0|  0|  222|    0|
    |mul_16s_10s_26_1_0_U2730   |mul_16s_10s_26_1_0   |        0|   0|  0|  222|    0|
    |mul_16s_10s_26_1_0_U2738   |mul_16s_10s_26_1_0   |        0|   0|  0|  222|    0|
    |mul_16s_10s_26_1_0_U2745   |mul_16s_10s_26_1_0   |        0|   0|  0|  222|    0|
    |mul_16s_10s_26_1_0_U2746   |mul_16s_10s_26_1_0   |        0|   0|  0|  222|    0|
    |mul_16s_10s_26_1_0_U2748   |mul_16s_10s_26_1_0   |        0|   0|  0|  222|    0|
    |mul_16s_10s_26_1_0_U2752   |mul_16s_10s_26_1_0   |        0|   0|  0|  222|    0|
    |mul_16s_10s_26_1_0_U2756   |mul_16s_10s_26_1_0   |        0|   0|  0|  222|    0|
    |mul_16s_10s_26_1_0_U2762   |mul_16s_10s_26_1_0   |        0|   0|  0|  222|    0|
    |mul_16s_10s_26_1_0_U2767   |mul_16s_10s_26_1_0   |        0|   0|  0|  222|    0|
    |mul_16s_10s_26_1_0_U2773   |mul_16s_10s_26_1_0   |        0|   0|  0|  222|    0|
    |mul_16s_10s_26_1_0_U2774   |mul_16s_10s_26_1_0   |        0|   0|  0|  222|    0|
    |mul_16s_10s_26_1_0_U2779   |mul_16s_10s_26_1_0   |        0|   0|  0|  222|    0|
    |mul_16s_10s_26_1_0_U2782   |mul_16s_10s_26_1_0   |        0|   0|  0|  222|    0|
    |mul_16s_10s_26_1_0_U2785   |mul_16s_10s_26_1_0   |        0|   0|  0|  222|    0|
    |mul_16s_10s_26_1_0_U2786   |mul_16s_10s_26_1_0   |        0|   0|  0|  222|    0|
    |mul_16s_10s_26_1_0_U2790   |mul_16s_10s_26_1_0   |        0|   0|  0|  222|    0|
    |mul_16s_10s_26_1_0_U2792   |mul_16s_10s_26_1_0   |        0|   0|  0|  222|    0|
    |mul_16s_10s_26_1_0_U2804   |mul_16s_10s_26_1_0   |        0|   0|  0|  222|    0|
    |mul_16s_10s_26_1_0_U2805   |mul_16s_10s_26_1_0   |        0|   0|  0|  222|    0|
    |mul_16s_10s_26_1_0_U2806   |mul_16s_10s_26_1_0   |        0|   0|  0|  222|    0|
    |mul_16s_10s_26_1_0_U2808   |mul_16s_10s_26_1_0   |        0|   0|  0|  222|    0|
    |mul_16s_10s_26_1_0_U2811   |mul_16s_10s_26_1_0   |        0|   0|  0|  222|    0|
    |mul_16s_10s_26_1_0_U2816   |mul_16s_10s_26_1_0   |        0|   0|  0|  222|    0|
    |mul_16s_10s_26_1_0_U2825   |mul_16s_10s_26_1_0   |        0|   0|  0|  222|    0|
    |mul_16s_10s_26_1_0_U2826   |mul_16s_10s_26_1_0   |        0|   0|  0|  222|    0|
    |mul_16s_11ns_26_1_0_U2712  |mul_16s_11ns_26_1_0  |        0|   0|  0|  255|    0|
    |mul_16s_11ns_26_1_0_U2713  |mul_16s_11ns_26_1_0  |        0|   0|  0|  255|    0|
    |mul_16s_11ns_26_1_0_U2724  |mul_16s_11ns_26_1_0  |        0|   0|  0|  255|    0|
    |mul_16s_11ns_26_1_0_U2728  |mul_16s_11ns_26_1_0  |        0|   0|  0|  255|    0|
    |mul_16s_11ns_26_1_0_U2739  |mul_16s_11ns_26_1_0  |        0|   0|  0|  255|    0|
    |mul_16s_11ns_26_1_0_U2751  |mul_16s_11ns_26_1_0  |        0|   0|  0|  255|    0|
    |mul_16s_11ns_26_1_0_U2780  |mul_16s_11ns_26_1_0  |        0|   0|  0|  255|    0|
    |mul_16s_11ns_26_1_0_U2787  |mul_16s_11ns_26_1_0  |        0|   0|  0|  255|    0|
    |mul_16s_11ns_26_1_0_U2788  |mul_16s_11ns_26_1_0  |        0|   0|  0|  255|    0|
    |mul_16s_11ns_26_1_0_U2794  |mul_16s_11ns_26_1_0  |        0|   0|  0|  255|    0|
    |mul_16s_11s_26_1_0_U2719   |mul_16s_11s_26_1_0   |        0|   0|  0|  255|    0|
    |mul_16s_11s_26_1_0_U2723   |mul_16s_11s_26_1_0   |        0|   0|  0|  255|    0|
    |mul_16s_11s_26_1_0_U2759   |mul_16s_11s_26_1_0   |        0|   0|  0|  255|    0|
    |mul_16s_11s_26_1_0_U2776   |mul_16s_11s_26_1_0   |        0|   0|  0|  255|    0|
    |mul_16s_11s_26_1_0_U2793   |mul_16s_11s_26_1_0   |        0|   0|  0|  255|    0|
    |mul_16s_11s_26_1_0_U2801   |mul_16s_11s_26_1_0   |        0|   0|  0|  255|    0|
    |mul_16s_11s_26_1_0_U2813   |mul_16s_11s_26_1_0   |        0|   0|  0|  255|    0|
    |mul_16s_11s_26_1_0_U2817   |mul_16s_11s_26_1_0   |        0|   0|  0|  255|    0|
    |mul_16s_11s_26_1_0_U2820   |mul_16s_11s_26_1_0   |        0|   0|  0|  255|    0|
    |mul_16s_11s_26_1_0_U2823   |mul_16s_11s_26_1_0   |        0|   0|  0|  255|    0|
    |mul_16s_12ns_26_1_0_U2768  |mul_16s_12ns_26_1_0  |        0|   0|  0|  395|    0|
    |mul_16s_12s_26_1_0_U2795   |mul_16s_12s_26_1_0   |        0|   0|  0|  395|    0|
    |mul_16s_12s_26_1_0_U2812   |mul_16s_12s_26_1_0   |        0|   0|  0|  395|    0|
    |mul_16s_6ns_22_1_0_U2704   |mul_16s_6ns_22_1_0   |        0|   0|  0|  126|    0|
    |mul_16s_6ns_22_1_0_U2729   |mul_16s_6ns_22_1_0   |        0|   0|  0|  126|    0|
    |mul_16s_6s_22_1_0_U2731    |mul_16s_6s_22_1_0    |        0|   0|  0|  126|    0|
    |mul_16s_6s_22_1_0_U2755    |mul_16s_6s_22_1_0    |        0|   0|  0|  126|    0|
    |mul_16s_6s_22_1_0_U2821    |mul_16s_6s_22_1_0    |        0|   0|  0|  126|    0|
    |mul_16s_7ns_23_1_0_U2770   |mul_16s_7ns_23_1_0   |        0|   0|  0|  149|    0|
    |mul_16s_7ns_23_1_0_U2824   |mul_16s_7ns_23_1_0   |        0|   0|  0|  149|    0|
    |mul_16s_7s_23_1_0_U2711    |mul_16s_7s_23_1_0    |        0|   0|  0|  149|    0|
    |mul_16s_7s_23_1_0_U2757    |mul_16s_7s_23_1_0    |        0|   0|  0|  149|    0|
    |mul_16s_8ns_24_1_0_U2716   |mul_16s_8ns_24_1_0   |        0|   0|  0|  195|    0|
    |mul_16s_8ns_24_1_0_U2741   |mul_16s_8ns_24_1_0   |        0|   0|  0|  195|    0|
    |mul_16s_8ns_24_1_0_U2743   |mul_16s_8ns_24_1_0   |        0|   0|  0|  195|    0|
    |mul_16s_8ns_24_1_0_U2761   |mul_16s_8ns_24_1_0   |        0|   0|  0|  195|    0|
    |mul_16s_8ns_24_1_0_U2763   |mul_16s_8ns_24_1_0   |        0|   0|  0|  195|    0|
    |mul_16s_8ns_24_1_0_U2771   |mul_16s_8ns_24_1_0   |        0|   0|  0|  195|    0|
    |mul_16s_8ns_24_1_0_U2809   |mul_16s_8ns_24_1_0   |        0|   0|  0|  195|    0|
    |mul_16s_8s_24_1_0_U2701    |mul_16s_8s_24_1_0    |        0|   0|  0|  195|    0|
    |mul_16s_8s_24_1_0_U2742    |mul_16s_8s_24_1_0    |        0|   0|  0|  195|    0|
    |mul_16s_8s_24_1_0_U2765    |mul_16s_8s_24_1_0    |        0|   0|  0|  195|    0|
    |mul_16s_8s_24_1_0_U2772    |mul_16s_8s_24_1_0    |        0|   0|  0|  195|    0|
    |mul_16s_8s_24_1_0_U2775    |mul_16s_8s_24_1_0    |        0|   0|  0|  195|    0|
    |mul_16s_8s_24_1_0_U2777    |mul_16s_8s_24_1_0    |        0|   0|  0|  195|    0|
    |mul_16s_8s_24_1_0_U2778    |mul_16s_8s_24_1_0    |        0|   0|  0|  195|    0|
    |mul_16s_8s_24_1_0_U2781    |mul_16s_8s_24_1_0    |        0|   0|  0|  195|    0|
    |mul_16s_8s_24_1_0_U2799    |mul_16s_8s_24_1_0    |        0|   0|  0|  195|    0|
    |mul_16s_9ns_25_1_0_U2715   |mul_16s_9ns_25_1_0   |        0|   0|  0|  219|    0|
    |mul_16s_9ns_25_1_0_U2722   |mul_16s_9ns_25_1_0   |        0|   0|  0|  219|    0|
    |mul_16s_9ns_25_1_0_U2735   |mul_16s_9ns_25_1_0   |        0|   0|  0|  219|    0|
    |mul_16s_9ns_25_1_0_U2736   |mul_16s_9ns_25_1_0   |        0|   0|  0|  219|    0|
    |mul_16s_9ns_25_1_0_U2744   |mul_16s_9ns_25_1_0   |        0|   0|  0|  219|    0|
    |mul_16s_9ns_25_1_0_U2758   |mul_16s_9ns_25_1_0   |        0|   0|  0|  219|    0|
    |mul_16s_9ns_25_1_0_U2796   |mul_16s_9ns_25_1_0   |        0|   0|  0|  219|    0|
    |mul_16s_9ns_25_1_0_U2814   |mul_16s_9ns_25_1_0   |        0|   0|  0|  219|    0|
    |mul_16s_9ns_25_1_0_U2815   |mul_16s_9ns_25_1_0   |        0|   0|  0|  219|    0|
    |mul_16s_9s_25_1_0_U2720    |mul_16s_9s_25_1_0    |        0|   0|  0|  219|    0|
    |mul_16s_9s_25_1_0_U2727    |mul_16s_9s_25_1_0    |        0|   0|  0|  219|    0|
    |mul_16s_9s_25_1_0_U2737    |mul_16s_9s_25_1_0    |        0|   0|  0|  219|    0|
    |mul_16s_9s_25_1_0_U2740    |mul_16s_9s_25_1_0    |        0|   0|  0|  219|    0|
    |mul_16s_9s_25_1_0_U2747    |mul_16s_9s_25_1_0    |        0|   0|  0|  219|    0|
    |mul_16s_9s_25_1_0_U2749    |mul_16s_9s_25_1_0    |        0|   0|  0|  219|    0|
    |mul_16s_9s_25_1_0_U2750    |mul_16s_9s_25_1_0    |        0|   0|  0|  219|    0|
    |mul_16s_9s_25_1_0_U2754    |mul_16s_9s_25_1_0    |        0|   0|  0|  219|    0|
    |mul_16s_9s_25_1_0_U2764    |mul_16s_9s_25_1_0    |        0|   0|  0|  219|    0|
    |mul_16s_9s_25_1_0_U2766    |mul_16s_9s_25_1_0    |        0|   0|  0|  219|    0|
    |mul_16s_9s_25_1_0_U2769    |mul_16s_9s_25_1_0    |        0|   0|  0|  219|    0|
    |mul_16s_9s_25_1_0_U2783    |mul_16s_9s_25_1_0    |        0|   0|  0|  219|    0|
    |mul_16s_9s_25_1_0_U2784    |mul_16s_9s_25_1_0    |        0|   0|  0|  219|    0|
    |mul_16s_9s_25_1_0_U2798    |mul_16s_9s_25_1_0    |        0|   0|  0|  219|    0|
    |mul_16s_9s_25_1_0_U2802    |mul_16s_9s_25_1_0    |        0|   0|  0|  219|    0|
    |mul_16s_9s_25_1_0_U2807    |mul_16s_9s_25_1_0    |        0|   0|  0|  219|    0|
    |mul_16s_9s_25_1_0_U2810    |mul_16s_9s_25_1_0    |        0|   0|  0|  219|    0|
    |mul_16s_9s_25_1_0_U2819    |mul_16s_9s_25_1_0    |        0|   0|  0|  219|    0|
    |mul_16s_9s_25_1_0_U2822    |mul_16s_9s_25_1_0    |        0|   0|  0|  219|    0|
    +---------------------------+---------------------+---------+----+---+-----+-----+
    |Total                      |                     |        0|   0|  0|28085|    0|
    +---------------------------+---------------------+---------+----+---+-----+-----+

    * DSP: 
    N/A

    * Memory: 
    N/A

    * FIFO: 
    N/A

    * Expression: 
    +----------------------------+----------+----+---+----+------------+------------+
    |        Variable Name       | Operation| DSP| FF| LUT| Bitwidth P0| Bitwidth P1|
    +----------------------------+----------+----+---+----+------------+------------+
    |add_ln813_3718_fu_85819_p2  |         +|   0|  0|  16|          16|          16|
    |add_ln813_3719_fu_86353_p2  |         +|   0|  0|  33|          16|          16|
    |add_ln813_3720_fu_86357_p2  |         +|   0|  0|  33|          16|          16|
    |add_ln813_3721_fu_85825_p2  |         +|   0|  0|  16|          16|          16|
    |add_ln813_3722_fu_86361_p2  |         +|   0|  0|  33|          16|          16|
    |add_ln813_3723_fu_86366_p2  |         +|   0|  0|  33|          16|          16|
    |add_ln813_3724_fu_85831_p2  |         +|   0|  0|  16|          16|          16|
    |add_ln813_3725_fu_85837_p2  |         +|   0|  0|  16|          16|          16|
    |add_ln813_3726_fu_86372_p2  |         +|   0|  0|  33|          16|          16|
    |add_ln813_3727_fu_86376_p2  |         +|   0|  0|  33|          16|          16|
    |add_ln813_3728_fu_85843_p2  |         +|   0|  0|  16|          16|          16|
    |add_ln813_3729_fu_86380_p2  |         +|   0|  0|  33|          16|          16|
    |add_ln813_3730_fu_86385_p2  |         +|   0|  0|  33|          16|          16|
    |add_ln813_3731_fu_86391_p2  |         +|   0|  0|  33|          16|          16|
    |add_ln813_3732_fu_86397_p2  |         +|   0|  0|  33|          16|          16|
    |add_ln813_3733_fu_85849_p2  |         +|   0|  0|  16|          16|          16|
    |add_ln813_3734_fu_86402_p2  |         +|   0|  0|  33|          16|          16|
    |add_ln813_3735_fu_85855_p2  |         +|   0|  0|  15|          15|          15|
    |add_ln813_3736_fu_85865_p2  |         +|   0|  0|  15|          15|          15|
    |add_ln813_3737_fu_85875_p2  |         +|   0|  0|  16|          16|          16|
    |add_ln813_3738_fu_86407_p2  |         +|   0|  0|  33|          16|          16|
    |add_ln813_3739_fu_85881_p2  |         +|   0|  0|  29|          14|          14|
    |add_ln813_3740_fu_85887_p2  |         +|   0|  0|  12|          12|          12|
    |add_ln813_3741_fu_85897_p2  |         +|   0|  0|  29|          14|          14|
    |add_ln813_3742_fu_85907_p2  |         +|   0|  0|  23|          11|           8|
    |add_ln813_3743_fu_85913_p2  |         +|   0|  0|   9|           9|           9|
    |add_ln813_3744_fu_85923_p2  |         +|   0|  0|  23|          11|          11|
    |add_ln813_3745_fu_85933_p2  |         +|   0|  0|  15|          15|          15|
    |add_ln813_3746_fu_86415_p2  |         +|   0|  0|  33|          16|          16|
    |add_ln813_3747_fu_86421_p2  |         +|   0|  0|  33|          16|          16|
    |add_ln813_3748_fu_85939_p2  |         +|   0|  0|  16|          16|          16|
    |add_ln813_3749_fu_85945_p2  |         +|   0|  0|  16|          16|          16|
    |add_ln813_3750_fu_86427_p2  |         +|   0|  0|  33|          16|          16|
    |add_ln813_3751_fu_86431_p2  |         +|   0|  0|  33|          16|          16|
    |add_ln813_3752_fu_85951_p2  |         +|   0|  0|  16|          16|          16|
    |add_ln813_3753_fu_86435_p2  |         +|   0|  0|  33|          16|          16|
    |add_ln813_3754_fu_86440_p2  |         +|   0|  0|  33|          16|          16|
    |add_ln813_3755_fu_85957_p2  |         +|   0|  0|  16|          16|          16|
    |add_ln813_3756_fu_85963_p2  |         +|   0|  0|  16|          16|          16|
    |add_ln813_3757_fu_86446_p2  |         +|   0|  0|  33|          16|          16|
    |add_ln813_3758_fu_86450_p2  |         +|   0|  0|  33|          16|          16|
    |add_ln813_3759_fu_85969_p2  |         +|   0|  0|  16|          16|          16|
    |add_ln813_3760_fu_86454_p2  |         +|   0|  0|  33|          16|          16|
    |add_ln813_3761_fu_86459_p2  |         +|   0|  0|  33|          16|          16|
    |add_ln813_3762_fu_86465_p2  |         +|   0|  0|  33|          16|          16|
    |add_ln813_3763_fu_86471_p2  |         +|   0|  0|  33|          16|          16|
    |add_ln813_3764_fu_85975_p2  |         +|   0|  0|  16|          16|          16|
    |add_ln813_3765_fu_86477_p2  |         +|   0|  0|  33|          16|          16|
    |add_ln813_3766_fu_86482_p2  |         +|   0|  0|  33|          16|          16|
    |add_ln813_3767_fu_85981_p2  |         +|   0|  0|  15|          15|          15|
    |add_ln813_3768_fu_86491_p2  |         +|   0|  0|  33|          16|          16|
    |add_ln813_3769_fu_86497_p2  |         +|   0|  0|  33|          16|          16|
    |add_ln813_3770_fu_85987_p2  |         +|   0|  0|  15|          15|          15|
    |add_ln813_3771_fu_85993_p2  |         +|   0|  0|  14|          14|          14|
    |add_ln813_3772_fu_86509_p2  |         +|   0|  0|  33|          16|          16|
    |add_ln813_3773_fu_85999_p2  |         +|   0|  0|  27|          13|          13|
    |add_ln813_3774_fu_86005_p2  |         +|   0|  0|   8|           8|           8|
    |add_ln813_3775_fu_86015_p2  |         +|   0|  0|   9|           9|           7|
    |add_ln813_3776_fu_86025_p2  |         +|   0|  0|  27|          13|          13|
    |add_ln813_3777_fu_86518_p2  |         +|   0|  0|  33|          16|          16|
    |add_ln813_3778_fu_86524_p2  |         +|   0|  0|  33|          16|          16|
    |add_ln813_3779_fu_86530_p2  |         +|   0|  0|  33|          16|          16|
    |add_ln813_3780_fu_86031_p2  |         +|   0|  0|  16|          16|          16|
    |add_ln813_3781_fu_86037_p2  |         +|   0|  0|  16|          16|          16|
    |add_ln813_3782_fu_86536_p2  |         +|   0|  0|  33|          16|          16|
    |add_ln813_3783_fu_86540_p2  |         +|   0|  0|  33|          16|          16|
    |add_ln813_3784_fu_86043_p2  |         +|   0|  0|  16|          16|          16|
    |add_ln813_3785_fu_86544_p2  |         +|   0|  0|  33|          16|          16|
    |add_ln813_3786_fu_86549_p2  |         +|   0|  0|  33|          16|          16|
    |add_ln813_3787_fu_86049_p2  |         +|   0|  0|  16|          16|          16|
    |add_ln813_3788_fu_86055_p2  |         +|   0|  0|  16|          16|          16|
    |add_ln813_3789_fu_86555_p2  |         +|   0|  0|  33|          16|          16|
    |add_ln813_3790_fu_86559_p2  |         +|   0|  0|  33|          16|          16|
    |add_ln813_3791_fu_86061_p2  |         +|   0|  0|  16|          16|          16|
    |add_ln813_3792_fu_86563_p2  |         +|   0|  0|  33|          16|          16|
    |add_ln813_3793_fu_86568_p2  |         +|   0|  0|  33|          16|          16|
    |add_ln813_3794_fu_86574_p2  |         +|   0|  0|  33|          16|          16|
    |add_ln813_3795_fu_86580_p2  |         +|   0|  0|  33|          16|          16|
    |add_ln813_3796_fu_86067_p2  |         +|   0|  0|  16|          16|          16|
    |add_ln813_3797_fu_86586_p2  |         +|   0|  0|  33|          16|          16|
    |add_ln813_3798_fu_86591_p2  |         +|   0|  0|  33|          16|          16|
    |add_ln813_3799_fu_86073_p2  |         +|   0|  0|  16|          16|          16|
    |add_ln813_3800_fu_86597_p2  |         +|   0|  0|  33|          16|          16|
    |add_ln813_3801_fu_86602_p2  |         +|   0|  0|  33|          16|          16|
    |add_ln813_3802_fu_86079_p2  |         +|   0|  0|  15|          15|          15|
    |add_ln813_3803_fu_86085_p2  |         +|   0|  0|  15|          15|          15|
    |add_ln813_3804_fu_86614_p2  |         +|   0|  0|  33|          16|          16|
    |add_ln813_3805_fu_86091_p2  |         +|   0|  0|  14|          14|          14|
    |add_ln813_3806_fu_86101_p2  |         +|   0|  0|   8|           8|           7|
    |add_ln813_3807_fu_86111_p2  |         +|   0|  0|  12|          12|          12|
    |add_ln813_3808_fu_86121_p2  |         +|   0|  0|  15|          15|          15|
    |add_ln813_3809_fu_86623_p2  |         +|   0|  0|  33|          16|          16|
    |add_ln813_3810_fu_86629_p2  |         +|   0|  0|  33|          16|          16|
    |add_ln813_3811_fu_86635_p2  |         +|   0|  0|  33|          16|          16|
    |add_ln813_3812_fu_86127_p2  |         +|   0|  0|  16|          16|          16|
    |add_ln813_3813_fu_86133_p2  |         +|   0|  0|  16|          16|          16|
    |add_ln813_3814_fu_86641_p2  |         +|   0|  0|  33|          16|          16|
    |add_ln813_3815_fu_86645_p2  |         +|   0|  0|  33|          16|          16|
    |add_ln813_3816_fu_86139_p2  |         +|   0|  0|  16|          16|          16|
    |add_ln813_3817_fu_86649_p2  |         +|   0|  0|  33|          16|          16|
    |add_ln813_3818_fu_86654_p2  |         +|   0|  0|  33|          16|          16|
    |add_ln813_3819_fu_86145_p2  |         +|   0|  0|  16|          16|          16|
    |add_ln813_3820_fu_86151_p2  |         +|   0|  0|  16|          16|          16|
    |add_ln813_3821_fu_86660_p2  |         +|   0|  0|  33|          16|          16|
    |add_ln813_3822_fu_86664_p2  |         +|   0|  0|  33|          16|          16|
    |add_ln813_3823_fu_86157_p2  |         +|   0|  0|  16|          16|          16|
    |add_ln813_3824_fu_86668_p2  |         +|   0|  0|  33|          16|          16|
    |add_ln813_3825_fu_86673_p2  |         +|   0|  0|  33|          16|          16|
    |add_ln813_3826_fu_86679_p2  |         +|   0|  0|  33|          16|          16|
    |add_ln813_3827_fu_86685_p2  |         +|   0|  0|  33|          16|          16|
    |add_ln813_3828_fu_86163_p2  |         +|   0|  0|  16|          16|          16|
    |add_ln813_3829_fu_86690_p2  |         +|   0|  0|  33|          16|          16|
    |add_ln813_3830_fu_86695_p2  |         +|   0|  0|  33|          16|          16|
    |add_ln813_3831_fu_86169_p2  |         +|   0|  0|  16|          16|          16|
    |add_ln813_3832_fu_86701_p2  |         +|   0|  0|  33|          16|          16|
    |add_ln813_3833_fu_86706_p2  |         +|   0|  0|  33|          16|          16|
    |add_ln813_3834_fu_86175_p2  |         +|   0|  0|  15|          15|          15|
    |add_ln813_3835_fu_86181_p2  |         +|   0|  0|  15|          15|          15|
    |add_ln813_3836_fu_86718_p2  |         +|   0|  0|  33|          16|          16|
    |add_ln813_3837_fu_86187_p2  |         +|   0|  0|  31|          15|          15|
    |add_ln813_3838_fu_86193_p2  |         +|   0|  0|   8|           8|           5|
    |add_ln813_3839_fu_86203_p2  |         +|   0|  0|  31|          15|          15|
    |add_ln813_3840_fu_86727_p2  |         +|   0|  0|  33|          16|          16|
    |add_ln813_3841_fu_86733_p2  |         +|   0|  0|  33|          16|          16|
    |add_ln813_3842_fu_86739_p2  |         +|   0|  0|  33|          16|          16|
    |add_ln813_3843_fu_86209_p2  |         +|   0|  0|  16|          16|          16|
    |add_ln813_3844_fu_86215_p2  |         +|   0|  0|  16|          16|          16|
    |add_ln813_3845_fu_86745_p2  |         +|   0|  0|  33|          16|          16|
    |add_ln813_3846_fu_86749_p2  |         +|   0|  0|  33|          16|          16|
    |add_ln813_3847_fu_86221_p2  |         +|   0|  0|  16|          16|          16|
    |add_ln813_3848_fu_86753_p2  |         +|   0|  0|  33|          16|          16|
    |add_ln813_3849_fu_86758_p2  |         +|   0|  0|  33|          16|          16|
    |add_ln813_3850_fu_86227_p2  |         +|   0|  0|  16|          16|          16|
    |add_ln813_3851_fu_86233_p2  |         +|   0|  0|  16|          16|          16|
    |add_ln813_3852_fu_86764_p2  |         +|   0|  0|  33|          16|          16|
    |add_ln813_3853_fu_86768_p2  |         +|   0|  0|  33|          16|          16|
    |add_ln813_3854_fu_86239_p2  |         +|   0|  0|  16|          16|          16|
    |add_ln813_3855_fu_86772_p2  |         +|   0|  0|  33|          16|          16|
    |add_ln813_3856_fu_86777_p2  |         +|   0|  0|  33|          16|          16|
    |add_ln813_3857_fu_86783_p2  |         +|   0|  0|  33|          16|          16|
    |add_ln813_3858_fu_86789_p2  |         +|   0|  0|  33|          16|          16|
    |add_ln813_3859_fu_86245_p2  |         +|   0|  0|  16|          16|          16|
    |add_ln813_3860_fu_86795_p2  |         +|   0|  0|  33|          16|          16|
    |add_ln813_3861_fu_86800_p2  |         +|   0|  0|  33|          16|          16|
    |add_ln813_3862_fu_86251_p2  |         +|   0|  0|  16|          16|          16|
    |add_ln813_3863_fu_86806_p2  |         +|   0|  0|  33|          16|          16|
    |add_ln813_3864_fu_86811_p2  |         +|   0|  0|  33|          16|          16|
    |add_ln813_3865_fu_86257_p2  |         +|   0|  0|  15|          15|          15|
    |add_ln813_3866_fu_86263_p2  |         +|   0|  0|  14|          14|          14|
    |add_ln813_3867_fu_86823_p2  |         +|   0|  0|  33|          16|          16|
    |add_ln813_3868_fu_86269_p2  |         +|   0|  0|  13|          13|          13|
    |add_ln813_3869_fu_86279_p2  |         +|   0|  0|   8|           8|           6|
    |add_ln813_3870_fu_86289_p2  |         +|   0|  0|  11|          11|          11|
    |add_ln813_3871_fu_86299_p2  |         +|   0|  0|  14|          14|          14|
    |add_ln813_3872_fu_86832_p2  |         +|   0|  0|  33|          16|          16|
    |add_ln813_3873_fu_86838_p2  |         +|   0|  0|  33|          16|          16|
    |add_ln813_3874_fu_86844_p2  |         +|   0|  0|  33|          16|          16|
    |add_ln813_fu_85813_p2       |         +|   0|  0|  16|          16|          16|
    |r_V_3277_fu_83660_p2        |         +|   0|  0|  24|          24|          24|
    |r_V_3319_fu_84518_p2        |         +|   0|  0|  26|          26|          26|
    |r_V_3322_fu_84600_p2        |         +|   0|  0|  21|          21|          21|
    |r_V_3347_fu_85307_p2        |         +|   0|  0|  24|          24|          24|
    |r_V_3267_fu_83394_p2        |         -|   0|  0|  25|          25|          25|
    |r_V_3272_fu_83500_p2        |         -|   0|  0|  49|          24|          24|
    |r_V_3276_fu_83600_p2        |         -|   0|  0|  20|          20|          20|
    |r_V_3282_fu_83768_p2        |         -|   0|  0|  20|          20|          20|
    |r_V_3295_fu_84025_p2        |         -|   0|  0|  26|          26|          26|
    |r_V_3297_fu_84051_p2        |         -|   0|  0|  26|           1|          26|
    |r_V_3299_fu_84115_p2        |         -|   0|  0|  26|          26|          26|
    |r_V_3308_fu_84274_p2        |         -|   0|  0|  18|           1|          18|
    |r_V_3312_fu_84366_p2        |         -|   0|  0|  25|          25|          25|
    |r_V_3317_fu_84476_p2        |         -|   0|  0|  21|          21|          21|
    |r_V_3320_fu_84534_p2        |         -|   0|  0|  18|           1|          18|
    |r_V_3328_fu_84734_p2        |         -|   0|  0|  43|          21|          21|
    |r_V_3332_fu_84812_p2        |         -|   0|  0|  17|           1|          17|
    |r_V_3333_fu_84875_p2        |         -|   0|  0|  17|           1|          17|
    |r_V_3335_fu_84917_p2        |         -|   0|  0|  23|          23|          23|
    |r_V_3336_fu_84991_p2        |         -|   0|  0|  26|          26|          26|
    |r_V_3339_fu_85051_p2        |         -|   0|  0|  17|           1|          17|
    |r_V_3340_fu_85108_p2        |         -|   0|  0|  53|          26|          26|
    |r_V_3342_fu_85158_p2        |         -|   0|  0|  24|          24|          24|
    |r_V_3346_fu_85267_p2        |         -|   0|  0|  26|          26|          26|
    |r_V_3352_fu_85407_p2        |         -|   0|  0|  26|          26|          26|
    |r_V_3359_fu_85570_p2        |         -|   0|  0|  23|          23|          23|
    |r_V_3367_fu_85700_p2        |         -|   0|  0|  18|           1|          18|
    |r_V_fu_82978_p2             |         -|   0|  0|  23|          23|          23|
    |sub_ln1273_796_fu_84716_p2  |         -|   0|  0|  43|           1|          21|
    |sub_ln1273_803_fu_85090_p2  |         -|   0|  0|  53|           1|          26|
    |sub_ln1273_fu_83494_p2      |         -|   0|  0|  49|           1|          24|
    +----------------------------+----------+----+---+----+------------+------------+
    |Total                       |          |   0|  0|4851|        2935|        3116|
    +----------------------------+----------+----+---+----+------------+------------+

    * Multiplexer: 
    +-------------+----+-----------+-----+-----------+
    |     Name    | LUT| Input Size| Bits| Total Bits|
    +-------------+----+-----------+-----+-----------+
    |ap_return_0  |  16|          3|   16|         48|
    |ap_return_1  |  16|          3|   16|         48|
    |ap_return_2  |  16|          3|   16|         48|
    |ap_return_3  |  16|          3|   16|         48|
    |ap_return_4  |  16|          3|   16|         48|
    +-------------+----+-----------+-----+-----------+
    |Total        |  80|         15|   80|        240|
    +-------------+----+-----------+-----+-----------+

    * Register: 
    +---------------------------+----+----+-----+-----------+
    |            Name           | FF | LUT| Bits| Const Bits|
    +---------------------------+----+----+-----+-----------+
    |add_ln813_3718_reg_87075   |  16|   0|   16|          0|
    |add_ln813_3721_reg_87080   |  16|   0|   16|          0|
    |add_ln813_3724_reg_87085   |  16|   0|   16|          0|
    |add_ln813_3725_reg_87090   |  16|   0|   16|          0|
    |add_ln813_3728_reg_87095   |  16|   0|   16|          0|
    |add_ln813_3733_reg_87100   |  16|   0|   16|          0|
    |add_ln813_3737_reg_87105   |  16|   0|   16|          0|
    |add_ln813_3745_reg_87110   |  15|   0|   15|          0|
    |add_ln813_3748_reg_87115   |  16|   0|   16|          0|
    |add_ln813_3749_reg_87120   |  16|   0|   16|          0|
    |add_ln813_3752_reg_87125   |  16|   0|   16|          0|
    |add_ln813_3755_reg_87130   |  16|   0|   16|          0|
    |add_ln813_3756_reg_87135   |  16|   0|   16|          0|
    |add_ln813_3759_reg_87140   |  16|   0|   16|          0|
    |add_ln813_3764_reg_87145   |  16|   0|   16|          0|
    |add_ln813_3767_reg_87150   |  15|   0|   15|          0|
    |add_ln813_3770_reg_87155   |  15|   0|   15|          0|
    |add_ln813_3771_reg_87160   |  14|   0|   14|          0|
    |add_ln813_3776_reg_87165   |  13|   0|   13|          0|
    |add_ln813_3780_reg_87170   |  16|   0|   16|          0|
    |add_ln813_3781_reg_87175   |  16|   0|   16|          0|
    |add_ln813_3784_reg_87180   |  16|   0|   16|          0|
    |add_ln813_3787_reg_87185   |  16|   0|   16|          0|
    |add_ln813_3788_reg_87190   |  16|   0|   16|          0|
    |add_ln813_3791_reg_87195   |  16|   0|   16|          0|
    |add_ln813_3796_reg_87200   |  16|   0|   16|          0|
    |add_ln813_3799_reg_87205   |  16|   0|   16|          0|
    |add_ln813_3802_reg_87210   |  15|   0|   15|          0|
    |add_ln813_3803_reg_87215   |  15|   0|   15|          0|
    |add_ln813_3808_reg_87220   |  15|   0|   15|          0|
    |add_ln813_3812_reg_87225   |  16|   0|   16|          0|
    |add_ln813_3813_reg_87230   |  16|   0|   16|          0|
    |add_ln813_3816_reg_87235   |  16|   0|   16|          0|
    |add_ln813_3819_reg_87240   |  16|   0|   16|          0|
    |add_ln813_3820_reg_87245   |  16|   0|   16|          0|
    |add_ln813_3823_reg_87250   |  16|   0|   16|          0|
    |add_ln813_3828_reg_87255   |  16|   0|   16|          0|
    |add_ln813_3831_reg_87260   |  16|   0|   16|          0|
    |add_ln813_3834_reg_87265   |  15|   0|   15|          0|
    |add_ln813_3835_reg_87270   |  15|   0|   15|          0|
    |add_ln813_3839_reg_87275   |  15|   0|   15|          0|
    |add_ln813_3843_reg_87280   |  16|   0|   16|          0|
    |add_ln813_3844_reg_87285   |  16|   0|   16|          0|
    |add_ln813_3847_reg_87290   |  16|   0|   16|          0|
    |add_ln813_3850_reg_87295   |  16|   0|   16|          0|
    |add_ln813_3851_reg_87300   |  16|   0|   16|          0|
    |add_ln813_3854_reg_87305   |  16|   0|   16|          0|
    |add_ln813_3859_reg_87310   |  16|   0|   16|          0|
    |add_ln813_3862_reg_87315   |  16|   0|   16|          0|
    |add_ln813_3865_reg_87320   |  15|   0|   15|          0|
    |add_ln813_3866_reg_87325   |  14|   0|   14|          0|
    |add_ln813_3871_reg_87330   |  14|   0|   14|          0|
    |add_ln813_reg_87070        |  16|   0|   16|          0|
    |ap_ce_reg                  |   1|   0|    1|          0|
    |ap_return_0_int_reg        |  16|   0|   16|          0|
    |ap_return_1_int_reg        |  16|   0|   16|          0|
    |ap_return_2_int_reg        |  16|   0|   16|          0|
    |ap_return_3_int_reg        |  16|   0|   16|          0|
    |ap_return_4_int_reg        |  16|   0|   16|          0|
    |trunc_ln818_105_reg_87005  |  15|   0|   15|          0|
    |trunc_ln818_111_reg_87010  |  16|   0|   16|          0|
    |trunc_ln818_11_reg_86885   |  15|   0|   15|          0|
    |trunc_ln818_120_reg_87015  |  16|   0|   16|          0|
    |trunc_ln818_122_reg_87020  |  16|   0|   16|          0|
    |trunc_ln818_123_reg_87025  |  16|   0|   16|          0|
    |trunc_ln818_125_reg_87030  |  16|   0|   16|          0|
    |trunc_ln818_128_reg_87035  |  16|   0|   16|          0|
    |trunc_ln818_129_reg_87040  |  16|   0|   16|          0|
    |trunc_ln818_131_reg_87045  |  16|   0|   16|          0|
    |trunc_ln818_136_reg_87050  |  16|   0|   16|          0|
    |trunc_ln818_143_reg_87055  |  16|   0|   16|          0|
    |trunc_ln818_149_reg_87060  |  16|   0|   16|          0|
    |trunc_ln818_152_reg_87065  |  16|   0|   16|          0|
    |trunc_ln818_16_reg_86890   |  15|   0|   15|          0|
    |trunc_ln818_18_reg_86895   |  15|   0|   15|          0|
    |trunc_ln818_19_reg_86900   |  15|   0|   15|          0|
    |trunc_ln818_22_reg_86905   |  15|   0|   15|          0|
    |trunc_ln818_23_reg_86910   |  15|   0|   15|          0|
    |trunc_ln818_25_reg_86915   |  14|   0|   14|          0|
    |trunc_ln818_29_reg_86920   |  16|   0|   16|          0|
    |trunc_ln818_34_reg_86925   |  16|   0|   16|          0|
    |trunc_ln818_35_reg_86930   |  15|   0|   15|          0|
    |trunc_ln818_36_reg_86935   |  16|   0|   16|          0|
    |trunc_ln818_41_reg_86940   |  16|   0|   16|          0|
    |trunc_ln818_52_reg_86945   |  16|   0|   16|          0|
    |trunc_ln818_53_reg_86950   |  15|   0|   15|          0|
    |trunc_ln818_55_reg_86955   |  16|   0|   16|          0|
    |trunc_ln818_60_reg_86960   |  16|   0|   16|          0|
    |trunc_ln818_62_reg_86965   |  15|   0|   15|          0|
    |trunc_ln818_66_reg_86970   |  15|   0|   15|          0|
    |trunc_ln818_67_reg_86975   |  16|   0|   16|          0|
    |trunc_ln818_68_reg_86980   |  16|   0|   16|          0|
    |trunc_ln818_73_reg_86985   |  16|   0|   16|          0|
    |trunc_ln818_82_reg_86990   |  15|   0|   15|          0|
    |trunc_ln818_88_reg_86995   |  15|   0|   15|          0|
    |trunc_ln818_91_reg_87000   |  15|   0|   15|          0|
    |trunc_ln818_s_reg_86880    |  15|   0|   15|          0|
    +---------------------------+----+----+-----+-----------+
    |Total                      |1501|   0| 1501|          0|
    +---------------------------+----+----+-----+-----------+



================================================================
== Interface
================================================================
* Summary: 
+-------------+-----+-----+------------+-----------------------------------------------------------------------------+--------------+
|  RTL Ports  | Dir | Bits|  Protocol  |                                Source Object                                |    C Type    |
+-------------+-----+-----+------------+-----------------------------------------------------------------------------+--------------+
|ap_clk       |   in|    1|  ap_ctrl_hs|  dense_latency<ap_fixed<16, 6, 5, 3, 0>, ap_fixed<16, 6, 5, 3, 0>, config11>|  return value|
|ap_rst       |   in|    1|  ap_ctrl_hs|  dense_latency<ap_fixed<16, 6, 5, 3, 0>, ap_fixed<16, 6, 5, 3, 0>, config11>|  return value|
|ap_return_0  |  out|   16|  ap_ctrl_hs|  dense_latency<ap_fixed<16, 6, 5, 3, 0>, ap_fixed<16, 6, 5, 3, 0>, config11>|  return value|
|ap_return_1  |  out|   16|  ap_ctrl_hs|  dense_latency<ap_fixed<16, 6, 5, 3, 0>, ap_fixed<16, 6, 5, 3, 0>, config11>|  return value|
|ap_return_2  |  out|   16|  ap_ctrl_hs|  dense_latency<ap_fixed<16, 6, 5, 3, 0>, ap_fixed<16, 6, 5, 3, 0>, config11>|  return value|
|ap_return_3  |  out|   16|  ap_ctrl_hs|  dense_latency<ap_fixed<16, 6, 5, 3, 0>, ap_fixed<16, 6, 5, 3, 0>, config11>|  return value|
|ap_return_4  |  out|   16|  ap_ctrl_hs|  dense_latency<ap_fixed<16, 6, 5, 3, 0>, ap_fixed<16, 6, 5, 3, 0>, config11>|  return value|
|ap_ce        |   in|    1|  ap_ctrl_hs|  dense_latency<ap_fixed<16, 6, 5, 3, 0>, ap_fixed<16, 6, 5, 3, 0>, config11>|  return value|
|p_read       |   in|   16|     ap_none|                                                                       p_read|        scalar|
|p_read1      |   in|   16|     ap_none|                                                                      p_read1|        scalar|
|p_read2      |   in|   16|     ap_none|                                                                      p_read2|        scalar|
|p_read3      |   in|   16|     ap_none|                                                                      p_read3|        scalar|
|p_read4      |   in|   16|     ap_none|                                                                      p_read4|        scalar|
|p_read5      |   in|   16|     ap_none|                                                                      p_read5|        scalar|
|p_read6      |   in|   16|     ap_none|                                                                      p_read6|        scalar|
|p_read7      |   in|   16|     ap_none|                                                                      p_read7|        scalar|
|p_read8      |   in|   16|     ap_none|                                                                      p_read8|        scalar|
|p_read9      |   in|   16|     ap_none|                                                                      p_read9|        scalar|
|p_read10     |   in|   16|     ap_none|                                                                     p_read10|        scalar|
|p_read11     |   in|   16|     ap_none|                                                                     p_read11|        scalar|
|p_read12     |   in|   16|     ap_none|                                                                     p_read12|        scalar|
|p_read13     |   in|   16|     ap_none|                                                                     p_read13|        scalar|
|p_read14     |   in|   16|     ap_none|                                                                     p_read14|        scalar|
|p_read15     |   in|   16|     ap_none|                                                                     p_read15|        scalar|
|p_read16     |   in|   16|     ap_none|                                                                     p_read16|        scalar|
|p_read17     |   in|   16|     ap_none|                                                                     p_read17|        scalar|
|p_read18     |   in|   16|     ap_none|                                                                     p_read18|        scalar|
|p_read19     |   in|   16|     ap_none|                                                                     p_read19|        scalar|
|p_read20     |   in|   16|     ap_none|                                                                     p_read20|        scalar|
|p_read21     |   in|   16|     ap_none|                                                                     p_read21|        scalar|
|p_read22     |   in|   16|     ap_none|                                                                     p_read22|        scalar|
|p_read23     |   in|   16|     ap_none|                                                                     p_read23|        scalar|
|p_read24     |   in|   16|     ap_none|                                                                     p_read24|        scalar|
|p_read25     |   in|   16|     ap_none|                                                                     p_read25|        scalar|
|p_read26     |   in|   16|     ap_none|                                                                     p_read26|        scalar|
|p_read27     |   in|   16|     ap_none|                                                                     p_read27|        scalar|
|p_read28     |   in|   16|     ap_none|                                                                     p_read28|        scalar|
|p_read29     |   in|   16|     ap_none|                                                                     p_read29|        scalar|
|p_read30     |   in|   16|     ap_none|                                                                     p_read30|        scalar|
|p_read31     |   in|   16|     ap_none|                                                                     p_read31|        scalar|
+-------------+-----+-----+------------+-----------------------------------------------------------------------------+--------------+

============================================================
+ Verbose Summary: Synthesis Manager
============================================================
InlineROM: 1
ExposeGlobal: 0
============================================================
+ Verbose Summary: CDFG Model
============================================================
IsTopModel: 0
ResetActiveHigh: 1
IsCombinational: 2
IsDatapathOnly: 1
HasWiredReturn: 1
HasMFsm: 2
HasVarLatency: 0
IsPipeline: 1
IsRtlPipelined: 1
IsInstanceOverlapped: 0
IsDontTouch: 0
HasImplIP: 0
IsGatedGlobalClock: 0

+ Individual pipeline summary: 
  * Pipeline-0: initiation interval (II) = 1, depth = 2


============================================================
+ Verbose Summary: Schedule
============================================================
* Number of FSM states : 2
* Pipeline : 1
  Pipeline-0 : II = 1, D = 2, States = { 1 2 }
* Dataflow Pipeline: 0

* FSM state transitions: 
1 --> 2 
2 --> 

* FSM state operations: 

State 1 <SV = 0> <Delay = 3.61>
ST_1 : Operation 3 [1/1] (0.00ns)   --->   "%p_read3163 = read i16 @_ssdm_op_Read.ap_auto.i16, i16 %p_read31" [/home/kaxiotis/Vitis_Accel_Projects/vitis_accel_prj/firmware/nnet_utils/nnet_mult.h:70]   --->   Operation 3 'read' 'p_read3163' <Predicate = true> <Delay = 0.00>
ST_1 : Operation 4 [1/1] (0.00ns)   --->   "%p_read3062 = read i16 @_ssdm_op_Read.ap_auto.i16, i16 %p_read30" [/home/kaxiotis/Vitis_Accel_Projects/vitis_accel_prj/firmware/nnet_utils/nnet_mult.h:70]   --->   Operation 4 'read' 'p_read3062' <Predicate = true> <Delay = 0.00>
ST_1 : Operation 5 [1/1] (0.00ns)   --->   "%p_read_175 = read i16 @_ssdm_op_Read.ap_auto.i16, i16 %p_read29" [/home/kaxiotis/Vitis_Accel_Projects/vitis_accel_prj/firmware/nnet_utils/nnet_mult.h:70]   --->   Operation 5 'read' 'p_read_175' <Predicate = true> <Delay = 0.00>
ST_1 : Operation 6 [1/1] (0.00ns)   --->   "%p_read_176 = read i16 @_ssdm_op_Read.ap_auto.i16, i16 %p_read28" [/home/kaxiotis/Vitis_Accel_Projects/vitis_accel_prj/firmware/nnet_utils/nnet_mult.h:70]   --->   Operation 6 'read' 'p_read_176' <Predicate = true> <Delay = 0.00>
ST_1 : Operation 7 [1/1] (0.00ns)   --->   "%p_read_177 = read i16 @_ssdm_op_Read.ap_auto.i16, i16 %p_read27" [/home/kaxiotis/Vitis_Accel_Projects/vitis_accel_prj/firmware/nnet_utils/nnet_mult.h:70]   --->   Operation 7 'read' 'p_read_177' <Predicate = true> <Delay = 0.00>
ST_1 : Operation 8 [1/1] (0.00ns)   --->   "%p_read_178 = read i16 @_ssdm_op_Read.ap_auto.i16, i16 %p_read26" [/home/kaxiotis/Vitis_Accel_Projects/vitis_accel_prj/firmware/nnet_utils/nnet_mult.h:70]   --->   Operation 8 'read' 'p_read_178' <Predicate = true> <Delay = 0.00>
ST_1 : Operation 9 [1/1] (0.00ns)   --->   "%p_read_179 = read i16 @_ssdm_op_Read.ap_auto.i16, i16 %p_read25" [/home/kaxiotis/Vitis_Accel_Projects/vitis_accel_prj/firmware/nnet_utils/nnet_mult.h:70]   --->   Operation 9 'read' 'p_read_179' <Predicate = true> <Delay = 0.00>
ST_1 : Operation 10 [1/1] (0.00ns)   --->   "%p_read_180 = read i16 @_ssdm_op_Read.ap_auto.i16, i16 %p_read24" [/home/kaxiotis/Vitis_Accel_Projects/vitis_accel_prj/firmware/nnet_utils/nnet_mult.h:70]   --->   Operation 10 'read' 'p_read_180' <Predicate = true> <Delay = 0.00>
ST_1 : Operation 11 [1/1] (0.00ns)   --->   "%p_read_181 = read i16 @_ssdm_op_Read.ap_auto.i16, i16 %p_read23" [/home/kaxiotis/Vitis_Accel_Projects/vitis_accel_prj/firmware/nnet_utils/nnet_mult.h:70]   --->   Operation 11 'read' 'p_read_181' <Predicate = true> <Delay = 0.00>
ST_1 : Operation 12 [1/1] (0.00ns)   --->   "%p_read_182 = read i16 @_ssdm_op_Read.ap_auto.i16, i16 %p_read22" [/home/kaxiotis/Vitis_Accel_Projects/vitis_accel_prj/firmware/nnet_utils/nnet_mult.h:70]   --->   Operation 12 'read' 'p_read_182' <Predicate = true> <Delay = 0.00>
ST_1 : Operation 13 [1/1] (0.00ns)   --->   "%p_read2153 = read i16 @_ssdm_op_Read.ap_auto.i16, i16 %p_read21" [/home/kaxiotis/Vitis_Accel_Projects/vitis_accel_prj/firmware/nnet_utils/nnet_mult.h:70]   --->   Operation 13 'read' 'p_read2153' <Predicate = true> <Delay = 0.00>
ST_1 : Operation 14 [1/1] (0.00ns)   --->   "%p_read2052 = read i16 @_ssdm_op_Read.ap_auto.i16, i16 %p_read20" [/home/kaxiotis/Vitis_Accel_Projects/vitis_accel_prj/firmware/nnet_utils/nnet_mult.h:70]   --->   Operation 14 'read' 'p_read2052' <Predicate = true> <Delay = 0.00>
ST_1 : Operation 15 [1/1] (0.00ns)   --->   "%p_read_183 = read i16 @_ssdm_op_Read.ap_auto.i16, i16 %p_read19" [/home/kaxiotis/Vitis_Accel_Projects/vitis_accel_prj/firmware/nnet_utils/nnet_mult.h:70]   --->   Operation 15 'read' 'p_read_183' <Predicate = true> <Delay = 0.00>
ST_1 : Operation 16 [1/1] (0.00ns)   --->   "%p_read_184 = read i16 @_ssdm_op_Read.ap_auto.i16, i16 %p_read18" [/home/kaxiotis/Vitis_Accel_Projects/vitis_accel_prj/firmware/nnet_utils/nnet_mult.h:70]   --->   Operation 16 'read' 'p_read_184' <Predicate = true> <Delay = 0.00>
ST_1 : Operation 17 [1/1] (0.00ns)   --->   "%p_read_185 = read i16 @_ssdm_op_Read.ap_auto.i16, i16 %p_read17" [/home/kaxiotis/Vitis_Accel_Projects/vitis_accel_prj/firmware/nnet_utils/nnet_mult.h:70]   --->   Operation 17 'read' 'p_read_185' <Predicate = true> <Delay = 0.00>
ST_1 : Operation 18 [1/1] (0.00ns)   --->   "%p_read_186 = read i16 @_ssdm_op_Read.ap_auto.i16, i16 %p_read16" [/home/kaxiotis/Vitis_Accel_Projects/vitis_accel_prj/firmware/nnet_utils/nnet_mult.h:70]   --->   Operation 18 'read' 'p_read_186' <Predicate = true> <Delay = 0.00>
ST_1 : Operation 19 [1/1] (0.00ns)   --->   "%p_read_187 = read i16 @_ssdm_op_Read.ap_auto.i16, i16 %p_read15" [/home/kaxiotis/Vitis_Accel_Projects/vitis_accel_prj/firmware/nnet_utils/nnet_mult.h:70]   --->   Operation 19 'read' 'p_read_187' <Predicate = true> <Delay = 0.00>
ST_1 : Operation 20 [1/1] (0.00ns)   --->   "%p_read_188 = read i16 @_ssdm_op_Read.ap_auto.i16, i16 %p_read14" [/home/kaxiotis/Vitis_Accel_Projects/vitis_accel_prj/firmware/nnet_utils/nnet_mult.h:70]   --->   Operation 20 'read' 'p_read_188' <Predicate = true> <Delay = 0.00>
ST_1 : Operation 21 [1/1] (0.00ns)   --->   "%p_read_189 = read i16 @_ssdm_op_Read.ap_auto.i16, i16 %p_read13" [/home/kaxiotis/Vitis_Accel_Projects/vitis_accel_prj/firmware/nnet_utils/nnet_mult.h:70]   --->   Operation 21 'read' 'p_read_189' <Predicate = true> <Delay = 0.00>
ST_1 : Operation 22 [1/1] (0.00ns)   --->   "%p_read_190 = read i16 @_ssdm_op_Read.ap_auto.i16, i16 %p_read12" [/home/kaxiotis/Vitis_Accel_Projects/vitis_accel_prj/firmware/nnet_utils/nnet_mult.h:70]   --->   Operation 22 'read' 'p_read_190' <Predicate = true> <Delay = 0.00>
ST_1 : Operation 23 [1/1] (0.00ns)   --->   "%p_read1143 = read i16 @_ssdm_op_Read.ap_auto.i16, i16 %p_read11" [/home/kaxiotis/Vitis_Accel_Projects/vitis_accel_prj/firmware/nnet_utils/nnet_mult.h:70]   --->   Operation 23 'read' 'p_read1143' <Predicate = true> <Delay = 0.00>
ST_1 : Operation 24 [1/1] (0.00ns)   --->   "%p_read1042 = read i16 @_ssdm_op_Read.ap_auto.i16, i16 %p_read10" [/home/kaxiotis/Vitis_Accel_Projects/vitis_accel_prj/firmware/nnet_utils/nnet_mult.h:70]   --->   Operation 24 'read' 'p_read1042' <Predicate = true> <Delay = 0.00>
ST_1 : Operation 25 [1/1] (0.00ns)   --->   "%p_read941 = read i16 @_ssdm_op_Read.ap_auto.i16, i16 %p_read9" [/home/kaxiotis/Vitis_Accel_Projects/vitis_accel_prj/firmware/nnet_utils/nnet_mult.h:70]   --->   Operation 25 'read' 'p_read941' <Predicate = true> <Delay = 0.00>
ST_1 : Operation 26 [1/1] (0.00ns)   --->   "%p_read840 = read i16 @_ssdm_op_Read.ap_auto.i16, i16 %p_read8" [/home/kaxiotis/Vitis_Accel_Projects/vitis_accel_prj/firmware/nnet_utils/nnet_mult.h:70]   --->   Operation 26 'read' 'p_read840' <Predicate = true> <Delay = 0.00>
ST_1 : Operation 27 [1/1] (0.00ns)   --->   "%p_read739 = read i16 @_ssdm_op_Read.ap_auto.i16, i16 %p_read7" [/home/kaxiotis/Vitis_Accel_Projects/vitis_accel_prj/firmware/nnet_utils/nnet_mult.h:70]   --->   Operation 27 'read' 'p_read739' <Predicate = true> <Delay = 0.00>
ST_1 : Operation 28 [1/1] (0.00ns)   --->   "%p_read638 = read i16 @_ssdm_op_Read.ap_auto.i16, i16 %p_read6" [/home/kaxiotis/Vitis_Accel_Projects/vitis_accel_prj/firmware/nnet_utils/nnet_mult.h:70]   --->   Operation 28 'read' 'p_read638' <Predicate = true> <Delay = 0.00>
ST_1 : Operation 29 [1/1] (0.00ns)   --->   "%p_read537 = read i16 @_ssdm_op_Read.ap_auto.i16, i16 %p_read5" [/home/kaxiotis/Vitis_Accel_Projects/vitis_accel_prj/firmware/nnet_utils/nnet_mult.h:70]   --->   Operation 29 'read' 'p_read537' <Predicate = true> <Delay = 0.00>
ST_1 : Operation 30 [1/1] (0.00ns)   --->   "%p_read436 = read i16 @_ssdm_op_Read.ap_auto.i16, i16 %p_read4" [/home/kaxiotis/Vitis_Accel_Projects/vitis_accel_prj/firmware/nnet_utils/nnet_mult.h:70]   --->   Operation 30 'read' 'p_read436' <Predicate = true> <Delay = 0.00>
ST_1 : Operation 31 [1/1] (0.00ns)   --->   "%p_read335 = read i16 @_ssdm_op_Read.ap_auto.i16, i16 %p_read3" [/home/kaxiotis/Vitis_Accel_Projects/vitis_accel_prj/firmware/nnet_utils/nnet_mult.h:70]   --->   Operation 31 'read' 'p_read335' <Predicate = true> <Delay = 0.00>
ST_1 : Operation 32 [1/1] (0.00ns)   --->   "%p_read234 = read i16 @_ssdm_op_Read.ap_auto.i16, i16 %p_read2" [/home/kaxiotis/Vitis_Accel_Projects/vitis_accel_prj/firmware/nnet_utils/nnet_mult.h:70]   --->   Operation 32 'read' 'p_read234' <Predicate = true> <Delay = 0.00>
ST_1 : Operation 33 [1/1] (0.00ns)   --->   "%p_read133 = read i16 @_ssdm_op_Read.ap_auto.i16, i16 %p_read1" [/home/kaxiotis/Vitis_Accel_Projects/vitis_accel_prj/firmware/nnet_utils/nnet_mult.h:70]   --->   Operation 33 'read' 'p_read133' <Predicate = true> <Delay = 0.00>
ST_1 : Operation 34 [1/1] (0.00ns)   --->   "%p_read32 = read i16 @_ssdm_op_Read.ap_auto.i16, i16 %p_read" [/home/kaxiotis/Vitis_Accel_Projects/vitis_accel_prj/firmware/nnet_utils/nnet_mult.h:70]   --->   Operation 34 'read' 'p_read32' <Predicate = true> <Delay = 0.00>
ST_1 : Operation 35 [1/1] (0.00ns)   --->   "%sext_ln70 = sext i16 %p_read32" [/home/kaxiotis/Vitis_Accel_Projects/vitis_accel_prj/firmware/nnet_utils/nnet_mult.h:70]   --->   Operation 35 'sext' 'sext_ln70' <Predicate = true> <Delay = 0.00>
ST_1 : Operation 36 [1/1] (0.00ns)   --->   "%sext_ln70_714 = sext i16 %p_read32" [/home/kaxiotis/Vitis_Accel_Projects/vitis_accel_prj/firmware/nnet_utils/nnet_mult.h:70]   --->   Operation 36 'sext' 'sext_ln70_714' <Predicate = true> <Delay = 0.00>
ST_1 : Operation 37 [1/1] (0.00ns)   --->   "%sext_ln70_715 = sext i16 %p_read32" [/home/kaxiotis/Vitis_Accel_Projects/vitis_accel_prj/firmware/nnet_utils/nnet_mult.h:70]   --->   Operation 37 'sext' 'sext_ln70_715' <Predicate = true> <Delay = 0.00>
ST_1 : Operation 38 [1/1] (0.00ns)   --->   "%shl_ln = bitconcatenate i22 @_ssdm_op_BitConcatenate.i22.i16.i6, i16 %p_read32, i6 0"   --->   Operation 38 'bitconcatenate' 'shl_ln' <Predicate = true> <Delay = 0.00>
ST_1 : Operation 39 [1/1] (0.00ns)   --->   "%sext_ln1273 = sext i22 %shl_ln"   --->   Operation 39 'sext' 'sext_ln1273' <Predicate = true> <Delay = 0.00>
ST_1 : Operation 40 [1/1] (0.00ns)   --->   "%shl_ln1273_s = bitconcatenate i18 @_ssdm_op_BitConcatenate.i18.i16.i2, i16 %p_read32, i2 0"   --->   Operation 40 'bitconcatenate' 'shl_ln1273_s' <Predicate = true> <Delay = 0.00>
ST_1 : Operation 41 [1/1] (0.00ns)   --->   "%sext_ln1273_905 = sext i18 %shl_ln1273_s"   --->   Operation 41 'sext' 'sext_ln1273_905' <Predicate = true> <Delay = 0.00>
ST_1 : Operation 42 [1/1] (0.85ns)   --->   "%r_V = sub i23 %sext_ln1273_905, i23 %sext_ln1273"   --->   Operation 42 'sub' 'r_V' <Predicate = true> <Delay = 0.85> <CoreInst = "Adder">   --->   Core 1 'Adder' <Latency = 0> <II = 1> <Delay = 0.85> <FuncUnit> <Opcode : 'add' 'sub'> <InPorts = 2> <OutPorts = 1>
ST_1 : Operation 43 [1/1] (0.00ns)   --->   "%trunc_ln = partselect i13 @_ssdm_op_PartSelect.i13.i23.i32.i32, i23 %r_V, i32 10, i32 22"   --->   Operation 43 'partselect' 'trunc_ln' <Predicate = true> <Delay = 0.00>
ST_1 : Operation 44 [1/1] (0.00ns)   --->   "%sext_ln1273_906 = sext i13 %trunc_ln"   --->   Operation 44 'sext' 'sext_ln1273_906' <Predicate = true> <Delay = 0.00>
ST_1 : Operation 45 [1/1] (1.89ns)   --->   "%r_V_3242 = mul i23 %sext_ln70_715, i23 8388558"   --->   Operation 45 'mul' 'r_V_3242' <Predicate = true> <Delay = 1.89> <CoreInst = "Mul_LUT">   --->   Core 4 'Mul_LUT' <Latency = 0> <II = 1> <Delay = 1.89> <FuncUnit> <Opcode : 'mul'> <InPorts = 2> <OutPorts = 1>
ST_1 : Operation 46 [1/1] (0.00ns)   --->   "%trunc_ln818_5 = partselect i13 @_ssdm_op_PartSelect.i13.i23.i32.i32, i23 %r_V_3242, i32 10, i32 22"   --->   Operation 46 'partselect' 'trunc_ln818_5' <Predicate = true> <Delay = 0.00>
ST_1 : Operation 47 [1/1] (0.00ns)   --->   "%sext_ln1273_907 = sext i13 %trunc_ln818_5"   --->   Operation 47 'sext' 'sext_ln1273_907' <Predicate = true> <Delay = 0.00>
ST_1 : Operation 48 [1/1] (2.09ns)   --->   "%r_V_3243 = mul i26 %sext_ln70_714, i26 301"   --->   Operation 48 'mul' 'r_V_3243' <Predicate = true> <Delay = 2.09> <CoreInst = "Mul_LUT">   --->   Core 4 'Mul_LUT' <Latency = 0> <II = 1> <Delay = 2.09> <FuncUnit> <Opcode : 'mul'> <InPorts = 2> <OutPorts = 1>
ST_1 : Operation 49 [1/1] (0.00ns)   --->   "%trunc_ln818_6 = partselect i16 @_ssdm_op_PartSelect.i16.i26.i32.i32, i26 %r_V_3243, i32 10, i32 25"   --->   Operation 49 'partselect' 'trunc_ln818_6' <Predicate = true> <Delay = 0.00>
ST_1 : Operation 50 [1/1] (1.97ns)   --->   "%r_V_3244 = mul i24 %sext_ln70, i24 16777128"   --->   Operation 50 'mul' 'r_V_3244' <Predicate = true> <Delay = 1.97> <CoreInst = "Mul_LUT">   --->   Core 4 'Mul_LUT' <Latency = 0> <II = 1> <Delay = 1.97> <FuncUnit> <Opcode : 'mul'> <InPorts = 2> <OutPorts = 1>
ST_1 : Operation 51 [1/1] (0.00ns)   --->   "%trunc_ln818_7 = partselect i14 @_ssdm_op_PartSelect.i14.i24.i32.i32, i24 %r_V_3244, i32 10, i32 23"   --->   Operation 51 'partselect' 'trunc_ln818_7' <Predicate = true> <Delay = 0.00>
ST_1 : Operation 52 [1/1] (0.00ns)   --->   "%sext_ln1273_908 = sext i14 %trunc_ln818_7"   --->   Operation 52 'sext' 'sext_ln1273_908' <Predicate = true> <Delay = 0.00>
ST_1 : Operation 53 [1/1] (2.09ns)   --->   "%r_V_3245 = mul i26 %sext_ln70_714, i26 67108399"   --->   Operation 53 'mul' 'r_V_3245' <Predicate = true> <Delay = 2.09> <CoreInst = "Mul_LUT">   --->   Core 4 'Mul_LUT' <Latency = 0> <II = 1> <Delay = 2.09> <FuncUnit> <Opcode : 'mul'> <InPorts = 2> <OutPorts = 1>
ST_1 : Operation 54 [1/1] (0.00ns)   --->   "%trunc_ln818_8 = partselect i16 @_ssdm_op_PartSelect.i16.i26.i32.i32, i26 %r_V_3245, i32 10, i32 25"   --->   Operation 54 'partselect' 'trunc_ln818_8' <Predicate = true> <Delay = 0.00>
ST_1 : Operation 55 [1/1] (0.00ns)   --->   "%sext_ln70_716 = sext i16 %p_read133" [/home/kaxiotis/Vitis_Accel_Projects/vitis_accel_prj/firmware/nnet_utils/nnet_mult.h:70]   --->   Operation 55 'sext' 'sext_ln70_716' <Predicate = true> <Delay = 0.00>
ST_1 : Operation 56 [1/1] (0.00ns)   --->   "%sext_ln70_717 = sext i16 %p_read133" [/home/kaxiotis/Vitis_Accel_Projects/vitis_accel_prj/firmware/nnet_utils/nnet_mult.h:70]   --->   Operation 56 'sext' 'sext_ln70_717' <Predicate = true> <Delay = 0.00>
ST_1 : Operation 57 [1/1] (0.00ns)   --->   "%sext_ln70_718 = sext i16 %p_read133" [/home/kaxiotis/Vitis_Accel_Projects/vitis_accel_prj/firmware/nnet_utils/nnet_mult.h:70]   --->   Operation 57 'sext' 'sext_ln70_718' <Predicate = true> <Delay = 0.00>
ST_1 : Operation 58 [1/1] (0.00ns)   --->   "%sext_ln70_719 = sext i16 %p_read133" [/home/kaxiotis/Vitis_Accel_Projects/vitis_accel_prj/firmware/nnet_utils/nnet_mult.h:70]   --->   Operation 58 'sext' 'sext_ln70_719' <Predicate = true> <Delay = 0.00>
ST_1 : Operation 59 [1/1] (2.09ns)   --->   "%r_V_3246 = mul i26 %sext_ln70_719, i26 67108543"   --->   Operation 59 'mul' 'r_V_3246' <Predicate = true> <Delay = 2.09> <CoreInst = "Mul_LUT">   --->   Core 4 'Mul_LUT' <Latency = 0> <II = 1> <Delay = 2.09> <FuncUnit> <Opcode : 'mul'> <InPorts = 2> <OutPorts = 1>
ST_1 : Operation 60 [1/1] (0.00ns)   --->   "%trunc_ln818_9 = partselect i16 @_ssdm_op_PartSelect.i16.i26.i32.i32, i26 %r_V_3246, i32 10, i32 25"   --->   Operation 60 'partselect' 'trunc_ln818_9' <Predicate = true> <Delay = 0.00>
ST_1 : Operation 61 [1/1] (2.03ns)   --->   "%r_V_3247 = mul i25 %sext_ln70_718, i25 33554267"   --->   Operation 61 'mul' 'r_V_3247' <Predicate = true> <Delay = 2.03> <CoreInst = "Mul_LUT">   --->   Core 4 'Mul_LUT' <Latency = 0> <II = 1> <Delay = 2.03> <FuncUnit> <Opcode : 'mul'> <InPorts = 2> <OutPorts = 1>
ST_1 : Operation 62 [1/1] (0.00ns)   --->   "%trunc_ln818_s = partselect i15 @_ssdm_op_PartSelect.i15.i25.i32.i32, i25 %r_V_3247, i32 10, i32 24"   --->   Operation 62 'partselect' 'trunc_ln818_s' <Predicate = true> <Delay = 0.00>
ST_1 : Operation 63 [1/1] (2.09ns)   --->   "%r_V_3248 = mul i26 %sext_ln70_719, i26 453"   --->   Operation 63 'mul' 'r_V_3248' <Predicate = true> <Delay = 2.09> <CoreInst = "Mul_LUT">   --->   Core 4 'Mul_LUT' <Latency = 0> <II = 1> <Delay = 2.09> <FuncUnit> <Opcode : 'mul'> <InPorts = 2> <OutPorts = 1>
ST_1 : Operation 64 [1/1] (0.00ns)   --->   "%trunc_ln818_1 = partselect i16 @_ssdm_op_PartSelect.i16.i26.i32.i32, i26 %r_V_3248, i32 10, i32 25"   --->   Operation 64 'partselect' 'trunc_ln818_1' <Predicate = true> <Delay = 0.00>
ST_1 : Operation 65 [1/1] (1.97ns)   --->   "%r_V_3249 = mul i24 %sext_ln70_717, i24 98"   --->   Operation 65 'mul' 'r_V_3249' <Predicate = true> <Delay = 1.97> <CoreInst = "Mul_LUT">   --->   Core 4 'Mul_LUT' <Latency = 0> <II = 1> <Delay = 1.97> <FuncUnit> <Opcode : 'mul'> <InPorts = 2> <OutPorts = 1>
ST_1 : Operation 66 [1/1] (0.00ns)   --->   "%trunc_ln818_2 = partselect i14 @_ssdm_op_PartSelect.i14.i24.i32.i32, i24 %r_V_3249, i32 10, i32 23"   --->   Operation 66 'partselect' 'trunc_ln818_2' <Predicate = true> <Delay = 0.00>
ST_1 : Operation 67 [1/1] (0.00ns)   --->   "%sext_ln1273_909 = sext i14 %trunc_ln818_2"   --->   Operation 67 'sext' 'sext_ln1273_909' <Predicate = true> <Delay = 0.00>
ST_1 : Operation 68 [1/1] (1.89ns)   --->   "%r_V_3250 = mul i23 %sext_ln70_716, i23 39"   --->   Operation 68 'mul' 'r_V_3250' <Predicate = true> <Delay = 1.89> <CoreInst = "Mul_LUT">   --->   Core 4 'Mul_LUT' <Latency = 0> <II = 1> <Delay = 1.89> <FuncUnit> <Opcode : 'mul'> <InPorts = 2> <OutPorts = 1>
ST_1 : Operation 69 [1/1] (0.00ns)   --->   "%trunc_ln818_3 = partselect i13 @_ssdm_op_PartSelect.i13.i23.i32.i32, i23 %r_V_3250, i32 10, i32 22"   --->   Operation 69 'partselect' 'trunc_ln818_3' <Predicate = true> <Delay = 0.00>
ST_1 : Operation 70 [1/1] (0.00ns)   --->   "%sext_ln1270 = sext i13 %trunc_ln818_3"   --->   Operation 70 'sext' 'sext_ln1270' <Predicate = true> <Delay = 0.00>
ST_1 : Operation 71 [1/1] (0.00ns)   --->   "%sext_ln1270_8 = sext i16 %p_read234"   --->   Operation 71 'sext' 'sext_ln1270_8' <Predicate = true> <Delay = 0.00>
ST_1 : Operation 72 [1/1] (0.00ns)   --->   "%sext_ln70_720 = sext i16 %p_read234" [/home/kaxiotis/Vitis_Accel_Projects/vitis_accel_prj/firmware/nnet_utils/nnet_mult.h:70]   --->   Operation 72 'sext' 'sext_ln70_720' <Predicate = true> <Delay = 0.00>
ST_1 : Operation 73 [1/1] (2.09ns)   --->   "%r_V_3251 = mul i26 %sext_ln1270_8, i26 67108397"   --->   Operation 73 'mul' 'r_V_3251' <Predicate = true> <Delay = 2.09> <CoreInst = "Mul_LUT">   --->   Core 4 'Mul_LUT' <Latency = 0> <II = 1> <Delay = 2.09> <FuncUnit> <Opcode : 'mul'> <InPorts = 2> <OutPorts = 1>
ST_1 : Operation 74 [1/1] (0.00ns)   --->   "%trunc_ln818_4 = partselect i16 @_ssdm_op_PartSelect.i16.i26.i32.i32, i26 %r_V_3251, i32 10, i32 25"   --->   Operation 74 'partselect' 'trunc_ln818_4' <Predicate = true> <Delay = 0.00>
ST_1 : Operation 75 [1/1] (2.09ns)   --->   "%r_V_3252 = mul i26 %sext_ln1270_8, i26 67108571"   --->   Operation 75 'mul' 'r_V_3252' <Predicate = true> <Delay = 2.09> <CoreInst = "Mul_LUT">   --->   Core 4 'Mul_LUT' <Latency = 0> <II = 1> <Delay = 2.09> <FuncUnit> <Opcode : 'mul'> <InPorts = 2> <OutPorts = 1>
ST_1 : Operation 76 [1/1] (0.00ns)   --->   "%trunc_ln818_10 = partselect i16 @_ssdm_op_PartSelect.i16.i26.i32.i32, i26 %r_V_3252, i32 10, i32 25"   --->   Operation 76 'partselect' 'trunc_ln818_10' <Predicate = true> <Delay = 0.00>
ST_1 : Operation 77 [1/1] (2.03ns)   --->   "%r_V_3253 = mul i25 %sext_ln70_720, i25 33554279"   --->   Operation 77 'mul' 'r_V_3253' <Predicate = true> <Delay = 2.03> <CoreInst = "Mul_LUT">   --->   Core 4 'Mul_LUT' <Latency = 0> <II = 1> <Delay = 2.03> <FuncUnit> <Opcode : 'mul'> <InPorts = 2> <OutPorts = 1>
ST_1 : Operation 78 [1/1] (0.00ns)   --->   "%trunc_ln818_11 = partselect i15 @_ssdm_op_PartSelect.i15.i25.i32.i32, i25 %r_V_3253, i32 10, i32 24"   --->   Operation 78 'partselect' 'trunc_ln818_11' <Predicate = true> <Delay = 0.00>
ST_1 : Operation 79 [1/1] (2.48ns)   --->   "%mul_ln1270 = mul i26 %sext_ln1270_8, i26 1050"   --->   Operation 79 'mul' 'mul_ln1270' <Predicate = true> <Delay = 2.48> <CoreInst = "Mul_LUT">   --->   Core 4 'Mul_LUT' <Latency = 0> <II = 1> <Delay = 2.48> <FuncUnit> <Opcode : 'mul'> <InPorts = 2> <OutPorts = 1>
ST_1 : Operation 80 [1/1] (0.00ns)   --->   "%trunc_ln818_12 = partselect i16 @_ssdm_op_PartSelect.i16.i26.i32.i32, i26 %mul_ln1270, i32 10, i32 25"   --->   Operation 80 'partselect' 'trunc_ln818_12' <Predicate = true> <Delay = 0.00>
ST_1 : Operation 81 [1/1] (2.25ns)   --->   "%mul_ln1270_93 = mul i26 %sext_ln1270_8, i26 67108248"   --->   Operation 81 'mul' 'mul_ln1270_93' <Predicate = true> <Delay = 2.25> <CoreInst = "Mul_LUT">   --->   Core 4 'Mul_LUT' <Latency = 0> <II = 1> <Delay = 2.25> <FuncUnit> <Opcode : 'mul'> <InPorts = 2> <OutPorts = 1>
ST_1 : Operation 82 [1/1] (0.00ns)   --->   "%trunc_ln818_13 = partselect i16 @_ssdm_op_PartSelect.i16.i26.i32.i32, i26 %mul_ln1270_93, i32 10, i32 25"   --->   Operation 82 'partselect' 'trunc_ln818_13' <Predicate = true> <Delay = 0.00>
ST_1 : Operation 83 [1/1] (0.00ns)   --->   "%sext_ln70_721 = sext i16 %p_read335" [/home/kaxiotis/Vitis_Accel_Projects/vitis_accel_prj/firmware/nnet_utils/nnet_mult.h:70]   --->   Operation 83 'sext' 'sext_ln70_721' <Predicate = true> <Delay = 0.00>
ST_1 : Operation 84 [1/1] (0.00ns)   --->   "%sext_ln70_722 = sext i16 %p_read335" [/home/kaxiotis/Vitis_Accel_Projects/vitis_accel_prj/firmware/nnet_utils/nnet_mult.h:70]   --->   Operation 84 'sext' 'sext_ln70_722' <Predicate = true> <Delay = 0.00>
ST_1 : Operation 85 [1/1] (2.09ns)   --->   "%r_V_3254 = mul i26 %sext_ln70_722, i26 291"   --->   Operation 85 'mul' 'r_V_3254' <Predicate = true> <Delay = 2.09> <CoreInst = "Mul_LUT">   --->   Core 4 'Mul_LUT' <Latency = 0> <II = 1> <Delay = 2.09> <FuncUnit> <Opcode : 'mul'> <InPorts = 2> <OutPorts = 1>
ST_1 : Operation 86 [1/1] (0.00ns)   --->   "%trunc_ln818_14 = partselect i16 @_ssdm_op_PartSelect.i16.i26.i32.i32, i26 %r_V_3254, i32 10, i32 25"   --->   Operation 86 'partselect' 'trunc_ln818_14' <Predicate = true> <Delay = 0.00>
ST_1 : Operation 87 [1/1] (2.09ns)   --->   "%r_V_3255 = mul i26 %sext_ln70_722, i26 67108593"   --->   Operation 87 'mul' 'r_V_3255' <Predicate = true> <Delay = 2.09> <CoreInst = "Mul_LUT">   --->   Core 4 'Mul_LUT' <Latency = 0> <II = 1> <Delay = 2.09> <FuncUnit> <Opcode : 'mul'> <InPorts = 2> <OutPorts = 1>
ST_1 : Operation 88 [1/1] (0.00ns)   --->   "%trunc_ln818_15 = partselect i16 @_ssdm_op_PartSelect.i16.i26.i32.i32, i26 %r_V_3255, i32 10, i32 25"   --->   Operation 88 'partselect' 'trunc_ln818_15' <Predicate = true> <Delay = 0.00>
ST_1 : Operation 89 [1/1] (2.03ns)   --->   "%r_V_3256 = mul i25 %sext_ln70_721, i25 33554225"   --->   Operation 89 'mul' 'r_V_3256' <Predicate = true> <Delay = 2.03> <CoreInst = "Mul_LUT">   --->   Core 4 'Mul_LUT' <Latency = 0> <II = 1> <Delay = 2.03> <FuncUnit> <Opcode : 'mul'> <InPorts = 2> <OutPorts = 1>
ST_1 : Operation 90 [1/1] (0.00ns)   --->   "%trunc_ln818_16 = partselect i15 @_ssdm_op_PartSelect.i15.i25.i32.i32, i25 %r_V_3256, i32 10, i32 24"   --->   Operation 90 'partselect' 'trunc_ln818_16' <Predicate = true> <Delay = 0.00>
ST_1 : Operation 91 [1/1] (2.09ns)   --->   "%r_V_3257 = mul i26 %sext_ln70_722, i26 67108545"   --->   Operation 91 'mul' 'r_V_3257' <Predicate = true> <Delay = 2.09> <CoreInst = "Mul_LUT">   --->   Core 4 'Mul_LUT' <Latency = 0> <II = 1> <Delay = 2.09> <FuncUnit> <Opcode : 'mul'> <InPorts = 2> <OutPorts = 1>
ST_1 : Operation 92 [1/1] (0.00ns)   --->   "%trunc_ln818_17 = partselect i16 @_ssdm_op_PartSelect.i16.i26.i32.i32, i26 %r_V_3257, i32 10, i32 25"   --->   Operation 92 'partselect' 'trunc_ln818_17' <Predicate = true> <Delay = 0.00>
ST_1 : Operation 93 [1/1] (2.03ns)   --->   "%r_V_3258 = mul i25 %sext_ln70_721, i25 33554286"   --->   Operation 93 'mul' 'r_V_3258' <Predicate = true> <Delay = 2.03> <CoreInst = "Mul_LUT">   --->   Core 4 'Mul_LUT' <Latency = 0> <II = 1> <Delay = 2.03> <FuncUnit> <Opcode : 'mul'> <InPorts = 2> <OutPorts = 1>
ST_1 : Operation 94 [1/1] (0.00ns)   --->   "%trunc_ln818_18 = partselect i15 @_ssdm_op_PartSelect.i15.i25.i32.i32, i25 %r_V_3258, i32 10, i32 24"   --->   Operation 94 'partselect' 'trunc_ln818_18' <Predicate = true> <Delay = 0.00>
ST_1 : Operation 95 [1/1] (0.00ns)   --->   "%sext_ln70_723 = sext i16 %p_read436" [/home/kaxiotis/Vitis_Accel_Projects/vitis_accel_prj/firmware/nnet_utils/nnet_mult.h:70]   --->   Operation 95 'sext' 'sext_ln70_723' <Predicate = true> <Delay = 0.00>
ST_1 : Operation 96 [1/1] (0.00ns)   --->   "%sext_ln70_724 = sext i16 %p_read436" [/home/kaxiotis/Vitis_Accel_Projects/vitis_accel_prj/firmware/nnet_utils/nnet_mult.h:70]   --->   Operation 96 'sext' 'sext_ln70_724' <Predicate = true> <Delay = 0.00>
ST_1 : Operation 97 [1/1] (2.03ns)   --->   "%r_V_3259 = mul i25 %sext_ln70_724, i25 246"   --->   Operation 97 'mul' 'r_V_3259' <Predicate = true> <Delay = 2.03> <CoreInst = "Mul_LUT">   --->   Core 4 'Mul_LUT' <Latency = 0> <II = 1> <Delay = 2.03> <FuncUnit> <Opcode : 'mul'> <InPorts = 2> <OutPorts = 1>
ST_1 : Operation 98 [1/1] (0.00ns)   --->   "%trunc_ln818_19 = partselect i15 @_ssdm_op_PartSelect.i15.i25.i32.i32, i25 %r_V_3259, i32 10, i32 24"   --->   Operation 98 'partselect' 'trunc_ln818_19' <Predicate = true> <Delay = 0.00>
ST_1 : Operation 99 [1/1] (2.09ns)   --->   "%r_V_3260 = mul i26 %sext_ln70_723, i26 396"   --->   Operation 99 'mul' 'r_V_3260' <Predicate = true> <Delay = 2.09> <CoreInst = "Mul_LUT">   --->   Core 4 'Mul_LUT' <Latency = 0> <II = 1> <Delay = 2.09> <FuncUnit> <Opcode : 'mul'> <InPorts = 2> <OutPorts = 1>
ST_1 : Operation 100 [1/1] (0.00ns)   --->   "%trunc_ln818_20 = partselect i16 @_ssdm_op_PartSelect.i16.i26.i32.i32, i26 %r_V_3260, i32 10, i32 25"   --->   Operation 100 'partselect' 'trunc_ln818_20' <Predicate = true> <Delay = 0.00>
ST_1 : Operation 101 [1/1] (2.03ns)   --->   "%r_V_3261 = mul i25 %sext_ln70_724, i25 140"   --->   Operation 101 'mul' 'r_V_3261' <Predicate = true> <Delay = 2.03> <CoreInst = "Mul_LUT">   --->   Core 4 'Mul_LUT' <Latency = 0> <II = 1> <Delay = 2.03> <FuncUnit> <Opcode : 'mul'> <InPorts = 2> <OutPorts = 1>
ST_1 : Operation 102 [1/1] (0.00ns)   --->   "%trunc_ln818_21 = partselect i15 @_ssdm_op_PartSelect.i15.i25.i32.i32, i25 %r_V_3261, i32 10, i32 24"   --->   Operation 102 'partselect' 'trunc_ln818_21' <Predicate = true> <Delay = 0.00>
ST_1 : Operation 103 [1/1] (0.00ns)   --->   "%sext_ln818_1015 = sext i15 %trunc_ln818_21"   --->   Operation 103 'sext' 'sext_ln818_1015' <Predicate = true> <Delay = 0.00>
ST_1 : Operation 104 [1/1] (2.03ns)   --->   "%r_V_3262 = mul i25 %sext_ln70_724, i25 33554223"   --->   Operation 104 'mul' 'r_V_3262' <Predicate = true> <Delay = 2.03> <CoreInst = "Mul_LUT">   --->   Core 4 'Mul_LUT' <Latency = 0> <II = 1> <Delay = 2.03> <FuncUnit> <Opcode : 'mul'> <InPorts = 2> <OutPorts = 1>
ST_1 : Operation 105 [1/1] (0.00ns)   --->   "%trunc_ln818_22 = partselect i15 @_ssdm_op_PartSelect.i15.i25.i32.i32, i25 %r_V_3262, i32 10, i32 24"   --->   Operation 105 'partselect' 'trunc_ln818_22' <Predicate = true> <Delay = 0.00>
ST_1 : Operation 106 [1/1] (2.03ns)   --->   "%r_V_3263 = mul i25 %sext_ln70_724, i25 33554222"   --->   Operation 106 'mul' 'r_V_3263' <Predicate = true> <Delay = 2.03> <CoreInst = "Mul_LUT">   --->   Core 4 'Mul_LUT' <Latency = 0> <II = 1> <Delay = 2.03> <FuncUnit> <Opcode : 'mul'> <InPorts = 2> <OutPorts = 1>
ST_1 : Operation 107 [1/1] (0.00ns)   --->   "%trunc_ln818_23 = partselect i15 @_ssdm_op_PartSelect.i15.i25.i32.i32, i25 %r_V_3263, i32 10, i32 24"   --->   Operation 107 'partselect' 'trunc_ln818_23' <Predicate = true> <Delay = 0.00>
ST_1 : Operation 108 [1/1] (0.00ns)   --->   "%sext_ln1270_9 = sext i16 %p_read537"   --->   Operation 108 'sext' 'sext_ln1270_9' <Predicate = true> <Delay = 0.00>
ST_1 : Operation 109 [1/1] (0.00ns)   --->   "%sext_ln70_725 = sext i16 %p_read537" [/home/kaxiotis/Vitis_Accel_Projects/vitis_accel_prj/firmware/nnet_utils/nnet_mult.h:70]   --->   Operation 109 'sext' 'sext_ln70_725' <Predicate = true> <Delay = 0.00>
ST_1 : Operation 110 [1/1] (2.09ns)   --->   "%r_V_3264 = mul i26 %sext_ln1270_9, i26 67108603"   --->   Operation 110 'mul' 'r_V_3264' <Predicate = true> <Delay = 2.09> <CoreInst = "Mul_LUT">   --->   Core 4 'Mul_LUT' <Latency = 0> <II = 1> <Delay = 2.09> <FuncUnit> <Opcode : 'mul'> <InPorts = 2> <OutPorts = 1>
ST_1 : Operation 111 [1/1] (0.00ns)   --->   "%trunc_ln818_24 = partselect i16 @_ssdm_op_PartSelect.i16.i26.i32.i32, i26 %r_V_3264, i32 10, i32 25"   --->   Operation 111 'partselect' 'trunc_ln818_24' <Predicate = true> <Delay = 0.00>
ST_1 : Operation 112 [1/1] (1.97ns)   --->   "%r_V_3265 = mul i24 %sext_ln70_725, i24 16777123"   --->   Operation 112 'mul' 'r_V_3265' <Predicate = true> <Delay = 1.97> <CoreInst = "Mul_LUT">   --->   Core 4 'Mul_LUT' <Latency = 0> <II = 1> <Delay = 1.97> <FuncUnit> <Opcode : 'mul'> <InPorts = 2> <OutPorts = 1>
ST_1 : Operation 113 [1/1] (0.00ns)   --->   "%trunc_ln818_25 = partselect i14 @_ssdm_op_PartSelect.i14.i24.i32.i32, i24 %r_V_3265, i32 10, i32 23"   --->   Operation 113 'partselect' 'trunc_ln818_25' <Predicate = true> <Delay = 0.00>
ST_1 : Operation 114 [1/1] (2.09ns)   --->   "%r_V_3266 = mul i26 %sext_ln1270_9, i26 449"   --->   Operation 114 'mul' 'r_V_3266' <Predicate = true> <Delay = 2.09> <CoreInst = "Mul_LUT">   --->   Core 4 'Mul_LUT' <Latency = 0> <II = 1> <Delay = 2.09> <FuncUnit> <Opcode : 'mul'> <InPorts = 2> <OutPorts = 1>
ST_1 : Operation 115 [1/1] (0.00ns)   --->   "%trunc_ln818_26 = partselect i16 @_ssdm_op_PartSelect.i16.i26.i32.i32, i26 %r_V_3266, i32 10, i32 25"   --->   Operation 115 'partselect' 'trunc_ln818_26' <Predicate = true> <Delay = 0.00>
ST_1 : Operation 116 [1/1] (2.25ns)   --->   "%mul_ln1270_94 = mul i26 %sext_ln1270_9, i26 605"   --->   Operation 116 'mul' 'mul_ln1270_94' <Predicate = true> <Delay = 2.25> <CoreInst = "Mul_LUT">   --->   Core 4 'Mul_LUT' <Latency = 0> <II = 1> <Delay = 2.25> <FuncUnit> <Opcode : 'mul'> <InPorts = 2> <OutPorts = 1>
ST_1 : Operation 117 [1/1] (0.00ns)   --->   "%trunc_ln818_27 = partselect i16 @_ssdm_op_PartSelect.i16.i26.i32.i32, i26 %mul_ln1270_94, i32 10, i32 25"   --->   Operation 117 'partselect' 'trunc_ln818_27' <Predicate = true> <Delay = 0.00>
ST_1 : Operation 118 [1/1] (0.00ns)   --->   "%shl_ln1273_635 = bitconcatenate i24 @_ssdm_op_BitConcatenate.i24.i16.i8, i16 %p_read537, i8 0"   --->   Operation 118 'bitconcatenate' 'shl_ln1273_635' <Predicate = true> <Delay = 0.00>
ST_1 : Operation 119 [1/1] (0.00ns)   --->   "%sext_ln1273_910 = sext i24 %shl_ln1273_635"   --->   Operation 119 'sext' 'sext_ln1273_910' <Predicate = true> <Delay = 0.00>
ST_1 : Operation 120 [1/1] (0.00ns)   --->   "%shl_ln1273_636 = bitconcatenate i20 @_ssdm_op_BitConcatenate.i20.i16.i4, i16 %p_read537, i4 0"   --->   Operation 120 'bitconcatenate' 'shl_ln1273_636' <Predicate = true> <Delay = 0.00>
ST_1 : Operation 121 [1/1] (0.00ns)   --->   "%sext_ln1273_911 = sext i20 %shl_ln1273_636"   --->   Operation 121 'sext' 'sext_ln1273_911' <Predicate = true> <Delay = 0.00>
ST_1 : Operation 122 [1/1] (0.85ns)   --->   "%r_V_3267 = sub i25 %sext_ln1273_911, i25 %sext_ln1273_910"   --->   Operation 122 'sub' 'r_V_3267' <Predicate = true> <Delay = 0.85> <CoreInst = "Adder">   --->   Core 1 'Adder' <Latency = 0> <II = 1> <Delay = 0.86> <FuncUnit> <Opcode : 'add' 'sub'> <InPorts = 2> <OutPorts = 1>
ST_1 : Operation 123 [1/1] (0.00ns)   --->   "%trunc_ln818_28 = partselect i15 @_ssdm_op_PartSelect.i15.i25.i32.i32, i25 %r_V_3267, i32 10, i32 24"   --->   Operation 123 'partselect' 'trunc_ln818_28' <Predicate = true> <Delay = 0.00>
ST_1 : Operation 124 [1/1] (0.00ns)   --->   "%sext_ln818_1019 = sext i15 %trunc_ln818_28"   --->   Operation 124 'sext' 'sext_ln818_1019' <Predicate = true> <Delay = 0.00>
ST_1 : Operation 125 [1/1] (0.00ns)   --->   "%sext_ln70_726 = sext i16 %p_read638" [/home/kaxiotis/Vitis_Accel_Projects/vitis_accel_prj/firmware/nnet_utils/nnet_mult.h:70]   --->   Operation 125 'sext' 'sext_ln70_726' <Predicate = true> <Delay = 0.00>
ST_1 : Operation 126 [1/1] (0.00ns)   --->   "%sext_ln70_727 = sext i16 %p_read638" [/home/kaxiotis/Vitis_Accel_Projects/vitis_accel_prj/firmware/nnet_utils/nnet_mult.h:70]   --->   Operation 126 'sext' 'sext_ln70_727' <Predicate = true> <Delay = 0.00>
ST_1 : Operation 127 [1/1] (0.00ns)   --->   "%sext_ln70_728 = sext i16 %p_read638" [/home/kaxiotis/Vitis_Accel_Projects/vitis_accel_prj/firmware/nnet_utils/nnet_mult.h:70]   --->   Operation 127 'sext' 'sext_ln70_728' <Predicate = true> <Delay = 0.00>
ST_1 : Operation 128 [1/1] (0.00ns)   --->   "%sext_ln70_729 = sext i16 %p_read638" [/home/kaxiotis/Vitis_Accel_Projects/vitis_accel_prj/firmware/nnet_utils/nnet_mult.h:70]   --->   Operation 128 'sext' 'sext_ln70_729' <Predicate = true> <Delay = 0.00>
ST_1 : Operation 129 [1/1] (2.09ns)   --->   "%r_V_3268 = mul i26 %sext_ln70_729, i26 67108575"   --->   Operation 129 'mul' 'r_V_3268' <Predicate = true> <Delay = 2.09> <CoreInst = "Mul_LUT">   --->   Core 4 'Mul_LUT' <Latency = 0> <II = 1> <Delay = 2.09> <FuncUnit> <Opcode : 'mul'> <InPorts = 2> <OutPorts = 1>
ST_1 : Operation 130 [1/1] (0.00ns)   --->   "%trunc_ln818_29 = partselect i16 @_ssdm_op_PartSelect.i16.i26.i32.i32, i26 %r_V_3268, i32 10, i32 25"   --->   Operation 130 'partselect' 'trunc_ln818_29' <Predicate = true> <Delay = 0.00>
ST_1 : Operation 131 [1/1] (1.83ns)   --->   "%r_V_3269 = mul i22 %sext_ln70_728, i22 4194277"   --->   Operation 131 'mul' 'r_V_3269' <Predicate = true> <Delay = 1.83> <CoreInst = "Mul_LUT">   --->   Core 4 'Mul_LUT' <Latency = 0> <II = 1> <Delay = 1.83> <FuncUnit> <Opcode : 'mul'> <InPorts = 2> <OutPorts = 1>
ST_1 : Operation 132 [1/1] (0.00ns)   --->   "%trunc_ln818_30 = partselect i12 @_ssdm_op_PartSelect.i12.i22.i32.i32, i22 %r_V_3269, i32 10, i32 21"   --->   Operation 132 'partselect' 'trunc_ln818_30' <Predicate = true> <Delay = 0.00>
ST_1 : Operation 133 [1/1] (0.00ns)   --->   "%sext_ln1273_912 = sext i12 %trunc_ln818_30"   --->   Operation 133 'sext' 'sext_ln1273_912' <Predicate = true> <Delay = 0.00>
ST_1 : Operation 134 [1/1] (2.09ns)   --->   "%r_V_3270 = mul i26 %sext_ln70_729, i26 67108478"   --->   Operation 134 'mul' 'r_V_3270' <Predicate = true> <Delay = 2.09> <CoreInst = "Mul_LUT">   --->   Core 4 'Mul_LUT' <Latency = 0> <II = 1> <Delay = 2.09> <FuncUnit> <Opcode : 'mul'> <InPorts = 2> <OutPorts = 1>
ST_1 : Operation 135 [1/1] (0.00ns)   --->   "%trunc_ln818_31 = partselect i16 @_ssdm_op_PartSelect.i16.i26.i32.i32, i26 %r_V_3270, i32 10, i32 25"   --->   Operation 135 'partselect' 'trunc_ln818_31' <Predicate = true> <Delay = 0.00>
ST_1 : Operation 136 [1/1] (2.03ns)   --->   "%r_V_3271 = mul i25 %sext_ln70_727, i25 220"   --->   Operation 136 'mul' 'r_V_3271' <Predicate = true> <Delay = 2.03> <CoreInst = "Mul_LUT">   --->   Core 4 'Mul_LUT' <Latency = 0> <II = 1> <Delay = 2.03> <FuncUnit> <Opcode : 'mul'> <InPorts = 2> <OutPorts = 1>
ST_1 : Operation 137 [1/1] (0.00ns)   --->   "%trunc_ln818_32 = partselect i15 @_ssdm_op_PartSelect.i15.i25.i32.i32, i25 %r_V_3271, i32 10, i32 24"   --->   Operation 137 'partselect' 'trunc_ln818_32' <Predicate = true> <Delay = 0.00>
ST_1 : Operation 138 [1/1] (0.00ns)   --->   "%sext_ln818_1020 = sext i15 %trunc_ln818_32"   --->   Operation 138 'sext' 'sext_ln818_1020' <Predicate = true> <Delay = 0.00>
ST_1 : Operation 139 [1/1] (0.00ns)   --->   "%shl_ln1273_637 = bitconcatenate i23 @_ssdm_op_BitConcatenate.i23.i16.i7, i16 %p_read638, i7 0"   --->   Operation 139 'bitconcatenate' 'shl_ln1273_637' <Predicate = true> <Delay = 0.00>
ST_1 : Operation 140 [1/1] (0.00ns)   --->   "%sext_ln1273_913 = sext i23 %shl_ln1273_637"   --->   Operation 140 'sext' 'sext_ln1273_913' <Predicate = true> <Delay = 0.00>
ST_1 : Operation 141 [1/1] (0.00ns) (grouped into TernaryAdder)   --->   "%sub_ln1273 = sub i24 0, i24 %sext_ln1273_913"   --->   Operation 141 'sub' 'sub_ln1273' <Predicate = true> <Delay = 0.00> <CoreInst = "TAddSub">   --->   Core 10 'TAddSub' <Latency = 0> <II = 1> <Delay = 0.51> <IPBlock> <Opcode : 'add' 'sub'> <InPorts = 3> <OutPorts = 1> <Sync> <CReg>
ST_1 : Operation 142 [1/1] (1.03ns) (root node of TernaryAdder)   --->   "%r_V_3272 = sub i24 %sub_ln1273, i24 %sext_ln70_726"   --->   Operation 142 'sub' 'r_V_3272' <Predicate = true> <Delay = 1.03> <CoreInst = "TAddSub">   --->   Core 10 'TAddSub' <Latency = 0> <II = 1> <Delay = 0.51> <IPBlock> <Opcode : 'add' 'sub'> <InPorts = 3> <OutPorts = 1> <Sync> <CReg>
ST_1 : Operation 143 [1/1] (0.00ns)   --->   "%trunc_ln818_33 = partselect i14 @_ssdm_op_PartSelect.i14.i24.i32.i32, i24 %r_V_3272, i32 10, i32 23"   --->   Operation 143 'partselect' 'trunc_ln818_33' <Predicate = true> <Delay = 0.00>
ST_1 : Operation 144 [1/1] (0.00ns)   --->   "%sext_ln818_1021 = sext i14 %trunc_ln818_33"   --->   Operation 144 'sext' 'sext_ln818_1021' <Predicate = true> <Delay = 0.00>
ST_1 : Operation 145 [1/1] (0.00ns)   --->   "%sext_ln70_730 = sext i16 %p_read739" [/home/kaxiotis/Vitis_Accel_Projects/vitis_accel_prj/firmware/nnet_utils/nnet_mult.h:70]   --->   Operation 145 'sext' 'sext_ln70_730' <Predicate = true> <Delay = 0.00>
ST_1 : Operation 146 [1/1] (0.00ns)   --->   "%sext_ln70_731 = sext i16 %p_read739" [/home/kaxiotis/Vitis_Accel_Projects/vitis_accel_prj/firmware/nnet_utils/nnet_mult.h:70]   --->   Operation 146 'sext' 'sext_ln70_731' <Predicate = true> <Delay = 0.00>
ST_1 : Operation 147 [1/1] (2.25ns)   --->   "%mul_ln1270_95 = mul i26 %sext_ln70_730, i26 540"   --->   Operation 147 'mul' 'mul_ln1270_95' <Predicate = true> <Delay = 2.25> <CoreInst = "Mul_LUT">   --->   Core 4 'Mul_LUT' <Latency = 0> <II = 1> <Delay = 2.25> <FuncUnit> <Opcode : 'mul'> <InPorts = 2> <OutPorts = 1>
ST_1 : Operation 148 [1/1] (0.00ns)   --->   "%trunc_ln818_34 = partselect i16 @_ssdm_op_PartSelect.i16.i26.i32.i32, i26 %mul_ln1270_95, i32 10, i32 25"   --->   Operation 148 'partselect' 'trunc_ln818_34' <Predicate = true> <Delay = 0.00>
ST_1 : Operation 149 [1/1] (2.03ns)   --->   "%r_V_3273 = mul i25 %sext_ln70_731, i25 33554231"   --->   Operation 149 'mul' 'r_V_3273' <Predicate = true> <Delay = 2.03> <CoreInst = "Mul_LUT">   --->   Core 4 'Mul_LUT' <Latency = 0> <II = 1> <Delay = 2.03> <FuncUnit> <Opcode : 'mul'> <InPorts = 2> <OutPorts = 1>
ST_1 : Operation 150 [1/1] (0.00ns)   --->   "%trunc_ln818_35 = partselect i15 @_ssdm_op_PartSelect.i15.i25.i32.i32, i25 %r_V_3273, i32 10, i32 24"   --->   Operation 150 'partselect' 'trunc_ln818_35' <Predicate = true> <Delay = 0.00>
ST_1 : Operation 151 [1/1] (2.09ns)   --->   "%r_V_3274 = mul i26 %sext_ln70_730, i26 67108492"   --->   Operation 151 'mul' 'r_V_3274' <Predicate = true> <Delay = 2.09> <CoreInst = "Mul_LUT">   --->   Core 4 'Mul_LUT' <Latency = 0> <II = 1> <Delay = 2.09> <FuncUnit> <Opcode : 'mul'> <InPorts = 2> <OutPorts = 1>
ST_1 : Operation 152 [1/1] (0.00ns)   --->   "%trunc_ln818_36 = partselect i16 @_ssdm_op_PartSelect.i16.i26.i32.i32, i26 %r_V_3274, i32 10, i32 25"   --->   Operation 152 'partselect' 'trunc_ln818_36' <Predicate = true> <Delay = 0.00>
ST_1 : Operation 153 [1/1] (2.03ns)   --->   "%r_V_3275 = mul i25 %sext_ln70_731, i25 33554193"   --->   Operation 153 'mul' 'r_V_3275' <Predicate = true> <Delay = 2.03> <CoreInst = "Mul_LUT">   --->   Core 4 'Mul_LUT' <Latency = 0> <II = 1> <Delay = 2.03> <FuncUnit> <Opcode : 'mul'> <InPorts = 2> <OutPorts = 1>
ST_1 : Operation 154 [1/1] (0.00ns)   --->   "%trunc_ln818_37 = partselect i15 @_ssdm_op_PartSelect.i15.i25.i32.i32, i25 %r_V_3275, i32 10, i32 24"   --->   Operation 154 'partselect' 'trunc_ln818_37' <Predicate = true> <Delay = 0.00>
ST_1 : Operation 155 [1/1] (0.00ns)   --->   "%sext_ln818_1023 = sext i15 %trunc_ln818_37"   --->   Operation 155 'sext' 'sext_ln818_1023' <Predicate = true> <Delay = 0.00>
ST_1 : Operation 156 [1/1] (0.00ns)   --->   "%shl_ln1273_638 = bitconcatenate i19 @_ssdm_op_BitConcatenate.i19.i16.i3, i16 %p_read739, i3 0"   --->   Operation 156 'bitconcatenate' 'shl_ln1273_638' <Predicate = true> <Delay = 0.00>
ST_1 : Operation 157 [1/1] (0.00ns)   --->   "%sext_ln1273_914 = sext i19 %shl_ln1273_638"   --->   Operation 157 'sext' 'sext_ln1273_914' <Predicate = true> <Delay = 0.00>
ST_1 : Operation 158 [1/1] (0.00ns)   --->   "%shl_ln1273_639 = bitconcatenate i17 @_ssdm_op_BitConcatenate.i17.i16.i1, i16 %p_read739, i1 0"   --->   Operation 158 'bitconcatenate' 'shl_ln1273_639' <Predicate = true> <Delay = 0.00>
ST_1 : Operation 159 [1/1] (0.00ns)   --->   "%sext_ln1273_915 = sext i17 %shl_ln1273_639"   --->   Operation 159 'sext' 'sext_ln1273_915' <Predicate = true> <Delay = 0.00>
ST_1 : Operation 160 [1/1] (0.84ns)   --->   "%r_V_3276 = sub i20 %sext_ln1273_915, i20 %sext_ln1273_914"   --->   Operation 160 'sub' 'r_V_3276' <Predicate = true> <Delay = 0.84> <CoreInst = "Adder">   --->   Core 1 'Adder' <Latency = 0> <II = 1> <Delay = 0.84> <FuncUnit> <Opcode : 'add' 'sub'> <InPorts = 2> <OutPorts = 1>
ST_1 : Operation 161 [1/1] (0.00ns)   --->   "%trunc_ln818_38 = partselect i10 @_ssdm_op_PartSelect.i10.i20.i32.i32, i20 %r_V_3276, i32 10, i32 19"   --->   Operation 161 'partselect' 'trunc_ln818_38' <Predicate = true> <Delay = 0.00>
ST_1 : Operation 162 [1/1] (0.00ns)   --->   "%sext_ln70_732 = sext i10 %trunc_ln818_38" [/home/kaxiotis/Vitis_Accel_Projects/vitis_accel_prj/firmware/nnet_utils/nnet_mult.h:70]   --->   Operation 162 'sext' 'sext_ln70_732' <Predicate = true> <Delay = 0.00>
ST_1 : Operation 163 [1/1] (0.00ns)   --->   "%sext_ln70_733 = sext i16 %p_read840" [/home/kaxiotis/Vitis_Accel_Projects/vitis_accel_prj/firmware/nnet_utils/nnet_mult.h:70]   --->   Operation 163 'sext' 'sext_ln70_733' <Predicate = true> <Delay = 0.00>
ST_1 : Operation 164 [1/1] (0.00ns)   --->   "%sext_ln70_734 = sext i16 %p_read840" [/home/kaxiotis/Vitis_Accel_Projects/vitis_accel_prj/firmware/nnet_utils/nnet_mult.h:70]   --->   Operation 164 'sext' 'sext_ln70_734' <Predicate = true> <Delay = 0.00>
ST_1 : Operation 165 [1/1] (0.00ns)   --->   "%sext_ln70_735 = sext i16 %p_read840" [/home/kaxiotis/Vitis_Accel_Projects/vitis_accel_prj/firmware/nnet_utils/nnet_mult.h:70]   --->   Operation 165 'sext' 'sext_ln70_735' <Predicate = true> <Delay = 0.00>
ST_1 : Operation 166 [1/1] (0.00ns)   --->   "%shl_ln1273_640 = bitconcatenate i23 @_ssdm_op_BitConcatenate.i23.i16.i7, i16 %p_read840, i7 0"   --->   Operation 166 'bitconcatenate' 'shl_ln1273_640' <Predicate = true> <Delay = 0.00>
ST_1 : Operation 167 [1/1] (0.00ns)   --->   "%sext_ln1273_916 = sext i23 %shl_ln1273_640"   --->   Operation 167 'sext' 'sext_ln1273_916' <Predicate = true> <Delay = 0.00>
ST_1 : Operation 168 [1/1] (0.00ns)   --->   "%shl_ln1273_641 = bitconcatenate i19 @_ssdm_op_BitConcatenate.i19.i16.i3, i16 %p_read840, i3 0"   --->   Operation 168 'bitconcatenate' 'shl_ln1273_641' <Predicate = true> <Delay = 0.00>
ST_1 : Operation 169 [1/1] (0.00ns)   --->   "%sext_ln1273_917 = sext i19 %shl_ln1273_641"   --->   Operation 169 'sext' 'sext_ln1273_917' <Predicate = true> <Delay = 0.00>
ST_1 : Operation 170 [1/1] (0.85ns)   --->   "%r_V_3277 = add i24 %sext_ln1273_916, i24 %sext_ln1273_917"   --->   Operation 170 'add' 'r_V_3277' <Predicate = true> <Delay = 0.85> <CoreInst = "Adder">   --->   Core 1 'Adder' <Latency = 0> <II = 1> <Delay = 0.85> <FuncUnit> <Opcode : 'add' 'sub'> <InPorts = 2> <OutPorts = 1>
ST_1 : Operation 171 [1/1] (0.00ns)   --->   "%trunc_ln818_39 = partselect i14 @_ssdm_op_PartSelect.i14.i24.i32.i32, i24 %r_V_3277, i32 10, i32 23"   --->   Operation 171 'partselect' 'trunc_ln818_39' <Predicate = true> <Delay = 0.00>
ST_1 : Operation 172 [1/1] (0.00ns)   --->   "%sext_ln1273_950 = sext i14 %trunc_ln818_39"   --->   Operation 172 'sext' 'sext_ln1273_950' <Predicate = true> <Delay = 0.00>
ST_1 : Operation 173 [1/1] (2.09ns)   --->   "%r_V_3278 = mul i26 %sext_ln70_735, i26 373"   --->   Operation 173 'mul' 'r_V_3278' <Predicate = true> <Delay = 2.09> <CoreInst = "Mul_LUT">   --->   Core 4 'Mul_LUT' <Latency = 0> <II = 1> <Delay = 2.09> <FuncUnit> <Opcode : 'mul'> <InPorts = 2> <OutPorts = 1>
ST_1 : Operation 174 [1/1] (0.00ns)   --->   "%trunc_ln818_40 = partselect i16 @_ssdm_op_PartSelect.i16.i26.i32.i32, i26 %r_V_3278, i32 10, i32 25"   --->   Operation 174 'partselect' 'trunc_ln818_40' <Predicate = true> <Delay = 0.00>
ST_1 : Operation 175 [1/1] (2.09ns)   --->   "%r_V_3279 = mul i26 %sext_ln70_735, i26 67108481"   --->   Operation 175 'mul' 'r_V_3279' <Predicate = true> <Delay = 2.09> <CoreInst = "Mul_LUT">   --->   Core 4 'Mul_LUT' <Latency = 0> <II = 1> <Delay = 2.09> <FuncUnit> <Opcode : 'mul'> <InPorts = 2> <OutPorts = 1>
ST_1 : Operation 176 [1/1] (0.00ns)   --->   "%trunc_ln818_41 = partselect i16 @_ssdm_op_PartSelect.i16.i26.i32.i32, i26 %r_V_3279, i32 10, i32 25"   --->   Operation 176 'partselect' 'trunc_ln818_41' <Predicate = true> <Delay = 0.00>
ST_1 : Operation 177 [1/1] (1.97ns)   --->   "%r_V_3280 = mul i24 %sext_ln70_734, i24 16777139"   --->   Operation 177 'mul' 'r_V_3280' <Predicate = true> <Delay = 1.97> <CoreInst = "Mul_LUT">   --->   Core 4 'Mul_LUT' <Latency = 0> <II = 1> <Delay = 1.97> <FuncUnit> <Opcode : 'mul'> <InPorts = 2> <OutPorts = 1>
ST_1 : Operation 178 [1/1] (0.00ns)   --->   "%trunc_ln818_42 = partselect i14 @_ssdm_op_PartSelect.i14.i24.i32.i32, i24 %r_V_3280, i32 10, i32 23"   --->   Operation 178 'partselect' 'trunc_ln818_42' <Predicate = true> <Delay = 0.00>
ST_1 : Operation 179 [1/1] (0.00ns)   --->   "%sext_ln1273_951 = sext i14 %trunc_ln818_42"   --->   Operation 179 'sext' 'sext_ln1273_951' <Predicate = true> <Delay = 0.00>
ST_1 : Operation 180 [1/1] (2.03ns)   --->   "%r_V_3281 = mul i25 %sext_ln70_733, i25 214"   --->   Operation 180 'mul' 'r_V_3281' <Predicate = true> <Delay = 2.03> <CoreInst = "Mul_LUT">   --->   Core 4 'Mul_LUT' <Latency = 0> <II = 1> <Delay = 2.03> <FuncUnit> <Opcode : 'mul'> <InPorts = 2> <OutPorts = 1>
ST_1 : Operation 181 [1/1] (0.00ns)   --->   "%trunc_ln818_43 = partselect i15 @_ssdm_op_PartSelect.i15.i25.i32.i32, i25 %r_V_3281, i32 10, i32 24"   --->   Operation 181 'partselect' 'trunc_ln818_43' <Predicate = true> <Delay = 0.00>
ST_1 : Operation 182 [1/1] (0.00ns)   --->   "%sext_ln818_1024 = sext i15 %trunc_ln818_43"   --->   Operation 182 'sext' 'sext_ln818_1024' <Predicate = true> <Delay = 0.00>
ST_1 : Operation 183 [1/1] (0.00ns)   --->   "%sext_ln70_736 = sext i16 %p_read941" [/home/kaxiotis/Vitis_Accel_Projects/vitis_accel_prj/firmware/nnet_utils/nnet_mult.h:70]   --->   Operation 183 'sext' 'sext_ln70_736' <Predicate = true> <Delay = 0.00>
ST_1 : Operation 184 [1/1] (0.00ns)   --->   "%sext_ln70_737 = sext i16 %p_read941" [/home/kaxiotis/Vitis_Accel_Projects/vitis_accel_prj/firmware/nnet_utils/nnet_mult.h:70]   --->   Operation 184 'sext' 'sext_ln70_737' <Predicate = true> <Delay = 0.00>
ST_1 : Operation 185 [1/1] (0.00ns)   --->   "%sext_ln70_738 = sext i16 %p_read941" [/home/kaxiotis/Vitis_Accel_Projects/vitis_accel_prj/firmware/nnet_utils/nnet_mult.h:70]   --->   Operation 185 'sext' 'sext_ln70_738' <Predicate = true> <Delay = 0.00>
ST_1 : Operation 186 [1/1] (0.00ns)   --->   "%shl_ln1273_642 = bitconcatenate i19 @_ssdm_op_BitConcatenate.i19.i16.i3, i16 %p_read941, i3 0"   --->   Operation 186 'bitconcatenate' 'shl_ln1273_642' <Predicate = true> <Delay = 0.00>
ST_1 : Operation 187 [1/1] (0.00ns)   --->   "%sext_ln1273_918 = sext i19 %shl_ln1273_642"   --->   Operation 187 'sext' 'sext_ln1273_918' <Predicate = true> <Delay = 0.00>
ST_1 : Operation 188 [1/1] (0.00ns)   --->   "%shl_ln1273_643 = bitconcatenate i17 @_ssdm_op_BitConcatenate.i17.i16.i1, i16 %p_read941, i1 0"   --->   Operation 188 'bitconcatenate' 'shl_ln1273_643' <Predicate = true> <Delay = 0.00>
ST_1 : Operation 189 [1/1] (0.00ns)   --->   "%sext_ln1273_919 = sext i17 %shl_ln1273_643"   --->   Operation 189 'sext' 'sext_ln1273_919' <Predicate = true> <Delay = 0.00>
ST_1 : Operation 190 [1/1] (0.84ns)   --->   "%r_V_3282 = sub i20 %sext_ln1273_919, i20 %sext_ln1273_918"   --->   Operation 190 'sub' 'r_V_3282' <Predicate = true> <Delay = 0.84> <CoreInst = "Adder">   --->   Core 1 'Adder' <Latency = 0> <II = 1> <Delay = 0.84> <FuncUnit> <Opcode : 'add' 'sub'> <InPorts = 2> <OutPorts = 1>
ST_1 : Operation 191 [1/1] (0.00ns)   --->   "%trunc_ln818_44 = partselect i10 @_ssdm_op_PartSelect.i10.i20.i32.i32, i20 %r_V_3282, i32 10, i32 19"   --->   Operation 191 'partselect' 'trunc_ln818_44' <Predicate = true> <Delay = 0.00>
ST_1 : Operation 192 [1/1] (0.00ns)   --->   "%sext_ln1273_952 = sext i10 %trunc_ln818_44"   --->   Operation 192 'sext' 'sext_ln1273_952' <Predicate = true> <Delay = 0.00>
ST_1 : Operation 193 [1/1] (1.97ns)   --->   "%r_V_3283 = mul i24 %sext_ln70_738, i24 91"   --->   Operation 193 'mul' 'r_V_3283' <Predicate = true> <Delay = 1.97> <CoreInst = "Mul_LUT">   --->   Core 4 'Mul_LUT' <Latency = 0> <II = 1> <Delay = 1.97> <FuncUnit> <Opcode : 'mul'> <InPorts = 2> <OutPorts = 1>
ST_1 : Operation 194 [1/1] (0.00ns)   --->   "%trunc_ln818_45 = partselect i14 @_ssdm_op_PartSelect.i14.i24.i32.i32, i24 %r_V_3283, i32 10, i32 23"   --->   Operation 194 'partselect' 'trunc_ln818_45' <Predicate = true> <Delay = 0.00>
ST_1 : Operation 195 [1/1] (0.00ns)   --->   "%sext_ln1273_953 = sext i14 %trunc_ln818_45"   --->   Operation 195 'sext' 'sext_ln1273_953' <Predicate = true> <Delay = 0.00>
ST_1 : Operation 196 [1/1] (2.03ns)   --->   "%r_V_3284 = mul i25 %sext_ln70_737, i25 215"   --->   Operation 196 'mul' 'r_V_3284' <Predicate = true> <Delay = 2.03> <CoreInst = "Mul_LUT">   --->   Core 4 'Mul_LUT' <Latency = 0> <II = 1> <Delay = 2.03> <FuncUnit> <Opcode : 'mul'> <InPorts = 2> <OutPorts = 1>
ST_1 : Operation 197 [1/1] (0.00ns)   --->   "%trunc_ln818_46 = partselect i15 @_ssdm_op_PartSelect.i15.i25.i32.i32, i25 %r_V_3284, i32 10, i32 24"   --->   Operation 197 'partselect' 'trunc_ln818_46' <Predicate = true> <Delay = 0.00>
ST_1 : Operation 198 [1/1] (0.00ns)   --->   "%sext_ln818_1025 = sext i15 %trunc_ln818_46"   --->   Operation 198 'sext' 'sext_ln818_1025' <Predicate = true> <Delay = 0.00>
ST_1 : Operation 199 [1/1] (2.25ns)   --->   "%mul_ln1270_96 = mul i26 %sext_ln70_736, i26 67108202"   --->   Operation 199 'mul' 'mul_ln1270_96' <Predicate = true> <Delay = 2.25> <CoreInst = "Mul_LUT">   --->   Core 4 'Mul_LUT' <Latency = 0> <II = 1> <Delay = 2.25> <FuncUnit> <Opcode : 'mul'> <InPorts = 2> <OutPorts = 1>
ST_1 : Operation 200 [1/1] (0.00ns)   --->   "%trunc_ln818_47 = partselect i16 @_ssdm_op_PartSelect.i16.i26.i32.i32, i26 %mul_ln1270_96, i32 10, i32 25"   --->   Operation 200 'partselect' 'trunc_ln818_47' <Predicate = true> <Delay = 0.00>
ST_1 : Operation 201 [1/1] (2.09ns)   --->   "%r_V_3285 = mul i26 %sext_ln70_736, i26 347"   --->   Operation 201 'mul' 'r_V_3285' <Predicate = true> <Delay = 2.09> <CoreInst = "Mul_LUT">   --->   Core 4 'Mul_LUT' <Latency = 0> <II = 1> <Delay = 2.09> <FuncUnit> <Opcode : 'mul'> <InPorts = 2> <OutPorts = 1>
ST_1 : Operation 202 [1/1] (0.00ns)   --->   "%trunc_ln818_48 = partselect i16 @_ssdm_op_PartSelect.i16.i26.i32.i32, i26 %r_V_3285, i32 10, i32 25"   --->   Operation 202 'partselect' 'trunc_ln818_48' <Predicate = true> <Delay = 0.00>
ST_1 : Operation 203 [1/1] (0.00ns)   --->   "%sext_ln70_739 = sext i16 %p_read1042" [/home/kaxiotis/Vitis_Accel_Projects/vitis_accel_prj/firmware/nnet_utils/nnet_mult.h:70]   --->   Operation 203 'sext' 'sext_ln70_739' <Predicate = true> <Delay = 0.00>
ST_1 : Operation 204 [1/1] (0.00ns)   --->   "%sext_ln70_740 = sext i16 %p_read1042" [/home/kaxiotis/Vitis_Accel_Projects/vitis_accel_prj/firmware/nnet_utils/nnet_mult.h:70]   --->   Operation 204 'sext' 'sext_ln70_740' <Predicate = true> <Delay = 0.00>
ST_1 : Operation 205 [1/1] (0.00ns)   --->   "%sext_ln70_741 = sext i16 %p_read1042" [/home/kaxiotis/Vitis_Accel_Projects/vitis_accel_prj/firmware/nnet_utils/nnet_mult.h:70]   --->   Operation 205 'sext' 'sext_ln70_741' <Predicate = true> <Delay = 0.00>
ST_1 : Operation 206 [1/1] (2.09ns)   --->   "%r_V_3286 = mul i26 %sext_ln70_741, i26 391"   --->   Operation 206 'mul' 'r_V_3286' <Predicate = true> <Delay = 2.09> <CoreInst = "Mul_LUT">   --->   Core 4 'Mul_LUT' <Latency = 0> <II = 1> <Delay = 2.09> <FuncUnit> <Opcode : 'mul'> <InPorts = 2> <OutPorts = 1>
ST_1 : Operation 207 [1/1] (0.00ns)   --->   "%trunc_ln818_49 = partselect i16 @_ssdm_op_PartSelect.i16.i26.i32.i32, i26 %r_V_3286, i32 10, i32 25"   --->   Operation 207 'partselect' 'trunc_ln818_49' <Predicate = true> <Delay = 0.00>
ST_1 : Operation 208 [1/1] (2.03ns)   --->   "%r_V_3287 = mul i25 %sext_ln70_740, i25 33554181"   --->   Operation 208 'mul' 'r_V_3287' <Predicate = true> <Delay = 2.03> <CoreInst = "Mul_LUT">   --->   Core 4 'Mul_LUT' <Latency = 0> <II = 1> <Delay = 2.03> <FuncUnit> <Opcode : 'mul'> <InPorts = 2> <OutPorts = 1>
ST_1 : Operation 209 [1/1] (0.00ns)   --->   "%trunc_ln818_50 = partselect i15 @_ssdm_op_PartSelect.i15.i25.i32.i32, i25 %r_V_3287, i32 10, i32 24"   --->   Operation 209 'partselect' 'trunc_ln818_50' <Predicate = true> <Delay = 0.00>
ST_1 : Operation 210 [1/1] (0.00ns)   --->   "%sext_ln818_1026 = sext i15 %trunc_ln818_50"   --->   Operation 210 'sext' 'sext_ln818_1026' <Predicate = true> <Delay = 0.00>
ST_1 : Operation 211 [1/1] (1.97ns)   --->   "%r_V_3288 = mul i24 %sext_ln70_739, i24 16777142"   --->   Operation 211 'mul' 'r_V_3288' <Predicate = true> <Delay = 1.97> <CoreInst = "Mul_LUT">   --->   Core 4 'Mul_LUT' <Latency = 0> <II = 1> <Delay = 1.97> <FuncUnit> <Opcode : 'mul'> <InPorts = 2> <OutPorts = 1>
ST_1 : Operation 212 [1/1] (0.00ns)   --->   "%trunc_ln818_51 = partselect i14 @_ssdm_op_PartSelect.i14.i24.i32.i32, i24 %r_V_3288, i32 10, i32 23"   --->   Operation 212 'partselect' 'trunc_ln818_51' <Predicate = true> <Delay = 0.00>
ST_1 : Operation 213 [1/1] (0.00ns)   --->   "%sext_ln1273_954 = sext i14 %trunc_ln818_51"   --->   Operation 213 'sext' 'sext_ln1273_954' <Predicate = true> <Delay = 0.00>
ST_1 : Operation 214 [1/1] (2.09ns)   --->   "%r_V_3289 = mul i26 %sext_ln70_741, i26 483"   --->   Operation 214 'mul' 'r_V_3289' <Predicate = true> <Delay = 2.09> <CoreInst = "Mul_LUT">   --->   Core 4 'Mul_LUT' <Latency = 0> <II = 1> <Delay = 2.09> <FuncUnit> <Opcode : 'mul'> <InPorts = 2> <OutPorts = 1>
ST_1 : Operation 215 [1/1] (0.00ns)   --->   "%trunc_ln818_52 = partselect i16 @_ssdm_op_PartSelect.i16.i26.i32.i32, i26 %r_V_3289, i32 10, i32 25"   --->   Operation 215 'partselect' 'trunc_ln818_52' <Predicate = true> <Delay = 0.00>
ST_1 : Operation 216 [1/1] (2.03ns)   --->   "%r_V_3290 = mul i25 %sext_ln70_740, i25 33554231"   --->   Operation 216 'mul' 'r_V_3290' <Predicate = true> <Delay = 2.03> <CoreInst = "Mul_LUT">   --->   Core 4 'Mul_LUT' <Latency = 0> <II = 1> <Delay = 2.03> <FuncUnit> <Opcode : 'mul'> <InPorts = 2> <OutPorts = 1>
ST_1 : Operation 217 [1/1] (0.00ns)   --->   "%trunc_ln818_53 = partselect i15 @_ssdm_op_PartSelect.i15.i25.i32.i32, i25 %r_V_3290, i32 10, i32 24"   --->   Operation 217 'partselect' 'trunc_ln818_53' <Predicate = true> <Delay = 0.00>
ST_1 : Operation 218 [1/1] (0.00ns)   --->   "%sext_ln70_742 = sext i16 %p_read1143" [/home/kaxiotis/Vitis_Accel_Projects/vitis_accel_prj/firmware/nnet_utils/nnet_mult.h:70]   --->   Operation 218 'sext' 'sext_ln70_742' <Predicate = true> <Delay = 0.00>
ST_1 : Operation 219 [1/1] (0.00ns)   --->   "%sext_ln1270_10 = sext i16 %p_read1143"   --->   Operation 219 'sext' 'sext_ln1270_10' <Predicate = true> <Delay = 0.00>
ST_1 : Operation 220 [1/1] (0.00ns)   --->   "%sext_ln70_743 = sext i16 %p_read1143" [/home/kaxiotis/Vitis_Accel_Projects/vitis_accel_prj/firmware/nnet_utils/nnet_mult.h:70]   --->   Operation 220 'sext' 'sext_ln70_743' <Predicate = true> <Delay = 0.00>
ST_1 : Operation 221 [1/1] (1.97ns)   --->   "%r_V_3291 = mul i24 %sext_ln70_743, i24 90"   --->   Operation 221 'mul' 'r_V_3291' <Predicate = true> <Delay = 1.97> <CoreInst = "Mul_LUT">   --->   Core 4 'Mul_LUT' <Latency = 0> <II = 1> <Delay = 1.97> <FuncUnit> <Opcode : 'mul'> <InPorts = 2> <OutPorts = 1>
ST_1 : Operation 222 [1/1] (0.00ns)   --->   "%trunc_ln818_54 = partselect i14 @_ssdm_op_PartSelect.i14.i24.i32.i32, i24 %r_V_3291, i32 10, i32 23"   --->   Operation 222 'partselect' 'trunc_ln818_54' <Predicate = true> <Delay = 0.00>
ST_1 : Operation 223 [1/1] (0.00ns)   --->   "%sext_ln1273_955 = sext i14 %trunc_ln818_54"   --->   Operation 223 'sext' 'sext_ln1273_955' <Predicate = true> <Delay = 0.00>
ST_1 : Operation 224 [1/1] (2.09ns)   --->   "%r_V_3292 = mul i26 %sext_ln1270_10, i26 290"   --->   Operation 224 'mul' 'r_V_3292' <Predicate = true> <Delay = 2.09> <CoreInst = "Mul_LUT">   --->   Core 4 'Mul_LUT' <Latency = 0> <II = 1> <Delay = 2.09> <FuncUnit> <Opcode : 'mul'> <InPorts = 2> <OutPorts = 1>
ST_1 : Operation 225 [1/1] (0.00ns)   --->   "%trunc_ln818_55 = partselect i16 @_ssdm_op_PartSelect.i16.i26.i32.i32, i26 %r_V_3292, i32 10, i32 25"   --->   Operation 225 'partselect' 'trunc_ln818_55' <Predicate = true> <Delay = 0.00>
ST_1 : Operation 226 [1/1] (2.25ns)   --->   "%mul_ln1270_97 = mul i26 %sext_ln1270_10, i26 67108303"   --->   Operation 226 'mul' 'mul_ln1270_97' <Predicate = true> <Delay = 2.25> <CoreInst = "Mul_LUT">   --->   Core 4 'Mul_LUT' <Latency = 0> <II = 1> <Delay = 2.25> <FuncUnit> <Opcode : 'mul'> <InPorts = 2> <OutPorts = 1>
ST_1 : Operation 227 [1/1] (0.00ns)   --->   "%trunc_ln818_56 = partselect i16 @_ssdm_op_PartSelect.i16.i26.i32.i32, i26 %mul_ln1270_97, i32 10, i32 25"   --->   Operation 227 'partselect' 'trunc_ln818_56' <Predicate = true> <Delay = 0.00>
ST_1 : Operation 228 [1/1] (1.97ns)   --->   "%r_V_3293 = mul i24 %sext_ln70_743, i24 16777097"   --->   Operation 228 'mul' 'r_V_3293' <Predicate = true> <Delay = 1.97> <CoreInst = "Mul_LUT">   --->   Core 4 'Mul_LUT' <Latency = 0> <II = 1> <Delay = 1.97> <FuncUnit> <Opcode : 'mul'> <InPorts = 2> <OutPorts = 1>
ST_1 : Operation 229 [1/1] (0.00ns)   --->   "%trunc_ln818_57 = partselect i14 @_ssdm_op_PartSelect.i14.i24.i32.i32, i24 %r_V_3293, i32 10, i32 23"   --->   Operation 229 'partselect' 'trunc_ln818_57' <Predicate = true> <Delay = 0.00>
ST_1 : Operation 230 [1/1] (0.00ns)   --->   "%sext_ln1273_956 = sext i14 %trunc_ln818_57"   --->   Operation 230 'sext' 'sext_ln1273_956' <Predicate = true> <Delay = 0.00>
ST_1 : Operation 231 [1/1] (1.89ns)   --->   "%r_V_3294 = mul i23 %sext_ln70_742, i23 44"   --->   Operation 231 'mul' 'r_V_3294' <Predicate = true> <Delay = 1.89> <CoreInst = "Mul_LUT">   --->   Core 4 'Mul_LUT' <Latency = 0> <II = 1> <Delay = 1.89> <FuncUnit> <Opcode : 'mul'> <InPorts = 2> <OutPorts = 1>
ST_1 : Operation 232 [1/1] (0.00ns)   --->   "%trunc_ln818_58 = partselect i13 @_ssdm_op_PartSelect.i13.i23.i32.i32, i23 %r_V_3294, i32 10, i32 22"   --->   Operation 232 'partselect' 'trunc_ln818_58' <Predicate = true> <Delay = 0.00>
ST_1 : Operation 233 [1/1] (0.00ns)   --->   "%sext_ln1270_11 = sext i13 %trunc_ln818_58"   --->   Operation 233 'sext' 'sext_ln1270_11' <Predicate = true> <Delay = 0.00>
ST_1 : Operation 234 [1/1] (0.00ns)   --->   "%sext_ln1270_12 = sext i16 %p_read_190"   --->   Operation 234 'sext' 'sext_ln1270_12' <Predicate = true> <Delay = 0.00>
ST_1 : Operation 235 [1/1] (0.00ns)   --->   "%sext_ln70_744 = sext i16 %p_read_190" [/home/kaxiotis/Vitis_Accel_Projects/vitis_accel_prj/firmware/nnet_utils/nnet_mult.h:70]   --->   Operation 235 'sext' 'sext_ln70_744' <Predicate = true> <Delay = 0.00>
ST_1 : Operation 236 [1/1] (0.00ns)   --->   "%shl_ln1273_644 = bitconcatenate i25 @_ssdm_op_BitConcatenate.i25.i16.i9, i16 %p_read_190, i9 0"   --->   Operation 236 'bitconcatenate' 'shl_ln1273_644' <Predicate = true> <Delay = 0.00>
ST_1 : Operation 237 [1/1] (0.00ns)   --->   "%sext_ln1273_920 = sext i25 %shl_ln1273_644"   --->   Operation 237 'sext' 'sext_ln1273_920' <Predicate = true> <Delay = 0.00>
ST_1 : Operation 238 [1/1] (0.00ns)   --->   "%shl_ln1273_645 = bitconcatenate i21 @_ssdm_op_BitConcatenate.i21.i16.i5, i16 %p_read_190, i5 0"   --->   Operation 238 'bitconcatenate' 'shl_ln1273_645' <Predicate = true> <Delay = 0.00>
ST_1 : Operation 239 [1/1] (0.00ns)   --->   "%sext_ln1273_921 = sext i21 %shl_ln1273_645"   --->   Operation 239 'sext' 'sext_ln1273_921' <Predicate = true> <Delay = 0.00>
ST_1 : Operation 240 [1/1] (0.86ns)   --->   "%r_V_3295 = sub i26 %sext_ln1273_921, i26 %sext_ln1273_920"   --->   Operation 240 'sub' 'r_V_3295' <Predicate = true> <Delay = 0.86> <CoreInst = "Adder">   --->   Core 1 'Adder' <Latency = 0> <II = 1> <Delay = 0.87> <FuncUnit> <Opcode : 'add' 'sub'> <InPorts = 2> <OutPorts = 1>
ST_1 : Operation 241 [1/1] (0.00ns)   --->   "%trunc_ln818_59 = partselect i16 @_ssdm_op_PartSelect.i16.i26.i32.i32, i26 %r_V_3295, i32 10, i32 25"   --->   Operation 241 'partselect' 'trunc_ln818_59' <Predicate = true> <Delay = 0.00>
ST_1 : Operation 242 [1/1] (2.09ns)   --->   "%r_V_3296 = mul i26 %sext_ln1270_12, i26 67108374"   --->   Operation 242 'mul' 'r_V_3296' <Predicate = true> <Delay = 2.09> <CoreInst = "Mul_LUT">   --->   Core 4 'Mul_LUT' <Latency = 0> <II = 1> <Delay = 2.09> <FuncUnit> <Opcode : 'mul'> <InPorts = 2> <OutPorts = 1>
ST_1 : Operation 243 [1/1] (0.00ns)   --->   "%trunc_ln818_60 = partselect i16 @_ssdm_op_PartSelect.i16.i26.i32.i32, i26 %r_V_3296, i32 10, i32 25"   --->   Operation 243 'partselect' 'trunc_ln818_60' <Predicate = true> <Delay = 0.00>
ST_1 : Operation 244 [1/1] (0.86ns)   --->   "%r_V_3297 = sub i26 0, i26 %sext_ln1273_920"   --->   Operation 244 'sub' 'r_V_3297' <Predicate = true> <Delay = 0.86> <CoreInst = "Adder">   --->   Core 1 'Adder' <Latency = 0> <II = 1> <Delay = 0.87> <FuncUnit> <Opcode : 'add' 'sub'> <InPorts = 2> <OutPorts = 1>
ST_1 : Operation 245 [1/1] (0.00ns)   --->   "%trunc_ln818_61 = partselect i16 @_ssdm_op_PartSelect.i16.i26.i32.i32, i26 %r_V_3297, i32 10, i32 25"   --->   Operation 245 'partselect' 'trunc_ln818_61' <Predicate = true> <Delay = 0.00>
ST_1 : Operation 246 [1/1] (2.03ns)   --->   "%r_V_3298 = mul i25 %sext_ln70_744, i25 33554271"   --->   Operation 246 'mul' 'r_V_3298' <Predicate = true> <Delay = 2.03> <CoreInst = "Mul_LUT">   --->   Core 4 'Mul_LUT' <Latency = 0> <II = 1> <Delay = 2.03> <FuncUnit> <Opcode : 'mul'> <InPorts = 2> <OutPorts = 1>
ST_1 : Operation 247 [1/1] (0.00ns)   --->   "%trunc_ln818_62 = partselect i15 @_ssdm_op_PartSelect.i15.i25.i32.i32, i25 %r_V_3298, i32 10, i32 24"   --->   Operation 247 'partselect' 'trunc_ln818_62' <Predicate = true> <Delay = 0.00>
ST_1 : Operation 248 [1/1] (2.25ns)   --->   "%mul_ln1270_98 = mul i26 %sext_ln1270_12, i26 664"   --->   Operation 248 'mul' 'mul_ln1270_98' <Predicate = true> <Delay = 2.25> <CoreInst = "Mul_LUT">   --->   Core 4 'Mul_LUT' <Latency = 0> <II = 1> <Delay = 2.25> <FuncUnit> <Opcode : 'mul'> <InPorts = 2> <OutPorts = 1>
ST_1 : Operation 249 [1/1] (0.00ns)   --->   "%trunc_ln818_63 = partselect i16 @_ssdm_op_PartSelect.i16.i26.i32.i32, i26 %mul_ln1270_98, i32 10, i32 25"   --->   Operation 249 'partselect' 'trunc_ln818_63' <Predicate = true> <Delay = 0.00>
ST_1 : Operation 250 [1/1] (0.00ns)   --->   "%sext_ln70_745 = sext i16 %p_read_189" [/home/kaxiotis/Vitis_Accel_Projects/vitis_accel_prj/firmware/nnet_utils/nnet_mult.h:70]   --->   Operation 250 'sext' 'sext_ln70_745' <Predicate = true> <Delay = 0.00>
ST_1 : Operation 251 [1/1] (0.00ns)   --->   "%sext_ln70_746 = sext i16 %p_read_189" [/home/kaxiotis/Vitis_Accel_Projects/vitis_accel_prj/firmware/nnet_utils/nnet_mult.h:70]   --->   Operation 251 'sext' 'sext_ln70_746' <Predicate = true> <Delay = 0.00>
ST_1 : Operation 252 [1/1] (0.00ns)   --->   "%sext_ln70_747 = sext i16 %p_read_189" [/home/kaxiotis/Vitis_Accel_Projects/vitis_accel_prj/firmware/nnet_utils/nnet_mult.h:70]   --->   Operation 252 'sext' 'sext_ln70_747' <Predicate = true> <Delay = 0.00>
ST_1 : Operation 253 [1/1] (0.00ns)   --->   "%shl_ln1273_646 = bitconcatenate i25 @_ssdm_op_BitConcatenate.i25.i16.i9, i16 %p_read_189, i9 0"   --->   Operation 253 'bitconcatenate' 'shl_ln1273_646' <Predicate = true> <Delay = 0.00>
ST_1 : Operation 254 [1/1] (0.00ns)   --->   "%sext_ln1273_922 = sext i25 %shl_ln1273_646"   --->   Operation 254 'sext' 'sext_ln1273_922' <Predicate = true> <Delay = 0.00>
ST_1 : Operation 255 [1/1] (0.86ns)   --->   "%r_V_3299 = sub i26 %sext_ln1273_922, i26 %sext_ln70_746"   --->   Operation 255 'sub' 'r_V_3299' <Predicate = true> <Delay = 0.86> <CoreInst = "Adder">   --->   Core 1 'Adder' <Latency = 0> <II = 1> <Delay = 0.87> <FuncUnit> <Opcode : 'add' 'sub'> <InPorts = 2> <OutPorts = 1>
ST_1 : Operation 256 [1/1] (0.00ns)   --->   "%trunc_ln818_64 = partselect i16 @_ssdm_op_PartSelect.i16.i26.i32.i32, i26 %r_V_3299, i32 10, i32 25"   --->   Operation 256 'partselect' 'trunc_ln818_64' <Predicate = true> <Delay = 0.00>
ST_1 : Operation 257 [1/1] (1.97ns)   --->   "%r_V_3300 = mul i24 %sext_ln70_745, i24 16777107"   --->   Operation 257 'mul' 'r_V_3300' <Predicate = true> <Delay = 1.97> <CoreInst = "Mul_LUT">   --->   Core 4 'Mul_LUT' <Latency = 0> <II = 1> <Delay = 1.97> <FuncUnit> <Opcode : 'mul'> <InPorts = 2> <OutPorts = 1>
ST_1 : Operation 258 [1/1] (0.00ns)   --->   "%trunc_ln818_65 = partselect i14 @_ssdm_op_PartSelect.i14.i24.i32.i32, i24 %r_V_3300, i32 10, i32 23"   --->   Operation 258 'partselect' 'trunc_ln818_65' <Predicate = true> <Delay = 0.00>
ST_1 : Operation 259 [1/1] (0.00ns)   --->   "%sext_ln1273_957 = sext i14 %trunc_ln818_65"   --->   Operation 259 'sext' 'sext_ln1273_957' <Predicate = true> <Delay = 0.00>
ST_1 : Operation 260 [1/1] (2.03ns)   --->   "%r_V_3301 = mul i25 %sext_ln70_747, i25 33554204"   --->   Operation 260 'mul' 'r_V_3301' <Predicate = true> <Delay = 2.03> <CoreInst = "Mul_LUT">   --->   Core 4 'Mul_LUT' <Latency = 0> <II = 1> <Delay = 2.03> <FuncUnit> <Opcode : 'mul'> <InPorts = 2> <OutPorts = 1>
ST_1 : Operation 261 [1/1] (0.00ns)   --->   "%trunc_ln818_66 = partselect i15 @_ssdm_op_PartSelect.i15.i25.i32.i32, i25 %r_V_3301, i32 10, i32 24"   --->   Operation 261 'partselect' 'trunc_ln818_66' <Predicate = true> <Delay = 0.00>
ST_1 : Operation 262 [1/1] (2.09ns)   --->   "%r_V_3302 = mul i26 %sext_ln70_746, i26 67108599"   --->   Operation 262 'mul' 'r_V_3302' <Predicate = true> <Delay = 2.09> <CoreInst = "Mul_LUT">   --->   Core 4 'Mul_LUT' <Latency = 0> <II = 1> <Delay = 2.09> <FuncUnit> <Opcode : 'mul'> <InPorts = 2> <OutPorts = 1>
ST_1 : Operation 263 [1/1] (0.00ns)   --->   "%trunc_ln818_67 = partselect i16 @_ssdm_op_PartSelect.i16.i26.i32.i32, i26 %r_V_3302, i32 10, i32 25"   --->   Operation 263 'partselect' 'trunc_ln818_67' <Predicate = true> <Delay = 0.00>
ST_1 : Operation 264 [1/1] (2.09ns)   --->   "%r_V_3303 = mul i26 %sext_ln70_746, i26 67108573"   --->   Operation 264 'mul' 'r_V_3303' <Predicate = true> <Delay = 2.09> <CoreInst = "Mul_LUT">   --->   Core 4 'Mul_LUT' <Latency = 0> <II = 1> <Delay = 2.09> <FuncUnit> <Opcode : 'mul'> <InPorts = 2> <OutPorts = 1>
ST_1 : Operation 265 [1/1] (0.00ns)   --->   "%trunc_ln818_68 = partselect i16 @_ssdm_op_PartSelect.i16.i26.i32.i32, i26 %r_V_3303, i32 10, i32 25"   --->   Operation 265 'partselect' 'trunc_ln818_68' <Predicate = true> <Delay = 0.00>
ST_1 : Operation 266 [1/1] (0.00ns)   --->   "%sext_ln70_748 = sext i16 %p_read_188" [/home/kaxiotis/Vitis_Accel_Projects/vitis_accel_prj/firmware/nnet_utils/nnet_mult.h:70]   --->   Operation 266 'sext' 'sext_ln70_748' <Predicate = true> <Delay = 0.00>
ST_1 : Operation 267 [1/1] (0.00ns)   --->   "%sext_ln70_749 = sext i16 %p_read_188" [/home/kaxiotis/Vitis_Accel_Projects/vitis_accel_prj/firmware/nnet_utils/nnet_mult.h:70]   --->   Operation 267 'sext' 'sext_ln70_749' <Predicate = true> <Delay = 0.00>
ST_1 : Operation 268 [1/1] (0.00ns)   --->   "%sext_ln70_750 = sext i16 %p_read_188" [/home/kaxiotis/Vitis_Accel_Projects/vitis_accel_prj/firmware/nnet_utils/nnet_mult.h:70]   --->   Operation 268 'sext' 'sext_ln70_750' <Predicate = true> <Delay = 0.00>
ST_1 : Operation 269 [1/1] (1.97ns)   --->   "%r_V_3304 = mul i24 %sext_ln70_750, i24 84"   --->   Operation 269 'mul' 'r_V_3304' <Predicate = true> <Delay = 1.97> <CoreInst = "Mul_LUT">   --->   Core 4 'Mul_LUT' <Latency = 0> <II = 1> <Delay = 1.97> <FuncUnit> <Opcode : 'mul'> <InPorts = 2> <OutPorts = 1>
ST_1 : Operation 270 [1/1] (0.00ns)   --->   "%trunc_ln818_69 = partselect i14 @_ssdm_op_PartSelect.i14.i24.i32.i32, i24 %r_V_3304, i32 10, i32 23"   --->   Operation 270 'partselect' 'trunc_ln818_69' <Predicate = true> <Delay = 0.00>
ST_1 : Operation 271 [1/1] (0.00ns)   --->   "%sext_ln1273_958 = sext i14 %trunc_ln818_69"   --->   Operation 271 'sext' 'sext_ln1273_958' <Predicate = true> <Delay = 0.00>
ST_1 : Operation 272 [1/1] (2.03ns)   --->   "%r_V_3305 = mul i25 %sext_ln70_749, i25 182"   --->   Operation 272 'mul' 'r_V_3305' <Predicate = true> <Delay = 2.03> <CoreInst = "Mul_LUT">   --->   Core 4 'Mul_LUT' <Latency = 0> <II = 1> <Delay = 2.03> <FuncUnit> <Opcode : 'mul'> <InPorts = 2> <OutPorts = 1>
ST_1 : Operation 273 [1/1] (0.00ns)   --->   "%trunc_ln818_70 = partselect i15 @_ssdm_op_PartSelect.i15.i25.i32.i32, i25 %r_V_3305, i32 10, i32 24"   --->   Operation 273 'partselect' 'trunc_ln818_70' <Predicate = true> <Delay = 0.00>
ST_1 : Operation 274 [1/1] (0.00ns)   --->   "%sext_ln818_1030 = sext i15 %trunc_ln818_70"   --->   Operation 274 'sext' 'sext_ln818_1030' <Predicate = true> <Delay = 0.00>
ST_1 : Operation 275 [1/1] (2.25ns)   --->   "%mul_ln1270_99 = mul i26 %sext_ln70_748, i26 67107965"   --->   Operation 275 'mul' 'mul_ln1270_99' <Predicate = true> <Delay = 2.25> <CoreInst = "Mul_LUT">   --->   Core 4 'Mul_LUT' <Latency = 0> <II = 1> <Delay = 2.25> <FuncUnit> <Opcode : 'mul'> <InPorts = 2> <OutPorts = 1>
ST_1 : Operation 276 [1/1] (0.00ns)   --->   "%trunc_ln818_71 = partselect i16 @_ssdm_op_PartSelect.i16.i26.i32.i32, i26 %mul_ln1270_99, i32 10, i32 25"   --->   Operation 276 'partselect' 'trunc_ln818_71' <Predicate = true> <Delay = 0.00>
ST_1 : Operation 277 [1/1] (2.09ns)   --->   "%r_V_3306 = mul i26 %sext_ln70_748, i26 475"   --->   Operation 277 'mul' 'r_V_3306' <Predicate = true> <Delay = 2.09> <CoreInst = "Mul_LUT">   --->   Core 4 'Mul_LUT' <Latency = 0> <II = 1> <Delay = 2.09> <FuncUnit> <Opcode : 'mul'> <InPorts = 2> <OutPorts = 1>
ST_1 : Operation 278 [1/1] (0.00ns)   --->   "%trunc_ln818_72 = partselect i16 @_ssdm_op_PartSelect.i16.i26.i32.i32, i26 %r_V_3306, i32 10, i32 25"   --->   Operation 278 'partselect' 'trunc_ln818_72' <Predicate = true> <Delay = 0.00>
ST_1 : Operation 279 [1/1] (2.09ns)   --->   "%r_V_3307 = mul i26 %sext_ln70_748, i26 287"   --->   Operation 279 'mul' 'r_V_3307' <Predicate = true> <Delay = 2.09> <CoreInst = "Mul_LUT">   --->   Core 4 'Mul_LUT' <Latency = 0> <II = 1> <Delay = 2.09> <FuncUnit> <Opcode : 'mul'> <InPorts = 2> <OutPorts = 1>
ST_1 : Operation 280 [1/1] (0.00ns)   --->   "%trunc_ln818_73 = partselect i16 @_ssdm_op_PartSelect.i16.i26.i32.i32, i26 %r_V_3307, i32 10, i32 25"   --->   Operation 280 'partselect' 'trunc_ln818_73' <Predicate = true> <Delay = 0.00>
ST_1 : Operation 281 [1/1] (0.00ns)   --->   "%sext_ln1270_13 = sext i16 %p_read_187"   --->   Operation 281 'sext' 'sext_ln1270_13' <Predicate = true> <Delay = 0.00>
ST_1 : Operation 282 [1/1] (0.00ns)   --->   "%sext_ln70_751 = sext i16 %p_read_187" [/home/kaxiotis/Vitis_Accel_Projects/vitis_accel_prj/firmware/nnet_utils/nnet_mult.h:70]   --->   Operation 282 'sext' 'sext_ln70_751' <Predicate = true> <Delay = 0.00>
ST_1 : Operation 283 [1/1] (0.00ns)   --->   "%shl_ln1273_647 = bitconcatenate i17 @_ssdm_op_BitConcatenate.i17.i16.i1, i16 %p_read_187, i1 0"   --->   Operation 283 'bitconcatenate' 'shl_ln1273_647' <Predicate = true> <Delay = 0.00>
ST_1 : Operation 284 [1/1] (0.00ns)   --->   "%sext_ln1273_923 = sext i17 %shl_ln1273_647"   --->   Operation 284 'sext' 'sext_ln1273_923' <Predicate = true> <Delay = 0.00>
ST_1 : Operation 285 [1/1] (0.82ns)   --->   "%r_V_3308 = sub i18 0, i18 %sext_ln1273_923"   --->   Operation 285 'sub' 'r_V_3308' <Predicate = true> <Delay = 0.82> <CoreInst = "Adder">   --->   Core 1 'Adder' <Latency = 0> <II = 1> <Delay = 0.83> <FuncUnit> <Opcode : 'add' 'sub'> <InPorts = 2> <OutPorts = 1>
ST_1 : Operation 286 [1/1] (0.00ns)   --->   "%trunc_ln818_74 = partselect i8 @_ssdm_op_PartSelect.i8.i18.i32.i32, i18 %r_V_3308, i32 10, i32 17"   --->   Operation 286 'partselect' 'trunc_ln818_74' <Predicate = true> <Delay = 0.00>
ST_1 : Operation 287 [1/1] (0.00ns)   --->   "%sext_ln1273_959 = sext i8 %trunc_ln818_74"   --->   Operation 287 'sext' 'sext_ln1273_959' <Predicate = true> <Delay = 0.00>
ST_1 : Operation 288 [1/1] (1.97ns)   --->   "%r_V_3309 = mul i24 %sext_ln70_751, i24 16777114"   --->   Operation 288 'mul' 'r_V_3309' <Predicate = true> <Delay = 1.97> <CoreInst = "Mul_LUT">   --->   Core 4 'Mul_LUT' <Latency = 0> <II = 1> <Delay = 1.97> <FuncUnit> <Opcode : 'mul'> <InPorts = 2> <OutPorts = 1>
ST_1 : Operation 289 [1/1] (0.00ns)   --->   "%trunc_ln818_75 = partselect i14 @_ssdm_op_PartSelect.i14.i24.i32.i32, i24 %r_V_3309, i32 10, i32 23"   --->   Operation 289 'partselect' 'trunc_ln818_75' <Predicate = true> <Delay = 0.00>
ST_1 : Operation 290 [1/1] (0.00ns)   --->   "%sext_ln1273_960 = sext i14 %trunc_ln818_75"   --->   Operation 290 'sext' 'sext_ln1273_960' <Predicate = true> <Delay = 0.00>
ST_1 : Operation 291 [1/1] (2.09ns)   --->   "%r_V_3310 = mul i26 %sext_ln1270_13, i26 67108547"   --->   Operation 291 'mul' 'r_V_3310' <Predicate = true> <Delay = 2.09> <CoreInst = "Mul_LUT">   --->   Core 4 'Mul_LUT' <Latency = 0> <II = 1> <Delay = 2.09> <FuncUnit> <Opcode : 'mul'> <InPorts = 2> <OutPorts = 1>
ST_1 : Operation 292 [1/1] (0.00ns)   --->   "%trunc_ln818_76 = partselect i16 @_ssdm_op_PartSelect.i16.i26.i32.i32, i26 %r_V_3310, i32 10, i32 25"   --->   Operation 292 'partselect' 'trunc_ln818_76' <Predicate = true> <Delay = 0.00>
ST_1 : Operation 293 [1/1] (2.25ns)   --->   "%mul_ln1270_100 = mul i26 %sext_ln1270_13, i26 867"   --->   Operation 293 'mul' 'mul_ln1270_100' <Predicate = true> <Delay = 2.25> <CoreInst = "Mul_LUT">   --->   Core 4 'Mul_LUT' <Latency = 0> <II = 1> <Delay = 2.25> <FuncUnit> <Opcode : 'mul'> <InPorts = 2> <OutPorts = 1>
ST_1 : Operation 294 [1/1] (0.00ns)   --->   "%trunc_ln818_77 = partselect i16 @_ssdm_op_PartSelect.i16.i26.i32.i32, i26 %mul_ln1270_100, i32 10, i32 25"   --->   Operation 294 'partselect' 'trunc_ln818_77' <Predicate = true> <Delay = 0.00>
ST_1 : Operation 295 [1/1] (2.09ns)   --->   "%r_V_3311 = mul i26 %sext_ln1270_13, i26 67108495"   --->   Operation 295 'mul' 'r_V_3311' <Predicate = true> <Delay = 2.09> <CoreInst = "Mul_LUT">   --->   Core 4 'Mul_LUT' <Latency = 0> <II = 1> <Delay = 2.09> <FuncUnit> <Opcode : 'mul'> <InPorts = 2> <OutPorts = 1>
ST_1 : Operation 296 [1/1] (0.00ns)   --->   "%trunc_ln818_78 = partselect i16 @_ssdm_op_PartSelect.i16.i26.i32.i32, i26 %r_V_3311, i32 10, i32 25"   --->   Operation 296 'partselect' 'trunc_ln818_78' <Predicate = true> <Delay = 0.00>
ST_1 : Operation 297 [1/1] (0.00ns)   --->   "%sext_ln70_752 = sext i16 %p_read_186" [/home/kaxiotis/Vitis_Accel_Projects/vitis_accel_prj/firmware/nnet_utils/nnet_mult.h:70]   --->   Operation 297 'sext' 'sext_ln70_752' <Predicate = true> <Delay = 0.00>
ST_1 : Operation 298 [1/1] (0.00ns)   --->   "%sext_ln70_753 = sext i16 %p_read_186" [/home/kaxiotis/Vitis_Accel_Projects/vitis_accel_prj/firmware/nnet_utils/nnet_mult.h:70]   --->   Operation 298 'sext' 'sext_ln70_753' <Predicate = true> <Delay = 0.00>
ST_1 : Operation 299 [1/1] (0.00ns)   --->   "%sext_ln70_754 = sext i16 %p_read_186" [/home/kaxiotis/Vitis_Accel_Projects/vitis_accel_prj/firmware/nnet_utils/nnet_mult.h:70]   --->   Operation 299 'sext' 'sext_ln70_754' <Predicate = true> <Delay = 0.00>
ST_1 : Operation 300 [1/1] (0.00ns)   --->   "%shl_ln1273_648 = bitconcatenate i24 @_ssdm_op_BitConcatenate.i24.i16.i8, i16 %p_read_186, i8 0"   --->   Operation 300 'bitconcatenate' 'shl_ln1273_648' <Predicate = true> <Delay = 0.00>
ST_1 : Operation 301 [1/1] (0.00ns)   --->   "%sext_ln1273_924 = sext i24 %shl_ln1273_648"   --->   Operation 301 'sext' 'sext_ln1273_924' <Predicate = true> <Delay = 0.00>
ST_1 : Operation 302 [1/1] (0.85ns)   --->   "%r_V_3312 = sub i25 %sext_ln1273_924, i25 %sext_ln70_753"   --->   Operation 302 'sub' 'r_V_3312' <Predicate = true> <Delay = 0.85> <CoreInst = "Adder">   --->   Core 1 'Adder' <Latency = 0> <II = 1> <Delay = 0.86> <FuncUnit> <Opcode : 'add' 'sub'> <InPorts = 2> <OutPorts = 1>
ST_1 : Operation 303 [1/1] (0.00ns)   --->   "%trunc_ln818_79 = partselect i15 @_ssdm_op_PartSelect.i15.i25.i32.i32, i25 %r_V_3312, i32 10, i32 24"   --->   Operation 303 'partselect' 'trunc_ln818_79' <Predicate = true> <Delay = 0.00>
ST_1 : Operation 304 [1/1] (0.00ns)   --->   "%sext_ln818_1031 = sext i15 %trunc_ln818_79"   --->   Operation 304 'sext' 'sext_ln818_1031' <Predicate = true> <Delay = 0.00>
ST_1 : Operation 305 [1/1] (1.97ns)   --->   "%r_V_3313 = mul i24 %sext_ln70_754, i24 117"   --->   Operation 305 'mul' 'r_V_3313' <Predicate = true> <Delay = 1.97> <CoreInst = "Mul_LUT">   --->   Core 4 'Mul_LUT' <Latency = 0> <II = 1> <Delay = 1.97> <FuncUnit> <Opcode : 'mul'> <InPorts = 2> <OutPorts = 1>
ST_1 : Operation 306 [1/1] (0.00ns)   --->   "%trunc_ln818_80 = partselect i14 @_ssdm_op_PartSelect.i14.i24.i32.i32, i24 %r_V_3313, i32 10, i32 23"   --->   Operation 306 'partselect' 'trunc_ln818_80' <Predicate = true> <Delay = 0.00>
ST_1 : Operation 307 [1/1] (0.00ns)   --->   "%sext_ln1273_961 = sext i14 %trunc_ln818_80"   --->   Operation 307 'sext' 'sext_ln1273_961' <Predicate = true> <Delay = 0.00>
ST_1 : Operation 308 [1/1] (1.97ns)   --->   "%r_V_3314 = mul i24 %sext_ln70_754, i24 16777123"   --->   Operation 308 'mul' 'r_V_3314' <Predicate = true> <Delay = 1.97> <CoreInst = "Mul_LUT">   --->   Core 4 'Mul_LUT' <Latency = 0> <II = 1> <Delay = 1.97> <FuncUnit> <Opcode : 'mul'> <InPorts = 2> <OutPorts = 1>
ST_1 : Operation 309 [1/1] (0.00ns)   --->   "%trunc_ln818_81 = partselect i14 @_ssdm_op_PartSelect.i14.i24.i32.i32, i24 %r_V_3314, i32 10, i32 23"   --->   Operation 309 'partselect' 'trunc_ln818_81' <Predicate = true> <Delay = 0.00>
ST_1 : Operation 310 [1/1] (0.00ns)   --->   "%sext_ln1273_962 = sext i14 %trunc_ln818_81"   --->   Operation 310 'sext' 'sext_ln1273_962' <Predicate = true> <Delay = 0.00>
ST_1 : Operation 311 [1/1] (2.03ns)   --->   "%r_V_3315 = mul i25 %sext_ln70_753, i25 33554194"   --->   Operation 311 'mul' 'r_V_3315' <Predicate = true> <Delay = 2.03> <CoreInst = "Mul_LUT">   --->   Core 4 'Mul_LUT' <Latency = 0> <II = 1> <Delay = 2.03> <FuncUnit> <Opcode : 'mul'> <InPorts = 2> <OutPorts = 1>
ST_1 : Operation 312 [1/1] (0.00ns)   --->   "%trunc_ln818_82 = partselect i15 @_ssdm_op_PartSelect.i15.i25.i32.i32, i25 %r_V_3315, i32 10, i32 24"   --->   Operation 312 'partselect' 'trunc_ln818_82' <Predicate = true> <Delay = 0.00>
ST_1 : Operation 313 [1/1] (2.09ns)   --->   "%r_V_3316 = mul i26 %sext_ln70_752, i26 67108496"   --->   Operation 313 'mul' 'r_V_3316' <Predicate = true> <Delay = 2.09> <CoreInst = "Mul_LUT">   --->   Core 4 'Mul_LUT' <Latency = 0> <II = 1> <Delay = 2.09> <FuncUnit> <Opcode : 'mul'> <InPorts = 2> <OutPorts = 1>
ST_1 : Operation 314 [1/1] (0.00ns)   --->   "%trunc_ln818_83 = partselect i16 @_ssdm_op_PartSelect.i16.i26.i32.i32, i26 %r_V_3316, i32 10, i32 25"   --->   Operation 314 'partselect' 'trunc_ln818_83' <Predicate = true> <Delay = 0.00>
ST_1 : Operation 315 [1/1] (0.00ns)   --->   "%sext_ln70_755 = sext i16 %p_read_185" [/home/kaxiotis/Vitis_Accel_Projects/vitis_accel_prj/firmware/nnet_utils/nnet_mult.h:70]   --->   Operation 315 'sext' 'sext_ln70_755' <Predicate = true> <Delay = 0.00>
ST_1 : Operation 316 [1/1] (0.00ns)   --->   "%sext_ln70_756 = sext i16 %p_read_185" [/home/kaxiotis/Vitis_Accel_Projects/vitis_accel_prj/firmware/nnet_utils/nnet_mult.h:70]   --->   Operation 316 'sext' 'sext_ln70_756' <Predicate = true> <Delay = 0.00>
ST_1 : Operation 317 [1/1] (0.00ns)   --->   "%shl_ln1273_649 = bitconcatenate i20 @_ssdm_op_BitConcatenate.i20.i16.i4, i16 %p_read_185, i4 0"   --->   Operation 317 'bitconcatenate' 'shl_ln1273_649' <Predicate = true> <Delay = 0.00>
ST_1 : Operation 318 [1/1] (0.00ns)   --->   "%sext_ln1273_925 = sext i20 %shl_ln1273_649"   --->   Operation 318 'sext' 'sext_ln1273_925' <Predicate = true> <Delay = 0.00>
ST_1 : Operation 319 [1/1] (0.00ns)   --->   "%sext_ln1273_926 = sext i20 %shl_ln1273_649"   --->   Operation 319 'sext' 'sext_ln1273_926' <Predicate = true> <Delay = 0.00>
ST_1 : Operation 320 [1/1] (0.00ns)   --->   "%shl_ln1273_650 = bitconcatenate i17 @_ssdm_op_BitConcatenate.i17.i16.i1, i16 %p_read_185, i1 0"   --->   Operation 320 'bitconcatenate' 'shl_ln1273_650' <Predicate = true> <Delay = 0.00>
ST_1 : Operation 321 [1/1] (0.00ns)   --->   "%sext_ln1273_927 = sext i17 %shl_ln1273_650"   --->   Operation 321 'sext' 'sext_ln1273_927' <Predicate = true> <Delay = 0.00>
ST_1 : Operation 322 [1/1] (0.00ns)   --->   "%sext_ln1273_928 = sext i17 %shl_ln1273_650"   --->   Operation 322 'sext' 'sext_ln1273_928' <Predicate = true> <Delay = 0.00>
ST_1 : Operation 323 [1/1] (0.84ns)   --->   "%r_V_3317 = sub i21 %sext_ln1273_926, i21 %sext_ln1273_928"   --->   Operation 323 'sub' 'r_V_3317' <Predicate = true> <Delay = 0.84> <CoreInst = "Adder">   --->   Core 1 'Adder' <Latency = 0> <II = 1> <Delay = 0.84> <FuncUnit> <Opcode : 'add' 'sub'> <InPorts = 2> <OutPorts = 1>
ST_1 : Operation 324 [1/1] (0.00ns)   --->   "%trunc_ln818_84 = partselect i11 @_ssdm_op_PartSelect.i11.i21.i32.i32, i21 %r_V_3317, i32 10, i32 20"   --->   Operation 324 'partselect' 'trunc_ln818_84' <Predicate = true> <Delay = 0.00>
ST_1 : Operation 325 [1/1] (0.00ns)   --->   "%sext_ln1273_963 = sext i11 %trunc_ln818_84"   --->   Operation 325 'sext' 'sext_ln1273_963' <Predicate = true> <Delay = 0.00>
ST_1 : Operation 326 [1/1] (2.09ns)   --->   "%r_V_3318 = mul i26 %sext_ln70_756, i26 67108503"   --->   Operation 326 'mul' 'r_V_3318' <Predicate = true> <Delay = 2.09> <CoreInst = "Mul_LUT">   --->   Core 4 'Mul_LUT' <Latency = 0> <II = 1> <Delay = 2.09> <FuncUnit> <Opcode : 'mul'> <InPorts = 2> <OutPorts = 1>
ST_1 : Operation 327 [1/1] (0.00ns)   --->   "%trunc_ln818_85 = partselect i16 @_ssdm_op_PartSelect.i16.i26.i32.i32, i26 %r_V_3318, i32 10, i32 25"   --->   Operation 327 'partselect' 'trunc_ln818_85' <Predicate = true> <Delay = 0.00>
ST_1 : Operation 328 [1/1] (0.00ns)   --->   "%shl_ln1273_651 = bitconcatenate i25 @_ssdm_op_BitConcatenate.i25.i16.i9, i16 %p_read_185, i9 0"   --->   Operation 328 'bitconcatenate' 'shl_ln1273_651' <Predicate = true> <Delay = 0.00>
ST_1 : Operation 329 [1/1] (0.00ns)   --->   "%sext_ln1273_929 = sext i25 %shl_ln1273_651"   --->   Operation 329 'sext' 'sext_ln1273_929' <Predicate = true> <Delay = 0.00>
ST_1 : Operation 330 [1/1] (0.86ns)   --->   "%r_V_3319 = add i26 %sext_ln1273_929, i26 %sext_ln1273_925"   --->   Operation 330 'add' 'r_V_3319' <Predicate = true> <Delay = 0.86> <CoreInst = "Adder">   --->   Core 1 'Adder' <Latency = 0> <II = 1> <Delay = 0.87> <FuncUnit> <Opcode : 'add' 'sub'> <InPorts = 2> <OutPorts = 1>
ST_1 : Operation 331 [1/1] (0.00ns)   --->   "%trunc_ln818_86 = partselect i16 @_ssdm_op_PartSelect.i16.i26.i32.i32, i26 %r_V_3319, i32 10, i32 25"   --->   Operation 331 'partselect' 'trunc_ln818_86' <Predicate = true> <Delay = 0.00>
ST_1 : Operation 332 [1/1] (0.82ns)   --->   "%r_V_3320 = sub i18 0, i18 %sext_ln1273_927"   --->   Operation 332 'sub' 'r_V_3320' <Predicate = true> <Delay = 0.82> <CoreInst = "Adder">   --->   Core 1 'Adder' <Latency = 0> <II = 1> <Delay = 0.83> <FuncUnit> <Opcode : 'add' 'sub'> <InPorts = 2> <OutPorts = 1>
ST_1 : Operation 333 [1/1] (0.00ns)   --->   "%trunc_ln818_87 = partselect i8 @_ssdm_op_PartSelect.i8.i18.i32.i32, i18 %r_V_3320, i32 10, i32 17"   --->   Operation 333 'partselect' 'trunc_ln818_87' <Predicate = true> <Delay = 0.00>
ST_1 : Operation 334 [1/1] (0.00ns)   --->   "%sext_ln1273_964 = sext i8 %trunc_ln818_87"   --->   Operation 334 'sext' 'sext_ln1273_964' <Predicate = true> <Delay = 0.00>
ST_1 : Operation 335 [1/1] (2.03ns)   --->   "%r_V_3321 = mul i25 %sext_ln70_755, i25 33554273"   --->   Operation 335 'mul' 'r_V_3321' <Predicate = true> <Delay = 2.03> <CoreInst = "Mul_LUT">   --->   Core 4 'Mul_LUT' <Latency = 0> <II = 1> <Delay = 2.03> <FuncUnit> <Opcode : 'mul'> <InPorts = 2> <OutPorts = 1>
ST_1 : Operation 336 [1/1] (0.00ns)   --->   "%trunc_ln818_88 = partselect i15 @_ssdm_op_PartSelect.i15.i25.i32.i32, i25 %r_V_3321, i32 10, i32 24"   --->   Operation 336 'partselect' 'trunc_ln818_88' <Predicate = true> <Delay = 0.00>
ST_1 : Operation 337 [1/1] (0.00ns)   --->   "%sext_ln70_757 = sext i16 %p_read_184" [/home/kaxiotis/Vitis_Accel_Projects/vitis_accel_prj/firmware/nnet_utils/nnet_mult.h:70]   --->   Operation 337 'sext' 'sext_ln70_757' <Predicate = true> <Delay = 0.00>
ST_1 : Operation 338 [1/1] (0.00ns)   --->   "%sext_ln70_758 = sext i16 %p_read_184" [/home/kaxiotis/Vitis_Accel_Projects/vitis_accel_prj/firmware/nnet_utils/nnet_mult.h:70]   --->   Operation 338 'sext' 'sext_ln70_758' <Predicate = true> <Delay = 0.00>
ST_1 : Operation 339 [1/1] (0.00ns)   --->   "%shl_ln1273_652 = bitconcatenate i20 @_ssdm_op_BitConcatenate.i20.i16.i4, i16 %p_read_184, i4 0"   --->   Operation 339 'bitconcatenate' 'shl_ln1273_652' <Predicate = true> <Delay = 0.00>
ST_1 : Operation 340 [1/1] (0.00ns)   --->   "%sext_ln1273_930 = sext i20 %shl_ln1273_652"   --->   Operation 340 'sext' 'sext_ln1273_930' <Predicate = true> <Delay = 0.00>
ST_1 : Operation 341 [1/1] (0.00ns)   --->   "%shl_ln1273_653 = bitconcatenate i17 @_ssdm_op_BitConcatenate.i17.i16.i1, i16 %p_read_184, i1 0"   --->   Operation 341 'bitconcatenate' 'shl_ln1273_653' <Predicate = true> <Delay = 0.00>
ST_1 : Operation 342 [1/1] (0.00ns)   --->   "%sext_ln1273_931 = sext i17 %shl_ln1273_653"   --->   Operation 342 'sext' 'sext_ln1273_931' <Predicate = true> <Delay = 0.00>
ST_1 : Operation 343 [1/1] (0.84ns)   --->   "%r_V_3322 = add i21 %sext_ln1273_930, i21 %sext_ln1273_931"   --->   Operation 343 'add' 'r_V_3322' <Predicate = true> <Delay = 0.84> <CoreInst = "Adder">   --->   Core 1 'Adder' <Latency = 0> <II = 1> <Delay = 0.84> <FuncUnit> <Opcode : 'add' 'sub'> <InPorts = 2> <OutPorts = 1>
ST_1 : Operation 344 [1/1] (0.00ns)   --->   "%trunc_ln818_89 = partselect i11 @_ssdm_op_PartSelect.i11.i21.i32.i32, i21 %r_V_3322, i32 10, i32 20"   --->   Operation 344 'partselect' 'trunc_ln818_89' <Predicate = true> <Delay = 0.00>
ST_1 : Operation 345 [1/1] (0.00ns)   --->   "%sext_ln1273_965 = sext i11 %trunc_ln818_89"   --->   Operation 345 'sext' 'sext_ln1273_965' <Predicate = true> <Delay = 0.00>
ST_1 : Operation 346 [1/1] (2.09ns)   --->   "%r_V_3323 = mul i26 %sext_ln70_758, i26 341"   --->   Operation 346 'mul' 'r_V_3323' <Predicate = true> <Delay = 2.09> <CoreInst = "Mul_LUT">   --->   Core 4 'Mul_LUT' <Latency = 0> <II = 1> <Delay = 2.09> <FuncUnit> <Opcode : 'mul'> <InPorts = 2> <OutPorts = 1>
ST_1 : Operation 347 [1/1] (0.00ns)   --->   "%trunc_ln818_90 = partselect i16 @_ssdm_op_PartSelect.i16.i26.i32.i32, i26 %r_V_3323, i32 10, i32 25"   --->   Operation 347 'partselect' 'trunc_ln818_90' <Predicate = true> <Delay = 0.00>
ST_1 : Operation 348 [1/1] (2.03ns)   --->   "%r_V_3324 = mul i25 %sext_ln70_757, i25 182"   --->   Operation 348 'mul' 'r_V_3324' <Predicate = true> <Delay = 2.03> <CoreInst = "Mul_LUT">   --->   Core 4 'Mul_LUT' <Latency = 0> <II = 1> <Delay = 2.03> <FuncUnit> <Opcode : 'mul'> <InPorts = 2> <OutPorts = 1>
ST_1 : Operation 349 [1/1] (0.00ns)   --->   "%trunc_ln818_91 = partselect i15 @_ssdm_op_PartSelect.i15.i25.i32.i32, i25 %r_V_3324, i32 10, i32 24"   --->   Operation 349 'partselect' 'trunc_ln818_91' <Predicate = true> <Delay = 0.00>
ST_1 : Operation 350 [1/1] (2.03ns)   --->   "%r_V_3325 = mul i25 %sext_ln70_757, i25 33554231"   --->   Operation 350 'mul' 'r_V_3325' <Predicate = true> <Delay = 2.03> <CoreInst = "Mul_LUT">   --->   Core 4 'Mul_LUT' <Latency = 0> <II = 1> <Delay = 2.03> <FuncUnit> <Opcode : 'mul'> <InPorts = 2> <OutPorts = 1>
ST_1 : Operation 351 [1/1] (0.00ns)   --->   "%trunc_ln818_92 = partselect i15 @_ssdm_op_PartSelect.i15.i25.i32.i32, i25 %r_V_3325, i32 10, i32 24"   --->   Operation 351 'partselect' 'trunc_ln818_92' <Predicate = true> <Delay = 0.00>
ST_1 : Operation 352 [1/1] (0.00ns)   --->   "%sext_ln818_1035 = sext i15 %trunc_ln818_92"   --->   Operation 352 'sext' 'sext_ln818_1035' <Predicate = true> <Delay = 0.00>
ST_1 : Operation 353 [1/1] (2.03ns)   --->   "%r_V_3326 = mul i25 %sext_ln70_757, i25 33554271"   --->   Operation 353 'mul' 'r_V_3326' <Predicate = true> <Delay = 2.03> <CoreInst = "Mul_LUT">   --->   Core 4 'Mul_LUT' <Latency = 0> <II = 1> <Delay = 2.03> <FuncUnit> <Opcode : 'mul'> <InPorts = 2> <OutPorts = 1>
ST_1 : Operation 354 [1/1] (0.00ns)   --->   "%trunc_ln818_93 = partselect i15 @_ssdm_op_PartSelect.i15.i25.i32.i32, i25 %r_V_3326, i32 10, i32 24"   --->   Operation 354 'partselect' 'trunc_ln818_93' <Predicate = true> <Delay = 0.00>
ST_1 : Operation 355 [1/1] (0.00ns)   --->   "%sext_ln818_1036 = sext i15 %trunc_ln818_93"   --->   Operation 355 'sext' 'sext_ln818_1036' <Predicate = true> <Delay = 0.00>
ST_1 : Operation 356 [1/1] (0.00ns)   --->   "%sext_ln70_759 = sext i16 %p_read_183" [/home/kaxiotis/Vitis_Accel_Projects/vitis_accel_prj/firmware/nnet_utils/nnet_mult.h:70]   --->   Operation 356 'sext' 'sext_ln70_759' <Predicate = true> <Delay = 0.00>
ST_1 : Operation 357 [1/1] (0.00ns)   --->   "%sext_ln70_760 = sext i16 %p_read_183" [/home/kaxiotis/Vitis_Accel_Projects/vitis_accel_prj/firmware/nnet_utils/nnet_mult.h:70]   --->   Operation 357 'sext' 'sext_ln70_760' <Predicate = true> <Delay = 0.00>
ST_1 : Operation 358 [1/1] (0.00ns)   --->   "%sext_ln70_761 = sext i16 %p_read_183" [/home/kaxiotis/Vitis_Accel_Projects/vitis_accel_prj/firmware/nnet_utils/nnet_mult.h:70]   --->   Operation 358 'sext' 'sext_ln70_761' <Predicate = true> <Delay = 0.00>
ST_1 : Operation 359 [1/1] (2.25ns)   --->   "%mul_ln1270_101 = mul i26 %sext_ln70_761, i26 67108252"   --->   Operation 359 'mul' 'mul_ln1270_101' <Predicate = true> <Delay = 2.25> <CoreInst = "Mul_LUT">   --->   Core 4 'Mul_LUT' <Latency = 0> <II = 1> <Delay = 2.25> <FuncUnit> <Opcode : 'mul'> <InPorts = 2> <OutPorts = 1>
ST_1 : Operation 360 [1/1] (0.00ns)   --->   "%trunc_ln818_94 = partselect i16 @_ssdm_op_PartSelect.i16.i26.i32.i32, i26 %mul_ln1270_101, i32 10, i32 25"   --->   Operation 360 'partselect' 'trunc_ln818_94' <Predicate = true> <Delay = 0.00>
ST_1 : Operation 361 [1/1] (2.09ns)   --->   "%r_V_3327 = mul i26 %sext_ln70_761, i26 365"   --->   Operation 361 'mul' 'r_V_3327' <Predicate = true> <Delay = 2.09> <CoreInst = "Mul_LUT">   --->   Core 4 'Mul_LUT' <Latency = 0> <II = 1> <Delay = 2.09> <FuncUnit> <Opcode : 'mul'> <InPorts = 2> <OutPorts = 1>
ST_1 : Operation 362 [1/1] (0.00ns)   --->   "%trunc_ln818_95 = partselect i16 @_ssdm_op_PartSelect.i16.i26.i32.i32, i26 %r_V_3327, i32 10, i32 25"   --->   Operation 362 'partselect' 'trunc_ln818_95' <Predicate = true> <Delay = 0.00>
ST_1 : Operation 363 [1/1] (0.00ns)   --->   "%shl_ln1273_654 = bitconcatenate i20 @_ssdm_op_BitConcatenate.i20.i16.i4, i16 %p_read_183, i4 0"   --->   Operation 363 'bitconcatenate' 'shl_ln1273_654' <Predicate = true> <Delay = 0.00>
ST_1 : Operation 364 [1/1] (0.00ns)   --->   "%sext_ln1273_932 = sext i20 %shl_ln1273_654"   --->   Operation 364 'sext' 'sext_ln1273_932' <Predicate = true> <Delay = 0.00>
ST_1 : Operation 365 [1/1] (0.00ns) (grouped into TernaryAdder)   --->   "%sub_ln1273_796 = sub i21 0, i21 %sext_ln1273_932"   --->   Operation 365 'sub' 'sub_ln1273_796' <Predicate = true> <Delay = 0.00> <CoreInst = "TAddSub">   --->   Core 10 'TAddSub' <Latency = 0> <II = 1> <Delay = 0.51> <IPBlock> <Opcode : 'add' 'sub'> <InPorts = 3> <OutPorts = 1> <Sync> <CReg>
ST_1 : Operation 366 [1/1] (0.00ns)   --->   "%shl_ln1273_655 = bitconcatenate i18 @_ssdm_op_BitConcatenate.i18.i16.i2, i16 %p_read_183, i2 0"   --->   Operation 366 'bitconcatenate' 'shl_ln1273_655' <Predicate = true> <Delay = 0.00>
ST_1 : Operation 367 [1/1] (0.00ns)   --->   "%sext_ln1273_933 = sext i18 %shl_ln1273_655"   --->   Operation 367 'sext' 'sext_ln1273_933' <Predicate = true> <Delay = 0.00>
ST_1 : Operation 368 [1/1] (1.04ns) (root node of TernaryAdder)   --->   "%r_V_3328 = sub i21 %sub_ln1273_796, i21 %sext_ln1273_933"   --->   Operation 368 'sub' 'r_V_3328' <Predicate = true> <Delay = 1.04> <CoreInst = "TAddSub">   --->   Core 10 'TAddSub' <Latency = 0> <II = 1> <Delay = 0.51> <IPBlock> <Opcode : 'add' 'sub'> <InPorts = 3> <OutPorts = 1> <Sync> <CReg>
ST_1 : Operation 369 [1/1] (0.00ns)   --->   "%trunc_ln818_96 = partselect i11 @_ssdm_op_PartSelect.i11.i21.i32.i32, i21 %r_V_3328, i32 10, i32 20"   --->   Operation 369 'partselect' 'trunc_ln818_96' <Predicate = true> <Delay = 0.00>
ST_1 : Operation 370 [1/1] (0.00ns)   --->   "%sext_ln1273_966 = sext i11 %trunc_ln818_96"   --->   Operation 370 'sext' 'sext_ln1273_966' <Predicate = true> <Delay = 0.00>
ST_1 : Operation 371 [1/1] (1.97ns)   --->   "%r_V_3329 = mul i24 %sext_ln70_760, i24 16777098"   --->   Operation 371 'mul' 'r_V_3329' <Predicate = true> <Delay = 1.97> <CoreInst = "Mul_LUT">   --->   Core 4 'Mul_LUT' <Latency = 0> <II = 1> <Delay = 1.97> <FuncUnit> <Opcode : 'mul'> <InPorts = 2> <OutPorts = 1>
ST_1 : Operation 372 [1/1] (0.00ns)   --->   "%trunc_ln818_97 = partselect i14 @_ssdm_op_PartSelect.i14.i24.i32.i32, i24 %r_V_3329, i32 10, i32 23"   --->   Operation 372 'partselect' 'trunc_ln818_97' <Predicate = true> <Delay = 0.00>
ST_1 : Operation 373 [1/1] (0.00ns)   --->   "%sext_ln1273_967 = sext i14 %trunc_ln818_97"   --->   Operation 373 'sext' 'sext_ln1273_967' <Predicate = true> <Delay = 0.00>
ST_1 : Operation 374 [1/1] (1.83ns)   --->   "%r_V_3330 = mul i22 %sext_ln70_759, i22 4194285"   --->   Operation 374 'mul' 'r_V_3330' <Predicate = true> <Delay = 1.83> <CoreInst = "Mul_LUT">   --->   Core 4 'Mul_LUT' <Latency = 0> <II = 1> <Delay = 1.83> <FuncUnit> <Opcode : 'mul'> <InPorts = 2> <OutPorts = 1>
ST_1 : Operation 375 [1/1] (0.00ns)   --->   "%trunc_ln818_98 = partselect i12 @_ssdm_op_PartSelect.i12.i22.i32.i32, i22 %r_V_3330, i32 10, i32 21"   --->   Operation 375 'partselect' 'trunc_ln818_98' <Predicate = true> <Delay = 0.00>
ST_1 : Operation 376 [1/1] (0.00ns)   --->   "%sext_ln1270_14 = sext i12 %trunc_ln818_98"   --->   Operation 376 'sext' 'sext_ln1270_14' <Predicate = true> <Delay = 0.00>
ST_1 : Operation 377 [1/1] (0.00ns)   --->   "%sext_ln1270_15 = sext i16 %p_read2052"   --->   Operation 377 'sext' 'sext_ln1270_15' <Predicate = true> <Delay = 0.00>
ST_1 : Operation 378 [1/1] (0.00ns)   --->   "%sext_ln70_762 = sext i16 %p_read2052" [/home/kaxiotis/Vitis_Accel_Projects/vitis_accel_prj/firmware/nnet_utils/nnet_mult.h:70]   --->   Operation 378 'sext' 'sext_ln70_762' <Predicate = true> <Delay = 0.00>
ST_1 : Operation 379 [1/1] (0.00ns)   --->   "%sext_ln70_763 = sext i16 %p_read2052" [/home/kaxiotis/Vitis_Accel_Projects/vitis_accel_prj/firmware/nnet_utils/nnet_mult.h:70]   --->   Operation 379 'sext' 'sext_ln70_763' <Predicate = true> <Delay = 0.00>
ST_1 : Operation 380 [1/1] (1.97ns)   --->   "%r_V_3331 = mul i24 %sext_ln70_763, i24 95"   --->   Operation 380 'mul' 'r_V_3331' <Predicate = true> <Delay = 1.97> <CoreInst = "Mul_LUT">   --->   Core 4 'Mul_LUT' <Latency = 0> <II = 1> <Delay = 1.97> <FuncUnit> <Opcode : 'mul'> <InPorts = 2> <OutPorts = 1>
ST_1 : Operation 381 [1/1] (0.00ns)   --->   "%trunc_ln818_99 = partselect i14 @_ssdm_op_PartSelect.i14.i24.i32.i32, i24 %r_V_3331, i32 10, i32 23"   --->   Operation 381 'partselect' 'trunc_ln818_99' <Predicate = true> <Delay = 0.00>
ST_1 : Operation 382 [1/1] (0.00ns)   --->   "%sext_ln1273_968 = sext i14 %trunc_ln818_99"   --->   Operation 382 'sext' 'sext_ln1273_968' <Predicate = true> <Delay = 0.00>
ST_1 : Operation 383 [1/1] (0.82ns)   --->   "%r_V_3332 = sub i17 0, i17 %sext_ln70_762"   --->   Operation 383 'sub' 'r_V_3332' <Predicate = true> <Delay = 0.82> <CoreInst = "Adder">   --->   Core 1 'Adder' <Latency = 0> <II = 1> <Delay = 0.82> <FuncUnit> <Opcode : 'add' 'sub'> <InPorts = 2> <OutPorts = 1>
ST_1 : Operation 384 [1/1] (0.00ns)   --->   "%trunc_ln818_100 = partselect i7 @_ssdm_op_PartSelect.i7.i17.i32.i32, i17 %r_V_3332, i32 10, i32 16"   --->   Operation 384 'partselect' 'trunc_ln818_100' <Predicate = true> <Delay = 0.00>
ST_1 : Operation 385 [1/1] (0.00ns)   --->   "%sext_ln1270_16 = sext i7 %trunc_ln818_100"   --->   Operation 385 'sext' 'sext_ln1270_16' <Predicate = true> <Delay = 0.00>
ST_1 : Operation 386 [1/1] (2.25ns)   --->   "%mul_ln1270_102 = mul i26 %sext_ln1270_15, i26 67108169"   --->   Operation 386 'mul' 'mul_ln1270_102' <Predicate = true> <Delay = 2.25> <CoreInst = "Mul_LUT">   --->   Core 4 'Mul_LUT' <Latency = 0> <II = 1> <Delay = 2.25> <FuncUnit> <Opcode : 'mul'> <InPorts = 2> <OutPorts = 1>
ST_1 : Operation 387 [1/1] (0.00ns)   --->   "%trunc_ln818_101 = partselect i16 @_ssdm_op_PartSelect.i16.i26.i32.i32, i26 %mul_ln1270_102, i32 10, i32 25"   --->   Operation 387 'partselect' 'trunc_ln818_101' <Predicate = true> <Delay = 0.00>
ST_1 : Operation 388 [1/1] (2.48ns)   --->   "%mul_ln1270_103 = mul i26 %sext_ln1270_15, i26 67107678"   --->   Operation 388 'mul' 'mul_ln1270_103' <Predicate = true> <Delay = 2.48> <CoreInst = "Mul_LUT">   --->   Core 4 'Mul_LUT' <Latency = 0> <II = 1> <Delay = 2.48> <FuncUnit> <Opcode : 'mul'> <InPorts = 2> <OutPorts = 1>
ST_1 : Operation 389 [1/1] (0.00ns)   --->   "%trunc_ln818_102 = partselect i16 @_ssdm_op_PartSelect.i16.i26.i32.i32, i26 %mul_ln1270_103, i32 10, i32 25"   --->   Operation 389 'partselect' 'trunc_ln818_102' <Predicate = true> <Delay = 0.00>
ST_1 : Operation 390 [1/1] (2.25ns)   --->   "%mul_ln1270_104 = mul i26 %sext_ln1270_15, i26 998"   --->   Operation 390 'mul' 'mul_ln1270_104' <Predicate = true> <Delay = 2.25> <CoreInst = "Mul_LUT">   --->   Core 4 'Mul_LUT' <Latency = 0> <II = 1> <Delay = 2.25> <FuncUnit> <Opcode : 'mul'> <InPorts = 2> <OutPorts = 1>
ST_1 : Operation 391 [1/1] (0.00ns)   --->   "%trunc_ln818_103 = partselect i16 @_ssdm_op_PartSelect.i16.i26.i32.i32, i26 %mul_ln1270_104, i32 10, i32 25"   --->   Operation 391 'partselect' 'trunc_ln818_103' <Predicate = true> <Delay = 0.00>
ST_1 : Operation 392 [1/1] (0.00ns)   --->   "%sext_ln70_764 = sext i16 %p_read2153" [/home/kaxiotis/Vitis_Accel_Projects/vitis_accel_prj/firmware/nnet_utils/nnet_mult.h:70]   --->   Operation 392 'sext' 'sext_ln70_764' <Predicate = true> <Delay = 0.00>
ST_1 : Operation 393 [1/1] (0.00ns)   --->   "%sext_ln70_765 = sext i16 %p_read2153" [/home/kaxiotis/Vitis_Accel_Projects/vitis_accel_prj/firmware/nnet_utils/nnet_mult.h:70]   --->   Operation 393 'sext' 'sext_ln70_765' <Predicate = true> <Delay = 0.00>
ST_1 : Operation 394 [1/1] (0.00ns)   --->   "%sext_ln70_766 = sext i16 %p_read2153" [/home/kaxiotis/Vitis_Accel_Projects/vitis_accel_prj/firmware/nnet_utils/nnet_mult.h:70]   --->   Operation 394 'sext' 'sext_ln70_766' <Predicate = true> <Delay = 0.00>
ST_1 : Operation 395 [1/1] (0.82ns)   --->   "%r_V_3333 = sub i17 0, i17 %sext_ln70_766"   --->   Operation 395 'sub' 'r_V_3333' <Predicate = true> <Delay = 0.82> <CoreInst = "Adder">   --->   Core 1 'Adder' <Latency = 0> <II = 1> <Delay = 0.82> <FuncUnit> <Opcode : 'add' 'sub'> <InPorts = 2> <OutPorts = 1>
ST_1 : Operation 396 [1/1] (0.00ns)   --->   "%trunc_ln818_104 = partselect i7 @_ssdm_op_PartSelect.i7.i17.i32.i32, i17 %r_V_3333, i32 10, i32 16"   --->   Operation 396 'partselect' 'trunc_ln818_104' <Predicate = true> <Delay = 0.00>
ST_1 : Operation 397 [1/1] (0.00ns)   --->   "%sext_ln1273_969 = sext i7 %trunc_ln818_104"   --->   Operation 397 'sext' 'sext_ln1273_969' <Predicate = true> <Delay = 0.00>
ST_1 : Operation 398 [1/1] (2.03ns)   --->   "%r_V_3334 = mul i25 %sext_ln70_765, i25 33554210"   --->   Operation 398 'mul' 'r_V_3334' <Predicate = true> <Delay = 2.03> <CoreInst = "Mul_LUT">   --->   Core 4 'Mul_LUT' <Latency = 0> <II = 1> <Delay = 2.03> <FuncUnit> <Opcode : 'mul'> <InPorts = 2> <OutPorts = 1>
ST_1 : Operation 399 [1/1] (0.00ns)   --->   "%trunc_ln818_105 = partselect i15 @_ssdm_op_PartSelect.i15.i25.i32.i32, i25 %r_V_3334, i32 10, i32 24"   --->   Operation 399 'partselect' 'trunc_ln818_105' <Predicate = true> <Delay = 0.00>
ST_1 : Operation 400 [1/1] (0.00ns)   --->   "%shl_ln1273_656 = bitconcatenate i22 @_ssdm_op_BitConcatenate.i22.i16.i6, i16 %p_read2153, i6 0"   --->   Operation 400 'bitconcatenate' 'shl_ln1273_656' <Predicate = true> <Delay = 0.00>
ST_1 : Operation 401 [1/1] (0.00ns)   --->   "%sext_ln1273_934 = sext i22 %shl_ln1273_656"   --->   Operation 401 'sext' 'sext_ln1273_934' <Predicate = true> <Delay = 0.00>
ST_1 : Operation 402 [1/1] (0.85ns)   --->   "%r_V_3335 = sub i23 %sext_ln1273_934, i23 %sext_ln70_764"   --->   Operation 402 'sub' 'r_V_3335' <Predicate = true> <Delay = 0.85> <CoreInst = "Adder">   --->   Core 1 'Adder' <Latency = 0> <II = 1> <Delay = 0.85> <FuncUnit> <Opcode : 'add' 'sub'> <InPorts = 2> <OutPorts = 1>
ST_1 : Operation 403 [1/1] (0.00ns)   --->   "%trunc_ln818_106 = partselect i13 @_ssdm_op_PartSelect.i13.i23.i32.i32, i23 %r_V_3335, i32 10, i32 22"   --->   Operation 403 'partselect' 'trunc_ln818_106' <Predicate = true> <Delay = 0.00>
ST_1 : Operation 404 [1/1] (0.00ns)   --->   "%sext_ln1273_970 = sext i13 %trunc_ln818_106"   --->   Operation 404 'sext' 'sext_ln1273_970' <Predicate = true> <Delay = 0.00>
ST_1 : Operation 405 [1/1] (0.00ns)   --->   "%sext_ln1273_935 = sext i16 %p_read2153"   --->   Operation 405 'sext' 'sext_ln1273_935' <Predicate = true> <Delay = 0.00>
ST_1 : Operation 406 [1/1] (2.25ns)   --->   "%mul_ln1270_105 = mul i26 %sext_ln1273_935, i26 944"   --->   Operation 406 'mul' 'mul_ln1270_105' <Predicate = true> <Delay = 2.25> <CoreInst = "Mul_LUT">   --->   Core 4 'Mul_LUT' <Latency = 0> <II = 1> <Delay = 2.25> <FuncUnit> <Opcode : 'mul'> <InPorts = 2> <OutPorts = 1>
ST_1 : Operation 407 [1/1] (0.00ns)   --->   "%trunc_ln818_107 = partselect i16 @_ssdm_op_PartSelect.i16.i26.i32.i32, i26 %mul_ln1270_105, i32 10, i32 25"   --->   Operation 407 'partselect' 'trunc_ln818_107' <Predicate = true> <Delay = 0.00>
ST_1 : Operation 408 [1/1] (2.25ns)   --->   "%mul_ln1270_106 = mul i26 %sext_ln1273_935, i26 67108306"   --->   Operation 408 'mul' 'mul_ln1270_106' <Predicate = true> <Delay = 2.25> <CoreInst = "Mul_LUT">   --->   Core 4 'Mul_LUT' <Latency = 0> <II = 1> <Delay = 2.25> <FuncUnit> <Opcode : 'mul'> <InPorts = 2> <OutPorts = 1>
ST_1 : Operation 409 [1/1] (0.00ns)   --->   "%trunc_ln818_108 = partselect i16 @_ssdm_op_PartSelect.i16.i26.i32.i32, i26 %mul_ln1270_106, i32 10, i32 25"   --->   Operation 409 'partselect' 'trunc_ln818_108' <Predicate = true> <Delay = 0.00>
ST_1 : Operation 410 [1/1] (0.00ns)   --->   "%sext_ln70_767 = sext i16 %p_read_182" [/home/kaxiotis/Vitis_Accel_Projects/vitis_accel_prj/firmware/nnet_utils/nnet_mult.h:70]   --->   Operation 410 'sext' 'sext_ln70_767' <Predicate = true> <Delay = 0.00>
ST_1 : Operation 411 [1/1] (0.00ns)   --->   "%shl_ln1273_657 = bitconcatenate i26 @_ssdm_op_BitConcatenate.i26.i16.i10, i16 %p_read_182, i10 0"   --->   Operation 411 'bitconcatenate' 'shl_ln1273_657' <Predicate = true> <Delay = 0.00>
ST_1 : Operation 412 [1/1] (0.00ns)   --->   "%shl_ln1273_658 = bitconcatenate i24 @_ssdm_op_BitConcatenate.i24.i16.i8, i16 %p_read_182, i8 0"   --->   Operation 412 'bitconcatenate' 'shl_ln1273_658' <Predicate = true> <Delay = 0.00>
ST_1 : Operation 413 [1/1] (0.00ns)   --->   "%sext_ln1273_936 = sext i24 %shl_ln1273_658"   --->   Operation 413 'sext' 'sext_ln1273_936' <Predicate = true> <Delay = 0.00>
ST_1 : Operation 414 [1/1] (0.87ns)   --->   "%r_V_3336 = sub i26 %shl_ln1273_657, i26 %sext_ln1273_936"   --->   Operation 414 'sub' 'r_V_3336' <Predicate = true> <Delay = 0.87> <CoreInst = "Adder">   --->   Core 1 'Adder' <Latency = 0> <II = 1> <Delay = 0.87> <FuncUnit> <Opcode : 'add' 'sub'> <InPorts = 2> <OutPorts = 1>
ST_1 : Operation 415 [1/1] (0.00ns)   --->   "%trunc_ln818_109 = partselect i16 @_ssdm_op_PartSelect.i16.i26.i32.i32, i26 %r_V_3336, i32 10, i32 25"   --->   Operation 415 'partselect' 'trunc_ln818_109' <Predicate = true> <Delay = 0.00>
ST_1 : Operation 416 [1/1] (2.09ns)   --->   "%r_V_3337 = mul i26 %sext_ln70_767, i26 67108472"   --->   Operation 416 'mul' 'r_V_3337' <Predicate = true> <Delay = 2.09> <CoreInst = "Mul_LUT">   --->   Core 4 'Mul_LUT' <Latency = 0> <II = 1> <Delay = 2.09> <FuncUnit> <Opcode : 'mul'> <InPorts = 2> <OutPorts = 1>
ST_1 : Operation 417 [1/1] (0.00ns)   --->   "%trunc_ln818_110 = partselect i16 @_ssdm_op_PartSelect.i16.i26.i32.i32, i26 %r_V_3337, i32 10, i32 25"   --->   Operation 417 'partselect' 'trunc_ln818_110' <Predicate = true> <Delay = 0.00>
ST_1 : Operation 418 [1/1] (2.25ns)   --->   "%mul_ln1270_107 = mul i26 %sext_ln70_767, i26 567"   --->   Operation 418 'mul' 'mul_ln1270_107' <Predicate = true> <Delay = 2.25> <CoreInst = "Mul_LUT">   --->   Core 4 'Mul_LUT' <Latency = 0> <II = 1> <Delay = 2.25> <FuncUnit> <Opcode : 'mul'> <InPorts = 2> <OutPorts = 1>
ST_1 : Operation 419 [1/1] (0.00ns)   --->   "%trunc_ln818_111 = partselect i16 @_ssdm_op_PartSelect.i16.i26.i32.i32, i26 %mul_ln1270_107, i32 10, i32 25"   --->   Operation 419 'partselect' 'trunc_ln818_111' <Predicate = true> <Delay = 0.00>
ST_1 : Operation 420 [1/1] (2.09ns)   --->   "%r_V_3338 = mul i26 %sext_ln70_767, i26 67108454"   --->   Operation 420 'mul' 'r_V_3338' <Predicate = true> <Delay = 2.09> <CoreInst = "Mul_LUT">   --->   Core 4 'Mul_LUT' <Latency = 0> <II = 1> <Delay = 2.09> <FuncUnit> <Opcode : 'mul'> <InPorts = 2> <OutPorts = 1>
ST_1 : Operation 421 [1/1] (0.00ns)   --->   "%trunc_ln818_112 = partselect i16 @_ssdm_op_PartSelect.i16.i26.i32.i32, i26 %r_V_3338, i32 10, i32 25"   --->   Operation 421 'partselect' 'trunc_ln818_112' <Predicate = true> <Delay = 0.00>
ST_1 : Operation 422 [1/1] (2.25ns)   --->   "%mul_ln1270_108 = mul i26 %sext_ln70_767, i26 67108302"   --->   Operation 422 'mul' 'mul_ln1270_108' <Predicate = true> <Delay = 2.25> <CoreInst = "Mul_LUT">   --->   Core 4 'Mul_LUT' <Latency = 0> <II = 1> <Delay = 2.25> <FuncUnit> <Opcode : 'mul'> <InPorts = 2> <OutPorts = 1>
ST_1 : Operation 423 [1/1] (0.00ns)   --->   "%trunc_ln818_113 = partselect i16 @_ssdm_op_PartSelect.i16.i26.i32.i32, i26 %mul_ln1270_108, i32 10, i32 25"   --->   Operation 423 'partselect' 'trunc_ln818_113' <Predicate = true> <Delay = 0.00>
ST_1 : Operation 424 [1/1] (0.00ns)   --->   "%sext_ln70_768 = sext i16 %p_read_181" [/home/kaxiotis/Vitis_Accel_Projects/vitis_accel_prj/firmware/nnet_utils/nnet_mult.h:70]   --->   Operation 424 'sext' 'sext_ln70_768' <Predicate = true> <Delay = 0.00>
ST_1 : Operation 425 [1/1] (0.82ns)   --->   "%r_V_3339 = sub i17 0, i17 %sext_ln70_768"   --->   Operation 425 'sub' 'r_V_3339' <Predicate = true> <Delay = 0.82> <CoreInst = "Adder">   --->   Core 1 'Adder' <Latency = 0> <II = 1> <Delay = 0.82> <FuncUnit> <Opcode : 'add' 'sub'> <InPorts = 2> <OutPorts = 1>
ST_1 : Operation 426 [1/1] (0.00ns)   --->   "%trunc_ln818_114 = partselect i7 @_ssdm_op_PartSelect.i7.i17.i32.i32, i17 %r_V_3339, i32 10, i32 16"   --->   Operation 426 'partselect' 'trunc_ln818_114' <Predicate = true> <Delay = 0.00>
ST_1 : Operation 427 [1/1] (0.00ns)   --->   "%sext_ln1270_17 = sext i7 %trunc_ln818_114"   --->   Operation 427 'sext' 'sext_ln1270_17' <Predicate = true> <Delay = 0.00>
ST_1 : Operation 428 [1/1] (0.00ns)   --->   "%sext_ln1270_18 = sext i16 %p_read_180"   --->   Operation 428 'sext' 'sext_ln1270_18' <Predicate = true> <Delay = 0.00>
ST_1 : Operation 429 [1/1] (0.00ns)   --->   "%shl_ln1273_659 = bitconcatenate i25 @_ssdm_op_BitConcatenate.i25.i16.i9, i16 %p_read_180, i9 0"   --->   Operation 429 'bitconcatenate' 'shl_ln1273_659' <Predicate = true> <Delay = 0.00>
ST_1 : Operation 430 [1/1] (0.00ns)   --->   "%sext_ln1273_937 = sext i25 %shl_ln1273_659"   --->   Operation 430 'sext' 'sext_ln1273_937' <Predicate = true> <Delay = 0.00>
ST_1 : Operation 431 [1/1] (0.00ns) (grouped into TernaryAdder)   --->   "%sub_ln1273_803 = sub i26 0, i26 %sext_ln1273_937"   --->   Operation 431 'sub' 'sub_ln1273_803' <Predicate = true> <Delay = 0.00> <CoreInst = "TAddSub">   --->   Core 10 'TAddSub' <Latency = 0> <II = 1> <Delay = 0.51> <IPBlock> <Opcode : 'add' 'sub'> <InPorts = 3> <OutPorts = 1> <Sync> <CReg>
ST_1 : Operation 432 [1/1] (0.00ns)   --->   "%shl_ln1273_660 = bitconcatenate i19 @_ssdm_op_BitConcatenate.i19.i16.i3, i16 %p_read_180, i3 0"   --->   Operation 432 'bitconcatenate' 'shl_ln1273_660' <Predicate = true> <Delay = 0.00>
ST_1 : Operation 433 [1/1] (0.00ns)   --->   "%sext_ln1273_938 = sext i19 %shl_ln1273_660"   --->   Operation 433 'sext' 'sext_ln1273_938' <Predicate = true> <Delay = 0.00>
ST_1 : Operation 434 [1/1] (1.06ns) (root node of TernaryAdder)   --->   "%r_V_3340 = sub i26 %sub_ln1273_803, i26 %sext_ln1273_938"   --->   Operation 434 'sub' 'r_V_3340' <Predicate = true> <Delay = 1.06> <CoreInst = "TAddSub">   --->   Core 10 'TAddSub' <Latency = 0> <II = 1> <Delay = 0.51> <IPBlock> <Opcode : 'add' 'sub'> <InPorts = 3> <OutPorts = 1> <Sync> <CReg>
ST_1 : Operation 435 [1/1] (0.00ns)   --->   "%trunc_ln818_115 = partselect i16 @_ssdm_op_PartSelect.i16.i26.i32.i32, i26 %r_V_3340, i32 10, i32 25"   --->   Operation 435 'partselect' 'trunc_ln818_115' <Predicate = true> <Delay = 0.00>
ST_1 : Operation 436 [1/1] (2.09ns)   --->   "%r_V_3341 = mul i26 %sext_ln1270_18, i26 67108518"   --->   Operation 436 'mul' 'r_V_3341' <Predicate = true> <Delay = 2.09> <CoreInst = "Mul_LUT">   --->   Core 4 'Mul_LUT' <Latency = 0> <II = 1> <Delay = 2.09> <FuncUnit> <Opcode : 'mul'> <InPorts = 2> <OutPorts = 1>
ST_1 : Operation 437 [1/1] (0.00ns)   --->   "%trunc_ln818_116 = partselect i16 @_ssdm_op_PartSelect.i16.i26.i32.i32, i26 %r_V_3341, i32 10, i32 25"   --->   Operation 437 'partselect' 'trunc_ln818_116' <Predicate = true> <Delay = 0.00>
ST_1 : Operation 438 [1/1] (0.00ns)   --->   "%shl_ln1273_661 = bitconcatenate i23 @_ssdm_op_BitConcatenate.i23.i16.i7, i16 %p_read_180, i7 0"   --->   Operation 438 'bitconcatenate' 'shl_ln1273_661' <Predicate = true> <Delay = 0.00>
ST_1 : Operation 439 [1/1] (0.00ns)   --->   "%sext_ln1273_939 = sext i23 %shl_ln1273_661"   --->   Operation 439 'sext' 'sext_ln1273_939' <Predicate = true> <Delay = 0.00>
ST_1 : Operation 440 [1/1] (0.00ns)   --->   "%shl_ln1273_662 = bitconcatenate i20 @_ssdm_op_BitConcatenate.i20.i16.i4, i16 %p_read_180, i4 0"   --->   Operation 440 'bitconcatenate' 'shl_ln1273_662' <Predicate = true> <Delay = 0.00>
ST_1 : Operation 441 [1/1] (0.00ns)   --->   "%sext_ln1273_940 = sext i20 %shl_ln1273_662"   --->   Operation 441 'sext' 'sext_ln1273_940' <Predicate = true> <Delay = 0.00>
ST_1 : Operation 442 [1/1] (0.85ns)   --->   "%r_V_3342 = sub i24 %sext_ln1273_939, i24 %sext_ln1273_940"   --->   Operation 442 'sub' 'r_V_3342' <Predicate = true> <Delay = 0.85> <CoreInst = "Adder">   --->   Core 1 'Adder' <Latency = 0> <II = 1> <Delay = 0.85> <FuncUnit> <Opcode : 'add' 'sub'> <InPorts = 2> <OutPorts = 1>
ST_1 : Operation 443 [1/1] (0.00ns)   --->   "%trunc_ln818_117 = partselect i14 @_ssdm_op_PartSelect.i14.i24.i32.i32, i24 %r_V_3342, i32 10, i32 23"   --->   Operation 443 'partselect' 'trunc_ln818_117' <Predicate = true> <Delay = 0.00>
ST_1 : Operation 444 [1/1] (0.00ns)   --->   "%sext_ln1273_971 = sext i14 %trunc_ln818_117"   --->   Operation 444 'sext' 'sext_ln1273_971' <Predicate = true> <Delay = 0.00>
ST_1 : Operation 445 [1/1] (2.09ns)   --->   "%r_V_3343 = mul i26 %sext_ln1270_18, i26 498"   --->   Operation 445 'mul' 'r_V_3343' <Predicate = true> <Delay = 2.09> <CoreInst = "Mul_LUT">   --->   Core 4 'Mul_LUT' <Latency = 0> <II = 1> <Delay = 2.09> <FuncUnit> <Opcode : 'mul'> <InPorts = 2> <OutPorts = 1>
ST_1 : Operation 446 [1/1] (0.00ns)   --->   "%trunc_ln818_118 = partselect i16 @_ssdm_op_PartSelect.i16.i26.i32.i32, i26 %r_V_3343, i32 10, i32 25"   --->   Operation 446 'partselect' 'trunc_ln818_118' <Predicate = true> <Delay = 0.00>
ST_1 : Operation 447 [1/1] (2.25ns)   --->   "%mul_ln1270_109 = mul i26 %sext_ln1270_18, i26 613"   --->   Operation 447 'mul' 'mul_ln1270_109' <Predicate = true> <Delay = 2.25> <CoreInst = "Mul_LUT">   --->   Core 4 'Mul_LUT' <Latency = 0> <II = 1> <Delay = 2.25> <FuncUnit> <Opcode : 'mul'> <InPorts = 2> <OutPorts = 1>
ST_1 : Operation 448 [1/1] (0.00ns)   --->   "%trunc_ln818_119 = partselect i16 @_ssdm_op_PartSelect.i16.i26.i32.i32, i26 %mul_ln1270_109, i32 10, i32 25"   --->   Operation 448 'partselect' 'trunc_ln818_119' <Predicate = true> <Delay = 0.00>
ST_1 : Operation 449 [1/1] (0.00ns)   --->   "%sext_ln70_769 = sext i16 %p_read_179" [/home/kaxiotis/Vitis_Accel_Projects/vitis_accel_prj/firmware/nnet_utils/nnet_mult.h:70]   --->   Operation 449 'sext' 'sext_ln70_769' <Predicate = true> <Delay = 0.00>
ST_1 : Operation 450 [1/1] (0.00ns)   --->   "%sext_ln70_770 = sext i16 %p_read_179" [/home/kaxiotis/Vitis_Accel_Projects/vitis_accel_prj/firmware/nnet_utils/nnet_mult.h:70]   --->   Operation 450 'sext' 'sext_ln70_770' <Predicate = true> <Delay = 0.00>
ST_1 : Operation 451 [1/1] (2.25ns)   --->   "%mul_ln1270_110 = mul i26 %sext_ln70_769, i26 67108303"   --->   Operation 451 'mul' 'mul_ln1270_110' <Predicate = true> <Delay = 2.25> <CoreInst = "Mul_LUT">   --->   Core 4 'Mul_LUT' <Latency = 0> <II = 1> <Delay = 2.25> <FuncUnit> <Opcode : 'mul'> <InPorts = 2> <OutPorts = 1>
ST_1 : Operation 452 [1/1] (0.00ns)   --->   "%trunc_ln818_120 = partselect i16 @_ssdm_op_PartSelect.i16.i26.i32.i32, i26 %mul_ln1270_110, i32 10, i32 25"   --->   Operation 452 'partselect' 'trunc_ln818_120' <Predicate = true> <Delay = 0.00>
ST_1 : Operation 453 [1/1] (1.83ns)   --->   "%r_V_3344 = mul i22 %sext_ln70_770, i22 19"   --->   Operation 453 'mul' 'r_V_3344' <Predicate = true> <Delay = 1.83> <CoreInst = "Mul_LUT">   --->   Core 4 'Mul_LUT' <Latency = 0> <II = 1> <Delay = 1.83> <FuncUnit> <Opcode : 'mul'> <InPorts = 2> <OutPorts = 1>
ST_1 : Operation 454 [1/1] (0.00ns)   --->   "%trunc_ln818_121 = partselect i12 @_ssdm_op_PartSelect.i12.i22.i32.i32, i22 %r_V_3344, i32 10, i32 21"   --->   Operation 454 'partselect' 'trunc_ln818_121' <Predicate = true> <Delay = 0.00>
ST_1 : Operation 455 [1/1] (0.00ns)   --->   "%sext_ln1273_972 = sext i12 %trunc_ln818_121"   --->   Operation 455 'sext' 'sext_ln1273_972' <Predicate = true> <Delay = 0.00>
ST_1 : Operation 456 [1/1] (2.09ns)   --->   "%r_V_3345 = mul i26 %sext_ln70_769, i26 67108450"   --->   Operation 456 'mul' 'r_V_3345' <Predicate = true> <Delay = 2.09> <CoreInst = "Mul_LUT">   --->   Core 4 'Mul_LUT' <Latency = 0> <II = 1> <Delay = 2.09> <FuncUnit> <Opcode : 'mul'> <InPorts = 2> <OutPorts = 1>
ST_1 : Operation 457 [1/1] (0.00ns)   --->   "%trunc_ln818_122 = partselect i16 @_ssdm_op_PartSelect.i16.i26.i32.i32, i26 %r_V_3345, i32 10, i32 25"   --->   Operation 457 'partselect' 'trunc_ln818_122' <Predicate = true> <Delay = 0.00>
ST_1 : Operation 458 [1/1] (0.00ns)   --->   "%shl_ln1273_663 = bitconcatenate i25 @_ssdm_op_BitConcatenate.i25.i16.i9, i16 %p_read_179, i9 0"   --->   Operation 458 'bitconcatenate' 'shl_ln1273_663' <Predicate = true> <Delay = 0.00>
ST_1 : Operation 459 [1/1] (0.00ns)   --->   "%sext_ln1273_941 = sext i25 %shl_ln1273_663"   --->   Operation 459 'sext' 'sext_ln1273_941' <Predicate = true> <Delay = 0.00>
ST_1 : Operation 460 [1/1] (0.00ns)   --->   "%shl_ln1273_664 = bitconcatenate i20 @_ssdm_op_BitConcatenate.i20.i16.i4, i16 %p_read_179, i4 0"   --->   Operation 460 'bitconcatenate' 'shl_ln1273_664' <Predicate = true> <Delay = 0.00>
ST_1 : Operation 461 [1/1] (0.00ns)   --->   "%sext_ln1273_942 = sext i20 %shl_ln1273_664"   --->   Operation 461 'sext' 'sext_ln1273_942' <Predicate = true> <Delay = 0.00>
ST_1 : Operation 462 [1/1] (0.86ns)   --->   "%r_V_3346 = sub i26 %sext_ln1273_941, i26 %sext_ln1273_942"   --->   Operation 462 'sub' 'r_V_3346' <Predicate = true> <Delay = 0.86> <CoreInst = "Adder">   --->   Core 1 'Adder' <Latency = 0> <II = 1> <Delay = 0.87> <FuncUnit> <Opcode : 'add' 'sub'> <InPorts = 2> <OutPorts = 1>
ST_1 : Operation 463 [1/1] (0.00ns)   --->   "%trunc_ln818_123 = partselect i16 @_ssdm_op_PartSelect.i16.i26.i32.i32, i26 %r_V_3346, i32 10, i32 25"   --->   Operation 463 'partselect' 'trunc_ln818_123' <Predicate = true> <Delay = 0.00>
ST_1 : Operation 464 [1/1] (0.00ns)   --->   "%shl_ln1273_665 = bitconcatenate i23 @_ssdm_op_BitConcatenate.i23.i16.i7, i16 %p_read_179, i7 0"   --->   Operation 464 'bitconcatenate' 'shl_ln1273_665' <Predicate = true> <Delay = 0.00>
ST_1 : Operation 465 [1/1] (0.00ns)   --->   "%sext_ln1273_943 = sext i23 %shl_ln1273_665"   --->   Operation 465 'sext' 'sext_ln1273_943' <Predicate = true> <Delay = 0.00>
ST_1 : Operation 466 [1/1] (0.00ns)   --->   "%shl_ln1273_666 = bitconcatenate i17 @_ssdm_op_BitConcatenate.i17.i16.i1, i16 %p_read_179, i1 0"   --->   Operation 466 'bitconcatenate' 'shl_ln1273_666' <Predicate = true> <Delay = 0.00>
ST_1 : Operation 467 [1/1] (0.00ns)   --->   "%sext_ln1273_944 = sext i17 %shl_ln1273_666"   --->   Operation 467 'sext' 'sext_ln1273_944' <Predicate = true> <Delay = 0.00>
ST_1 : Operation 468 [1/1] (0.85ns)   --->   "%r_V_3347 = add i24 %sext_ln1273_943, i24 %sext_ln1273_944"   --->   Operation 468 'add' 'r_V_3347' <Predicate = true> <Delay = 0.85> <CoreInst = "Adder">   --->   Core 1 'Adder' <Latency = 0> <II = 1> <Delay = 0.85> <FuncUnit> <Opcode : 'add' 'sub'> <InPorts = 2> <OutPorts = 1>
ST_1 : Operation 469 [1/1] (0.00ns)   --->   "%trunc_ln818_124 = partselect i14 @_ssdm_op_PartSelect.i14.i24.i32.i32, i24 %r_V_3347, i32 10, i32 23"   --->   Operation 469 'partselect' 'trunc_ln818_124' <Predicate = true> <Delay = 0.00>
ST_1 : Operation 470 [1/1] (0.00ns)   --->   "%sext_ln70_771 = sext i14 %trunc_ln818_124" [/home/kaxiotis/Vitis_Accel_Projects/vitis_accel_prj/firmware/nnet_utils/nnet_mult.h:70]   --->   Operation 470 'sext' 'sext_ln70_771' <Predicate = true> <Delay = 0.00>
ST_1 : Operation 471 [1/1] (0.00ns)   --->   "%sext_ln70_772 = sext i16 %p_read_178" [/home/kaxiotis/Vitis_Accel_Projects/vitis_accel_prj/firmware/nnet_utils/nnet_mult.h:70]   --->   Operation 471 'sext' 'sext_ln70_772' <Predicate = true> <Delay = 0.00>
ST_1 : Operation 472 [1/1] (0.00ns)   --->   "%sext_ln70_773 = sext i16 %p_read_178" [/home/kaxiotis/Vitis_Accel_Projects/vitis_accel_prj/firmware/nnet_utils/nnet_mult.h:70]   --->   Operation 472 'sext' 'sext_ln70_773' <Predicate = true> <Delay = 0.00>
ST_1 : Operation 473 [1/1] (2.09ns)   --->   "%r_V_3348 = mul i26 %sext_ln70_773, i26 67108421"   --->   Operation 473 'mul' 'r_V_3348' <Predicate = true> <Delay = 2.09> <CoreInst = "Mul_LUT">   --->   Core 4 'Mul_LUT' <Latency = 0> <II = 1> <Delay = 2.09> <FuncUnit> <Opcode : 'mul'> <InPorts = 2> <OutPorts = 1>
ST_1 : Operation 474 [1/1] (0.00ns)   --->   "%trunc_ln818_125 = partselect i16 @_ssdm_op_PartSelect.i16.i26.i32.i32, i26 %r_V_3348, i32 10, i32 25"   --->   Operation 474 'partselect' 'trunc_ln818_125' <Predicate = true> <Delay = 0.00>
ST_1 : Operation 475 [1/1] (2.09ns)   --->   "%r_V_3349 = mul i26 %sext_ln70_773, i26 67108365"   --->   Operation 475 'mul' 'r_V_3349' <Predicate = true> <Delay = 2.09> <CoreInst = "Mul_LUT">   --->   Core 4 'Mul_LUT' <Latency = 0> <II = 1> <Delay = 2.09> <FuncUnit> <Opcode : 'mul'> <InPorts = 2> <OutPorts = 1>
ST_1 : Operation 476 [1/1] (0.00ns)   --->   "%trunc_ln818_126 = partselect i16 @_ssdm_op_PartSelect.i16.i26.i32.i32, i26 %r_V_3349, i32 10, i32 25"   --->   Operation 476 'partselect' 'trunc_ln818_126' <Predicate = true> <Delay = 0.00>
ST_1 : Operation 477 [1/1] (2.03ns)   --->   "%r_V_3350 = mul i25 %sext_ln70_772, i25 33554247"   --->   Operation 477 'mul' 'r_V_3350' <Predicate = true> <Delay = 2.03> <CoreInst = "Mul_LUT">   --->   Core 4 'Mul_LUT' <Latency = 0> <II = 1> <Delay = 2.03> <FuncUnit> <Opcode : 'mul'> <InPorts = 2> <OutPorts = 1>
ST_1 : Operation 478 [1/1] (0.00ns)   --->   "%trunc_ln818_127 = partselect i15 @_ssdm_op_PartSelect.i15.i25.i32.i32, i25 %r_V_3350, i32 10, i32 24"   --->   Operation 478 'partselect' 'trunc_ln818_127' <Predicate = true> <Delay = 0.00>
ST_1 : Operation 479 [1/1] (0.00ns)   --->   "%sext_ln818_1038 = sext i15 %trunc_ln818_127"   --->   Operation 479 'sext' 'sext_ln818_1038' <Predicate = true> <Delay = 0.00>
ST_1 : Operation 480 [1/1] (2.09ns)   --->   "%r_V_3351 = mul i26 %sext_ln70_773, i26 407"   --->   Operation 480 'mul' 'r_V_3351' <Predicate = true> <Delay = 2.09> <CoreInst = "Mul_LUT">   --->   Core 4 'Mul_LUT' <Latency = 0> <II = 1> <Delay = 2.09> <FuncUnit> <Opcode : 'mul'> <InPorts = 2> <OutPorts = 1>
ST_1 : Operation 481 [1/1] (0.00ns)   --->   "%trunc_ln818_128 = partselect i16 @_ssdm_op_PartSelect.i16.i26.i32.i32, i26 %r_V_3351, i32 10, i32 25"   --->   Operation 481 'partselect' 'trunc_ln818_128' <Predicate = true> <Delay = 0.00>
ST_1 : Operation 482 [1/1] (0.00ns)   --->   "%shl_ln1273_667 = bitconcatenate i25 @_ssdm_op_BitConcatenate.i25.i16.i9, i16 %p_read_178, i9 0"   --->   Operation 482 'bitconcatenate' 'shl_ln1273_667' <Predicate = true> <Delay = 0.00>
ST_1 : Operation 483 [1/1] (0.00ns)   --->   "%sext_ln1273_945 = sext i25 %shl_ln1273_667"   --->   Operation 483 'sext' 'sext_ln1273_945' <Predicate = true> <Delay = 0.00>
ST_1 : Operation 484 [1/1] (0.00ns)   --->   "%shl_ln1273_668 = bitconcatenate i20 @_ssdm_op_BitConcatenate.i20.i16.i4, i16 %p_read_178, i4 0"   --->   Operation 484 'bitconcatenate' 'shl_ln1273_668' <Predicate = true> <Delay = 0.00>
ST_1 : Operation 485 [1/1] (0.00ns)   --->   "%sext_ln1273_946 = sext i20 %shl_ln1273_668"   --->   Operation 485 'sext' 'sext_ln1273_946' <Predicate = true> <Delay = 0.00>
ST_1 : Operation 486 [1/1] (0.86ns)   --->   "%r_V_3352 = sub i26 %sext_ln1273_945, i26 %sext_ln1273_946"   --->   Operation 486 'sub' 'r_V_3352' <Predicate = true> <Delay = 0.86> <CoreInst = "Adder">   --->   Core 1 'Adder' <Latency = 0> <II = 1> <Delay = 0.87> <FuncUnit> <Opcode : 'add' 'sub'> <InPorts = 2> <OutPorts = 1>
ST_1 : Operation 487 [1/1] (0.00ns)   --->   "%trunc_ln818_129 = partselect i16 @_ssdm_op_PartSelect.i16.i26.i32.i32, i26 %r_V_3352, i32 10, i32 25"   --->   Operation 487 'partselect' 'trunc_ln818_129' <Predicate = true> <Delay = 0.00>
ST_1 : Operation 488 [1/1] (0.00ns)   --->   "%sext_ln70_774 = sext i16 %p_read_177" [/home/kaxiotis/Vitis_Accel_Projects/vitis_accel_prj/firmware/nnet_utils/nnet_mult.h:70]   --->   Operation 488 'sext' 'sext_ln70_774' <Predicate = true> <Delay = 0.00>
ST_1 : Operation 489 [1/1] (0.00ns)   --->   "%sext_ln70_775 = sext i16 %p_read_177" [/home/kaxiotis/Vitis_Accel_Projects/vitis_accel_prj/firmware/nnet_utils/nnet_mult.h:70]   --->   Operation 489 'sext' 'sext_ln70_775' <Predicate = true> <Delay = 0.00>
ST_1 : Operation 490 [1/1] (0.00ns)   --->   "%sext_ln70_776 = sext i16 %p_read_177" [/home/kaxiotis/Vitis_Accel_Projects/vitis_accel_prj/firmware/nnet_utils/nnet_mult.h:70]   --->   Operation 490 'sext' 'sext_ln70_776' <Predicate = true> <Delay = 0.00>
ST_1 : Operation 491 [1/1] (0.00ns)   --->   "%sext_ln1270_19 = sext i16 %p_read_177"   --->   Operation 491 'sext' 'sext_ln1270_19' <Predicate = true> <Delay = 0.00>
ST_1 : Operation 492 [1/1] (2.09ns)   --->   "%r_V_3353 = mul i26 %sext_ln1270_19, i26 67108408"   --->   Operation 492 'mul' 'r_V_3353' <Predicate = true> <Delay = 2.09> <CoreInst = "Mul_LUT">   --->   Core 4 'Mul_LUT' <Latency = 0> <II = 1> <Delay = 2.09> <FuncUnit> <Opcode : 'mul'> <InPorts = 2> <OutPorts = 1>
ST_1 : Operation 493 [1/1] (0.00ns)   --->   "%trunc_ln818_130 = partselect i16 @_ssdm_op_PartSelect.i16.i26.i32.i32, i26 %r_V_3353, i32 10, i32 25"   --->   Operation 493 'partselect' 'trunc_ln818_130' <Predicate = true> <Delay = 0.00>
ST_1 : Operation 494 [1/1] (2.25ns)   --->   "%mul_ln1270_111 = mul i26 %sext_ln1270_19, i26 67108291"   --->   Operation 494 'mul' 'mul_ln1270_111' <Predicate = true> <Delay = 2.25> <CoreInst = "Mul_LUT">   --->   Core 4 'Mul_LUT' <Latency = 0> <II = 1> <Delay = 2.25> <FuncUnit> <Opcode : 'mul'> <InPorts = 2> <OutPorts = 1>
ST_1 : Operation 495 [1/1] (0.00ns)   --->   "%trunc_ln818_131 = partselect i16 @_ssdm_op_PartSelect.i16.i26.i32.i32, i26 %mul_ln1270_111, i32 10, i32 25"   --->   Operation 495 'partselect' 'trunc_ln818_131' <Predicate = true> <Delay = 0.00>
ST_1 : Operation 496 [1/1] (1.97ns)   --->   "%r_V_3354 = mul i24 %sext_ln70_776, i24 93"   --->   Operation 496 'mul' 'r_V_3354' <Predicate = true> <Delay = 1.97> <CoreInst = "Mul_LUT">   --->   Core 4 'Mul_LUT' <Latency = 0> <II = 1> <Delay = 1.97> <FuncUnit> <Opcode : 'mul'> <InPorts = 2> <OutPorts = 1>
ST_1 : Operation 497 [1/1] (0.00ns)   --->   "%trunc_ln818_132 = partselect i14 @_ssdm_op_PartSelect.i14.i24.i32.i32, i24 %r_V_3354, i32 10, i32 23"   --->   Operation 497 'partselect' 'trunc_ln818_132' <Predicate = true> <Delay = 0.00>
ST_1 : Operation 498 [1/1] (0.00ns)   --->   "%sext_ln1273_973 = sext i14 %trunc_ln818_132"   --->   Operation 498 'sext' 'sext_ln1273_973' <Predicate = true> <Delay = 0.00>
ST_1 : Operation 499 [1/1] (2.03ns)   --->   "%r_V_3355 = mul i25 %sext_ln70_775, i25 177"   --->   Operation 499 'mul' 'r_V_3355' <Predicate = true> <Delay = 2.03> <CoreInst = "Mul_LUT">   --->   Core 4 'Mul_LUT' <Latency = 0> <II = 1> <Delay = 2.03> <FuncUnit> <Opcode : 'mul'> <InPorts = 2> <OutPorts = 1>
ST_1 : Operation 500 [1/1] (0.00ns)   --->   "%trunc_ln818_133 = partselect i15 @_ssdm_op_PartSelect.i15.i25.i32.i32, i25 %r_V_3355, i32 10, i32 24"   --->   Operation 500 'partselect' 'trunc_ln818_133' <Predicate = true> <Delay = 0.00>
ST_1 : Operation 501 [1/1] (0.00ns)   --->   "%sext_ln818_1039 = sext i15 %trunc_ln818_133"   --->   Operation 501 'sext' 'sext_ln818_1039' <Predicate = true> <Delay = 0.00>
ST_1 : Operation 502 [1/1] (1.83ns)   --->   "%r_V_3356 = mul i22 %sext_ln70_774, i22 4194281"   --->   Operation 502 'mul' 'r_V_3356' <Predicate = true> <Delay = 1.83> <CoreInst = "Mul_LUT">   --->   Core 4 'Mul_LUT' <Latency = 0> <II = 1> <Delay = 1.83> <FuncUnit> <Opcode : 'mul'> <InPorts = 2> <OutPorts = 1>
ST_1 : Operation 503 [1/1] (0.00ns)   --->   "%trunc_ln818_134 = partselect i12 @_ssdm_op_PartSelect.i12.i22.i32.i32, i22 %r_V_3356, i32 10, i32 21"   --->   Operation 503 'partselect' 'trunc_ln818_134' <Predicate = true> <Delay = 0.00>
ST_1 : Operation 504 [1/1] (0.00ns)   --->   "%sext_ln70_777 = sext i12 %trunc_ln818_134" [/home/kaxiotis/Vitis_Accel_Projects/vitis_accel_prj/firmware/nnet_utils/nnet_mult.h:70]   --->   Operation 504 'sext' 'sext_ln70_777' <Predicate = true> <Delay = 0.00>
ST_1 : Operation 505 [1/1] (0.00ns)   --->   "%sext_ln70_778 = sext i16 %p_read_176" [/home/kaxiotis/Vitis_Accel_Projects/vitis_accel_prj/firmware/nnet_utils/nnet_mult.h:70]   --->   Operation 505 'sext' 'sext_ln70_778' <Predicate = true> <Delay = 0.00>
ST_1 : Operation 506 [1/1] (0.00ns)   --->   "%sext_ln70_779 = sext i16 %p_read_176" [/home/kaxiotis/Vitis_Accel_Projects/vitis_accel_prj/firmware/nnet_utils/nnet_mult.h:70]   --->   Operation 506 'sext' 'sext_ln70_779' <Predicate = true> <Delay = 0.00>
ST_1 : Operation 507 [1/1] (0.00ns)   --->   "%sext_ln70_780 = sext i16 %p_read_176" [/home/kaxiotis/Vitis_Accel_Projects/vitis_accel_prj/firmware/nnet_utils/nnet_mult.h:70]   --->   Operation 507 'sext' 'sext_ln70_780' <Predicate = true> <Delay = 0.00>
ST_1 : Operation 508 [1/1] (1.83ns)   --->   "%r_V_3357 = mul i22 %sext_ln70_780, i22 21"   --->   Operation 508 'mul' 'r_V_3357' <Predicate = true> <Delay = 1.83> <CoreInst = "Mul_LUT">   --->   Core 4 'Mul_LUT' <Latency = 0> <II = 1> <Delay = 1.83> <FuncUnit> <Opcode : 'mul'> <InPorts = 2> <OutPorts = 1>
ST_1 : Operation 509 [1/1] (0.00ns)   --->   "%trunc_ln818_135 = partselect i12 @_ssdm_op_PartSelect.i12.i22.i32.i32, i22 %r_V_3357, i32 10, i32 21"   --->   Operation 509 'partselect' 'trunc_ln818_135' <Predicate = true> <Delay = 0.00>
ST_1 : Operation 510 [1/1] (0.00ns)   --->   "%sext_ln1273_974 = sext i12 %trunc_ln818_135"   --->   Operation 510 'sext' 'sext_ln1273_974' <Predicate = true> <Delay = 0.00>
ST_1 : Operation 511 [1/1] (2.09ns)   --->   "%r_V_3358 = mul i26 %sext_ln70_779, i26 67108577"   --->   Operation 511 'mul' 'r_V_3358' <Predicate = true> <Delay = 2.09> <CoreInst = "Mul_LUT">   --->   Core 4 'Mul_LUT' <Latency = 0> <II = 1> <Delay = 2.09> <FuncUnit> <Opcode : 'mul'> <InPorts = 2> <OutPorts = 1>
ST_1 : Operation 512 [1/1] (0.00ns)   --->   "%trunc_ln818_136 = partselect i16 @_ssdm_op_PartSelect.i16.i26.i32.i32, i26 %r_V_3358, i32 10, i32 25"   --->   Operation 512 'partselect' 'trunc_ln818_136' <Predicate = true> <Delay = 0.00>
ST_1 : Operation 513 [1/1] (0.00ns)   --->   "%shl_ln1273_669 = bitconcatenate i22 @_ssdm_op_BitConcatenate.i22.i16.i6, i16 %p_read_176, i6 0"   --->   Operation 513 'bitconcatenate' 'shl_ln1273_669' <Predicate = true> <Delay = 0.00>
ST_1 : Operation 514 [1/1] (0.00ns)   --->   "%sext_ln1273_947 = sext i22 %shl_ln1273_669"   --->   Operation 514 'sext' 'sext_ln1273_947' <Predicate = true> <Delay = 0.00>
ST_1 : Operation 515 [1/1] (0.00ns)   --->   "%shl_ln1273_670 = bitconcatenate i18 @_ssdm_op_BitConcatenate.i18.i16.i2, i16 %p_read_176, i2 0"   --->   Operation 515 'bitconcatenate' 'shl_ln1273_670' <Predicate = true> <Delay = 0.00>
ST_1 : Operation 516 [1/1] (0.00ns)   --->   "%sext_ln1273_948 = sext i18 %shl_ln1273_670"   --->   Operation 516 'sext' 'sext_ln1273_948' <Predicate = true> <Delay = 0.00>
ST_1 : Operation 517 [1/1] (0.85ns)   --->   "%r_V_3359 = sub i23 %sext_ln1273_947, i23 %sext_ln1273_948"   --->   Operation 517 'sub' 'r_V_3359' <Predicate = true> <Delay = 0.85> <CoreInst = "Adder">   --->   Core 1 'Adder' <Latency = 0> <II = 1> <Delay = 0.85> <FuncUnit> <Opcode : 'add' 'sub'> <InPorts = 2> <OutPorts = 1>
ST_1 : Operation 518 [1/1] (0.00ns)   --->   "%trunc_ln818_137 = partselect i13 @_ssdm_op_PartSelect.i13.i23.i32.i32, i23 %r_V_3359, i32 10, i32 22"   --->   Operation 518 'partselect' 'trunc_ln818_137' <Predicate = true> <Delay = 0.00>
ST_1 : Operation 519 [1/1] (0.00ns)   --->   "%sext_ln1273_975 = sext i13 %trunc_ln818_137"   --->   Operation 519 'sext' 'sext_ln1273_975' <Predicate = true> <Delay = 0.00>
ST_1 : Operation 520 [1/1] (2.09ns)   --->   "%r_V_3360 = mul i26 %sext_ln70_779, i26 67108454"   --->   Operation 520 'mul' 'r_V_3360' <Predicate = true> <Delay = 2.09> <CoreInst = "Mul_LUT">   --->   Core 4 'Mul_LUT' <Latency = 0> <II = 1> <Delay = 2.09> <FuncUnit> <Opcode : 'mul'> <InPorts = 2> <OutPorts = 1>
ST_1 : Operation 521 [1/1] (0.00ns)   --->   "%trunc_ln818_138 = partselect i16 @_ssdm_op_PartSelect.i16.i26.i32.i32, i26 %r_V_3360, i32 10, i32 25"   --->   Operation 521 'partselect' 'trunc_ln818_138' <Predicate = true> <Delay = 0.00>
ST_1 : Operation 522 [1/1] (1.89ns)   --->   "%r_V_3361 = mul i23 %sext_ln70_778, i23 8388554"   --->   Operation 522 'mul' 'r_V_3361' <Predicate = true> <Delay = 1.89> <CoreInst = "Mul_LUT">   --->   Core 4 'Mul_LUT' <Latency = 0> <II = 1> <Delay = 1.89> <FuncUnit> <Opcode : 'mul'> <InPorts = 2> <OutPorts = 1>
ST_1 : Operation 523 [1/1] (0.00ns)   --->   "%trunc_ln818_139 = partselect i13 @_ssdm_op_PartSelect.i13.i23.i32.i32, i23 %r_V_3361, i32 10, i32 22"   --->   Operation 523 'partselect' 'trunc_ln818_139' <Predicate = true> <Delay = 0.00>
ST_1 : Operation 524 [1/1] (0.00ns)   --->   "%sext_ln70_781 = sext i13 %trunc_ln818_139" [/home/kaxiotis/Vitis_Accel_Projects/vitis_accel_prj/firmware/nnet_utils/nnet_mult.h:70]   --->   Operation 524 'sext' 'sext_ln70_781' <Predicate = true> <Delay = 0.00>
ST_1 : Operation 525 [1/1] (0.00ns)   --->   "%sext_ln70_782 = sext i16 %p_read_175" [/home/kaxiotis/Vitis_Accel_Projects/vitis_accel_prj/firmware/nnet_utils/nnet_mult.h:70]   --->   Operation 525 'sext' 'sext_ln70_782' <Predicate = true> <Delay = 0.00>
ST_1 : Operation 526 [1/1] (2.09ns)   --->   "%r_V_3362 = mul i26 %sext_ln70_782, i26 67108442"   --->   Operation 526 'mul' 'r_V_3362' <Predicate = true> <Delay = 2.09> <CoreInst = "Mul_LUT">   --->   Core 4 'Mul_LUT' <Latency = 0> <II = 1> <Delay = 2.09> <FuncUnit> <Opcode : 'mul'> <InPorts = 2> <OutPorts = 1>
ST_1 : Operation 527 [1/1] (0.00ns)   --->   "%trunc_ln818_140 = partselect i16 @_ssdm_op_PartSelect.i16.i26.i32.i32, i26 %r_V_3362, i32 10, i32 25"   --->   Operation 527 'partselect' 'trunc_ln818_140' <Predicate = true> <Delay = 0.00>
ST_1 : Operation 528 [1/1] (2.09ns)   --->   "%r_V_3363 = mul i26 %sext_ln70_782, i26 67108461"   --->   Operation 528 'mul' 'r_V_3363' <Predicate = true> <Delay = 2.09> <CoreInst = "Mul_LUT">   --->   Core 4 'Mul_LUT' <Latency = 0> <II = 1> <Delay = 2.09> <FuncUnit> <Opcode : 'mul'> <InPorts = 2> <OutPorts = 1>
ST_1 : Operation 529 [1/1] (0.00ns)   --->   "%trunc_ln818_141 = partselect i16 @_ssdm_op_PartSelect.i16.i26.i32.i32, i26 %r_V_3363, i32 10, i32 25"   --->   Operation 529 'partselect' 'trunc_ln818_141' <Predicate = true> <Delay = 0.00>
ST_1 : Operation 530 [1/1] (2.09ns)   --->   "%r_V_3364 = mul i26 %sext_ln70_782, i26 433"   --->   Operation 530 'mul' 'r_V_3364' <Predicate = true> <Delay = 2.09> <CoreInst = "Mul_LUT">   --->   Core 4 'Mul_LUT' <Latency = 0> <II = 1> <Delay = 2.09> <FuncUnit> <Opcode : 'mul'> <InPorts = 2> <OutPorts = 1>
ST_1 : Operation 531 [1/1] (0.00ns)   --->   "%trunc_ln818_142 = partselect i16 @_ssdm_op_PartSelect.i16.i26.i32.i32, i26 %r_V_3364, i32 10, i32 25"   --->   Operation 531 'partselect' 'trunc_ln818_142' <Predicate = true> <Delay = 0.00>
ST_1 : Operation 532 [1/1] (2.09ns)   --->   "%r_V_3365 = mul i26 %sext_ln70_782, i26 304"   --->   Operation 532 'mul' 'r_V_3365' <Predicate = true> <Delay = 2.09> <CoreInst = "Mul_LUT">   --->   Core 4 'Mul_LUT' <Latency = 0> <II = 1> <Delay = 2.09> <FuncUnit> <Opcode : 'mul'> <InPorts = 2> <OutPorts = 1>
ST_1 : Operation 533 [1/1] (0.00ns)   --->   "%trunc_ln818_143 = partselect i16 @_ssdm_op_PartSelect.i16.i26.i32.i32, i26 %r_V_3365, i32 10, i32 25"   --->   Operation 533 'partselect' 'trunc_ln818_143' <Predicate = true> <Delay = 0.00>
ST_1 : Operation 534 [1/1] (0.00ns)   --->   "%sext_ln1270_20 = sext i16 %p_read3062"   --->   Operation 534 'sext' 'sext_ln1270_20' <Predicate = true> <Delay = 0.00>
ST_1 : Operation 535 [1/1] (0.00ns)   --->   "%sext_ln70_783 = sext i16 %p_read3062" [/home/kaxiotis/Vitis_Accel_Projects/vitis_accel_prj/firmware/nnet_utils/nnet_mult.h:70]   --->   Operation 535 'sext' 'sext_ln70_783' <Predicate = true> <Delay = 0.00>
ST_1 : Operation 536 [1/1] (2.03ns)   --->   "%r_V_3366 = mul i25 %sext_ln70_783, i25 162"   --->   Operation 536 'mul' 'r_V_3366' <Predicate = true> <Delay = 2.03> <CoreInst = "Mul_LUT">   --->   Core 4 'Mul_LUT' <Latency = 0> <II = 1> <Delay = 2.03> <FuncUnit> <Opcode : 'mul'> <InPorts = 2> <OutPorts = 1>
ST_1 : Operation 537 [1/1] (0.00ns)   --->   "%trunc_ln818_144 = partselect i15 @_ssdm_op_PartSelect.i15.i25.i32.i32, i25 %r_V_3366, i32 10, i32 24"   --->   Operation 537 'partselect' 'trunc_ln818_144' <Predicate = true> <Delay = 0.00>
ST_1 : Operation 538 [1/1] (0.00ns)   --->   "%sext_ln818_1040 = sext i15 %trunc_ln818_144"   --->   Operation 538 'sext' 'sext_ln818_1040' <Predicate = true> <Delay = 0.00>
ST_1 : Operation 539 [1/1] (0.00ns)   --->   "%shl_ln1273_671 = bitconcatenate i17 @_ssdm_op_BitConcatenate.i17.i16.i1, i16 %p_read3062, i1 0"   --->   Operation 539 'bitconcatenate' 'shl_ln1273_671' <Predicate = true> <Delay = 0.00>
ST_1 : Operation 540 [1/1] (0.00ns)   --->   "%sext_ln1273_949 = sext i17 %shl_ln1273_671"   --->   Operation 540 'sext' 'sext_ln1273_949' <Predicate = true> <Delay = 0.00>
ST_1 : Operation 541 [1/1] (0.82ns)   --->   "%r_V_3367 = sub i18 0, i18 %sext_ln1273_949"   --->   Operation 541 'sub' 'r_V_3367' <Predicate = true> <Delay = 0.82> <CoreInst = "Adder">   --->   Core 1 'Adder' <Latency = 0> <II = 1> <Delay = 0.83> <FuncUnit> <Opcode : 'add' 'sub'> <InPorts = 2> <OutPorts = 1>
ST_1 : Operation 542 [1/1] (0.00ns)   --->   "%trunc_ln818_145 = partselect i8 @_ssdm_op_PartSelect.i8.i18.i32.i32, i18 %r_V_3367, i32 10, i32 17"   --->   Operation 542 'partselect' 'trunc_ln818_145' <Predicate = true> <Delay = 0.00>
ST_1 : Operation 543 [1/1] (0.00ns)   --->   "%sext_ln1273_976 = sext i8 %trunc_ln818_145"   --->   Operation 543 'sext' 'sext_ln1273_976' <Predicate = true> <Delay = 0.00>
ST_1 : Operation 544 [1/1] (2.03ns)   --->   "%r_V_3368 = mul i25 %sext_ln70_783, i25 33554221"   --->   Operation 544 'mul' 'r_V_3368' <Predicate = true> <Delay = 2.03> <CoreInst = "Mul_LUT">   --->   Core 4 'Mul_LUT' <Latency = 0> <II = 1> <Delay = 2.03> <FuncUnit> <Opcode : 'mul'> <InPorts = 2> <OutPorts = 1>
ST_1 : Operation 545 [1/1] (0.00ns)   --->   "%trunc_ln818_146 = partselect i15 @_ssdm_op_PartSelect.i15.i25.i32.i32, i25 %r_V_3368, i32 10, i32 24"   --->   Operation 545 'partselect' 'trunc_ln818_146' <Predicate = true> <Delay = 0.00>
ST_1 : Operation 546 [1/1] (0.00ns)   --->   "%sext_ln818_1041 = sext i15 %trunc_ln818_146"   --->   Operation 546 'sext' 'sext_ln818_1041' <Predicate = true> <Delay = 0.00>
ST_1 : Operation 547 [1/1] (2.48ns)   --->   "%mul_ln1270_112 = mul i26 %sext_ln1270_20, i26 67107760"   --->   Operation 547 'mul' 'mul_ln1270_112' <Predicate = true> <Delay = 2.48> <CoreInst = "Mul_LUT">   --->   Core 4 'Mul_LUT' <Latency = 0> <II = 1> <Delay = 2.48> <FuncUnit> <Opcode : 'mul'> <InPorts = 2> <OutPorts = 1>
ST_1 : Operation 548 [1/1] (0.00ns)   --->   "%trunc_ln818_147 = partselect i16 @_ssdm_op_PartSelect.i16.i26.i32.i32, i26 %mul_ln1270_112, i32 10, i32 25"   --->   Operation 548 'partselect' 'trunc_ln818_147' <Predicate = true> <Delay = 0.00>
ST_1 : Operation 549 [1/1] (2.25ns)   --->   "%mul_ln1270_113 = mul i26 %sext_ln1270_20, i26 780"   --->   Operation 549 'mul' 'mul_ln1270_113' <Predicate = true> <Delay = 2.25> <CoreInst = "Mul_LUT">   --->   Core 4 'Mul_LUT' <Latency = 0> <II = 1> <Delay = 2.25> <FuncUnit> <Opcode : 'mul'> <InPorts = 2> <OutPorts = 1>
ST_1 : Operation 550 [1/1] (0.00ns)   --->   "%trunc_ln818_148 = partselect i16 @_ssdm_op_PartSelect.i16.i26.i32.i32, i26 %mul_ln1270_113, i32 10, i32 25"   --->   Operation 550 'partselect' 'trunc_ln818_148' <Predicate = true> <Delay = 0.00>
ST_1 : Operation 551 [1/1] (0.00ns)   --->   "%sext_ln1270_21 = sext i16 %p_read3163"   --->   Operation 551 'sext' 'sext_ln1270_21' <Predicate = true> <Delay = 0.00>
ST_1 : Operation 552 [1/1] (2.09ns)   --->   "%r_V_3369 = mul i26 %sext_ln1270_21, i26 67108383"   --->   Operation 552 'mul' 'r_V_3369' <Predicate = true> <Delay = 2.09> <CoreInst = "Mul_LUT">   --->   Core 4 'Mul_LUT' <Latency = 0> <II = 1> <Delay = 2.09> <FuncUnit> <Opcode : 'mul'> <InPorts = 2> <OutPorts = 1>
ST_1 : Operation 553 [1/1] (0.00ns)   --->   "%trunc_ln818_149 = partselect i16 @_ssdm_op_PartSelect.i16.i26.i32.i32, i26 %r_V_3369, i32 10, i32 25"   --->   Operation 553 'partselect' 'trunc_ln818_149' <Predicate = true> <Delay = 0.00>
ST_1 : Operation 554 [1/1] (2.09ns)   --->   "%r_V_3370 = mul i26 %sext_ln1270_21, i26 67108577"   --->   Operation 554 'mul' 'r_V_3370' <Predicate = true> <Delay = 2.09> <CoreInst = "Mul_LUT">   --->   Core 4 'Mul_LUT' <Latency = 0> <II = 1> <Delay = 2.09> <FuncUnit> <Opcode : 'mul'> <InPorts = 2> <OutPorts = 1>
ST_1 : Operation 555 [1/1] (0.00ns)   --->   "%trunc_ln818_150 = partselect i16 @_ssdm_op_PartSelect.i16.i26.i32.i32, i26 %r_V_3370, i32 10, i32 25"   --->   Operation 555 'partselect' 'trunc_ln818_150' <Predicate = true> <Delay = 0.00>
ST_1 : Operation 556 [1/1] (2.09ns)   --->   "%r_V_3371 = mul i26 %sext_ln1270_21, i26 372"   --->   Operation 556 'mul' 'r_V_3371' <Predicate = true> <Delay = 2.09> <CoreInst = "Mul_LUT">   --->   Core 4 'Mul_LUT' <Latency = 0> <II = 1> <Delay = 2.09> <FuncUnit> <Opcode : 'mul'> <InPorts = 2> <OutPorts = 1>
ST_1 : Operation 557 [1/1] (0.00ns)   --->   "%trunc_ln818_151 = partselect i16 @_ssdm_op_PartSelect.i16.i26.i32.i32, i26 %r_V_3371, i32 10, i32 25"   --->   Operation 557 'partselect' 'trunc_ln818_151' <Predicate = true> <Delay = 0.00>
ST_1 : Operation 558 [1/1] (2.09ns)   --->   "%r_V_3372 = mul i26 %sext_ln1270_21, i26 67108593"   --->   Operation 558 'mul' 'r_V_3372' <Predicate = true> <Delay = 2.09> <CoreInst = "Mul_LUT">   --->   Core 4 'Mul_LUT' <Latency = 0> <II = 1> <Delay = 2.09> <FuncUnit> <Opcode : 'mul'> <InPorts = 2> <OutPorts = 1>
ST_1 : Operation 559 [1/1] (0.00ns)   --->   "%trunc_ln818_152 = partselect i16 @_ssdm_op_PartSelect.i16.i26.i32.i32, i26 %r_V_3372, i32 10, i32 25"   --->   Operation 559 'partselect' 'trunc_ln818_152' <Predicate = true> <Delay = 0.00>
ST_1 : Operation 560 [1/1] (2.25ns)   --->   "%mul_ln1270_114 = mul i26 %sext_ln1270_21, i26 593"   --->   Operation 560 'mul' 'mul_ln1270_114' <Predicate = true> <Delay = 2.25> <CoreInst = "Mul_LUT">   --->   Core 4 'Mul_LUT' <Latency = 0> <II = 1> <Delay = 2.25> <FuncUnit> <Opcode : 'mul'> <InPorts = 2> <OutPorts = 1>
ST_1 : Operation 561 [1/1] (0.00ns)   --->   "%trunc_ln818_153 = partselect i16 @_ssdm_op_PartSelect.i16.i26.i32.i32, i26 %mul_ln1270_114, i32 10, i32 25"   --->   Operation 561 'partselect' 'trunc_ln818_153' <Predicate = true> <Delay = 0.00>
ST_1 : Operation 562 [1/1] (0.82ns)   --->   "%add_ln813 = add i16 %trunc_ln818_9, i16 %trunc_ln818_4"   --->   Operation 562 'add' 'add_ln813' <Predicate = true> <Delay = 0.82> <CoreInst = "Adder">   --->   Core 1 'Adder' <Latency = 0> <II = 1> <Delay = 0.82> <FuncUnit> <Opcode : 'add' 'sub'> <InPorts = 2> <OutPorts = 1>
ST_1 : Operation 563 [1/1] (0.82ns)   --->   "%add_ln813_3718 = add i16 %trunc_ln818_14, i16 %trunc_ln818_24"   --->   Operation 563 'add' 'add_ln813_3718' <Predicate = true> <Delay = 0.82> <CoreInst = "Adder">   --->   Core 1 'Adder' <Latency = 0> <II = 1> <Delay = 0.82> <FuncUnit> <Opcode : 'add' 'sub'> <InPorts = 2> <OutPorts = 1>
ST_1 : Operation 564 [1/1] (0.82ns)   --->   "%add_ln813_3721 = add i16 %trunc_ln818_49, i16 %trunc_ln818_59"   --->   Operation 564 'add' 'add_ln813_3721' <Predicate = true> <Delay = 0.82> <CoreInst = "Adder">   --->   Core 1 'Adder' <Latency = 0> <II = 1> <Delay = 0.82> <FuncUnit> <Opcode : 'add' 'sub'> <InPorts = 2> <OutPorts = 1>
ST_1 : Operation 565 [1/1] (0.82ns)   --->   "%add_ln813_3724 = add i16 %trunc_ln818_64, i16 %trunc_ln818_94"   --->   Operation 565 'add' 'add_ln813_3724' <Predicate = true> <Delay = 0.82> <CoreInst = "Adder">   --->   Core 1 'Adder' <Latency = 0> <II = 1> <Delay = 0.82> <FuncUnit> <Opcode : 'add' 'sub'> <InPorts = 2> <OutPorts = 1>
ST_1 : Operation 566 [1/1] (0.82ns)   --->   "%add_ln813_3725 = add i16 %trunc_ln818_109, i16 %trunc_ln818_115"   --->   Operation 566 'add' 'add_ln813_3725' <Predicate = true> <Delay = 0.82> <CoreInst = "Adder">   --->   Core 1 'Adder' <Latency = 0> <II = 1> <Delay = 0.82> <FuncUnit> <Opcode : 'add' 'sub'> <InPorts = 2> <OutPorts = 1>
ST_1 : Operation 567 [1/1] (0.82ns)   --->   "%add_ln813_3728 = add i16 %trunc_ln818_130, i16 %trunc_ln818_140"   --->   Operation 567 'add' 'add_ln813_3728' <Predicate = true> <Delay = 0.82> <CoreInst = "Adder">   --->   Core 1 'Adder' <Latency = 0> <II = 1> <Delay = 0.82> <FuncUnit> <Opcode : 'add' 'sub'> <InPorts = 2> <OutPorts = 1>
ST_1 : Operation 568 [1/1] (0.81ns)   --->   "%add_ln813_3733 = add i16 %sext_ln818_1031, i16 %sext_ln818_1040"   --->   Operation 568 'add' 'add_ln813_3733' <Predicate = true> <Delay = 0.81> <CoreInst = "Adder">   --->   Core 1 'Adder' <Latency = 0> <II = 1> <Delay = 0.82> <FuncUnit> <Opcode : 'add' 'sub'> <InPorts = 2> <OutPorts = 1>
ST_1 : Operation 569 [1/1] (0.81ns)   --->   "%add_ln813_3735 = add i15 %sext_ln1273_950, i15 %sext_ln1273_955"   --->   Operation 569 'add' 'add_ln813_3735' <Predicate = true> <Delay = 0.81> <CoreInst = "Adder">   --->   Core 1 'Adder' <Latency = 0> <II = 1> <Delay = 0.81> <FuncUnit> <Opcode : 'add' 'sub'> <InPorts = 2> <OutPorts = 1>
ST_1 : Operation 570 [1/1] (0.00ns)   --->   "%sext_ln813 = sext i15 %add_ln813_3735"   --->   Operation 570 'sext' 'sext_ln813' <Predicate = true> <Delay = 0.00>
ST_1 : Operation 571 [1/1] (0.81ns)   --->   "%add_ln813_3736 = add i15 %sext_ln1273_958, i15 %sext_ln1273_968"   --->   Operation 571 'add' 'add_ln813_3736' <Predicate = true> <Delay = 0.81> <CoreInst = "Adder">   --->   Core 1 'Adder' <Latency = 0> <II = 1> <Delay = 0.81> <FuncUnit> <Opcode : 'add' 'sub'> <InPorts = 2> <OutPorts = 1>
ST_1 : Operation 572 [1/1] (0.00ns)   --->   "%sext_ln813_1438 = sext i15 %add_ln813_3736"   --->   Operation 572 'sext' 'sext_ln813_1438' <Predicate = true> <Delay = 0.00>
ST_1 : Operation 573 [1/1] (0.81ns)   --->   "%add_ln813_3737 = add i16 %sext_ln813_1438, i16 %sext_ln813"   --->   Operation 573 'add' 'add_ln813_3737' <Predicate = true> <Delay = 0.81> <CoreInst = "Adder">   --->   Core 1 'Adder' <Latency = 0> <II = 1> <Delay = 0.82> <FuncUnit> <Opcode : 'add' 'sub'> <InPorts = 2> <OutPorts = 1>
ST_1 : Operation 574 [1/1] (0.00ns) (grouped into TernaryAdder)   --->   "%add_ln813_3739 = add i14 %sext_ln1273_906, i14 %sext_ln1273_974"   --->   Operation 574 'add' 'add_ln813_3739' <Predicate = true> <Delay = 0.00> <CoreInst = "TAddSub">   --->   Core 10 'TAddSub' <Latency = 0> <II = 1> <Delay = 0.51> <IPBlock> <Opcode : 'add' 'sub'> <InPorts = 3> <OutPorts = 1> <Sync> <CReg>
ST_1 : Operation 575 [1/1] (0.80ns)   --->   "%add_ln813_3740 = add i12 %sext_ln1273_963, i12 %sext_ln1273_965"   --->   Operation 575 'add' 'add_ln813_3740' <Predicate = true> <Delay = 0.80> <CoreInst = "Adder">   --->   Core 1 'Adder' <Latency = 0> <II = 1> <Delay = 0.81> <FuncUnit> <Opcode : 'add' 'sub'> <InPorts = 2> <OutPorts = 1>
ST_1 : Operation 576 [1/1] (0.00ns)   --->   "%sext_ln813_1439 = sext i12 %add_ln813_3740"   --->   Operation 576 'sext' 'sext_ln813_1439' <Predicate = true> <Delay = 0.00>
ST_1 : Operation 577 [1/1] (0.96ns) (root node of TernaryAdder)   --->   "%add_ln813_3741 = add i14 %sext_ln813_1439, i14 %add_ln813_3739"   --->   Operation 577 'add' 'add_ln813_3741' <Predicate = true> <Delay = 0.96> <CoreInst = "TAddSub">   --->   Core 10 'TAddSub' <Latency = 0> <II = 1> <Delay = 0.51> <IPBlock> <Opcode : 'add' 'sub'> <InPorts = 3> <OutPorts = 1> <Sync> <CReg>
ST_1 : Operation 578 [1/1] (0.00ns)   --->   "%sext_ln813_1440 = sext i14 %add_ln813_3741"   --->   Operation 578 'sext' 'sext_ln813_1440' <Predicate = true> <Delay = 0.00>
ST_1 : Operation 579 [1/1] (0.00ns) (grouped into TernaryAdder)   --->   "%add_ln813_3742 = add i11 %sext_ln1273_952, i11 1929"   --->   Operation 579 'add' 'add_ln813_3742' <Predicate = true> <Delay = 0.00> <CoreInst = "TAddSub">   --->   Core 10 'TAddSub' <Latency = 0> <II = 1> <Delay = 0.51> <IPBlock> <Opcode : 'add' 'sub'> <InPorts = 3> <OutPorts = 1> <Sync> <CReg>
ST_1 : Operation 580 [1/1] (0.72ns)   --->   "%add_ln813_3743 = add i9 %sext_ln1273_959, i9 %sext_ln1273_969"   --->   Operation 580 'add' 'add_ln813_3743' <Predicate = true> <Delay = 0.72> <CoreInst = "Adder">   --->   Core 1 'Adder' <Latency = 0> <II = 1> <Delay = 0.75> <FuncUnit> <Opcode : 'add' 'sub'> <InPorts = 2> <OutPorts = 1>
ST_1 : Operation 581 [1/1] (0.00ns)   --->   "%sext_ln813_1441 = sext i9 %add_ln813_3743"   --->   Operation 581 'sext' 'sext_ln813_1441' <Predicate = true> <Delay = 0.00>
ST_1 : Operation 582 [1/1] (1.00ns) (root node of TernaryAdder)   --->   "%add_ln813_3744 = add i11 %sext_ln813_1441, i11 %add_ln813_3742"   --->   Operation 582 'add' 'add_ln813_3744' <Predicate = true> <Delay = 1.00> <CoreInst = "TAddSub">   --->   Core 10 'TAddSub' <Latency = 0> <II = 1> <Delay = 0.51> <IPBlock> <Opcode : 'add' 'sub'> <InPorts = 3> <OutPorts = 1> <Sync> <CReg>
ST_1 : Operation 583 [1/1] (0.00ns)   --->   "%sext_ln813_1442 = sext i11 %add_ln813_3744"   --->   Operation 583 'sext' 'sext_ln813_1442' <Predicate = true> <Delay = 0.00>
ST_1 : Operation 584 [1/1] (0.81ns)   --->   "%add_ln813_3745 = add i15 %sext_ln813_1442, i15 %sext_ln813_1440"   --->   Operation 584 'add' 'add_ln813_3745' <Predicate = true> <Delay = 0.81> <CoreInst = "Adder">   --->   Core 1 'Adder' <Latency = 0> <II = 1> <Delay = 0.81> <FuncUnit> <Opcode : 'add' 'sub'> <InPorts = 2> <OutPorts = 1>
ST_1 : Operation 585 [1/1] (0.82ns)   --->   "%add_ln813_3748 = add i16 %trunc_ln818_10, i16 %trunc_ln818_15"   --->   Operation 585 'add' 'add_ln813_3748' <Predicate = true> <Delay = 0.82> <CoreInst = "Adder">   --->   Core 1 'Adder' <Latency = 0> <II = 1> <Delay = 0.82> <FuncUnit> <Opcode : 'add' 'sub'> <InPorts = 2> <OutPorts = 1>
ST_1 : Operation 586 [1/1] (0.82ns)   --->   "%add_ln813_3749 = add i16 %trunc_ln818_20, i16 %trunc_ln818_40"   --->   Operation 586 'add' 'add_ln813_3749' <Predicate = true> <Delay = 0.82> <CoreInst = "Adder">   --->   Core 1 'Adder' <Latency = 0> <II = 1> <Delay = 0.82> <FuncUnit> <Opcode : 'add' 'sub'> <InPorts = 2> <OutPorts = 1>
ST_1 : Operation 587 [1/1] (0.82ns)   --->   "%add_ln813_3752 = add i16 %trunc_ln818_85, i16 %trunc_ln818_90"   --->   Operation 587 'add' 'add_ln813_3752' <Predicate = true> <Delay = 0.82> <CoreInst = "Adder">   --->   Core 1 'Adder' <Latency = 0> <II = 1> <Delay = 0.82> <FuncUnit> <Opcode : 'add' 'sub'> <InPorts = 2> <OutPorts = 1>
ST_1 : Operation 588 [1/1] (0.82ns)   --->   "%add_ln813_3755 = add i16 %trunc_ln818_95, i16 %trunc_ln818_110"   --->   Operation 588 'add' 'add_ln813_3755' <Predicate = true> <Delay = 0.82> <CoreInst = "Adder">   --->   Core 1 'Adder' <Latency = 0> <II = 1> <Delay = 0.82> <FuncUnit> <Opcode : 'add' 'sub'> <InPorts = 2> <OutPorts = 1>
ST_1 : Operation 589 [1/1] (0.82ns)   --->   "%add_ln813_3756 = add i16 %trunc_ln818_116, i16 %trunc_ln818_126"   --->   Operation 589 'add' 'add_ln813_3756' <Predicate = true> <Delay = 0.82> <CoreInst = "Adder">   --->   Core 1 'Adder' <Latency = 0> <II = 1> <Delay = 0.82> <FuncUnit> <Opcode : 'add' 'sub'> <InPorts = 2> <OutPorts = 1>
ST_1 : Operation 590 [1/1] (0.82ns)   --->   "%add_ln813_3759 = add i16 %trunc_ln818_141, i16 %trunc_ln818_150"   --->   Operation 590 'add' 'add_ln813_3759' <Predicate = true> <Delay = 0.82> <CoreInst = "Adder">   --->   Core 1 'Adder' <Latency = 0> <II = 1> <Delay = 0.82> <FuncUnit> <Opcode : 'add' 'sub'> <InPorts = 2> <OutPorts = 1>
ST_1 : Operation 591 [1/1] (0.81ns)   --->   "%add_ln813_3764 = add i16 %sext_ln818_1026, i16 %sext_ln818_1030"   --->   Operation 591 'add' 'add_ln813_3764' <Predicate = true> <Delay = 0.81> <CoreInst = "Adder">   --->   Core 1 'Adder' <Latency = 0> <II = 1> <Delay = 0.82> <FuncUnit> <Opcode : 'add' 'sub'> <InPorts = 2> <OutPorts = 1>
ST_1 : Operation 592 [1/1] (0.81ns)   --->   "%add_ln813_3767 = add i15 %sext_ln1273_953, i15 %sext_ln1273_957"   --->   Operation 592 'add' 'add_ln813_3767' <Predicate = true> <Delay = 0.81> <CoreInst = "Adder">   --->   Core 1 'Adder' <Latency = 0> <II = 1> <Delay = 0.81> <FuncUnit> <Opcode : 'add' 'sub'> <InPorts = 2> <OutPorts = 1>
ST_1 : Operation 593 [1/1] (0.81ns)   --->   "%add_ln813_3770 = add i15 %sext_ln1273_960, i15 %sext_ln1273_961"   --->   Operation 593 'add' 'add_ln813_3770' <Predicate = true> <Delay = 0.81> <CoreInst = "Adder">   --->   Core 1 'Adder' <Latency = 0> <II = 1> <Delay = 0.81> <FuncUnit> <Opcode : 'add' 'sub'> <InPorts = 2> <OutPorts = 1>
ST_1 : Operation 594 [1/1] (0.81ns)   --->   "%add_ln813_3771 = add i14 %sext_ln1273_907, i14 %sext_ln1273_912"   --->   Operation 594 'add' 'add_ln813_3771' <Predicate = true> <Delay = 0.81> <CoreInst = "Adder">   --->   Core 1 'Adder' <Latency = 0> <II = 1> <Delay = 0.81> <FuncUnit> <Opcode : 'add' 'sub'> <InPorts = 2> <OutPorts = 1>
ST_1 : Operation 595 [1/1] (0.00ns) (grouped into TernaryAdder)   --->   "%add_ln813_3773 = add i13 %sext_ln1273_972, i13 %sext_ln1273_976"   --->   Operation 595 'add' 'add_ln813_3773' <Predicate = true> <Delay = 0.00> <CoreInst = "TAddSub">   --->   Core 10 'TAddSub' <Latency = 0> <II = 1> <Delay = 0.51> <IPBlock> <Opcode : 'add' 'sub'> <InPorts = 3> <OutPorts = 1> <Sync> <CReg>
ST_1 : Operation 596 [1/1] (0.71ns)   --->   "%add_ln813_3774 = add i8 %sext_ln1270_16, i8 %sext_ln1270_17"   --->   Operation 596 'add' 'add_ln813_3774' <Predicate = true> <Delay = 0.71> <CoreInst = "Adder">   --->   Core 1 'Adder' <Latency = 0> <II = 1> <Delay = 0.72> <FuncUnit> <Opcode : 'add' 'sub'> <InPorts = 2> <OutPorts = 1>
ST_1 : Operation 597 [1/1] (0.00ns)   --->   "%sext_ln813_1447 = sext i8 %add_ln813_3774"   --->   Operation 597 'sext' 'sext_ln813_1447' <Predicate = true> <Delay = 0.00>
ST_1 : Operation 598 [1/1] (0.72ns)   --->   "%add_ln813_3775 = add i9 %sext_ln813_1447, i9 71"   --->   Operation 598 'add' 'add_ln813_3775' <Predicate = true> <Delay = 0.72> <CoreInst = "Adder">   --->   Core 1 'Adder' <Latency = 0> <II = 1> <Delay = 0.75> <FuncUnit> <Opcode : 'add' 'sub'> <InPorts = 2> <OutPorts = 1>
ST_1 : Operation 599 [1/1] (0.00ns)   --->   "%sext_ln813_1448 = sext i9 %add_ln813_3775"   --->   Operation 599 'sext' 'sext_ln813_1448' <Predicate = true> <Delay = 0.00>
ST_1 : Operation 600 [1/1] (0.97ns) (root node of TernaryAdder)   --->   "%add_ln813_3776 = add i13 %sext_ln813_1448, i13 %add_ln813_3773"   --->   Operation 600 'add' 'add_ln813_3776' <Predicate = true> <Delay = 0.97> <CoreInst = "TAddSub">   --->   Core 10 'TAddSub' <Latency = 0> <II = 1> <Delay = 0.51> <IPBlock> <Opcode : 'add' 'sub'> <InPorts = 3> <OutPorts = 1> <Sync> <CReg>
ST_1 : Operation 601 [1/1] (0.82ns)   --->   "%add_ln813_3780 = add i16 %trunc_ln818_6, i16 %trunc_ln818_1"   --->   Operation 601 'add' 'add_ln813_3780' <Predicate = true> <Delay = 0.82> <CoreInst = "Adder">   --->   Core 1 'Adder' <Latency = 0> <II = 1> <Delay = 0.82> <FuncUnit> <Opcode : 'add' 'sub'> <InPorts = 2> <OutPorts = 1>
ST_1 : Operation 602 [1/1] (0.82ns)   --->   "%add_ln813_3781 = add i16 %trunc_ln818_26, i16 %trunc_ln818_31"   --->   Operation 602 'add' 'add_ln813_3781' <Predicate = true> <Delay = 0.82> <CoreInst = "Adder">   --->   Core 1 'Adder' <Latency = 0> <II = 1> <Delay = 0.82> <FuncUnit> <Opcode : 'add' 'sub'> <InPorts = 2> <OutPorts = 1>
ST_1 : Operation 603 [1/1] (0.82ns)   --->   "%add_ln813_3784 = add i16 %trunc_ln818_56, i16 %trunc_ln818_61"   --->   Operation 603 'add' 'add_ln813_3784' <Predicate = true> <Delay = 0.82> <CoreInst = "Adder">   --->   Core 1 'Adder' <Latency = 0> <II = 1> <Delay = 0.82> <FuncUnit> <Opcode : 'add' 'sub'> <InPorts = 2> <OutPorts = 1>
ST_1 : Operation 604 [1/1] (0.82ns)   --->   "%add_ln813_3787 = add i16 %trunc_ln818_71, i16 %trunc_ln818_76"   --->   Operation 604 'add' 'add_ln813_3787' <Predicate = true> <Delay = 0.82> <CoreInst = "Adder">   --->   Core 1 'Adder' <Latency = 0> <II = 1> <Delay = 0.82> <FuncUnit> <Opcode : 'add' 'sub'> <InPorts = 2> <OutPorts = 1>
ST_1 : Operation 605 [1/1] (0.82ns)   --->   "%add_ln813_3788 = add i16 %trunc_ln818_86, i16 %trunc_ln818_101"   --->   Operation 605 'add' 'add_ln813_3788' <Predicate = true> <Delay = 0.82> <CoreInst = "Adder">   --->   Core 1 'Adder' <Latency = 0> <II = 1> <Delay = 0.82> <FuncUnit> <Opcode : 'add' 'sub'> <InPorts = 2> <OutPorts = 1>
ST_1 : Operation 606 [1/1] (0.82ns)   --->   "%add_ln813_3791 = add i16 %trunc_ln818_142, i16 %trunc_ln818_151"   --->   Operation 606 'add' 'add_ln813_3791' <Predicate = true> <Delay = 0.82> <CoreInst = "Adder">   --->   Core 1 'Adder' <Latency = 0> <II = 1> <Delay = 0.82> <FuncUnit> <Opcode : 'add' 'sub'> <InPorts = 2> <OutPorts = 1>
ST_1 : Operation 607 [1/1] (0.81ns)   --->   "%add_ln813_3796 = add i16 %sext_ln818_1015, i16 %sext_ln818_1025"   --->   Operation 607 'add' 'add_ln813_3796' <Predicate = true> <Delay = 0.81> <CoreInst = "Adder">   --->   Core 1 'Adder' <Latency = 0> <II = 1> <Delay = 0.82> <FuncUnit> <Opcode : 'add' 'sub'> <InPorts = 2> <OutPorts = 1>
ST_1 : Operation 608 [1/1] (0.81ns)   --->   "%add_ln813_3799 = add i16 %sext_ln818_1038, i16 %sext_ln818_1041"   --->   Operation 608 'add' 'add_ln813_3799' <Predicate = true> <Delay = 0.81> <CoreInst = "Adder">   --->   Core 1 'Adder' <Latency = 0> <II = 1> <Delay = 0.82> <FuncUnit> <Opcode : 'add' 'sub'> <InPorts = 2> <OutPorts = 1>
ST_1 : Operation 609 [1/1] (0.81ns)   --->   "%add_ln813_3802 = add i15 %sext_ln1273_954, i15 %sext_ln1273_962"   --->   Operation 609 'add' 'add_ln813_3802' <Predicate = true> <Delay = 0.81> <CoreInst = "Adder">   --->   Core 1 'Adder' <Latency = 0> <II = 1> <Delay = 0.81> <FuncUnit> <Opcode : 'add' 'sub'> <InPorts = 2> <OutPorts = 1>
ST_1 : Operation 610 [1/1] (0.81ns)   --->   "%add_ln813_3803 = add i15 %sext_ln1273_971, i15 %sext_ln1273_973"   --->   Operation 610 'add' 'add_ln813_3803' <Predicate = true> <Delay = 0.81> <CoreInst = "Adder">   --->   Core 1 'Adder' <Latency = 0> <II = 1> <Delay = 0.81> <FuncUnit> <Opcode : 'add' 'sub'> <InPorts = 2> <OutPorts = 1>
ST_1 : Operation 611 [1/1] (0.81ns)   --->   "%add_ln813_3805 = add i14 %sext_ln1273_970, i14 %sext_ln1273_975"   --->   Operation 611 'add' 'add_ln813_3805' <Predicate = true> <Delay = 0.81> <CoreInst = "Adder">   --->   Core 1 'Adder' <Latency = 0> <II = 1> <Delay = 0.81> <FuncUnit> <Opcode : 'add' 'sub'> <InPorts = 2> <OutPorts = 1>
ST_1 : Operation 612 [1/1] (0.00ns)   --->   "%sext_ln813_1452 = sext i14 %add_ln813_3805"   --->   Operation 612 'sext' 'sext_ln813_1452' <Predicate = true> <Delay = 0.00>
ST_1 : Operation 613 [1/1] (0.72ns)   --->   "%add_ln813_3806 = add i8 %sext_ln1270_17, i8 66"   --->   Operation 613 'add' 'add_ln813_3806' <Predicate = true> <Delay = 0.72> <CoreInst = "Adder">   --->   Core 1 'Adder' <Latency = 0> <II = 1> <Delay = 0.72> <FuncUnit> <Opcode : 'add' 'sub'> <InPorts = 2> <OutPorts = 1>
ST_1 : Operation 614 [1/1] (0.00ns)   --->   "%zext_ln813 = zext i8 %add_ln813_3806"   --->   Operation 614 'zext' 'zext_ln813' <Predicate = true> <Delay = 0.00>
ST_1 : Operation 615 [1/1] (0.80ns)   --->   "%add_ln813_3807 = add i12 %zext_ln813, i12 %sext_ln1273_966"   --->   Operation 615 'add' 'add_ln813_3807' <Predicate = true> <Delay = 0.80> <CoreInst = "Adder">   --->   Core 1 'Adder' <Latency = 0> <II = 1> <Delay = 0.81> <FuncUnit> <Opcode : 'add' 'sub'> <InPorts = 2> <OutPorts = 1>
ST_1 : Operation 616 [1/1] (0.00ns)   --->   "%sext_ln813_1453 = sext i12 %add_ln813_3807"   --->   Operation 616 'sext' 'sext_ln813_1453' <Predicate = true> <Delay = 0.00>
ST_1 : Operation 617 [1/1] (0.81ns)   --->   "%add_ln813_3808 = add i15 %sext_ln813_1453, i15 %sext_ln813_1452"   --->   Operation 617 'add' 'add_ln813_3808' <Predicate = true> <Delay = 0.81> <CoreInst = "Adder">   --->   Core 1 'Adder' <Latency = 0> <II = 1> <Delay = 0.81> <FuncUnit> <Opcode : 'add' 'sub'> <InPorts = 2> <OutPorts = 1>
ST_1 : Operation 618 [1/1] (0.82ns)   --->   "%add_ln813_3812 = add i16 %trunc_ln818_12, i16 %trunc_ln818_17"   --->   Operation 618 'add' 'add_ln813_3812' <Predicate = true> <Delay = 0.82> <CoreInst = "Adder">   --->   Core 1 'Adder' <Latency = 0> <II = 1> <Delay = 0.82> <FuncUnit> <Opcode : 'add' 'sub'> <InPorts = 2> <OutPorts = 1>
ST_1 : Operation 619 [1/1] (0.82ns)   --->   "%add_ln813_3813 = add i16 %trunc_ln818_27, i16 %trunc_ln818_47"   --->   Operation 619 'add' 'add_ln813_3813' <Predicate = true> <Delay = 0.82> <CoreInst = "Adder">   --->   Core 1 'Adder' <Latency = 0> <II = 1> <Delay = 0.82> <FuncUnit> <Opcode : 'add' 'sub'> <InPorts = 2> <OutPorts = 1>
ST_1 : Operation 620 [1/1] (0.82ns)   --->   "%add_ln813_3816 = add i16 %trunc_ln818_72, i16 %trunc_ln818_77"   --->   Operation 620 'add' 'add_ln813_3816' <Predicate = true> <Delay = 0.82> <CoreInst = "Adder">   --->   Core 1 'Adder' <Latency = 0> <II = 1> <Delay = 0.82> <FuncUnit> <Opcode : 'add' 'sub'> <InPorts = 2> <OutPorts = 1>
ST_1 : Operation 621 [1/1] (0.82ns)   --->   "%add_ln813_3819 = add i16 %trunc_ln818_102, i16 %trunc_ln818_107"   --->   Operation 621 'add' 'add_ln813_3819' <Predicate = true> <Delay = 0.82> <CoreInst = "Adder">   --->   Core 1 'Adder' <Latency = 0> <II = 1> <Delay = 0.82> <FuncUnit> <Opcode : 'add' 'sub'> <InPorts = 2> <OutPorts = 1>
ST_1 : Operation 622 [1/1] (0.82ns)   --->   "%add_ln813_3820 = add i16 %trunc_ln818_112, i16 %trunc_ln818_118"   --->   Operation 622 'add' 'add_ln813_3820' <Predicate = true> <Delay = 0.82> <CoreInst = "Adder">   --->   Core 1 'Adder' <Latency = 0> <II = 1> <Delay = 0.82> <FuncUnit> <Opcode : 'add' 'sub'> <InPorts = 2> <OutPorts = 1>
ST_1 : Operation 623 [1/1] (0.82ns)   --->   "%add_ln813_3823 = add i16 %trunc_ln818_138, i16 %trunc_ln818_147"   --->   Operation 623 'add' 'add_ln813_3823' <Predicate = true> <Delay = 0.82> <CoreInst = "Adder">   --->   Core 1 'Adder' <Latency = 0> <II = 1> <Delay = 0.82> <FuncUnit> <Opcode : 'add' 'sub'> <InPorts = 2> <OutPorts = 1>
ST_1 : Operation 624 [1/1] (0.81ns)   --->   "%add_ln813_3828 = add i16 %sext_ln818_1020, i16 %sext_ln818_1023"   --->   Operation 624 'add' 'add_ln813_3828' <Predicate = true> <Delay = 0.81> <CoreInst = "Adder">   --->   Core 1 'Adder' <Latency = 0> <II = 1> <Delay = 0.82> <FuncUnit> <Opcode : 'add' 'sub'> <InPorts = 2> <OutPorts = 1>
ST_1 : Operation 625 [1/1] (0.81ns)   --->   "%add_ln813_3831 = add i16 %sext_ln818_1035, i16 %sext_ln818_1039"   --->   Operation 625 'add' 'add_ln813_3831' <Predicate = true> <Delay = 0.81> <CoreInst = "Adder">   --->   Core 1 'Adder' <Latency = 0> <II = 1> <Delay = 0.82> <FuncUnit> <Opcode : 'add' 'sub'> <InPorts = 2> <OutPorts = 1>
ST_1 : Operation 626 [1/1] (0.81ns)   --->   "%add_ln813_3834 = add i15 %sext_ln1273_908, i15 %sext_ln1273_909"   --->   Operation 626 'add' 'add_ln813_3834' <Predicate = true> <Delay = 0.81> <CoreInst = "Adder">   --->   Core 1 'Adder' <Latency = 0> <II = 1> <Delay = 0.81> <FuncUnit> <Opcode : 'add' 'sub'> <InPorts = 2> <OutPorts = 1>
ST_1 : Operation 627 [1/1] (0.81ns)   --->   "%add_ln813_3835 = add i15 %sext_ln1273_951, i15 %sext_ln1273_956"   --->   Operation 627 'add' 'add_ln813_3835' <Predicate = true> <Delay = 0.81> <CoreInst = "Adder">   --->   Core 1 'Adder' <Latency = 0> <II = 1> <Delay = 0.81> <FuncUnit> <Opcode : 'add' 'sub'> <InPorts = 2> <OutPorts = 1>
ST_1 : Operation 628 [1/1] (0.00ns) (grouped into TernaryAdder)   --->   "%add_ln813_3837 = add i15 %sext_ln1273_967, i15 %sext_ln1273_964"   --->   Operation 628 'add' 'add_ln813_3837' <Predicate = true> <Delay = 0.00> <CoreInst = "TAddSub">   --->   Core 10 'TAddSub' <Latency = 0> <II = 1> <Delay = 0.51> <IPBlock> <Opcode : 'add' 'sub'> <InPorts = 3> <OutPorts = 1> <Sync> <CReg>
ST_1 : Operation 629 [1/1] (0.71ns)   --->   "%add_ln813_3838 = add i8 %sext_ln1270_17, i8 243"   --->   Operation 629 'add' 'add_ln813_3838' <Predicate = true> <Delay = 0.71> <CoreInst = "Adder">   --->   Core 1 'Adder' <Latency = 0> <II = 1> <Delay = 0.72> <FuncUnit> <Opcode : 'add' 'sub'> <InPorts = 2> <OutPorts = 1>
ST_1 : Operation 630 [1/1] (0.00ns)   --->   "%sext_ln813_1457 = sext i8 %add_ln813_3838"   --->   Operation 630 'sext' 'sext_ln813_1457' <Predicate = true> <Delay = 0.00>
ST_1 : Operation 631 [1/1] (0.99ns) (root node of TernaryAdder)   --->   "%add_ln813_3839 = add i15 %sext_ln813_1457, i15 %add_ln813_3837"   --->   Operation 631 'add' 'add_ln813_3839' <Predicate = true> <Delay = 0.99> <CoreInst = "TAddSub">   --->   Core 10 'TAddSub' <Latency = 0> <II = 1> <Delay = 0.51> <IPBlock> <Opcode : 'add' 'sub'> <InPorts = 3> <OutPorts = 1> <Sync> <CReg>
ST_1 : Operation 632 [1/1] (0.82ns)   --->   "%add_ln813_3843 = add i16 %trunc_ln818_8, i16 %trunc_ln818_13"   --->   Operation 632 'add' 'add_ln813_3843' <Predicate = true> <Delay = 0.82> <CoreInst = "Adder">   --->   Core 1 'Adder' <Latency = 0> <II = 1> <Delay = 0.82> <FuncUnit> <Opcode : 'add' 'sub'> <InPorts = 2> <OutPorts = 1>
ST_1 : Operation 633 [1/1] (0.82ns)   --->   "%add_ln813_3844 = add i16 %trunc_ln818_48, i16 %trunc_ln818_63"   --->   Operation 633 'add' 'add_ln813_3844' <Predicate = true> <Delay = 0.82> <CoreInst = "Adder">   --->   Core 1 'Adder' <Latency = 0> <II = 1> <Delay = 0.82> <FuncUnit> <Opcode : 'add' 'sub'> <InPorts = 2> <OutPorts = 1>
ST_1 : Operation 634 [1/1] (0.82ns)   --->   "%add_ln813_3847 = add i16 %trunc_ln818_78, i16 %trunc_ln818_83"   --->   Operation 634 'add' 'add_ln813_3847' <Predicate = true> <Delay = 0.82> <CoreInst = "Adder">   --->   Core 1 'Adder' <Latency = 0> <II = 1> <Delay = 0.82> <FuncUnit> <Opcode : 'add' 'sub'> <InPorts = 2> <OutPorts = 1>
ST_1 : Operation 635 [1/1] (0.82ns)   --->   "%add_ln813_3850 = add i16 %trunc_ln818_103, i16 %trunc_ln818_108"   --->   Operation 635 'add' 'add_ln813_3850' <Predicate = true> <Delay = 0.82> <CoreInst = "Adder">   --->   Core 1 'Adder' <Latency = 0> <II = 1> <Delay = 0.82> <FuncUnit> <Opcode : 'add' 'sub'> <InPorts = 2> <OutPorts = 1>
ST_1 : Operation 636 [1/1] (0.82ns)   --->   "%add_ln813_3851 = add i16 %trunc_ln818_113, i16 %trunc_ln818_119"   --->   Operation 636 'add' 'add_ln813_3851' <Predicate = true> <Delay = 0.82> <CoreInst = "Adder">   --->   Core 1 'Adder' <Latency = 0> <II = 1> <Delay = 0.82> <FuncUnit> <Opcode : 'add' 'sub'> <InPorts = 2> <OutPorts = 1>
ST_1 : Operation 637 [1/1] (0.82ns)   --->   "%add_ln813_3854 = add i16 %trunc_ln818_148, i16 %trunc_ln818_153"   --->   Operation 637 'add' 'add_ln813_3854' <Predicate = true> <Delay = 0.82> <CoreInst = "Adder">   --->   Core 1 'Adder' <Latency = 0> <II = 1> <Delay = 0.82> <FuncUnit> <Opcode : 'add' 'sub'> <InPorts = 2> <OutPorts = 1>
ST_1 : Operation 638 [1/1] (0.81ns)   --->   "%add_ln813_3859 = add i16 %sext_ln818_1019, i16 %sext_ln818_1024"   --->   Operation 638 'add' 'add_ln813_3859' <Predicate = true> <Delay = 0.81> <CoreInst = "Adder">   --->   Core 1 'Adder' <Latency = 0> <II = 1> <Delay = 0.82> <FuncUnit> <Opcode : 'add' 'sub'> <InPorts = 2> <OutPorts = 1>
ST_1 : Operation 639 [1/1] (0.81ns)   --->   "%add_ln813_3862 = add i16 %sext_ln818_1036, i16 %sext_ln818_1021"   --->   Operation 639 'add' 'add_ln813_3862' <Predicate = true> <Delay = 0.81> <CoreInst = "Adder">   --->   Core 1 'Adder' <Latency = 0> <II = 1> <Delay = 0.82> <FuncUnit> <Opcode : 'add' 'sub'> <InPorts = 2> <OutPorts = 1>
ST_1 : Operation 640 [1/1] (0.81ns)   --->   "%add_ln813_3865 = add i15 %sext_ln70_771, i15 %sext_ln1270"   --->   Operation 640 'add' 'add_ln813_3865' <Predicate = true> <Delay = 0.81> <CoreInst = "Adder">   --->   Core 1 'Adder' <Latency = 0> <II = 1> <Delay = 0.81> <FuncUnit> <Opcode : 'add' 'sub'> <InPorts = 2> <OutPorts = 1>
ST_1 : Operation 641 [1/1] (0.81ns)   --->   "%add_ln813_3866 = add i14 %sext_ln1270_11, i14 %sext_ln70_781"   --->   Operation 641 'add' 'add_ln813_3866' <Predicate = true> <Delay = 0.81> <CoreInst = "Adder">   --->   Core 1 'Adder' <Latency = 0> <II = 1> <Delay = 0.81> <FuncUnit> <Opcode : 'add' 'sub'> <InPorts = 2> <OutPorts = 1>
ST_1 : Operation 642 [1/1] (0.81ns)   --->   "%add_ln813_3868 = add i13 %sext_ln1270_14, i13 %sext_ln70_777"   --->   Operation 642 'add' 'add_ln813_3868' <Predicate = true> <Delay = 0.81> <CoreInst = "Adder">   --->   Core 1 'Adder' <Latency = 0> <II = 1> <Delay = 0.81> <FuncUnit> <Opcode : 'add' 'sub'> <InPorts = 2> <OutPorts = 1>
ST_1 : Operation 643 [1/1] (0.00ns)   --->   "%sext_ln813_1461 = sext i13 %add_ln813_3868"   --->   Operation 643 'sext' 'sext_ln813_1461' <Predicate = true> <Delay = 0.00>
ST_1 : Operation 644 [1/1] (0.71ns)   --->   "%add_ln813_3869 = add i8 %sext_ln1270_17, i8 230"   --->   Operation 644 'add' 'add_ln813_3869' <Predicate = true> <Delay = 0.71> <CoreInst = "Adder">   --->   Core 1 'Adder' <Latency = 0> <II = 1> <Delay = 0.72> <FuncUnit> <Opcode : 'add' 'sub'> <InPorts = 2> <OutPorts = 1>
ST_1 : Operation 645 [1/1] (0.00ns)   --->   "%sext_ln813_1462 = sext i8 %add_ln813_3869"   --->   Operation 645 'sext' 'sext_ln813_1462' <Predicate = true> <Delay = 0.00>
ST_1 : Operation 646 [1/1] (0.79ns)   --->   "%add_ln813_3870 = add i11 %sext_ln813_1462, i11 %sext_ln70_732"   --->   Operation 646 'add' 'add_ln813_3870' <Predicate = true> <Delay = 0.79> <CoreInst = "Adder">   --->   Core 1 'Adder' <Latency = 0> <II = 1> <Delay = 0.80> <FuncUnit> <Opcode : 'add' 'sub'> <InPorts = 2> <OutPorts = 1>
ST_1 : Operation 647 [1/1] (0.00ns)   --->   "%sext_ln813_1463 = sext i11 %add_ln813_3870"   --->   Operation 647 'sext' 'sext_ln813_1463' <Predicate = true> <Delay = 0.00>
ST_1 : Operation 648 [1/1] (0.81ns)   --->   "%add_ln813_3871 = add i14 %sext_ln813_1463, i14 %sext_ln813_1461"   --->   Operation 648 'add' 'add_ln813_3871' <Predicate = true> <Delay = 0.81> <CoreInst = "Adder">   --->   Core 1 'Adder' <Latency = 0> <II = 1> <Delay = 0.81> <FuncUnit> <Opcode : 'add' 'sub'> <InPorts = 2> <OutPorts = 1>

State 2 <SV = 1> <Delay = 3.04>
ST_2 : Operation 649 [1/1] (0.00ns)   --->   "%specpipeline_ln33 = specpipeline void @_ssdm_op_SpecPipeline, i32 1, i32 0, i32 0, i32 0, void @empty_1" [/home/kaxiotis/Vitis_Accel_Projects/vitis_accel_prj/firmware/nnet_utils/nnet_dense_latency.h:33]   --->   Operation 649 'specpipeline' 'specpipeline_ln33' <Predicate = true> <Delay = 0.00>
ST_2 : Operation 650 [1/1] (0.00ns)   --->   "%specresourcelimit_ln33 = specresourcelimit void @_ssdm_op_SpecResourceLimit, i64 160, void @empty_7, void @empty_1, void @empty_1, void @empty_1" [/home/kaxiotis/Vitis_Accel_Projects/vitis_accel_prj/firmware/nnet_utils/nnet_dense_latency.h:33]   --->   Operation 650 'specresourcelimit' 'specresourcelimit_ln33' <Predicate = true> <Delay = 0.00>
ST_2 : Operation 651 [1/1] (0.00ns)   --->   "%sext_ln818 = sext i15 %trunc_ln818_s"   --->   Operation 651 'sext' 'sext_ln818' <Predicate = true> <Delay = 0.00>
ST_2 : Operation 652 [1/1] (0.00ns)   --->   "%sext_ln818_1011 = sext i15 %trunc_ln818_11"   --->   Operation 652 'sext' 'sext_ln818_1011' <Predicate = true> <Delay = 0.00>
ST_2 : Operation 653 [1/1] (0.00ns)   --->   "%sext_ln818_1012 = sext i15 %trunc_ln818_16"   --->   Operation 653 'sext' 'sext_ln818_1012' <Predicate = true> <Delay = 0.00>
ST_2 : Operation 654 [1/1] (0.00ns)   --->   "%sext_ln818_1013 = sext i15 %trunc_ln818_18"   --->   Operation 654 'sext' 'sext_ln818_1013' <Predicate = true> <Delay = 0.00>
ST_2 : Operation 655 [1/1] (0.00ns)   --->   "%sext_ln818_1014 = sext i15 %trunc_ln818_19"   --->   Operation 655 'sext' 'sext_ln818_1014' <Predicate = true> <Delay = 0.00>
ST_2 : Operation 656 [1/1] (0.00ns)   --->   "%sext_ln818_1016 = sext i15 %trunc_ln818_22"   --->   Operation 656 'sext' 'sext_ln818_1016' <Predicate = true> <Delay = 0.00>
ST_2 : Operation 657 [1/1] (0.00ns)   --->   "%sext_ln818_1017 = sext i15 %trunc_ln818_23"   --->   Operation 657 'sext' 'sext_ln818_1017' <Predicate = true> <Delay = 0.00>
ST_2 : Operation 658 [1/1] (0.00ns)   --->   "%sext_ln818_1018 = sext i14 %trunc_ln818_25"   --->   Operation 658 'sext' 'sext_ln818_1018' <Predicate = true> <Delay = 0.00>
ST_2 : Operation 659 [1/1] (0.00ns)   --->   "%sext_ln818_1022 = sext i15 %trunc_ln818_35"   --->   Operation 659 'sext' 'sext_ln818_1022' <Predicate = true> <Delay = 0.00>
ST_2 : Operation 660 [1/1] (0.00ns)   --->   "%sext_ln818_1027 = sext i15 %trunc_ln818_53"   --->   Operation 660 'sext' 'sext_ln818_1027' <Predicate = true> <Delay = 0.00>
ST_2 : Operation 661 [1/1] (0.00ns)   --->   "%sext_ln818_1028 = sext i15 %trunc_ln818_62"   --->   Operation 661 'sext' 'sext_ln818_1028' <Predicate = true> <Delay = 0.00>
ST_2 : Operation 662 [1/1] (0.00ns)   --->   "%sext_ln818_1029 = sext i15 %trunc_ln818_66"   --->   Operation 662 'sext' 'sext_ln818_1029' <Predicate = true> <Delay = 0.00>
ST_2 : Operation 663 [1/1] (0.00ns)   --->   "%sext_ln818_1032 = sext i15 %trunc_ln818_82"   --->   Operation 663 'sext' 'sext_ln818_1032' <Predicate = true> <Delay = 0.00>
ST_2 : Operation 664 [1/1] (0.00ns)   --->   "%sext_ln818_1033 = sext i15 %trunc_ln818_88"   --->   Operation 664 'sext' 'sext_ln818_1033' <Predicate = true> <Delay = 0.00>
ST_2 : Operation 665 [1/1] (0.00ns)   --->   "%sext_ln818_1034 = sext i15 %trunc_ln818_91"   --->   Operation 665 'sext' 'sext_ln818_1034' <Predicate = true> <Delay = 0.00>
ST_2 : Operation 666 [1/1] (0.00ns)   --->   "%sext_ln818_1037 = sext i15 %trunc_ln818_105"   --->   Operation 666 'sext' 'sext_ln818_1037' <Predicate = true> <Delay = 0.00>
ST_2 : Operation 667 [1/1] (0.00ns) (grouped into TernaryAdder)   --->   "%add_ln813_3719 = add i16 %add_ln813_3718, i16 %add_ln813"   --->   Operation 667 'add' 'add_ln813_3719' <Predicate = true> <Delay = 0.00> <CoreInst = "TAddSub">   --->   Core 10 'TAddSub' <Latency = 0> <II = 1> <Delay = 0.51> <IPBlock> <Opcode : 'add' 'sub'> <InPorts = 3> <OutPorts = 1> <Sync> <CReg>
ST_2 : Operation 668 [1/1] (0.00ns) (grouped into TernaryAdder)   --->   "%add_ln813_3720 = add i16 %trunc_ln818_29, i16 %trunc_ln818_34"   --->   Operation 668 'add' 'add_ln813_3720' <Predicate = true> <Delay = 0.00> <CoreInst = "TAddSub">   --->   Core 10 'TAddSub' <Latency = 0> <II = 1> <Delay = 0.51> <IPBlock> <Opcode : 'add' 'sub'> <InPorts = 3> <OutPorts = 1> <Sync> <CReg>
ST_2 : Operation 669 [1/1] (1.01ns) (root node of TernaryAdder)   --->   "%add_ln813_3722 = add i16 %add_ln813_3721, i16 %add_ln813_3720"   --->   Operation 669 'add' 'add_ln813_3722' <Predicate = true> <Delay = 1.01> <CoreInst = "TAddSub">   --->   Core 10 'TAddSub' <Latency = 0> <II = 1> <Delay = 0.51> <IPBlock> <Opcode : 'add' 'sub'> <InPorts = 3> <OutPorts = 1> <Sync> <CReg>
ST_2 : Operation 670 [1/1] (1.01ns) (root node of TernaryAdder)   --->   "%add_ln813_3723 = add i16 %add_ln813_3722, i16 %add_ln813_3719"   --->   Operation 670 'add' 'add_ln813_3723' <Predicate = true> <Delay = 1.01> <CoreInst = "TAddSub">   --->   Core 10 'TAddSub' <Latency = 0> <II = 1> <Delay = 0.51> <IPBlock> <Opcode : 'add' 'sub'> <InPorts = 3> <OutPorts = 1> <Sync> <CReg>
ST_2 : Operation 671 [1/1] (0.00ns) (grouped into TernaryAdder)   --->   "%add_ln813_3726 = add i16 %add_ln813_3725, i16 %add_ln813_3724"   --->   Operation 671 'add' 'add_ln813_3726' <Predicate = true> <Delay = 0.00> <CoreInst = "TAddSub">   --->   Core 10 'TAddSub' <Latency = 0> <II = 1> <Delay = 0.51> <IPBlock> <Opcode : 'add' 'sub'> <InPorts = 3> <OutPorts = 1> <Sync> <CReg>
ST_2 : Operation 672 [1/1] (0.00ns) (grouped into TernaryAdder)   --->   "%add_ln813_3727 = add i16 %trunc_ln818_120, i16 %trunc_ln818_125"   --->   Operation 672 'add' 'add_ln813_3727' <Predicate = true> <Delay = 0.00> <CoreInst = "TAddSub">   --->   Core 10 'TAddSub' <Latency = 0> <II = 1> <Delay = 0.51> <IPBlock> <Opcode : 'add' 'sub'> <InPorts = 3> <OutPorts = 1> <Sync> <CReg>
ST_2 : Operation 673 [1/1] (1.01ns) (root node of TernaryAdder)   --->   "%add_ln813_3729 = add i16 %add_ln813_3728, i16 %add_ln813_3727"   --->   Operation 673 'add' 'add_ln813_3729' <Predicate = true> <Delay = 1.01> <CoreInst = "TAddSub">   --->   Core 10 'TAddSub' <Latency = 0> <II = 1> <Delay = 0.51> <IPBlock> <Opcode : 'add' 'sub'> <InPorts = 3> <OutPorts = 1> <Sync> <CReg>
ST_2 : Operation 674 [1/1] (1.01ns) (root node of TernaryAdder)   --->   "%add_ln813_3730 = add i16 %add_ln813_3729, i16 %add_ln813_3726"   --->   Operation 674 'add' 'add_ln813_3730' <Predicate = true> <Delay = 1.01> <CoreInst = "TAddSub">   --->   Core 10 'TAddSub' <Latency = 0> <II = 1> <Delay = 0.51> <IPBlock> <Opcode : 'add' 'sub'> <InPorts = 3> <OutPorts = 1> <Sync> <CReg>
ST_2 : Operation 675 [1/1] (0.00ns) (grouped into TernaryAdder)   --->   "%add_ln813_3731 = add i16 %add_ln813_3730, i16 %add_ln813_3723"   --->   Operation 675 'add' 'add_ln813_3731' <Predicate = true> <Delay = 0.00> <CoreInst = "TAddSub">   --->   Core 10 'TAddSub' <Latency = 0> <II = 1> <Delay = 0.51> <IPBlock> <Opcode : 'add' 'sub'> <InPorts = 3> <OutPorts = 1> <Sync> <CReg>
ST_2 : Operation 676 [1/1] (0.00ns) (grouped into TernaryAdder)   --->   "%add_ln813_3732 = add i16 %trunc_ln818_149, i16 %sext_ln818_1014"   --->   Operation 676 'add' 'add_ln813_3732' <Predicate = true> <Delay = 0.00> <CoreInst = "TAddSub">   --->   Core 10 'TAddSub' <Latency = 0> <II = 1> <Delay = 0.51> <IPBlock> <Opcode : 'add' 'sub'> <InPorts = 3> <OutPorts = 1> <Sync> <CReg>
ST_2 : Operation 677 [1/1] (1.01ns) (root node of TernaryAdder)   --->   "%add_ln813_3734 = add i16 %add_ln813_3733, i16 %add_ln813_3732"   --->   Operation 677 'add' 'add_ln813_3734' <Predicate = true> <Delay = 1.01> <CoreInst = "TAddSub">   --->   Core 10 'TAddSub' <Latency = 0> <II = 1> <Delay = 0.51> <IPBlock> <Opcode : 'add' 'sub'> <InPorts = 3> <OutPorts = 1> <Sync> <CReg>
ST_2 : Operation 678 [1/1] (0.00ns) (grouped into TernaryAdder)   --->   "%add_ln813_3738 = add i16 %add_ln813_3737, i16 %add_ln813_3734"   --->   Operation 678 'add' 'add_ln813_3738' <Predicate = true> <Delay = 0.00> <CoreInst = "TAddSub">   --->   Core 10 'TAddSub' <Latency = 0> <II = 1> <Delay = 0.51> <IPBlock> <Opcode : 'add' 'sub'> <InPorts = 3> <OutPorts = 1> <Sync> <CReg>
ST_2 : Operation 679 [1/1] (0.00ns)   --->   "%sext_ln813_1443 = sext i15 %add_ln813_3745"   --->   Operation 679 'sext' 'sext_ln813_1443' <Predicate = true> <Delay = 0.00>
ST_2 : Operation 680 [1/1] (1.01ns) (root node of TernaryAdder)   --->   "%add_ln813_3746 = add i16 %sext_ln813_1443, i16 %add_ln813_3738"   --->   Operation 680 'add' 'add_ln813_3746' <Predicate = true> <Delay = 1.01> <CoreInst = "TAddSub">   --->   Core 10 'TAddSub' <Latency = 0> <II = 1> <Delay = 0.51> <IPBlock> <Opcode : 'add' 'sub'> <InPorts = 3> <OutPorts = 1> <Sync> <CReg>
ST_2 : Operation 681 [1/1] (1.01ns) (root node of TernaryAdder)   --->   "%add_ln813_3747 = add i16 %add_ln813_3746, i16 %add_ln813_3731"   --->   Operation 681 'add' 'add_ln813_3747' <Predicate = true> <Delay = 1.01> <CoreInst = "TAddSub">   --->   Core 10 'TAddSub' <Latency = 0> <II = 1> <Delay = 0.51> <IPBlock> <Opcode : 'add' 'sub'> <InPorts = 3> <OutPorts = 1> <Sync> <CReg>
ST_2 : Operation 682 [1/1] (0.00ns) (grouped into TernaryAdder)   --->   "%add_ln813_3750 = add i16 %add_ln813_3749, i16 %add_ln813_3748"   --->   Operation 682 'add' 'add_ln813_3750' <Predicate = true> <Delay = 0.00> <CoreInst = "TAddSub">   --->   Core 10 'TAddSub' <Latency = 0> <II = 1> <Delay = 0.51> <IPBlock> <Opcode : 'add' 'sub'> <InPorts = 3> <OutPorts = 1> <Sync> <CReg>
ST_2 : Operation 683 [1/1] (0.00ns) (grouped into TernaryAdder)   --->   "%add_ln813_3751 = add i16 %trunc_ln818_55, i16 %trunc_ln818_60"   --->   Operation 683 'add' 'add_ln813_3751' <Predicate = true> <Delay = 0.00> <CoreInst = "TAddSub">   --->   Core 10 'TAddSub' <Latency = 0> <II = 1> <Delay = 0.51> <IPBlock> <Opcode : 'add' 'sub'> <InPorts = 3> <OutPorts = 1> <Sync> <CReg>
ST_2 : Operation 684 [1/1] (1.01ns) (root node of TernaryAdder)   --->   "%add_ln813_3753 = add i16 %add_ln813_3752, i16 %add_ln813_3751"   --->   Operation 684 'add' 'add_ln813_3753' <Predicate = true> <Delay = 1.01> <CoreInst = "TAddSub">   --->   Core 10 'TAddSub' <Latency = 0> <II = 1> <Delay = 0.51> <IPBlock> <Opcode : 'add' 'sub'> <InPorts = 3> <OutPorts = 1> <Sync> <CReg>
ST_2 : Operation 685 [1/1] (1.01ns) (root node of TernaryAdder)   --->   "%add_ln813_3754 = add i16 %add_ln813_3753, i16 %add_ln813_3750"   --->   Operation 685 'add' 'add_ln813_3754' <Predicate = true> <Delay = 1.01> <CoreInst = "TAddSub">   --->   Core 10 'TAddSub' <Latency = 0> <II = 1> <Delay = 0.51> <IPBlock> <Opcode : 'add' 'sub'> <InPorts = 3> <OutPorts = 1> <Sync> <CReg>
ST_2 : Operation 686 [1/1] (0.00ns) (grouped into TernaryAdder)   --->   "%add_ln813_3757 = add i16 %add_ln813_3756, i16 %add_ln813_3755"   --->   Operation 686 'add' 'add_ln813_3757' <Predicate = true> <Delay = 0.00> <CoreInst = "TAddSub">   --->   Core 10 'TAddSub' <Latency = 0> <II = 1> <Delay = 0.51> <IPBlock> <Opcode : 'add' 'sub'> <InPorts = 3> <OutPorts = 1> <Sync> <CReg>
ST_2 : Operation 687 [1/1] (0.00ns) (grouped into TernaryAdder)   --->   "%add_ln813_3758 = add i16 %trunc_ln818_131, i16 %trunc_ln818_136"   --->   Operation 687 'add' 'add_ln813_3758' <Predicate = true> <Delay = 0.00> <CoreInst = "TAddSub">   --->   Core 10 'TAddSub' <Latency = 0> <II = 1> <Delay = 0.51> <IPBlock> <Opcode : 'add' 'sub'> <InPorts = 3> <OutPorts = 1> <Sync> <CReg>
ST_2 : Operation 688 [1/1] (1.01ns) (root node of TernaryAdder)   --->   "%add_ln813_3760 = add i16 %add_ln813_3759, i16 %add_ln813_3758"   --->   Operation 688 'add' 'add_ln813_3760' <Predicate = true> <Delay = 1.01> <CoreInst = "TAddSub">   --->   Core 10 'TAddSub' <Latency = 0> <II = 1> <Delay = 0.51> <IPBlock> <Opcode : 'add' 'sub'> <InPorts = 3> <OutPorts = 1> <Sync> <CReg>
ST_2 : Operation 689 [1/1] (1.01ns) (root node of TernaryAdder)   --->   "%add_ln813_3761 = add i16 %add_ln813_3760, i16 %add_ln813_3757"   --->   Operation 689 'add' 'add_ln813_3761' <Predicate = true> <Delay = 1.01> <CoreInst = "TAddSub">   --->   Core 10 'TAddSub' <Latency = 0> <II = 1> <Delay = 0.51> <IPBlock> <Opcode : 'add' 'sub'> <InPorts = 3> <OutPorts = 1> <Sync> <CReg>
ST_2 : Operation 690 [1/1] (0.00ns) (grouped into TernaryAdder)   --->   "%add_ln813_3762 = add i16 %add_ln813_3761, i16 %add_ln813_3754"   --->   Operation 690 'add' 'add_ln813_3762' <Predicate = true> <Delay = 0.00> <CoreInst = "TAddSub">   --->   Core 10 'TAddSub' <Latency = 0> <II = 1> <Delay = 0.51> <IPBlock> <Opcode : 'add' 'sub'> <InPorts = 3> <OutPorts = 1> <Sync> <CReg>
ST_2 : Operation 691 [1/1] (0.00ns) (grouped into TernaryAdder)   --->   "%add_ln813_3763 = add i16 %sext_ln818, i16 %sext_ln818_1022"   --->   Operation 691 'add' 'add_ln813_3763' <Predicate = true> <Delay = 0.00> <CoreInst = "TAddSub">   --->   Core 10 'TAddSub' <Latency = 0> <II = 1> <Delay = 0.51> <IPBlock> <Opcode : 'add' 'sub'> <InPorts = 3> <OutPorts = 1> <Sync> <CReg>
ST_2 : Operation 692 [1/1] (1.01ns) (root node of TernaryAdder)   --->   "%add_ln813_3765 = add i16 %add_ln813_3764, i16 %add_ln813_3763"   --->   Operation 692 'add' 'add_ln813_3765' <Predicate = true> <Delay = 1.01> <CoreInst = "TAddSub">   --->   Core 10 'TAddSub' <Latency = 0> <II = 1> <Delay = 0.51> <IPBlock> <Opcode : 'add' 'sub'> <InPorts = 3> <OutPorts = 1> <Sync> <CReg>
ST_2 : Operation 693 [1/1] (0.00ns) (grouped into TernaryAdder)   --->   "%add_ln813_3766 = add i16 %sext_ln818_1037, i16 %sext_ln818_1018"   --->   Operation 693 'add' 'add_ln813_3766' <Predicate = true> <Delay = 0.00> <CoreInst = "TAddSub">   --->   Core 10 'TAddSub' <Latency = 0> <II = 1> <Delay = 0.51> <IPBlock> <Opcode : 'add' 'sub'> <InPorts = 3> <OutPorts = 1> <Sync> <CReg>
ST_2 : Operation 694 [1/1] (0.00ns)   --->   "%sext_ln813_1444 = sext i15 %add_ln813_3767"   --->   Operation 694 'sext' 'sext_ln813_1444' <Predicate = true> <Delay = 0.00>
ST_2 : Operation 695 [1/1] (1.01ns) (root node of TernaryAdder)   --->   "%add_ln813_3768 = add i16 %sext_ln813_1444, i16 %add_ln813_3766"   --->   Operation 695 'add' 'add_ln813_3768' <Predicate = true> <Delay = 1.01> <CoreInst = "TAddSub">   --->   Core 10 'TAddSub' <Latency = 0> <II = 1> <Delay = 0.51> <IPBlock> <Opcode : 'add' 'sub'> <InPorts = 3> <OutPorts = 1> <Sync> <CReg>
ST_2 : Operation 696 [1/1] (0.00ns) (grouped into TernaryAdder)   --->   "%add_ln813_3769 = add i16 %add_ln813_3768, i16 %add_ln813_3765"   --->   Operation 696 'add' 'add_ln813_3769' <Predicate = true> <Delay = 0.00> <CoreInst = "TAddSub">   --->   Core 10 'TAddSub' <Latency = 0> <II = 1> <Delay = 0.51> <IPBlock> <Opcode : 'add' 'sub'> <InPorts = 3> <OutPorts = 1> <Sync> <CReg>
ST_2 : Operation 697 [1/1] (0.00ns)   --->   "%sext_ln813_1445 = sext i15 %add_ln813_3770"   --->   Operation 697 'sext' 'sext_ln813_1445' <Predicate = true> <Delay = 0.00>
ST_2 : Operation 698 [1/1] (0.00ns)   --->   "%sext_ln813_1446 = sext i14 %add_ln813_3771"   --->   Operation 698 'sext' 'sext_ln813_1446' <Predicate = true> <Delay = 0.00>
ST_2 : Operation 699 [1/1] (0.00ns) (grouped into TernaryAdder)   --->   "%add_ln813_3772 = add i16 %sext_ln813_1446, i16 %sext_ln813_1445"   --->   Operation 699 'add' 'add_ln813_3772' <Predicate = true> <Delay = 0.00> <CoreInst = "TAddSub">   --->   Core 10 'TAddSub' <Latency = 0> <II = 1> <Delay = 0.51> <IPBlock> <Opcode : 'add' 'sub'> <InPorts = 3> <OutPorts = 1> <Sync> <CReg>
ST_2 : Operation 700 [1/1] (0.00ns)   --->   "%sext_ln813_1449 = sext i13 %add_ln813_3776"   --->   Operation 700 'sext' 'sext_ln813_1449' <Predicate = true> <Delay = 0.00>
ST_2 : Operation 701 [1/1] (1.01ns) (root node of TernaryAdder)   --->   "%add_ln813_3777 = add i16 %sext_ln813_1449, i16 %add_ln813_3772"   --->   Operation 701 'add' 'add_ln813_3777' <Predicate = true> <Delay = 1.01> <CoreInst = "TAddSub">   --->   Core 10 'TAddSub' <Latency = 0> <II = 1> <Delay = 0.51> <IPBlock> <Opcode : 'add' 'sub'> <InPorts = 3> <OutPorts = 1> <Sync> <CReg>
ST_2 : Operation 702 [1/1] (1.01ns) (root node of TernaryAdder)   --->   "%add_ln813_3778 = add i16 %add_ln813_3777, i16 %add_ln813_3769"   --->   Operation 702 'add' 'add_ln813_3778' <Predicate = true> <Delay = 1.01> <CoreInst = "TAddSub">   --->   Core 10 'TAddSub' <Latency = 0> <II = 1> <Delay = 0.51> <IPBlock> <Opcode : 'add' 'sub'> <InPorts = 3> <OutPorts = 1> <Sync> <CReg>
ST_2 : Operation 703 [1/1] (1.01ns) (root node of TernaryAdder)   --->   "%add_ln813_3779 = add i16 %add_ln813_3778, i16 %add_ln813_3762"   --->   Operation 703 'add' 'add_ln813_3779' <Predicate = true> <Delay = 1.01> <CoreInst = "TAddSub">   --->   Core 10 'TAddSub' <Latency = 0> <II = 1> <Delay = 0.51> <IPBlock> <Opcode : 'add' 'sub'> <InPorts = 3> <OutPorts = 1> <Sync> <CReg>
ST_2 : Operation 704 [1/1] (0.00ns) (grouped into TernaryAdder)   --->   "%add_ln813_3782 = add i16 %add_ln813_3781, i16 %add_ln813_3780"   --->   Operation 704 'add' 'add_ln813_3782' <Predicate = true> <Delay = 0.00> <CoreInst = "TAddSub">   --->   Core 10 'TAddSub' <Latency = 0> <II = 1> <Delay = 0.51> <IPBlock> <Opcode : 'add' 'sub'> <InPorts = 3> <OutPorts = 1> <Sync> <CReg>
ST_2 : Operation 705 [1/1] (0.00ns) (grouped into TernaryAdder)   --->   "%add_ln813_3783 = add i16 %trunc_ln818_36, i16 %trunc_ln818_41"   --->   Operation 705 'add' 'add_ln813_3783' <Predicate = true> <Delay = 0.00> <CoreInst = "TAddSub">   --->   Core 10 'TAddSub' <Latency = 0> <II = 1> <Delay = 0.51> <IPBlock> <Opcode : 'add' 'sub'> <InPorts = 3> <OutPorts = 1> <Sync> <CReg>
ST_2 : Operation 706 [1/1] (1.01ns) (root node of TernaryAdder)   --->   "%add_ln813_3785 = add i16 %add_ln813_3784, i16 %add_ln813_3783"   --->   Operation 706 'add' 'add_ln813_3785' <Predicate = true> <Delay = 1.01> <CoreInst = "TAddSub">   --->   Core 10 'TAddSub' <Latency = 0> <II = 1> <Delay = 0.51> <IPBlock> <Opcode : 'add' 'sub'> <InPorts = 3> <OutPorts = 1> <Sync> <CReg>
ST_2 : Operation 707 [1/1] (1.01ns) (root node of TernaryAdder)   --->   "%add_ln813_3786 = add i16 %add_ln813_3785, i16 %add_ln813_3782"   --->   Operation 707 'add' 'add_ln813_3786' <Predicate = true> <Delay = 1.01> <CoreInst = "TAddSub">   --->   Core 10 'TAddSub' <Latency = 0> <II = 1> <Delay = 0.51> <IPBlock> <Opcode : 'add' 'sub'> <InPorts = 3> <OutPorts = 1> <Sync> <CReg>
ST_2 : Operation 708 [1/1] (0.00ns) (grouped into TernaryAdder)   --->   "%add_ln813_3789 = add i16 %add_ln813_3788, i16 %add_ln813_3787"   --->   Operation 708 'add' 'add_ln813_3789' <Predicate = true> <Delay = 0.00> <CoreInst = "TAddSub">   --->   Core 10 'TAddSub' <Latency = 0> <II = 1> <Delay = 0.51> <IPBlock> <Opcode : 'add' 'sub'> <InPorts = 3> <OutPorts = 1> <Sync> <CReg>
ST_2 : Operation 709 [1/1] (0.00ns) (grouped into TernaryAdder)   --->   "%add_ln813_3790 = add i16 %trunc_ln818_111, i16 %trunc_ln818_122"   --->   Operation 709 'add' 'add_ln813_3790' <Predicate = true> <Delay = 0.00> <CoreInst = "TAddSub">   --->   Core 10 'TAddSub' <Latency = 0> <II = 1> <Delay = 0.51> <IPBlock> <Opcode : 'add' 'sub'> <InPorts = 3> <OutPorts = 1> <Sync> <CReg>
ST_2 : Operation 710 [1/1] (1.01ns) (root node of TernaryAdder)   --->   "%add_ln813_3792 = add i16 %add_ln813_3791, i16 %add_ln813_3790"   --->   Operation 710 'add' 'add_ln813_3792' <Predicate = true> <Delay = 1.01> <CoreInst = "TAddSub">   --->   Core 10 'TAddSub' <Latency = 0> <II = 1> <Delay = 0.51> <IPBlock> <Opcode : 'add' 'sub'> <InPorts = 3> <OutPorts = 1> <Sync> <CReg>
ST_2 : Operation 711 [1/1] (1.01ns) (root node of TernaryAdder)   --->   "%add_ln813_3793 = add i16 %add_ln813_3792, i16 %add_ln813_3789"   --->   Operation 711 'add' 'add_ln813_3793' <Predicate = true> <Delay = 1.01> <CoreInst = "TAddSub">   --->   Core 10 'TAddSub' <Latency = 0> <II = 1> <Delay = 0.51> <IPBlock> <Opcode : 'add' 'sub'> <InPorts = 3> <OutPorts = 1> <Sync> <CReg>
ST_2 : Operation 712 [1/1] (0.00ns) (grouped into TernaryAdder)   --->   "%add_ln813_3794 = add i16 %add_ln813_3793, i16 %add_ln813_3786"   --->   Operation 712 'add' 'add_ln813_3794' <Predicate = true> <Delay = 0.00> <CoreInst = "TAddSub">   --->   Core 10 'TAddSub' <Latency = 0> <II = 1> <Delay = 0.51> <IPBlock> <Opcode : 'add' 'sub'> <InPorts = 3> <OutPorts = 1> <Sync> <CReg>
ST_2 : Operation 713 [1/1] (0.00ns) (grouped into TernaryAdder)   --->   "%add_ln813_3795 = add i16 %sext_ln818_1011, i16 %sext_ln818_1012"   --->   Operation 713 'add' 'add_ln813_3795' <Predicate = true> <Delay = 0.00> <CoreInst = "TAddSub">   --->   Core 10 'TAddSub' <Latency = 0> <II = 1> <Delay = 0.51> <IPBlock> <Opcode : 'add' 'sub'> <InPorts = 3> <OutPorts = 1> <Sync> <CReg>
ST_2 : Operation 714 [1/1] (1.01ns) (root node of TernaryAdder)   --->   "%add_ln813_3797 = add i16 %add_ln813_3796, i16 %add_ln813_3795"   --->   Operation 714 'add' 'add_ln813_3797' <Predicate = true> <Delay = 1.01> <CoreInst = "TAddSub">   --->   Core 10 'TAddSub' <Latency = 0> <II = 1> <Delay = 0.51> <IPBlock> <Opcode : 'add' 'sub'> <InPorts = 3> <OutPorts = 1> <Sync> <CReg>
ST_2 : Operation 715 [1/1] (0.00ns) (grouped into TernaryAdder)   --->   "%add_ln813_3798 = add i16 %sext_ln818_1029, i16 %sext_ln818_1034"   --->   Operation 715 'add' 'add_ln813_3798' <Predicate = true> <Delay = 0.00> <CoreInst = "TAddSub">   --->   Core 10 'TAddSub' <Latency = 0> <II = 1> <Delay = 0.51> <IPBlock> <Opcode : 'add' 'sub'> <InPorts = 3> <OutPorts = 1> <Sync> <CReg>
ST_2 : Operation 716 [1/1] (1.01ns) (root node of TernaryAdder)   --->   "%add_ln813_3800 = add i16 %add_ln813_3799, i16 %add_ln813_3798"   --->   Operation 716 'add' 'add_ln813_3800' <Predicate = true> <Delay = 1.01> <CoreInst = "TAddSub">   --->   Core 10 'TAddSub' <Latency = 0> <II = 1> <Delay = 0.51> <IPBlock> <Opcode : 'add' 'sub'> <InPorts = 3> <OutPorts = 1> <Sync> <CReg>
ST_2 : Operation 717 [1/1] (0.00ns) (grouped into TernaryAdder)   --->   "%add_ln813_3801 = add i16 %add_ln813_3800, i16 %add_ln813_3797"   --->   Operation 717 'add' 'add_ln813_3801' <Predicate = true> <Delay = 0.00> <CoreInst = "TAddSub">   --->   Core 10 'TAddSub' <Latency = 0> <II = 1> <Delay = 0.51> <IPBlock> <Opcode : 'add' 'sub'> <InPorts = 3> <OutPorts = 1> <Sync> <CReg>
ST_2 : Operation 718 [1/1] (0.00ns)   --->   "%sext_ln813_1450 = sext i15 %add_ln813_3802"   --->   Operation 718 'sext' 'sext_ln813_1450' <Predicate = true> <Delay = 0.00>
ST_2 : Operation 719 [1/1] (0.00ns)   --->   "%sext_ln813_1451 = sext i15 %add_ln813_3803"   --->   Operation 719 'sext' 'sext_ln813_1451' <Predicate = true> <Delay = 0.00>
ST_2 : Operation 720 [1/1] (0.00ns) (grouped into TernaryAdder)   --->   "%add_ln813_3804 = add i16 %sext_ln813_1451, i16 %sext_ln813_1450"   --->   Operation 720 'add' 'add_ln813_3804' <Predicate = true> <Delay = 0.00> <CoreInst = "TAddSub">   --->   Core 10 'TAddSub' <Latency = 0> <II = 1> <Delay = 0.51> <IPBlock> <Opcode : 'add' 'sub'> <InPorts = 3> <OutPorts = 1> <Sync> <CReg>
ST_2 : Operation 721 [1/1] (0.00ns)   --->   "%sext_ln813_1454 = sext i15 %add_ln813_3808"   --->   Operation 721 'sext' 'sext_ln813_1454' <Predicate = true> <Delay = 0.00>
ST_2 : Operation 722 [1/1] (1.01ns) (root node of TernaryAdder)   --->   "%add_ln813_3809 = add i16 %sext_ln813_1454, i16 %add_ln813_3804"   --->   Operation 722 'add' 'add_ln813_3809' <Predicate = true> <Delay = 1.01> <CoreInst = "TAddSub">   --->   Core 10 'TAddSub' <Latency = 0> <II = 1> <Delay = 0.51> <IPBlock> <Opcode : 'add' 'sub'> <InPorts = 3> <OutPorts = 1> <Sync> <CReg>
ST_2 : Operation 723 [1/1] (1.01ns) (root node of TernaryAdder)   --->   "%add_ln813_3810 = add i16 %add_ln813_3809, i16 %add_ln813_3801"   --->   Operation 723 'add' 'add_ln813_3810' <Predicate = true> <Delay = 1.01> <CoreInst = "TAddSub">   --->   Core 10 'TAddSub' <Latency = 0> <II = 1> <Delay = 0.51> <IPBlock> <Opcode : 'add' 'sub'> <InPorts = 3> <OutPorts = 1> <Sync> <CReg>
ST_2 : Operation 724 [1/1] (1.01ns) (root node of TernaryAdder)   --->   "%add_ln813_3811 = add i16 %add_ln813_3810, i16 %add_ln813_3794"   --->   Operation 724 'add' 'add_ln813_3811' <Predicate = true> <Delay = 1.01> <CoreInst = "TAddSub">   --->   Core 10 'TAddSub' <Latency = 0> <II = 1> <Delay = 0.51> <IPBlock> <Opcode : 'add' 'sub'> <InPorts = 3> <OutPorts = 1> <Sync> <CReg>
ST_2 : Operation 725 [1/1] (0.00ns) (grouped into TernaryAdder)   --->   "%add_ln813_3814 = add i16 %add_ln813_3813, i16 %add_ln813_3812"   --->   Operation 725 'add' 'add_ln813_3814' <Predicate = true> <Delay = 0.00> <CoreInst = "TAddSub">   --->   Core 10 'TAddSub' <Latency = 0> <II = 1> <Delay = 0.51> <IPBlock> <Opcode : 'add' 'sub'> <InPorts = 3> <OutPorts = 1> <Sync> <CReg>
ST_2 : Operation 726 [1/1] (0.00ns) (grouped into TernaryAdder)   --->   "%add_ln813_3815 = add i16 %trunc_ln818_52, i16 %trunc_ln818_67"   --->   Operation 726 'add' 'add_ln813_3815' <Predicate = true> <Delay = 0.00> <CoreInst = "TAddSub">   --->   Core 10 'TAddSub' <Latency = 0> <II = 1> <Delay = 0.51> <IPBlock> <Opcode : 'add' 'sub'> <InPorts = 3> <OutPorts = 1> <Sync> <CReg>
ST_2 : Operation 727 [1/1] (1.01ns) (root node of TernaryAdder)   --->   "%add_ln813_3817 = add i16 %add_ln813_3816, i16 %add_ln813_3815"   --->   Operation 727 'add' 'add_ln813_3817' <Predicate = true> <Delay = 1.01> <CoreInst = "TAddSub">   --->   Core 10 'TAddSub' <Latency = 0> <II = 1> <Delay = 0.51> <IPBlock> <Opcode : 'add' 'sub'> <InPorts = 3> <OutPorts = 1> <Sync> <CReg>
ST_2 : Operation 728 [1/1] (1.01ns) (root node of TernaryAdder)   --->   "%add_ln813_3818 = add i16 %add_ln813_3817, i16 %add_ln813_3814"   --->   Operation 728 'add' 'add_ln813_3818' <Predicate = true> <Delay = 1.01> <CoreInst = "TAddSub">   --->   Core 10 'TAddSub' <Latency = 0> <II = 1> <Delay = 0.51> <IPBlock> <Opcode : 'add' 'sub'> <InPorts = 3> <OutPorts = 1> <Sync> <CReg>
ST_2 : Operation 729 [1/1] (0.00ns) (grouped into TernaryAdder)   --->   "%add_ln813_3821 = add i16 %add_ln813_3820, i16 %add_ln813_3819"   --->   Operation 729 'add' 'add_ln813_3821' <Predicate = true> <Delay = 0.00> <CoreInst = "TAddSub">   --->   Core 10 'TAddSub' <Latency = 0> <II = 1> <Delay = 0.51> <IPBlock> <Opcode : 'add' 'sub'> <InPorts = 3> <OutPorts = 1> <Sync> <CReg>
ST_2 : Operation 730 [1/1] (0.00ns) (grouped into TernaryAdder)   --->   "%add_ln813_3822 = add i16 %trunc_ln818_123, i16 %trunc_ln818_128"   --->   Operation 730 'add' 'add_ln813_3822' <Predicate = true> <Delay = 0.00> <CoreInst = "TAddSub">   --->   Core 10 'TAddSub' <Latency = 0> <II = 1> <Delay = 0.51> <IPBlock> <Opcode : 'add' 'sub'> <InPorts = 3> <OutPorts = 1> <Sync> <CReg>
ST_2 : Operation 731 [1/1] (1.01ns) (root node of TernaryAdder)   --->   "%add_ln813_3824 = add i16 %add_ln813_3823, i16 %add_ln813_3822"   --->   Operation 731 'add' 'add_ln813_3824' <Predicate = true> <Delay = 1.01> <CoreInst = "TAddSub">   --->   Core 10 'TAddSub' <Latency = 0> <II = 1> <Delay = 0.51> <IPBlock> <Opcode : 'add' 'sub'> <InPorts = 3> <OutPorts = 1> <Sync> <CReg>
ST_2 : Operation 732 [1/1] (1.01ns) (root node of TernaryAdder)   --->   "%add_ln813_3825 = add i16 %add_ln813_3824, i16 %add_ln813_3821"   --->   Operation 732 'add' 'add_ln813_3825' <Predicate = true> <Delay = 1.01> <CoreInst = "TAddSub">   --->   Core 10 'TAddSub' <Latency = 0> <II = 1> <Delay = 0.51> <IPBlock> <Opcode : 'add' 'sub'> <InPorts = 3> <OutPorts = 1> <Sync> <CReg>
ST_2 : Operation 733 [1/1] (0.00ns) (grouped into TernaryAdder)   --->   "%add_ln813_3826 = add i16 %add_ln813_3825, i16 %add_ln813_3818"   --->   Operation 733 'add' 'add_ln813_3826' <Predicate = true> <Delay = 0.00> <CoreInst = "TAddSub">   --->   Core 10 'TAddSub' <Latency = 0> <II = 1> <Delay = 0.51> <IPBlock> <Opcode : 'add' 'sub'> <InPorts = 3> <OutPorts = 1> <Sync> <CReg>
ST_2 : Operation 734 [1/1] (0.00ns) (grouped into TernaryAdder)   --->   "%add_ln813_3827 = add i16 %trunc_ln818_152, i16 %sext_ln818_1016"   --->   Operation 734 'add' 'add_ln813_3827' <Predicate = true> <Delay = 0.00> <CoreInst = "TAddSub">   --->   Core 10 'TAddSub' <Latency = 0> <II = 1> <Delay = 0.51> <IPBlock> <Opcode : 'add' 'sub'> <InPorts = 3> <OutPorts = 1> <Sync> <CReg>
ST_2 : Operation 735 [1/1] (1.01ns) (root node of TernaryAdder)   --->   "%add_ln813_3829 = add i16 %add_ln813_3828, i16 %add_ln813_3827"   --->   Operation 735 'add' 'add_ln813_3829' <Predicate = true> <Delay = 1.01> <CoreInst = "TAddSub">   --->   Core 10 'TAddSub' <Latency = 0> <II = 1> <Delay = 0.51> <IPBlock> <Opcode : 'add' 'sub'> <InPorts = 3> <OutPorts = 1> <Sync> <CReg>
ST_2 : Operation 736 [1/1] (0.00ns) (grouped into TernaryAdder)   --->   "%add_ln813_3830 = add i16 %sext_ln818_1028, i16 %sext_ln818_1032"   --->   Operation 736 'add' 'add_ln813_3830' <Predicate = true> <Delay = 0.00> <CoreInst = "TAddSub">   --->   Core 10 'TAddSub' <Latency = 0> <II = 1> <Delay = 0.51> <IPBlock> <Opcode : 'add' 'sub'> <InPorts = 3> <OutPorts = 1> <Sync> <CReg>
ST_2 : Operation 737 [1/1] (1.01ns) (root node of TernaryAdder)   --->   "%add_ln813_3832 = add i16 %add_ln813_3831, i16 %add_ln813_3830"   --->   Operation 737 'add' 'add_ln813_3832' <Predicate = true> <Delay = 1.01> <CoreInst = "TAddSub">   --->   Core 10 'TAddSub' <Latency = 0> <II = 1> <Delay = 0.51> <IPBlock> <Opcode : 'add' 'sub'> <InPorts = 3> <OutPorts = 1> <Sync> <CReg>
ST_2 : Operation 738 [1/1] (0.00ns) (grouped into TernaryAdder)   --->   "%add_ln813_3833 = add i16 %add_ln813_3832, i16 %add_ln813_3829"   --->   Operation 738 'add' 'add_ln813_3833' <Predicate = true> <Delay = 0.00> <CoreInst = "TAddSub">   --->   Core 10 'TAddSub' <Latency = 0> <II = 1> <Delay = 0.51> <IPBlock> <Opcode : 'add' 'sub'> <InPorts = 3> <OutPorts = 1> <Sync> <CReg>
ST_2 : Operation 739 [1/1] (0.00ns)   --->   "%sext_ln813_1455 = sext i15 %add_ln813_3834"   --->   Operation 739 'sext' 'sext_ln813_1455' <Predicate = true> <Delay = 0.00>
ST_2 : Operation 740 [1/1] (0.00ns)   --->   "%sext_ln813_1456 = sext i15 %add_ln813_3835"   --->   Operation 740 'sext' 'sext_ln813_1456' <Predicate = true> <Delay = 0.00>
ST_2 : Operation 741 [1/1] (0.00ns) (grouped into TernaryAdder)   --->   "%add_ln813_3836 = add i16 %sext_ln813_1456, i16 %sext_ln813_1455"   --->   Operation 741 'add' 'add_ln813_3836' <Predicate = true> <Delay = 0.00> <CoreInst = "TAddSub">   --->   Core 10 'TAddSub' <Latency = 0> <II = 1> <Delay = 0.51> <IPBlock> <Opcode : 'add' 'sub'> <InPorts = 3> <OutPorts = 1> <Sync> <CReg>
ST_2 : Operation 742 [1/1] (0.00ns)   --->   "%sext_ln813_1458 = sext i15 %add_ln813_3839"   --->   Operation 742 'sext' 'sext_ln813_1458' <Predicate = true> <Delay = 0.00>
ST_2 : Operation 743 [1/1] (1.01ns) (root node of TernaryAdder)   --->   "%add_ln813_3840 = add i16 %sext_ln813_1458, i16 %add_ln813_3836"   --->   Operation 743 'add' 'add_ln813_3840' <Predicate = true> <Delay = 1.01> <CoreInst = "TAddSub">   --->   Core 10 'TAddSub' <Latency = 0> <II = 1> <Delay = 0.51> <IPBlock> <Opcode : 'add' 'sub'> <InPorts = 3> <OutPorts = 1> <Sync> <CReg>
ST_2 : Operation 744 [1/1] (1.01ns) (root node of TernaryAdder)   --->   "%add_ln813_3841 = add i16 %add_ln813_3840, i16 %add_ln813_3833"   --->   Operation 744 'add' 'add_ln813_3841' <Predicate = true> <Delay = 1.01> <CoreInst = "TAddSub">   --->   Core 10 'TAddSub' <Latency = 0> <II = 1> <Delay = 0.51> <IPBlock> <Opcode : 'add' 'sub'> <InPorts = 3> <OutPorts = 1> <Sync> <CReg>
ST_2 : Operation 745 [1/1] (1.01ns) (root node of TernaryAdder)   --->   "%add_ln813_3842 = add i16 %add_ln813_3841, i16 %add_ln813_3826"   --->   Operation 745 'add' 'add_ln813_3842' <Predicate = true> <Delay = 1.01> <CoreInst = "TAddSub">   --->   Core 10 'TAddSub' <Latency = 0> <II = 1> <Delay = 0.51> <IPBlock> <Opcode : 'add' 'sub'> <InPorts = 3> <OutPorts = 1> <Sync> <CReg>
ST_2 : Operation 746 [1/1] (0.00ns) (grouped into TernaryAdder)   --->   "%add_ln813_3845 = add i16 %add_ln813_3844, i16 %add_ln813_3843"   --->   Operation 746 'add' 'add_ln813_3845' <Predicate = true> <Delay = 0.00> <CoreInst = "TAddSub">   --->   Core 10 'TAddSub' <Latency = 0> <II = 1> <Delay = 0.51> <IPBlock> <Opcode : 'add' 'sub'> <InPorts = 3> <OutPorts = 1> <Sync> <CReg>
ST_2 : Operation 747 [1/1] (0.00ns) (grouped into TernaryAdder)   --->   "%add_ln813_3846 = add i16 %trunc_ln818_68, i16 %trunc_ln818_73"   --->   Operation 747 'add' 'add_ln813_3846' <Predicate = true> <Delay = 0.00> <CoreInst = "TAddSub">   --->   Core 10 'TAddSub' <Latency = 0> <II = 1> <Delay = 0.51> <IPBlock> <Opcode : 'add' 'sub'> <InPorts = 3> <OutPorts = 1> <Sync> <CReg>
ST_2 : Operation 748 [1/1] (1.01ns) (root node of TernaryAdder)   --->   "%add_ln813_3848 = add i16 %add_ln813_3847, i16 %add_ln813_3846"   --->   Operation 748 'add' 'add_ln813_3848' <Predicate = true> <Delay = 1.01> <CoreInst = "TAddSub">   --->   Core 10 'TAddSub' <Latency = 0> <II = 1> <Delay = 0.51> <IPBlock> <Opcode : 'add' 'sub'> <InPorts = 3> <OutPorts = 1> <Sync> <CReg>
ST_2 : Operation 749 [1/1] (1.01ns) (root node of TernaryAdder)   --->   "%add_ln813_3849 = add i16 %add_ln813_3848, i16 %add_ln813_3845"   --->   Operation 749 'add' 'add_ln813_3849' <Predicate = true> <Delay = 1.01> <CoreInst = "TAddSub">   --->   Core 10 'TAddSub' <Latency = 0> <II = 1> <Delay = 0.51> <IPBlock> <Opcode : 'add' 'sub'> <InPorts = 3> <OutPorts = 1> <Sync> <CReg>
ST_2 : Operation 750 [1/1] (0.00ns) (grouped into TernaryAdder)   --->   "%add_ln813_3852 = add i16 %add_ln813_3851, i16 %add_ln813_3850"   --->   Operation 750 'add' 'add_ln813_3852' <Predicate = true> <Delay = 0.00> <CoreInst = "TAddSub">   --->   Core 10 'TAddSub' <Latency = 0> <II = 1> <Delay = 0.51> <IPBlock> <Opcode : 'add' 'sub'> <InPorts = 3> <OutPorts = 1> <Sync> <CReg>
ST_2 : Operation 751 [1/1] (0.00ns) (grouped into TernaryAdder)   --->   "%add_ln813_3853 = add i16 %trunc_ln818_129, i16 %trunc_ln818_143"   --->   Operation 751 'add' 'add_ln813_3853' <Predicate = true> <Delay = 0.00> <CoreInst = "TAddSub">   --->   Core 10 'TAddSub' <Latency = 0> <II = 1> <Delay = 0.51> <IPBlock> <Opcode : 'add' 'sub'> <InPorts = 3> <OutPorts = 1> <Sync> <CReg>
ST_2 : Operation 752 [1/1] (1.01ns) (root node of TernaryAdder)   --->   "%add_ln813_3855 = add i16 %add_ln813_3854, i16 %add_ln813_3853"   --->   Operation 752 'add' 'add_ln813_3855' <Predicate = true> <Delay = 1.01> <CoreInst = "TAddSub">   --->   Core 10 'TAddSub' <Latency = 0> <II = 1> <Delay = 0.51> <IPBlock> <Opcode : 'add' 'sub'> <InPorts = 3> <OutPorts = 1> <Sync> <CReg>
ST_2 : Operation 753 [1/1] (1.01ns) (root node of TernaryAdder)   --->   "%add_ln813_3856 = add i16 %add_ln813_3855, i16 %add_ln813_3852"   --->   Operation 753 'add' 'add_ln813_3856' <Predicate = true> <Delay = 1.01> <CoreInst = "TAddSub">   --->   Core 10 'TAddSub' <Latency = 0> <II = 1> <Delay = 0.51> <IPBlock> <Opcode : 'add' 'sub'> <InPorts = 3> <OutPorts = 1> <Sync> <CReg>
ST_2 : Operation 754 [1/1] (0.00ns) (grouped into TernaryAdder)   --->   "%add_ln813_3857 = add i16 %add_ln813_3856, i16 %add_ln813_3849"   --->   Operation 754 'add' 'add_ln813_3857' <Predicate = true> <Delay = 0.00> <CoreInst = "TAddSub">   --->   Core 10 'TAddSub' <Latency = 0> <II = 1> <Delay = 0.51> <IPBlock> <Opcode : 'add' 'sub'> <InPorts = 3> <OutPorts = 1> <Sync> <CReg>
ST_2 : Operation 755 [1/1] (0.00ns) (grouped into TernaryAdder)   --->   "%add_ln813_3858 = add i16 %sext_ln818_1013, i16 %sext_ln818_1017"   --->   Operation 755 'add' 'add_ln813_3858' <Predicate = true> <Delay = 0.00> <CoreInst = "TAddSub">   --->   Core 10 'TAddSub' <Latency = 0> <II = 1> <Delay = 0.51> <IPBlock> <Opcode : 'add' 'sub'> <InPorts = 3> <OutPorts = 1> <Sync> <CReg>
ST_2 : Operation 756 [1/1] (1.01ns) (root node of TernaryAdder)   --->   "%add_ln813_3860 = add i16 %add_ln813_3859, i16 %add_ln813_3858"   --->   Operation 756 'add' 'add_ln813_3860' <Predicate = true> <Delay = 1.01> <CoreInst = "TAddSub">   --->   Core 10 'TAddSub' <Latency = 0> <II = 1> <Delay = 0.51> <IPBlock> <Opcode : 'add' 'sub'> <InPorts = 3> <OutPorts = 1> <Sync> <CReg>
ST_2 : Operation 757 [1/1] (0.00ns) (grouped into TernaryAdder)   --->   "%add_ln813_3861 = add i16 %sext_ln818_1027, i16 %sext_ln818_1033"   --->   Operation 757 'add' 'add_ln813_3861' <Predicate = true> <Delay = 0.00> <CoreInst = "TAddSub">   --->   Core 10 'TAddSub' <Latency = 0> <II = 1> <Delay = 0.51> <IPBlock> <Opcode : 'add' 'sub'> <InPorts = 3> <OutPorts = 1> <Sync> <CReg>
ST_2 : Operation 758 [1/1] (1.01ns) (root node of TernaryAdder)   --->   "%add_ln813_3863 = add i16 %add_ln813_3862, i16 %add_ln813_3861"   --->   Operation 758 'add' 'add_ln813_3863' <Predicate = true> <Delay = 1.01> <CoreInst = "TAddSub">   --->   Core 10 'TAddSub' <Latency = 0> <II = 1> <Delay = 0.51> <IPBlock> <Opcode : 'add' 'sub'> <InPorts = 3> <OutPorts = 1> <Sync> <CReg>
ST_2 : Operation 759 [1/1] (0.00ns) (grouped into TernaryAdder)   --->   "%add_ln813_3864 = add i16 %add_ln813_3863, i16 %add_ln813_3860"   --->   Operation 759 'add' 'add_ln813_3864' <Predicate = true> <Delay = 0.00> <CoreInst = "TAddSub">   --->   Core 10 'TAddSub' <Latency = 0> <II = 1> <Delay = 0.51> <IPBlock> <Opcode : 'add' 'sub'> <InPorts = 3> <OutPorts = 1> <Sync> <CReg>
ST_2 : Operation 760 [1/1] (0.00ns)   --->   "%sext_ln813_1459 = sext i15 %add_ln813_3865"   --->   Operation 760 'sext' 'sext_ln813_1459' <Predicate = true> <Delay = 0.00>
ST_2 : Operation 761 [1/1] (0.00ns)   --->   "%sext_ln813_1460 = sext i14 %add_ln813_3866"   --->   Operation 761 'sext' 'sext_ln813_1460' <Predicate = true> <Delay = 0.00>
ST_2 : Operation 762 [1/1] (0.00ns) (grouped into TernaryAdder)   --->   "%add_ln813_3867 = add i16 %sext_ln813_1460, i16 %sext_ln813_1459"   --->   Operation 762 'add' 'add_ln813_3867' <Predicate = true> <Delay = 0.00> <CoreInst = "TAddSub">   --->   Core 10 'TAddSub' <Latency = 0> <II = 1> <Delay = 0.51> <IPBlock> <Opcode : 'add' 'sub'> <InPorts = 3> <OutPorts = 1> <Sync> <CReg>
ST_2 : Operation 763 [1/1] (0.00ns)   --->   "%sext_ln813_1464 = sext i14 %add_ln813_3871"   --->   Operation 763 'sext' 'sext_ln813_1464' <Predicate = true> <Delay = 0.00>
ST_2 : Operation 764 [1/1] (1.01ns) (root node of TernaryAdder)   --->   "%add_ln813_3872 = add i16 %sext_ln813_1464, i16 %add_ln813_3867"   --->   Operation 764 'add' 'add_ln813_3872' <Predicate = true> <Delay = 1.01> <CoreInst = "TAddSub">   --->   Core 10 'TAddSub' <Latency = 0> <II = 1> <Delay = 0.51> <IPBlock> <Opcode : 'add' 'sub'> <InPorts = 3> <OutPorts = 1> <Sync> <CReg>
ST_2 : Operation 765 [1/1] (1.01ns) (root node of TernaryAdder)   --->   "%add_ln813_3873 = add i16 %add_ln813_3872, i16 %add_ln813_3864"   --->   Operation 765 'add' 'add_ln813_3873' <Predicate = true> <Delay = 1.01> <CoreInst = "TAddSub">   --->   Core 10 'TAddSub' <Latency = 0> <II = 1> <Delay = 0.51> <IPBlock> <Opcode : 'add' 'sub'> <InPorts = 3> <OutPorts = 1> <Sync> <CReg>
ST_2 : Operation 766 [1/1] (1.01ns) (root node of TernaryAdder)   --->   "%add_ln813_3874 = add i16 %add_ln813_3873, i16 %add_ln813_3857"   --->   Operation 766 'add' 'add_ln813_3874' <Predicate = true> <Delay = 1.01> <CoreInst = "TAddSub">   --->   Core 10 'TAddSub' <Latency = 0> <II = 1> <Delay = 0.51> <IPBlock> <Opcode : 'add' 'sub'> <InPorts = 3> <OutPorts = 1> <Sync> <CReg>
ST_2 : Operation 767 [1/1] (0.00ns)   --->   "%mrv = insertvalue i80 <undef>, i16 %add_ln813_3747" [/home/kaxiotis/Vitis_Accel_Projects/vitis_accel_prj/firmware/nnet_utils/nnet_dense_latency.h:68]   --->   Operation 767 'insertvalue' 'mrv' <Predicate = true> <Delay = 0.00>
ST_2 : Operation 768 [1/1] (0.00ns)   --->   "%mrv_1 = insertvalue i80 %mrv, i16 %add_ln813_3779" [/home/kaxiotis/Vitis_Accel_Projects/vitis_accel_prj/firmware/nnet_utils/nnet_dense_latency.h:68]   --->   Operation 768 'insertvalue' 'mrv_1' <Predicate = true> <Delay = 0.00>
ST_2 : Operation 769 [1/1] (0.00ns)   --->   "%mrv_2 = insertvalue i80 %mrv_1, i16 %add_ln813_3811" [/home/kaxiotis/Vitis_Accel_Projects/vitis_accel_prj/firmware/nnet_utils/nnet_dense_latency.h:68]   --->   Operation 769 'insertvalue' 'mrv_2' <Predicate = true> <Delay = 0.00>
ST_2 : Operation 770 [1/1] (0.00ns)   --->   "%mrv_3 = insertvalue i80 %mrv_2, i16 %add_ln813_3842" [/home/kaxiotis/Vitis_Accel_Projects/vitis_accel_prj/firmware/nnet_utils/nnet_dense_latency.h:68]   --->   Operation 770 'insertvalue' 'mrv_3' <Predicate = true> <Delay = 0.00>
ST_2 : Operation 771 [1/1] (0.00ns)   --->   "%mrv_4 = insertvalue i80 %mrv_3, i16 %add_ln813_3874" [/home/kaxiotis/Vitis_Accel_Projects/vitis_accel_prj/firmware/nnet_utils/nnet_dense_latency.h:68]   --->   Operation 771 'insertvalue' 'mrv_4' <Predicate = true> <Delay = 0.00>
ST_2 : Operation 772 [1/1] (0.00ns)   --->   "%ret_ln68 = ret i80 %mrv_4" [/home/kaxiotis/Vitis_Accel_Projects/vitis_accel_prj/firmware/nnet_utils/nnet_dense_latency.h:68]   --->   Operation 772 'ret' 'ret_ln68' <Predicate = true> <Delay = 0.00>


============================================================
+ Verbose Summary: Binding
============================================================
STG Binding: 
---------------- STG Properties BEGIN ----------------
- Is combinational: 0
- Is one-state seq: 0
- Is datapath-only: 1
- Is pipelined: 1
- Is top level: 0
Port [ Return ] is wired: 1; IO mode=ap_ctrl_hs:ce=0
Port [ p_read]:  wired=1; compound=0; hidden=0; nouse=0; global=0; static=0; extern=0; dir=0; type=0; pingpong=0; private_global=0; IO mode=ap_none:ce=0
Port [ p_read1]:  wired=1; compound=0; hidden=0; nouse=0; global=0; static=0; extern=0; dir=0; type=0; pingpong=0; private_global=0; IO mode=ap_none:ce=0
Port [ p_read2]:  wired=1; compound=0; hidden=0; nouse=0; global=0; static=0; extern=0; dir=0; type=0; pingpong=0; private_global=0; IO mode=ap_none:ce=0
Port [ p_read3]:  wired=1; compound=0; hidden=0; nouse=0; global=0; static=0; extern=0; dir=0; type=0; pingpong=0; private_global=0; IO mode=ap_none:ce=0
Port [ p_read4]:  wired=1; compound=0; hidden=0; nouse=0; global=0; static=0; extern=0; dir=0; type=0; pingpong=0; private_global=0; IO mode=ap_none:ce=0
Port [ p_read5]:  wired=1; compound=0; hidden=0; nouse=0; global=0; static=0; extern=0; dir=0; type=0; pingpong=0; private_global=0; IO mode=ap_none:ce=0
Port [ p_read6]:  wired=1; compound=0; hidden=0; nouse=0; global=0; static=0; extern=0; dir=0; type=0; pingpong=0; private_global=0; IO mode=ap_none:ce=0
Port [ p_read7]:  wired=1; compound=0; hidden=0; nouse=0; global=0; static=0; extern=0; dir=0; type=0; pingpong=0; private_global=0; IO mode=ap_none:ce=0
Port [ p_read8]:  wired=1; compound=0; hidden=0; nouse=0; global=0; static=0; extern=0; dir=0; type=0; pingpong=0; private_global=0; IO mode=ap_none:ce=0
Port [ p_read9]:  wired=1; compound=0; hidden=0; nouse=0; global=0; static=0; extern=0; dir=0; type=0; pingpong=0; private_global=0; IO mode=ap_none:ce=0
Port [ p_read10]:  wired=1; compound=0; hidden=0; nouse=0; global=0; static=0; extern=0; dir=0; type=0; pingpong=0; private_global=0; IO mode=ap_none:ce=0
Port [ p_read11]:  wired=1; compound=0; hidden=0; nouse=0; global=0; static=0; extern=0; dir=0; type=0; pingpong=0; private_global=0; IO mode=ap_none:ce=0
Port [ p_read12]:  wired=1; compound=0; hidden=0; nouse=0; global=0; static=0; extern=0; dir=0; type=0; pingpong=0; private_global=0; IO mode=ap_none:ce=0
Port [ p_read13]:  wired=1; compound=0; hidden=0; nouse=0; global=0; static=0; extern=0; dir=0; type=0; pingpong=0; private_global=0; IO mode=ap_none:ce=0
Port [ p_read14]:  wired=1; compound=0; hidden=0; nouse=0; global=0; static=0; extern=0; dir=0; type=0; pingpong=0; private_global=0; IO mode=ap_none:ce=0
Port [ p_read15]:  wired=1; compound=0; hidden=0; nouse=0; global=0; static=0; extern=0; dir=0; type=0; pingpong=0; private_global=0; IO mode=ap_none:ce=0
Port [ p_read16]:  wired=1; compound=0; hidden=0; nouse=0; global=0; static=0; extern=0; dir=0; type=0; pingpong=0; private_global=0; IO mode=ap_none:ce=0
Port [ p_read17]:  wired=1; compound=0; hidden=0; nouse=0; global=0; static=0; extern=0; dir=0; type=0; pingpong=0; private_global=0; IO mode=ap_none:ce=0
Port [ p_read18]:  wired=1; compound=0; hidden=0; nouse=0; global=0; static=0; extern=0; dir=0; type=0; pingpong=0; private_global=0; IO mode=ap_none:ce=0
Port [ p_read19]:  wired=1; compound=0; hidden=0; nouse=0; global=0; static=0; extern=0; dir=0; type=0; pingpong=0; private_global=0; IO mode=ap_none:ce=0
Port [ p_read20]:  wired=1; compound=0; hidden=0; nouse=0; global=0; static=0; extern=0; dir=0; type=0; pingpong=0; private_global=0; IO mode=ap_none:ce=0
Port [ p_read21]:  wired=1; compound=0; hidden=0; nouse=0; global=0; static=0; extern=0; dir=0; type=0; pingpong=0; private_global=0; IO mode=ap_none:ce=0
Port [ p_read22]:  wired=1; compound=0; hidden=0; nouse=0; global=0; static=0; extern=0; dir=0; type=0; pingpong=0; private_global=0; IO mode=ap_none:ce=0
Port [ p_read23]:  wired=1; compound=0; hidden=0; nouse=0; global=0; static=0; extern=0; dir=0; type=0; pingpong=0; private_global=0; IO mode=ap_none:ce=0
Port [ p_read24]:  wired=1; compound=0; hidden=0; nouse=0; global=0; static=0; extern=0; dir=0; type=0; pingpong=0; private_global=0; IO mode=ap_none:ce=0
Port [ p_read25]:  wired=1; compound=0; hidden=0; nouse=0; global=0; static=0; extern=0; dir=0; type=0; pingpong=0; private_global=0; IO mode=ap_none:ce=0
Port [ p_read26]:  wired=1; compound=0; hidden=0; nouse=0; global=0; static=0; extern=0; dir=0; type=0; pingpong=0; private_global=0; IO mode=ap_none:ce=0
Port [ p_read27]:  wired=1; compound=0; hidden=0; nouse=0; global=0; static=0; extern=0; dir=0; type=0; pingpong=0; private_global=0; IO mode=ap_none:ce=0
Port [ p_read28]:  wired=1; compound=0; hidden=0; nouse=0; global=0; static=0; extern=0; dir=0; type=0; pingpong=0; private_global=0; IO mode=ap_none:ce=0
Port [ p_read29]:  wired=1; compound=0; hidden=0; nouse=0; global=0; static=0; extern=0; dir=0; type=0; pingpong=0; private_global=0; IO mode=ap_none:ce=0
Port [ p_read30]:  wired=1; compound=0; hidden=0; nouse=0; global=0; static=0; extern=0; dir=0; type=0; pingpong=0; private_global=0; IO mode=ap_none:ce=0
Port [ p_read31]:  wired=1; compound=0; hidden=0; nouse=0; global=0; static=0; extern=0; dir=0; type=0; pingpong=0; private_global=0; IO mode=ap_none:ce=0
---------------- STG Properties END ------------------

---------------- Datapath Model BEGIN ----------------

<LifeTime>
<method=bitvector/>
p_read3163             (read             ) [ 000]
p_read3062             (read             ) [ 000]
p_read_175             (read             ) [ 000]
p_read_176             (read             ) [ 000]
p_read_177             (read             ) [ 000]
p_read_178             (read             ) [ 000]
p_read_179             (read             ) [ 000]
p_read_180             (read             ) [ 000]
p_read_181             (read             ) [ 000]
p_read_182             (read             ) [ 000]
p_read2153             (read             ) [ 000]
p_read2052             (read             ) [ 000]
p_read_183             (read             ) [ 000]
p_read_184             (read             ) [ 000]
p_read_185             (read             ) [ 000]
p_read_186             (read             ) [ 000]
p_read_187             (read             ) [ 000]
p_read_188             (read             ) [ 000]
p_read_189             (read             ) [ 000]
p_read_190             (read             ) [ 000]
p_read1143             (read             ) [ 000]
p_read1042             (read             ) [ 000]
p_read941              (read             ) [ 000]
p_read840              (read             ) [ 000]
p_read739              (read             ) [ 000]
p_read638              (read             ) [ 000]
p_read537              (read             ) [ 000]
p_read436              (read             ) [ 000]
p_read335              (read             ) [ 000]
p_read234              (read             ) [ 000]
p_read133              (read             ) [ 000]
p_read32               (read             ) [ 000]
sext_ln70              (sext             ) [ 000]
sext_ln70_714          (sext             ) [ 000]
sext_ln70_715          (sext             ) [ 000]
shl_ln                 (bitconcatenate   ) [ 000]
sext_ln1273            (sext             ) [ 000]
shl_ln1273_s           (bitconcatenate   ) [ 000]
sext_ln1273_905        (sext             ) [ 000]
r_V                    (sub              ) [ 000]
trunc_ln               (partselect       ) [ 000]
sext_ln1273_906        (sext             ) [ 000]
r_V_3242               (mul              ) [ 000]
trunc_ln818_5          (partselect       ) [ 000]
sext_ln1273_907        (sext             ) [ 000]
r_V_3243               (mul              ) [ 000]
trunc_ln818_6          (partselect       ) [ 000]
r_V_3244               (mul              ) [ 000]
trunc_ln818_7          (partselect       ) [ 000]
sext_ln1273_908        (sext             ) [ 000]
r_V_3245               (mul              ) [ 000]
trunc_ln818_8          (partselect       ) [ 000]
sext_ln70_716          (sext             ) [ 000]
sext_ln70_717          (sext             ) [ 000]
sext_ln70_718          (sext             ) [ 000]
sext_ln70_719          (sext             ) [ 000]
r_V_3246               (mul              ) [ 000]
trunc_ln818_9          (partselect       ) [ 000]
r_V_3247               (mul              ) [ 000]
trunc_ln818_s          (partselect       ) [ 011]
r_V_3248               (mul              ) [ 000]
trunc_ln818_1          (partselect       ) [ 000]
r_V_3249               (mul              ) [ 000]
trunc_ln818_2          (partselect       ) [ 000]
sext_ln1273_909        (sext             ) [ 000]
r_V_3250               (mul              ) [ 000]
trunc_ln818_3          (partselect       ) [ 000]
sext_ln1270            (sext             ) [ 000]
sext_ln1270_8          (sext             ) [ 000]
sext_ln70_720          (sext             ) [ 000]
r_V_3251               (mul              ) [ 000]
trunc_ln818_4          (partselect       ) [ 000]
r_V_3252               (mul              ) [ 000]
trunc_ln818_10         (partselect       ) [ 000]
r_V_3253               (mul              ) [ 000]
trunc_ln818_11         (partselect       ) [ 011]
mul_ln1270             (mul              ) [ 000]
trunc_ln818_12         (partselect       ) [ 000]
mul_ln1270_93          (mul              ) [ 000]
trunc_ln818_13         (partselect       ) [ 000]
sext_ln70_721          (sext             ) [ 000]
sext_ln70_722          (sext             ) [ 000]
r_V_3254               (mul              ) [ 000]
trunc_ln818_14         (partselect       ) [ 000]
r_V_3255               (mul              ) [ 000]
trunc_ln818_15         (partselect       ) [ 000]
r_V_3256               (mul              ) [ 000]
trunc_ln818_16         (partselect       ) [ 011]
r_V_3257               (mul              ) [ 000]
trunc_ln818_17         (partselect       ) [ 000]
r_V_3258               (mul              ) [ 000]
trunc_ln818_18         (partselect       ) [ 011]
sext_ln70_723          (sext             ) [ 000]
sext_ln70_724          (sext             ) [ 000]
r_V_3259               (mul              ) [ 000]
trunc_ln818_19         (partselect       ) [ 011]
r_V_3260               (mul              ) [ 000]
trunc_ln818_20         (partselect       ) [ 000]
r_V_3261               (mul              ) [ 000]
trunc_ln818_21         (partselect       ) [ 000]
sext_ln818_1015        (sext             ) [ 000]
r_V_3262               (mul              ) [ 000]
trunc_ln818_22         (partselect       ) [ 011]
r_V_3263               (mul              ) [ 000]
trunc_ln818_23         (partselect       ) [ 011]
sext_ln1270_9          (sext             ) [ 000]
sext_ln70_725          (sext             ) [ 000]
r_V_3264               (mul              ) [ 000]
trunc_ln818_24         (partselect       ) [ 000]
r_V_3265               (mul              ) [ 000]
trunc_ln818_25         (partselect       ) [ 011]
r_V_3266               (mul              ) [ 000]
trunc_ln818_26         (partselect       ) [ 000]
mul_ln1270_94          (mul              ) [ 000]
trunc_ln818_27         (partselect       ) [ 000]
shl_ln1273_635         (bitconcatenate   ) [ 000]
sext_ln1273_910        (sext             ) [ 000]
shl_ln1273_636         (bitconcatenate   ) [ 000]
sext_ln1273_911        (sext             ) [ 000]
r_V_3267               (sub              ) [ 000]
trunc_ln818_28         (partselect       ) [ 000]
sext_ln818_1019        (sext             ) [ 000]
sext_ln70_726          (sext             ) [ 000]
sext_ln70_727          (sext             ) [ 000]
sext_ln70_728          (sext             ) [ 000]
sext_ln70_729          (sext             ) [ 000]
r_V_3268               (mul              ) [ 000]
trunc_ln818_29         (partselect       ) [ 011]
r_V_3269               (mul              ) [ 000]
trunc_ln818_30         (partselect       ) [ 000]
sext_ln1273_912        (sext             ) [ 000]
r_V_3270               (mul              ) [ 000]
trunc_ln818_31         (partselect       ) [ 000]
r_V_3271               (mul              ) [ 000]
trunc_ln818_32         (partselect       ) [ 000]
sext_ln818_1020        (sext             ) [ 000]
shl_ln1273_637         (bitconcatenate   ) [ 000]
sext_ln1273_913        (sext             ) [ 000]
sub_ln1273             (sub              ) [ 000]
r_V_3272               (sub              ) [ 000]
trunc_ln818_33         (partselect       ) [ 000]
sext_ln818_1021        (sext             ) [ 000]
sext_ln70_730          (sext             ) [ 000]
sext_ln70_731          (sext             ) [ 000]
mul_ln1270_95          (mul              ) [ 000]
trunc_ln818_34         (partselect       ) [ 011]
r_V_3273               (mul              ) [ 000]
trunc_ln818_35         (partselect       ) [ 011]
r_V_3274               (mul              ) [ 000]
trunc_ln818_36         (partselect       ) [ 011]
r_V_3275               (mul              ) [ 000]
trunc_ln818_37         (partselect       ) [ 000]
sext_ln818_1023        (sext             ) [ 000]
shl_ln1273_638         (bitconcatenate   ) [ 000]
sext_ln1273_914        (sext             ) [ 000]
shl_ln1273_639         (bitconcatenate   ) [ 000]
sext_ln1273_915        (sext             ) [ 000]
r_V_3276               (sub              ) [ 000]
trunc_ln818_38         (partselect       ) [ 000]
sext_ln70_732          (sext             ) [ 000]
sext_ln70_733          (sext             ) [ 000]
sext_ln70_734          (sext             ) [ 000]
sext_ln70_735          (sext             ) [ 000]
shl_ln1273_640         (bitconcatenate   ) [ 000]
sext_ln1273_916        (sext             ) [ 000]
shl_ln1273_641         (bitconcatenate   ) [ 000]
sext_ln1273_917        (sext             ) [ 000]
r_V_3277               (add              ) [ 000]
trunc_ln818_39         (partselect       ) [ 000]
sext_ln1273_950        (sext             ) [ 000]
r_V_3278               (mul              ) [ 000]
trunc_ln818_40         (partselect       ) [ 000]
r_V_3279               (mul              ) [ 000]
trunc_ln818_41         (partselect       ) [ 011]
r_V_3280               (mul              ) [ 000]
trunc_ln818_42         (partselect       ) [ 000]
sext_ln1273_951        (sext             ) [ 000]
r_V_3281               (mul              ) [ 000]
trunc_ln818_43         (partselect       ) [ 000]
sext_ln818_1024        (sext             ) [ 000]
sext_ln70_736          (sext             ) [ 000]
sext_ln70_737          (sext             ) [ 000]
sext_ln70_738          (sext             ) [ 000]
shl_ln1273_642         (bitconcatenate   ) [ 000]
sext_ln1273_918        (sext             ) [ 000]
shl_ln1273_643         (bitconcatenate   ) [ 000]
sext_ln1273_919        (sext             ) [ 000]
r_V_3282               (sub              ) [ 000]
trunc_ln818_44         (partselect       ) [ 000]
sext_ln1273_952        (sext             ) [ 000]
r_V_3283               (mul              ) [ 000]
trunc_ln818_45         (partselect       ) [ 000]
sext_ln1273_953        (sext             ) [ 000]
r_V_3284               (mul              ) [ 000]
trunc_ln818_46         (partselect       ) [ 000]
sext_ln818_1025        (sext             ) [ 000]
mul_ln1270_96          (mul              ) [ 000]
trunc_ln818_47         (partselect       ) [ 000]
r_V_3285               (mul              ) [ 000]
trunc_ln818_48         (partselect       ) [ 000]
sext_ln70_739          (sext             ) [ 000]
sext_ln70_740          (sext             ) [ 000]
sext_ln70_741          (sext             ) [ 000]
r_V_3286               (mul              ) [ 000]
trunc_ln818_49         (partselect       ) [ 000]
r_V_3287               (mul              ) [ 000]
trunc_ln818_50         (partselect       ) [ 000]
sext_ln818_1026        (sext             ) [ 000]
r_V_3288               (mul              ) [ 000]
trunc_ln818_51         (partselect       ) [ 000]
sext_ln1273_954        (sext             ) [ 000]
r_V_3289               (mul              ) [ 000]
trunc_ln818_52         (partselect       ) [ 011]
r_V_3290               (mul              ) [ 000]
trunc_ln818_53         (partselect       ) [ 011]
sext_ln70_742          (sext             ) [ 000]
sext_ln1270_10         (sext             ) [ 000]
sext_ln70_743          (sext             ) [ 000]
r_V_3291               (mul              ) [ 000]
trunc_ln818_54         (partselect       ) [ 000]
sext_ln1273_955        (sext             ) [ 000]
r_V_3292               (mul              ) [ 000]
trunc_ln818_55         (partselect       ) [ 011]
mul_ln1270_97          (mul              ) [ 000]
trunc_ln818_56         (partselect       ) [ 000]
r_V_3293               (mul              ) [ 000]
trunc_ln818_57         (partselect       ) [ 000]
sext_ln1273_956        (sext             ) [ 000]
r_V_3294               (mul              ) [ 000]
trunc_ln818_58         (partselect       ) [ 000]
sext_ln1270_11         (sext             ) [ 000]
sext_ln1270_12         (sext             ) [ 000]
sext_ln70_744          (sext             ) [ 000]
shl_ln1273_644         (bitconcatenate   ) [ 000]
sext_ln1273_920        (sext             ) [ 000]
shl_ln1273_645         (bitconcatenate   ) [ 000]
sext_ln1273_921        (sext             ) [ 000]
r_V_3295               (sub              ) [ 000]
trunc_ln818_59         (partselect       ) [ 000]
r_V_3296               (mul              ) [ 000]
trunc_ln818_60         (partselect       ) [ 011]
r_V_3297               (sub              ) [ 000]
trunc_ln818_61         (partselect       ) [ 000]
r_V_3298               (mul              ) [ 000]
trunc_ln818_62         (partselect       ) [ 011]
mul_ln1270_98          (mul              ) [ 000]
trunc_ln818_63         (partselect       ) [ 000]
sext_ln70_745          (sext             ) [ 000]
sext_ln70_746          (sext             ) [ 000]
sext_ln70_747          (sext             ) [ 000]
shl_ln1273_646         (bitconcatenate   ) [ 000]
sext_ln1273_922        (sext             ) [ 000]
r_V_3299               (sub              ) [ 000]
trunc_ln818_64         (partselect       ) [ 000]
r_V_3300               (mul              ) [ 000]
trunc_ln818_65         (partselect       ) [ 000]
sext_ln1273_957        (sext             ) [ 000]
r_V_3301               (mul              ) [ 000]
trunc_ln818_66         (partselect       ) [ 011]
r_V_3302               (mul              ) [ 000]
trunc_ln818_67         (partselect       ) [ 011]
r_V_3303               (mul              ) [ 000]
trunc_ln818_68         (partselect       ) [ 011]
sext_ln70_748          (sext             ) [ 000]
sext_ln70_749          (sext             ) [ 000]
sext_ln70_750          (sext             ) [ 000]
r_V_3304               (mul              ) [ 000]
trunc_ln818_69         (partselect       ) [ 000]
sext_ln1273_958        (sext             ) [ 000]
r_V_3305               (mul              ) [ 000]
trunc_ln818_70         (partselect       ) [ 000]
sext_ln818_1030        (sext             ) [ 000]
mul_ln1270_99          (mul              ) [ 000]
trunc_ln818_71         (partselect       ) [ 000]
r_V_3306               (mul              ) [ 000]
trunc_ln818_72         (partselect       ) [ 000]
r_V_3307               (mul              ) [ 000]
trunc_ln818_73         (partselect       ) [ 011]
sext_ln1270_13         (sext             ) [ 000]
sext_ln70_751          (sext             ) [ 000]
shl_ln1273_647         (bitconcatenate   ) [ 000]
sext_ln1273_923        (sext             ) [ 000]
r_V_3308               (sub              ) [ 000]
trunc_ln818_74         (partselect       ) [ 000]
sext_ln1273_959        (sext             ) [ 000]
r_V_3309               (mul              ) [ 000]
trunc_ln818_75         (partselect       ) [ 000]
sext_ln1273_960        (sext             ) [ 000]
r_V_3310               (mul              ) [ 000]
trunc_ln818_76         (partselect       ) [ 000]
mul_ln1270_100         (mul              ) [ 000]
trunc_ln818_77         (partselect       ) [ 000]
r_V_3311               (mul              ) [ 000]
trunc_ln818_78         (partselect       ) [ 000]
sext_ln70_752          (sext             ) [ 000]
sext_ln70_753          (sext             ) [ 000]
sext_ln70_754          (sext             ) [ 000]
shl_ln1273_648         (bitconcatenate   ) [ 000]
sext_ln1273_924        (sext             ) [ 000]
r_V_3312               (sub              ) [ 000]
trunc_ln818_79         (partselect       ) [ 000]
sext_ln818_1031        (sext             ) [ 000]
r_V_3313               (mul              ) [ 000]
trunc_ln818_80         (partselect       ) [ 000]
sext_ln1273_961        (sext             ) [ 000]
r_V_3314               (mul              ) [ 000]
trunc_ln818_81         (partselect       ) [ 000]
sext_ln1273_962        (sext             ) [ 000]
r_V_3315               (mul              ) [ 000]
trunc_ln818_82         (partselect       ) [ 011]
r_V_3316               (mul              ) [ 000]
trunc_ln818_83         (partselect       ) [ 000]
sext_ln70_755          (sext             ) [ 000]
sext_ln70_756          (sext             ) [ 000]
shl_ln1273_649         (bitconcatenate   ) [ 000]
sext_ln1273_925        (sext             ) [ 000]
sext_ln1273_926        (sext             ) [ 000]
shl_ln1273_650         (bitconcatenate   ) [ 000]
sext_ln1273_927        (sext             ) [ 000]
sext_ln1273_928        (sext             ) [ 000]
r_V_3317               (sub              ) [ 000]
trunc_ln818_84         (partselect       ) [ 000]
sext_ln1273_963        (sext             ) [ 000]
r_V_3318               (mul              ) [ 000]
trunc_ln818_85         (partselect       ) [ 000]
shl_ln1273_651         (bitconcatenate   ) [ 000]
sext_ln1273_929        (sext             ) [ 000]
r_V_3319               (add              ) [ 000]
trunc_ln818_86         (partselect       ) [ 000]
r_V_3320               (sub              ) [ 000]
trunc_ln818_87         (partselect       ) [ 000]
sext_ln1273_964        (sext             ) [ 000]
r_V_3321               (mul              ) [ 000]
trunc_ln818_88         (partselect       ) [ 011]
sext_ln70_757          (sext             ) [ 000]
sext_ln70_758          (sext             ) [ 000]
shl_ln1273_652         (bitconcatenate   ) [ 000]
sext_ln1273_930        (sext             ) [ 000]
shl_ln1273_653         (bitconcatenate   ) [ 000]
sext_ln1273_931        (sext             ) [ 000]
r_V_3322               (add              ) [ 000]
trunc_ln818_89         (partselect       ) [ 000]
sext_ln1273_965        (sext             ) [ 000]
r_V_3323               (mul              ) [ 000]
trunc_ln818_90         (partselect       ) [ 000]
r_V_3324               (mul              ) [ 000]
trunc_ln818_91         (partselect       ) [ 011]
r_V_3325               (mul              ) [ 000]
trunc_ln818_92         (partselect       ) [ 000]
sext_ln818_1035        (sext             ) [ 000]
r_V_3326               (mul              ) [ 000]
trunc_ln818_93         (partselect       ) [ 000]
sext_ln818_1036        (sext             ) [ 000]
sext_ln70_759          (sext             ) [ 000]
sext_ln70_760          (sext             ) [ 000]
sext_ln70_761          (sext             ) [ 000]
mul_ln1270_101         (mul              ) [ 000]
trunc_ln818_94         (partselect       ) [ 000]
r_V_3327               (mul              ) [ 000]
trunc_ln818_95         (partselect       ) [ 000]
shl_ln1273_654         (bitconcatenate   ) [ 000]
sext_ln1273_932        (sext             ) [ 000]
sub_ln1273_796         (sub              ) [ 000]
shl_ln1273_655         (bitconcatenate   ) [ 000]
sext_ln1273_933        (sext             ) [ 000]
r_V_3328               (sub              ) [ 000]
trunc_ln818_96         (partselect       ) [ 000]
sext_ln1273_966        (sext             ) [ 000]
r_V_3329               (mul              ) [ 000]
trunc_ln818_97         (partselect       ) [ 000]
sext_ln1273_967        (sext             ) [ 000]
r_V_3330               (mul              ) [ 000]
trunc_ln818_98         (partselect       ) [ 000]
sext_ln1270_14         (sext             ) [ 000]
sext_ln1270_15         (sext             ) [ 000]
sext_ln70_762          (sext             ) [ 000]
sext_ln70_763          (sext             ) [ 000]
r_V_3331               (mul              ) [ 000]
trunc_ln818_99         (partselect       ) [ 000]
sext_ln1273_968        (sext             ) [ 000]
r_V_3332               (sub              ) [ 000]
trunc_ln818_100        (partselect       ) [ 000]
sext_ln1270_16         (sext             ) [ 000]
mul_ln1270_102         (mul              ) [ 000]
trunc_ln818_101        (partselect       ) [ 000]
mul_ln1270_103         (mul              ) [ 000]
trunc_ln818_102        (partselect       ) [ 000]
mul_ln1270_104         (mul              ) [ 000]
trunc_ln818_103        (partselect       ) [ 000]
sext_ln70_764          (sext             ) [ 000]
sext_ln70_765          (sext             ) [ 000]
sext_ln70_766          (sext             ) [ 000]
r_V_3333               (sub              ) [ 000]
trunc_ln818_104        (partselect       ) [ 000]
sext_ln1273_969        (sext             ) [ 000]
r_V_3334               (mul              ) [ 000]
trunc_ln818_105        (partselect       ) [ 011]
shl_ln1273_656         (bitconcatenate   ) [ 000]
sext_ln1273_934        (sext             ) [ 000]
r_V_3335               (sub              ) [ 000]
trunc_ln818_106        (partselect       ) [ 000]
sext_ln1273_970        (sext             ) [ 000]
sext_ln1273_935        (sext             ) [ 000]
mul_ln1270_105         (mul              ) [ 000]
trunc_ln818_107        (partselect       ) [ 000]
mul_ln1270_106         (mul              ) [ 000]
trunc_ln818_108        (partselect       ) [ 000]
sext_ln70_767          (sext             ) [ 000]
shl_ln1273_657         (bitconcatenate   ) [ 000]
shl_ln1273_658         (bitconcatenate   ) [ 000]
sext_ln1273_936        (sext             ) [ 000]
r_V_3336               (sub              ) [ 000]
trunc_ln818_109        (partselect       ) [ 000]
r_V_3337               (mul              ) [ 000]
trunc_ln818_110        (partselect       ) [ 000]
mul_ln1270_107         (mul              ) [ 000]
trunc_ln818_111        (partselect       ) [ 011]
r_V_3338               (mul              ) [ 000]
trunc_ln818_112        (partselect       ) [ 000]
mul_ln1270_108         (mul              ) [ 000]
trunc_ln818_113        (partselect       ) [ 000]
sext_ln70_768          (sext             ) [ 000]
r_V_3339               (sub              ) [ 000]
trunc_ln818_114        (partselect       ) [ 000]
sext_ln1270_17         (sext             ) [ 000]
sext_ln1270_18         (sext             ) [ 000]
shl_ln1273_659         (bitconcatenate   ) [ 000]
sext_ln1273_937        (sext             ) [ 000]
sub_ln1273_803         (sub              ) [ 000]
shl_ln1273_660         (bitconcatenate   ) [ 000]
sext_ln1273_938        (sext             ) [ 000]
r_V_3340               (sub              ) [ 000]
trunc_ln818_115        (partselect       ) [ 000]
r_V_3341               (mul              ) [ 000]
trunc_ln818_116        (partselect       ) [ 000]
shl_ln1273_661         (bitconcatenate   ) [ 000]
sext_ln1273_939        (sext             ) [ 000]
shl_ln1273_662         (bitconcatenate   ) [ 000]
sext_ln1273_940        (sext             ) [ 000]
r_V_3342               (sub              ) [ 000]
trunc_ln818_117        (partselect       ) [ 000]
sext_ln1273_971        (sext             ) [ 000]
r_V_3343               (mul              ) [ 000]
trunc_ln818_118        (partselect       ) [ 000]
mul_ln1270_109         (mul              ) [ 000]
trunc_ln818_119        (partselect       ) [ 000]
sext_ln70_769          (sext             ) [ 000]
sext_ln70_770          (sext             ) [ 000]
mul_ln1270_110         (mul              ) [ 000]
trunc_ln818_120        (partselect       ) [ 011]
r_V_3344               (mul              ) [ 000]
trunc_ln818_121        (partselect       ) [ 000]
sext_ln1273_972        (sext             ) [ 000]
r_V_3345               (mul              ) [ 000]
trunc_ln818_122        (partselect       ) [ 011]
shl_ln1273_663         (bitconcatenate   ) [ 000]
sext_ln1273_941        (sext             ) [ 000]
shl_ln1273_664         (bitconcatenate   ) [ 000]
sext_ln1273_942        (sext             ) [ 000]
r_V_3346               (sub              ) [ 000]
trunc_ln818_123        (partselect       ) [ 011]
shl_ln1273_665         (bitconcatenate   ) [ 000]
sext_ln1273_943        (sext             ) [ 000]
shl_ln1273_666         (bitconcatenate   ) [ 000]
sext_ln1273_944        (sext             ) [ 000]
r_V_3347               (add              ) [ 000]
trunc_ln818_124        (partselect       ) [ 000]
sext_ln70_771          (sext             ) [ 000]
sext_ln70_772          (sext             ) [ 000]
sext_ln70_773          (sext             ) [ 000]
r_V_3348               (mul              ) [ 000]
trunc_ln818_125        (partselect       ) [ 011]
r_V_3349               (mul              ) [ 000]
trunc_ln818_126        (partselect       ) [ 000]
r_V_3350               (mul              ) [ 000]
trunc_ln818_127        (partselect       ) [ 000]
sext_ln818_1038        (sext             ) [ 000]
r_V_3351               (mul              ) [ 000]
trunc_ln818_128        (partselect       ) [ 011]
shl_ln1273_667         (bitconcatenate   ) [ 000]
sext_ln1273_945        (sext             ) [ 000]
shl_ln1273_668         (bitconcatenate   ) [ 000]
sext_ln1273_946        (sext             ) [ 000]
r_V_3352               (sub              ) [ 000]
trunc_ln818_129        (partselect       ) [ 011]
sext_ln70_774          (sext             ) [ 000]
sext_ln70_775          (sext             ) [ 000]
sext_ln70_776          (sext             ) [ 000]
sext_ln1270_19         (sext             ) [ 000]
r_V_3353               (mul              ) [ 000]
trunc_ln818_130        (partselect       ) [ 000]
mul_ln1270_111         (mul              ) [ 000]
trunc_ln818_131        (partselect       ) [ 011]
r_V_3354               (mul              ) [ 000]
trunc_ln818_132        (partselect       ) [ 000]
sext_ln1273_973        (sext             ) [ 000]
r_V_3355               (mul              ) [ 000]
trunc_ln818_133        (partselect       ) [ 000]
sext_ln818_1039        (sext             ) [ 000]
r_V_3356               (mul              ) [ 000]
trunc_ln818_134        (partselect       ) [ 000]
sext_ln70_777          (sext             ) [ 000]
sext_ln70_778          (sext             ) [ 000]
sext_ln70_779          (sext             ) [ 000]
sext_ln70_780          (sext             ) [ 000]
r_V_3357               (mul              ) [ 000]
trunc_ln818_135        (partselect       ) [ 000]
sext_ln1273_974        (sext             ) [ 000]
r_V_3358               (mul              ) [ 000]
trunc_ln818_136        (partselect       ) [ 011]
shl_ln1273_669         (bitconcatenate   ) [ 000]
sext_ln1273_947        (sext             ) [ 000]
shl_ln1273_670         (bitconcatenate   ) [ 000]
sext_ln1273_948        (sext             ) [ 000]
r_V_3359               (sub              ) [ 000]
trunc_ln818_137        (partselect       ) [ 000]
sext_ln1273_975        (sext             ) [ 000]
r_V_3360               (mul              ) [ 000]
trunc_ln818_138        (partselect       ) [ 000]
r_V_3361               (mul              ) [ 000]
trunc_ln818_139        (partselect       ) [ 000]
sext_ln70_781          (sext             ) [ 000]
sext_ln70_782          (sext             ) [ 000]
r_V_3362               (mul              ) [ 000]
trunc_ln818_140        (partselect       ) [ 000]
r_V_3363               (mul              ) [ 000]
trunc_ln818_141        (partselect       ) [ 000]
r_V_3364               (mul              ) [ 000]
trunc_ln818_142        (partselect       ) [ 000]
r_V_3365               (mul              ) [ 000]
trunc_ln818_143        (partselect       ) [ 011]
sext_ln1270_20         (sext             ) [ 000]
sext_ln70_783          (sext             ) [ 000]
r_V_3366               (mul              ) [ 000]
trunc_ln818_144        (partselect       ) [ 000]
sext_ln818_1040        (sext             ) [ 000]
shl_ln1273_671         (bitconcatenate   ) [ 000]
sext_ln1273_949        (sext             ) [ 000]
r_V_3367               (sub              ) [ 000]
trunc_ln818_145        (partselect       ) [ 000]
sext_ln1273_976        (sext             ) [ 000]
r_V_3368               (mul              ) [ 000]
trunc_ln818_146        (partselect       ) [ 000]
sext_ln818_1041        (sext             ) [ 000]
mul_ln1270_112         (mul              ) [ 000]
trunc_ln818_147        (partselect       ) [ 000]
mul_ln1270_113         (mul              ) [ 000]
trunc_ln818_148        (partselect       ) [ 000]
sext_ln1270_21         (sext             ) [ 000]
r_V_3369               (mul              ) [ 000]
trunc_ln818_149        (partselect       ) [ 011]
r_V_3370               (mul              ) [ 000]
trunc_ln818_150        (partselect       ) [ 000]
r_V_3371               (mul              ) [ 000]
trunc_ln818_151        (partselect       ) [ 000]
r_V_3372               (mul              ) [ 000]
trunc_ln818_152        (partselect       ) [ 011]
mul_ln1270_114         (mul              ) [ 000]
trunc_ln818_153        (partselect       ) [ 000]
add_ln813              (add              ) [ 011]
add_ln813_3718         (add              ) [ 011]
add_ln813_3721         (add              ) [ 011]
add_ln813_3724         (add              ) [ 011]
add_ln813_3725         (add              ) [ 011]
add_ln813_3728         (add              ) [ 011]
add_ln813_3733         (add              ) [ 011]
add_ln813_3735         (add              ) [ 000]
sext_ln813             (sext             ) [ 000]
add_ln813_3736         (add              ) [ 000]
sext_ln813_1438        (sext             ) [ 000]
add_ln813_3737         (add              ) [ 011]
add_ln813_3739         (add              ) [ 000]
add_ln813_3740         (add              ) [ 000]
sext_ln813_1439        (sext             ) [ 000]
add_ln813_3741         (add              ) [ 000]
sext_ln813_1440        (sext             ) [ 000]
add_ln813_3742         (add              ) [ 000]
add_ln813_3743         (add              ) [ 000]
sext_ln813_1441        (sext             ) [ 000]
add_ln813_3744         (add              ) [ 000]
sext_ln813_1442        (sext             ) [ 000]
add_ln813_3745         (add              ) [ 011]
add_ln813_3748         (add              ) [ 011]
add_ln813_3749         (add              ) [ 011]
add_ln813_3752         (add              ) [ 011]
add_ln813_3755         (add              ) [ 011]
add_ln813_3756         (add              ) [ 011]
add_ln813_3759         (add              ) [ 011]
add_ln813_3764         (add              ) [ 011]
add_ln813_3767         (add              ) [ 011]
add_ln813_3770         (add              ) [ 011]
add_ln813_3771         (add              ) [ 011]
add_ln813_3773         (add              ) [ 000]
add_ln813_3774         (add              ) [ 000]
sext_ln813_1447        (sext             ) [ 000]
add_ln813_3775         (add              ) [ 000]
sext_ln813_1448        (sext             ) [ 000]
add_ln813_3776         (add              ) [ 011]
add_ln813_3780         (add              ) [ 011]
add_ln813_3781         (add              ) [ 011]
add_ln813_3784         (add              ) [ 011]
add_ln813_3787         (add              ) [ 011]
add_ln813_3788         (add              ) [ 011]
add_ln813_3791         (add              ) [ 011]
add_ln813_3796         (add              ) [ 011]
add_ln813_3799         (add              ) [ 011]
add_ln813_3802         (add              ) [ 011]
add_ln813_3803         (add              ) [ 011]
add_ln813_3805         (add              ) [ 000]
sext_ln813_1452        (sext             ) [ 000]
add_ln813_3806         (add              ) [ 000]
zext_ln813             (zext             ) [ 000]
add_ln813_3807         (add              ) [ 000]
sext_ln813_1453        (sext             ) [ 000]
add_ln813_3808         (add              ) [ 011]
add_ln813_3812         (add              ) [ 011]
add_ln813_3813         (add              ) [ 011]
add_ln813_3816         (add              ) [ 011]
add_ln813_3819         (add              ) [ 011]
add_ln813_3820         (add              ) [ 011]
add_ln813_3823         (add              ) [ 011]
add_ln813_3828         (add              ) [ 011]
add_ln813_3831         (add              ) [ 011]
add_ln813_3834         (add              ) [ 011]
add_ln813_3835         (add              ) [ 011]
add_ln813_3837         (add              ) [ 000]
add_ln813_3838         (add              ) [ 000]
sext_ln813_1457        (sext             ) [ 000]
add_ln813_3839         (add              ) [ 011]
add_ln813_3843         (add              ) [ 011]
add_ln813_3844         (add              ) [ 011]
add_ln813_3847         (add              ) [ 011]
add_ln813_3850         (add              ) [ 011]
add_ln813_3851         (add              ) [ 011]
add_ln813_3854         (add              ) [ 011]
add_ln813_3859         (add              ) [ 011]
add_ln813_3862         (add              ) [ 011]
add_ln813_3865         (add              ) [ 011]
add_ln813_3866         (add              ) [ 011]
add_ln813_3868         (add              ) [ 000]
sext_ln813_1461        (sext             ) [ 000]
add_ln813_3869         (add              ) [ 000]
sext_ln813_1462        (sext             ) [ 000]
add_ln813_3870         (add              ) [ 000]
sext_ln813_1463        (sext             ) [ 000]
add_ln813_3871         (add              ) [ 011]
specpipeline_ln33      (specpipeline     ) [ 000]
specresourcelimit_ln33 (specresourcelimit) [ 000]
sext_ln818             (sext             ) [ 000]
sext_ln818_1011        (sext             ) [ 000]
sext_ln818_1012        (sext             ) [ 000]
sext_ln818_1013        (sext             ) [ 000]
sext_ln818_1014        (sext             ) [ 000]
sext_ln818_1016        (sext             ) [ 000]
sext_ln818_1017        (sext             ) [ 000]
sext_ln818_1018        (sext             ) [ 000]
sext_ln818_1022        (sext             ) [ 000]
sext_ln818_1027        (sext             ) [ 000]
sext_ln818_1028        (sext             ) [ 000]
sext_ln818_1029        (sext             ) [ 000]
sext_ln818_1032        (sext             ) [ 000]
sext_ln818_1033        (sext             ) [ 000]
sext_ln818_1034        (sext             ) [ 000]
sext_ln818_1037        (sext             ) [ 000]
add_ln813_3719         (add              ) [ 000]
add_ln813_3720         (add              ) [ 000]
add_ln813_3722         (add              ) [ 000]
add_ln813_3723         (add              ) [ 000]
add_ln813_3726         (add              ) [ 000]
add_ln813_3727         (add              ) [ 000]
add_ln813_3729         (add              ) [ 000]
add_ln813_3730         (add              ) [ 000]
add_ln813_3731         (add              ) [ 000]
add_ln813_3732         (add              ) [ 000]
add_ln813_3734         (add              ) [ 000]
add_ln813_3738         (add              ) [ 000]
sext_ln813_1443        (sext             ) [ 000]
add_ln813_3746         (add              ) [ 000]
add_ln813_3747         (add              ) [ 000]
add_ln813_3750         (add              ) [ 000]
add_ln813_3751         (add              ) [ 000]
add_ln813_3753         (add              ) [ 000]
add_ln813_3754         (add              ) [ 000]
add_ln813_3757         (add              ) [ 000]
add_ln813_3758         (add              ) [ 000]
add_ln813_3760         (add              ) [ 000]
add_ln813_3761         (add              ) [ 000]
add_ln813_3762         (add              ) [ 000]
add_ln813_3763         (add              ) [ 000]
add_ln813_3765         (add              ) [ 000]
add_ln813_3766         (add              ) [ 000]
sext_ln813_1444        (sext             ) [ 000]
add_ln813_3768         (add              ) [ 000]
add_ln813_3769         (add              ) [ 000]
sext_ln813_1445        (sext             ) [ 000]
sext_ln813_1446        (sext             ) [ 000]
add_ln813_3772         (add              ) [ 000]
sext_ln813_1449        (sext             ) [ 000]
add_ln813_3777         (add              ) [ 000]
add_ln813_3778         (add              ) [ 000]
add_ln813_3779         (add              ) [ 000]
add_ln813_3782         (add              ) [ 000]
add_ln813_3783         (add              ) [ 000]
add_ln813_3785         (add              ) [ 000]
add_ln813_3786         (add              ) [ 000]
add_ln813_3789         (add              ) [ 000]
add_ln813_3790         (add              ) [ 000]
add_ln813_3792         (add              ) [ 000]
add_ln813_3793         (add              ) [ 000]
add_ln813_3794         (add              ) [ 000]
add_ln813_3795         (add              ) [ 000]
add_ln813_3797         (add              ) [ 000]
add_ln813_3798         (add              ) [ 000]
add_ln813_3800         (add              ) [ 000]
add_ln813_3801         (add              ) [ 000]
sext_ln813_1450        (sext             ) [ 000]
sext_ln813_1451        (sext             ) [ 000]
add_ln813_3804         (add              ) [ 000]
sext_ln813_1454        (sext             ) [ 000]
add_ln813_3809         (add              ) [ 000]
add_ln813_3810         (add              ) [ 000]
add_ln813_3811         (add              ) [ 000]
add_ln813_3814         (add              ) [ 000]
add_ln813_3815         (add              ) [ 000]
add_ln813_3817         (add              ) [ 000]
add_ln813_3818         (add              ) [ 000]
add_ln813_3821         (add              ) [ 000]
add_ln813_3822         (add              ) [ 000]
add_ln813_3824         (add              ) [ 000]
add_ln813_3825         (add              ) [ 000]
add_ln813_3826         (add              ) [ 000]
add_ln813_3827         (add              ) [ 000]
add_ln813_3829         (add              ) [ 000]
add_ln813_3830         (add              ) [ 000]
add_ln813_3832         (add              ) [ 000]
add_ln813_3833         (add              ) [ 000]
sext_ln813_1455        (sext             ) [ 000]
sext_ln813_1456        (sext             ) [ 000]
add_ln813_3836         (add              ) [ 000]
sext_ln813_1458        (sext             ) [ 000]
add_ln813_3840         (add              ) [ 000]
add_ln813_3841         (add              ) [ 000]
add_ln813_3842         (add              ) [ 000]
add_ln813_3845         (add              ) [ 000]
add_ln813_3846         (add              ) [ 000]
add_ln813_3848         (add              ) [ 000]
add_ln813_3849         (add              ) [ 000]
add_ln813_3852         (add              ) [ 000]
add_ln813_3853         (add              ) [ 000]
add_ln813_3855         (add              ) [ 000]
add_ln813_3856         (add              ) [ 000]
add_ln813_3857         (add              ) [ 000]
add_ln813_3858         (add              ) [ 000]
add_ln813_3860         (add              ) [ 000]
add_ln813_3861         (add              ) [ 000]
add_ln813_3863         (add              ) [ 000]
add_ln813_3864         (add              ) [ 000]
sext_ln813_1459        (sext             ) [ 000]
sext_ln813_1460        (sext             ) [ 000]
add_ln813_3867         (add              ) [ 000]
sext_ln813_1464        (sext             ) [ 000]
add_ln813_3872         (add              ) [ 000]
add_ln813_3873         (add              ) [ 000]
add_ln813_3874         (add              ) [ 000]
mrv                    (insertvalue      ) [ 000]
mrv_1                  (insertvalue      ) [ 000]
mrv_2                  (insertvalue      ) [ 000]
mrv_3                  (insertvalue      ) [ 000]
mrv_4                  (insertvalue      ) [ 000]
ret_ln68               (ret              ) [ 000]
</LifeTime>

<model>

<comp_list>
<comp id="0" class="1000" name="p_read">
<pin_list>
<pin id="1" dir="1" index="0" bw="1" slack="0"/>
</pin_list>
<bind>
<StgValue><ssdm name="p_read"/></StgValue>
</bind>
</comp>

<comp id="2" class="1000" name="p_read1">
<pin_list>
<pin id="3" dir="1" index="0" bw="1" slack="0"/>
</pin_list>
<bind>
<StgValue><ssdm name="p_read1"/></StgValue>
</bind>
</comp>

<comp id="4" class="1000" name="p_read2">
<pin_list>
<pin id="5" dir="1" index="0" bw="1" slack="0"/>
</pin_list>
<bind>
<StgValue><ssdm name="p_read2"/></StgValue>
</bind>
</comp>

<comp id="6" class="1000" name="p_read3">
<pin_list>
<pin id="7" dir="1" index="0" bw="1" slack="0"/>
</pin_list>
<bind>
<StgValue><ssdm name="p_read3"/></StgValue>
</bind>
</comp>

<comp id="8" class="1000" name="p_read4">
<pin_list>
<pin id="9" dir="1" index="0" bw="1" slack="0"/>
</pin_list>
<bind>
<StgValue><ssdm name="p_read4"/></StgValue>
</bind>
</comp>

<comp id="10" class="1000" name="p_read5">
<pin_list>
<pin id="11" dir="1" index="0" bw="1" slack="0"/>
</pin_list>
<bind>
<StgValue><ssdm name="p_read5"/></StgValue>
</bind>
</comp>

<comp id="12" class="1000" name="p_read6">
<pin_list>
<pin id="13" dir="1" index="0" bw="1" slack="0"/>
</pin_list>
<bind>
<StgValue><ssdm name="p_read6"/></StgValue>
</bind>
</comp>

<comp id="14" class="1000" name="p_read7">
<pin_list>
<pin id="15" dir="1" index="0" bw="1" slack="0"/>
</pin_list>
<bind>
<StgValue><ssdm name="p_read7"/></StgValue>
</bind>
</comp>

<comp id="16" class="1000" name="p_read8">
<pin_list>
<pin id="17" dir="1" index="0" bw="1" slack="0"/>
</pin_list>
<bind>
<StgValue><ssdm name="p_read8"/></StgValue>
</bind>
</comp>

<comp id="18" class="1000" name="p_read9">
<pin_list>
<pin id="19" dir="1" index="0" bw="1" slack="0"/>
</pin_list>
<bind>
<StgValue><ssdm name="p_read9"/></StgValue>
</bind>
</comp>

<comp id="20" class="1000" name="p_read10">
<pin_list>
<pin id="21" dir="1" index="0" bw="1" slack="0"/>
</pin_list>
<bind>
<StgValue><ssdm name="p_read10"/></StgValue>
</bind>
</comp>

<comp id="22" class="1000" name="p_read11">
<pin_list>
<pin id="23" dir="1" index="0" bw="1" slack="0"/>
</pin_list>
<bind>
<StgValue><ssdm name="p_read11"/></StgValue>
</bind>
</comp>

<comp id="24" class="1000" name="p_read12">
<pin_list>
<pin id="25" dir="1" index="0" bw="1" slack="0"/>
</pin_list>
<bind>
<StgValue><ssdm name="p_read12"/></StgValue>
</bind>
</comp>

<comp id="26" class="1000" name="p_read13">
<pin_list>
<pin id="27" dir="1" index="0" bw="1" slack="0"/>
</pin_list>
<bind>
<StgValue><ssdm name="p_read13"/></StgValue>
</bind>
</comp>

<comp id="28" class="1000" name="p_read14">
<pin_list>
<pin id="29" dir="1" index="0" bw="1" slack="0"/>
</pin_list>
<bind>
<StgValue><ssdm name="p_read14"/></StgValue>
</bind>
</comp>

<comp id="30" class="1000" name="p_read15">
<pin_list>
<pin id="31" dir="1" index="0" bw="1" slack="0"/>
</pin_list>
<bind>
<StgValue><ssdm name="p_read15"/></StgValue>
</bind>
</comp>

<comp id="32" class="1000" name="p_read16">
<pin_list>
<pin id="33" dir="1" index="0" bw="1" slack="0"/>
</pin_list>
<bind>
<StgValue><ssdm name="p_read16"/></StgValue>
</bind>
</comp>

<comp id="34" class="1000" name="p_read17">
<pin_list>
<pin id="35" dir="1" index="0" bw="1" slack="0"/>
</pin_list>
<bind>
<StgValue><ssdm name="p_read17"/></StgValue>
</bind>
</comp>

<comp id="36" class="1000" name="p_read18">
<pin_list>
<pin id="37" dir="1" index="0" bw="1" slack="0"/>
</pin_list>
<bind>
<StgValue><ssdm name="p_read18"/></StgValue>
</bind>
</comp>

<comp id="38" class="1000" name="p_read19">
<pin_list>
<pin id="39" dir="1" index="0" bw="1" slack="0"/>
</pin_list>
<bind>
<StgValue><ssdm name="p_read19"/></StgValue>
</bind>
</comp>

<comp id="40" class="1000" name="p_read20">
<pin_list>
<pin id="41" dir="1" index="0" bw="1" slack="0"/>
</pin_list>
<bind>
<StgValue><ssdm name="p_read20"/></StgValue>
</bind>
</comp>

<comp id="42" class="1000" name="p_read21">
<pin_list>
<pin id="43" dir="1" index="0" bw="1" slack="0"/>
</pin_list>
<bind>
<StgValue><ssdm name="p_read21"/></StgValue>
</bind>
</comp>

<comp id="44" class="1000" name="p_read22">
<pin_list>
<pin id="45" dir="1" index="0" bw="1" slack="0"/>
</pin_list>
<bind>
<StgValue><ssdm name="p_read22"/></StgValue>
</bind>
</comp>

<comp id="46" class="1000" name="p_read23">
<pin_list>
<pin id="47" dir="1" index="0" bw="1" slack="0"/>
</pin_list>
<bind>
<StgValue><ssdm name="p_read23"/></StgValue>
</bind>
</comp>

<comp id="48" class="1000" name="p_read24">
<pin_list>
<pin id="49" dir="1" index="0" bw="1" slack="0"/>
</pin_list>
<bind>
<StgValue><ssdm name="p_read24"/></StgValue>
</bind>
</comp>

<comp id="50" class="1000" name="p_read25">
<pin_list>
<pin id="51" dir="1" index="0" bw="1" slack="0"/>
</pin_list>
<bind>
<StgValue><ssdm name="p_read25"/></StgValue>
</bind>
</comp>

<comp id="52" class="1000" name="p_read26">
<pin_list>
<pin id="53" dir="1" index="0" bw="1" slack="0"/>
</pin_list>
<bind>
<StgValue><ssdm name="p_read26"/></StgValue>
</bind>
</comp>

<comp id="54" class="1000" name="p_read27">
<pin_list>
<pin id="55" dir="1" index="0" bw="1" slack="0"/>
</pin_list>
<bind>
<StgValue><ssdm name="p_read27"/></StgValue>
</bind>
</comp>

<comp id="56" class="1000" name="p_read28">
<pin_list>
<pin id="57" dir="1" index="0" bw="1" slack="0"/>
</pin_list>
<bind>
<StgValue><ssdm name="p_read28"/></StgValue>
</bind>
</comp>

<comp id="58" class="1000" name="p_read29">
<pin_list>
<pin id="59" dir="1" index="0" bw="1" slack="0"/>
</pin_list>
<bind>
<StgValue><ssdm name="p_read29"/></StgValue>
</bind>
</comp>

<comp id="60" class="1000" name="p_read30">
<pin_list>
<pin id="61" dir="1" index="0" bw="1" slack="0"/>
</pin_list>
<bind>
<StgValue><ssdm name="p_read30"/></StgValue>
</bind>
</comp>

<comp id="62" class="1000" name="p_read31">
<pin_list>
<pin id="63" dir="1" index="0" bw="1" slack="0"/>
</pin_list>
<bind>
<StgValue><ssdm name="p_read31"/></StgValue>
</bind>
</comp>

<comp id="64" class="1001" name="const_64">
<pin_list>
<pin id="65" dir="1" index="0" bw="1" slack="0"/>
</pin_list>
<bind>
<StgValue><ssdm name="_ssdm_op_Read.ap_auto.i16"/></StgValue>
</bind>
</comp>

<comp id="66" class="1001" name="const_66">
<pin_list>
<pin id="67" dir="1" index="0" bw="1" slack="0"/>
</pin_list>
<bind>
<StgValue><ssdm name="_ssdm_op_BitConcatenate.i22.i16.i6"/></StgValue>
</bind>
</comp>

<comp id="68" class="1001" name="const_68">
<pin_list>
<pin id="69" dir="1" index="0" bw="1" slack="0"/>
</pin_list>
<bind>
<StgValue><ssdm name=""/></StgValue>
</bind>
</comp>

<comp id="70" class="1001" name="const_70">
<pin_list>
<pin id="71" dir="1" index="0" bw="1" slack="0"/>
</pin_list>
<bind>
<StgValue><ssdm name="_ssdm_op_BitConcatenate.i18.i16.i2"/></StgValue>
</bind>
</comp>

<comp id="72" class="1001" name="const_72">
<pin_list>
<pin id="73" dir="1" index="0" bw="1" slack="0"/>
</pin_list>
<bind>
<StgValue><ssdm name=""/></StgValue>
</bind>
</comp>

<comp id="74" class="1001" name="const_74">
<pin_list>
<pin id="75" dir="1" index="0" bw="1" slack="0"/>
</pin_list>
<bind>
<StgValue><ssdm name="_ssdm_op_PartSelect.i13.i23.i32.i32"/></StgValue>
</bind>
</comp>

<comp id="76" class="1001" name="const_76">
<pin_list>
<pin id="77" dir="1" index="0" bw="1" slack="0"/>
</pin_list>
<bind>
<StgValue><ssdm name=""/></StgValue>
</bind>
</comp>

<comp id="78" class="1001" name="const_78">
<pin_list>
<pin id="79" dir="1" index="0" bw="1" slack="0"/>
</pin_list>
<bind>
<StgValue><ssdm name=""/></StgValue>
</bind>
</comp>

<comp id="80" class="1001" name="const_80">
<pin_list>
<pin id="81" dir="1" index="0" bw="1" slack="0"/>
</pin_list>
<bind>
<StgValue><ssdm name=""/></StgValue>
</bind>
</comp>

<comp id="82" class="1001" name="const_82">
<pin_list>
<pin id="83" dir="1" index="0" bw="1" slack="0"/>
</pin_list>
<bind>
<StgValue><ssdm name=""/></StgValue>
</bind>
</comp>

<comp id="84" class="1001" name="const_84">
<pin_list>
<pin id="85" dir="1" index="0" bw="1" slack="0"/>
</pin_list>
<bind>
<StgValue><ssdm name="_ssdm_op_PartSelect.i16.i26.i32.i32"/></StgValue>
</bind>
</comp>

<comp id="86" class="1001" name="const_86">
<pin_list>
<pin id="87" dir="1" index="0" bw="1" slack="0"/>
</pin_list>
<bind>
<StgValue><ssdm name=""/></StgValue>
</bind>
</comp>

<comp id="88" class="1001" name="const_88">
<pin_list>
<pin id="89" dir="1" index="0" bw="1" slack="0"/>
</pin_list>
<bind>
<StgValue><ssdm name=""/></StgValue>
</bind>
</comp>

<comp id="90" class="1001" name="const_90">
<pin_list>
<pin id="91" dir="1" index="0" bw="1" slack="0"/>
</pin_list>
<bind>
<StgValue><ssdm name="_ssdm_op_PartSelect.i14.i24.i32.i32"/></StgValue>
</bind>
</comp>

<comp id="92" class="1001" name="const_92">
<pin_list>
<pin id="93" dir="1" index="0" bw="1" slack="0"/>
</pin_list>
<bind>
<StgValue><ssdm name=""/></StgValue>
</bind>
</comp>

<comp id="94" class="1001" name="const_94">
<pin_list>
<pin id="95" dir="1" index="0" bw="1" slack="0"/>
</pin_list>
<bind>
<StgValue><ssdm name=""/></StgValue>
</bind>
</comp>

<comp id="96" class="1001" name="const_96">
<pin_list>
<pin id="97" dir="1" index="0" bw="1" slack="0"/>
</pin_list>
<bind>
<StgValue><ssdm name=""/></StgValue>
</bind>
</comp>

<comp id="98" class="1001" name="const_98">
<pin_list>
<pin id="99" dir="1" index="0" bw="1" slack="0"/>
</pin_list>
<bind>
<StgValue><ssdm name=""/></StgValue>
</bind>
</comp>

<comp id="100" class="1001" name="const_100">
<pin_list>
<pin id="101" dir="1" index="0" bw="1" slack="0"/>
</pin_list>
<bind>
<StgValue><ssdm name="_ssdm_op_PartSelect.i15.i25.i32.i32"/></StgValue>
</bind>
</comp>

<comp id="102" class="1001" name="const_102">
<pin_list>
<pin id="103" dir="1" index="0" bw="1" slack="0"/>
</pin_list>
<bind>
<StgValue><ssdm name=""/></StgValue>
</bind>
</comp>

<comp id="104" class="1001" name="const_104">
<pin_list>
<pin id="105" dir="1" index="0" bw="1" slack="0"/>
</pin_list>
<bind>
<StgValue><ssdm name=""/></StgValue>
</bind>
</comp>

<comp id="106" class="1001" name="const_106">
<pin_list>
<pin id="107" dir="1" index="0" bw="1" slack="0"/>
</pin_list>
<bind>
<StgValue><ssdm name=""/></StgValue>
</bind>
</comp>

<comp id="108" class="1001" name="const_108">
<pin_list>
<pin id="109" dir="1" index="0" bw="1" slack="0"/>
</pin_list>
<bind>
<StgValue><ssdm name=""/></StgValue>
</bind>
</comp>

<comp id="110" class="1001" name="const_110">
<pin_list>
<pin id="111" dir="1" index="0" bw="1" slack="0"/>
</pin_list>
<bind>
<StgValue><ssdm name=""/></StgValue>
</bind>
</comp>

<comp id="112" class="1001" name="const_112">
<pin_list>
<pin id="113" dir="1" index="0" bw="1" slack="0"/>
</pin_list>
<bind>
<StgValue><ssdm name=""/></StgValue>
</bind>
</comp>

<comp id="114" class="1001" name="const_114">
<pin_list>
<pin id="115" dir="1" index="0" bw="1" slack="0"/>
</pin_list>
<bind>
<StgValue><ssdm name=""/></StgValue>
</bind>
</comp>

<comp id="116" class="1001" name="const_116">
<pin_list>
<pin id="117" dir="1" index="0" bw="1" slack="0"/>
</pin_list>
<bind>
<StgValue><ssdm name=""/></StgValue>
</bind>
</comp>

<comp id="118" class="1001" name="const_118">
<pin_list>
<pin id="119" dir="1" index="0" bw="1" slack="0"/>
</pin_list>
<bind>
<StgValue><ssdm name=""/></StgValue>
</bind>
</comp>

<comp id="120" class="1001" name="const_120">
<pin_list>
<pin id="121" dir="1" index="0" bw="1" slack="0"/>
</pin_list>
<bind>
<StgValue><ssdm name=""/></StgValue>
</bind>
</comp>

<comp id="122" class="1001" name="const_122">
<pin_list>
<pin id="123" dir="1" index="0" bw="1" slack="0"/>
</pin_list>
<bind>
<StgValue><ssdm name=""/></StgValue>
</bind>
</comp>

<comp id="124" class="1001" name="const_124">
<pin_list>
<pin id="125" dir="1" index="0" bw="1" slack="0"/>
</pin_list>
<bind>
<StgValue><ssdm name=""/></StgValue>
</bind>
</comp>

<comp id="126" class="1001" name="const_126">
<pin_list>
<pin id="127" dir="1" index="0" bw="1" slack="0"/>
</pin_list>
<bind>
<StgValue><ssdm name=""/></StgValue>
</bind>
</comp>

<comp id="128" class="1001" name="const_128">
<pin_list>
<pin id="129" dir="1" index="0" bw="1" slack="0"/>
</pin_list>
<bind>
<StgValue><ssdm name=""/></StgValue>
</bind>
</comp>

<comp id="130" class="1001" name="const_130">
<pin_list>
<pin id="131" dir="1" index="0" bw="1" slack="0"/>
</pin_list>
<bind>
<StgValue><ssdm name=""/></StgValue>
</bind>
</comp>

<comp id="132" class="1001" name="const_132">
<pin_list>
<pin id="133" dir="1" index="0" bw="1" slack="0"/>
</pin_list>
<bind>
<StgValue><ssdm name=""/></StgValue>
</bind>
</comp>

<comp id="134" class="1001" name="const_134">
<pin_list>
<pin id="135" dir="1" index="0" bw="1" slack="0"/>
</pin_list>
<bind>
<StgValue><ssdm name=""/></StgValue>
</bind>
</comp>

<comp id="136" class="1001" name="const_136">
<pin_list>
<pin id="137" dir="1" index="0" bw="1" slack="0"/>
</pin_list>
<bind>
<StgValue><ssdm name=""/></StgValue>
</bind>
</comp>

<comp id="138" class="1001" name="const_138">
<pin_list>
<pin id="139" dir="1" index="0" bw="1" slack="0"/>
</pin_list>
<bind>
<StgValue><ssdm name=""/></StgValue>
</bind>
</comp>

<comp id="140" class="1001" name="const_140">
<pin_list>
<pin id="141" dir="1" index="0" bw="1" slack="0"/>
</pin_list>
<bind>
<StgValue><ssdm name=""/></StgValue>
</bind>
</comp>

<comp id="142" class="1001" name="const_142">
<pin_list>
<pin id="143" dir="1" index="0" bw="1" slack="0"/>
</pin_list>
<bind>
<StgValue><ssdm name=""/></StgValue>
</bind>
</comp>

<comp id="144" class="1001" name="const_144">
<pin_list>
<pin id="145" dir="1" index="0" bw="1" slack="0"/>
</pin_list>
<bind>
<StgValue><ssdm name=""/></StgValue>
</bind>
</comp>

<comp id="146" class="1001" name="const_146">
<pin_list>
<pin id="147" dir="1" index="0" bw="1" slack="0"/>
</pin_list>
<bind>
<StgValue><ssdm name=""/></StgValue>
</bind>
</comp>

<comp id="148" class="1001" name="const_148">
<pin_list>
<pin id="149" dir="1" index="0" bw="1" slack="0"/>
</pin_list>
<bind>
<StgValue><ssdm name="_ssdm_op_BitConcatenate.i24.i16.i8"/></StgValue>
</bind>
</comp>

<comp id="150" class="1001" name="const_150">
<pin_list>
<pin id="151" dir="1" index="0" bw="1" slack="0"/>
</pin_list>
<bind>
<StgValue><ssdm name=""/></StgValue>
</bind>
</comp>

<comp id="152" class="1001" name="const_152">
<pin_list>
<pin id="153" dir="1" index="0" bw="1" slack="0"/>
</pin_list>
<bind>
<StgValue><ssdm name="_ssdm_op_BitConcatenate.i20.i16.i4"/></StgValue>
</bind>
</comp>

<comp id="154" class="1001" name="const_154">
<pin_list>
<pin id="155" dir="1" index="0" bw="1" slack="0"/>
</pin_list>
<bind>
<StgValue><ssdm name=""/></StgValue>
</bind>
</comp>

<comp id="156" class="1001" name="const_156">
<pin_list>
<pin id="157" dir="1" index="0" bw="1" slack="0"/>
</pin_list>
<bind>
<StgValue><ssdm name=""/></StgValue>
</bind>
</comp>

<comp id="158" class="1001" name="const_158">
<pin_list>
<pin id="159" dir="1" index="0" bw="1" slack="0"/>
</pin_list>
<bind>
<StgValue><ssdm name=""/></StgValue>
</bind>
</comp>

<comp id="160" class="1001" name="const_160">
<pin_list>
<pin id="161" dir="1" index="0" bw="1" slack="0"/>
</pin_list>
<bind>
<StgValue><ssdm name="_ssdm_op_PartSelect.i12.i22.i32.i32"/></StgValue>
</bind>
</comp>

<comp id="162" class="1001" name="const_162">
<pin_list>
<pin id="163" dir="1" index="0" bw="1" slack="0"/>
</pin_list>
<bind>
<StgValue><ssdm name=""/></StgValue>
</bind>
</comp>

<comp id="164" class="1001" name="const_164">
<pin_list>
<pin id="165" dir="1" index="0" bw="1" slack="0"/>
</pin_list>
<bind>
<StgValue><ssdm name=""/></StgValue>
</bind>
</comp>

<comp id="166" class="1001" name="const_166">
<pin_list>
<pin id="167" dir="1" index="0" bw="1" slack="0"/>
</pin_list>
<bind>
<StgValue><ssdm name=""/></StgValue>
</bind>
</comp>

<comp id="168" class="1001" name="const_168">
<pin_list>
<pin id="169" dir="1" index="0" bw="1" slack="0"/>
</pin_list>
<bind>
<StgValue><ssdm name="_ssdm_op_BitConcatenate.i23.i16.i7"/></StgValue>
</bind>
</comp>

<comp id="170" class="1001" name="const_170">
<pin_list>
<pin id="171" dir="1" index="0" bw="1" slack="0"/>
</pin_list>
<bind>
<StgValue><ssdm name=""/></StgValue>
</bind>
</comp>

<comp id="172" class="1001" name="const_172">
<pin_list>
<pin id="173" dir="1" index="0" bw="1" slack="0"/>
</pin_list>
<bind>
<StgValue><ssdm name=""/></StgValue>
</bind>
</comp>

<comp id="174" class="1001" name="const_174">
<pin_list>
<pin id="175" dir="1" index="0" bw="1" slack="0"/>
</pin_list>
<bind>
<StgValue><ssdm name=""/></StgValue>
</bind>
</comp>

<comp id="176" class="1001" name="const_176">
<pin_list>
<pin id="177" dir="1" index="0" bw="1" slack="0"/>
</pin_list>
<bind>
<StgValue><ssdm name=""/></StgValue>
</bind>
</comp>

<comp id="178" class="1001" name="const_178">
<pin_list>
<pin id="179" dir="1" index="0" bw="1" slack="0"/>
</pin_list>
<bind>
<StgValue><ssdm name=""/></StgValue>
</bind>
</comp>

<comp id="180" class="1001" name="const_180">
<pin_list>
<pin id="181" dir="1" index="0" bw="1" slack="0"/>
</pin_list>
<bind>
<StgValue><ssdm name=""/></StgValue>
</bind>
</comp>

<comp id="182" class="1001" name="const_182">
<pin_list>
<pin id="183" dir="1" index="0" bw="1" slack="0"/>
</pin_list>
<bind>
<StgValue><ssdm name="_ssdm_op_BitConcatenate.i19.i16.i3"/></StgValue>
</bind>
</comp>

<comp id="184" class="1001" name="const_184">
<pin_list>
<pin id="185" dir="1" index="0" bw="1" slack="0"/>
</pin_list>
<bind>
<StgValue><ssdm name=""/></StgValue>
</bind>
</comp>

<comp id="186" class="1001" name="const_186">
<pin_list>
<pin id="187" dir="1" index="0" bw="1" slack="0"/>
</pin_list>
<bind>
<StgValue><ssdm name="_ssdm_op_BitConcatenate.i17.i16.i1"/></StgValue>
</bind>
</comp>

<comp id="188" class="1001" name="const_188">
<pin_list>
<pin id="189" dir="1" index="0" bw="1" slack="0"/>
</pin_list>
<bind>
<StgValue><ssdm name=""/></StgValue>
</bind>
</comp>

<comp id="190" class="1001" name="const_190">
<pin_list>
<pin id="191" dir="1" index="0" bw="1" slack="0"/>
</pin_list>
<bind>
<StgValue><ssdm name="_ssdm_op_PartSelect.i10.i20.i32.i32"/></StgValue>
</bind>
</comp>

<comp id="192" class="1001" name="const_192">
<pin_list>
<pin id="193" dir="1" index="0" bw="1" slack="0"/>
</pin_list>
<bind>
<StgValue><ssdm name=""/></StgValue>
</bind>
</comp>

<comp id="194" class="1001" name="const_194">
<pin_list>
<pin id="195" dir="1" index="0" bw="1" slack="0"/>
</pin_list>
<bind>
<StgValue><ssdm name=""/></StgValue>
</bind>
</comp>

<comp id="196" class="1001" name="const_196">
<pin_list>
<pin id="197" dir="1" index="0" bw="1" slack="0"/>
</pin_list>
<bind>
<StgValue><ssdm name=""/></StgValue>
</bind>
</comp>

<comp id="198" class="1001" name="const_198">
<pin_list>
<pin id="199" dir="1" index="0" bw="1" slack="0"/>
</pin_list>
<bind>
<StgValue><ssdm name=""/></StgValue>
</bind>
</comp>

<comp id="200" class="1001" name="const_200">
<pin_list>
<pin id="201" dir="1" index="0" bw="1" slack="0"/>
</pin_list>
<bind>
<StgValue><ssdm name=""/></StgValue>
</bind>
</comp>

<comp id="202" class="1001" name="const_202">
<pin_list>
<pin id="203" dir="1" index="0" bw="1" slack="0"/>
</pin_list>
<bind>
<StgValue><ssdm name=""/></StgValue>
</bind>
</comp>

<comp id="204" class="1001" name="const_204">
<pin_list>
<pin id="205" dir="1" index="0" bw="1" slack="0"/>
</pin_list>
<bind>
<StgValue><ssdm name=""/></StgValue>
</bind>
</comp>

<comp id="206" class="1001" name="const_206">
<pin_list>
<pin id="207" dir="1" index="0" bw="1" slack="0"/>
</pin_list>
<bind>
<StgValue><ssdm name=""/></StgValue>
</bind>
</comp>

<comp id="208" class="1001" name="const_208">
<pin_list>
<pin id="209" dir="1" index="0" bw="1" slack="0"/>
</pin_list>
<bind>
<StgValue><ssdm name=""/></StgValue>
</bind>
</comp>

<comp id="210" class="1001" name="const_210">
<pin_list>
<pin id="211" dir="1" index="0" bw="1" slack="0"/>
</pin_list>
<bind>
<StgValue><ssdm name=""/></StgValue>
</bind>
</comp>

<comp id="212" class="1001" name="const_212">
<pin_list>
<pin id="213" dir="1" index="0" bw="1" slack="0"/>
</pin_list>
<bind>
<StgValue><ssdm name=""/></StgValue>
</bind>
</comp>

<comp id="214" class="1001" name="const_214">
<pin_list>
<pin id="215" dir="1" index="0" bw="1" slack="0"/>
</pin_list>
<bind>
<StgValue><ssdm name=""/></StgValue>
</bind>
</comp>

<comp id="216" class="1001" name="const_216">
<pin_list>
<pin id="217" dir="1" index="0" bw="1" slack="0"/>
</pin_list>
<bind>
<StgValue><ssdm name=""/></StgValue>
</bind>
</comp>

<comp id="218" class="1001" name="const_218">
<pin_list>
<pin id="219" dir="1" index="0" bw="1" slack="0"/>
</pin_list>
<bind>
<StgValue><ssdm name=""/></StgValue>
</bind>
</comp>

<comp id="220" class="1001" name="const_220">
<pin_list>
<pin id="221" dir="1" index="0" bw="1" slack="0"/>
</pin_list>
<bind>
<StgValue><ssdm name=""/></StgValue>
</bind>
</comp>

<comp id="222" class="1001" name="const_222">
<pin_list>
<pin id="223" dir="1" index="0" bw="1" slack="0"/>
</pin_list>
<bind>
<StgValue><ssdm name=""/></StgValue>
</bind>
</comp>

<comp id="224" class="1001" name="const_224">
<pin_list>
<pin id="225" dir="1" index="0" bw="1" slack="0"/>
</pin_list>
<bind>
<StgValue><ssdm name=""/></StgValue>
</bind>
</comp>

<comp id="226" class="1001" name="const_226">
<pin_list>
<pin id="227" dir="1" index="0" bw="1" slack="0"/>
</pin_list>
<bind>
<StgValue><ssdm name=""/></StgValue>
</bind>
</comp>

<comp id="228" class="1001" name="const_228">
<pin_list>
<pin id="229" dir="1" index="0" bw="1" slack="0"/>
</pin_list>
<bind>
<StgValue><ssdm name="_ssdm_op_BitConcatenate.i25.i16.i9"/></StgValue>
</bind>
</comp>

<comp id="230" class="1001" name="const_230">
<pin_list>
<pin id="231" dir="1" index="0" bw="1" slack="0"/>
</pin_list>
<bind>
<StgValue><ssdm name=""/></StgValue>
</bind>
</comp>

<comp id="232" class="1001" name="const_232">
<pin_list>
<pin id="233" dir="1" index="0" bw="1" slack="0"/>
</pin_list>
<bind>
<StgValue><ssdm name="_ssdm_op_BitConcatenate.i21.i16.i5"/></StgValue>
</bind>
</comp>

<comp id="234" class="1001" name="const_234">
<pin_list>
<pin id="235" dir="1" index="0" bw="1" slack="0"/>
</pin_list>
<bind>
<StgValue><ssdm name=""/></StgValue>
</bind>
</comp>

<comp id="236" class="1001" name="const_236">
<pin_list>
<pin id="237" dir="1" index="0" bw="1" slack="0"/>
</pin_list>
<bind>
<StgValue><ssdm name=""/></StgValue>
</bind>
</comp>

<comp id="238" class="1001" name="const_238">
<pin_list>
<pin id="239" dir="1" index="0" bw="1" slack="0"/>
</pin_list>
<bind>
<StgValue><ssdm name=""/></StgValue>
</bind>
</comp>

<comp id="240" class="1001" name="const_240">
<pin_list>
<pin id="241" dir="1" index="0" bw="1" slack="0"/>
</pin_list>
<bind>
<StgValue><ssdm name=""/></StgValue>
</bind>
</comp>

<comp id="242" class="1001" name="const_242">
<pin_list>
<pin id="243" dir="1" index="0" bw="1" slack="0"/>
</pin_list>
<bind>
<StgValue><ssdm name=""/></StgValue>
</bind>
</comp>

<comp id="244" class="1001" name="const_244">
<pin_list>
<pin id="245" dir="1" index="0" bw="1" slack="0"/>
</pin_list>
<bind>
<StgValue><ssdm name=""/></StgValue>
</bind>
</comp>

<comp id="246" class="1001" name="const_246">
<pin_list>
<pin id="247" dir="1" index="0" bw="1" slack="0"/>
</pin_list>
<bind>
<StgValue><ssdm name=""/></StgValue>
</bind>
</comp>

<comp id="248" class="1001" name="const_248">
<pin_list>
<pin id="249" dir="1" index="0" bw="1" slack="0"/>
</pin_list>
<bind>
<StgValue><ssdm name=""/></StgValue>
</bind>
</comp>

<comp id="250" class="1001" name="const_250">
<pin_list>
<pin id="251" dir="1" index="0" bw="1" slack="0"/>
</pin_list>
<bind>
<StgValue><ssdm name=""/></StgValue>
</bind>
</comp>

<comp id="252" class="1001" name="const_252">
<pin_list>
<pin id="253" dir="1" index="0" bw="1" slack="0"/>
</pin_list>
<bind>
<StgValue><ssdm name=""/></StgValue>
</bind>
</comp>

<comp id="254" class="1001" name="const_254">
<pin_list>
<pin id="255" dir="1" index="0" bw="1" slack="0"/>
</pin_list>
<bind>
<StgValue><ssdm name=""/></StgValue>
</bind>
</comp>

<comp id="256" class="1001" name="const_256">
<pin_list>
<pin id="257" dir="1" index="0" bw="1" slack="0"/>
</pin_list>
<bind>
<StgValue><ssdm name=""/></StgValue>
</bind>
</comp>

<comp id="258" class="1001" name="const_258">
<pin_list>
<pin id="259" dir="1" index="0" bw="1" slack="0"/>
</pin_list>
<bind>
<StgValue><ssdm name=""/></StgValue>
</bind>
</comp>

<comp id="260" class="1001" name="const_260">
<pin_list>
<pin id="261" dir="1" index="0" bw="1" slack="0"/>
</pin_list>
<bind>
<StgValue><ssdm name=""/></StgValue>
</bind>
</comp>

<comp id="262" class="1001" name="const_262">
<pin_list>
<pin id="263" dir="1" index="0" bw="1" slack="0"/>
</pin_list>
<bind>
<StgValue><ssdm name=""/></StgValue>
</bind>
</comp>

<comp id="264" class="1001" name="const_264">
<pin_list>
<pin id="265" dir="1" index="0" bw="1" slack="0"/>
</pin_list>
<bind>
<StgValue><ssdm name="_ssdm_op_PartSelect.i8.i18.i32.i32"/></StgValue>
</bind>
</comp>

<comp id="266" class="1001" name="const_266">
<pin_list>
<pin id="267" dir="1" index="0" bw="1" slack="0"/>
</pin_list>
<bind>
<StgValue><ssdm name=""/></StgValue>
</bind>
</comp>

<comp id="268" class="1001" name="const_268">
<pin_list>
<pin id="269" dir="1" index="0" bw="1" slack="0"/>
</pin_list>
<bind>
<StgValue><ssdm name=""/></StgValue>
</bind>
</comp>

<comp id="270" class="1001" name="const_270">
<pin_list>
<pin id="271" dir="1" index="0" bw="1" slack="0"/>
</pin_list>
<bind>
<StgValue><ssdm name=""/></StgValue>
</bind>
</comp>

<comp id="272" class="1001" name="const_272">
<pin_list>
<pin id="273" dir="1" index="0" bw="1" slack="0"/>
</pin_list>
<bind>
<StgValue><ssdm name=""/></StgValue>
</bind>
</comp>

<comp id="274" class="1001" name="const_274">
<pin_list>
<pin id="275" dir="1" index="0" bw="1" slack="0"/>
</pin_list>
<bind>
<StgValue><ssdm name=""/></StgValue>
</bind>
</comp>

<comp id="276" class="1001" name="const_276">
<pin_list>
<pin id="277" dir="1" index="0" bw="1" slack="0"/>
</pin_list>
<bind>
<StgValue><ssdm name=""/></StgValue>
</bind>
</comp>

<comp id="278" class="1001" name="const_278">
<pin_list>
<pin id="279" dir="1" index="0" bw="1" slack="0"/>
</pin_list>
<bind>
<StgValue><ssdm name=""/></StgValue>
</bind>
</comp>

<comp id="280" class="1001" name="const_280">
<pin_list>
<pin id="281" dir="1" index="0" bw="1" slack="0"/>
</pin_list>
<bind>
<StgValue><ssdm name=""/></StgValue>
</bind>
</comp>

<comp id="282" class="1001" name="const_282">
<pin_list>
<pin id="283" dir="1" index="0" bw="1" slack="0"/>
</pin_list>
<bind>
<StgValue><ssdm name="_ssdm_op_PartSelect.i11.i21.i32.i32"/></StgValue>
</bind>
</comp>

<comp id="284" class="1001" name="const_284">
<pin_list>
<pin id="285" dir="1" index="0" bw="1" slack="0"/>
</pin_list>
<bind>
<StgValue><ssdm name=""/></StgValue>
</bind>
</comp>

<comp id="286" class="1001" name="const_286">
<pin_list>
<pin id="287" dir="1" index="0" bw="1" slack="0"/>
</pin_list>
<bind>
<StgValue><ssdm name=""/></StgValue>
</bind>
</comp>

<comp id="288" class="1001" name="const_288">
<pin_list>
<pin id="289" dir="1" index="0" bw="1" slack="0"/>
</pin_list>
<bind>
<StgValue><ssdm name=""/></StgValue>
</bind>
</comp>

<comp id="290" class="1001" name="const_290">
<pin_list>
<pin id="291" dir="1" index="0" bw="1" slack="0"/>
</pin_list>
<bind>
<StgValue><ssdm name=""/></StgValue>
</bind>
</comp>

<comp id="292" class="1001" name="const_292">
<pin_list>
<pin id="293" dir="1" index="0" bw="1" slack="0"/>
</pin_list>
<bind>
<StgValue><ssdm name=""/></StgValue>
</bind>
</comp>

<comp id="294" class="1001" name="const_294">
<pin_list>
<pin id="295" dir="1" index="0" bw="1" slack="0"/>
</pin_list>
<bind>
<StgValue><ssdm name=""/></StgValue>
</bind>
</comp>

<comp id="296" class="1001" name="const_296">
<pin_list>
<pin id="297" dir="1" index="0" bw="1" slack="0"/>
</pin_list>
<bind>
<StgValue><ssdm name=""/></StgValue>
</bind>
</comp>

<comp id="298" class="1001" name="const_298">
<pin_list>
<pin id="299" dir="1" index="0" bw="1" slack="0"/>
</pin_list>
<bind>
<StgValue><ssdm name=""/></StgValue>
</bind>
</comp>

<comp id="300" class="1001" name="const_300">
<pin_list>
<pin id="301" dir="1" index="0" bw="1" slack="0"/>
</pin_list>
<bind>
<StgValue><ssdm name=""/></StgValue>
</bind>
</comp>

<comp id="302" class="1001" name="const_302">
<pin_list>
<pin id="303" dir="1" index="0" bw="1" slack="0"/>
</pin_list>
<bind>
<StgValue><ssdm name=""/></StgValue>
</bind>
</comp>

<comp id="304" class="1001" name="const_304">
<pin_list>
<pin id="305" dir="1" index="0" bw="1" slack="0"/>
</pin_list>
<bind>
<StgValue><ssdm name=""/></StgValue>
</bind>
</comp>

<comp id="306" class="1001" name="const_306">
<pin_list>
<pin id="307" dir="1" index="0" bw="1" slack="0"/>
</pin_list>
<bind>
<StgValue><ssdm name="_ssdm_op_PartSelect.i7.i17.i32.i32"/></StgValue>
</bind>
</comp>

<comp id="308" class="1001" name="const_308">
<pin_list>
<pin id="309" dir="1" index="0" bw="1" slack="0"/>
</pin_list>
<bind>
<StgValue><ssdm name=""/></StgValue>
</bind>
</comp>

<comp id="310" class="1001" name="const_310">
<pin_list>
<pin id="311" dir="1" index="0" bw="1" slack="0"/>
</pin_list>
<bind>
<StgValue><ssdm name=""/></StgValue>
</bind>
</comp>

<comp id="312" class="1001" name="const_312">
<pin_list>
<pin id="313" dir="1" index="0" bw="1" slack="0"/>
</pin_list>
<bind>
<StgValue><ssdm name=""/></StgValue>
</bind>
</comp>

<comp id="314" class="1001" name="const_314">
<pin_list>
<pin id="315" dir="1" index="0" bw="1" slack="0"/>
</pin_list>
<bind>
<StgValue><ssdm name=""/></StgValue>
</bind>
</comp>

<comp id="316" class="1001" name="const_316">
<pin_list>
<pin id="317" dir="1" index="0" bw="1" slack="0"/>
</pin_list>
<bind>
<StgValue><ssdm name=""/></StgValue>
</bind>
</comp>

<comp id="318" class="1001" name="const_318">
<pin_list>
<pin id="319" dir="1" index="0" bw="1" slack="0"/>
</pin_list>
<bind>
<StgValue><ssdm name=""/></StgValue>
</bind>
</comp>

<comp id="320" class="1001" name="const_320">
<pin_list>
<pin id="321" dir="1" index="0" bw="1" slack="0"/>
</pin_list>
<bind>
<StgValue><ssdm name=""/></StgValue>
</bind>
</comp>

<comp id="322" class="1001" name="const_322">
<pin_list>
<pin id="323" dir="1" index="0" bw="1" slack="0"/>
</pin_list>
<bind>
<StgValue><ssdm name="_ssdm_op_BitConcatenate.i26.i16.i10"/></StgValue>
</bind>
</comp>

<comp id="324" class="1001" name="const_324">
<pin_list>
<pin id="325" dir="1" index="0" bw="1" slack="0"/>
</pin_list>
<bind>
<StgValue><ssdm name=""/></StgValue>
</bind>
</comp>

<comp id="326" class="1001" name="const_326">
<pin_list>
<pin id="327" dir="1" index="0" bw="1" slack="0"/>
</pin_list>
<bind>
<StgValue><ssdm name=""/></StgValue>
</bind>
</comp>

<comp id="328" class="1001" name="const_328">
<pin_list>
<pin id="329" dir="1" index="0" bw="1" slack="0"/>
</pin_list>
<bind>
<StgValue><ssdm name=""/></StgValue>
</bind>
</comp>

<comp id="330" class="1001" name="const_330">
<pin_list>
<pin id="331" dir="1" index="0" bw="1" slack="0"/>
</pin_list>
<bind>
<StgValue><ssdm name=""/></StgValue>
</bind>
</comp>

<comp id="332" class="1001" name="const_332">
<pin_list>
<pin id="333" dir="1" index="0" bw="1" slack="0"/>
</pin_list>
<bind>
<StgValue><ssdm name=""/></StgValue>
</bind>
</comp>

<comp id="334" class="1001" name="const_334">
<pin_list>
<pin id="335" dir="1" index="0" bw="1" slack="0"/>
</pin_list>
<bind>
<StgValue><ssdm name=""/></StgValue>
</bind>
</comp>

<comp id="336" class="1001" name="const_336">
<pin_list>
<pin id="337" dir="1" index="0" bw="1" slack="0"/>
</pin_list>
<bind>
<StgValue><ssdm name=""/></StgValue>
</bind>
</comp>

<comp id="338" class="1001" name="const_338">
<pin_list>
<pin id="339" dir="1" index="0" bw="1" slack="0"/>
</pin_list>
<bind>
<StgValue><ssdm name=""/></StgValue>
</bind>
</comp>

<comp id="340" class="1001" name="const_340">
<pin_list>
<pin id="341" dir="1" index="0" bw="1" slack="0"/>
</pin_list>
<bind>
<StgValue><ssdm name=""/></StgValue>
</bind>
</comp>

<comp id="342" class="1001" name="const_342">
<pin_list>
<pin id="343" dir="1" index="0" bw="1" slack="0"/>
</pin_list>
<bind>
<StgValue><ssdm name=""/></StgValue>
</bind>
</comp>

<comp id="344" class="1001" name="const_344">
<pin_list>
<pin id="345" dir="1" index="0" bw="1" slack="0"/>
</pin_list>
<bind>
<StgValue><ssdm name=""/></StgValue>
</bind>
</comp>

<comp id="346" class="1001" name="const_346">
<pin_list>
<pin id="347" dir="1" index="0" bw="1" slack="0"/>
</pin_list>
<bind>
<StgValue><ssdm name=""/></StgValue>
</bind>
</comp>

<comp id="348" class="1001" name="const_348">
<pin_list>
<pin id="349" dir="1" index="0" bw="1" slack="0"/>
</pin_list>
<bind>
<StgValue><ssdm name=""/></StgValue>
</bind>
</comp>

<comp id="350" class="1001" name="const_350">
<pin_list>
<pin id="351" dir="1" index="0" bw="1" slack="0"/>
</pin_list>
<bind>
<StgValue><ssdm name=""/></StgValue>
</bind>
</comp>

<comp id="352" class="1001" name="const_352">
<pin_list>
<pin id="353" dir="1" index="0" bw="1" slack="0"/>
</pin_list>
<bind>
<StgValue><ssdm name=""/></StgValue>
</bind>
</comp>

<comp id="354" class="1001" name="const_354">
<pin_list>
<pin id="355" dir="1" index="0" bw="1" slack="0"/>
</pin_list>
<bind>
<StgValue><ssdm name=""/></StgValue>
</bind>
</comp>

<comp id="356" class="1001" name="const_356">
<pin_list>
<pin id="357" dir="1" index="0" bw="1" slack="0"/>
</pin_list>
<bind>
<StgValue><ssdm name=""/></StgValue>
</bind>
</comp>

<comp id="358" class="1001" name="const_358">
<pin_list>
<pin id="359" dir="1" index="0" bw="1" slack="0"/>
</pin_list>
<bind>
<StgValue><ssdm name=""/></StgValue>
</bind>
</comp>

<comp id="360" class="1001" name="const_360">
<pin_list>
<pin id="361" dir="1" index="0" bw="1" slack="0"/>
</pin_list>
<bind>
<StgValue><ssdm name=""/></StgValue>
</bind>
</comp>

<comp id="362" class="1001" name="const_362">
<pin_list>
<pin id="363" dir="1" index="0" bw="1" slack="0"/>
</pin_list>
<bind>
<StgValue><ssdm name=""/></StgValue>
</bind>
</comp>

<comp id="364" class="1001" name="const_364">
<pin_list>
<pin id="365" dir="1" index="0" bw="1" slack="0"/>
</pin_list>
<bind>
<StgValue><ssdm name=""/></StgValue>
</bind>
</comp>

<comp id="366" class="1001" name="const_366">
<pin_list>
<pin id="367" dir="1" index="0" bw="1" slack="0"/>
</pin_list>
<bind>
<StgValue><ssdm name=""/></StgValue>
</bind>
</comp>

<comp id="368" class="1001" name="const_368">
<pin_list>
<pin id="369" dir="1" index="0" bw="1" slack="0"/>
</pin_list>
<bind>
<StgValue><ssdm name=""/></StgValue>
</bind>
</comp>

<comp id="370" class="1001" name="const_370">
<pin_list>
<pin id="371" dir="1" index="0" bw="1" slack="0"/>
</pin_list>
<bind>
<StgValue><ssdm name=""/></StgValue>
</bind>
</comp>

<comp id="372" class="1001" name="const_372">
<pin_list>
<pin id="373" dir="1" index="0" bw="1" slack="0"/>
</pin_list>
<bind>
<StgValue><ssdm name=""/></StgValue>
</bind>
</comp>

<comp id="374" class="1001" name="const_374">
<pin_list>
<pin id="375" dir="1" index="0" bw="1" slack="0"/>
</pin_list>
<bind>
<StgValue><ssdm name=""/></StgValue>
</bind>
</comp>

<comp id="376" class="1001" name="const_376">
<pin_list>
<pin id="377" dir="1" index="0" bw="1" slack="0"/>
</pin_list>
<bind>
<StgValue><ssdm name=""/></StgValue>
</bind>
</comp>

<comp id="378" class="1001" name="const_378">
<pin_list>
<pin id="379" dir="1" index="0" bw="1" slack="0"/>
</pin_list>
<bind>
<StgValue><ssdm name=""/></StgValue>
</bind>
</comp>

<comp id="380" class="1001" name="const_380">
<pin_list>
<pin id="381" dir="1" index="0" bw="1" slack="0"/>
</pin_list>
<bind>
<StgValue><ssdm name=""/></StgValue>
</bind>
</comp>

<comp id="382" class="1001" name="const_382">
<pin_list>
<pin id="383" dir="1" index="0" bw="1" slack="0"/>
</pin_list>
<bind>
<StgValue><ssdm name=""/></StgValue>
</bind>
</comp>

<comp id="384" class="1001" name="const_384">
<pin_list>
<pin id="385" dir="1" index="0" bw="1" slack="0"/>
</pin_list>
<bind>
<StgValue><ssdm name=""/></StgValue>
</bind>
</comp>

<comp id="386" class="1001" name="const_386">
<pin_list>
<pin id="387" dir="1" index="0" bw="1" slack="0"/>
</pin_list>
<bind>
<StgValue><ssdm name=""/></StgValue>
</bind>
</comp>

<comp id="388" class="1001" name="const_388">
<pin_list>
<pin id="389" dir="1" index="0" bw="1" slack="0"/>
</pin_list>
<bind>
<StgValue><ssdm name=""/></StgValue>
</bind>
</comp>

<comp id="390" class="1001" name="const_390">
<pin_list>
<pin id="391" dir="1" index="0" bw="1" slack="0"/>
</pin_list>
<bind>
<StgValue><ssdm name=""/></StgValue>
</bind>
</comp>

<comp id="392" class="1001" name="const_392">
<pin_list>
<pin id="393" dir="1" index="0" bw="1" slack="0"/>
</pin_list>
<bind>
<StgValue><ssdm name=""/></StgValue>
</bind>
</comp>

<comp id="394" class="1001" name="const_394">
<pin_list>
<pin id="395" dir="1" index="0" bw="1" slack="0"/>
</pin_list>
<bind>
<StgValue><ssdm name=""/></StgValue>
</bind>
</comp>

<comp id="396" class="1001" name="const_396">
<pin_list>
<pin id="397" dir="1" index="0" bw="1" slack="0"/>
</pin_list>
<bind>
<StgValue><ssdm name=""/></StgValue>
</bind>
</comp>

<comp id="398" class="1001" name="const_398">
<pin_list>
<pin id="399" dir="1" index="0" bw="1" slack="0"/>
</pin_list>
<bind>
<StgValue><ssdm name=""/></StgValue>
</bind>
</comp>

<comp id="400" class="1001" name="const_400">
<pin_list>
<pin id="401" dir="1" index="0" bw="1" slack="2147483647"/>
</pin_list>
<bind>
<StgValue><ssdm name="_ssdm_op_SpecPipeline"/></StgValue>
</bind>
</comp>

<comp id="402" class="1001" name="const_402">
<pin_list>
<pin id="403" dir="1" index="0" bw="1" slack="2147483647"/>
</pin_list>
<bind>
<StgValue><ssdm name=""/></StgValue>
</bind>
</comp>

<comp id="404" class="1001" name="const_404">
<pin_list>
<pin id="405" dir="1" index="0" bw="1" slack="2147483647"/>
</pin_list>
<bind>
<StgValue><ssdm name=""/></StgValue>
</bind>
</comp>

<comp id="406" class="1001" name="const_406">
<pin_list>
<pin id="407" dir="1" index="0" bw="1" slack="2147483647"/>
</pin_list>
<bind>
<StgValue><ssdm name="empty_1"/></StgValue>
</bind>
</comp>

<comp id="408" class="1001" name="const_408">
<pin_list>
<pin id="409" dir="1" index="0" bw="1" slack="2147483647"/>
</pin_list>
<bind>
<StgValue><ssdm name="_ssdm_op_SpecResourceLimit"/></StgValue>
</bind>
</comp>

<comp id="410" class="1001" name="const_410">
<pin_list>
<pin id="411" dir="1" index="0" bw="1" slack="2147483647"/>
</pin_list>
<bind>
<StgValue><ssdm name=""/></StgValue>
</bind>
</comp>

<comp id="412" class="1001" name="const_412">
<pin_list>
<pin id="413" dir="1" index="0" bw="1" slack="2147483647"/>
</pin_list>
<bind>
<StgValue><ssdm name="empty_7"/></StgValue>
</bind>
</comp>

<comp id="414" class="1001" name="const_414">
<pin_list>
<pin id="415" dir="1" index="0" bw="1" slack="0"/>
</pin_list>
<bind>
<StgValue><ssdm name=""/></StgValue>
</bind>
</comp>

<comp id="416" class="1004" name="p_read3163_read_fu_416">
<pin_list>
<pin id="417" dir="0" index="0" bw="16" slack="0"/>
<pin id="418" dir="0" index="1" bw="16" slack="0"/>
<pin id="419" dir="1" index="2" bw="16" slack="0"/>
</pin_list>
<bind>
<opcode="read(1150) " fcode="read"/>
<opset="p_read3163/1 "/>
</bind>
</comp>

<comp id="422" class="1004" name="p_read3062_read_fu_422">
<pin_list>
<pin id="423" dir="0" index="0" bw="16" slack="0"/>
<pin id="424" dir="0" index="1" bw="16" slack="0"/>
<pin id="425" dir="1" index="2" bw="16" slack="0"/>
</pin_list>
<bind>
<opcode="read(1150) " fcode="read"/>
<opset="p_read3062/1 "/>
</bind>
</comp>

<comp id="428" class="1004" name="p_read_175_read_fu_428">
<pin_list>
<pin id="429" dir="0" index="0" bw="16" slack="0"/>
<pin id="430" dir="0" index="1" bw="16" slack="0"/>
<pin id="431" dir="1" index="2" bw="16" slack="0"/>
</pin_list>
<bind>
<opcode="read(1150) " fcode="read"/>
<opset="p_read_175/1 "/>
</bind>
</comp>

<comp id="434" class="1004" name="p_read_176_read_fu_434">
<pin_list>
<pin id="435" dir="0" index="0" bw="16" slack="0"/>
<pin id="436" dir="0" index="1" bw="16" slack="0"/>
<pin id="437" dir="1" index="2" bw="16" slack="0"/>
</pin_list>
<bind>
<opcode="read(1150) " fcode="read"/>
<opset="p_read_176/1 "/>
</bind>
</comp>

<comp id="440" class="1004" name="p_read_177_read_fu_440">
<pin_list>
<pin id="441" dir="0" index="0" bw="16" slack="0"/>
<pin id="442" dir="0" index="1" bw="16" slack="0"/>
<pin id="443" dir="1" index="2" bw="16" slack="0"/>
</pin_list>
<bind>
<opcode="read(1150) " fcode="read"/>
<opset="p_read_177/1 "/>
</bind>
</comp>

<comp id="446" class="1004" name="p_read_178_read_fu_446">
<pin_list>
<pin id="447" dir="0" index="0" bw="16" slack="0"/>
<pin id="448" dir="0" index="1" bw="16" slack="0"/>
<pin id="449" dir="1" index="2" bw="16" slack="0"/>
</pin_list>
<bind>
<opcode="read(1150) " fcode="read"/>
<opset="p_read_178/1 "/>
</bind>
</comp>

<comp id="452" class="1004" name="p_read_179_read_fu_452">
<pin_list>
<pin id="453" dir="0" index="0" bw="16" slack="0"/>
<pin id="454" dir="0" index="1" bw="16" slack="0"/>
<pin id="455" dir="1" index="2" bw="16" slack="0"/>
</pin_list>
<bind>
<opcode="read(1150) " fcode="read"/>
<opset="p_read_179/1 "/>
</bind>
</comp>

<comp id="458" class="1004" name="p_read_180_read_fu_458">
<pin_list>
<pin id="459" dir="0" index="0" bw="16" slack="0"/>
<pin id="460" dir="0" index="1" bw="16" slack="0"/>
<pin id="461" dir="1" index="2" bw="16" slack="0"/>
</pin_list>
<bind>
<opcode="read(1150) " fcode="read"/>
<opset="p_read_180/1 "/>
</bind>
</comp>

<comp id="464" class="1004" name="p_read_181_read_fu_464">
<pin_list>
<pin id="465" dir="0" index="0" bw="16" slack="0"/>
<pin id="466" dir="0" index="1" bw="16" slack="0"/>
<pin id="467" dir="1" index="2" bw="16" slack="0"/>
</pin_list>
<bind>
<opcode="read(1150) " fcode="read"/>
<opset="p_read_181/1 "/>
</bind>
</comp>

<comp id="470" class="1004" name="p_read_182_read_fu_470">
<pin_list>
<pin id="471" dir="0" index="0" bw="16" slack="0"/>
<pin id="472" dir="0" index="1" bw="16" slack="0"/>
<pin id="473" dir="1" index="2" bw="16" slack="0"/>
</pin_list>
<bind>
<opcode="read(1150) " fcode="read"/>
<opset="p_read_182/1 "/>
</bind>
</comp>

<comp id="476" class="1004" name="p_read2153_read_fu_476">
<pin_list>
<pin id="477" dir="0" index="0" bw="16" slack="0"/>
<pin id="478" dir="0" index="1" bw="16" slack="0"/>
<pin id="479" dir="1" index="2" bw="16" slack="0"/>
</pin_list>
<bind>
<opcode="read(1150) " fcode="read"/>
<opset="p_read2153/1 "/>
</bind>
</comp>

<comp id="482" class="1004" name="p_read2052_read_fu_482">
<pin_list>
<pin id="483" dir="0" index="0" bw="16" slack="0"/>
<pin id="484" dir="0" index="1" bw="16" slack="0"/>
<pin id="485" dir="1" index="2" bw="16" slack="0"/>
</pin_list>
<bind>
<opcode="read(1150) " fcode="read"/>
<opset="p_read2052/1 "/>
</bind>
</comp>

<comp id="488" class="1004" name="p_read_183_read_fu_488">
<pin_list>
<pin id="489" dir="0" index="0" bw="16" slack="0"/>
<pin id="490" dir="0" index="1" bw="16" slack="0"/>
<pin id="491" dir="1" index="2" bw="16" slack="0"/>
</pin_list>
<bind>
<opcode="read(1150) " fcode="read"/>
<opset="p_read_183/1 "/>
</bind>
</comp>

<comp id="494" class="1004" name="p_read_184_read_fu_494">
<pin_list>
<pin id="495" dir="0" index="0" bw="16" slack="0"/>
<pin id="496" dir="0" index="1" bw="16" slack="0"/>
<pin id="497" dir="1" index="2" bw="16" slack="0"/>
</pin_list>
<bind>
<opcode="read(1150) " fcode="read"/>
<opset="p_read_184/1 "/>
</bind>
</comp>

<comp id="500" class="1004" name="p_read_185_read_fu_500">
<pin_list>
<pin id="501" dir="0" index="0" bw="16" slack="0"/>
<pin id="502" dir="0" index="1" bw="16" slack="0"/>
<pin id="503" dir="1" index="2" bw="16" slack="0"/>
</pin_list>
<bind>
<opcode="read(1150) " fcode="read"/>
<opset="p_read_185/1 "/>
</bind>
</comp>

<comp id="506" class="1004" name="p_read_186_read_fu_506">
<pin_list>
<pin id="507" dir="0" index="0" bw="16" slack="0"/>
<pin id="508" dir="0" index="1" bw="16" slack="0"/>
<pin id="509" dir="1" index="2" bw="16" slack="0"/>
</pin_list>
<bind>
<opcode="read(1150) " fcode="read"/>
<opset="p_read_186/1 "/>
</bind>
</comp>

<comp id="512" class="1004" name="p_read_187_read_fu_512">
<pin_list>
<pin id="513" dir="0" index="0" bw="16" slack="0"/>
<pin id="514" dir="0" index="1" bw="16" slack="0"/>
<pin id="515" dir="1" index="2" bw="16" slack="0"/>
</pin_list>
<bind>
<opcode="read(1150) " fcode="read"/>
<opset="p_read_187/1 "/>
</bind>
</comp>

<comp id="518" class="1004" name="p_read_188_read_fu_518">
<pin_list>
<pin id="519" dir="0" index="0" bw="16" slack="0"/>
<pin id="520" dir="0" index="1" bw="16" slack="0"/>
<pin id="521" dir="1" index="2" bw="16" slack="0"/>
</pin_list>
<bind>
<opcode="read(1150) " fcode="read"/>
<opset="p_read_188/1 "/>
</bind>
</comp>

<comp id="524" class="1004" name="p_read_189_read_fu_524">
<pin_list>
<pin id="525" dir="0" index="0" bw="16" slack="0"/>
<pin id="526" dir="0" index="1" bw="16" slack="0"/>
<pin id="527" dir="1" index="2" bw="16" slack="0"/>
</pin_list>
<bind>
<opcode="read(1150) " fcode="read"/>
<opset="p_read_189/1 "/>
</bind>
</comp>

<comp id="530" class="1004" name="p_read_190_read_fu_530">
<pin_list>
<pin id="531" dir="0" index="0" bw="16" slack="0"/>
<pin id="532" dir="0" index="1" bw="16" slack="0"/>
<pin id="533" dir="1" index="2" bw="16" slack="0"/>
</pin_list>
<bind>
<opcode="read(1150) " fcode="read"/>
<opset="p_read_190/1 "/>
</bind>
</comp>

<comp id="536" class="1004" name="p_read1143_read_fu_536">
<pin_list>
<pin id="537" dir="0" index="0" bw="16" slack="0"/>
<pin id="538" dir="0" index="1" bw="16" slack="0"/>
<pin id="539" dir="1" index="2" bw="16" slack="0"/>
</pin_list>
<bind>
<opcode="read(1150) " fcode="read"/>
<opset="p_read1143/1 "/>
</bind>
</comp>

<comp id="542" class="1004" name="p_read1042_read_fu_542">
<pin_list>
<pin id="543" dir="0" index="0" bw="16" slack="0"/>
<pin id="544" dir="0" index="1" bw="16" slack="0"/>
<pin id="545" dir="1" index="2" bw="16" slack="0"/>
</pin_list>
<bind>
<opcode="read(1150) " fcode="read"/>
<opset="p_read1042/1 "/>
</bind>
</comp>

<comp id="548" class="1004" name="p_read941_read_fu_548">
<pin_list>
<pin id="549" dir="0" index="0" bw="16" slack="0"/>
<pin id="550" dir="0" index="1" bw="16" slack="0"/>
<pin id="551" dir="1" index="2" bw="16" slack="0"/>
</pin_list>
<bind>
<opcode="read(1150) " fcode="read"/>
<opset="p_read941/1 "/>
</bind>
</comp>

<comp id="554" class="1004" name="p_read840_read_fu_554">
<pin_list>
<pin id="555" dir="0" index="0" bw="16" slack="0"/>
<pin id="556" dir="0" index="1" bw="16" slack="0"/>
<pin id="557" dir="1" index="2" bw="16" slack="0"/>
</pin_list>
<bind>
<opcode="read(1150) " fcode="read"/>
<opset="p_read840/1 "/>
</bind>
</comp>

<comp id="560" class="1004" name="p_read739_read_fu_560">
<pin_list>
<pin id="561" dir="0" index="0" bw="16" slack="0"/>
<pin id="562" dir="0" index="1" bw="16" slack="0"/>
<pin id="563" dir="1" index="2" bw="16" slack="0"/>
</pin_list>
<bind>
<opcode="read(1150) " fcode="read"/>
<opset="p_read739/1 "/>
</bind>
</comp>

<comp id="566" class="1004" name="p_read638_read_fu_566">
<pin_list>
<pin id="567" dir="0" index="0" bw="16" slack="0"/>
<pin id="568" dir="0" index="1" bw="16" slack="0"/>
<pin id="569" dir="1" index="2" bw="16" slack="0"/>
</pin_list>
<bind>
<opcode="read(1150) " fcode="read"/>
<opset="p_read638/1 "/>
</bind>
</comp>

<comp id="572" class="1004" name="p_read537_read_fu_572">
<pin_list>
<pin id="573" dir="0" index="0" bw="16" slack="0"/>
<pin id="574" dir="0" index="1" bw="16" slack="0"/>
<pin id="575" dir="1" index="2" bw="16" slack="0"/>
</pin_list>
<bind>
<opcode="read(1150) " fcode="read"/>
<opset="p_read537/1 "/>
</bind>
</comp>

<comp id="578" class="1004" name="p_read436_read_fu_578">
<pin_list>
<pin id="579" dir="0" index="0" bw="16" slack="0"/>
<pin id="580" dir="0" index="1" bw="16" slack="0"/>
<pin id="581" dir="1" index="2" bw="16" slack="0"/>
</pin_list>
<bind>
<opcode="read(1150) " fcode="read"/>
<opset="p_read436/1 "/>
</bind>
</comp>

<comp id="584" class="1004" name="p_read335_read_fu_584">
<pin_list>
<pin id="585" dir="0" index="0" bw="16" slack="0"/>
<pin id="586" dir="0" index="1" bw="16" slack="0"/>
<pin id="587" dir="1" index="2" bw="16" slack="0"/>
</pin_list>
<bind>
<opcode="read(1150) " fcode="read"/>
<opset="p_read335/1 "/>
</bind>
</comp>

<comp id="590" class="1004" name="p_read234_read_fu_590">
<pin_list>
<pin id="591" dir="0" index="0" bw="16" slack="0"/>
<pin id="592" dir="0" index="1" bw="16" slack="0"/>
<pin id="593" dir="1" index="2" bw="16" slack="0"/>
</pin_list>
<bind>
<opcode="read(1150) " fcode="read"/>
<opset="p_read234/1 "/>
</bind>
</comp>

<comp id="596" class="1004" name="p_read133_read_fu_596">
<pin_list>
<pin id="597" dir="0" index="0" bw="16" slack="0"/>
<pin id="598" dir="0" index="1" bw="16" slack="0"/>
<pin id="599" dir="1" index="2" bw="16" slack="0"/>
</pin_list>
<bind>
<opcode="read(1150) " fcode="read"/>
<opset="p_read133/1 "/>
</bind>
</comp>

<comp id="602" class="1004" name="p_read32_read_fu_602">
<pin_list>
<pin id="603" dir="0" index="0" bw="16" slack="0"/>
<pin id="604" dir="0" index="1" bw="16" slack="0"/>
<pin id="605" dir="1" index="2" bw="16" slack="0"/>
</pin_list>
<bind>
<opcode="read(1150) " fcode="read"/>
<opset="p_read32/1 "/>
</bind>
</comp>

<comp id="608" class="1004" name="r_V_3343_fu_608">
<pin_list>
<pin id="82432" dir="0" index="0" bw="16" slack="0"/>
<pin id="82433" dir="0" index="1" bw="10" slack="0"/>
<pin id="82434" dir="1" index="2" bw="26" slack="0"/>
</pin_list>
<bind>
<opcode="mul(12) " fcode="mul"/>
<opset="r_V_3343/1 "/>
</bind>
</comp>

<comp id="609" class="1004" name="r_V_3280_fu_609">
<pin_list>
<pin id="82200" dir="0" index="0" bw="16" slack="0"/>
<pin id="82201" dir="0" index="1" bw="8" slack="0"/>
<pin id="82202" dir="1" index="2" bw="24" slack="0"/>
</pin_list>
<bind>
<opcode="mul(12) " fcode="mul"/>
<opset="r_V_3280/1 "/>
</bind>
</comp>

<comp id="610" class="1004" name="r_V_3327_fu_610">
<pin_list>
<pin id="82372" dir="0" index="0" bw="16" slack="0"/>
<pin id="82373" dir="0" index="1" bw="10" slack="0"/>
<pin id="82374" dir="1" index="2" bw="26" slack="0"/>
</pin_list>
<bind>
<opcode="mul(12) " fcode="mul"/>
<opset="r_V_3327/1 "/>
</bind>
</comp>

<comp id="611" class="1004" name="r_V_3289_fu_611">
<pin_list>
<pin id="82236" dir="0" index="0" bw="16" slack="0"/>
<pin id="82237" dir="0" index="1" bw="10" slack="0"/>
<pin id="82238" dir="1" index="2" bw="26" slack="0"/>
</pin_list>
<bind>
<opcode="mul(12) " fcode="mul"/>
<opset="r_V_3289/1 "/>
</bind>
</comp>

<comp id="612" class="1004" name="r_V_3357_fu_612">
<pin_list>
<pin id="82488" dir="0" index="0" bw="16" slack="0"/>
<pin id="82489" dir="0" index="1" bw="6" slack="0"/>
<pin id="82490" dir="1" index="2" bw="22" slack="0"/>
</pin_list>
<bind>
<opcode="mul(12) " fcode="mul"/>
<opset="r_V_3357/1 "/>
</bind>
</comp>

<comp id="613" class="1004" name="r_V_3270_fu_613">
<pin_list>
<pin id="82168" dir="0" index="0" bw="16" slack="0"/>
<pin id="82169" dir="0" index="1" bw="10" slack="0"/>
<pin id="82170" dir="1" index="2" bw="26" slack="0"/>
</pin_list>
<bind>
<opcode="mul(12) " fcode="mul"/>
<opset="r_V_3270/1 "/>
</bind>
</comp>

<comp id="614" class="1004" name="r_V_3285_fu_614">
<pin_list>
<pin id="82220" dir="0" index="0" bw="16" slack="0"/>
<pin id="82221" dir="0" index="1" bw="10" slack="0"/>
<pin id="82222" dir="1" index="2" bw="26" slack="0"/>
</pin_list>
<bind>
<opcode="mul(12) " fcode="mul"/>
<opset="r_V_3285/1 "/>
</bind>
</comp>

<comp id="615" class="1004" name="r_V_3316_fu_615">
<pin_list>
<pin id="82340" dir="0" index="0" bw="16" slack="0"/>
<pin id="82341" dir="0" index="1" bw="10" slack="0"/>
<pin id="82342" dir="1" index="2" bw="26" slack="0"/>
</pin_list>
<bind>
<opcode="mul(12) " fcode="mul"/>
<opset="r_V_3316/1 "/>
</bind>
</comp>

<comp id="616" class="1004" name="r_V_3370_fu_616">
<pin_list>
<pin id="82540" dir="0" index="0" bw="16" slack="0"/>
<pin id="82541" dir="0" index="1" bw="10" slack="0"/>
<pin id="82542" dir="1" index="2" bw="26" slack="0"/>
</pin_list>
<bind>
<opcode="mul(12) " fcode="mul"/>
<opset="r_V_3370/1 "/>
</bind>
</comp>

<comp id="617" class="1004" name="r_V_3337_fu_617">
<pin_list>
<pin id="82412" dir="0" index="0" bw="16" slack="0"/>
<pin id="82413" dir="0" index="1" bw="10" slack="0"/>
<pin id="82414" dir="1" index="2" bw="26" slack="0"/>
</pin_list>
<bind>
<opcode="mul(12) " fcode="mul"/>
<opset="r_V_3337/1 "/>
</bind>
</comp>

<comp id="619" class="1004" name="r_V_3318_fu_619">
<pin_list>
<pin id="82344" dir="0" index="0" bw="16" slack="0"/>
<pin id="82345" dir="0" index="1" bw="10" slack="0"/>
<pin id="82346" dir="1" index="2" bw="26" slack="0"/>
</pin_list>
<bind>
<opcode="mul(12) " fcode="mul"/>
<opset="r_V_3318/1 "/>
</bind>
</comp>

<comp id="620" class="1004" name="r_V_3361_fu_620">
<pin_list>
<pin id="82500" dir="0" index="0" bw="16" slack="0"/>
<pin id="82501" dir="0" index="1" bw="7" slack="0"/>
<pin id="82502" dir="1" index="2" bw="23" slack="0"/>
</pin_list>
<bind>
<opcode="mul(12) " fcode="mul"/>
<opset="r_V_3361/1 "/>
</bind>
</comp>

<comp id="621" class="1004" name="mul_ln1270_100_fu_621">
<pin_list>
<pin id="82320" dir="0" index="0" bw="16" slack="0"/>
<pin id="82321" dir="0" index="1" bw="11" slack="0"/>
<pin id="82322" dir="1" index="2" bw="26" slack="0"/>
</pin_list>
<bind>
<opcode="mul(12) " fcode="mul"/>
<opset="mul_ln1270_100/1 "/>
</bind>
</comp>

<comp id="622" class="1004" name="mul_ln1270_104_fu_622">
<pin_list>
<pin id="82396" dir="0" index="0" bw="16" slack="0"/>
<pin id="82397" dir="0" index="1" bw="11" slack="0"/>
<pin id="82398" dir="1" index="2" bw="26" slack="0"/>
</pin_list>
<bind>
<opcode="mul(12) " fcode="mul"/>
<opset="mul_ln1270_104/1 "/>
</bind>
</comp>

<comp id="623" class="1004" name="r_V_3307_fu_623">
<pin_list>
<pin id="82308" dir="0" index="0" bw="16" slack="0"/>
<pin id="82309" dir="0" index="1" bw="10" slack="0"/>
<pin id="82310" dir="1" index="2" bw="26" slack="0"/>
</pin_list>
<bind>
<opcode="mul(12) " fcode="mul"/>
<opset="r_V_3307/1 "/>
</bind>
</comp>

<comp id="625" class="1004" name="r_V_3261_fu_625">
<pin_list>
<pin id="82132" dir="0" index="0" bw="16" slack="0"/>
<pin id="82133" dir="0" index="1" bw="9" slack="0"/>
<pin id="82134" dir="1" index="2" bw="25" slack="0"/>
</pin_list>
<bind>
<opcode="mul(12) " fcode="mul"/>
<opset="r_V_3261/1 "/>
</bind>
</comp>

<comp id="626" class="1004" name="r_V_3304_fu_626">
<pin_list>
<pin id="82292" dir="0" index="0" bw="16" slack="0"/>
<pin id="82293" dir="0" index="1" bw="8" slack="0"/>
<pin id="82294" dir="1" index="2" bw="24" slack="0"/>
</pin_list>
<bind>
<opcode="mul(12) " fcode="mul"/>
<opset="r_V_3304/1 "/>
</bind>
</comp>

<comp id="627" class="1004" name="r_V_3365_fu_627">
<pin_list>
<pin id="82516" dir="0" index="0" bw="16" slack="0"/>
<pin id="82517" dir="0" index="1" bw="10" slack="0"/>
<pin id="82518" dir="1" index="2" bw="26" slack="0"/>
</pin_list>
<bind>
<opcode="mul(12) " fcode="mul"/>
<opset="r_V_3365/1 "/>
</bind>
</comp>

<comp id="628" class="1004" name="r_V_3303_fu_628">
<pin_list>
<pin id="82288" dir="0" index="0" bw="16" slack="0"/>
<pin id="82289" dir="0" index="1" bw="10" slack="0"/>
<pin id="82290" dir="1" index="2" bw="26" slack="0"/>
</pin_list>
<bind>
<opcode="mul(12) " fcode="mul"/>
<opset="r_V_3303/1 "/>
</bind>
</comp>

<comp id="629" class="1004" name="mul_ln1270_111_fu_629">
<pin_list>
<pin id="82472" dir="0" index="0" bw="16" slack="0"/>
<pin id="82473" dir="0" index="1" bw="11" slack="0"/>
<pin id="82474" dir="1" index="2" bw="26" slack="0"/>
</pin_list>
<bind>
<opcode="mul(12) " fcode="mul"/>
<opset="mul_ln1270_111/1 "/>
</bind>
</comp>

<comp id="630" class="1004" name="r_V_3256_fu_630">
<pin_list>
<pin id="82112" dir="0" index="0" bw="16" slack="0"/>
<pin id="82113" dir="0" index="1" bw="9" slack="0"/>
<pin id="82114" dir="1" index="2" bw="25" slack="0"/>
</pin_list>
<bind>
<opcode="mul(12) " fcode="mul"/>
<opset="r_V_3256/1 "/>
</bind>
</comp>

<comp id="631" class="1004" name="r_V_3323_fu_631">
<pin_list>
<pin id="82352" dir="0" index="0" bw="16" slack="0"/>
<pin id="82353" dir="0" index="1" bw="10" slack="0"/>
<pin id="82354" dir="1" index="2" bw="26" slack="0"/>
</pin_list>
<bind>
<opcode="mul(12) " fcode="mul"/>
<opset="r_V_3323/1 "/>
</bind>
</comp>

<comp id="632" class="1004" name="r_V_3324_fu_632">
<pin_list>
<pin id="82356" dir="0" index="0" bw="16" slack="0"/>
<pin id="82357" dir="0" index="1" bw="9" slack="0"/>
<pin id="82358" dir="1" index="2" bw="25" slack="0"/>
</pin_list>
<bind>
<opcode="mul(12) " fcode="mul"/>
<opset="r_V_3324/1 "/>
</bind>
</comp>

<comp id="634" class="1004" name="mul_ln1270_97_fu_634">
<pin_list>
<pin id="82252" dir="0" index="0" bw="16" slack="0"/>
<pin id="82253" dir="0" index="1" bw="11" slack="0"/>
<pin id="82254" dir="1" index="2" bw="26" slack="0"/>
</pin_list>
<bind>
<opcode="mul(12) " fcode="mul"/>
<opset="mul_ln1270_97/1 "/>
</bind>
</comp>

<comp id="635" class="1004" name="mul_ln1270_114_fu_635">
<pin_list>
<pin id="82552" dir="0" index="0" bw="16" slack="0"/>
<pin id="82553" dir="0" index="1" bw="11" slack="0"/>
<pin id="82554" dir="1" index="2" bw="26" slack="0"/>
</pin_list>
<bind>
<opcode="mul(12) " fcode="mul"/>
<opset="mul_ln1270_114/1 "/>
</bind>
</comp>

<comp id="636" class="1004" name="r_V_3278_fu_636">
<pin_list>
<pin id="82192" dir="0" index="0" bw="16" slack="0"/>
<pin id="82193" dir="0" index="1" bw="10" slack="0"/>
<pin id="82194" dir="1" index="2" bw="26" slack="0"/>
</pin_list>
<bind>
<opcode="mul(12) " fcode="mul"/>
<opset="r_V_3278/1 "/>
</bind>
</comp>

<comp id="638" class="1004" name="r_V_3348_fu_638">
<pin_list>
<pin id="82452" dir="0" index="0" bw="16" slack="0"/>
<pin id="82453" dir="0" index="1" bw="10" slack="0"/>
<pin id="82454" dir="1" index="2" bw="26" slack="0"/>
</pin_list>
<bind>
<opcode="mul(12) " fcode="mul"/>
<opset="r_V_3348/1 "/>
</bind>
</comp>

<comp id="639" class="1004" name="r_V_3247_fu_639">
<pin_list>
<pin id="82068" dir="0" index="0" bw="16" slack="0"/>
<pin id="82069" dir="0" index="1" bw="9" slack="0"/>
<pin id="82070" dir="1" index="2" bw="25" slack="0"/>
</pin_list>
<bind>
<opcode="mul(12) " fcode="mul"/>
<opset="r_V_3247/1 "/>
</bind>
</comp>

<comp id="640" class="1004" name="mul_ln1270_113_fu_640">
<pin_list>
<pin id="82532" dir="0" index="0" bw="16" slack="0"/>
<pin id="82533" dir="0" index="1" bw="11" slack="0"/>
<pin id="82534" dir="1" index="2" bw="26" slack="0"/>
</pin_list>
<bind>
<opcode="mul(12) " fcode="mul"/>
<opset="mul_ln1270_113/1 "/>
</bind>
</comp>

<comp id="641" class="1004" name="r_V_3344_fu_641">
<pin_list>
<pin id="82444" dir="0" index="0" bw="16" slack="0"/>
<pin id="82445" dir="0" index="1" bw="6" slack="0"/>
<pin id="82446" dir="1" index="2" bw="22" slack="0"/>
</pin_list>
<bind>
<opcode="mul(12) " fcode="mul"/>
<opset="r_V_3344/1 "/>
</bind>
</comp>

<comp id="644" class="1004" name="r_V_3245_fu_644">
<pin_list>
<pin id="82060" dir="0" index="0" bw="16" slack="0"/>
<pin id="82061" dir="0" index="1" bw="10" slack="0"/>
<pin id="82062" dir="1" index="2" bw="26" slack="0"/>
</pin_list>
<bind>
<opcode="mul(12) " fcode="mul"/>
<opset="r_V_3245/1 "/>
</bind>
</comp>

<comp id="645" class="1004" name="r_V_3330_fu_645">
<pin_list>
<pin id="82380" dir="0" index="0" bw="16" slack="0"/>
<pin id="82381" dir="0" index="1" bw="6" slack="0"/>
<pin id="82382" dir="1" index="2" bw="22" slack="0"/>
</pin_list>
<bind>
<opcode="mul(12) " fcode="mul"/>
<opset="r_V_3330/1 "/>
</bind>
</comp>

<comp id="646" class="1004" name="r_V_3292_fu_646">
<pin_list>
<pin id="82248" dir="0" index="0" bw="16" slack="0"/>
<pin id="82249" dir="0" index="1" bw="10" slack="0"/>
<pin id="82250" dir="1" index="2" bw="26" slack="0"/>
</pin_list>
<bind>
<opcode="mul(12) " fcode="mul"/>
<opset="r_V_3292/1 "/>
</bind>
</comp>

<comp id="647" class="1004" name="r_V_3248_fu_647">
<pin_list>
<pin id="82072" dir="0" index="0" bw="16" slack="0"/>
<pin id="82073" dir="0" index="1" bw="10" slack="0"/>
<pin id="82074" dir="1" index="2" bw="26" slack="0"/>
</pin_list>
<bind>
<opcode="mul(12) " fcode="mul"/>
<opset="r_V_3248/1 "/>
</bind>
</comp>

<comp id="648" class="1004" name="r_V_3371_fu_648">
<pin_list>
<pin id="82544" dir="0" index="0" bw="16" slack="0"/>
<pin id="82545" dir="0" index="1" bw="10" slack="0"/>
<pin id="82546" dir="1" index="2" bw="26" slack="0"/>
</pin_list>
<bind>
<opcode="mul(12) " fcode="mul"/>
<opset="r_V_3371/1 "/>
</bind>
</comp>

<comp id="649" class="1004" name="r_V_3259_fu_649">
<pin_list>
<pin id="82124" dir="0" index="0" bw="16" slack="0"/>
<pin id="82125" dir="0" index="1" bw="9" slack="0"/>
<pin id="82126" dir="1" index="2" bw="25" slack="0"/>
</pin_list>
<bind>
<opcode="mul(12) " fcode="mul"/>
<opset="r_V_3259/1 "/>
</bind>
</comp>

<comp id="650" class="1004" name="r_V_3366_fu_650">
<pin_list>
<pin id="82520" dir="0" index="0" bw="16" slack="0"/>
<pin id="82521" dir="0" index="1" bw="9" slack="0"/>
<pin id="82522" dir="1" index="2" bw="25" slack="0"/>
</pin_list>
<bind>
<opcode="mul(12) " fcode="mul"/>
<opset="r_V_3366/1 "/>
</bind>
</comp>

<comp id="651" class="1004" name="r_V_3321_fu_651">
<pin_list>
<pin id="82348" dir="0" index="0" bw="16" slack="0"/>
<pin id="82349" dir="0" index="1" bw="9" slack="0"/>
<pin id="82350" dir="1" index="2" bw="25" slack="0"/>
</pin_list>
<bind>
<opcode="mul(12) " fcode="mul"/>
<opset="r_V_3321/1 "/>
</bind>
</comp>

<comp id="654" class="1004" name="r_V_3252_fu_654">
<pin_list>
<pin id="82088" dir="0" index="0" bw="16" slack="0"/>
<pin id="82089" dir="0" index="1" bw="10" slack="0"/>
<pin id="82090" dir="1" index="2" bw="26" slack="0"/>
</pin_list>
<bind>
<opcode="mul(12) " fcode="mul"/>
<opset="r_V_3252/1 "/>
</bind>
</comp>

<comp id="658" class="1004" name="mul_ln1270_94_fu_658">
<pin_list>
<pin id="82156" dir="0" index="0" bw="16" slack="0"/>
<pin id="82157" dir="0" index="1" bw="11" slack="0"/>
<pin id="82158" dir="1" index="2" bw="26" slack="0"/>
</pin_list>
<bind>
<opcode="mul(12) " fcode="mul"/>
<opset="mul_ln1270_94/1 "/>
</bind>
</comp>

<comp id="664" class="1004" name="r_V_3301_fu_664">
<pin_list>
<pin id="82280" dir="0" index="0" bw="16" slack="0"/>
<pin id="82281" dir="0" index="1" bw="9" slack="0"/>
<pin id="82282" dir="1" index="2" bw="25" slack="0"/>
</pin_list>
<bind>
<opcode="mul(12) " fcode="mul"/>
<opset="r_V_3301/1 "/>
</bind>
</comp>

<comp id="665" class="1004" name="r_V_3313_fu_665">
<pin_list>
<pin id="82328" dir="0" index="0" bw="16" slack="0"/>
<pin id="82329" dir="0" index="1" bw="8" slack="0"/>
<pin id="82330" dir="1" index="2" bw="24" slack="0"/>
</pin_list>
<bind>
<opcode="mul(12) " fcode="mul"/>
<opset="r_V_3313/1 "/>
</bind>
</comp>

<comp id="666" class="1004" name="r_V_3314_fu_666">
<pin_list>
<pin id="82332" dir="0" index="0" bw="16" slack="0"/>
<pin id="82333" dir="0" index="1" bw="8" slack="0"/>
<pin id="82334" dir="1" index="2" bw="24" slack="0"/>
</pin_list>
<bind>
<opcode="mul(12) " fcode="mul"/>
<opset="r_V_3314/1 "/>
</bind>
</comp>

<comp id="667" class="1004" name="r_V_3291_fu_667">
<pin_list>
<pin id="82244" dir="0" index="0" bw="16" slack="0"/>
<pin id="82245" dir="0" index="1" bw="8" slack="0"/>
<pin id="82246" dir="1" index="2" bw="24" slack="0"/>
</pin_list>
<bind>
<opcode="mul(12) " fcode="mul"/>
<opset="r_V_3291/1 "/>
</bind>
</comp>

<comp id="668" class="1004" name="r_V_3355_fu_668">
<pin_list>
<pin id="82480" dir="0" index="0" bw="16" slack="0"/>
<pin id="82481" dir="0" index="1" bw="9" slack="0"/>
<pin id="82482" dir="1" index="2" bw="25" slack="0"/>
</pin_list>
<bind>
<opcode="mul(12) " fcode="mul"/>
<opset="r_V_3355/1 "/>
</bind>
</comp>

<comp id="670" class="1004" name="r_V_3349_fu_670">
<pin_list>
<pin id="82456" dir="0" index="0" bw="16" slack="0"/>
<pin id="82457" dir="0" index="1" bw="10" slack="0"/>
<pin id="82458" dir="1" index="2" bw="26" slack="0"/>
</pin_list>
<bind>
<opcode="mul(12) " fcode="mul"/>
<opset="r_V_3349/1 "/>
</bind>
</comp>

<comp id="671" class="1004" name="r_V_3353_fu_671">
<pin_list>
<pin id="82468" dir="0" index="0" bw="16" slack="0"/>
<pin id="82469" dir="0" index="1" bw="10" slack="0"/>
<pin id="82470" dir="1" index="2" bw="26" slack="0"/>
</pin_list>
<bind>
<opcode="mul(12) " fcode="mul"/>
<opset="r_V_3353/1 "/>
</bind>
</comp>

<comp id="672" class="1004" name="r_V_3263_fu_672">
<pin_list>
<pin id="82140" dir="0" index="0" bw="16" slack="0"/>
<pin id="82141" dir="0" index="1" bw="9" slack="0"/>
<pin id="82142" dir="1" index="2" bw="25" slack="0"/>
</pin_list>
<bind>
<opcode="mul(12) " fcode="mul"/>
<opset="r_V_3263/1 "/>
</bind>
</comp>

<comp id="675" class="1004" name="r_V_3279_fu_675">
<pin_list>
<pin id="82196" dir="0" index="0" bw="16" slack="0"/>
<pin id="82197" dir="0" index="1" bw="10" slack="0"/>
<pin id="82198" dir="1" index="2" bw="26" slack="0"/>
</pin_list>
<bind>
<opcode="mul(12) " fcode="mul"/>
<opset="r_V_3279/1 "/>
</bind>
</comp>

<comp id="676" class="1004" name="r_V_3315_fu_676">
<pin_list>
<pin id="82336" dir="0" index="0" bw="16" slack="0"/>
<pin id="82337" dir="0" index="1" bw="9" slack="0"/>
<pin id="82338" dir="1" index="2" bw="25" slack="0"/>
</pin_list>
<bind>
<opcode="mul(12) " fcode="mul"/>
<opset="r_V_3315/1 "/>
</bind>
</comp>

<comp id="678" class="1004" name="r_V_3273_fu_678">
<pin_list>
<pin id="82180" dir="0" index="0" bw="16" slack="0"/>
<pin id="82181" dir="0" index="1" bw="9" slack="0"/>
<pin id="82182" dir="1" index="2" bw="25" slack="0"/>
</pin_list>
<bind>
<opcode="mul(12) " fcode="mul"/>
<opset="r_V_3273/1 "/>
</bind>
</comp>

<comp id="679" class="1004" name="mul_ln1270_109_fu_679">
<pin_list>
<pin id="82436" dir="0" index="0" bw="16" slack="0"/>
<pin id="82437" dir="0" index="1" bw="11" slack="0"/>
<pin id="82438" dir="1" index="2" bw="26" slack="0"/>
</pin_list>
<bind>
<opcode="mul(12) " fcode="mul"/>
<opset="mul_ln1270_109/1 "/>
</bind>
</comp>

<comp id="680" class="1004" name="r_V_3372_fu_680">
<pin_list>
<pin id="82548" dir="0" index="0" bw="16" slack="0"/>
<pin id="82549" dir="0" index="1" bw="10" slack="0"/>
<pin id="82550" dir="1" index="2" bw="26" slack="0"/>
</pin_list>
<bind>
<opcode="mul(12) " fcode="mul"/>
<opset="r_V_3372/1 "/>
</bind>
</comp>

<comp id="681" class="1004" name="r_V_3260_fu_681">
<pin_list>
<pin id="82128" dir="0" index="0" bw="16" slack="0"/>
<pin id="82129" dir="0" index="1" bw="10" slack="0"/>
<pin id="82130" dir="1" index="2" bw="26" slack="0"/>
</pin_list>
<bind>
<opcode="mul(12) " fcode="mul"/>
<opset="r_V_3260/1 "/>
</bind>
</comp>

<comp id="682" class="1004" name="r_V_3368_fu_682">
<pin_list>
<pin id="82524" dir="0" index="0" bw="16" slack="0"/>
<pin id="82525" dir="0" index="1" bw="9" slack="0"/>
<pin id="82526" dir="1" index="2" bw="25" slack="0"/>
</pin_list>
<bind>
<opcode="mul(12) " fcode="mul"/>
<opset="r_V_3368/1 "/>
</bind>
</comp>

<comp id="684" class="1004" name="r_V_3269_fu_684">
<pin_list>
<pin id="82164" dir="0" index="0" bw="16" slack="0"/>
<pin id="82165" dir="0" index="1" bw="6" slack="0"/>
<pin id="82166" dir="1" index="2" bw="22" slack="0"/>
</pin_list>
<bind>
<opcode="mul(12) " fcode="mul"/>
<opset="r_V_3269/1 "/>
</bind>
</comp>

<comp id="685" class="1004" name="r_V_3369_fu_685">
<pin_list>
<pin id="82536" dir="0" index="0" bw="16" slack="0"/>
<pin id="82537" dir="0" index="1" bw="10" slack="0"/>
<pin id="82538" dir="1" index="2" bw="26" slack="0"/>
</pin_list>
<bind>
<opcode="mul(12) " fcode="mul"/>
<opset="r_V_3369/1 "/>
</bind>
</comp>

<comp id="686" class="1004" name="r_V_3242_fu_686">
<pin_list>
<pin id="82048" dir="0" index="0" bw="16" slack="0"/>
<pin id="82049" dir="0" index="1" bw="7" slack="0"/>
<pin id="82050" dir="1" index="2" bw="23" slack="0"/>
</pin_list>
<bind>
<opcode="mul(12) " fcode="mul"/>
<opset="r_V_3242/1 "/>
</bind>
</comp>

<comp id="687" class="1004" name="r_V_3305_fu_687">
<pin_list>
<pin id="82296" dir="0" index="0" bw="16" slack="0"/>
<pin id="82297" dir="0" index="1" bw="9" slack="0"/>
<pin id="82298" dir="1" index="2" bw="25" slack="0"/>
</pin_list>
<bind>
<opcode="mul(12) " fcode="mul"/>
<opset="r_V_3305/1 "/>
</bind>
</comp>

<comp id="688" class="1004" name="mul_ln1270_106_fu_688">
<pin_list>
<pin id="82408" dir="0" index="0" bw="16" slack="0"/>
<pin id="82409" dir="0" index="1" bw="11" slack="0"/>
<pin id="82410" dir="1" index="2" bw="26" slack="0"/>
</pin_list>
<bind>
<opcode="mul(12) " fcode="mul"/>
<opset="mul_ln1270_106/1 "/>
</bind>
</comp>

<comp id="689" class="1004" name="r_V_3286_fu_689">
<pin_list>
<pin id="82224" dir="0" index="0" bw="16" slack="0"/>
<pin id="82225" dir="0" index="1" bw="10" slack="0"/>
<pin id="82226" dir="1" index="2" bw="26" slack="0"/>
</pin_list>
<bind>
<opcode="mul(12) " fcode="mul"/>
<opset="r_V_3286/1 "/>
</bind>
</comp>

<comp id="690" class="1004" name="r_V_3331_fu_690">
<pin_list>
<pin id="82384" dir="0" index="0" bw="16" slack="0"/>
<pin id="82385" dir="0" index="1" bw="8" slack="0"/>
<pin id="82386" dir="1" index="2" bw="24" slack="0"/>
</pin_list>
<bind>
<opcode="mul(12) " fcode="mul"/>
<opset="r_V_3331/1 "/>
</bind>
</comp>

<comp id="691" class="1004" name="r_V_3363_fu_691">
<pin_list>
<pin id="82508" dir="0" index="0" bw="16" slack="0"/>
<pin id="82509" dir="0" index="1" bw="10" slack="0"/>
<pin id="82510" dir="1" index="2" bw="26" slack="0"/>
</pin_list>
<bind>
<opcode="mul(12) " fcode="mul"/>
<opset="r_V_3363/1 "/>
</bind>
</comp>

<comp id="692" class="1004" name="r_V_3249_fu_692">
<pin_list>
<pin id="82076" dir="0" index="0" bw="16" slack="0"/>
<pin id="82077" dir="0" index="1" bw="8" slack="0"/>
<pin id="82078" dir="1" index="2" bw="24" slack="0"/>
</pin_list>
<bind>
<opcode="mul(12) " fcode="mul"/>
<opset="r_V_3249/1 "/>
</bind>
</comp>

<comp id="693" class="1004" name="r_V_3275_fu_693">
<pin_list>
<pin id="82188" dir="0" index="0" bw="16" slack="0"/>
<pin id="82189" dir="0" index="1" bw="9" slack="0"/>
<pin id="82190" dir="1" index="2" bw="25" slack="0"/>
</pin_list>
<bind>
<opcode="mul(12) " fcode="mul"/>
<opset="r_V_3275/1 "/>
</bind>
</comp>

<comp id="694" class="1004" name="r_V_3329_fu_694">
<pin_list>
<pin id="82376" dir="0" index="0" bw="16" slack="0"/>
<pin id="82377" dir="0" index="1" bw="8" slack="0"/>
<pin id="82378" dir="1" index="2" bw="24" slack="0"/>
</pin_list>
<bind>
<opcode="mul(12) " fcode="mul"/>
<opset="r_V_3329/1 "/>
</bind>
</comp>

<comp id="695" class="1004" name="r_V_3325_fu_695">
<pin_list>
<pin id="82360" dir="0" index="0" bw="16" slack="0"/>
<pin id="82361" dir="0" index="1" bw="9" slack="0"/>
<pin id="82362" dir="1" index="2" bw="25" slack="0"/>
</pin_list>
<bind>
<opcode="mul(12) " fcode="mul"/>
<opset="r_V_3325/1 "/>
</bind>
</comp>

<comp id="696" class="1004" name="r_V_3255_fu_696">
<pin_list>
<pin id="82108" dir="0" index="0" bw="16" slack="0"/>
<pin id="82109" dir="0" index="1" bw="10" slack="0"/>
<pin id="82110" dir="1" index="2" bw="26" slack="0"/>
</pin_list>
<bind>
<opcode="mul(12) " fcode="mul"/>
<opset="r_V_3255/1 "/>
</bind>
</comp>

<comp id="697" class="1004" name="mul_ln1270_fu_697">
<pin_list>
<pin id="82096" dir="0" index="0" bw="16" slack="0"/>
<pin id="82097" dir="0" index="1" bw="12" slack="0"/>
<pin id="82098" dir="1" index="2" bw="26" slack="0"/>
</pin_list>
<bind>
<opcode="mul(12) " fcode="mul"/>
<opset="mul_ln1270/1 "/>
</bind>
</comp>

<comp id="698" class="1004" name="r_V_3262_fu_698">
<pin_list>
<pin id="82136" dir="0" index="0" bw="16" slack="0"/>
<pin id="82137" dir="0" index="1" bw="9" slack="0"/>
<pin id="82138" dir="1" index="2" bw="25" slack="0"/>
</pin_list>
<bind>
<opcode="mul(12) " fcode="mul"/>
<opset="r_V_3262/1 "/>
</bind>
</comp>

<comp id="699" class="1004" name="r_V_3250_fu_699">
<pin_list>
<pin id="82080" dir="0" index="0" bw="16" slack="0"/>
<pin id="82081" dir="0" index="1" bw="7" slack="0"/>
<pin id="82082" dir="1" index="2" bw="23" slack="0"/>
</pin_list>
<bind>
<opcode="mul(12) " fcode="mul"/>
<opset="r_V_3250/1 "/>
</bind>
</comp>

<comp id="700" class="1004" name="r_V_3354_fu_700">
<pin_list>
<pin id="82476" dir="0" index="0" bw="16" slack="0"/>
<pin id="82477" dir="0" index="1" bw="8" slack="0"/>
<pin id="82478" dir="1" index="2" bw="24" slack="0"/>
</pin_list>
<bind>
<opcode="mul(12) " fcode="mul"/>
<opset="r_V_3354/1 "/>
</bind>
</comp>

<comp id="701" class="1004" name="r_V_3244_fu_701">
<pin_list>
<pin id="82056" dir="0" index="0" bw="16" slack="0"/>
<pin id="82057" dir="0" index="1" bw="8" slack="0"/>
<pin id="82058" dir="1" index="2" bw="24" slack="0"/>
</pin_list>
<bind>
<opcode="mul(12) " fcode="mul"/>
<opset="r_V_3244/1 "/>
</bind>
</comp>

<comp id="703" class="1004" name="r_V_3274_fu_703">
<pin_list>
<pin id="82184" dir="0" index="0" bw="16" slack="0"/>
<pin id="82185" dir="0" index="1" bw="10" slack="0"/>
<pin id="82186" dir="1" index="2" bw="26" slack="0"/>
</pin_list>
<bind>
<opcode="mul(12) " fcode="mul"/>
<opset="r_V_3274/1 "/>
</bind>
</comp>

<comp id="704" class="1004" name="r_V_3341_fu_704">
<pin_list>
<pin id="82428" dir="0" index="0" bw="16" slack="0"/>
<pin id="82429" dir="0" index="1" bw="10" slack="0"/>
<pin id="82430" dir="1" index="2" bw="26" slack="0"/>
</pin_list>
<bind>
<opcode="mul(12) " fcode="mul"/>
<opset="r_V_3341/1 "/>
</bind>
</comp>

<comp id="705" class="1004" name="r_V_3293_fu_705">
<pin_list>
<pin id="82256" dir="0" index="0" bw="16" slack="0"/>
<pin id="82257" dir="0" index="1" bw="8" slack="0"/>
<pin id="82258" dir="1" index="2" bw="24" slack="0"/>
</pin_list>
<bind>
<opcode="mul(12) " fcode="mul"/>
<opset="r_V_3293/1 "/>
</bind>
</comp>

<comp id="706" class="1004" name="mul_ln1270_101_fu_706">
<pin_list>
<pin id="82368" dir="0" index="0" bw="16" slack="0"/>
<pin id="82369" dir="0" index="1" bw="11" slack="0"/>
<pin id="82370" dir="1" index="2" bw="26" slack="0"/>
</pin_list>
<bind>
<opcode="mul(12) " fcode="mul"/>
<opset="mul_ln1270_101/1 "/>
</bind>
</comp>

<comp id="707" class="1004" name="r_V_3288_fu_707">
<pin_list>
<pin id="82232" dir="0" index="0" bw="16" slack="0"/>
<pin id="82233" dir="0" index="1" bw="8" slack="0"/>
<pin id="82234" dir="1" index="2" bw="24" slack="0"/>
</pin_list>
<bind>
<opcode="mul(12) " fcode="mul"/>
<opset="r_V_3288/1 "/>
</bind>
</comp>

<comp id="708" class="1004" name="r_V_3309_fu_708">
<pin_list>
<pin id="82312" dir="0" index="0" bw="16" slack="0"/>
<pin id="82313" dir="0" index="1" bw="8" slack="0"/>
<pin id="82314" dir="1" index="2" bw="24" slack="0"/>
</pin_list>
<bind>
<opcode="mul(12) " fcode="mul"/>
<opset="r_V_3309/1 "/>
</bind>
</comp>

<comp id="709" class="1004" name="r_V_3345_fu_709">
<pin_list>
<pin id="82448" dir="0" index="0" bw="16" slack="0"/>
<pin id="82449" dir="0" index="1" bw="10" slack="0"/>
<pin id="82450" dir="1" index="2" bw="26" slack="0"/>
</pin_list>
<bind>
<opcode="mul(12) " fcode="mul"/>
<opset="r_V_3345/1 "/>
</bind>
</comp>

<comp id="710" class="1004" name="mul_ln1270_95_fu_710">
<pin_list>
<pin id="82176" dir="0" index="0" bw="16" slack="0"/>
<pin id="82177" dir="0" index="1" bw="11" slack="0"/>
<pin id="82178" dir="1" index="2" bw="26" slack="0"/>
</pin_list>
<bind>
<opcode="mul(12) " fcode="mul"/>
<opset="mul_ln1270_95/1 "/>
</bind>
</comp>

<comp id="711" class="1004" name="r_V_3265_fu_711">
<pin_list>
<pin id="82148" dir="0" index="0" bw="16" slack="0"/>
<pin id="82149" dir="0" index="1" bw="8" slack="0"/>
<pin id="82150" dir="1" index="2" bw="24" slack="0"/>
</pin_list>
<bind>
<opcode="mul(12) " fcode="mul"/>
<opset="r_V_3265/1 "/>
</bind>
</comp>

<comp id="713" class="1004" name="r_V_3257_fu_713">
<pin_list>
<pin id="82116" dir="0" index="0" bw="16" slack="0"/>
<pin id="82117" dir="0" index="1" bw="10" slack="0"/>
<pin id="82118" dir="1" index="2" bw="26" slack="0"/>
</pin_list>
<bind>
<opcode="mul(12) " fcode="mul"/>
<opset="r_V_3257/1 "/>
</bind>
</comp>

<comp id="714" class="1004" name="r_V_3287_fu_714">
<pin_list>
<pin id="82228" dir="0" index="0" bw="16" slack="0"/>
<pin id="82229" dir="0" index="1" bw="9" slack="0"/>
<pin id="82230" dir="1" index="2" bw="25" slack="0"/>
</pin_list>
<bind>
<opcode="mul(12) " fcode="mul"/>
<opset="r_V_3287/1 "/>
</bind>
</comp>

<comp id="715" class="1004" name="r_V_3253_fu_715">
<pin_list>
<pin id="82092" dir="0" index="0" bw="16" slack="0"/>
<pin id="82093" dir="0" index="1" bw="9" slack="0"/>
<pin id="82094" dir="1" index="2" bw="25" slack="0"/>
</pin_list>
<bind>
<opcode="mul(12) " fcode="mul"/>
<opset="r_V_3253/1 "/>
</bind>
</comp>

<comp id="716" class="1004" name="r_V_3360_fu_716">
<pin_list>
<pin id="82496" dir="0" index="0" bw="16" slack="0"/>
<pin id="82497" dir="0" index="1" bw="10" slack="0"/>
<pin id="82498" dir="1" index="2" bw="26" slack="0"/>
</pin_list>
<bind>
<opcode="mul(12) " fcode="mul"/>
<opset="r_V_3360/1 "/>
</bind>
</comp>

<comp id="717" class="1004" name="r_V_3311_fu_717">
<pin_list>
<pin id="82324" dir="0" index="0" bw="16" slack="0"/>
<pin id="82325" dir="0" index="1" bw="10" slack="0"/>
<pin id="82326" dir="1" index="2" bw="26" slack="0"/>
</pin_list>
<bind>
<opcode="mul(12) " fcode="mul"/>
<opset="r_V_3311/1 "/>
</bind>
</comp>

<comp id="720" class="1004" name="mul_ln1270_105_fu_720">
<pin_list>
<pin id="82404" dir="0" index="0" bw="16" slack="0"/>
<pin id="82405" dir="0" index="1" bw="11" slack="0"/>
<pin id="82406" dir="1" index="2" bw="26" slack="0"/>
</pin_list>
<bind>
<opcode="mul(12) " fcode="mul"/>
<opset="mul_ln1270_105/1 "/>
</bind>
</comp>

<comp id="721" class="1004" name="mul_ln1270_107_fu_721">
<pin_list>
<pin id="82416" dir="0" index="0" bw="16" slack="0"/>
<pin id="82417" dir="0" index="1" bw="11" slack="0"/>
<pin id="82418" dir="1" index="2" bw="26" slack="0"/>
</pin_list>
<bind>
<opcode="mul(12) " fcode="mul"/>
<opset="mul_ln1270_107/1 "/>
</bind>
</comp>

<comp id="722" class="1004" name="r_V_3254_fu_722">
<pin_list>
<pin id="82104" dir="0" index="0" bw="16" slack="0"/>
<pin id="82105" dir="0" index="1" bw="10" slack="0"/>
<pin id="82106" dir="1" index="2" bw="26" slack="0"/>
</pin_list>
<bind>
<opcode="mul(12) " fcode="mul"/>
<opset="r_V_3254/1 "/>
</bind>
</comp>

<comp id="723" class="1004" name="r_V_3358_fu_723">
<pin_list>
<pin id="82492" dir="0" index="0" bw="16" slack="0"/>
<pin id="82493" dir="0" index="1" bw="10" slack="0"/>
<pin id="82494" dir="1" index="2" bw="26" slack="0"/>
</pin_list>
<bind>
<opcode="mul(12) " fcode="mul"/>
<opset="r_V_3358/1 "/>
</bind>
</comp>

<comp id="724" class="1004" name="r_V_3266_fu_724">
<pin_list>
<pin id="82152" dir="0" index="0" bw="16" slack="0"/>
<pin id="82153" dir="0" index="1" bw="10" slack="0"/>
<pin id="82154" dir="1" index="2" bw="26" slack="0"/>
</pin_list>
<bind>
<opcode="mul(12) " fcode="mul"/>
<opset="r_V_3266/1 "/>
</bind>
</comp>

<comp id="725" class="1004" name="r_V_3246_fu_725">
<pin_list>
<pin id="82064" dir="0" index="0" bw="16" slack="0"/>
<pin id="82065" dir="0" index="1" bw="10" slack="0"/>
<pin id="82066" dir="1" index="2" bw="26" slack="0"/>
</pin_list>
<bind>
<opcode="mul(12) " fcode="mul"/>
<opset="r_V_3246/1 "/>
</bind>
</comp>

<comp id="726" class="1004" name="mul_ln1270_108_fu_726">
<pin_list>
<pin id="82424" dir="0" index="0" bw="16" slack="0"/>
<pin id="82425" dir="0" index="1" bw="11" slack="0"/>
<pin id="82426" dir="1" index="2" bw="26" slack="0"/>
</pin_list>
<bind>
<opcode="mul(12) " fcode="mul"/>
<opset="mul_ln1270_108/1 "/>
</bind>
</comp>

<comp id="728" class="1004" name="mul_ln1270_98_fu_728">
<pin_list>
<pin id="82272" dir="0" index="0" bw="16" slack="0"/>
<pin id="82273" dir="0" index="1" bw="11" slack="0"/>
<pin id="82274" dir="1" index="2" bw="26" slack="0"/>
</pin_list>
<bind>
<opcode="mul(12) " fcode="mul"/>
<opset="mul_ln1270_98/1 "/>
</bind>
</comp>

<comp id="729" class="1004" name="mul_ln1270_103_fu_729">
<pin_list>
<pin id="82392" dir="0" index="0" bw="16" slack="0"/>
<pin id="82393" dir="0" index="1" bw="12" slack="0"/>
<pin id="82394" dir="1" index="2" bw="26" slack="0"/>
</pin_list>
<bind>
<opcode="mul(12) " fcode="mul"/>
<opset="mul_ln1270_103/1 "/>
</bind>
</comp>

<comp id="730" class="1004" name="r_V_3281_fu_730">
<pin_list>
<pin id="82204" dir="0" index="0" bw="16" slack="0"/>
<pin id="82205" dir="0" index="1" bw="9" slack="0"/>
<pin id="82206" dir="1" index="2" bw="25" slack="0"/>
</pin_list>
<bind>
<opcode="mul(12) " fcode="mul"/>
<opset="r_V_3281/1 "/>
</bind>
</comp>

<comp id="733" class="1004" name="r_V_3243_fu_733">
<pin_list>
<pin id="82052" dir="0" index="0" bw="16" slack="0"/>
<pin id="82053" dir="0" index="1" bw="10" slack="0"/>
<pin id="82054" dir="1" index="2" bw="26" slack="0"/>
</pin_list>
<bind>
<opcode="mul(12) " fcode="mul"/>
<opset="r_V_3243/1 "/>
</bind>
</comp>

<comp id="734" class="1004" name="r_V_3334_fu_734">
<pin_list>
<pin id="82400" dir="0" index="0" bw="16" slack="0"/>
<pin id="82401" dir="0" index="1" bw="9" slack="0"/>
<pin id="82402" dir="1" index="2" bw="25" slack="0"/>
</pin_list>
<bind>
<opcode="mul(12) " fcode="mul"/>
<opset="r_V_3334/1 "/>
</bind>
</comp>

<comp id="735" class="1004" name="r_V_3300_fu_735">
<pin_list>
<pin id="82276" dir="0" index="0" bw="16" slack="0"/>
<pin id="82277" dir="0" index="1" bw="8" slack="0"/>
<pin id="82278" dir="1" index="2" bw="24" slack="0"/>
</pin_list>
<bind>
<opcode="mul(12) " fcode="mul"/>
<opset="r_V_3300/1 "/>
</bind>
</comp>

<comp id="736" class="1004" name="r_V_3306_fu_736">
<pin_list>
<pin id="82304" dir="0" index="0" bw="16" slack="0"/>
<pin id="82305" dir="0" index="1" bw="10" slack="0"/>
<pin id="82306" dir="1" index="2" bw="26" slack="0"/>
</pin_list>
<bind>
<opcode="mul(12) " fcode="mul"/>
<opset="r_V_3306/1 "/>
</bind>
</comp>

<comp id="737" class="1004" name="mul_ln1270_96_fu_737">
<pin_list>
<pin id="82216" dir="0" index="0" bw="16" slack="0"/>
<pin id="82217" dir="0" index="1" bw="11" slack="0"/>
<pin id="82218" dir="1" index="2" bw="26" slack="0"/>
</pin_list>
<bind>
<opcode="mul(12) " fcode="mul"/>
<opset="mul_ln1270_96/1 "/>
</bind>
</comp>

<comp id="739" class="1004" name="r_V_3350_fu_739">
<pin_list>
<pin id="82460" dir="0" index="0" bw="16" slack="0"/>
<pin id="82461" dir="0" index="1" bw="9" slack="0"/>
<pin id="82462" dir="1" index="2" bw="25" slack="0"/>
</pin_list>
<bind>
<opcode="mul(12) " fcode="mul"/>
<opset="r_V_3350/1 "/>
</bind>
</comp>

<comp id="740" class="1004" name="r_V_3351_fu_740">
<pin_list>
<pin id="82464" dir="0" index="0" bw="16" slack="0"/>
<pin id="82465" dir="0" index="1" bw="10" slack="0"/>
<pin id="82466" dir="1" index="2" bw="26" slack="0"/>
</pin_list>
<bind>
<opcode="mul(12) " fcode="mul"/>
<opset="r_V_3351/1 "/>
</bind>
</comp>

<comp id="741" class="1004" name="r_V_3268_fu_741">
<pin_list>
<pin id="82160" dir="0" index="0" bw="16" slack="0"/>
<pin id="82161" dir="0" index="1" bw="10" slack="0"/>
<pin id="82162" dir="1" index="2" bw="26" slack="0"/>
</pin_list>
<bind>
<opcode="mul(12) " fcode="mul"/>
<opset="r_V_3268/1 "/>
</bind>
</comp>

<comp id="742" class="1004" name="r_V_3310_fu_742">
<pin_list>
<pin id="82316" dir="0" index="0" bw="16" slack="0"/>
<pin id="82317" dir="0" index="1" bw="10" slack="0"/>
<pin id="82318" dir="1" index="2" bw="26" slack="0"/>
</pin_list>
<bind>
<opcode="mul(12) " fcode="mul"/>
<opset="r_V_3310/1 "/>
</bind>
</comp>

<comp id="743" class="1004" name="r_V_3264_fu_743">
<pin_list>
<pin id="82144" dir="0" index="0" bw="16" slack="0"/>
<pin id="82145" dir="0" index="1" bw="10" slack="0"/>
<pin id="82146" dir="1" index="2" bw="26" slack="0"/>
</pin_list>
<bind>
<opcode="mul(12) " fcode="mul"/>
<opset="r_V_3264/1 "/>
</bind>
</comp>

<comp id="745" class="1004" name="r_V_3258_fu_745">
<pin_list>
<pin id="82120" dir="0" index="0" bw="16" slack="0"/>
<pin id="82121" dir="0" index="1" bw="9" slack="0"/>
<pin id="82122" dir="1" index="2" bw="25" slack="0"/>
</pin_list>
<bind>
<opcode="mul(12) " fcode="mul"/>
<opset="r_V_3258/1 "/>
</bind>
</comp>

<comp id="746" class="1004" name="r_V_3338_fu_746">
<pin_list>
<pin id="82420" dir="0" index="0" bw="16" slack="0"/>
<pin id="82421" dir="0" index="1" bw="10" slack="0"/>
<pin id="82422" dir="1" index="2" bw="26" slack="0"/>
</pin_list>
<bind>
<opcode="mul(12) " fcode="mul"/>
<opset="r_V_3338/1 "/>
</bind>
</comp>

<comp id="748" class="1004" name="r_V_3283_fu_748">
<pin_list>
<pin id="82208" dir="0" index="0" bw="16" slack="0"/>
<pin id="82209" dir="0" index="1" bw="8" slack="0"/>
<pin id="82210" dir="1" index="2" bw="24" slack="0"/>
</pin_list>
<bind>
<opcode="mul(12) " fcode="mul"/>
<opset="r_V_3283/1 "/>
</bind>
</comp>

<comp id="750" class="1004" name="r_V_3290_fu_750">
<pin_list>
<pin id="82240" dir="0" index="0" bw="16" slack="0"/>
<pin id="82241" dir="0" index="1" bw="9" slack="0"/>
<pin id="82242" dir="1" index="2" bw="25" slack="0"/>
</pin_list>
<bind>
<opcode="mul(12) " fcode="mul"/>
<opset="r_V_3290/1 "/>
</bind>
</comp>

<comp id="751" class="1004" name="r_V_3302_fu_751">
<pin_list>
<pin id="82284" dir="0" index="0" bw="16" slack="0"/>
<pin id="82285" dir="0" index="1" bw="10" slack="0"/>
<pin id="82286" dir="1" index="2" bw="26" slack="0"/>
</pin_list>
<bind>
<opcode="mul(12) " fcode="mul"/>
<opset="r_V_3302/1 "/>
</bind>
</comp>

<comp id="753" class="1004" name="mul_ln1270_112_fu_753">
<pin_list>
<pin id="82528" dir="0" index="0" bw="16" slack="0"/>
<pin id="82529" dir="0" index="1" bw="12" slack="0"/>
<pin id="82530" dir="1" index="2" bw="26" slack="0"/>
</pin_list>
<bind>
<opcode="mul(12) " fcode="mul"/>
<opset="mul_ln1270_112/1 "/>
</bind>
</comp>

<comp id="754" class="1004" name="mul_ln1270_93_fu_754">
<pin_list>
<pin id="82100" dir="0" index="0" bw="16" slack="0"/>
<pin id="82101" dir="0" index="1" bw="11" slack="0"/>
<pin id="82102" dir="1" index="2" bw="26" slack="0"/>
</pin_list>
<bind>
<opcode="mul(12) " fcode="mul"/>
<opset="mul_ln1270_93/1 "/>
</bind>
</comp>

<comp id="755" class="1004" name="r_V_3284_fu_755">
<pin_list>
<pin id="82212" dir="0" index="0" bw="16" slack="0"/>
<pin id="82213" dir="0" index="1" bw="9" slack="0"/>
<pin id="82214" dir="1" index="2" bw="25" slack="0"/>
</pin_list>
<bind>
<opcode="mul(12) " fcode="mul"/>
<opset="r_V_3284/1 "/>
</bind>
</comp>

<comp id="756" class="1004" name="r_V_3271_fu_756">
<pin_list>
<pin id="82172" dir="0" index="0" bw="16" slack="0"/>
<pin id="82173" dir="0" index="1" bw="9" slack="0"/>
<pin id="82174" dir="1" index="2" bw="25" slack="0"/>
</pin_list>
<bind>
<opcode="mul(12) " fcode="mul"/>
<opset="r_V_3271/1 "/>
</bind>
</comp>

<comp id="757" class="1004" name="r_V_3251_fu_757">
<pin_list>
<pin id="82084" dir="0" index="0" bw="16" slack="0"/>
<pin id="82085" dir="0" index="1" bw="10" slack="0"/>
<pin id="82086" dir="1" index="2" bw="26" slack="0"/>
</pin_list>
<bind>
<opcode="mul(12) " fcode="mul"/>
<opset="r_V_3251/1 "/>
</bind>
</comp>

<comp id="758" class="1004" name="mul_ln1270_99_fu_758">
<pin_list>
<pin id="82300" dir="0" index="0" bw="16" slack="0"/>
<pin id="82301" dir="0" index="1" bw="11" slack="0"/>
<pin id="82302" dir="1" index="2" bw="26" slack="0"/>
</pin_list>
<bind>
<opcode="mul(12) " fcode="mul"/>
<opset="mul_ln1270_99/1 "/>
</bind>
</comp>

<comp id="759" class="1004" name="r_V_3364_fu_759">
<pin_list>
<pin id="82512" dir="0" index="0" bw="16" slack="0"/>
<pin id="82513" dir="0" index="1" bw="10" slack="0"/>
<pin id="82514" dir="1" index="2" bw="26" slack="0"/>
</pin_list>
<bind>
<opcode="mul(12) " fcode="mul"/>
<opset="r_V_3364/1 "/>
</bind>
</comp>

<comp id="760" class="1004" name="r_V_3298_fu_760">
<pin_list>
<pin id="82268" dir="0" index="0" bw="16" slack="0"/>
<pin id="82269" dir="0" index="1" bw="9" slack="0"/>
<pin id="82270" dir="1" index="2" bw="25" slack="0"/>
</pin_list>
<bind>
<opcode="mul(12) " fcode="mul"/>
<opset="r_V_3298/1 "/>
</bind>
</comp>

<comp id="761" class="1004" name="mul_ln1270_102_fu_761">
<pin_list>
<pin id="82388" dir="0" index="0" bw="16" slack="0"/>
<pin id="82389" dir="0" index="1" bw="11" slack="0"/>
<pin id="82390" dir="1" index="2" bw="26" slack="0"/>
</pin_list>
<bind>
<opcode="mul(12) " fcode="mul"/>
<opset="mul_ln1270_102/1 "/>
</bind>
</comp>

<comp id="762" class="1004" name="r_V_3356_fu_762">
<pin_list>
<pin id="82484" dir="0" index="0" bw="16" slack="0"/>
<pin id="82485" dir="0" index="1" bw="6" slack="0"/>
<pin id="82486" dir="1" index="2" bw="22" slack="0"/>
</pin_list>
<bind>
<opcode="mul(12) " fcode="mul"/>
<opset="r_V_3356/1 "/>
</bind>
</comp>

<comp id="763" class="1004" name="r_V_3326_fu_763">
<pin_list>
<pin id="82364" dir="0" index="0" bw="16" slack="0"/>
<pin id="82365" dir="0" index="1" bw="9" slack="0"/>
<pin id="82366" dir="1" index="2" bw="25" slack="0"/>
</pin_list>
<bind>
<opcode="mul(12) " fcode="mul"/>
<opset="r_V_3326/1 "/>
</bind>
</comp>

<comp id="764" class="1004" name="mul_ln1270_110_fu_764">
<pin_list>
<pin id="82440" dir="0" index="0" bw="16" slack="0"/>
<pin id="82441" dir="0" index="1" bw="11" slack="0"/>
<pin id="82442" dir="1" index="2" bw="26" slack="0"/>
</pin_list>
<bind>
<opcode="mul(12) " fcode="mul"/>
<opset="mul_ln1270_110/1 "/>
</bind>
</comp>

<comp id="765" class="1004" name="r_V_3294_fu_765">
<pin_list>
<pin id="82260" dir="0" index="0" bw="16" slack="0"/>
<pin id="82261" dir="0" index="1" bw="7" slack="0"/>
<pin id="82262" dir="1" index="2" bw="23" slack="0"/>
</pin_list>
<bind>
<opcode="mul(12) " fcode="mul"/>
<opset="r_V_3294/1 "/>
</bind>
</comp>

<comp id="766" class="1004" name="r_V_3296_fu_766">
<pin_list>
<pin id="82264" dir="0" index="0" bw="16" slack="0"/>
<pin id="82265" dir="0" index="1" bw="10" slack="0"/>
<pin id="82266" dir="1" index="2" bw="26" slack="0"/>
</pin_list>
<bind>
<opcode="mul(12) " fcode="mul"/>
<opset="r_V_3296/1 "/>
</bind>
</comp>

<comp id="767" class="1004" name="r_V_3362_fu_767">
<pin_list>
<pin id="82504" dir="0" index="0" bw="16" slack="0"/>
<pin id="82505" dir="0" index="1" bw="10" slack="0"/>
<pin id="82506" dir="1" index="2" bw="26" slack="0"/>
</pin_list>
<bind>
<opcode="mul(12) " fcode="mul"/>
<opset="r_V_3362/1 "/>
</bind>
</comp>

<comp id="82938" class="1004" name="sext_ln70_fu_82938">
<pin_list>
<pin id="82939" dir="0" index="0" bw="16" slack="0"/>
<pin id="82940" dir="1" index="1" bw="24" slack="0"/>
</pin_list>
<bind>
<opcode="sext(35) " fcode="sext"/>
<opset="sext_ln70/1 "/>
</bind>
</comp>

<comp id="82943" class="1004" name="sext_ln70_714_fu_82943">
<pin_list>
<pin id="82944" dir="0" index="0" bw="16" slack="0"/>
<pin id="82945" dir="1" index="1" bw="26" slack="0"/>
</pin_list>
<bind>
<opcode="sext(35) " fcode="sext"/>
<opset="sext_ln70_714/1 "/>
</bind>
</comp>

<comp id="82949" class="1004" name="sext_ln70_715_fu_82949">
<pin_list>
<pin id="82950" dir="0" index="0" bw="16" slack="0"/>
<pin id="82951" dir="1" index="1" bw="23" slack="0"/>
</pin_list>
<bind>
<opcode="sext(35) " fcode="sext"/>
<opset="sext_ln70_715/1 "/>
</bind>
</comp>

<comp id="82954" class="1004" name="shl_ln_fu_82954">
<pin_list>
<pin id="82955" dir="0" index="0" bw="22" slack="0"/>
<pin id="82956" dir="0" index="1" bw="16" slack="0"/>
<pin id="82957" dir="0" index="2" bw="1" slack="0"/>
<pin id="82958" dir="1" index="3" bw="22" slack="0"/>
</pin_list>
<bind>
<opcode="bitconcatenate(1004) " fcode="bitconcatenate"/>
<opset="shl_ln/1 "/>
</bind>
</comp>

<comp id="82962" class="1004" name="sext_ln1273_fu_82962">
<pin_list>
<pin id="82963" dir="0" index="0" bw="22" slack="0"/>
<pin id="82964" dir="1" index="1" bw="23" slack="0"/>
</pin_list>
<bind>
<opcode="sext(35) " fcode="sext"/>
<opset="sext_ln1273/1 "/>
</bind>
</comp>

<comp id="82966" class="1004" name="shl_ln1273_s_fu_82966">
<pin_list>
<pin id="82967" dir="0" index="0" bw="18" slack="0"/>
<pin id="82968" dir="0" index="1" bw="16" slack="0"/>
<pin id="82969" dir="0" index="2" bw="1" slack="0"/>
<pin id="82970" dir="1" index="3" bw="18" slack="0"/>
</pin_list>
<bind>
<opcode="bitconcatenate(1004) " fcode="bitconcatenate"/>
<opset="shl_ln1273_s/1 "/>
</bind>
</comp>

<comp id="82974" class="1004" name="sext_ln1273_905_fu_82974">
<pin_list>
<pin id="82975" dir="0" index="0" bw="18" slack="0"/>
<pin id="82976" dir="1" index="1" bw="23" slack="0"/>
</pin_list>
<bind>
<opcode="sext(35) " fcode="sext"/>
<opset="sext_ln1273_905/1 "/>
</bind>
</comp>

<comp id="82978" class="1004" name="r_V_fu_82978">
<pin_list>
<pin id="82979" dir="0" index="0" bw="18" slack="0"/>
<pin id="82980" dir="0" index="1" bw="22" slack="0"/>
<pin id="82981" dir="1" index="2" bw="23" slack="0"/>
</pin_list>
<bind>
<opcode="sub(10) " fcode="sub"/>
<opset="r_V/1 "/>
</bind>
</comp>

<comp id="82984" class="1004" name="trunc_ln_fu_82984">
<pin_list>
<pin id="82985" dir="0" index="0" bw="13" slack="0"/>
<pin id="82986" dir="0" index="1" bw="23" slack="0"/>
<pin id="82987" dir="0" index="2" bw="5" slack="0"/>
<pin id="82988" dir="0" index="3" bw="6" slack="0"/>
<pin id="82989" dir="1" index="4" bw="13" slack="0"/>
</pin_list>
<bind>
<opcode="partselect(1002) " fcode="partselect"/>
<opset="trunc_ln/1 "/>
</bind>
</comp>

<comp id="82994" class="1004" name="sext_ln1273_906_fu_82994">
<pin_list>
<pin id="82995" dir="0" index="0" bw="13" slack="0"/>
<pin id="82996" dir="1" index="1" bw="14" slack="0"/>
</pin_list>
<bind>
<opcode="sext(35) " fcode="sext"/>
<opset="sext_ln1273_906/1 "/>
</bind>
</comp>

<comp id="82998" class="1004" name="trunc_ln818_5_fu_82998">
<pin_list>
<pin id="82999" dir="0" index="0" bw="13" slack="0"/>
<pin id="83000" dir="0" index="1" bw="23" slack="0"/>
<pin id="83001" dir="0" index="2" bw="5" slack="0"/>
<pin id="83002" dir="0" index="3" bw="6" slack="0"/>
<pin id="83003" dir="1" index="4" bw="13" slack="0"/>
</pin_list>
<bind>
<opcode="partselect(1002) " fcode="partselect"/>
<opset="trunc_ln818_5/1 "/>
</bind>
</comp>

<comp id="83008" class="1004" name="sext_ln1273_907_fu_83008">
<pin_list>
<pin id="83009" dir="0" index="0" bw="13" slack="0"/>
<pin id="83010" dir="1" index="1" bw="14" slack="0"/>
</pin_list>
<bind>
<opcode="sext(35) " fcode="sext"/>
<opset="sext_ln1273_907/1 "/>
</bind>
</comp>

<comp id="83012" class="1004" name="trunc_ln818_6_fu_83012">
<pin_list>
<pin id="83013" dir="0" index="0" bw="16" slack="0"/>
<pin id="83014" dir="0" index="1" bw="26" slack="0"/>
<pin id="83015" dir="0" index="2" bw="5" slack="0"/>
<pin id="83016" dir="0" index="3" bw="6" slack="0"/>
<pin id="83017" dir="1" index="4" bw="16" slack="0"/>
</pin_list>
<bind>
<opcode="partselect(1002) " fcode="partselect"/>
<opset="trunc_ln818_6/1 "/>
</bind>
</comp>

<comp id="83022" class="1004" name="trunc_ln818_7_fu_83022">
<pin_list>
<pin id="83023" dir="0" index="0" bw="14" slack="0"/>
<pin id="83024" dir="0" index="1" bw="24" slack="0"/>
<pin id="83025" dir="0" index="2" bw="5" slack="0"/>
<pin id="83026" dir="0" index="3" bw="6" slack="0"/>
<pin id="83027" dir="1" index="4" bw="14" slack="0"/>
</pin_list>
<bind>
<opcode="partselect(1002) " fcode="partselect"/>
<opset="trunc_ln818_7/1 "/>
</bind>
</comp>

<comp id="83032" class="1004" name="sext_ln1273_908_fu_83032">
<pin_list>
<pin id="83033" dir="0" index="0" bw="14" slack="0"/>
<pin id="83034" dir="1" index="1" bw="15" slack="0"/>
</pin_list>
<bind>
<opcode="sext(35) " fcode="sext"/>
<opset="sext_ln1273_908/1 "/>
</bind>
</comp>

<comp id="83036" class="1004" name="trunc_ln818_8_fu_83036">
<pin_list>
<pin id="83037" dir="0" index="0" bw="16" slack="0"/>
<pin id="83038" dir="0" index="1" bw="26" slack="0"/>
<pin id="83039" dir="0" index="2" bw="5" slack="0"/>
<pin id="83040" dir="0" index="3" bw="6" slack="0"/>
<pin id="83041" dir="1" index="4" bw="16" slack="0"/>
</pin_list>
<bind>
<opcode="partselect(1002) " fcode="partselect"/>
<opset="trunc_ln818_8/1 "/>
</bind>
</comp>

<comp id="83046" class="1004" name="sext_ln70_716_fu_83046">
<pin_list>
<pin id="83047" dir="0" index="0" bw="16" slack="0"/>
<pin id="83048" dir="1" index="1" bw="23" slack="0"/>
</pin_list>
<bind>
<opcode="sext(35) " fcode="sext"/>
<opset="sext_ln70_716/1 "/>
</bind>
</comp>

<comp id="83051" class="1004" name="sext_ln70_717_fu_83051">
<pin_list>
<pin id="83052" dir="0" index="0" bw="16" slack="0"/>
<pin id="83053" dir="1" index="1" bw="24" slack="0"/>
</pin_list>
<bind>
<opcode="sext(35) " fcode="sext"/>
<opset="sext_ln70_717/1 "/>
</bind>
</comp>

<comp id="83056" class="1004" name="sext_ln70_718_fu_83056">
<pin_list>
<pin id="83057" dir="0" index="0" bw="16" slack="0"/>
<pin id="83058" dir="1" index="1" bw="25" slack="0"/>
</pin_list>
<bind>
<opcode="sext(35) " fcode="sext"/>
<opset="sext_ln70_718/1 "/>
</bind>
</comp>

<comp id="83061" class="1004" name="sext_ln70_719_fu_83061">
<pin_list>
<pin id="83062" dir="0" index="0" bw="16" slack="0"/>
<pin id="83063" dir="1" index="1" bw="26" slack="0"/>
</pin_list>
<bind>
<opcode="sext(35) " fcode="sext"/>
<opset="sext_ln70_719/1 "/>
</bind>
</comp>

<comp id="83067" class="1004" name="trunc_ln818_9_fu_83067">
<pin_list>
<pin id="83068" dir="0" index="0" bw="16" slack="0"/>
<pin id="83069" dir="0" index="1" bw="26" slack="0"/>
<pin id="83070" dir="0" index="2" bw="5" slack="0"/>
<pin id="83071" dir="0" index="3" bw="6" slack="0"/>
<pin id="83072" dir="1" index="4" bw="16" slack="0"/>
</pin_list>
<bind>
<opcode="partselect(1002) " fcode="partselect"/>
<opset="trunc_ln818_9/1 "/>
</bind>
</comp>

<comp id="83077" class="1004" name="trunc_ln818_s_fu_83077">
<pin_list>
<pin id="83078" dir="0" index="0" bw="15" slack="0"/>
<pin id="83079" dir="0" index="1" bw="25" slack="0"/>
<pin id="83080" dir="0" index="2" bw="5" slack="0"/>
<pin id="83081" dir="0" index="3" bw="6" slack="0"/>
<pin id="83082" dir="1" index="4" bw="15" slack="1"/>
</pin_list>
<bind>
<opcode="partselect(1002) " fcode="partselect"/>
<opset="trunc_ln818_s/1 "/>
</bind>
</comp>

<comp id="83087" class="1004" name="trunc_ln818_1_fu_83087">
<pin_list>
<pin id="83088" dir="0" index="0" bw="16" slack="0"/>
<pin id="83089" dir="0" index="1" bw="26" slack="0"/>
<pin id="83090" dir="0" index="2" bw="5" slack="0"/>
<pin id="83091" dir="0" index="3" bw="6" slack="0"/>
<pin id="83092" dir="1" index="4" bw="16" slack="0"/>
</pin_list>
<bind>
<opcode="partselect(1002) " fcode="partselect"/>
<opset="trunc_ln818_1/1 "/>
</bind>
</comp>

<comp id="83097" class="1004" name="trunc_ln818_2_fu_83097">
<pin_list>
<pin id="83098" dir="0" index="0" bw="14" slack="0"/>
<pin id="83099" dir="0" index="1" bw="24" slack="0"/>
<pin id="83100" dir="0" index="2" bw="5" slack="0"/>
<pin id="83101" dir="0" index="3" bw="6" slack="0"/>
<pin id="83102" dir="1" index="4" bw="14" slack="0"/>
</pin_list>
<bind>
<opcode="partselect(1002) " fcode="partselect"/>
<opset="trunc_ln818_2/1 "/>
</bind>
</comp>

<comp id="83107" class="1004" name="sext_ln1273_909_fu_83107">
<pin_list>
<pin id="83108" dir="0" index="0" bw="14" slack="0"/>
<pin id="83109" dir="1" index="1" bw="15" slack="0"/>
</pin_list>
<bind>
<opcode="sext(35) " fcode="sext"/>
<opset="sext_ln1273_909/1 "/>
</bind>
</comp>

<comp id="83111" class="1004" name="trunc_ln818_3_fu_83111">
<pin_list>
<pin id="83112" dir="0" index="0" bw="13" slack="0"/>
<pin id="83113" dir="0" index="1" bw="23" slack="0"/>
<pin id="83114" dir="0" index="2" bw="5" slack="0"/>
<pin id="83115" dir="0" index="3" bw="6" slack="0"/>
<pin id="83116" dir="1" index="4" bw="13" slack="0"/>
</pin_list>
<bind>
<opcode="partselect(1002) " fcode="partselect"/>
<opset="trunc_ln818_3/1 "/>
</bind>
</comp>

<comp id="83121" class="1004" name="sext_ln1270_fu_83121">
<pin_list>
<pin id="83122" dir="0" index="0" bw="13" slack="0"/>
<pin id="83123" dir="1" index="1" bw="15" slack="0"/>
</pin_list>
<bind>
<opcode="sext(35) " fcode="sext"/>
<opset="sext_ln1270/1 "/>
</bind>
</comp>

<comp id="83125" class="1004" name="sext_ln1270_8_fu_83125">
<pin_list>
<pin id="83126" dir="0" index="0" bw="16" slack="0"/>
<pin id="83127" dir="1" index="1" bw="26" slack="0"/>
</pin_list>
<bind>
<opcode="sext(35) " fcode="sext"/>
<opset="sext_ln1270_8/1 "/>
</bind>
</comp>

<comp id="83133" class="1004" name="sext_ln70_720_fu_83133">
<pin_list>
<pin id="83134" dir="0" index="0" bw="16" slack="0"/>
<pin id="83135" dir="1" index="1" bw="25" slack="0"/>
</pin_list>
<bind>
<opcode="sext(35) " fcode="sext"/>
<opset="sext_ln70_720/1 "/>
</bind>
</comp>

<comp id="83138" class="1004" name="trunc_ln818_4_fu_83138">
<pin_list>
<pin id="83139" dir="0" index="0" bw="16" slack="0"/>
<pin id="83140" dir="0" index="1" bw="26" slack="0"/>
<pin id="83141" dir="0" index="2" bw="5" slack="0"/>
<pin id="83142" dir="0" index="3" bw="6" slack="0"/>
<pin id="83143" dir="1" index="4" bw="16" slack="0"/>
</pin_list>
<bind>
<opcode="partselect(1002) " fcode="partselect"/>
<opset="trunc_ln818_4/1 "/>
</bind>
</comp>

<comp id="83148" class="1004" name="trunc_ln818_10_fu_83148">
<pin_list>
<pin id="83149" dir="0" index="0" bw="16" slack="0"/>
<pin id="83150" dir="0" index="1" bw="26" slack="0"/>
<pin id="83151" dir="0" index="2" bw="5" slack="0"/>
<pin id="83152" dir="0" index="3" bw="6" slack="0"/>
<pin id="83153" dir="1" index="4" bw="16" slack="0"/>
</pin_list>
<bind>
<opcode="partselect(1002) " fcode="partselect"/>
<opset="trunc_ln818_10/1 "/>
</bind>
</comp>

<comp id="83158" class="1004" name="trunc_ln818_11_fu_83158">
<pin_list>
<pin id="83159" dir="0" index="0" bw="15" slack="0"/>
<pin id="83160" dir="0" index="1" bw="25" slack="0"/>
<pin id="83161" dir="0" index="2" bw="5" slack="0"/>
<pin id="83162" dir="0" index="3" bw="6" slack="0"/>
<pin id="83163" dir="1" index="4" bw="15" slack="1"/>
</pin_list>
<bind>
<opcode="partselect(1002) " fcode="partselect"/>
<opset="trunc_ln818_11/1 "/>
</bind>
</comp>

<comp id="83168" class="1004" name="trunc_ln818_12_fu_83168">
<pin_list>
<pin id="83169" dir="0" index="0" bw="16" slack="0"/>
<pin id="83170" dir="0" index="1" bw="26" slack="0"/>
<pin id="83171" dir="0" index="2" bw="5" slack="0"/>
<pin id="83172" dir="0" index="3" bw="6" slack="0"/>
<pin id="83173" dir="1" index="4" bw="16" slack="0"/>
</pin_list>
<bind>
<opcode="partselect(1002) " fcode="partselect"/>
<opset="trunc_ln818_12/1 "/>
</bind>
</comp>

<comp id="83178" class="1004" name="trunc_ln818_13_fu_83178">
<pin_list>
<pin id="83179" dir="0" index="0" bw="16" slack="0"/>
<pin id="83180" dir="0" index="1" bw="26" slack="0"/>
<pin id="83181" dir="0" index="2" bw="5" slack="0"/>
<pin id="83182" dir="0" index="3" bw="6" slack="0"/>
<pin id="83183" dir="1" index="4" bw="16" slack="0"/>
</pin_list>
<bind>
<opcode="partselect(1002) " fcode="partselect"/>
<opset="trunc_ln818_13/1 "/>
</bind>
</comp>

<comp id="83188" class="1004" name="sext_ln70_721_fu_83188">
<pin_list>
<pin id="83189" dir="0" index="0" bw="16" slack="0"/>
<pin id="83190" dir="1" index="1" bw="25" slack="0"/>
</pin_list>
<bind>
<opcode="sext(35) " fcode="sext"/>
<opset="sext_ln70_721/1 "/>
</bind>
</comp>

<comp id="83194" class="1004" name="sext_ln70_722_fu_83194">
<pin_list>
<pin id="83195" dir="0" index="0" bw="16" slack="0"/>
<pin id="83196" dir="1" index="1" bw="26" slack="0"/>
</pin_list>
<bind>
<opcode="sext(35) " fcode="sext"/>
<opset="sext_ln70_722/1 "/>
</bind>
</comp>

<comp id="83201" class="1004" name="trunc_ln818_14_fu_83201">
<pin_list>
<pin id="83202" dir="0" index="0" bw="16" slack="0"/>
<pin id="83203" dir="0" index="1" bw="26" slack="0"/>
<pin id="83204" dir="0" index="2" bw="5" slack="0"/>
<pin id="83205" dir="0" index="3" bw="6" slack="0"/>
<pin id="83206" dir="1" index="4" bw="16" slack="0"/>
</pin_list>
<bind>
<opcode="partselect(1002) " fcode="partselect"/>
<opset="trunc_ln818_14/1 "/>
</bind>
</comp>

<comp id="83211" class="1004" name="trunc_ln818_15_fu_83211">
<pin_list>
<pin id="83212" dir="0" index="0" bw="16" slack="0"/>
<pin id="83213" dir="0" index="1" bw="26" slack="0"/>
<pin id="83214" dir="0" index="2" bw="5" slack="0"/>
<pin id="83215" dir="0" index="3" bw="6" slack="0"/>
<pin id="83216" dir="1" index="4" bw="16" slack="0"/>
</pin_list>
<bind>
<opcode="partselect(1002) " fcode="partselect"/>
<opset="trunc_ln818_15/1 "/>
</bind>
</comp>

<comp id="83221" class="1004" name="trunc_ln818_16_fu_83221">
<pin_list>
<pin id="83222" dir="0" index="0" bw="15" slack="0"/>
<pin id="83223" dir="0" index="1" bw="25" slack="0"/>
<pin id="83224" dir="0" index="2" bw="5" slack="0"/>
<pin id="83225" dir="0" index="3" bw="6" slack="0"/>
<pin id="83226" dir="1" index="4" bw="15" slack="1"/>
</pin_list>
<bind>
<opcode="partselect(1002) " fcode="partselect"/>
<opset="trunc_ln818_16/1 "/>
</bind>
</comp>

<comp id="83231" class="1004" name="trunc_ln818_17_fu_83231">
<pin_list>
<pin id="83232" dir="0" index="0" bw="16" slack="0"/>
<pin id="83233" dir="0" index="1" bw="26" slack="0"/>
<pin id="83234" dir="0" index="2" bw="5" slack="0"/>
<pin id="83235" dir="0" index="3" bw="6" slack="0"/>
<pin id="83236" dir="1" index="4" bw="16" slack="0"/>
</pin_list>
<bind>
<opcode="partselect(1002) " fcode="partselect"/>
<opset="trunc_ln818_17/1 "/>
</bind>
</comp>

<comp id="83241" class="1004" name="trunc_ln818_18_fu_83241">
<pin_list>
<pin id="83242" dir="0" index="0" bw="15" slack="0"/>
<pin id="83243" dir="0" index="1" bw="25" slack="0"/>
<pin id="83244" dir="0" index="2" bw="5" slack="0"/>
<pin id="83245" dir="0" index="3" bw="6" slack="0"/>
<pin id="83246" dir="1" index="4" bw="15" slack="1"/>
</pin_list>
<bind>
<opcode="partselect(1002) " fcode="partselect"/>
<opset="trunc_ln818_18/1 "/>
</bind>
</comp>

<comp id="83251" class="1004" name="sext_ln70_723_fu_83251">
<pin_list>
<pin id="83252" dir="0" index="0" bw="16" slack="0"/>
<pin id="83253" dir="1" index="1" bw="26" slack="0"/>
</pin_list>
<bind>
<opcode="sext(35) " fcode="sext"/>
<opset="sext_ln70_723/1 "/>
</bind>
</comp>

<comp id="83256" class="1004" name="sext_ln70_724_fu_83256">
<pin_list>
<pin id="83257" dir="0" index="0" bw="16" slack="0"/>
<pin id="83258" dir="1" index="1" bw="25" slack="0"/>
</pin_list>
<bind>
<opcode="sext(35) " fcode="sext"/>
<opset="sext_ln70_724/1 "/>
</bind>
</comp>

<comp id="83264" class="1004" name="trunc_ln818_19_fu_83264">
<pin_list>
<pin id="83265" dir="0" index="0" bw="15" slack="0"/>
<pin id="83266" dir="0" index="1" bw="25" slack="0"/>
<pin id="83267" dir="0" index="2" bw="5" slack="0"/>
<pin id="83268" dir="0" index="3" bw="6" slack="0"/>
<pin id="83269" dir="1" index="4" bw="15" slack="1"/>
</pin_list>
<bind>
<opcode="partselect(1002) " fcode="partselect"/>
<opset="trunc_ln818_19/1 "/>
</bind>
</comp>

<comp id="83274" class="1004" name="trunc_ln818_20_fu_83274">
<pin_list>
<pin id="83275" dir="0" index="0" bw="16" slack="0"/>
<pin id="83276" dir="0" index="1" bw="26" slack="0"/>
<pin id="83277" dir="0" index="2" bw="5" slack="0"/>
<pin id="83278" dir="0" index="3" bw="6" slack="0"/>
<pin id="83279" dir="1" index="4" bw="16" slack="0"/>
</pin_list>
<bind>
<opcode="partselect(1002) " fcode="partselect"/>
<opset="trunc_ln818_20/1 "/>
</bind>
</comp>

<comp id="83284" class="1004" name="trunc_ln818_21_fu_83284">
<pin_list>
<pin id="83285" dir="0" index="0" bw="15" slack="0"/>
<pin id="83286" dir="0" index="1" bw="25" slack="0"/>
<pin id="83287" dir="0" index="2" bw="5" slack="0"/>
<pin id="83288" dir="0" index="3" bw="6" slack="0"/>
<pin id="83289" dir="1" index="4" bw="15" slack="0"/>
</pin_list>
<bind>
<opcode="partselect(1002) " fcode="partselect"/>
<opset="trunc_ln818_21/1 "/>
</bind>
</comp>

<comp id="83294" class="1004" name="sext_ln818_1015_fu_83294">
<pin_list>
<pin id="83295" dir="0" index="0" bw="15" slack="0"/>
<pin id="83296" dir="1" index="1" bw="16" slack="0"/>
</pin_list>
<bind>
<opcode="sext(35) " fcode="sext"/>
<opset="sext_ln818_1015/1 "/>
</bind>
</comp>

<comp id="83298" class="1004" name="trunc_ln818_22_fu_83298">
<pin_list>
<pin id="83299" dir="0" index="0" bw="15" slack="0"/>
<pin id="83300" dir="0" index="1" bw="25" slack="0"/>
<pin id="83301" dir="0" index="2" bw="5" slack="0"/>
<pin id="83302" dir="0" index="3" bw="6" slack="0"/>
<pin id="83303" dir="1" index="4" bw="15" slack="1"/>
</pin_list>
<bind>
<opcode="partselect(1002) " fcode="partselect"/>
<opset="trunc_ln818_22/1 "/>
</bind>
</comp>

<comp id="83308" class="1004" name="trunc_ln818_23_fu_83308">
<pin_list>
<pin id="83309" dir="0" index="0" bw="15" slack="0"/>
<pin id="83310" dir="0" index="1" bw="25" slack="0"/>
<pin id="83311" dir="0" index="2" bw="5" slack="0"/>
<pin id="83312" dir="0" index="3" bw="6" slack="0"/>
<pin id="83313" dir="1" index="4" bw="15" slack="1"/>
</pin_list>
<bind>
<opcode="partselect(1002) " fcode="partselect"/>
<opset="trunc_ln818_23/1 "/>
</bind>
</comp>

<comp id="83318" class="1004" name="sext_ln1270_9_fu_83318">
<pin_list>
<pin id="83319" dir="0" index="0" bw="16" slack="0"/>
<pin id="83320" dir="1" index="1" bw="26" slack="0"/>
</pin_list>
<bind>
<opcode="sext(35) " fcode="sext"/>
<opset="sext_ln1270_9/1 "/>
</bind>
</comp>

<comp id="83325" class="1004" name="sext_ln70_725_fu_83325">
<pin_list>
<pin id="83326" dir="0" index="0" bw="16" slack="0"/>
<pin id="83327" dir="1" index="1" bw="24" slack="0"/>
</pin_list>
<bind>
<opcode="sext(35) " fcode="sext"/>
<opset="sext_ln70_725/1 "/>
</bind>
</comp>

<comp id="83330" class="1004" name="trunc_ln818_24_fu_83330">
<pin_list>
<pin id="83331" dir="0" index="0" bw="16" slack="0"/>
<pin id="83332" dir="0" index="1" bw="26" slack="0"/>
<pin id="83333" dir="0" index="2" bw="5" slack="0"/>
<pin id="83334" dir="0" index="3" bw="6" slack="0"/>
<pin id="83335" dir="1" index="4" bw="16" slack="0"/>
</pin_list>
<bind>
<opcode="partselect(1002) " fcode="partselect"/>
<opset="trunc_ln818_24/1 "/>
</bind>
</comp>

<comp id="83340" class="1004" name="trunc_ln818_25_fu_83340">
<pin_list>
<pin id="83341" dir="0" index="0" bw="14" slack="0"/>
<pin id="83342" dir="0" index="1" bw="24" slack="0"/>
<pin id="83343" dir="0" index="2" bw="5" slack="0"/>
<pin id="83344" dir="0" index="3" bw="6" slack="0"/>
<pin id="83345" dir="1" index="4" bw="14" slack="1"/>
</pin_list>
<bind>
<opcode="partselect(1002) " fcode="partselect"/>
<opset="trunc_ln818_25/1 "/>
</bind>
</comp>

<comp id="83350" class="1004" name="trunc_ln818_26_fu_83350">
<pin_list>
<pin id="83351" dir="0" index="0" bw="16" slack="0"/>
<pin id="83352" dir="0" index="1" bw="26" slack="0"/>
<pin id="83353" dir="0" index="2" bw="5" slack="0"/>
<pin id="83354" dir="0" index="3" bw="6" slack="0"/>
<pin id="83355" dir="1" index="4" bw="16" slack="0"/>
</pin_list>
<bind>
<opcode="partselect(1002) " fcode="partselect"/>
<opset="trunc_ln818_26/1 "/>
</bind>
</comp>

<comp id="83360" class="1004" name="trunc_ln818_27_fu_83360">
<pin_list>
<pin id="83361" dir="0" index="0" bw="16" slack="0"/>
<pin id="83362" dir="0" index="1" bw="26" slack="0"/>
<pin id="83363" dir="0" index="2" bw="5" slack="0"/>
<pin id="83364" dir="0" index="3" bw="6" slack="0"/>
<pin id="83365" dir="1" index="4" bw="16" slack="0"/>
</pin_list>
<bind>
<opcode="partselect(1002) " fcode="partselect"/>
<opset="trunc_ln818_27/1 "/>
</bind>
</comp>

<comp id="83370" class="1004" name="shl_ln1273_635_fu_83370">
<pin_list>
<pin id="83371" dir="0" index="0" bw="24" slack="0"/>
<pin id="83372" dir="0" index="1" bw="16" slack="0"/>
<pin id="83373" dir="0" index="2" bw="1" slack="0"/>
<pin id="83374" dir="1" index="3" bw="24" slack="0"/>
</pin_list>
<bind>
<opcode="bitconcatenate(1004) " fcode="bitconcatenate"/>
<opset="shl_ln1273_635/1 "/>
</bind>
</comp>

<comp id="83378" class="1004" name="sext_ln1273_910_fu_83378">
<pin_list>
<pin id="83379" dir="0" index="0" bw="24" slack="0"/>
<pin id="83380" dir="1" index="1" bw="25" slack="0"/>
</pin_list>
<bind>
<opcode="sext(35) " fcode="sext"/>
<opset="sext_ln1273_910/1 "/>
</bind>
</comp>

<comp id="83382" class="1004" name="shl_ln1273_636_fu_83382">
<pin_list>
<pin id="83383" dir="0" index="0" bw="20" slack="0"/>
<pin id="83384" dir="0" index="1" bw="16" slack="0"/>
<pin id="83385" dir="0" index="2" bw="1" slack="0"/>
<pin id="83386" dir="1" index="3" bw="20" slack="0"/>
</pin_list>
<bind>
<opcode="bitconcatenate(1004) " fcode="bitconcatenate"/>
<opset="shl_ln1273_636/1 "/>
</bind>
</comp>

<comp id="83390" class="1004" name="sext_ln1273_911_fu_83390">
<pin_list>
<pin id="83391" dir="0" index="0" bw="20" slack="0"/>
<pin id="83392" dir="1" index="1" bw="25" slack="0"/>
</pin_list>
<bind>
<opcode="sext(35) " fcode="sext"/>
<opset="sext_ln1273_911/1 "/>
</bind>
</comp>

<comp id="83394" class="1004" name="r_V_3267_fu_83394">
<pin_list>
<pin id="83395" dir="0" index="0" bw="20" slack="0"/>
<pin id="83396" dir="0" index="1" bw="24" slack="0"/>
<pin id="83397" dir="1" index="2" bw="25" slack="0"/>
</pin_list>
<bind>
<opcode="sub(10) " fcode="sub"/>
<opset="r_V_3267/1 "/>
</bind>
</comp>

<comp id="83400" class="1004" name="trunc_ln818_28_fu_83400">
<pin_list>
<pin id="83401" dir="0" index="0" bw="15" slack="0"/>
<pin id="83402" dir="0" index="1" bw="25" slack="0"/>
<pin id="83403" dir="0" index="2" bw="5" slack="0"/>
<pin id="83404" dir="0" index="3" bw="6" slack="0"/>
<pin id="83405" dir="1" index="4" bw="15" slack="0"/>
</pin_list>
<bind>
<opcode="partselect(1002) " fcode="partselect"/>
<opset="trunc_ln818_28/1 "/>
</bind>
</comp>

<comp id="83410" class="1004" name="sext_ln818_1019_fu_83410">
<pin_list>
<pin id="83411" dir="0" index="0" bw="15" slack="0"/>
<pin id="83412" dir="1" index="1" bw="16" slack="0"/>
</pin_list>
<bind>
<opcode="sext(35) " fcode="sext"/>
<opset="sext_ln818_1019/1 "/>
</bind>
</comp>

<comp id="83414" class="1004" name="sext_ln70_726_fu_83414">
<pin_list>
<pin id="83415" dir="0" index="0" bw="16" slack="0"/>
<pin id="83416" dir="1" index="1" bw="24" slack="0"/>
</pin_list>
<bind>
<opcode="sext(35) " fcode="sext"/>
<opset="sext_ln70_726/1 "/>
</bind>
</comp>

<comp id="83418" class="1004" name="sext_ln70_727_fu_83418">
<pin_list>
<pin id="83419" dir="0" index="0" bw="16" slack="0"/>
<pin id="83420" dir="1" index="1" bw="25" slack="0"/>
</pin_list>
<bind>
<opcode="sext(35) " fcode="sext"/>
<opset="sext_ln70_727/1 "/>
</bind>
</comp>

<comp id="83423" class="1004" name="sext_ln70_728_fu_83423">
<pin_list>
<pin id="83424" dir="0" index="0" bw="16" slack="0"/>
<pin id="83425" dir="1" index="1" bw="22" slack="0"/>
</pin_list>
<bind>
<opcode="sext(35) " fcode="sext"/>
<opset="sext_ln70_728/1 "/>
</bind>
</comp>

<comp id="83428" class="1004" name="sext_ln70_729_fu_83428">
<pin_list>
<pin id="83429" dir="0" index="0" bw="16" slack="0"/>
<pin id="83430" dir="1" index="1" bw="26" slack="0"/>
</pin_list>
<bind>
<opcode="sext(35) " fcode="sext"/>
<opset="sext_ln70_729/1 "/>
</bind>
</comp>

<comp id="83434" class="1004" name="trunc_ln818_29_fu_83434">
<pin_list>
<pin id="83435" dir="0" index="0" bw="16" slack="0"/>
<pin id="83436" dir="0" index="1" bw="26" slack="0"/>
<pin id="83437" dir="0" index="2" bw="5" slack="0"/>
<pin id="83438" dir="0" index="3" bw="6" slack="0"/>
<pin id="83439" dir="1" index="4" bw="16" slack="1"/>
</pin_list>
<bind>
<opcode="partselect(1002) " fcode="partselect"/>
<opset="trunc_ln818_29/1 "/>
</bind>
</comp>

<comp id="83444" class="1004" name="trunc_ln818_30_fu_83444">
<pin_list>
<pin id="83445" dir="0" index="0" bw="12" slack="0"/>
<pin id="83446" dir="0" index="1" bw="22" slack="0"/>
<pin id="83447" dir="0" index="2" bw="5" slack="0"/>
<pin id="83448" dir="0" index="3" bw="6" slack="0"/>
<pin id="83449" dir="1" index="4" bw="12" slack="0"/>
</pin_list>
<bind>
<opcode="partselect(1002) " fcode="partselect"/>
<opset="trunc_ln818_30/1 "/>
</bind>
</comp>

<comp id="83454" class="1004" name="sext_ln1273_912_fu_83454">
<pin_list>
<pin id="83455" dir="0" index="0" bw="12" slack="0"/>
<pin id="83456" dir="1" index="1" bw="14" slack="0"/>
</pin_list>
<bind>
<opcode="sext(35) " fcode="sext"/>
<opset="sext_ln1273_912/1 "/>
</bind>
</comp>

<comp id="83458" class="1004" name="trunc_ln818_31_fu_83458">
<pin_list>
<pin id="83459" dir="0" index="0" bw="16" slack="0"/>
<pin id="83460" dir="0" index="1" bw="26" slack="0"/>
<pin id="83461" dir="0" index="2" bw="5" slack="0"/>
<pin id="83462" dir="0" index="3" bw="6" slack="0"/>
<pin id="83463" dir="1" index="4" bw="16" slack="0"/>
</pin_list>
<bind>
<opcode="partselect(1002) " fcode="partselect"/>
<opset="trunc_ln818_31/1 "/>
</bind>
</comp>

<comp id="83468" class="1004" name="trunc_ln818_32_fu_83468">
<pin_list>
<pin id="83469" dir="0" index="0" bw="15" slack="0"/>
<pin id="83470" dir="0" index="1" bw="25" slack="0"/>
<pin id="83471" dir="0" index="2" bw="5" slack="0"/>
<pin id="83472" dir="0" index="3" bw="6" slack="0"/>
<pin id="83473" dir="1" index="4" bw="15" slack="0"/>
</pin_list>
<bind>
<opcode="partselect(1002) " fcode="partselect"/>
<opset="trunc_ln818_32/1 "/>
</bind>
</comp>

<comp id="83478" class="1004" name="sext_ln818_1020_fu_83478">
<pin_list>
<pin id="83479" dir="0" index="0" bw="15" slack="0"/>
<pin id="83480" dir="1" index="1" bw="16" slack="0"/>
</pin_list>
<bind>
<opcode="sext(35) " fcode="sext"/>
<opset="sext_ln818_1020/1 "/>
</bind>
</comp>

<comp id="83482" class="1004" name="shl_ln1273_637_fu_83482">
<pin_list>
<pin id="83483" dir="0" index="0" bw="23" slack="0"/>
<pin id="83484" dir="0" index="1" bw="16" slack="0"/>
<pin id="83485" dir="0" index="2" bw="1" slack="0"/>
<pin id="83486" dir="1" index="3" bw="23" slack="0"/>
</pin_list>
<bind>
<opcode="bitconcatenate(1004) " fcode="bitconcatenate"/>
<opset="shl_ln1273_637/1 "/>
</bind>
</comp>

<comp id="83490" class="1004" name="sext_ln1273_913_fu_83490">
<pin_list>
<pin id="83491" dir="0" index="0" bw="23" slack="0"/>
<pin id="83492" dir="1" index="1" bw="24" slack="0"/>
</pin_list>
<bind>
<opcode="sext(35) " fcode="sext"/>
<opset="sext_ln1273_913/1 "/>
</bind>
</comp>

<comp id="83494" class="1004" name="sub_ln1273_fu_83494">
<pin_list>
<pin id="83495" dir="0" index="0" bw="1" slack="0"/>
<pin id="83496" dir="0" index="1" bw="23" slack="0"/>
<pin id="83497" dir="1" index="2" bw="24" slack="0"/>
</pin_list>
<bind>
<opcode="sub(10) " fcode="sub"/>
<opset="sub_ln1273/1 "/>
</bind>
</comp>

<comp id="83500" class="1004" name="r_V_3272_fu_83500">
<pin_list>
<pin id="83501" dir="0" index="0" bw="24" slack="0"/>
<pin id="83502" dir="0" index="1" bw="16" slack="0"/>
<pin id="83503" dir="1" index="2" bw="24" slack="0"/>
</pin_list>
<bind>
<opcode="sub(10) " fcode="sub"/>
<opset="r_V_3272/1 "/>
</bind>
</comp>

<comp id="83506" class="1004" name="trunc_ln818_33_fu_83506">
<pin_list>
<pin id="83507" dir="0" index="0" bw="14" slack="0"/>
<pin id="83508" dir="0" index="1" bw="24" slack="0"/>
<pin id="83509" dir="0" index="2" bw="5" slack="0"/>
<pin id="83510" dir="0" index="3" bw="6" slack="0"/>
<pin id="83511" dir="1" index="4" bw="14" slack="0"/>
</pin_list>
<bind>
<opcode="partselect(1002) " fcode="partselect"/>
<opset="trunc_ln818_33/1 "/>
</bind>
</comp>

<comp id="83516" class="1004" name="sext_ln818_1021_fu_83516">
<pin_list>
<pin id="83517" dir="0" index="0" bw="14" slack="0"/>
<pin id="83518" dir="1" index="1" bw="16" slack="0"/>
</pin_list>
<bind>
<opcode="sext(35) " fcode="sext"/>
<opset="sext_ln818_1021/1 "/>
</bind>
</comp>

<comp id="83520" class="1004" name="sext_ln70_730_fu_83520">
<pin_list>
<pin id="83521" dir="0" index="0" bw="16" slack="0"/>
<pin id="83522" dir="1" index="1" bw="26" slack="0"/>
</pin_list>
<bind>
<opcode="sext(35) " fcode="sext"/>
<opset="sext_ln70_730/1 "/>
</bind>
</comp>

<comp id="83526" class="1004" name="sext_ln70_731_fu_83526">
<pin_list>
<pin id="83527" dir="0" index="0" bw="16" slack="0"/>
<pin id="83528" dir="1" index="1" bw="25" slack="0"/>
</pin_list>
<bind>
<opcode="sext(35) " fcode="sext"/>
<opset="sext_ln70_731/1 "/>
</bind>
</comp>

<comp id="83532" class="1004" name="trunc_ln818_34_fu_83532">
<pin_list>
<pin id="83533" dir="0" index="0" bw="16" slack="0"/>
<pin id="83534" dir="0" index="1" bw="26" slack="0"/>
<pin id="83535" dir="0" index="2" bw="5" slack="0"/>
<pin id="83536" dir="0" index="3" bw="6" slack="0"/>
<pin id="83537" dir="1" index="4" bw="16" slack="1"/>
</pin_list>
<bind>
<opcode="partselect(1002) " fcode="partselect"/>
<opset="trunc_ln818_34/1 "/>
</bind>
</comp>

<comp id="83542" class="1004" name="trunc_ln818_35_fu_83542">
<pin_list>
<pin id="83543" dir="0" index="0" bw="15" slack="0"/>
<pin id="83544" dir="0" index="1" bw="25" slack="0"/>
<pin id="83545" dir="0" index="2" bw="5" slack="0"/>
<pin id="83546" dir="0" index="3" bw="6" slack="0"/>
<pin id="83547" dir="1" index="4" bw="15" slack="1"/>
</pin_list>
<bind>
<opcode="partselect(1002) " fcode="partselect"/>
<opset="trunc_ln818_35/1 "/>
</bind>
</comp>

<comp id="83552" class="1004" name="trunc_ln818_36_fu_83552">
<pin_list>
<pin id="83553" dir="0" index="0" bw="16" slack="0"/>
<pin id="83554" dir="0" index="1" bw="26" slack="0"/>
<pin id="83555" dir="0" index="2" bw="5" slack="0"/>
<pin id="83556" dir="0" index="3" bw="6" slack="0"/>
<pin id="83557" dir="1" index="4" bw="16" slack="1"/>
</pin_list>
<bind>
<opcode="partselect(1002) " fcode="partselect"/>
<opset="trunc_ln818_36/1 "/>
</bind>
</comp>

<comp id="83562" class="1004" name="trunc_ln818_37_fu_83562">
<pin_list>
<pin id="83563" dir="0" index="0" bw="15" slack="0"/>
<pin id="83564" dir="0" index="1" bw="25" slack="0"/>
<pin id="83565" dir="0" index="2" bw="5" slack="0"/>
<pin id="83566" dir="0" index="3" bw="6" slack="0"/>
<pin id="83567" dir="1" index="4" bw="15" slack="0"/>
</pin_list>
<bind>
<opcode="partselect(1002) " fcode="partselect"/>
<opset="trunc_ln818_37/1 "/>
</bind>
</comp>

<comp id="83572" class="1004" name="sext_ln818_1023_fu_83572">
<pin_list>
<pin id="83573" dir="0" index="0" bw="15" slack="0"/>
<pin id="83574" dir="1" index="1" bw="16" slack="0"/>
</pin_list>
<bind>
<opcode="sext(35) " fcode="sext"/>
<opset="sext_ln818_1023/1 "/>
</bind>
</comp>

<comp id="83576" class="1004" name="shl_ln1273_638_fu_83576">
<pin_list>
<pin id="83577" dir="0" index="0" bw="19" slack="0"/>
<pin id="83578" dir="0" index="1" bw="16" slack="0"/>
<pin id="83579" dir="0" index="2" bw="1" slack="0"/>
<pin id="83580" dir="1" index="3" bw="19" slack="0"/>
</pin_list>
<bind>
<opcode="bitconcatenate(1004) " fcode="bitconcatenate"/>
<opset="shl_ln1273_638/1 "/>
</bind>
</comp>

<comp id="83584" class="1004" name="sext_ln1273_914_fu_83584">
<pin_list>
<pin id="83585" dir="0" index="0" bw="19" slack="0"/>
<pin id="83586" dir="1" index="1" bw="20" slack="0"/>
</pin_list>
<bind>
<opcode="sext(35) " fcode="sext"/>
<opset="sext_ln1273_914/1 "/>
</bind>
</comp>

<comp id="83588" class="1004" name="shl_ln1273_639_fu_83588">
<pin_list>
<pin id="83589" dir="0" index="0" bw="17" slack="0"/>
<pin id="83590" dir="0" index="1" bw="16" slack="0"/>
<pin id="83591" dir="0" index="2" bw="1" slack="0"/>
<pin id="83592" dir="1" index="3" bw="17" slack="0"/>
</pin_list>
<bind>
<opcode="bitconcatenate(1004) " fcode="bitconcatenate"/>
<opset="shl_ln1273_639/1 "/>
</bind>
</comp>

<comp id="83596" class="1004" name="sext_ln1273_915_fu_83596">
<pin_list>
<pin id="83597" dir="0" index="0" bw="17" slack="0"/>
<pin id="83598" dir="1" index="1" bw="20" slack="0"/>
</pin_list>
<bind>
<opcode="sext(35) " fcode="sext"/>
<opset="sext_ln1273_915/1 "/>
</bind>
</comp>

<comp id="83600" class="1004" name="r_V_3276_fu_83600">
<pin_list>
<pin id="83601" dir="0" index="0" bw="17" slack="0"/>
<pin id="83602" dir="0" index="1" bw="19" slack="0"/>
<pin id="83603" dir="1" index="2" bw="20" slack="0"/>
</pin_list>
<bind>
<opcode="sub(10) " fcode="sub"/>
<opset="r_V_3276/1 "/>
</bind>
</comp>

<comp id="83606" class="1004" name="trunc_ln818_38_fu_83606">
<pin_list>
<pin id="83607" dir="0" index="0" bw="10" slack="0"/>
<pin id="83608" dir="0" index="1" bw="20" slack="0"/>
<pin id="83609" dir="0" index="2" bw="5" slack="0"/>
<pin id="83610" dir="0" index="3" bw="6" slack="0"/>
<pin id="83611" dir="1" index="4" bw="10" slack="0"/>
</pin_list>
<bind>
<opcode="partselect(1002) " fcode="partselect"/>
<opset="trunc_ln818_38/1 "/>
</bind>
</comp>

<comp id="83616" class="1004" name="sext_ln70_732_fu_83616">
<pin_list>
<pin id="83617" dir="0" index="0" bw="10" slack="0"/>
<pin id="83618" dir="1" index="1" bw="11" slack="0"/>
</pin_list>
<bind>
<opcode="sext(35) " fcode="sext"/>
<opset="sext_ln70_732/1 "/>
</bind>
</comp>

<comp id="83620" class="1004" name="sext_ln70_733_fu_83620">
<pin_list>
<pin id="83621" dir="0" index="0" bw="16" slack="0"/>
<pin id="83622" dir="1" index="1" bw="25" slack="0"/>
</pin_list>
<bind>
<opcode="sext(35) " fcode="sext"/>
<opset="sext_ln70_733/1 "/>
</bind>
</comp>

<comp id="83625" class="1004" name="sext_ln70_734_fu_83625">
<pin_list>
<pin id="83626" dir="0" index="0" bw="16" slack="0"/>
<pin id="83627" dir="1" index="1" bw="24" slack="0"/>
</pin_list>
<bind>
<opcode="sext(35) " fcode="sext"/>
<opset="sext_ln70_734/1 "/>
</bind>
</comp>

<comp id="83630" class="1004" name="sext_ln70_735_fu_83630">
<pin_list>
<pin id="83631" dir="0" index="0" bw="16" slack="0"/>
<pin id="83632" dir="1" index="1" bw="26" slack="0"/>
</pin_list>
<bind>
<opcode="sext(35) " fcode="sext"/>
<opset="sext_ln70_735/1 "/>
</bind>
</comp>

<comp id="83636" class="1004" name="shl_ln1273_640_fu_83636">
<pin_list>
<pin id="83637" dir="0" index="0" bw="23" slack="0"/>
<pin id="83638" dir="0" index="1" bw="16" slack="0"/>
<pin id="83639" dir="0" index="2" bw="1" slack="0"/>
<pin id="83640" dir="1" index="3" bw="23" slack="0"/>
</pin_list>
<bind>
<opcode="bitconcatenate(1004) " fcode="bitconcatenate"/>
<opset="shl_ln1273_640/1 "/>
</bind>
</comp>

<comp id="83644" class="1004" name="sext_ln1273_916_fu_83644">
<pin_list>
<pin id="83645" dir="0" index="0" bw="23" slack="0"/>
<pin id="83646" dir="1" index="1" bw="24" slack="0"/>
</pin_list>
<bind>
<opcode="sext(35) " fcode="sext"/>
<opset="sext_ln1273_916/1 "/>
</bind>
</comp>

<comp id="83648" class="1004" name="shl_ln1273_641_fu_83648">
<pin_list>
<pin id="83649" dir="0" index="0" bw="19" slack="0"/>
<pin id="83650" dir="0" index="1" bw="16" slack="0"/>
<pin id="83651" dir="0" index="2" bw="1" slack="0"/>
<pin id="83652" dir="1" index="3" bw="19" slack="0"/>
</pin_list>
<bind>
<opcode="bitconcatenate(1004) " fcode="bitconcatenate"/>
<opset="shl_ln1273_641/1 "/>
</bind>
</comp>

<comp id="83656" class="1004" name="sext_ln1273_917_fu_83656">
<pin_list>
<pin id="83657" dir="0" index="0" bw="19" slack="0"/>
<pin id="83658" dir="1" index="1" bw="24" slack="0"/>
</pin_list>
<bind>
<opcode="sext(35) " fcode="sext"/>
<opset="sext_ln1273_917/1 "/>
</bind>
</comp>

<comp id="83660" class="1004" name="r_V_3277_fu_83660">
<pin_list>
<pin id="83661" dir="0" index="0" bw="23" slack="0"/>
<pin id="83662" dir="0" index="1" bw="19" slack="0"/>
<pin id="83663" dir="1" index="2" bw="24" slack="0"/>
</pin_list>
<bind>
<opcode="add(8) " fcode="add"/>
<opset="r_V_3277/1 "/>
</bind>
</comp>

<comp id="83666" class="1004" name="trunc_ln818_39_fu_83666">
<pin_list>
<pin id="83667" dir="0" index="0" bw="14" slack="0"/>
<pin id="83668" dir="0" index="1" bw="24" slack="0"/>
<pin id="83669" dir="0" index="2" bw="5" slack="0"/>
<pin id="83670" dir="0" index="3" bw="6" slack="0"/>
<pin id="83671" dir="1" index="4" bw="14" slack="0"/>
</pin_list>
<bind>
<opcode="partselect(1002) " fcode="partselect"/>
<opset="trunc_ln818_39/1 "/>
</bind>
</comp>

<comp id="83676" class="1004" name="sext_ln1273_950_fu_83676">
<pin_list>
<pin id="83677" dir="0" index="0" bw="14" slack="0"/>
<pin id="83678" dir="1" index="1" bw="15" slack="0"/>
</pin_list>
<bind>
<opcode="sext(35) " fcode="sext"/>
<opset="sext_ln1273_950/1 "/>
</bind>
</comp>

<comp id="83680" class="1004" name="trunc_ln818_40_fu_83680">
<pin_list>
<pin id="83681" dir="0" index="0" bw="16" slack="0"/>
<pin id="83682" dir="0" index="1" bw="26" slack="0"/>
<pin id="83683" dir="0" index="2" bw="5" slack="0"/>
<pin id="83684" dir="0" index="3" bw="6" slack="0"/>
<pin id="83685" dir="1" index="4" bw="16" slack="0"/>
</pin_list>
<bind>
<opcode="partselect(1002) " fcode="partselect"/>
<opset="trunc_ln818_40/1 "/>
</bind>
</comp>

<comp id="83690" class="1004" name="trunc_ln818_41_fu_83690">
<pin_list>
<pin id="83691" dir="0" index="0" bw="16" slack="0"/>
<pin id="83692" dir="0" index="1" bw="26" slack="0"/>
<pin id="83693" dir="0" index="2" bw="5" slack="0"/>
<pin id="83694" dir="0" index="3" bw="6" slack="0"/>
<pin id="83695" dir="1" index="4" bw="16" slack="1"/>
</pin_list>
<bind>
<opcode="partselect(1002) " fcode="partselect"/>
<opset="trunc_ln818_41/1 "/>
</bind>
</comp>

<comp id="83700" class="1004" name="trunc_ln818_42_fu_83700">
<pin_list>
<pin id="83701" dir="0" index="0" bw="14" slack="0"/>
<pin id="83702" dir="0" index="1" bw="24" slack="0"/>
<pin id="83703" dir="0" index="2" bw="5" slack="0"/>
<pin id="83704" dir="0" index="3" bw="6" slack="0"/>
<pin id="83705" dir="1" index="4" bw="14" slack="0"/>
</pin_list>
<bind>
<opcode="partselect(1002) " fcode="partselect"/>
<opset="trunc_ln818_42/1 "/>
</bind>
</comp>

<comp id="83710" class="1004" name="sext_ln1273_951_fu_83710">
<pin_list>
<pin id="83711" dir="0" index="0" bw="14" slack="0"/>
<pin id="83712" dir="1" index="1" bw="15" slack="0"/>
</pin_list>
<bind>
<opcode="sext(35) " fcode="sext"/>
<opset="sext_ln1273_951/1 "/>
</bind>
</comp>

<comp id="83714" class="1004" name="trunc_ln818_43_fu_83714">
<pin_list>
<pin id="83715" dir="0" index="0" bw="15" slack="0"/>
<pin id="83716" dir="0" index="1" bw="25" slack="0"/>
<pin id="83717" dir="0" index="2" bw="5" slack="0"/>
<pin id="83718" dir="0" index="3" bw="6" slack="0"/>
<pin id="83719" dir="1" index="4" bw="15" slack="0"/>
</pin_list>
<bind>
<opcode="partselect(1002) " fcode="partselect"/>
<opset="trunc_ln818_43/1 "/>
</bind>
</comp>

<comp id="83724" class="1004" name="sext_ln818_1024_fu_83724">
<pin_list>
<pin id="83725" dir="0" index="0" bw="15" slack="0"/>
<pin id="83726" dir="1" index="1" bw="16" slack="0"/>
</pin_list>
<bind>
<opcode="sext(35) " fcode="sext"/>
<opset="sext_ln818_1024/1 "/>
</bind>
</comp>

<comp id="83728" class="1004" name="sext_ln70_736_fu_83728">
<pin_list>
<pin id="83729" dir="0" index="0" bw="16" slack="0"/>
<pin id="83730" dir="1" index="1" bw="26" slack="0"/>
</pin_list>
<bind>
<opcode="sext(35) " fcode="sext"/>
<opset="sext_ln70_736/1 "/>
</bind>
</comp>

<comp id="83734" class="1004" name="sext_ln70_737_fu_83734">
<pin_list>
<pin id="83735" dir="0" index="0" bw="16" slack="0"/>
<pin id="83736" dir="1" index="1" bw="25" slack="0"/>
</pin_list>
<bind>
<opcode="sext(35) " fcode="sext"/>
<opset="sext_ln70_737/1 "/>
</bind>
</comp>

<comp id="83739" class="1004" name="sext_ln70_738_fu_83739">
<pin_list>
<pin id="83740" dir="0" index="0" bw="16" slack="0"/>
<pin id="83741" dir="1" index="1" bw="24" slack="0"/>
</pin_list>
<bind>
<opcode="sext(35) " fcode="sext"/>
<opset="sext_ln70_738/1 "/>
</bind>
</comp>

<comp id="83744" class="1004" name="shl_ln1273_642_fu_83744">
<pin_list>
<pin id="83745" dir="0" index="0" bw="19" slack="0"/>
<pin id="83746" dir="0" index="1" bw="16" slack="0"/>
<pin id="83747" dir="0" index="2" bw="1" slack="0"/>
<pin id="83748" dir="1" index="3" bw="19" slack="0"/>
</pin_list>
<bind>
<opcode="bitconcatenate(1004) " fcode="bitconcatenate"/>
<opset="shl_ln1273_642/1 "/>
</bind>
</comp>

<comp id="83752" class="1004" name="sext_ln1273_918_fu_83752">
<pin_list>
<pin id="83753" dir="0" index="0" bw="19" slack="0"/>
<pin id="83754" dir="1" index="1" bw="20" slack="0"/>
</pin_list>
<bind>
<opcode="sext(35) " fcode="sext"/>
<opset="sext_ln1273_918/1 "/>
</bind>
</comp>

<comp id="83756" class="1004" name="shl_ln1273_643_fu_83756">
<pin_list>
<pin id="83757" dir="0" index="0" bw="17" slack="0"/>
<pin id="83758" dir="0" index="1" bw="16" slack="0"/>
<pin id="83759" dir="0" index="2" bw="1" slack="0"/>
<pin id="83760" dir="1" index="3" bw="17" slack="0"/>
</pin_list>
<bind>
<opcode="bitconcatenate(1004) " fcode="bitconcatenate"/>
<opset="shl_ln1273_643/1 "/>
</bind>
</comp>

<comp id="83764" class="1004" name="sext_ln1273_919_fu_83764">
<pin_list>
<pin id="83765" dir="0" index="0" bw="17" slack="0"/>
<pin id="83766" dir="1" index="1" bw="20" slack="0"/>
</pin_list>
<bind>
<opcode="sext(35) " fcode="sext"/>
<opset="sext_ln1273_919/1 "/>
</bind>
</comp>

<comp id="83768" class="1004" name="r_V_3282_fu_83768">
<pin_list>
<pin id="83769" dir="0" index="0" bw="17" slack="0"/>
<pin id="83770" dir="0" index="1" bw="19" slack="0"/>
<pin id="83771" dir="1" index="2" bw="20" slack="0"/>
</pin_list>
<bind>
<opcode="sub(10) " fcode="sub"/>
<opset="r_V_3282/1 "/>
</bind>
</comp>

<comp id="83774" class="1004" name="trunc_ln818_44_fu_83774">
<pin_list>
<pin id="83775" dir="0" index="0" bw="10" slack="0"/>
<pin id="83776" dir="0" index="1" bw="20" slack="0"/>
<pin id="83777" dir="0" index="2" bw="5" slack="0"/>
<pin id="83778" dir="0" index="3" bw="6" slack="0"/>
<pin id="83779" dir="1" index="4" bw="10" slack="0"/>
</pin_list>
<bind>
<opcode="partselect(1002) " fcode="partselect"/>
<opset="trunc_ln818_44/1 "/>
</bind>
</comp>

<comp id="83784" class="1004" name="sext_ln1273_952_fu_83784">
<pin_list>
<pin id="83785" dir="0" index="0" bw="10" slack="0"/>
<pin id="83786" dir="1" index="1" bw="11" slack="0"/>
</pin_list>
<bind>
<opcode="sext(35) " fcode="sext"/>
<opset="sext_ln1273_952/1 "/>
</bind>
</comp>

<comp id="83788" class="1004" name="trunc_ln818_45_fu_83788">
<pin_list>
<pin id="83789" dir="0" index="0" bw="14" slack="0"/>
<pin id="83790" dir="0" index="1" bw="24" slack="0"/>
<pin id="83791" dir="0" index="2" bw="5" slack="0"/>
<pin id="83792" dir="0" index="3" bw="6" slack="0"/>
<pin id="83793" dir="1" index="4" bw="14" slack="0"/>
</pin_list>
<bind>
<opcode="partselect(1002) " fcode="partselect"/>
<opset="trunc_ln818_45/1 "/>
</bind>
</comp>

<comp id="83798" class="1004" name="sext_ln1273_953_fu_83798">
<pin_list>
<pin id="83799" dir="0" index="0" bw="14" slack="0"/>
<pin id="83800" dir="1" index="1" bw="15" slack="0"/>
</pin_list>
<bind>
<opcode="sext(35) " fcode="sext"/>
<opset="sext_ln1273_953/1 "/>
</bind>
</comp>

<comp id="83802" class="1004" name="trunc_ln818_46_fu_83802">
<pin_list>
<pin id="83803" dir="0" index="0" bw="15" slack="0"/>
<pin id="83804" dir="0" index="1" bw="25" slack="0"/>
<pin id="83805" dir="0" index="2" bw="5" slack="0"/>
<pin id="83806" dir="0" index="3" bw="6" slack="0"/>
<pin id="83807" dir="1" index="4" bw="15" slack="0"/>
</pin_list>
<bind>
<opcode="partselect(1002) " fcode="partselect"/>
<opset="trunc_ln818_46/1 "/>
</bind>
</comp>

<comp id="83812" class="1004" name="sext_ln818_1025_fu_83812">
<pin_list>
<pin id="83813" dir="0" index="0" bw="15" slack="0"/>
<pin id="83814" dir="1" index="1" bw="16" slack="0"/>
</pin_list>
<bind>
<opcode="sext(35) " fcode="sext"/>
<opset="sext_ln818_1025/1 "/>
</bind>
</comp>

<comp id="83816" class="1004" name="trunc_ln818_47_fu_83816">
<pin_list>
<pin id="83817" dir="0" index="0" bw="16" slack="0"/>
<pin id="83818" dir="0" index="1" bw="26" slack="0"/>
<pin id="83819" dir="0" index="2" bw="5" slack="0"/>
<pin id="83820" dir="0" index="3" bw="6" slack="0"/>
<pin id="83821" dir="1" index="4" bw="16" slack="0"/>
</pin_list>
<bind>
<opcode="partselect(1002) " fcode="partselect"/>
<opset="trunc_ln818_47/1 "/>
</bind>
</comp>

<comp id="83826" class="1004" name="trunc_ln818_48_fu_83826">
<pin_list>
<pin id="83827" dir="0" index="0" bw="16" slack="0"/>
<pin id="83828" dir="0" index="1" bw="26" slack="0"/>
<pin id="83829" dir="0" index="2" bw="5" slack="0"/>
<pin id="83830" dir="0" index="3" bw="6" slack="0"/>
<pin id="83831" dir="1" index="4" bw="16" slack="0"/>
</pin_list>
<bind>
<opcode="partselect(1002) " fcode="partselect"/>
<opset="trunc_ln818_48/1 "/>
</bind>
</comp>

<comp id="83836" class="1004" name="sext_ln70_739_fu_83836">
<pin_list>
<pin id="83837" dir="0" index="0" bw="16" slack="0"/>
<pin id="83838" dir="1" index="1" bw="24" slack="0"/>
</pin_list>
<bind>
<opcode="sext(35) " fcode="sext"/>
<opset="sext_ln70_739/1 "/>
</bind>
</comp>

<comp id="83841" class="1004" name="sext_ln70_740_fu_83841">
<pin_list>
<pin id="83842" dir="0" index="0" bw="16" slack="0"/>
<pin id="83843" dir="1" index="1" bw="25" slack="0"/>
</pin_list>
<bind>
<opcode="sext(35) " fcode="sext"/>
<opset="sext_ln70_740/1 "/>
</bind>
</comp>

<comp id="83847" class="1004" name="sext_ln70_741_fu_83847">
<pin_list>
<pin id="83848" dir="0" index="0" bw="16" slack="0"/>
<pin id="83849" dir="1" index="1" bw="26" slack="0"/>
</pin_list>
<bind>
<opcode="sext(35) " fcode="sext"/>
<opset="sext_ln70_741/1 "/>
</bind>
</comp>

<comp id="83853" class="1004" name="trunc_ln818_49_fu_83853">
<pin_list>
<pin id="83854" dir="0" index="0" bw="16" slack="0"/>
<pin id="83855" dir="0" index="1" bw="26" slack="0"/>
<pin id="83856" dir="0" index="2" bw="5" slack="0"/>
<pin id="83857" dir="0" index="3" bw="6" slack="0"/>
<pin id="83858" dir="1" index="4" bw="16" slack="0"/>
</pin_list>
<bind>
<opcode="partselect(1002) " fcode="partselect"/>
<opset="trunc_ln818_49/1 "/>
</bind>
</comp>

<comp id="83863" class="1004" name="trunc_ln818_50_fu_83863">
<pin_list>
<pin id="83864" dir="0" index="0" bw="15" slack="0"/>
<pin id="83865" dir="0" index="1" bw="25" slack="0"/>
<pin id="83866" dir="0" index="2" bw="5" slack="0"/>
<pin id="83867" dir="0" index="3" bw="6" slack="0"/>
<pin id="83868" dir="1" index="4" bw="15" slack="0"/>
</pin_list>
<bind>
<opcode="partselect(1002) " fcode="partselect"/>
<opset="trunc_ln818_50/1 "/>
</bind>
</comp>

<comp id="83873" class="1004" name="sext_ln818_1026_fu_83873">
<pin_list>
<pin id="83874" dir="0" index="0" bw="15" slack="0"/>
<pin id="83875" dir="1" index="1" bw="16" slack="0"/>
</pin_list>
<bind>
<opcode="sext(35) " fcode="sext"/>
<opset="sext_ln818_1026/1 "/>
</bind>
</comp>

<comp id="83877" class="1004" name="trunc_ln818_51_fu_83877">
<pin_list>
<pin id="83878" dir="0" index="0" bw="14" slack="0"/>
<pin id="83879" dir="0" index="1" bw="24" slack="0"/>
<pin id="83880" dir="0" index="2" bw="5" slack="0"/>
<pin id="83881" dir="0" index="3" bw="6" slack="0"/>
<pin id="83882" dir="1" index="4" bw="14" slack="0"/>
</pin_list>
<bind>
<opcode="partselect(1002) " fcode="partselect"/>
<opset="trunc_ln818_51/1 "/>
</bind>
</comp>

<comp id="83887" class="1004" name="sext_ln1273_954_fu_83887">
<pin_list>
<pin id="83888" dir="0" index="0" bw="14" slack="0"/>
<pin id="83889" dir="1" index="1" bw="15" slack="0"/>
</pin_list>
<bind>
<opcode="sext(35) " fcode="sext"/>
<opset="sext_ln1273_954/1 "/>
</bind>
</comp>

<comp id="83891" class="1004" name="trunc_ln818_52_fu_83891">
<pin_list>
<pin id="83892" dir="0" index="0" bw="16" slack="0"/>
<pin id="83893" dir="0" index="1" bw="26" slack="0"/>
<pin id="83894" dir="0" index="2" bw="5" slack="0"/>
<pin id="83895" dir="0" index="3" bw="6" slack="0"/>
<pin id="83896" dir="1" index="4" bw="16" slack="1"/>
</pin_list>
<bind>
<opcode="partselect(1002) " fcode="partselect"/>
<opset="trunc_ln818_52/1 "/>
</bind>
</comp>

<comp id="83901" class="1004" name="trunc_ln818_53_fu_83901">
<pin_list>
<pin id="83902" dir="0" index="0" bw="15" slack="0"/>
<pin id="83903" dir="0" index="1" bw="25" slack="0"/>
<pin id="83904" dir="0" index="2" bw="5" slack="0"/>
<pin id="83905" dir="0" index="3" bw="6" slack="0"/>
<pin id="83906" dir="1" index="4" bw="15" slack="1"/>
</pin_list>
<bind>
<opcode="partselect(1002) " fcode="partselect"/>
<opset="trunc_ln818_53/1 "/>
</bind>
</comp>

<comp id="83911" class="1004" name="sext_ln70_742_fu_83911">
<pin_list>
<pin id="83912" dir="0" index="0" bw="16" slack="0"/>
<pin id="83913" dir="1" index="1" bw="23" slack="0"/>
</pin_list>
<bind>
<opcode="sext(35) " fcode="sext"/>
<opset="sext_ln70_742/1 "/>
</bind>
</comp>

<comp id="83916" class="1004" name="sext_ln1270_10_fu_83916">
<pin_list>
<pin id="83917" dir="0" index="0" bw="16" slack="0"/>
<pin id="83918" dir="1" index="1" bw="26" slack="0"/>
</pin_list>
<bind>
<opcode="sext(35) " fcode="sext"/>
<opset="sext_ln1270_10/1 "/>
</bind>
</comp>

<comp id="83922" class="1004" name="sext_ln70_743_fu_83922">
<pin_list>
<pin id="83923" dir="0" index="0" bw="16" slack="0"/>
<pin id="83924" dir="1" index="1" bw="24" slack="0"/>
</pin_list>
<bind>
<opcode="sext(35) " fcode="sext"/>
<opset="sext_ln70_743/1 "/>
</bind>
</comp>

<comp id="83928" class="1004" name="trunc_ln818_54_fu_83928">
<pin_list>
<pin id="83929" dir="0" index="0" bw="14" slack="0"/>
<pin id="83930" dir="0" index="1" bw="24" slack="0"/>
<pin id="83931" dir="0" index="2" bw="5" slack="0"/>
<pin id="83932" dir="0" index="3" bw="6" slack="0"/>
<pin id="83933" dir="1" index="4" bw="14" slack="0"/>
</pin_list>
<bind>
<opcode="partselect(1002) " fcode="partselect"/>
<opset="trunc_ln818_54/1 "/>
</bind>
</comp>

<comp id="83938" class="1004" name="sext_ln1273_955_fu_83938">
<pin_list>
<pin id="83939" dir="0" index="0" bw="14" slack="0"/>
<pin id="83940" dir="1" index="1" bw="15" slack="0"/>
</pin_list>
<bind>
<opcode="sext(35) " fcode="sext"/>
<opset="sext_ln1273_955/1 "/>
</bind>
</comp>

<comp id="83942" class="1004" name="trunc_ln818_55_fu_83942">
<pin_list>
<pin id="83943" dir="0" index="0" bw="16" slack="0"/>
<pin id="83944" dir="0" index="1" bw="26" slack="0"/>
<pin id="83945" dir="0" index="2" bw="5" slack="0"/>
<pin id="83946" dir="0" index="3" bw="6" slack="0"/>
<pin id="83947" dir="1" index="4" bw="16" slack="1"/>
</pin_list>
<bind>
<opcode="partselect(1002) " fcode="partselect"/>
<opset="trunc_ln818_55/1 "/>
</bind>
</comp>

<comp id="83952" class="1004" name="trunc_ln818_56_fu_83952">
<pin_list>
<pin id="83953" dir="0" index="0" bw="16" slack="0"/>
<pin id="83954" dir="0" index="1" bw="26" slack="0"/>
<pin id="83955" dir="0" index="2" bw="5" slack="0"/>
<pin id="83956" dir="0" index="3" bw="6" slack="0"/>
<pin id="83957" dir="1" index="4" bw="16" slack="0"/>
</pin_list>
<bind>
<opcode="partselect(1002) " fcode="partselect"/>
<opset="trunc_ln818_56/1 "/>
</bind>
</comp>

<comp id="83962" class="1004" name="trunc_ln818_57_fu_83962">
<pin_list>
<pin id="83963" dir="0" index="0" bw="14" slack="0"/>
<pin id="83964" dir="0" index="1" bw="24" slack="0"/>
<pin id="83965" dir="0" index="2" bw="5" slack="0"/>
<pin id="83966" dir="0" index="3" bw="6" slack="0"/>
<pin id="83967" dir="1" index="4" bw="14" slack="0"/>
</pin_list>
<bind>
<opcode="partselect(1002) " fcode="partselect"/>
<opset="trunc_ln818_57/1 "/>
</bind>
</comp>

<comp id="83972" class="1004" name="sext_ln1273_956_fu_83972">
<pin_list>
<pin id="83973" dir="0" index="0" bw="14" slack="0"/>
<pin id="83974" dir="1" index="1" bw="15" slack="0"/>
</pin_list>
<bind>
<opcode="sext(35) " fcode="sext"/>
<opset="sext_ln1273_956/1 "/>
</bind>
</comp>

<comp id="83976" class="1004" name="trunc_ln818_58_fu_83976">
<pin_list>
<pin id="83977" dir="0" index="0" bw="13" slack="0"/>
<pin id="83978" dir="0" index="1" bw="23" slack="0"/>
<pin id="83979" dir="0" index="2" bw="5" slack="0"/>
<pin id="83980" dir="0" index="3" bw="6" slack="0"/>
<pin id="83981" dir="1" index="4" bw="13" slack="0"/>
</pin_list>
<bind>
<opcode="partselect(1002) " fcode="partselect"/>
<opset="trunc_ln818_58/1 "/>
</bind>
</comp>

<comp id="83986" class="1004" name="sext_ln1270_11_fu_83986">
<pin_list>
<pin id="83987" dir="0" index="0" bw="13" slack="0"/>
<pin id="83988" dir="1" index="1" bw="14" slack="0"/>
</pin_list>
<bind>
<opcode="sext(35) " fcode="sext"/>
<opset="sext_ln1270_11/1 "/>
</bind>
</comp>

<comp id="83990" class="1004" name="sext_ln1270_12_fu_83990">
<pin_list>
<pin id="83991" dir="0" index="0" bw="16" slack="0"/>
<pin id="83992" dir="1" index="1" bw="26" slack="0"/>
</pin_list>
<bind>
<opcode="sext(35) " fcode="sext"/>
<opset="sext_ln1270_12/1 "/>
</bind>
</comp>

<comp id="83996" class="1004" name="sext_ln70_744_fu_83996">
<pin_list>
<pin id="83997" dir="0" index="0" bw="16" slack="0"/>
<pin id="83998" dir="1" index="1" bw="25" slack="0"/>
</pin_list>
<bind>
<opcode="sext(35) " fcode="sext"/>
<opset="sext_ln70_744/1 "/>
</bind>
</comp>

<comp id="84001" class="1004" name="shl_ln1273_644_fu_84001">
<pin_list>
<pin id="84002" dir="0" index="0" bw="25" slack="0"/>
<pin id="84003" dir="0" index="1" bw="16" slack="0"/>
<pin id="84004" dir="0" index="2" bw="1" slack="0"/>
<pin id="84005" dir="1" index="3" bw="25" slack="0"/>
</pin_list>
<bind>
<opcode="bitconcatenate(1004) " fcode="bitconcatenate"/>
<opset="shl_ln1273_644/1 "/>
</bind>
</comp>

<comp id="84009" class="1004" name="sext_ln1273_920_fu_84009">
<pin_list>
<pin id="84010" dir="0" index="0" bw="25" slack="0"/>
<pin id="84011" dir="1" index="1" bw="26" slack="0"/>
</pin_list>
<bind>
<opcode="sext(35) " fcode="sext"/>
<opset="sext_ln1273_920/1 "/>
</bind>
</comp>

<comp id="84013" class="1004" name="shl_ln1273_645_fu_84013">
<pin_list>
<pin id="84014" dir="0" index="0" bw="21" slack="0"/>
<pin id="84015" dir="0" index="1" bw="16" slack="0"/>
<pin id="84016" dir="0" index="2" bw="1" slack="0"/>
<pin id="84017" dir="1" index="3" bw="21" slack="0"/>
</pin_list>
<bind>
<opcode="bitconcatenate(1004) " fcode="bitconcatenate"/>
<opset="shl_ln1273_645/1 "/>
</bind>
</comp>

<comp id="84021" class="1004" name="sext_ln1273_921_fu_84021">
<pin_list>
<pin id="84022" dir="0" index="0" bw="21" slack="0"/>
<pin id="84023" dir="1" index="1" bw="26" slack="0"/>
</pin_list>
<bind>
<opcode="sext(35) " fcode="sext"/>
<opset="sext_ln1273_921/1 "/>
</bind>
</comp>

<comp id="84025" class="1004" name="r_V_3295_fu_84025">
<pin_list>
<pin id="84026" dir="0" index="0" bw="21" slack="0"/>
<pin id="84027" dir="0" index="1" bw="25" slack="0"/>
<pin id="84028" dir="1" index="2" bw="26" slack="0"/>
</pin_list>
<bind>
<opcode="sub(10) " fcode="sub"/>
<opset="r_V_3295/1 "/>
</bind>
</comp>

<comp id="84031" class="1004" name="trunc_ln818_59_fu_84031">
<pin_list>
<pin id="84032" dir="0" index="0" bw="16" slack="0"/>
<pin id="84033" dir="0" index="1" bw="26" slack="0"/>
<pin id="84034" dir="0" index="2" bw="5" slack="0"/>
<pin id="84035" dir="0" index="3" bw="6" slack="0"/>
<pin id="84036" dir="1" index="4" bw="16" slack="0"/>
</pin_list>
<bind>
<opcode="partselect(1002) " fcode="partselect"/>
<opset="trunc_ln818_59/1 "/>
</bind>
</comp>

<comp id="84041" class="1004" name="trunc_ln818_60_fu_84041">
<pin_list>
<pin id="84042" dir="0" index="0" bw="16" slack="0"/>
<pin id="84043" dir="0" index="1" bw="26" slack="0"/>
<pin id="84044" dir="0" index="2" bw="5" slack="0"/>
<pin id="84045" dir="0" index="3" bw="6" slack="0"/>
<pin id="84046" dir="1" index="4" bw="16" slack="1"/>
</pin_list>
<bind>
<opcode="partselect(1002) " fcode="partselect"/>
<opset="trunc_ln818_60/1 "/>
</bind>
</comp>

<comp id="84051" class="1004" name="r_V_3297_fu_84051">
<pin_list>
<pin id="84052" dir="0" index="0" bw="1" slack="0"/>
<pin id="84053" dir="0" index="1" bw="25" slack="0"/>
<pin id="84054" dir="1" index="2" bw="26" slack="0"/>
</pin_list>
<bind>
<opcode="sub(10) " fcode="sub"/>
<opset="r_V_3297/1 "/>
</bind>
</comp>

<comp id="84057" class="1004" name="trunc_ln818_61_fu_84057">
<pin_list>
<pin id="84058" dir="0" index="0" bw="16" slack="0"/>
<pin id="84059" dir="0" index="1" bw="26" slack="0"/>
<pin id="84060" dir="0" index="2" bw="5" slack="0"/>
<pin id="84061" dir="0" index="3" bw="6" slack="0"/>
<pin id="84062" dir="1" index="4" bw="16" slack="0"/>
</pin_list>
<bind>
<opcode="partselect(1002) " fcode="partselect"/>
<opset="trunc_ln818_61/1 "/>
</bind>
</comp>

<comp id="84067" class="1004" name="trunc_ln818_62_fu_84067">
<pin_list>
<pin id="84068" dir="0" index="0" bw="15" slack="0"/>
<pin id="84069" dir="0" index="1" bw="25" slack="0"/>
<pin id="84070" dir="0" index="2" bw="5" slack="0"/>
<pin id="84071" dir="0" index="3" bw="6" slack="0"/>
<pin id="84072" dir="1" index="4" bw="15" slack="1"/>
</pin_list>
<bind>
<opcode="partselect(1002) " fcode="partselect"/>
<opset="trunc_ln818_62/1 "/>
</bind>
</comp>

<comp id="84077" class="1004" name="trunc_ln818_63_fu_84077">
<pin_list>
<pin id="84078" dir="0" index="0" bw="16" slack="0"/>
<pin id="84079" dir="0" index="1" bw="26" slack="0"/>
<pin id="84080" dir="0" index="2" bw="5" slack="0"/>
<pin id="84081" dir="0" index="3" bw="6" slack="0"/>
<pin id="84082" dir="1" index="4" bw="16" slack="0"/>
</pin_list>
<bind>
<opcode="partselect(1002) " fcode="partselect"/>
<opset="trunc_ln818_63/1 "/>
</bind>
</comp>

<comp id="84087" class="1004" name="sext_ln70_745_fu_84087">
<pin_list>
<pin id="84088" dir="0" index="0" bw="16" slack="0"/>
<pin id="84089" dir="1" index="1" bw="24" slack="0"/>
</pin_list>
<bind>
<opcode="sext(35) " fcode="sext"/>
<opset="sext_ln70_745/1 "/>
</bind>
</comp>

<comp id="84092" class="1004" name="sext_ln70_746_fu_84092">
<pin_list>
<pin id="84093" dir="0" index="0" bw="16" slack="0"/>
<pin id="84094" dir="1" index="1" bw="26" slack="0"/>
</pin_list>
<bind>
<opcode="sext(35) " fcode="sext"/>
<opset="sext_ln70_746/1 "/>
</bind>
</comp>

<comp id="84098" class="1004" name="sext_ln70_747_fu_84098">
<pin_list>
<pin id="84099" dir="0" index="0" bw="16" slack="0"/>
<pin id="84100" dir="1" index="1" bw="25" slack="0"/>
</pin_list>
<bind>
<opcode="sext(35) " fcode="sext"/>
<opset="sext_ln70_747/1 "/>
</bind>
</comp>

<comp id="84103" class="1004" name="shl_ln1273_646_fu_84103">
<pin_list>
<pin id="84104" dir="0" index="0" bw="25" slack="0"/>
<pin id="84105" dir="0" index="1" bw="16" slack="0"/>
<pin id="84106" dir="0" index="2" bw="1" slack="0"/>
<pin id="84107" dir="1" index="3" bw="25" slack="0"/>
</pin_list>
<bind>
<opcode="bitconcatenate(1004) " fcode="bitconcatenate"/>
<opset="shl_ln1273_646/1 "/>
</bind>
</comp>

<comp id="84111" class="1004" name="sext_ln1273_922_fu_84111">
<pin_list>
<pin id="84112" dir="0" index="0" bw="25" slack="0"/>
<pin id="84113" dir="1" index="1" bw="26" slack="0"/>
</pin_list>
<bind>
<opcode="sext(35) " fcode="sext"/>
<opset="sext_ln1273_922/1 "/>
</bind>
</comp>

<comp id="84115" class="1004" name="r_V_3299_fu_84115">
<pin_list>
<pin id="84116" dir="0" index="0" bw="25" slack="0"/>
<pin id="84117" dir="0" index="1" bw="16" slack="0"/>
<pin id="84118" dir="1" index="2" bw="26" slack="0"/>
</pin_list>
<bind>
<opcode="sub(10) " fcode="sub"/>
<opset="r_V_3299/1 "/>
</bind>
</comp>

<comp id="84121" class="1004" name="trunc_ln818_64_fu_84121">
<pin_list>
<pin id="84122" dir="0" index="0" bw="16" slack="0"/>
<pin id="84123" dir="0" index="1" bw="26" slack="0"/>
<pin id="84124" dir="0" index="2" bw="5" slack="0"/>
<pin id="84125" dir="0" index="3" bw="6" slack="0"/>
<pin id="84126" dir="1" index="4" bw="16" slack="0"/>
</pin_list>
<bind>
<opcode="partselect(1002) " fcode="partselect"/>
<opset="trunc_ln818_64/1 "/>
</bind>
</comp>

<comp id="84131" class="1004" name="trunc_ln818_65_fu_84131">
<pin_list>
<pin id="84132" dir="0" index="0" bw="14" slack="0"/>
<pin id="84133" dir="0" index="1" bw="24" slack="0"/>
<pin id="84134" dir="0" index="2" bw="5" slack="0"/>
<pin id="84135" dir="0" index="3" bw="6" slack="0"/>
<pin id="84136" dir="1" index="4" bw="14" slack="0"/>
</pin_list>
<bind>
<opcode="partselect(1002) " fcode="partselect"/>
<opset="trunc_ln818_65/1 "/>
</bind>
</comp>

<comp id="84141" class="1004" name="sext_ln1273_957_fu_84141">
<pin_list>
<pin id="84142" dir="0" index="0" bw="14" slack="0"/>
<pin id="84143" dir="1" index="1" bw="15" slack="0"/>
</pin_list>
<bind>
<opcode="sext(35) " fcode="sext"/>
<opset="sext_ln1273_957/1 "/>
</bind>
</comp>

<comp id="84145" class="1004" name="trunc_ln818_66_fu_84145">
<pin_list>
<pin id="84146" dir="0" index="0" bw="15" slack="0"/>
<pin id="84147" dir="0" index="1" bw="25" slack="0"/>
<pin id="84148" dir="0" index="2" bw="5" slack="0"/>
<pin id="84149" dir="0" index="3" bw="6" slack="0"/>
<pin id="84150" dir="1" index="4" bw="15" slack="1"/>
</pin_list>
<bind>
<opcode="partselect(1002) " fcode="partselect"/>
<opset="trunc_ln818_66/1 "/>
</bind>
</comp>

<comp id="84155" class="1004" name="trunc_ln818_67_fu_84155">
<pin_list>
<pin id="84156" dir="0" index="0" bw="16" slack="0"/>
<pin id="84157" dir="0" index="1" bw="26" slack="0"/>
<pin id="84158" dir="0" index="2" bw="5" slack="0"/>
<pin id="84159" dir="0" index="3" bw="6" slack="0"/>
<pin id="84160" dir="1" index="4" bw="16" slack="1"/>
</pin_list>
<bind>
<opcode="partselect(1002) " fcode="partselect"/>
<opset="trunc_ln818_67/1 "/>
</bind>
</comp>

<comp id="84165" class="1004" name="trunc_ln818_68_fu_84165">
<pin_list>
<pin id="84166" dir="0" index="0" bw="16" slack="0"/>
<pin id="84167" dir="0" index="1" bw="26" slack="0"/>
<pin id="84168" dir="0" index="2" bw="5" slack="0"/>
<pin id="84169" dir="0" index="3" bw="6" slack="0"/>
<pin id="84170" dir="1" index="4" bw="16" slack="1"/>
</pin_list>
<bind>
<opcode="partselect(1002) " fcode="partselect"/>
<opset="trunc_ln818_68/1 "/>
</bind>
</comp>

<comp id="84175" class="1004" name="sext_ln70_748_fu_84175">
<pin_list>
<pin id="84176" dir="0" index="0" bw="16" slack="0"/>
<pin id="84177" dir="1" index="1" bw="26" slack="0"/>
</pin_list>
<bind>
<opcode="sext(35) " fcode="sext"/>
<opset="sext_ln70_748/1 "/>
</bind>
</comp>

<comp id="84182" class="1004" name="sext_ln70_749_fu_84182">
<pin_list>
<pin id="84183" dir="0" index="0" bw="16" slack="0"/>
<pin id="84184" dir="1" index="1" bw="25" slack="0"/>
</pin_list>
<bind>
<opcode="sext(35) " fcode="sext"/>
<opset="sext_ln70_749/1 "/>
</bind>
</comp>

<comp id="84187" class="1004" name="sext_ln70_750_fu_84187">
<pin_list>
<pin id="84188" dir="0" index="0" bw="16" slack="0"/>
<pin id="84189" dir="1" index="1" bw="24" slack="0"/>
</pin_list>
<bind>
<opcode="sext(35) " fcode="sext"/>
<opset="sext_ln70_750/1 "/>
</bind>
</comp>

<comp id="84192" class="1004" name="trunc_ln818_69_fu_84192">
<pin_list>
<pin id="84193" dir="0" index="0" bw="14" slack="0"/>
<pin id="84194" dir="0" index="1" bw="24" slack="0"/>
<pin id="84195" dir="0" index="2" bw="5" slack="0"/>
<pin id="84196" dir="0" index="3" bw="6" slack="0"/>
<pin id="84197" dir="1" index="4" bw="14" slack="0"/>
</pin_list>
<bind>
<opcode="partselect(1002) " fcode="partselect"/>
<opset="trunc_ln818_69/1 "/>
</bind>
</comp>

<comp id="84202" class="1004" name="sext_ln1273_958_fu_84202">
<pin_list>
<pin id="84203" dir="0" index="0" bw="14" slack="0"/>
<pin id="84204" dir="1" index="1" bw="15" slack="0"/>
</pin_list>
<bind>
<opcode="sext(35) " fcode="sext"/>
<opset="sext_ln1273_958/1 "/>
</bind>
</comp>

<comp id="84206" class="1004" name="trunc_ln818_70_fu_84206">
<pin_list>
<pin id="84207" dir="0" index="0" bw="15" slack="0"/>
<pin id="84208" dir="0" index="1" bw="25" slack="0"/>
<pin id="84209" dir="0" index="2" bw="5" slack="0"/>
<pin id="84210" dir="0" index="3" bw="6" slack="0"/>
<pin id="84211" dir="1" index="4" bw="15" slack="0"/>
</pin_list>
<bind>
<opcode="partselect(1002) " fcode="partselect"/>
<opset="trunc_ln818_70/1 "/>
</bind>
</comp>

<comp id="84216" class="1004" name="sext_ln818_1030_fu_84216">
<pin_list>
<pin id="84217" dir="0" index="0" bw="15" slack="0"/>
<pin id="84218" dir="1" index="1" bw="16" slack="0"/>
</pin_list>
<bind>
<opcode="sext(35) " fcode="sext"/>
<opset="sext_ln818_1030/1 "/>
</bind>
</comp>

<comp id="84220" class="1004" name="trunc_ln818_71_fu_84220">
<pin_list>
<pin id="84221" dir="0" index="0" bw="16" slack="0"/>
<pin id="84222" dir="0" index="1" bw="26" slack="0"/>
<pin id="84223" dir="0" index="2" bw="5" slack="0"/>
<pin id="84224" dir="0" index="3" bw="6" slack="0"/>
<pin id="84225" dir="1" index="4" bw="16" slack="0"/>
</pin_list>
<bind>
<opcode="partselect(1002) " fcode="partselect"/>
<opset="trunc_ln818_71/1 "/>
</bind>
</comp>

<comp id="84230" class="1004" name="trunc_ln818_72_fu_84230">
<pin_list>
<pin id="84231" dir="0" index="0" bw="16" slack="0"/>
<pin id="84232" dir="0" index="1" bw="26" slack="0"/>
<pin id="84233" dir="0" index="2" bw="5" slack="0"/>
<pin id="84234" dir="0" index="3" bw="6" slack="0"/>
<pin id="84235" dir="1" index="4" bw="16" slack="0"/>
</pin_list>
<bind>
<opcode="partselect(1002) " fcode="partselect"/>
<opset="trunc_ln818_72/1 "/>
</bind>
</comp>

<comp id="84240" class="1004" name="trunc_ln818_73_fu_84240">
<pin_list>
<pin id="84241" dir="0" index="0" bw="16" slack="0"/>
<pin id="84242" dir="0" index="1" bw="26" slack="0"/>
<pin id="84243" dir="0" index="2" bw="5" slack="0"/>
<pin id="84244" dir="0" index="3" bw="6" slack="0"/>
<pin id="84245" dir="1" index="4" bw="16" slack="1"/>
</pin_list>
<bind>
<opcode="partselect(1002) " fcode="partselect"/>
<opset="trunc_ln818_73/1 "/>
</bind>
</comp>

<comp id="84250" class="1004" name="sext_ln1270_13_fu_84250">
<pin_list>
<pin id="84251" dir="0" index="0" bw="16" slack="0"/>
<pin id="84252" dir="1" index="1" bw="26" slack="0"/>
</pin_list>
<bind>
<opcode="sext(35) " fcode="sext"/>
<opset="sext_ln1270_13/1 "/>
</bind>
</comp>

<comp id="84257" class="1004" name="sext_ln70_751_fu_84257">
<pin_list>
<pin id="84258" dir="0" index="0" bw="16" slack="0"/>
<pin id="84259" dir="1" index="1" bw="24" slack="0"/>
</pin_list>
<bind>
<opcode="sext(35) " fcode="sext"/>
<opset="sext_ln70_751/1 "/>
</bind>
</comp>

<comp id="84262" class="1004" name="shl_ln1273_647_fu_84262">
<pin_list>
<pin id="84263" dir="0" index="0" bw="17" slack="0"/>
<pin id="84264" dir="0" index="1" bw="16" slack="0"/>
<pin id="84265" dir="0" index="2" bw="1" slack="0"/>
<pin id="84266" dir="1" index="3" bw="17" slack="0"/>
</pin_list>
<bind>
<opcode="bitconcatenate(1004) " fcode="bitconcatenate"/>
<opset="shl_ln1273_647/1 "/>
</bind>
</comp>

<comp id="84270" class="1004" name="sext_ln1273_923_fu_84270">
<pin_list>
<pin id="84271" dir="0" index="0" bw="17" slack="0"/>
<pin id="84272" dir="1" index="1" bw="18" slack="0"/>
</pin_list>
<bind>
<opcode="sext(35) " fcode="sext"/>
<opset="sext_ln1273_923/1 "/>
</bind>
</comp>

<comp id="84274" class="1004" name="r_V_3308_fu_84274">
<pin_list>
<pin id="84275" dir="0" index="0" bw="1" slack="0"/>
<pin id="84276" dir="0" index="1" bw="17" slack="0"/>
<pin id="84277" dir="1" index="2" bw="18" slack="0"/>
</pin_list>
<bind>
<opcode="sub(10) " fcode="sub"/>
<opset="r_V_3308/1 "/>
</bind>
</comp>

<comp id="84280" class="1004" name="trunc_ln818_74_fu_84280">
<pin_list>
<pin id="84281" dir="0" index="0" bw="8" slack="0"/>
<pin id="84282" dir="0" index="1" bw="18" slack="0"/>
<pin id="84283" dir="0" index="2" bw="5" slack="0"/>
<pin id="84284" dir="0" index="3" bw="6" slack="0"/>
<pin id="84285" dir="1" index="4" bw="8" slack="0"/>
</pin_list>
<bind>
<opcode="partselect(1002) " fcode="partselect"/>
<opset="trunc_ln818_74/1 "/>
</bind>
</comp>

<comp id="84290" class="1004" name="sext_ln1273_959_fu_84290">
<pin_list>
<pin id="84291" dir="0" index="0" bw="8" slack="0"/>
<pin id="84292" dir="1" index="1" bw="9" slack="0"/>
</pin_list>
<bind>
<opcode="sext(35) " fcode="sext"/>
<opset="sext_ln1273_959/1 "/>
</bind>
</comp>

<comp id="84294" class="1004" name="trunc_ln818_75_fu_84294">
<pin_list>
<pin id="84295" dir="0" index="0" bw="14" slack="0"/>
<pin id="84296" dir="0" index="1" bw="24" slack="0"/>
<pin id="84297" dir="0" index="2" bw="5" slack="0"/>
<pin id="84298" dir="0" index="3" bw="6" slack="0"/>
<pin id="84299" dir="1" index="4" bw="14" slack="0"/>
</pin_list>
<bind>
<opcode="partselect(1002) " fcode="partselect"/>
<opset="trunc_ln818_75/1 "/>
</bind>
</comp>

<comp id="84304" class="1004" name="sext_ln1273_960_fu_84304">
<pin_list>
<pin id="84305" dir="0" index="0" bw="14" slack="0"/>
<pin id="84306" dir="1" index="1" bw="15" slack="0"/>
</pin_list>
<bind>
<opcode="sext(35) " fcode="sext"/>
<opset="sext_ln1273_960/1 "/>
</bind>
</comp>

<comp id="84308" class="1004" name="trunc_ln818_76_fu_84308">
<pin_list>
<pin id="84309" dir="0" index="0" bw="16" slack="0"/>
<pin id="84310" dir="0" index="1" bw="26" slack="0"/>
<pin id="84311" dir="0" index="2" bw="5" slack="0"/>
<pin id="84312" dir="0" index="3" bw="6" slack="0"/>
<pin id="84313" dir="1" index="4" bw="16" slack="0"/>
</pin_list>
<bind>
<opcode="partselect(1002) " fcode="partselect"/>
<opset="trunc_ln818_76/1 "/>
</bind>
</comp>

<comp id="84318" class="1004" name="trunc_ln818_77_fu_84318">
<pin_list>
<pin id="84319" dir="0" index="0" bw="16" slack="0"/>
<pin id="84320" dir="0" index="1" bw="26" slack="0"/>
<pin id="84321" dir="0" index="2" bw="5" slack="0"/>
<pin id="84322" dir="0" index="3" bw="6" slack="0"/>
<pin id="84323" dir="1" index="4" bw="16" slack="0"/>
</pin_list>
<bind>
<opcode="partselect(1002) " fcode="partselect"/>
<opset="trunc_ln818_77/1 "/>
</bind>
</comp>

<comp id="84328" class="1004" name="trunc_ln818_78_fu_84328">
<pin_list>
<pin id="84329" dir="0" index="0" bw="16" slack="0"/>
<pin id="84330" dir="0" index="1" bw="26" slack="0"/>
<pin id="84331" dir="0" index="2" bw="5" slack="0"/>
<pin id="84332" dir="0" index="3" bw="6" slack="0"/>
<pin id="84333" dir="1" index="4" bw="16" slack="0"/>
</pin_list>
<bind>
<opcode="partselect(1002) " fcode="partselect"/>
<opset="trunc_ln818_78/1 "/>
</bind>
</comp>

<comp id="84338" class="1004" name="sext_ln70_752_fu_84338">
<pin_list>
<pin id="84339" dir="0" index="0" bw="16" slack="0"/>
<pin id="84340" dir="1" index="1" bw="26" slack="0"/>
</pin_list>
<bind>
<opcode="sext(35) " fcode="sext"/>
<opset="sext_ln70_752/1 "/>
</bind>
</comp>

<comp id="84343" class="1004" name="sext_ln70_753_fu_84343">
<pin_list>
<pin id="84344" dir="0" index="0" bw="16" slack="0"/>
<pin id="84345" dir="1" index="1" bw="25" slack="0"/>
</pin_list>
<bind>
<opcode="sext(35) " fcode="sext"/>
<opset="sext_ln70_753/1 "/>
</bind>
</comp>

<comp id="84348" class="1004" name="sext_ln70_754_fu_84348">
<pin_list>
<pin id="84349" dir="0" index="0" bw="16" slack="0"/>
<pin id="84350" dir="1" index="1" bw="24" slack="0"/>
</pin_list>
<bind>
<opcode="sext(35) " fcode="sext"/>
<opset="sext_ln70_754/1 "/>
</bind>
</comp>

<comp id="84354" class="1004" name="shl_ln1273_648_fu_84354">
<pin_list>
<pin id="84355" dir="0" index="0" bw="24" slack="0"/>
<pin id="84356" dir="0" index="1" bw="16" slack="0"/>
<pin id="84357" dir="0" index="2" bw="1" slack="0"/>
<pin id="84358" dir="1" index="3" bw="24" slack="0"/>
</pin_list>
<bind>
<opcode="bitconcatenate(1004) " fcode="bitconcatenate"/>
<opset="shl_ln1273_648/1 "/>
</bind>
</comp>

<comp id="84362" class="1004" name="sext_ln1273_924_fu_84362">
<pin_list>
<pin id="84363" dir="0" index="0" bw="24" slack="0"/>
<pin id="84364" dir="1" index="1" bw="25" slack="0"/>
</pin_list>
<bind>
<opcode="sext(35) " fcode="sext"/>
<opset="sext_ln1273_924/1 "/>
</bind>
</comp>

<comp id="84366" class="1004" name="r_V_3312_fu_84366">
<pin_list>
<pin id="84367" dir="0" index="0" bw="24" slack="0"/>
<pin id="84368" dir="0" index="1" bw="16" slack="0"/>
<pin id="84369" dir="1" index="2" bw="25" slack="0"/>
</pin_list>
<bind>
<opcode="sub(10) " fcode="sub"/>
<opset="r_V_3312/1 "/>
</bind>
</comp>

<comp id="84372" class="1004" name="trunc_ln818_79_fu_84372">
<pin_list>
<pin id="84373" dir="0" index="0" bw="15" slack="0"/>
<pin id="84374" dir="0" index="1" bw="25" slack="0"/>
<pin id="84375" dir="0" index="2" bw="5" slack="0"/>
<pin id="84376" dir="0" index="3" bw="6" slack="0"/>
<pin id="84377" dir="1" index="4" bw="15" slack="0"/>
</pin_list>
<bind>
<opcode="partselect(1002) " fcode="partselect"/>
<opset="trunc_ln818_79/1 "/>
</bind>
</comp>

<comp id="84382" class="1004" name="sext_ln818_1031_fu_84382">
<pin_list>
<pin id="84383" dir="0" index="0" bw="15" slack="0"/>
<pin id="84384" dir="1" index="1" bw="16" slack="0"/>
</pin_list>
<bind>
<opcode="sext(35) " fcode="sext"/>
<opset="sext_ln818_1031/1 "/>
</bind>
</comp>

<comp id="84386" class="1004" name="trunc_ln818_80_fu_84386">
<pin_list>
<pin id="84387" dir="0" index="0" bw="14" slack="0"/>
<pin id="84388" dir="0" index="1" bw="24" slack="0"/>
<pin id="84389" dir="0" index="2" bw="5" slack="0"/>
<pin id="84390" dir="0" index="3" bw="6" slack="0"/>
<pin id="84391" dir="1" index="4" bw="14" slack="0"/>
</pin_list>
<bind>
<opcode="partselect(1002) " fcode="partselect"/>
<opset="trunc_ln818_80/1 "/>
</bind>
</comp>

<comp id="84396" class="1004" name="sext_ln1273_961_fu_84396">
<pin_list>
<pin id="84397" dir="0" index="0" bw="14" slack="0"/>
<pin id="84398" dir="1" index="1" bw="15" slack="0"/>
</pin_list>
<bind>
<opcode="sext(35) " fcode="sext"/>
<opset="sext_ln1273_961/1 "/>
</bind>
</comp>

<comp id="84400" class="1004" name="trunc_ln818_81_fu_84400">
<pin_list>
<pin id="84401" dir="0" index="0" bw="14" slack="0"/>
<pin id="84402" dir="0" index="1" bw="24" slack="0"/>
<pin id="84403" dir="0" index="2" bw="5" slack="0"/>
<pin id="84404" dir="0" index="3" bw="6" slack="0"/>
<pin id="84405" dir="1" index="4" bw="14" slack="0"/>
</pin_list>
<bind>
<opcode="partselect(1002) " fcode="partselect"/>
<opset="trunc_ln818_81/1 "/>
</bind>
</comp>

<comp id="84410" class="1004" name="sext_ln1273_962_fu_84410">
<pin_list>
<pin id="84411" dir="0" index="0" bw="14" slack="0"/>
<pin id="84412" dir="1" index="1" bw="15" slack="0"/>
</pin_list>
<bind>
<opcode="sext(35) " fcode="sext"/>
<opset="sext_ln1273_962/1 "/>
</bind>
</comp>

<comp id="84414" class="1004" name="trunc_ln818_82_fu_84414">
<pin_list>
<pin id="84415" dir="0" index="0" bw="15" slack="0"/>
<pin id="84416" dir="0" index="1" bw="25" slack="0"/>
<pin id="84417" dir="0" index="2" bw="5" slack="0"/>
<pin id="84418" dir="0" index="3" bw="6" slack="0"/>
<pin id="84419" dir="1" index="4" bw="15" slack="1"/>
</pin_list>
<bind>
<opcode="partselect(1002) " fcode="partselect"/>
<opset="trunc_ln818_82/1 "/>
</bind>
</comp>

<comp id="84424" class="1004" name="trunc_ln818_83_fu_84424">
<pin_list>
<pin id="84425" dir="0" index="0" bw="16" slack="0"/>
<pin id="84426" dir="0" index="1" bw="26" slack="0"/>
<pin id="84427" dir="0" index="2" bw="5" slack="0"/>
<pin id="84428" dir="0" index="3" bw="6" slack="0"/>
<pin id="84429" dir="1" index="4" bw="16" slack="0"/>
</pin_list>
<bind>
<opcode="partselect(1002) " fcode="partselect"/>
<opset="trunc_ln818_83/1 "/>
</bind>
</comp>

<comp id="84434" class="1004" name="sext_ln70_755_fu_84434">
<pin_list>
<pin id="84435" dir="0" index="0" bw="16" slack="0"/>
<pin id="84436" dir="1" index="1" bw="25" slack="0"/>
</pin_list>
<bind>
<opcode="sext(35) " fcode="sext"/>
<opset="sext_ln70_755/1 "/>
</bind>
</comp>

<comp id="84439" class="1004" name="sext_ln70_756_fu_84439">
<pin_list>
<pin id="84440" dir="0" index="0" bw="16" slack="0"/>
<pin id="84441" dir="1" index="1" bw="26" slack="0"/>
</pin_list>
<bind>
<opcode="sext(35) " fcode="sext"/>
<opset="sext_ln70_756/1 "/>
</bind>
</comp>

<comp id="84444" class="1004" name="shl_ln1273_649_fu_84444">
<pin_list>
<pin id="84445" dir="0" index="0" bw="20" slack="0"/>
<pin id="84446" dir="0" index="1" bw="16" slack="0"/>
<pin id="84447" dir="0" index="2" bw="1" slack="0"/>
<pin id="84448" dir="1" index="3" bw="20" slack="0"/>
</pin_list>
<bind>
<opcode="bitconcatenate(1004) " fcode="bitconcatenate"/>
<opset="shl_ln1273_649/1 "/>
</bind>
</comp>

<comp id="84452" class="1004" name="sext_ln1273_925_fu_84452">
<pin_list>
<pin id="84453" dir="0" index="0" bw="20" slack="0"/>
<pin id="84454" dir="1" index="1" bw="26" slack="0"/>
</pin_list>
<bind>
<opcode="sext(35) " fcode="sext"/>
<opset="sext_ln1273_925/1 "/>
</bind>
</comp>

<comp id="84456" class="1004" name="sext_ln1273_926_fu_84456">
<pin_list>
<pin id="84457" dir="0" index="0" bw="20" slack="0"/>
<pin id="84458" dir="1" index="1" bw="21" slack="0"/>
</pin_list>
<bind>
<opcode="sext(35) " fcode="sext"/>
<opset="sext_ln1273_926/1 "/>
</bind>
</comp>

<comp id="84460" class="1004" name="shl_ln1273_650_fu_84460">
<pin_list>
<pin id="84461" dir="0" index="0" bw="17" slack="0"/>
<pin id="84462" dir="0" index="1" bw="16" slack="0"/>
<pin id="84463" dir="0" index="2" bw="1" slack="0"/>
<pin id="84464" dir="1" index="3" bw="17" slack="0"/>
</pin_list>
<bind>
<opcode="bitconcatenate(1004) " fcode="bitconcatenate"/>
<opset="shl_ln1273_650/1 "/>
</bind>
</comp>

<comp id="84468" class="1004" name="sext_ln1273_927_fu_84468">
<pin_list>
<pin id="84469" dir="0" index="0" bw="17" slack="0"/>
<pin id="84470" dir="1" index="1" bw="18" slack="0"/>
</pin_list>
<bind>
<opcode="sext(35) " fcode="sext"/>
<opset="sext_ln1273_927/1 "/>
</bind>
</comp>

<comp id="84472" class="1004" name="sext_ln1273_928_fu_84472">
<pin_list>
<pin id="84473" dir="0" index="0" bw="17" slack="0"/>
<pin id="84474" dir="1" index="1" bw="21" slack="0"/>
</pin_list>
<bind>
<opcode="sext(35) " fcode="sext"/>
<opset="sext_ln1273_928/1 "/>
</bind>
</comp>

<comp id="84476" class="1004" name="r_V_3317_fu_84476">
<pin_list>
<pin id="84477" dir="0" index="0" bw="20" slack="0"/>
<pin id="84478" dir="0" index="1" bw="17" slack="0"/>
<pin id="84479" dir="1" index="2" bw="21" slack="0"/>
</pin_list>
<bind>
<opcode="sub(10) " fcode="sub"/>
<opset="r_V_3317/1 "/>
</bind>
</comp>

<comp id="84482" class="1004" name="trunc_ln818_84_fu_84482">
<pin_list>
<pin id="84483" dir="0" index="0" bw="11" slack="0"/>
<pin id="84484" dir="0" index="1" bw="21" slack="0"/>
<pin id="84485" dir="0" index="2" bw="5" slack="0"/>
<pin id="84486" dir="0" index="3" bw="6" slack="0"/>
<pin id="84487" dir="1" index="4" bw="11" slack="0"/>
</pin_list>
<bind>
<opcode="partselect(1002) " fcode="partselect"/>
<opset="trunc_ln818_84/1 "/>
</bind>
</comp>

<comp id="84492" class="1004" name="sext_ln1273_963_fu_84492">
<pin_list>
<pin id="84493" dir="0" index="0" bw="11" slack="0"/>
<pin id="84494" dir="1" index="1" bw="12" slack="0"/>
</pin_list>
<bind>
<opcode="sext(35) " fcode="sext"/>
<opset="sext_ln1273_963/1 "/>
</bind>
</comp>

<comp id="84496" class="1004" name="trunc_ln818_85_fu_84496">
<pin_list>
<pin id="84497" dir="0" index="0" bw="16" slack="0"/>
<pin id="84498" dir="0" index="1" bw="26" slack="0"/>
<pin id="84499" dir="0" index="2" bw="5" slack="0"/>
<pin id="84500" dir="0" index="3" bw="6" slack="0"/>
<pin id="84501" dir="1" index="4" bw="16" slack="0"/>
</pin_list>
<bind>
<opcode="partselect(1002) " fcode="partselect"/>
<opset="trunc_ln818_85/1 "/>
</bind>
</comp>

<comp id="84506" class="1004" name="shl_ln1273_651_fu_84506">
<pin_list>
<pin id="84507" dir="0" index="0" bw="25" slack="0"/>
<pin id="84508" dir="0" index="1" bw="16" slack="0"/>
<pin id="84509" dir="0" index="2" bw="1" slack="0"/>
<pin id="84510" dir="1" index="3" bw="25" slack="0"/>
</pin_list>
<bind>
<opcode="bitconcatenate(1004) " fcode="bitconcatenate"/>
<opset="shl_ln1273_651/1 "/>
</bind>
</comp>

<comp id="84514" class="1004" name="sext_ln1273_929_fu_84514">
<pin_list>
<pin id="84515" dir="0" index="0" bw="25" slack="0"/>
<pin id="84516" dir="1" index="1" bw="26" slack="0"/>
</pin_list>
<bind>
<opcode="sext(35) " fcode="sext"/>
<opset="sext_ln1273_929/1 "/>
</bind>
</comp>

<comp id="84518" class="1004" name="r_V_3319_fu_84518">
<pin_list>
<pin id="84519" dir="0" index="0" bw="25" slack="0"/>
<pin id="84520" dir="0" index="1" bw="20" slack="0"/>
<pin id="84521" dir="1" index="2" bw="26" slack="0"/>
</pin_list>
<bind>
<opcode="add(8) " fcode="add"/>
<opset="r_V_3319/1 "/>
</bind>
</comp>

<comp id="84524" class="1004" name="trunc_ln818_86_fu_84524">
<pin_list>
<pin id="84525" dir="0" index="0" bw="16" slack="0"/>
<pin id="84526" dir="0" index="1" bw="26" slack="0"/>
<pin id="84527" dir="0" index="2" bw="5" slack="0"/>
<pin id="84528" dir="0" index="3" bw="6" slack="0"/>
<pin id="84529" dir="1" index="4" bw="16" slack="0"/>
</pin_list>
<bind>
<opcode="partselect(1002) " fcode="partselect"/>
<opset="trunc_ln818_86/1 "/>
</bind>
</comp>

<comp id="84534" class="1004" name="r_V_3320_fu_84534">
<pin_list>
<pin id="84535" dir="0" index="0" bw="1" slack="0"/>
<pin id="84536" dir="0" index="1" bw="17" slack="0"/>
<pin id="84537" dir="1" index="2" bw="18" slack="0"/>
</pin_list>
<bind>
<opcode="sub(10) " fcode="sub"/>
<opset="r_V_3320/1 "/>
</bind>
</comp>

<comp id="84540" class="1004" name="trunc_ln818_87_fu_84540">
<pin_list>
<pin id="84541" dir="0" index="0" bw="8" slack="0"/>
<pin id="84542" dir="0" index="1" bw="18" slack="0"/>
<pin id="84543" dir="0" index="2" bw="5" slack="0"/>
<pin id="84544" dir="0" index="3" bw="6" slack="0"/>
<pin id="84545" dir="1" index="4" bw="8" slack="0"/>
</pin_list>
<bind>
<opcode="partselect(1002) " fcode="partselect"/>
<opset="trunc_ln818_87/1 "/>
</bind>
</comp>

<comp id="84550" class="1004" name="sext_ln1273_964_fu_84550">
<pin_list>
<pin id="84551" dir="0" index="0" bw="8" slack="0"/>
<pin id="84552" dir="1" index="1" bw="15" slack="0"/>
</pin_list>
<bind>
<opcode="sext(35) " fcode="sext"/>
<opset="sext_ln1273_964/1 "/>
</bind>
</comp>

<comp id="84554" class="1004" name="trunc_ln818_88_fu_84554">
<pin_list>
<pin id="84555" dir="0" index="0" bw="15" slack="0"/>
<pin id="84556" dir="0" index="1" bw="25" slack="0"/>
<pin id="84557" dir="0" index="2" bw="5" slack="0"/>
<pin id="84558" dir="0" index="3" bw="6" slack="0"/>
<pin id="84559" dir="1" index="4" bw="15" slack="1"/>
</pin_list>
<bind>
<opcode="partselect(1002) " fcode="partselect"/>
<opset="trunc_ln818_88/1 "/>
</bind>
</comp>

<comp id="84564" class="1004" name="sext_ln70_757_fu_84564">
<pin_list>
<pin id="84565" dir="0" index="0" bw="16" slack="0"/>
<pin id="84566" dir="1" index="1" bw="25" slack="0"/>
</pin_list>
<bind>
<opcode="sext(35) " fcode="sext"/>
<opset="sext_ln70_757/1 "/>
</bind>
</comp>

<comp id="84571" class="1004" name="sext_ln70_758_fu_84571">
<pin_list>
<pin id="84572" dir="0" index="0" bw="16" slack="0"/>
<pin id="84573" dir="1" index="1" bw="26" slack="0"/>
</pin_list>
<bind>
<opcode="sext(35) " fcode="sext"/>
<opset="sext_ln70_758/1 "/>
</bind>
</comp>

<comp id="84576" class="1004" name="shl_ln1273_652_fu_84576">
<pin_list>
<pin id="84577" dir="0" index="0" bw="20" slack="0"/>
<pin id="84578" dir="0" index="1" bw="16" slack="0"/>
<pin id="84579" dir="0" index="2" bw="1" slack="0"/>
<pin id="84580" dir="1" index="3" bw="20" slack="0"/>
</pin_list>
<bind>
<opcode="bitconcatenate(1004) " fcode="bitconcatenate"/>
<opset="shl_ln1273_652/1 "/>
</bind>
</comp>

<comp id="84584" class="1004" name="sext_ln1273_930_fu_84584">
<pin_list>
<pin id="84585" dir="0" index="0" bw="20" slack="0"/>
<pin id="84586" dir="1" index="1" bw="21" slack="0"/>
</pin_list>
<bind>
<opcode="sext(35) " fcode="sext"/>
<opset="sext_ln1273_930/1 "/>
</bind>
</comp>

<comp id="84588" class="1004" name="shl_ln1273_653_fu_84588">
<pin_list>
<pin id="84589" dir="0" index="0" bw="17" slack="0"/>
<pin id="84590" dir="0" index="1" bw="16" slack="0"/>
<pin id="84591" dir="0" index="2" bw="1" slack="0"/>
<pin id="84592" dir="1" index="3" bw="17" slack="0"/>
</pin_list>
<bind>
<opcode="bitconcatenate(1004) " fcode="bitconcatenate"/>
<opset="shl_ln1273_653/1 "/>
</bind>
</comp>

<comp id="84596" class="1004" name="sext_ln1273_931_fu_84596">
<pin_list>
<pin id="84597" dir="0" index="0" bw="17" slack="0"/>
<pin id="84598" dir="1" index="1" bw="21" slack="0"/>
</pin_list>
<bind>
<opcode="sext(35) " fcode="sext"/>
<opset="sext_ln1273_931/1 "/>
</bind>
</comp>

<comp id="84600" class="1004" name="r_V_3322_fu_84600">
<pin_list>
<pin id="84601" dir="0" index="0" bw="20" slack="0"/>
<pin id="84602" dir="0" index="1" bw="17" slack="0"/>
<pin id="84603" dir="1" index="2" bw="21" slack="0"/>
</pin_list>
<bind>
<opcode="add(8) " fcode="add"/>
<opset="r_V_3322/1 "/>
</bind>
</comp>

<comp id="84606" class="1004" name="trunc_ln818_89_fu_84606">
<pin_list>
<pin id="84607" dir="0" index="0" bw="11" slack="0"/>
<pin id="84608" dir="0" index="1" bw="21" slack="0"/>
<pin id="84609" dir="0" index="2" bw="5" slack="0"/>
<pin id="84610" dir="0" index="3" bw="6" slack="0"/>
<pin id="84611" dir="1" index="4" bw="11" slack="0"/>
</pin_list>
<bind>
<opcode="partselect(1002) " fcode="partselect"/>
<opset="trunc_ln818_89/1 "/>
</bind>
</comp>

<comp id="84616" class="1004" name="sext_ln1273_965_fu_84616">
<pin_list>
<pin id="84617" dir="0" index="0" bw="11" slack="0"/>
<pin id="84618" dir="1" index="1" bw="12" slack="0"/>
</pin_list>
<bind>
<opcode="sext(35) " fcode="sext"/>
<opset="sext_ln1273_965/1 "/>
</bind>
</comp>

<comp id="84620" class="1004" name="trunc_ln818_90_fu_84620">
<pin_list>
<pin id="84621" dir="0" index="0" bw="16" slack="0"/>
<pin id="84622" dir="0" index="1" bw="26" slack="0"/>
<pin id="84623" dir="0" index="2" bw="5" slack="0"/>
<pin id="84624" dir="0" index="3" bw="6" slack="0"/>
<pin id="84625" dir="1" index="4" bw="16" slack="0"/>
</pin_list>
<bind>
<opcode="partselect(1002) " fcode="partselect"/>
<opset="trunc_ln818_90/1 "/>
</bind>
</comp>

<comp id="84630" class="1004" name="trunc_ln818_91_fu_84630">
<pin_list>
<pin id="84631" dir="0" index="0" bw="15" slack="0"/>
<pin id="84632" dir="0" index="1" bw="25" slack="0"/>
<pin id="84633" dir="0" index="2" bw="5" slack="0"/>
<pin id="84634" dir="0" index="3" bw="6" slack="0"/>
<pin id="84635" dir="1" index="4" bw="15" slack="1"/>
</pin_list>
<bind>
<opcode="partselect(1002) " fcode="partselect"/>
<opset="trunc_ln818_91/1 "/>
</bind>
</comp>

<comp id="84640" class="1004" name="trunc_ln818_92_fu_84640">
<pin_list>
<pin id="84641" dir="0" index="0" bw="15" slack="0"/>
<pin id="84642" dir="0" index="1" bw="25" slack="0"/>
<pin id="84643" dir="0" index="2" bw="5" slack="0"/>
<pin id="84644" dir="0" index="3" bw="6" slack="0"/>
<pin id="84645" dir="1" index="4" bw="15" slack="0"/>
</pin_list>
<bind>
<opcode="partselect(1002) " fcode="partselect"/>
<opset="trunc_ln818_92/1 "/>
</bind>
</comp>

<comp id="84650" class="1004" name="sext_ln818_1035_fu_84650">
<pin_list>
<pin id="84651" dir="0" index="0" bw="15" slack="0"/>
<pin id="84652" dir="1" index="1" bw="16" slack="0"/>
</pin_list>
<bind>
<opcode="sext(35) " fcode="sext"/>
<opset="sext_ln818_1035/1 "/>
</bind>
</comp>

<comp id="84654" class="1004" name="trunc_ln818_93_fu_84654">
<pin_list>
<pin id="84655" dir="0" index="0" bw="15" slack="0"/>
<pin id="84656" dir="0" index="1" bw="25" slack="0"/>
<pin id="84657" dir="0" index="2" bw="5" slack="0"/>
<pin id="84658" dir="0" index="3" bw="6" slack="0"/>
<pin id="84659" dir="1" index="4" bw="15" slack="0"/>
</pin_list>
<bind>
<opcode="partselect(1002) " fcode="partselect"/>
<opset="trunc_ln818_93/1 "/>
</bind>
</comp>

<comp id="84664" class="1004" name="sext_ln818_1036_fu_84664">
<pin_list>
<pin id="84665" dir="0" index="0" bw="15" slack="0"/>
<pin id="84666" dir="1" index="1" bw="16" slack="0"/>
</pin_list>
<bind>
<opcode="sext(35) " fcode="sext"/>
<opset="sext_ln818_1036/1 "/>
</bind>
</comp>

<comp id="84668" class="1004" name="sext_ln70_759_fu_84668">
<pin_list>
<pin id="84669" dir="0" index="0" bw="16" slack="0"/>
<pin id="84670" dir="1" index="1" bw="22" slack="0"/>
</pin_list>
<bind>
<opcode="sext(35) " fcode="sext"/>
<opset="sext_ln70_759/1 "/>
</bind>
</comp>

<comp id="84673" class="1004" name="sext_ln70_760_fu_84673">
<pin_list>
<pin id="84674" dir="0" index="0" bw="16" slack="0"/>
<pin id="84675" dir="1" index="1" bw="24" slack="0"/>
</pin_list>
<bind>
<opcode="sext(35) " fcode="sext"/>
<opset="sext_ln70_760/1 "/>
</bind>
</comp>

<comp id="84678" class="1004" name="sext_ln70_761_fu_84678">
<pin_list>
<pin id="84679" dir="0" index="0" bw="16" slack="0"/>
<pin id="84680" dir="1" index="1" bw="26" slack="0"/>
</pin_list>
<bind>
<opcode="sext(35) " fcode="sext"/>
<opset="sext_ln70_761/1 "/>
</bind>
</comp>

<comp id="84684" class="1004" name="trunc_ln818_94_fu_84684">
<pin_list>
<pin id="84685" dir="0" index="0" bw="16" slack="0"/>
<pin id="84686" dir="0" index="1" bw="26" slack="0"/>
<pin id="84687" dir="0" index="2" bw="5" slack="0"/>
<pin id="84688" dir="0" index="3" bw="6" slack="0"/>
<pin id="84689" dir="1" index="4" bw="16" slack="0"/>
</pin_list>
<bind>
<opcode="partselect(1002) " fcode="partselect"/>
<opset="trunc_ln818_94/1 "/>
</bind>
</comp>

<comp id="84694" class="1004" name="trunc_ln818_95_fu_84694">
<pin_list>
<pin id="84695" dir="0" index="0" bw="16" slack="0"/>
<pin id="84696" dir="0" index="1" bw="26" slack="0"/>
<pin id="84697" dir="0" index="2" bw="5" slack="0"/>
<pin id="84698" dir="0" index="3" bw="6" slack="0"/>
<pin id="84699" dir="1" index="4" bw="16" slack="0"/>
</pin_list>
<bind>
<opcode="partselect(1002) " fcode="partselect"/>
<opset="trunc_ln818_95/1 "/>
</bind>
</comp>

<comp id="84704" class="1004" name="shl_ln1273_654_fu_84704">
<pin_list>
<pin id="84705" dir="0" index="0" bw="20" slack="0"/>
<pin id="84706" dir="0" index="1" bw="16" slack="0"/>
<pin id="84707" dir="0" index="2" bw="1" slack="0"/>
<pin id="84708" dir="1" index="3" bw="20" slack="0"/>
</pin_list>
<bind>
<opcode="bitconcatenate(1004) " fcode="bitconcatenate"/>
<opset="shl_ln1273_654/1 "/>
</bind>
</comp>

<comp id="84712" class="1004" name="sext_ln1273_932_fu_84712">
<pin_list>
<pin id="84713" dir="0" index="0" bw="20" slack="0"/>
<pin id="84714" dir="1" index="1" bw="21" slack="0"/>
</pin_list>
<bind>
<opcode="sext(35) " fcode="sext"/>
<opset="sext_ln1273_932/1 "/>
</bind>
</comp>

<comp id="84716" class="1004" name="sub_ln1273_796_fu_84716">
<pin_list>
<pin id="84717" dir="0" index="0" bw="1" slack="0"/>
<pin id="84718" dir="0" index="1" bw="20" slack="0"/>
<pin id="84719" dir="1" index="2" bw="21" slack="0"/>
</pin_list>
<bind>
<opcode="sub(10) " fcode="sub"/>
<opset="sub_ln1273_796/1 "/>
</bind>
</comp>

<comp id="84722" class="1004" name="shl_ln1273_655_fu_84722">
<pin_list>
<pin id="84723" dir="0" index="0" bw="18" slack="0"/>
<pin id="84724" dir="0" index="1" bw="16" slack="0"/>
<pin id="84725" dir="0" index="2" bw="1" slack="0"/>
<pin id="84726" dir="1" index="3" bw="18" slack="0"/>
</pin_list>
<bind>
<opcode="bitconcatenate(1004) " fcode="bitconcatenate"/>
<opset="shl_ln1273_655/1 "/>
</bind>
</comp>

<comp id="84730" class="1004" name="sext_ln1273_933_fu_84730">
<pin_list>
<pin id="84731" dir="0" index="0" bw="18" slack="0"/>
<pin id="84732" dir="1" index="1" bw="21" slack="0"/>
</pin_list>
<bind>
<opcode="sext(35) " fcode="sext"/>
<opset="sext_ln1273_933/1 "/>
</bind>
</comp>

<comp id="84734" class="1004" name="r_V_3328_fu_84734">
<pin_list>
<pin id="84735" dir="0" index="0" bw="21" slack="0"/>
<pin id="84736" dir="0" index="1" bw="18" slack="0"/>
<pin id="84737" dir="1" index="2" bw="21" slack="0"/>
</pin_list>
<bind>
<opcode="sub(10) " fcode="sub"/>
<opset="r_V_3328/1 "/>
</bind>
</comp>

<comp id="84740" class="1004" name="trunc_ln818_96_fu_84740">
<pin_list>
<pin id="84741" dir="0" index="0" bw="11" slack="0"/>
<pin id="84742" dir="0" index="1" bw="21" slack="0"/>
<pin id="84743" dir="0" index="2" bw="5" slack="0"/>
<pin id="84744" dir="0" index="3" bw="6" slack="0"/>
<pin id="84745" dir="1" index="4" bw="11" slack="0"/>
</pin_list>
<bind>
<opcode="partselect(1002) " fcode="partselect"/>
<opset="trunc_ln818_96/1 "/>
</bind>
</comp>

<comp id="84750" class="1004" name="sext_ln1273_966_fu_84750">
<pin_list>
<pin id="84751" dir="0" index="0" bw="11" slack="0"/>
<pin id="84752" dir="1" index="1" bw="12" slack="0"/>
</pin_list>
<bind>
<opcode="sext(35) " fcode="sext"/>
<opset="sext_ln1273_966/1 "/>
</bind>
</comp>

<comp id="84754" class="1004" name="trunc_ln818_97_fu_84754">
<pin_list>
<pin id="84755" dir="0" index="0" bw="14" slack="0"/>
<pin id="84756" dir="0" index="1" bw="24" slack="0"/>
<pin id="84757" dir="0" index="2" bw="5" slack="0"/>
<pin id="84758" dir="0" index="3" bw="6" slack="0"/>
<pin id="84759" dir="1" index="4" bw="14" slack="0"/>
</pin_list>
<bind>
<opcode="partselect(1002) " fcode="partselect"/>
<opset="trunc_ln818_97/1 "/>
</bind>
</comp>

<comp id="84764" class="1004" name="sext_ln1273_967_fu_84764">
<pin_list>
<pin id="84765" dir="0" index="0" bw="14" slack="0"/>
<pin id="84766" dir="1" index="1" bw="15" slack="0"/>
</pin_list>
<bind>
<opcode="sext(35) " fcode="sext"/>
<opset="sext_ln1273_967/1 "/>
</bind>
</comp>

<comp id="84768" class="1004" name="trunc_ln818_98_fu_84768">
<pin_list>
<pin id="84769" dir="0" index="0" bw="12" slack="0"/>
<pin id="84770" dir="0" index="1" bw="22" slack="0"/>
<pin id="84771" dir="0" index="2" bw="5" slack="0"/>
<pin id="84772" dir="0" index="3" bw="6" slack="0"/>
<pin id="84773" dir="1" index="4" bw="12" slack="0"/>
</pin_list>
<bind>
<opcode="partselect(1002) " fcode="partselect"/>
<opset="trunc_ln818_98/1 "/>
</bind>
</comp>

<comp id="84778" class="1004" name="sext_ln1270_14_fu_84778">
<pin_list>
<pin id="84779" dir="0" index="0" bw="12" slack="0"/>
<pin id="84780" dir="1" index="1" bw="13" slack="0"/>
</pin_list>
<bind>
<opcode="sext(35) " fcode="sext"/>
<opset="sext_ln1270_14/1 "/>
</bind>
</comp>

<comp id="84782" class="1004" name="sext_ln1270_15_fu_84782">
<pin_list>
<pin id="84783" dir="0" index="0" bw="16" slack="0"/>
<pin id="84784" dir="1" index="1" bw="26" slack="0"/>
</pin_list>
<bind>
<opcode="sext(35) " fcode="sext"/>
<opset="sext_ln1270_15/1 "/>
</bind>
</comp>

<comp id="84789" class="1004" name="sext_ln70_762_fu_84789">
<pin_list>
<pin id="84790" dir="0" index="0" bw="16" slack="0"/>
<pin id="84791" dir="1" index="1" bw="17" slack="0"/>
</pin_list>
<bind>
<opcode="sext(35) " fcode="sext"/>
<opset="sext_ln70_762/1 "/>
</bind>
</comp>

<comp id="84793" class="1004" name="sext_ln70_763_fu_84793">
<pin_list>
<pin id="84794" dir="0" index="0" bw="16" slack="0"/>
<pin id="84795" dir="1" index="1" bw="24" slack="0"/>
</pin_list>
<bind>
<opcode="sext(35) " fcode="sext"/>
<opset="sext_ln70_763/1 "/>
</bind>
</comp>

<comp id="84798" class="1004" name="trunc_ln818_99_fu_84798">
<pin_list>
<pin id="84799" dir="0" index="0" bw="14" slack="0"/>
<pin id="84800" dir="0" index="1" bw="24" slack="0"/>
<pin id="84801" dir="0" index="2" bw="5" slack="0"/>
<pin id="84802" dir="0" index="3" bw="6" slack="0"/>
<pin id="84803" dir="1" index="4" bw="14" slack="0"/>
</pin_list>
<bind>
<opcode="partselect(1002) " fcode="partselect"/>
<opset="trunc_ln818_99/1 "/>
</bind>
</comp>

<comp id="84808" class="1004" name="sext_ln1273_968_fu_84808">
<pin_list>
<pin id="84809" dir="0" index="0" bw="14" slack="0"/>
<pin id="84810" dir="1" index="1" bw="15" slack="0"/>
</pin_list>
<bind>
<opcode="sext(35) " fcode="sext"/>
<opset="sext_ln1273_968/1 "/>
</bind>
</comp>

<comp id="84812" class="1004" name="r_V_3332_fu_84812">
<pin_list>
<pin id="84813" dir="0" index="0" bw="1" slack="0"/>
<pin id="84814" dir="0" index="1" bw="16" slack="0"/>
<pin id="84815" dir="1" index="2" bw="17" slack="0"/>
</pin_list>
<bind>
<opcode="sub(10) " fcode="sub"/>
<opset="r_V_3332/1 "/>
</bind>
</comp>

<comp id="84818" class="1004" name="trunc_ln818_100_fu_84818">
<pin_list>
<pin id="84819" dir="0" index="0" bw="7" slack="0"/>
<pin id="84820" dir="0" index="1" bw="17" slack="0"/>
<pin id="84821" dir="0" index="2" bw="5" slack="0"/>
<pin id="84822" dir="0" index="3" bw="6" slack="0"/>
<pin id="84823" dir="1" index="4" bw="7" slack="0"/>
</pin_list>
<bind>
<opcode="partselect(1002) " fcode="partselect"/>
<opset="trunc_ln818_100/1 "/>
</bind>
</comp>

<comp id="84828" class="1004" name="sext_ln1270_16_fu_84828">
<pin_list>
<pin id="84829" dir="0" index="0" bw="7" slack="0"/>
<pin id="84830" dir="1" index="1" bw="8" slack="0"/>
</pin_list>
<bind>
<opcode="sext(35) " fcode="sext"/>
<opset="sext_ln1270_16/1 "/>
</bind>
</comp>

<comp id="84832" class="1004" name="trunc_ln818_101_fu_84832">
<pin_list>
<pin id="84833" dir="0" index="0" bw="16" slack="0"/>
<pin id="84834" dir="0" index="1" bw="26" slack="0"/>
<pin id="84835" dir="0" index="2" bw="5" slack="0"/>
<pin id="84836" dir="0" index="3" bw="6" slack="0"/>
<pin id="84837" dir="1" index="4" bw="16" slack="0"/>
</pin_list>
<bind>
<opcode="partselect(1002) " fcode="partselect"/>
<opset="trunc_ln818_101/1 "/>
</bind>
</comp>

<comp id="84842" class="1004" name="trunc_ln818_102_fu_84842">
<pin_list>
<pin id="84843" dir="0" index="0" bw="16" slack="0"/>
<pin id="84844" dir="0" index="1" bw="26" slack="0"/>
<pin id="84845" dir="0" index="2" bw="5" slack="0"/>
<pin id="84846" dir="0" index="3" bw="6" slack="0"/>
<pin id="84847" dir="1" index="4" bw="16" slack="0"/>
</pin_list>
<bind>
<opcode="partselect(1002) " fcode="partselect"/>
<opset="trunc_ln818_102/1 "/>
</bind>
</comp>

<comp id="84852" class="1004" name="trunc_ln818_103_fu_84852">
<pin_list>
<pin id="84853" dir="0" index="0" bw="16" slack="0"/>
<pin id="84854" dir="0" index="1" bw="26" slack="0"/>
<pin id="84855" dir="0" index="2" bw="5" slack="0"/>
<pin id="84856" dir="0" index="3" bw="6" slack="0"/>
<pin id="84857" dir="1" index="4" bw="16" slack="0"/>
</pin_list>
<bind>
<opcode="partselect(1002) " fcode="partselect"/>
<opset="trunc_ln818_103/1 "/>
</bind>
</comp>

<comp id="84862" class="1004" name="sext_ln70_764_fu_84862">
<pin_list>
<pin id="84863" dir="0" index="0" bw="16" slack="0"/>
<pin id="84864" dir="1" index="1" bw="23" slack="0"/>
</pin_list>
<bind>
<opcode="sext(35) " fcode="sext"/>
<opset="sext_ln70_764/1 "/>
</bind>
</comp>

<comp id="84866" class="1004" name="sext_ln70_765_fu_84866">
<pin_list>
<pin id="84867" dir="0" index="0" bw="16" slack="0"/>
<pin id="84868" dir="1" index="1" bw="25" slack="0"/>
</pin_list>
<bind>
<opcode="sext(35) " fcode="sext"/>
<opset="sext_ln70_765/1 "/>
</bind>
</comp>

<comp id="84871" class="1004" name="sext_ln70_766_fu_84871">
<pin_list>
<pin id="84872" dir="0" index="0" bw="16" slack="0"/>
<pin id="84873" dir="1" index="1" bw="17" slack="0"/>
</pin_list>
<bind>
<opcode="sext(35) " fcode="sext"/>
<opset="sext_ln70_766/1 "/>
</bind>
</comp>

<comp id="84875" class="1004" name="r_V_3333_fu_84875">
<pin_list>
<pin id="84876" dir="0" index="0" bw="1" slack="0"/>
<pin id="84877" dir="0" index="1" bw="16" slack="0"/>
<pin id="84878" dir="1" index="2" bw="17" slack="0"/>
</pin_list>
<bind>
<opcode="sub(10) " fcode="sub"/>
<opset="r_V_3333/1 "/>
</bind>
</comp>

<comp id="84881" class="1004" name="trunc_ln818_104_fu_84881">
<pin_list>
<pin id="84882" dir="0" index="0" bw="7" slack="0"/>
<pin id="84883" dir="0" index="1" bw="17" slack="0"/>
<pin id="84884" dir="0" index="2" bw="5" slack="0"/>
<pin id="84885" dir="0" index="3" bw="6" slack="0"/>
<pin id="84886" dir="1" index="4" bw="7" slack="0"/>
</pin_list>
<bind>
<opcode="partselect(1002) " fcode="partselect"/>
<opset="trunc_ln818_104/1 "/>
</bind>
</comp>

<comp id="84891" class="1004" name="sext_ln1273_969_fu_84891">
<pin_list>
<pin id="84892" dir="0" index="0" bw="7" slack="0"/>
<pin id="84893" dir="1" index="1" bw="9" slack="0"/>
</pin_list>
<bind>
<opcode="sext(35) " fcode="sext"/>
<opset="sext_ln1273_969/1 "/>
</bind>
</comp>

<comp id="84895" class="1004" name="trunc_ln818_105_fu_84895">
<pin_list>
<pin id="84896" dir="0" index="0" bw="15" slack="0"/>
<pin id="84897" dir="0" index="1" bw="25" slack="0"/>
<pin id="84898" dir="0" index="2" bw="5" slack="0"/>
<pin id="84899" dir="0" index="3" bw="6" slack="0"/>
<pin id="84900" dir="1" index="4" bw="15" slack="1"/>
</pin_list>
<bind>
<opcode="partselect(1002) " fcode="partselect"/>
<opset="trunc_ln818_105/1 "/>
</bind>
</comp>

<comp id="84905" class="1004" name="shl_ln1273_656_fu_84905">
<pin_list>
<pin id="84906" dir="0" index="0" bw="22" slack="0"/>
<pin id="84907" dir="0" index="1" bw="16" slack="0"/>
<pin id="84908" dir="0" index="2" bw="1" slack="0"/>
<pin id="84909" dir="1" index="3" bw="22" slack="0"/>
</pin_list>
<bind>
<opcode="bitconcatenate(1004) " fcode="bitconcatenate"/>
<opset="shl_ln1273_656/1 "/>
</bind>
</comp>

<comp id="84913" class="1004" name="sext_ln1273_934_fu_84913">
<pin_list>
<pin id="84914" dir="0" index="0" bw="22" slack="0"/>
<pin id="84915" dir="1" index="1" bw="23" slack="0"/>
</pin_list>
<bind>
<opcode="sext(35) " fcode="sext"/>
<opset="sext_ln1273_934/1 "/>
</bind>
</comp>

<comp id="84917" class="1004" name="r_V_3335_fu_84917">
<pin_list>
<pin id="84918" dir="0" index="0" bw="22" slack="0"/>
<pin id="84919" dir="0" index="1" bw="16" slack="0"/>
<pin id="84920" dir="1" index="2" bw="23" slack="0"/>
</pin_list>
<bind>
<opcode="sub(10) " fcode="sub"/>
<opset="r_V_3335/1 "/>
</bind>
</comp>

<comp id="84923" class="1004" name="trunc_ln818_106_fu_84923">
<pin_list>
<pin id="84924" dir="0" index="0" bw="13" slack="0"/>
<pin id="84925" dir="0" index="1" bw="23" slack="0"/>
<pin id="84926" dir="0" index="2" bw="5" slack="0"/>
<pin id="84927" dir="0" index="3" bw="6" slack="0"/>
<pin id="84928" dir="1" index="4" bw="13" slack="0"/>
</pin_list>
<bind>
<opcode="partselect(1002) " fcode="partselect"/>
<opset="trunc_ln818_106/1 "/>
</bind>
</comp>

<comp id="84933" class="1004" name="sext_ln1273_970_fu_84933">
<pin_list>
<pin id="84934" dir="0" index="0" bw="13" slack="0"/>
<pin id="84935" dir="1" index="1" bw="14" slack="0"/>
</pin_list>
<bind>
<opcode="sext(35) " fcode="sext"/>
<opset="sext_ln1273_970/1 "/>
</bind>
</comp>

<comp id="84937" class="1004" name="sext_ln1273_935_fu_84937">
<pin_list>
<pin id="84938" dir="0" index="0" bw="16" slack="0"/>
<pin id="84939" dir="1" index="1" bw="26" slack="0"/>
</pin_list>
<bind>
<opcode="sext(35) " fcode="sext"/>
<opset="sext_ln1273_935/1 "/>
</bind>
</comp>

<comp id="84943" class="1004" name="trunc_ln818_107_fu_84943">
<pin_list>
<pin id="84944" dir="0" index="0" bw="16" slack="0"/>
<pin id="84945" dir="0" index="1" bw="26" slack="0"/>
<pin id="84946" dir="0" index="2" bw="5" slack="0"/>
<pin id="84947" dir="0" index="3" bw="6" slack="0"/>
<pin id="84948" dir="1" index="4" bw="16" slack="0"/>
</pin_list>
<bind>
<opcode="partselect(1002) " fcode="partselect"/>
<opset="trunc_ln818_107/1 "/>
</bind>
</comp>

<comp id="84953" class="1004" name="trunc_ln818_108_fu_84953">
<pin_list>
<pin id="84954" dir="0" index="0" bw="16" slack="0"/>
<pin id="84955" dir="0" index="1" bw="26" slack="0"/>
<pin id="84956" dir="0" index="2" bw="5" slack="0"/>
<pin id="84957" dir="0" index="3" bw="6" slack="0"/>
<pin id="84958" dir="1" index="4" bw="16" slack="0"/>
</pin_list>
<bind>
<opcode="partselect(1002) " fcode="partselect"/>
<opset="trunc_ln818_108/1 "/>
</bind>
</comp>

<comp id="84963" class="1004" name="sext_ln70_767_fu_84963">
<pin_list>
<pin id="84964" dir="0" index="0" bw="16" slack="0"/>
<pin id="84965" dir="1" index="1" bw="26" slack="0"/>
</pin_list>
<bind>
<opcode="sext(35) " fcode="sext"/>
<opset="sext_ln70_767/1 "/>
</bind>
</comp>

<comp id="84971" class="1004" name="shl_ln1273_657_fu_84971">
<pin_list>
<pin id="84972" dir="0" index="0" bw="26" slack="0"/>
<pin id="84973" dir="0" index="1" bw="16" slack="0"/>
<pin id="84974" dir="0" index="2" bw="1" slack="0"/>
<pin id="84975" dir="1" index="3" bw="26" slack="0"/>
</pin_list>
<bind>
<opcode="bitconcatenate(1004) " fcode="bitconcatenate"/>
<opset="shl_ln1273_657/1 "/>
</bind>
</comp>

<comp id="84979" class="1004" name="shl_ln1273_658_fu_84979">
<pin_list>
<pin id="84980" dir="0" index="0" bw="24" slack="0"/>
<pin id="84981" dir="0" index="1" bw="16" slack="0"/>
<pin id="84982" dir="0" index="2" bw="1" slack="0"/>
<pin id="84983" dir="1" index="3" bw="24" slack="0"/>
</pin_list>
<bind>
<opcode="bitconcatenate(1004) " fcode="bitconcatenate"/>
<opset="shl_ln1273_658/1 "/>
</bind>
</comp>

<comp id="84987" class="1004" name="sext_ln1273_936_fu_84987">
<pin_list>
<pin id="84988" dir="0" index="0" bw="24" slack="0"/>
<pin id="84989" dir="1" index="1" bw="26" slack="0"/>
</pin_list>
<bind>
<opcode="sext(35) " fcode="sext"/>
<opset="sext_ln1273_936/1 "/>
</bind>
</comp>

<comp id="84991" class="1004" name="r_V_3336_fu_84991">
<pin_list>
<pin id="84992" dir="0" index="0" bw="26" slack="0"/>
<pin id="84993" dir="0" index="1" bw="24" slack="0"/>
<pin id="84994" dir="1" index="2" bw="26" slack="0"/>
</pin_list>
<bind>
<opcode="sub(10) " fcode="sub"/>
<opset="r_V_3336/1 "/>
</bind>
</comp>

<comp id="84997" class="1004" name="trunc_ln818_109_fu_84997">
<pin_list>
<pin id="84998" dir="0" index="0" bw="16" slack="0"/>
<pin id="84999" dir="0" index="1" bw="26" slack="0"/>
<pin id="85000" dir="0" index="2" bw="5" slack="0"/>
<pin id="85001" dir="0" index="3" bw="6" slack="0"/>
<pin id="85002" dir="1" index="4" bw="16" slack="0"/>
</pin_list>
<bind>
<opcode="partselect(1002) " fcode="partselect"/>
<opset="trunc_ln818_109/1 "/>
</bind>
</comp>

<comp id="85007" class="1004" name="trunc_ln818_110_fu_85007">
<pin_list>
<pin id="85008" dir="0" index="0" bw="16" slack="0"/>
<pin id="85009" dir="0" index="1" bw="26" slack="0"/>
<pin id="85010" dir="0" index="2" bw="5" slack="0"/>
<pin id="85011" dir="0" index="3" bw="6" slack="0"/>
<pin id="85012" dir="1" index="4" bw="16" slack="0"/>
</pin_list>
<bind>
<opcode="partselect(1002) " fcode="partselect"/>
<opset="trunc_ln818_110/1 "/>
</bind>
</comp>

<comp id="85017" class="1004" name="trunc_ln818_111_fu_85017">
<pin_list>
<pin id="85018" dir="0" index="0" bw="16" slack="0"/>
<pin id="85019" dir="0" index="1" bw="26" slack="0"/>
<pin id="85020" dir="0" index="2" bw="5" slack="0"/>
<pin id="85021" dir="0" index="3" bw="6" slack="0"/>
<pin id="85022" dir="1" index="4" bw="16" slack="1"/>
</pin_list>
<bind>
<opcode="partselect(1002) " fcode="partselect"/>
<opset="trunc_ln818_111/1 "/>
</bind>
</comp>

<comp id="85027" class="1004" name="trunc_ln818_112_fu_85027">
<pin_list>
<pin id="85028" dir="0" index="0" bw="16" slack="0"/>
<pin id="85029" dir="0" index="1" bw="26" slack="0"/>
<pin id="85030" dir="0" index="2" bw="5" slack="0"/>
<pin id="85031" dir="0" index="3" bw="6" slack="0"/>
<pin id="85032" dir="1" index="4" bw="16" slack="0"/>
</pin_list>
<bind>
<opcode="partselect(1002) " fcode="partselect"/>
<opset="trunc_ln818_112/1 "/>
</bind>
</comp>

<comp id="85037" class="1004" name="trunc_ln818_113_fu_85037">
<pin_list>
<pin id="85038" dir="0" index="0" bw="16" slack="0"/>
<pin id="85039" dir="0" index="1" bw="26" slack="0"/>
<pin id="85040" dir="0" index="2" bw="5" slack="0"/>
<pin id="85041" dir="0" index="3" bw="6" slack="0"/>
<pin id="85042" dir="1" index="4" bw="16" slack="0"/>
</pin_list>
<bind>
<opcode="partselect(1002) " fcode="partselect"/>
<opset="trunc_ln818_113/1 "/>
</bind>
</comp>

<comp id="85047" class="1004" name="sext_ln70_768_fu_85047">
<pin_list>
<pin id="85048" dir="0" index="0" bw="16" slack="0"/>
<pin id="85049" dir="1" index="1" bw="17" slack="0"/>
</pin_list>
<bind>
<opcode="sext(35) " fcode="sext"/>
<opset="sext_ln70_768/1 "/>
</bind>
</comp>

<comp id="85051" class="1004" name="r_V_3339_fu_85051">
<pin_list>
<pin id="85052" dir="0" index="0" bw="1" slack="0"/>
<pin id="85053" dir="0" index="1" bw="16" slack="0"/>
<pin id="85054" dir="1" index="2" bw="17" slack="0"/>
</pin_list>
<bind>
<opcode="sub(10) " fcode="sub"/>
<opset="r_V_3339/1 "/>
</bind>
</comp>

<comp id="85057" class="1004" name="trunc_ln818_114_fu_85057">
<pin_list>
<pin id="85058" dir="0" index="0" bw="7" slack="0"/>
<pin id="85059" dir="0" index="1" bw="17" slack="0"/>
<pin id="85060" dir="0" index="2" bw="5" slack="0"/>
<pin id="85061" dir="0" index="3" bw="6" slack="0"/>
<pin id="85062" dir="1" index="4" bw="7" slack="0"/>
</pin_list>
<bind>
<opcode="partselect(1002) " fcode="partselect"/>
<opset="trunc_ln818_114/1 "/>
</bind>
</comp>

<comp id="85067" class="1004" name="sext_ln1270_17_fu_85067">
<pin_list>
<pin id="85068" dir="0" index="0" bw="7" slack="0"/>
<pin id="85069" dir="1" index="1" bw="8" slack="0"/>
</pin_list>
<bind>
<opcode="sext(35) " fcode="sext"/>
<opset="sext_ln1270_17/1 "/>
</bind>
</comp>

<comp id="85071" class="1004" name="sext_ln1270_18_fu_85071">
<pin_list>
<pin id="85072" dir="0" index="0" bw="16" slack="0"/>
<pin id="85073" dir="1" index="1" bw="26" slack="0"/>
</pin_list>
<bind>
<opcode="sext(35) " fcode="sext"/>
<opset="sext_ln1270_18/1 "/>
</bind>
</comp>

<comp id="85078" class="1004" name="shl_ln1273_659_fu_85078">
<pin_list>
<pin id="85079" dir="0" index="0" bw="25" slack="0"/>
<pin id="85080" dir="0" index="1" bw="16" slack="0"/>
<pin id="85081" dir="0" index="2" bw="1" slack="0"/>
<pin id="85082" dir="1" index="3" bw="25" slack="0"/>
</pin_list>
<bind>
<opcode="bitconcatenate(1004) " fcode="bitconcatenate"/>
<opset="shl_ln1273_659/1 "/>
</bind>
</comp>

<comp id="85086" class="1004" name="sext_ln1273_937_fu_85086">
<pin_list>
<pin id="85087" dir="0" index="0" bw="25" slack="0"/>
<pin id="85088" dir="1" index="1" bw="26" slack="0"/>
</pin_list>
<bind>
<opcode="sext(35) " fcode="sext"/>
<opset="sext_ln1273_937/1 "/>
</bind>
</comp>

<comp id="85090" class="1004" name="sub_ln1273_803_fu_85090">
<pin_list>
<pin id="85091" dir="0" index="0" bw="1" slack="0"/>
<pin id="85092" dir="0" index="1" bw="25" slack="0"/>
<pin id="85093" dir="1" index="2" bw="26" slack="0"/>
</pin_list>
<bind>
<opcode="sub(10) " fcode="sub"/>
<opset="sub_ln1273_803/1 "/>
</bind>
</comp>

<comp id="85096" class="1004" name="shl_ln1273_660_fu_85096">
<pin_list>
<pin id="85097" dir="0" index="0" bw="19" slack="0"/>
<pin id="85098" dir="0" index="1" bw="16" slack="0"/>
<pin id="85099" dir="0" index="2" bw="1" slack="0"/>
<pin id="85100" dir="1" index="3" bw="19" slack="0"/>
</pin_list>
<bind>
<opcode="bitconcatenate(1004) " fcode="bitconcatenate"/>
<opset="shl_ln1273_660/1 "/>
</bind>
</comp>

<comp id="85104" class="1004" name="sext_ln1273_938_fu_85104">
<pin_list>
<pin id="85105" dir="0" index="0" bw="19" slack="0"/>
<pin id="85106" dir="1" index="1" bw="26" slack="0"/>
</pin_list>
<bind>
<opcode="sext(35) " fcode="sext"/>
<opset="sext_ln1273_938/1 "/>
</bind>
</comp>

<comp id="85108" class="1004" name="r_V_3340_fu_85108">
<pin_list>
<pin id="85109" dir="0" index="0" bw="26" slack="0"/>
<pin id="85110" dir="0" index="1" bw="19" slack="0"/>
<pin id="85111" dir="1" index="2" bw="26" slack="0"/>
</pin_list>
<bind>
<opcode="sub(10) " fcode="sub"/>
<opset="r_V_3340/1 "/>
</bind>
</comp>

<comp id="85114" class="1004" name="trunc_ln818_115_fu_85114">
<pin_list>
<pin id="85115" dir="0" index="0" bw="16" slack="0"/>
<pin id="85116" dir="0" index="1" bw="26" slack="0"/>
<pin id="85117" dir="0" index="2" bw="5" slack="0"/>
<pin id="85118" dir="0" index="3" bw="6" slack="0"/>
<pin id="85119" dir="1" index="4" bw="16" slack="0"/>
</pin_list>
<bind>
<opcode="partselect(1002) " fcode="partselect"/>
<opset="trunc_ln818_115/1 "/>
</bind>
</comp>

<comp id="85124" class="1004" name="trunc_ln818_116_fu_85124">
<pin_list>
<pin id="85125" dir="0" index="0" bw="16" slack="0"/>
<pin id="85126" dir="0" index="1" bw="26" slack="0"/>
<pin id="85127" dir="0" index="2" bw="5" slack="0"/>
<pin id="85128" dir="0" index="3" bw="6" slack="0"/>
<pin id="85129" dir="1" index="4" bw="16" slack="0"/>
</pin_list>
<bind>
<opcode="partselect(1002) " fcode="partselect"/>
<opset="trunc_ln818_116/1 "/>
</bind>
</comp>

<comp id="85134" class="1004" name="shl_ln1273_661_fu_85134">
<pin_list>
<pin id="85135" dir="0" index="0" bw="23" slack="0"/>
<pin id="85136" dir="0" index="1" bw="16" slack="0"/>
<pin id="85137" dir="0" index="2" bw="1" slack="0"/>
<pin id="85138" dir="1" index="3" bw="23" slack="0"/>
</pin_list>
<bind>
<opcode="bitconcatenate(1004) " fcode="bitconcatenate"/>
<opset="shl_ln1273_661/1 "/>
</bind>
</comp>

<comp id="85142" class="1004" name="sext_ln1273_939_fu_85142">
<pin_list>
<pin id="85143" dir="0" index="0" bw="23" slack="0"/>
<pin id="85144" dir="1" index="1" bw="24" slack="0"/>
</pin_list>
<bind>
<opcode="sext(35) " fcode="sext"/>
<opset="sext_ln1273_939/1 "/>
</bind>
</comp>

<comp id="85146" class="1004" name="shl_ln1273_662_fu_85146">
<pin_list>
<pin id="85147" dir="0" index="0" bw="20" slack="0"/>
<pin id="85148" dir="0" index="1" bw="16" slack="0"/>
<pin id="85149" dir="0" index="2" bw="1" slack="0"/>
<pin id="85150" dir="1" index="3" bw="20" slack="0"/>
</pin_list>
<bind>
<opcode="bitconcatenate(1004) " fcode="bitconcatenate"/>
<opset="shl_ln1273_662/1 "/>
</bind>
</comp>

<comp id="85154" class="1004" name="sext_ln1273_940_fu_85154">
<pin_list>
<pin id="85155" dir="0" index="0" bw="20" slack="0"/>
<pin id="85156" dir="1" index="1" bw="24" slack="0"/>
</pin_list>
<bind>
<opcode="sext(35) " fcode="sext"/>
<opset="sext_ln1273_940/1 "/>
</bind>
</comp>

<comp id="85158" class="1004" name="r_V_3342_fu_85158">
<pin_list>
<pin id="85159" dir="0" index="0" bw="23" slack="0"/>
<pin id="85160" dir="0" index="1" bw="20" slack="0"/>
<pin id="85161" dir="1" index="2" bw="24" slack="0"/>
</pin_list>
<bind>
<opcode="sub(10) " fcode="sub"/>
<opset="r_V_3342/1 "/>
</bind>
</comp>

<comp id="85164" class="1004" name="trunc_ln818_117_fu_85164">
<pin_list>
<pin id="85165" dir="0" index="0" bw="14" slack="0"/>
<pin id="85166" dir="0" index="1" bw="24" slack="0"/>
<pin id="85167" dir="0" index="2" bw="5" slack="0"/>
<pin id="85168" dir="0" index="3" bw="6" slack="0"/>
<pin id="85169" dir="1" index="4" bw="14" slack="0"/>
</pin_list>
<bind>
<opcode="partselect(1002) " fcode="partselect"/>
<opset="trunc_ln818_117/1 "/>
</bind>
</comp>

<comp id="85174" class="1004" name="sext_ln1273_971_fu_85174">
<pin_list>
<pin id="85175" dir="0" index="0" bw="14" slack="0"/>
<pin id="85176" dir="1" index="1" bw="15" slack="0"/>
</pin_list>
<bind>
<opcode="sext(35) " fcode="sext"/>
<opset="sext_ln1273_971/1 "/>
</bind>
</comp>

<comp id="85178" class="1004" name="trunc_ln818_118_fu_85178">
<pin_list>
<pin id="85179" dir="0" index="0" bw="16" slack="0"/>
<pin id="85180" dir="0" index="1" bw="26" slack="0"/>
<pin id="85181" dir="0" index="2" bw="5" slack="0"/>
<pin id="85182" dir="0" index="3" bw="6" slack="0"/>
<pin id="85183" dir="1" index="4" bw="16" slack="0"/>
</pin_list>
<bind>
<opcode="partselect(1002) " fcode="partselect"/>
<opset="trunc_ln818_118/1 "/>
</bind>
</comp>

<comp id="85188" class="1004" name="trunc_ln818_119_fu_85188">
<pin_list>
<pin id="85189" dir="0" index="0" bw="16" slack="0"/>
<pin id="85190" dir="0" index="1" bw="26" slack="0"/>
<pin id="85191" dir="0" index="2" bw="5" slack="0"/>
<pin id="85192" dir="0" index="3" bw="6" slack="0"/>
<pin id="85193" dir="1" index="4" bw="16" slack="0"/>
</pin_list>
<bind>
<opcode="partselect(1002) " fcode="partselect"/>
<opset="trunc_ln818_119/1 "/>
</bind>
</comp>

<comp id="85198" class="1004" name="sext_ln70_769_fu_85198">
<pin_list>
<pin id="85199" dir="0" index="0" bw="16" slack="0"/>
<pin id="85200" dir="1" index="1" bw="26" slack="0"/>
</pin_list>
<bind>
<opcode="sext(35) " fcode="sext"/>
<opset="sext_ln70_769/1 "/>
</bind>
</comp>

<comp id="85204" class="1004" name="sext_ln70_770_fu_85204">
<pin_list>
<pin id="85205" dir="0" index="0" bw="16" slack="0"/>
<pin id="85206" dir="1" index="1" bw="22" slack="0"/>
</pin_list>
<bind>
<opcode="sext(35) " fcode="sext"/>
<opset="sext_ln70_770/1 "/>
</bind>
</comp>

<comp id="85209" class="1004" name="trunc_ln818_120_fu_85209">
<pin_list>
<pin id="85210" dir="0" index="0" bw="16" slack="0"/>
<pin id="85211" dir="0" index="1" bw="26" slack="0"/>
<pin id="85212" dir="0" index="2" bw="5" slack="0"/>
<pin id="85213" dir="0" index="3" bw="6" slack="0"/>
<pin id="85214" dir="1" index="4" bw="16" slack="1"/>
</pin_list>
<bind>
<opcode="partselect(1002) " fcode="partselect"/>
<opset="trunc_ln818_120/1 "/>
</bind>
</comp>

<comp id="85219" class="1004" name="trunc_ln818_121_fu_85219">
<pin_list>
<pin id="85220" dir="0" index="0" bw="12" slack="0"/>
<pin id="85221" dir="0" index="1" bw="22" slack="0"/>
<pin id="85222" dir="0" index="2" bw="5" slack="0"/>
<pin id="85223" dir="0" index="3" bw="6" slack="0"/>
<pin id="85224" dir="1" index="4" bw="12" slack="0"/>
</pin_list>
<bind>
<opcode="partselect(1002) " fcode="partselect"/>
<opset="trunc_ln818_121/1 "/>
</bind>
</comp>

<comp id="85229" class="1004" name="sext_ln1273_972_fu_85229">
<pin_list>
<pin id="85230" dir="0" index="0" bw="12" slack="0"/>
<pin id="85231" dir="1" index="1" bw="13" slack="0"/>
</pin_list>
<bind>
<opcode="sext(35) " fcode="sext"/>
<opset="sext_ln1273_972/1 "/>
</bind>
</comp>

<comp id="85233" class="1004" name="trunc_ln818_122_fu_85233">
<pin_list>
<pin id="85234" dir="0" index="0" bw="16" slack="0"/>
<pin id="85235" dir="0" index="1" bw="26" slack="0"/>
<pin id="85236" dir="0" index="2" bw="5" slack="0"/>
<pin id="85237" dir="0" index="3" bw="6" slack="0"/>
<pin id="85238" dir="1" index="4" bw="16" slack="1"/>
</pin_list>
<bind>
<opcode="partselect(1002) " fcode="partselect"/>
<opset="trunc_ln818_122/1 "/>
</bind>
</comp>

<comp id="85243" class="1004" name="shl_ln1273_663_fu_85243">
<pin_list>
<pin id="85244" dir="0" index="0" bw="25" slack="0"/>
<pin id="85245" dir="0" index="1" bw="16" slack="0"/>
<pin id="85246" dir="0" index="2" bw="1" slack="0"/>
<pin id="85247" dir="1" index="3" bw="25" slack="0"/>
</pin_list>
<bind>
<opcode="bitconcatenate(1004) " fcode="bitconcatenate"/>
<opset="shl_ln1273_663/1 "/>
</bind>
</comp>

<comp id="85251" class="1004" name="sext_ln1273_941_fu_85251">
<pin_list>
<pin id="85252" dir="0" index="0" bw="25" slack="0"/>
<pin id="85253" dir="1" index="1" bw="26" slack="0"/>
</pin_list>
<bind>
<opcode="sext(35) " fcode="sext"/>
<opset="sext_ln1273_941/1 "/>
</bind>
</comp>

<comp id="85255" class="1004" name="shl_ln1273_664_fu_85255">
<pin_list>
<pin id="85256" dir="0" index="0" bw="20" slack="0"/>
<pin id="85257" dir="0" index="1" bw="16" slack="0"/>
<pin id="85258" dir="0" index="2" bw="1" slack="0"/>
<pin id="85259" dir="1" index="3" bw="20" slack="0"/>
</pin_list>
<bind>
<opcode="bitconcatenate(1004) " fcode="bitconcatenate"/>
<opset="shl_ln1273_664/1 "/>
</bind>
</comp>

<comp id="85263" class="1004" name="sext_ln1273_942_fu_85263">
<pin_list>
<pin id="85264" dir="0" index="0" bw="20" slack="0"/>
<pin id="85265" dir="1" index="1" bw="26" slack="0"/>
</pin_list>
<bind>
<opcode="sext(35) " fcode="sext"/>
<opset="sext_ln1273_942/1 "/>
</bind>
</comp>

<comp id="85267" class="1004" name="r_V_3346_fu_85267">
<pin_list>
<pin id="85268" dir="0" index="0" bw="25" slack="0"/>
<pin id="85269" dir="0" index="1" bw="20" slack="0"/>
<pin id="85270" dir="1" index="2" bw="26" slack="0"/>
</pin_list>
<bind>
<opcode="sub(10) " fcode="sub"/>
<opset="r_V_3346/1 "/>
</bind>
</comp>

<comp id="85273" class="1004" name="trunc_ln818_123_fu_85273">
<pin_list>
<pin id="85274" dir="0" index="0" bw="16" slack="0"/>
<pin id="85275" dir="0" index="1" bw="26" slack="0"/>
<pin id="85276" dir="0" index="2" bw="5" slack="0"/>
<pin id="85277" dir="0" index="3" bw="6" slack="0"/>
<pin id="85278" dir="1" index="4" bw="16" slack="1"/>
</pin_list>
<bind>
<opcode="partselect(1002) " fcode="partselect"/>
<opset="trunc_ln818_123/1 "/>
</bind>
</comp>

<comp id="85283" class="1004" name="shl_ln1273_665_fu_85283">
<pin_list>
<pin id="85284" dir="0" index="0" bw="23" slack="0"/>
<pin id="85285" dir="0" index="1" bw="16" slack="0"/>
<pin id="85286" dir="0" index="2" bw="1" slack="0"/>
<pin id="85287" dir="1" index="3" bw="23" slack="0"/>
</pin_list>
<bind>
<opcode="bitconcatenate(1004) " fcode="bitconcatenate"/>
<opset="shl_ln1273_665/1 "/>
</bind>
</comp>

<comp id="85291" class="1004" name="sext_ln1273_943_fu_85291">
<pin_list>
<pin id="85292" dir="0" index="0" bw="23" slack="0"/>
<pin id="85293" dir="1" index="1" bw="24" slack="0"/>
</pin_list>
<bind>
<opcode="sext(35) " fcode="sext"/>
<opset="sext_ln1273_943/1 "/>
</bind>
</comp>

<comp id="85295" class="1004" name="shl_ln1273_666_fu_85295">
<pin_list>
<pin id="85296" dir="0" index="0" bw="17" slack="0"/>
<pin id="85297" dir="0" index="1" bw="16" slack="0"/>
<pin id="85298" dir="0" index="2" bw="1" slack="0"/>
<pin id="85299" dir="1" index="3" bw="17" slack="0"/>
</pin_list>
<bind>
<opcode="bitconcatenate(1004) " fcode="bitconcatenate"/>
<opset="shl_ln1273_666/1 "/>
</bind>
</comp>

<comp id="85303" class="1004" name="sext_ln1273_944_fu_85303">
<pin_list>
<pin id="85304" dir="0" index="0" bw="17" slack="0"/>
<pin id="85305" dir="1" index="1" bw="24" slack="0"/>
</pin_list>
<bind>
<opcode="sext(35) " fcode="sext"/>
<opset="sext_ln1273_944/1 "/>
</bind>
</comp>

<comp id="85307" class="1004" name="r_V_3347_fu_85307">
<pin_list>
<pin id="85308" dir="0" index="0" bw="23" slack="0"/>
<pin id="85309" dir="0" index="1" bw="17" slack="0"/>
<pin id="85310" dir="1" index="2" bw="24" slack="0"/>
</pin_list>
<bind>
<opcode="add(8) " fcode="add"/>
<opset="r_V_3347/1 "/>
</bind>
</comp>

<comp id="85313" class="1004" name="trunc_ln818_124_fu_85313">
<pin_list>
<pin id="85314" dir="0" index="0" bw="14" slack="0"/>
<pin id="85315" dir="0" index="1" bw="24" slack="0"/>
<pin id="85316" dir="0" index="2" bw="5" slack="0"/>
<pin id="85317" dir="0" index="3" bw="6" slack="0"/>
<pin id="85318" dir="1" index="4" bw="14" slack="0"/>
</pin_list>
<bind>
<opcode="partselect(1002) " fcode="partselect"/>
<opset="trunc_ln818_124/1 "/>
</bind>
</comp>

<comp id="85323" class="1004" name="sext_ln70_771_fu_85323">
<pin_list>
<pin id="85324" dir="0" index="0" bw="14" slack="0"/>
<pin id="85325" dir="1" index="1" bw="15" slack="0"/>
</pin_list>
<bind>
<opcode="sext(35) " fcode="sext"/>
<opset="sext_ln70_771/1 "/>
</bind>
</comp>

<comp id="85327" class="1004" name="sext_ln70_772_fu_85327">
<pin_list>
<pin id="85328" dir="0" index="0" bw="16" slack="0"/>
<pin id="85329" dir="1" index="1" bw="25" slack="0"/>
</pin_list>
<bind>
<opcode="sext(35) " fcode="sext"/>
<opset="sext_ln70_772/1 "/>
</bind>
</comp>

<comp id="85332" class="1004" name="sext_ln70_773_fu_85332">
<pin_list>
<pin id="85333" dir="0" index="0" bw="16" slack="0"/>
<pin id="85334" dir="1" index="1" bw="26" slack="0"/>
</pin_list>
<bind>
<opcode="sext(35) " fcode="sext"/>
<opset="sext_ln70_773/1 "/>
</bind>
</comp>

<comp id="85339" class="1004" name="trunc_ln818_125_fu_85339">
<pin_list>
<pin id="85340" dir="0" index="0" bw="16" slack="0"/>
<pin id="85341" dir="0" index="1" bw="26" slack="0"/>
<pin id="85342" dir="0" index="2" bw="5" slack="0"/>
<pin id="85343" dir="0" index="3" bw="6" slack="0"/>
<pin id="85344" dir="1" index="4" bw="16" slack="1"/>
</pin_list>
<bind>
<opcode="partselect(1002) " fcode="partselect"/>
<opset="trunc_ln818_125/1 "/>
</bind>
</comp>

<comp id="85349" class="1004" name="trunc_ln818_126_fu_85349">
<pin_list>
<pin id="85350" dir="0" index="0" bw="16" slack="0"/>
<pin id="85351" dir="0" index="1" bw="26" slack="0"/>
<pin id="85352" dir="0" index="2" bw="5" slack="0"/>
<pin id="85353" dir="0" index="3" bw="6" slack="0"/>
<pin id="85354" dir="1" index="4" bw="16" slack="0"/>
</pin_list>
<bind>
<opcode="partselect(1002) " fcode="partselect"/>
<opset="trunc_ln818_126/1 "/>
</bind>
</comp>

<comp id="85359" class="1004" name="trunc_ln818_127_fu_85359">
<pin_list>
<pin id="85360" dir="0" index="0" bw="15" slack="0"/>
<pin id="85361" dir="0" index="1" bw="25" slack="0"/>
<pin id="85362" dir="0" index="2" bw="5" slack="0"/>
<pin id="85363" dir="0" index="3" bw="6" slack="0"/>
<pin id="85364" dir="1" index="4" bw="15" slack="0"/>
</pin_list>
<bind>
<opcode="partselect(1002) " fcode="partselect"/>
<opset="trunc_ln818_127/1 "/>
</bind>
</comp>

<comp id="85369" class="1004" name="sext_ln818_1038_fu_85369">
<pin_list>
<pin id="85370" dir="0" index="0" bw="15" slack="0"/>
<pin id="85371" dir="1" index="1" bw="16" slack="0"/>
</pin_list>
<bind>
<opcode="sext(35) " fcode="sext"/>
<opset="sext_ln818_1038/1 "/>
</bind>
</comp>

<comp id="85373" class="1004" name="trunc_ln818_128_fu_85373">
<pin_list>
<pin id="85374" dir="0" index="0" bw="16" slack="0"/>
<pin id="85375" dir="0" index="1" bw="26" slack="0"/>
<pin id="85376" dir="0" index="2" bw="5" slack="0"/>
<pin id="85377" dir="0" index="3" bw="6" slack="0"/>
<pin id="85378" dir="1" index="4" bw="16" slack="1"/>
</pin_list>
<bind>
<opcode="partselect(1002) " fcode="partselect"/>
<opset="trunc_ln818_128/1 "/>
</bind>
</comp>

<comp id="85383" class="1004" name="shl_ln1273_667_fu_85383">
<pin_list>
<pin id="85384" dir="0" index="0" bw="25" slack="0"/>
<pin id="85385" dir="0" index="1" bw="16" slack="0"/>
<pin id="85386" dir="0" index="2" bw="1" slack="0"/>
<pin id="85387" dir="1" index="3" bw="25" slack="0"/>
</pin_list>
<bind>
<opcode="bitconcatenate(1004) " fcode="bitconcatenate"/>
<opset="shl_ln1273_667/1 "/>
</bind>
</comp>

<comp id="85391" class="1004" name="sext_ln1273_945_fu_85391">
<pin_list>
<pin id="85392" dir="0" index="0" bw="25" slack="0"/>
<pin id="85393" dir="1" index="1" bw="26" slack="0"/>
</pin_list>
<bind>
<opcode="sext(35) " fcode="sext"/>
<opset="sext_ln1273_945/1 "/>
</bind>
</comp>

<comp id="85395" class="1004" name="shl_ln1273_668_fu_85395">
<pin_list>
<pin id="85396" dir="0" index="0" bw="20" slack="0"/>
<pin id="85397" dir="0" index="1" bw="16" slack="0"/>
<pin id="85398" dir="0" index="2" bw="1" slack="0"/>
<pin id="85399" dir="1" index="3" bw="20" slack="0"/>
</pin_list>
<bind>
<opcode="bitconcatenate(1004) " fcode="bitconcatenate"/>
<opset="shl_ln1273_668/1 "/>
</bind>
</comp>

<comp id="85403" class="1004" name="sext_ln1273_946_fu_85403">
<pin_list>
<pin id="85404" dir="0" index="0" bw="20" slack="0"/>
<pin id="85405" dir="1" index="1" bw="26" slack="0"/>
</pin_list>
<bind>
<opcode="sext(35) " fcode="sext"/>
<opset="sext_ln1273_946/1 "/>
</bind>
</comp>

<comp id="85407" class="1004" name="r_V_3352_fu_85407">
<pin_list>
<pin id="85408" dir="0" index="0" bw="25" slack="0"/>
<pin id="85409" dir="0" index="1" bw="20" slack="0"/>
<pin id="85410" dir="1" index="2" bw="26" slack="0"/>
</pin_list>
<bind>
<opcode="sub(10) " fcode="sub"/>
<opset="r_V_3352/1 "/>
</bind>
</comp>

<comp id="85413" class="1004" name="trunc_ln818_129_fu_85413">
<pin_list>
<pin id="85414" dir="0" index="0" bw="16" slack="0"/>
<pin id="85415" dir="0" index="1" bw="26" slack="0"/>
<pin id="85416" dir="0" index="2" bw="5" slack="0"/>
<pin id="85417" dir="0" index="3" bw="6" slack="0"/>
<pin id="85418" dir="1" index="4" bw="16" slack="1"/>
</pin_list>
<bind>
<opcode="partselect(1002) " fcode="partselect"/>
<opset="trunc_ln818_129/1 "/>
</bind>
</comp>

<comp id="85423" class="1004" name="sext_ln70_774_fu_85423">
<pin_list>
<pin id="85424" dir="0" index="0" bw="16" slack="0"/>
<pin id="85425" dir="1" index="1" bw="22" slack="0"/>
</pin_list>
<bind>
<opcode="sext(35) " fcode="sext"/>
<opset="sext_ln70_774/1 "/>
</bind>
</comp>

<comp id="85428" class="1004" name="sext_ln70_775_fu_85428">
<pin_list>
<pin id="85429" dir="0" index="0" bw="16" slack="0"/>
<pin id="85430" dir="1" index="1" bw="25" slack="0"/>
</pin_list>
<bind>
<opcode="sext(35) " fcode="sext"/>
<opset="sext_ln70_775/1 "/>
</bind>
</comp>

<comp id="85433" class="1004" name="sext_ln70_776_fu_85433">
<pin_list>
<pin id="85434" dir="0" index="0" bw="16" slack="0"/>
<pin id="85435" dir="1" index="1" bw="24" slack="0"/>
</pin_list>
<bind>
<opcode="sext(35) " fcode="sext"/>
<opset="sext_ln70_776/1 "/>
</bind>
</comp>

<comp id="85438" class="1004" name="sext_ln1270_19_fu_85438">
<pin_list>
<pin id="85439" dir="0" index="0" bw="16" slack="0"/>
<pin id="85440" dir="1" index="1" bw="26" slack="0"/>
</pin_list>
<bind>
<opcode="sext(35) " fcode="sext"/>
<opset="sext_ln1270_19/1 "/>
</bind>
</comp>

<comp id="85444" class="1004" name="trunc_ln818_130_fu_85444">
<pin_list>
<pin id="85445" dir="0" index="0" bw="16" slack="0"/>
<pin id="85446" dir="0" index="1" bw="26" slack="0"/>
<pin id="85447" dir="0" index="2" bw="5" slack="0"/>
<pin id="85448" dir="0" index="3" bw="6" slack="0"/>
<pin id="85449" dir="1" index="4" bw="16" slack="0"/>
</pin_list>
<bind>
<opcode="partselect(1002) " fcode="partselect"/>
<opset="trunc_ln818_130/1 "/>
</bind>
</comp>

<comp id="85454" class="1004" name="trunc_ln818_131_fu_85454">
<pin_list>
<pin id="85455" dir="0" index="0" bw="16" slack="0"/>
<pin id="85456" dir="0" index="1" bw="26" slack="0"/>
<pin id="85457" dir="0" index="2" bw="5" slack="0"/>
<pin id="85458" dir="0" index="3" bw="6" slack="0"/>
<pin id="85459" dir="1" index="4" bw="16" slack="1"/>
</pin_list>
<bind>
<opcode="partselect(1002) " fcode="partselect"/>
<opset="trunc_ln818_131/1 "/>
</bind>
</comp>

<comp id="85464" class="1004" name="trunc_ln818_132_fu_85464">
<pin_list>
<pin id="85465" dir="0" index="0" bw="14" slack="0"/>
<pin id="85466" dir="0" index="1" bw="24" slack="0"/>
<pin id="85467" dir="0" index="2" bw="5" slack="0"/>
<pin id="85468" dir="0" index="3" bw="6" slack="0"/>
<pin id="85469" dir="1" index="4" bw="14" slack="0"/>
</pin_list>
<bind>
<opcode="partselect(1002) " fcode="partselect"/>
<opset="trunc_ln818_132/1 "/>
</bind>
</comp>

<comp id="85474" class="1004" name="sext_ln1273_973_fu_85474">
<pin_list>
<pin id="85475" dir="0" index="0" bw="14" slack="0"/>
<pin id="85476" dir="1" index="1" bw="15" slack="0"/>
</pin_list>
<bind>
<opcode="sext(35) " fcode="sext"/>
<opset="sext_ln1273_973/1 "/>
</bind>
</comp>

<comp id="85478" class="1004" name="trunc_ln818_133_fu_85478">
<pin_list>
<pin id="85479" dir="0" index="0" bw="15" slack="0"/>
<pin id="85480" dir="0" index="1" bw="25" slack="0"/>
<pin id="85481" dir="0" index="2" bw="5" slack="0"/>
<pin id="85482" dir="0" index="3" bw="6" slack="0"/>
<pin id="85483" dir="1" index="4" bw="15" slack="0"/>
</pin_list>
<bind>
<opcode="partselect(1002) " fcode="partselect"/>
<opset="trunc_ln818_133/1 "/>
</bind>
</comp>

<comp id="85488" class="1004" name="sext_ln818_1039_fu_85488">
<pin_list>
<pin id="85489" dir="0" index="0" bw="15" slack="0"/>
<pin id="85490" dir="1" index="1" bw="16" slack="0"/>
</pin_list>
<bind>
<opcode="sext(35) " fcode="sext"/>
<opset="sext_ln818_1039/1 "/>
</bind>
</comp>

<comp id="85492" class="1004" name="trunc_ln818_134_fu_85492">
<pin_list>
<pin id="85493" dir="0" index="0" bw="12" slack="0"/>
<pin id="85494" dir="0" index="1" bw="22" slack="0"/>
<pin id="85495" dir="0" index="2" bw="5" slack="0"/>
<pin id="85496" dir="0" index="3" bw="6" slack="0"/>
<pin id="85497" dir="1" index="4" bw="12" slack="0"/>
</pin_list>
<bind>
<opcode="partselect(1002) " fcode="partselect"/>
<opset="trunc_ln818_134/1 "/>
</bind>
</comp>

<comp id="85502" class="1004" name="sext_ln70_777_fu_85502">
<pin_list>
<pin id="85503" dir="0" index="0" bw="12" slack="0"/>
<pin id="85504" dir="1" index="1" bw="13" slack="0"/>
</pin_list>
<bind>
<opcode="sext(35) " fcode="sext"/>
<opset="sext_ln70_777/1 "/>
</bind>
</comp>

<comp id="85506" class="1004" name="sext_ln70_778_fu_85506">
<pin_list>
<pin id="85507" dir="0" index="0" bw="16" slack="0"/>
<pin id="85508" dir="1" index="1" bw="23" slack="0"/>
</pin_list>
<bind>
<opcode="sext(35) " fcode="sext"/>
<opset="sext_ln70_778/1 "/>
</bind>
</comp>

<comp id="85511" class="1004" name="sext_ln70_779_fu_85511">
<pin_list>
<pin id="85512" dir="0" index="0" bw="16" slack="0"/>
<pin id="85513" dir="1" index="1" bw="26" slack="0"/>
</pin_list>
<bind>
<opcode="sext(35) " fcode="sext"/>
<opset="sext_ln70_779/1 "/>
</bind>
</comp>

<comp id="85517" class="1004" name="sext_ln70_780_fu_85517">
<pin_list>
<pin id="85518" dir="0" index="0" bw="16" slack="0"/>
<pin id="85519" dir="1" index="1" bw="22" slack="0"/>
</pin_list>
<bind>
<opcode="sext(35) " fcode="sext"/>
<opset="sext_ln70_780/1 "/>
</bind>
</comp>

<comp id="85522" class="1004" name="trunc_ln818_135_fu_85522">
<pin_list>
<pin id="85523" dir="0" index="0" bw="12" slack="0"/>
<pin id="85524" dir="0" index="1" bw="22" slack="0"/>
<pin id="85525" dir="0" index="2" bw="5" slack="0"/>
<pin id="85526" dir="0" index="3" bw="6" slack="0"/>
<pin id="85527" dir="1" index="4" bw="12" slack="0"/>
</pin_list>
<bind>
<opcode="partselect(1002) " fcode="partselect"/>
<opset="trunc_ln818_135/1 "/>
</bind>
</comp>

<comp id="85532" class="1004" name="sext_ln1273_974_fu_85532">
<pin_list>
<pin id="85533" dir="0" index="0" bw="12" slack="0"/>
<pin id="85534" dir="1" index="1" bw="14" slack="0"/>
</pin_list>
<bind>
<opcode="sext(35) " fcode="sext"/>
<opset="sext_ln1273_974/1 "/>
</bind>
</comp>

<comp id="85536" class="1004" name="trunc_ln818_136_fu_85536">
<pin_list>
<pin id="85537" dir="0" index="0" bw="16" slack="0"/>
<pin id="85538" dir="0" index="1" bw="26" slack="0"/>
<pin id="85539" dir="0" index="2" bw="5" slack="0"/>
<pin id="85540" dir="0" index="3" bw="6" slack="0"/>
<pin id="85541" dir="1" index="4" bw="16" slack="1"/>
</pin_list>
<bind>
<opcode="partselect(1002) " fcode="partselect"/>
<opset="trunc_ln818_136/1 "/>
</bind>
</comp>

<comp id="85546" class="1004" name="shl_ln1273_669_fu_85546">
<pin_list>
<pin id="85547" dir="0" index="0" bw="22" slack="0"/>
<pin id="85548" dir="0" index="1" bw="16" slack="0"/>
<pin id="85549" dir="0" index="2" bw="1" slack="0"/>
<pin id="85550" dir="1" index="3" bw="22" slack="0"/>
</pin_list>
<bind>
<opcode="bitconcatenate(1004) " fcode="bitconcatenate"/>
<opset="shl_ln1273_669/1 "/>
</bind>
</comp>

<comp id="85554" class="1004" name="sext_ln1273_947_fu_85554">
<pin_list>
<pin id="85555" dir="0" index="0" bw="22" slack="0"/>
<pin id="85556" dir="1" index="1" bw="23" slack="0"/>
</pin_list>
<bind>
<opcode="sext(35) " fcode="sext"/>
<opset="sext_ln1273_947/1 "/>
</bind>
</comp>

<comp id="85558" class="1004" name="shl_ln1273_670_fu_85558">
<pin_list>
<pin id="85559" dir="0" index="0" bw="18" slack="0"/>
<pin id="85560" dir="0" index="1" bw="16" slack="0"/>
<pin id="85561" dir="0" index="2" bw="1" slack="0"/>
<pin id="85562" dir="1" index="3" bw="18" slack="0"/>
</pin_list>
<bind>
<opcode="bitconcatenate(1004) " fcode="bitconcatenate"/>
<opset="shl_ln1273_670/1 "/>
</bind>
</comp>

<comp id="85566" class="1004" name="sext_ln1273_948_fu_85566">
<pin_list>
<pin id="85567" dir="0" index="0" bw="18" slack="0"/>
<pin id="85568" dir="1" index="1" bw="23" slack="0"/>
</pin_list>
<bind>
<opcode="sext(35) " fcode="sext"/>
<opset="sext_ln1273_948/1 "/>
</bind>
</comp>

<comp id="85570" class="1004" name="r_V_3359_fu_85570">
<pin_list>
<pin id="85571" dir="0" index="0" bw="22" slack="0"/>
<pin id="85572" dir="0" index="1" bw="18" slack="0"/>
<pin id="85573" dir="1" index="2" bw="23" slack="0"/>
</pin_list>
<bind>
<opcode="sub(10) " fcode="sub"/>
<opset="r_V_3359/1 "/>
</bind>
</comp>

<comp id="85576" class="1004" name="trunc_ln818_137_fu_85576">
<pin_list>
<pin id="85577" dir="0" index="0" bw="13" slack="0"/>
<pin id="85578" dir="0" index="1" bw="23" slack="0"/>
<pin id="85579" dir="0" index="2" bw="5" slack="0"/>
<pin id="85580" dir="0" index="3" bw="6" slack="0"/>
<pin id="85581" dir="1" index="4" bw="13" slack="0"/>
</pin_list>
<bind>
<opcode="partselect(1002) " fcode="partselect"/>
<opset="trunc_ln818_137/1 "/>
</bind>
</comp>

<comp id="85586" class="1004" name="sext_ln1273_975_fu_85586">
<pin_list>
<pin id="85587" dir="0" index="0" bw="13" slack="0"/>
<pin id="85588" dir="1" index="1" bw="14" slack="0"/>
</pin_list>
<bind>
<opcode="sext(35) " fcode="sext"/>
<opset="sext_ln1273_975/1 "/>
</bind>
</comp>

<comp id="85590" class="1004" name="trunc_ln818_138_fu_85590">
<pin_list>
<pin id="85591" dir="0" index="0" bw="16" slack="0"/>
<pin id="85592" dir="0" index="1" bw="26" slack="0"/>
<pin id="85593" dir="0" index="2" bw="5" slack="0"/>
<pin id="85594" dir="0" index="3" bw="6" slack="0"/>
<pin id="85595" dir="1" index="4" bw="16" slack="0"/>
</pin_list>
<bind>
<opcode="partselect(1002) " fcode="partselect"/>
<opset="trunc_ln818_138/1 "/>
</bind>
</comp>

<comp id="85600" class="1004" name="trunc_ln818_139_fu_85600">
<pin_list>
<pin id="85601" dir="0" index="0" bw="13" slack="0"/>
<pin id="85602" dir="0" index="1" bw="23" slack="0"/>
<pin id="85603" dir="0" index="2" bw="5" slack="0"/>
<pin id="85604" dir="0" index="3" bw="6" slack="0"/>
<pin id="85605" dir="1" index="4" bw="13" slack="0"/>
</pin_list>
<bind>
<opcode="partselect(1002) " fcode="partselect"/>
<opset="trunc_ln818_139/1 "/>
</bind>
</comp>

<comp id="85610" class="1004" name="sext_ln70_781_fu_85610">
<pin_list>
<pin id="85611" dir="0" index="0" bw="13" slack="0"/>
<pin id="85612" dir="1" index="1" bw="14" slack="0"/>
</pin_list>
<bind>
<opcode="sext(35) " fcode="sext"/>
<opset="sext_ln70_781/1 "/>
</bind>
</comp>

<comp id="85614" class="1004" name="sext_ln70_782_fu_85614">
<pin_list>
<pin id="85615" dir="0" index="0" bw="16" slack="0"/>
<pin id="85616" dir="1" index="1" bw="26" slack="0"/>
</pin_list>
<bind>
<opcode="sext(35) " fcode="sext"/>
<opset="sext_ln70_782/1 "/>
</bind>
</comp>

<comp id="85622" class="1004" name="trunc_ln818_140_fu_85622">
<pin_list>
<pin id="85623" dir="0" index="0" bw="16" slack="0"/>
<pin id="85624" dir="0" index="1" bw="26" slack="0"/>
<pin id="85625" dir="0" index="2" bw="5" slack="0"/>
<pin id="85626" dir="0" index="3" bw="6" slack="0"/>
<pin id="85627" dir="1" index="4" bw="16" slack="0"/>
</pin_list>
<bind>
<opcode="partselect(1002) " fcode="partselect"/>
<opset="trunc_ln818_140/1 "/>
</bind>
</comp>

<comp id="85632" class="1004" name="trunc_ln818_141_fu_85632">
<pin_list>
<pin id="85633" dir="0" index="0" bw="16" slack="0"/>
<pin id="85634" dir="0" index="1" bw="26" slack="0"/>
<pin id="85635" dir="0" index="2" bw="5" slack="0"/>
<pin id="85636" dir="0" index="3" bw="6" slack="0"/>
<pin id="85637" dir="1" index="4" bw="16" slack="0"/>
</pin_list>
<bind>
<opcode="partselect(1002) " fcode="partselect"/>
<opset="trunc_ln818_141/1 "/>
</bind>
</comp>

<comp id="85642" class="1004" name="trunc_ln818_142_fu_85642">
<pin_list>
<pin id="85643" dir="0" index="0" bw="16" slack="0"/>
<pin id="85644" dir="0" index="1" bw="26" slack="0"/>
<pin id="85645" dir="0" index="2" bw="5" slack="0"/>
<pin id="85646" dir="0" index="3" bw="6" slack="0"/>
<pin id="85647" dir="1" index="4" bw="16" slack="0"/>
</pin_list>
<bind>
<opcode="partselect(1002) " fcode="partselect"/>
<opset="trunc_ln818_142/1 "/>
</bind>
</comp>

<comp id="85652" class="1004" name="trunc_ln818_143_fu_85652">
<pin_list>
<pin id="85653" dir="0" index="0" bw="16" slack="0"/>
<pin id="85654" dir="0" index="1" bw="26" slack="0"/>
<pin id="85655" dir="0" index="2" bw="5" slack="0"/>
<pin id="85656" dir="0" index="3" bw="6" slack="0"/>
<pin id="85657" dir="1" index="4" bw="16" slack="1"/>
</pin_list>
<bind>
<opcode="partselect(1002) " fcode="partselect"/>
<opset="trunc_ln818_143/1 "/>
</bind>
</comp>

<comp id="85662" class="1004" name="sext_ln1270_20_fu_85662">
<pin_list>
<pin id="85663" dir="0" index="0" bw="16" slack="0"/>
<pin id="85664" dir="1" index="1" bw="26" slack="0"/>
</pin_list>
<bind>
<opcode="sext(35) " fcode="sext"/>
<opset="sext_ln1270_20/1 "/>
</bind>
</comp>

<comp id="85668" class="1004" name="sext_ln70_783_fu_85668">
<pin_list>
<pin id="85669" dir="0" index="0" bw="16" slack="0"/>
<pin id="85670" dir="1" index="1" bw="25" slack="0"/>
</pin_list>
<bind>
<opcode="sext(35) " fcode="sext"/>
<opset="sext_ln70_783/1 "/>
</bind>
</comp>

<comp id="85674" class="1004" name="trunc_ln818_144_fu_85674">
<pin_list>
<pin id="85675" dir="0" index="0" bw="15" slack="0"/>
<pin id="85676" dir="0" index="1" bw="25" slack="0"/>
<pin id="85677" dir="0" index="2" bw="5" slack="0"/>
<pin id="85678" dir="0" index="3" bw="6" slack="0"/>
<pin id="85679" dir="1" index="4" bw="15" slack="0"/>
</pin_list>
<bind>
<opcode="partselect(1002) " fcode="partselect"/>
<opset="trunc_ln818_144/1 "/>
</bind>
</comp>

<comp id="85684" class="1004" name="sext_ln818_1040_fu_85684">
<pin_list>
<pin id="85685" dir="0" index="0" bw="15" slack="0"/>
<pin id="85686" dir="1" index="1" bw="16" slack="0"/>
</pin_list>
<bind>
<opcode="sext(35) " fcode="sext"/>
<opset="sext_ln818_1040/1 "/>
</bind>
</comp>

<comp id="85688" class="1004" name="shl_ln1273_671_fu_85688">
<pin_list>
<pin id="85689" dir="0" index="0" bw="17" slack="0"/>
<pin id="85690" dir="0" index="1" bw="16" slack="0"/>
<pin id="85691" dir="0" index="2" bw="1" slack="0"/>
<pin id="85692" dir="1" index="3" bw="17" slack="0"/>
</pin_list>
<bind>
<opcode="bitconcatenate(1004) " fcode="bitconcatenate"/>
<opset="shl_ln1273_671/1 "/>
</bind>
</comp>

<comp id="85696" class="1004" name="sext_ln1273_949_fu_85696">
<pin_list>
<pin id="85697" dir="0" index="0" bw="17" slack="0"/>
<pin id="85698" dir="1" index="1" bw="18" slack="0"/>
</pin_list>
<bind>
<opcode="sext(35) " fcode="sext"/>
<opset="sext_ln1273_949/1 "/>
</bind>
</comp>

<comp id="85700" class="1004" name="r_V_3367_fu_85700">
<pin_list>
<pin id="85701" dir="0" index="0" bw="1" slack="0"/>
<pin id="85702" dir="0" index="1" bw="17" slack="0"/>
<pin id="85703" dir="1" index="2" bw="18" slack="0"/>
</pin_list>
<bind>
<opcode="sub(10) " fcode="sub"/>
<opset="r_V_3367/1 "/>
</bind>
</comp>

<comp id="85706" class="1004" name="trunc_ln818_145_fu_85706">
<pin_list>
<pin id="85707" dir="0" index="0" bw="8" slack="0"/>
<pin id="85708" dir="0" index="1" bw="18" slack="0"/>
<pin id="85709" dir="0" index="2" bw="5" slack="0"/>
<pin id="85710" dir="0" index="3" bw="6" slack="0"/>
<pin id="85711" dir="1" index="4" bw="8" slack="0"/>
</pin_list>
<bind>
<opcode="partselect(1002) " fcode="partselect"/>
<opset="trunc_ln818_145/1 "/>
</bind>
</comp>

<comp id="85716" class="1004" name="sext_ln1273_976_fu_85716">
<pin_list>
<pin id="85717" dir="0" index="0" bw="8" slack="0"/>
<pin id="85718" dir="1" index="1" bw="13" slack="0"/>
</pin_list>
<bind>
<opcode="sext(35) " fcode="sext"/>
<opset="sext_ln1273_976/1 "/>
</bind>
</comp>

<comp id="85720" class="1004" name="trunc_ln818_146_fu_85720">
<pin_list>
<pin id="85721" dir="0" index="0" bw="15" slack="0"/>
<pin id="85722" dir="0" index="1" bw="25" slack="0"/>
<pin id="85723" dir="0" index="2" bw="5" slack="0"/>
<pin id="85724" dir="0" index="3" bw="6" slack="0"/>
<pin id="85725" dir="1" index="4" bw="15" slack="0"/>
</pin_list>
<bind>
<opcode="partselect(1002) " fcode="partselect"/>
<opset="trunc_ln818_146/1 "/>
</bind>
</comp>

<comp id="85730" class="1004" name="sext_ln818_1041_fu_85730">
<pin_list>
<pin id="85731" dir="0" index="0" bw="15" slack="0"/>
<pin id="85732" dir="1" index="1" bw="16" slack="0"/>
</pin_list>
<bind>
<opcode="sext(35) " fcode="sext"/>
<opset="sext_ln818_1041/1 "/>
</bind>
</comp>

<comp id="85734" class="1004" name="trunc_ln818_147_fu_85734">
<pin_list>
<pin id="85735" dir="0" index="0" bw="16" slack="0"/>
<pin id="85736" dir="0" index="1" bw="26" slack="0"/>
<pin id="85737" dir="0" index="2" bw="5" slack="0"/>
<pin id="85738" dir="0" index="3" bw="6" slack="0"/>
<pin id="85739" dir="1" index="4" bw="16" slack="0"/>
</pin_list>
<bind>
<opcode="partselect(1002) " fcode="partselect"/>
<opset="trunc_ln818_147/1 "/>
</bind>
</comp>

<comp id="85744" class="1004" name="trunc_ln818_148_fu_85744">
<pin_list>
<pin id="85745" dir="0" index="0" bw="16" slack="0"/>
<pin id="85746" dir="0" index="1" bw="26" slack="0"/>
<pin id="85747" dir="0" index="2" bw="5" slack="0"/>
<pin id="85748" dir="0" index="3" bw="6" slack="0"/>
<pin id="85749" dir="1" index="4" bw="16" slack="0"/>
</pin_list>
<bind>
<opcode="partselect(1002) " fcode="partselect"/>
<opset="trunc_ln818_148/1 "/>
</bind>
</comp>

<comp id="85754" class="1004" name="sext_ln1270_21_fu_85754">
<pin_list>
<pin id="85755" dir="0" index="0" bw="16" slack="0"/>
<pin id="85756" dir="1" index="1" bw="26" slack="0"/>
</pin_list>
<bind>
<opcode="sext(35) " fcode="sext"/>
<opset="sext_ln1270_21/1 "/>
</bind>
</comp>

<comp id="85763" class="1004" name="trunc_ln818_149_fu_85763">
<pin_list>
<pin id="85764" dir="0" index="0" bw="16" slack="0"/>
<pin id="85765" dir="0" index="1" bw="26" slack="0"/>
<pin id="85766" dir="0" index="2" bw="5" slack="0"/>
<pin id="85767" dir="0" index="3" bw="6" slack="0"/>
<pin id="85768" dir="1" index="4" bw="16" slack="1"/>
</pin_list>
<bind>
<opcode="partselect(1002) " fcode="partselect"/>
<opset="trunc_ln818_149/1 "/>
</bind>
</comp>

<comp id="85773" class="1004" name="trunc_ln818_150_fu_85773">
<pin_list>
<pin id="85774" dir="0" index="0" bw="16" slack="0"/>
<pin id="85775" dir="0" index="1" bw="26" slack="0"/>
<pin id="85776" dir="0" index="2" bw="5" slack="0"/>
<pin id="85777" dir="0" index="3" bw="6" slack="0"/>
<pin id="85778" dir="1" index="4" bw="16" slack="0"/>
</pin_list>
<bind>
<opcode="partselect(1002) " fcode="partselect"/>
<opset="trunc_ln818_150/1 "/>
</bind>
</comp>

<comp id="85783" class="1004" name="trunc_ln818_151_fu_85783">
<pin_list>
<pin id="85784" dir="0" index="0" bw="16" slack="0"/>
<pin id="85785" dir="0" index="1" bw="26" slack="0"/>
<pin id="85786" dir="0" index="2" bw="5" slack="0"/>
<pin id="85787" dir="0" index="3" bw="6" slack="0"/>
<pin id="85788" dir="1" index="4" bw="16" slack="0"/>
</pin_list>
<bind>
<opcode="partselect(1002) " fcode="partselect"/>
<opset="trunc_ln818_151/1 "/>
</bind>
</comp>

<comp id="85793" class="1004" name="trunc_ln818_152_fu_85793">
<pin_list>
<pin id="85794" dir="0" index="0" bw="16" slack="0"/>
<pin id="85795" dir="0" index="1" bw="26" slack="0"/>
<pin id="85796" dir="0" index="2" bw="5" slack="0"/>
<pin id="85797" dir="0" index="3" bw="6" slack="0"/>
<pin id="85798" dir="1" index="4" bw="16" slack="1"/>
</pin_list>
<bind>
<opcode="partselect(1002) " fcode="partselect"/>
<opset="trunc_ln818_152/1 "/>
</bind>
</comp>

<comp id="85803" class="1004" name="trunc_ln818_153_fu_85803">
<pin_list>
<pin id="85804" dir="0" index="0" bw="16" slack="0"/>
<pin id="85805" dir="0" index="1" bw="26" slack="0"/>
<pin id="85806" dir="0" index="2" bw="5" slack="0"/>
<pin id="85807" dir="0" index="3" bw="6" slack="0"/>
<pin id="85808" dir="1" index="4" bw="16" slack="0"/>
</pin_list>
<bind>
<opcode="partselect(1002) " fcode="partselect"/>
<opset="trunc_ln818_153/1 "/>
</bind>
</comp>

<comp id="85813" class="1004" name="add_ln813_fu_85813">
<pin_list>
<pin id="85814" dir="0" index="0" bw="16" slack="0"/>
<pin id="85815" dir="0" index="1" bw="16" slack="0"/>
<pin id="85816" dir="1" index="2" bw="16" slack="1"/>
</pin_list>
<bind>
<opcode="add(8) " fcode="add"/>
<opset="add_ln813/1 "/>
</bind>
</comp>

<comp id="85819" class="1004" name="add_ln813_3718_fu_85819">
<pin_list>
<pin id="85820" dir="0" index="0" bw="16" slack="0"/>
<pin id="85821" dir="0" index="1" bw="16" slack="0"/>
<pin id="85822" dir="1" index="2" bw="16" slack="1"/>
</pin_list>
<bind>
<opcode="add(8) " fcode="add"/>
<opset="add_ln813_3718/1 "/>
</bind>
</comp>

<comp id="85825" class="1004" name="add_ln813_3721_fu_85825">
<pin_list>
<pin id="85826" dir="0" index="0" bw="16" slack="0"/>
<pin id="85827" dir="0" index="1" bw="16" slack="0"/>
<pin id="85828" dir="1" index="2" bw="16" slack="1"/>
</pin_list>
<bind>
<opcode="add(8) " fcode="add"/>
<opset="add_ln813_3721/1 "/>
</bind>
</comp>

<comp id="85831" class="1004" name="add_ln813_3724_fu_85831">
<pin_list>
<pin id="85832" dir="0" index="0" bw="16" slack="0"/>
<pin id="85833" dir="0" index="1" bw="16" slack="0"/>
<pin id="85834" dir="1" index="2" bw="16" slack="1"/>
</pin_list>
<bind>
<opcode="add(8) " fcode="add"/>
<opset="add_ln813_3724/1 "/>
</bind>
</comp>

<comp id="85837" class="1004" name="add_ln813_3725_fu_85837">
<pin_list>
<pin id="85838" dir="0" index="0" bw="16" slack="0"/>
<pin id="85839" dir="0" index="1" bw="16" slack="0"/>
<pin id="85840" dir="1" index="2" bw="16" slack="1"/>
</pin_list>
<bind>
<opcode="add(8) " fcode="add"/>
<opset="add_ln813_3725/1 "/>
</bind>
</comp>

<comp id="85843" class="1004" name="add_ln813_3728_fu_85843">
<pin_list>
<pin id="85844" dir="0" index="0" bw="16" slack="0"/>
<pin id="85845" dir="0" index="1" bw="16" slack="0"/>
<pin id="85846" dir="1" index="2" bw="16" slack="1"/>
</pin_list>
<bind>
<opcode="add(8) " fcode="add"/>
<opset="add_ln813_3728/1 "/>
</bind>
</comp>

<comp id="85849" class="1004" name="add_ln813_3733_fu_85849">
<pin_list>
<pin id="85850" dir="0" index="0" bw="15" slack="0"/>
<pin id="85851" dir="0" index="1" bw="15" slack="0"/>
<pin id="85852" dir="1" index="2" bw="16" slack="1"/>
</pin_list>
<bind>
<opcode="add(8) " fcode="add"/>
<opset="add_ln813_3733/1 "/>
</bind>
</comp>

<comp id="85855" class="1004" name="add_ln813_3735_fu_85855">
<pin_list>
<pin id="85856" dir="0" index="0" bw="14" slack="0"/>
<pin id="85857" dir="0" index="1" bw="14" slack="0"/>
<pin id="85858" dir="1" index="2" bw="15" slack="0"/>
</pin_list>
<bind>
<opcode="add(8) " fcode="add"/>
<opset="add_ln813_3735/1 "/>
</bind>
</comp>

<comp id="85861" class="1004" name="sext_ln813_fu_85861">
<pin_list>
<pin id="85862" dir="0" index="0" bw="15" slack="0"/>
<pin id="85863" dir="1" index="1" bw="16" slack="0"/>
</pin_list>
<bind>
<opcode="sext(35) " fcode="sext"/>
<opset="sext_ln813/1 "/>
</bind>
</comp>

<comp id="85865" class="1004" name="add_ln813_3736_fu_85865">
<pin_list>
<pin id="85866" dir="0" index="0" bw="14" slack="0"/>
<pin id="85867" dir="0" index="1" bw="14" slack="0"/>
<pin id="85868" dir="1" index="2" bw="15" slack="0"/>
</pin_list>
<bind>
<opcode="add(8) " fcode="add"/>
<opset="add_ln813_3736/1 "/>
</bind>
</comp>

<comp id="85871" class="1004" name="sext_ln813_1438_fu_85871">
<pin_list>
<pin id="85872" dir="0" index="0" bw="15" slack="0"/>
<pin id="85873" dir="1" index="1" bw="16" slack="0"/>
</pin_list>
<bind>
<opcode="sext(35) " fcode="sext"/>
<opset="sext_ln813_1438/1 "/>
</bind>
</comp>

<comp id="85875" class="1004" name="add_ln813_3737_fu_85875">
<pin_list>
<pin id="85876" dir="0" index="0" bw="15" slack="0"/>
<pin id="85877" dir="0" index="1" bw="15" slack="0"/>
<pin id="85878" dir="1" index="2" bw="16" slack="1"/>
</pin_list>
<bind>
<opcode="add(8) " fcode="add"/>
<opset="add_ln813_3737/1 "/>
</bind>
</comp>

<comp id="85881" class="1004" name="add_ln813_3739_fu_85881">
<pin_list>
<pin id="85882" dir="0" index="0" bw="13" slack="0"/>
<pin id="85883" dir="0" index="1" bw="12" slack="0"/>
<pin id="85884" dir="1" index="2" bw="14" slack="0"/>
</pin_list>
<bind>
<opcode="add(8) " fcode="add"/>
<opset="add_ln813_3739/1 "/>
</bind>
</comp>

<comp id="85887" class="1004" name="add_ln813_3740_fu_85887">
<pin_list>
<pin id="85888" dir="0" index="0" bw="11" slack="0"/>
<pin id="85889" dir="0" index="1" bw="11" slack="0"/>
<pin id="85890" dir="1" index="2" bw="12" slack="0"/>
</pin_list>
<bind>
<opcode="add(8) " fcode="add"/>
<opset="add_ln813_3740/1 "/>
</bind>
</comp>

<comp id="85893" class="1004" name="sext_ln813_1439_fu_85893">
<pin_list>
<pin id="85894" dir="0" index="0" bw="12" slack="0"/>
<pin id="85895" dir="1" index="1" bw="14" slack="0"/>
</pin_list>
<bind>
<opcode="sext(35) " fcode="sext"/>
<opset="sext_ln813_1439/1 "/>
</bind>
</comp>

<comp id="85897" class="1004" name="add_ln813_3741_fu_85897">
<pin_list>
<pin id="85898" dir="0" index="0" bw="12" slack="0"/>
<pin id="85899" dir="0" index="1" bw="14" slack="0"/>
<pin id="85900" dir="1" index="2" bw="14" slack="0"/>
</pin_list>
<bind>
<opcode="add(8) " fcode="add"/>
<opset="add_ln813_3741/1 "/>
</bind>
</comp>

<comp id="85903" class="1004" name="sext_ln813_1440_fu_85903">
<pin_list>
<pin id="85904" dir="0" index="0" bw="14" slack="0"/>
<pin id="85905" dir="1" index="1" bw="15" slack="0"/>
</pin_list>
<bind>
<opcode="sext(35) " fcode="sext"/>
<opset="sext_ln813_1440/1 "/>
</bind>
</comp>

<comp id="85907" class="1004" name="add_ln813_3742_fu_85907">
<pin_list>
<pin id="85908" dir="0" index="0" bw="10" slack="0"/>
<pin id="85909" dir="0" index="1" bw="8" slack="0"/>
<pin id="85910" dir="1" index="2" bw="11" slack="0"/>
</pin_list>
<bind>
<opcode="add(8) " fcode="add"/>
<opset="add_ln813_3742/1 "/>
</bind>
</comp>

<comp id="85913" class="1004" name="add_ln813_3743_fu_85913">
<pin_list>
<pin id="85914" dir="0" index="0" bw="8" slack="0"/>
<pin id="85915" dir="0" index="1" bw="7" slack="0"/>
<pin id="85916" dir="1" index="2" bw="9" slack="0"/>
</pin_list>
<bind>
<opcode="add(8) " fcode="add"/>
<opset="add_ln813_3743/1 "/>
</bind>
</comp>

<comp id="85919" class="1004" name="sext_ln813_1441_fu_85919">
<pin_list>
<pin id="85920" dir="0" index="0" bw="9" slack="0"/>
<pin id="85921" dir="1" index="1" bw="11" slack="0"/>
</pin_list>
<bind>
<opcode="sext(35) " fcode="sext"/>
<opset="sext_ln813_1441/1 "/>
</bind>
</comp>

<comp id="85923" class="1004" name="add_ln813_3744_fu_85923">
<pin_list>
<pin id="85924" dir="0" index="0" bw="9" slack="0"/>
<pin id="85925" dir="0" index="1" bw="11" slack="0"/>
<pin id="85926" dir="1" index="2" bw="11" slack="0"/>
</pin_list>
<bind>
<opcode="add(8) " fcode="add"/>
<opset="add_ln813_3744/1 "/>
</bind>
</comp>

<comp id="85929" class="1004" name="sext_ln813_1442_fu_85929">
<pin_list>
<pin id="85930" dir="0" index="0" bw="11" slack="0"/>
<pin id="85931" dir="1" index="1" bw="15" slack="0"/>
</pin_list>
<bind>
<opcode="sext(35) " fcode="sext"/>
<opset="sext_ln813_1442/1 "/>
</bind>
</comp>

<comp id="85933" class="1004" name="add_ln813_3745_fu_85933">
<pin_list>
<pin id="85934" dir="0" index="0" bw="11" slack="0"/>
<pin id="85935" dir="0" index="1" bw="14" slack="0"/>
<pin id="85936" dir="1" index="2" bw="15" slack="1"/>
</pin_list>
<bind>
<opcode="add(8) " fcode="add"/>
<opset="add_ln813_3745/1 "/>
</bind>
</comp>

<comp id="85939" class="1004" name="add_ln813_3748_fu_85939">
<pin_list>
<pin id="85940" dir="0" index="0" bw="16" slack="0"/>
<pin id="85941" dir="0" index="1" bw="16" slack="0"/>
<pin id="85942" dir="1" index="2" bw="16" slack="1"/>
</pin_list>
<bind>
<opcode="add(8) " fcode="add"/>
<opset="add_ln813_3748/1 "/>
</bind>
</comp>

<comp id="85945" class="1004" name="add_ln813_3749_fu_85945">
<pin_list>
<pin id="85946" dir="0" index="0" bw="16" slack="0"/>
<pin id="85947" dir="0" index="1" bw="16" slack="0"/>
<pin id="85948" dir="1" index="2" bw="16" slack="1"/>
</pin_list>
<bind>
<opcode="add(8) " fcode="add"/>
<opset="add_ln813_3749/1 "/>
</bind>
</comp>

<comp id="85951" class="1004" name="add_ln813_3752_fu_85951">
<pin_list>
<pin id="85952" dir="0" index="0" bw="16" slack="0"/>
<pin id="85953" dir="0" index="1" bw="16" slack="0"/>
<pin id="85954" dir="1" index="2" bw="16" slack="1"/>
</pin_list>
<bind>
<opcode="add(8) " fcode="add"/>
<opset="add_ln813_3752/1 "/>
</bind>
</comp>

<comp id="85957" class="1004" name="add_ln813_3755_fu_85957">
<pin_list>
<pin id="85958" dir="0" index="0" bw="16" slack="0"/>
<pin id="85959" dir="0" index="1" bw="16" slack="0"/>
<pin id="85960" dir="1" index="2" bw="16" slack="1"/>
</pin_list>
<bind>
<opcode="add(8) " fcode="add"/>
<opset="add_ln813_3755/1 "/>
</bind>
</comp>

<comp id="85963" class="1004" name="add_ln813_3756_fu_85963">
<pin_list>
<pin id="85964" dir="0" index="0" bw="16" slack="0"/>
<pin id="85965" dir="0" index="1" bw="16" slack="0"/>
<pin id="85966" dir="1" index="2" bw="16" slack="1"/>
</pin_list>
<bind>
<opcode="add(8) " fcode="add"/>
<opset="add_ln813_3756/1 "/>
</bind>
</comp>

<comp id="85969" class="1004" name="add_ln813_3759_fu_85969">
<pin_list>
<pin id="85970" dir="0" index="0" bw="16" slack="0"/>
<pin id="85971" dir="0" index="1" bw="16" slack="0"/>
<pin id="85972" dir="1" index="2" bw="16" slack="1"/>
</pin_list>
<bind>
<opcode="add(8) " fcode="add"/>
<opset="add_ln813_3759/1 "/>
</bind>
</comp>

<comp id="85975" class="1004" name="add_ln813_3764_fu_85975">
<pin_list>
<pin id="85976" dir="0" index="0" bw="15" slack="0"/>
<pin id="85977" dir="0" index="1" bw="15" slack="0"/>
<pin id="85978" dir="1" index="2" bw="16" slack="1"/>
</pin_list>
<bind>
<opcode="add(8) " fcode="add"/>
<opset="add_ln813_3764/1 "/>
</bind>
</comp>

<comp id="85981" class="1004" name="add_ln813_3767_fu_85981">
<pin_list>
<pin id="85982" dir="0" index="0" bw="14" slack="0"/>
<pin id="85983" dir="0" index="1" bw="14" slack="0"/>
<pin id="85984" dir="1" index="2" bw="15" slack="1"/>
</pin_list>
<bind>
<opcode="add(8) " fcode="add"/>
<opset="add_ln813_3767/1 "/>
</bind>
</comp>

<comp id="85987" class="1004" name="add_ln813_3770_fu_85987">
<pin_list>
<pin id="85988" dir="0" index="0" bw="14" slack="0"/>
<pin id="85989" dir="0" index="1" bw="14" slack="0"/>
<pin id="85990" dir="1" index="2" bw="15" slack="1"/>
</pin_list>
<bind>
<opcode="add(8) " fcode="add"/>
<opset="add_ln813_3770/1 "/>
</bind>
</comp>

<comp id="85993" class="1004" name="add_ln813_3771_fu_85993">
<pin_list>
<pin id="85994" dir="0" index="0" bw="13" slack="0"/>
<pin id="85995" dir="0" index="1" bw="12" slack="0"/>
<pin id="85996" dir="1" index="2" bw="14" slack="1"/>
</pin_list>
<bind>
<opcode="add(8) " fcode="add"/>
<opset="add_ln813_3771/1 "/>
</bind>
</comp>

<comp id="85999" class="1004" name="add_ln813_3773_fu_85999">
<pin_list>
<pin id="86000" dir="0" index="0" bw="12" slack="0"/>
<pin id="86001" dir="0" index="1" bw="8" slack="0"/>
<pin id="86002" dir="1" index="2" bw="13" slack="0"/>
</pin_list>
<bind>
<opcode="add(8) " fcode="add"/>
<opset="add_ln813_3773/1 "/>
</bind>
</comp>

<comp id="86005" class="1004" name="add_ln813_3774_fu_86005">
<pin_list>
<pin id="86006" dir="0" index="0" bw="7" slack="0"/>
<pin id="86007" dir="0" index="1" bw="7" slack="0"/>
<pin id="86008" dir="1" index="2" bw="8" slack="0"/>
</pin_list>
<bind>
<opcode="add(8) " fcode="add"/>
<opset="add_ln813_3774/1 "/>
</bind>
</comp>

<comp id="86011" class="1004" name="sext_ln813_1447_fu_86011">
<pin_list>
<pin id="86012" dir="0" index="0" bw="8" slack="0"/>
<pin id="86013" dir="1" index="1" bw="9" slack="0"/>
</pin_list>
<bind>
<opcode="sext(35) " fcode="sext"/>
<opset="sext_ln813_1447/1 "/>
</bind>
</comp>

<comp id="86015" class="1004" name="add_ln813_3775_fu_86015">
<pin_list>
<pin id="86016" dir="0" index="0" bw="8" slack="0"/>
<pin id="86017" dir="0" index="1" bw="8" slack="0"/>
<pin id="86018" dir="1" index="2" bw="9" slack="0"/>
</pin_list>
<bind>
<opcode="add(8) " fcode="add"/>
<opset="add_ln813_3775/1 "/>
</bind>
</comp>

<comp id="86021" class="1004" name="sext_ln813_1448_fu_86021">
<pin_list>
<pin id="86022" dir="0" index="0" bw="9" slack="0"/>
<pin id="86023" dir="1" index="1" bw="13" slack="0"/>
</pin_list>
<bind>
<opcode="sext(35) " fcode="sext"/>
<opset="sext_ln813_1448/1 "/>
</bind>
</comp>

<comp id="86025" class="1004" name="add_ln813_3776_fu_86025">
<pin_list>
<pin id="86026" dir="0" index="0" bw="9" slack="0"/>
<pin id="86027" dir="0" index="1" bw="13" slack="0"/>
<pin id="86028" dir="1" index="2" bw="13" slack="1"/>
</pin_list>
<bind>
<opcode="add(8) " fcode="add"/>
<opset="add_ln813_3776/1 "/>
</bind>
</comp>

<comp id="86031" class="1004" name="add_ln813_3780_fu_86031">
<pin_list>
<pin id="86032" dir="0" index="0" bw="16" slack="0"/>
<pin id="86033" dir="0" index="1" bw="16" slack="0"/>
<pin id="86034" dir="1" index="2" bw="16" slack="1"/>
</pin_list>
<bind>
<opcode="add(8) " fcode="add"/>
<opset="add_ln813_3780/1 "/>
</bind>
</comp>

<comp id="86037" class="1004" name="add_ln813_3781_fu_86037">
<pin_list>
<pin id="86038" dir="0" index="0" bw="16" slack="0"/>
<pin id="86039" dir="0" index="1" bw="16" slack="0"/>
<pin id="86040" dir="1" index="2" bw="16" slack="1"/>
</pin_list>
<bind>
<opcode="add(8) " fcode="add"/>
<opset="add_ln813_3781/1 "/>
</bind>
</comp>

<comp id="86043" class="1004" name="add_ln813_3784_fu_86043">
<pin_list>
<pin id="86044" dir="0" index="0" bw="16" slack="0"/>
<pin id="86045" dir="0" index="1" bw="16" slack="0"/>
<pin id="86046" dir="1" index="2" bw="16" slack="1"/>
</pin_list>
<bind>
<opcode="add(8) " fcode="add"/>
<opset="add_ln813_3784/1 "/>
</bind>
</comp>

<comp id="86049" class="1004" name="add_ln813_3787_fu_86049">
<pin_list>
<pin id="86050" dir="0" index="0" bw="16" slack="0"/>
<pin id="86051" dir="0" index="1" bw="16" slack="0"/>
<pin id="86052" dir="1" index="2" bw="16" slack="1"/>
</pin_list>
<bind>
<opcode="add(8) " fcode="add"/>
<opset="add_ln813_3787/1 "/>
</bind>
</comp>

<comp id="86055" class="1004" name="add_ln813_3788_fu_86055">
<pin_list>
<pin id="86056" dir="0" index="0" bw="16" slack="0"/>
<pin id="86057" dir="0" index="1" bw="16" slack="0"/>
<pin id="86058" dir="1" index="2" bw="16" slack="1"/>
</pin_list>
<bind>
<opcode="add(8) " fcode="add"/>
<opset="add_ln813_3788/1 "/>
</bind>
</comp>

<comp id="86061" class="1004" name="add_ln813_3791_fu_86061">
<pin_list>
<pin id="86062" dir="0" index="0" bw="16" slack="0"/>
<pin id="86063" dir="0" index="1" bw="16" slack="0"/>
<pin id="86064" dir="1" index="2" bw="16" slack="1"/>
</pin_list>
<bind>
<opcode="add(8) " fcode="add"/>
<opset="add_ln813_3791/1 "/>
</bind>
</comp>

<comp id="86067" class="1004" name="add_ln813_3796_fu_86067">
<pin_list>
<pin id="86068" dir="0" index="0" bw="15" slack="0"/>
<pin id="86069" dir="0" index="1" bw="15" slack="0"/>
<pin id="86070" dir="1" index="2" bw="16" slack="1"/>
</pin_list>
<bind>
<opcode="add(8) " fcode="add"/>
<opset="add_ln813_3796/1 "/>
</bind>
</comp>

<comp id="86073" class="1004" name="add_ln813_3799_fu_86073">
<pin_list>
<pin id="86074" dir="0" index="0" bw="15" slack="0"/>
<pin id="86075" dir="0" index="1" bw="15" slack="0"/>
<pin id="86076" dir="1" index="2" bw="16" slack="1"/>
</pin_list>
<bind>
<opcode="add(8) " fcode="add"/>
<opset="add_ln813_3799/1 "/>
</bind>
</comp>

<comp id="86079" class="1004" name="add_ln813_3802_fu_86079">
<pin_list>
<pin id="86080" dir="0" index="0" bw="14" slack="0"/>
<pin id="86081" dir="0" index="1" bw="14" slack="0"/>
<pin id="86082" dir="1" index="2" bw="15" slack="1"/>
</pin_list>
<bind>
<opcode="add(8) " fcode="add"/>
<opset="add_ln813_3802/1 "/>
</bind>
</comp>

<comp id="86085" class="1004" name="add_ln813_3803_fu_86085">
<pin_list>
<pin id="86086" dir="0" index="0" bw="14" slack="0"/>
<pin id="86087" dir="0" index="1" bw="14" slack="0"/>
<pin id="86088" dir="1" index="2" bw="15" slack="1"/>
</pin_list>
<bind>
<opcode="add(8) " fcode="add"/>
<opset="add_ln813_3803/1 "/>
</bind>
</comp>

<comp id="86091" class="1004" name="add_ln813_3805_fu_86091">
<pin_list>
<pin id="86092" dir="0" index="0" bw="13" slack="0"/>
<pin id="86093" dir="0" index="1" bw="13" slack="0"/>
<pin id="86094" dir="1" index="2" bw="14" slack="0"/>
</pin_list>
<bind>
<opcode="add(8) " fcode="add"/>
<opset="add_ln813_3805/1 "/>
</bind>
</comp>

<comp id="86097" class="1004" name="sext_ln813_1452_fu_86097">
<pin_list>
<pin id="86098" dir="0" index="0" bw="14" slack="0"/>
<pin id="86099" dir="1" index="1" bw="15" slack="0"/>
</pin_list>
<bind>
<opcode="sext(35) " fcode="sext"/>
<opset="sext_ln813_1452/1 "/>
</bind>
</comp>

<comp id="86101" class="1004" name="add_ln813_3806_fu_86101">
<pin_list>
<pin id="86102" dir="0" index="0" bw="7" slack="0"/>
<pin id="86103" dir="0" index="1" bw="8" slack="0"/>
<pin id="86104" dir="1" index="2" bw="8" slack="0"/>
</pin_list>
<bind>
<opcode="add(8) " fcode="add"/>
<opset="add_ln813_3806/1 "/>
</bind>
</comp>

<comp id="86107" class="1004" name="zext_ln813_fu_86107">
<pin_list>
<pin id="86108" dir="0" index="0" bw="8" slack="0"/>
<pin id="86109" dir="1" index="1" bw="12" slack="0"/>
</pin_list>
<bind>
<opcode="zext(34) " fcode="zext"/>
<opset="zext_ln813/1 "/>
</bind>
</comp>

<comp id="86111" class="1004" name="add_ln813_3807_fu_86111">
<pin_list>
<pin id="86112" dir="0" index="0" bw="8" slack="0"/>
<pin id="86113" dir="0" index="1" bw="11" slack="0"/>
<pin id="86114" dir="1" index="2" bw="12" slack="0"/>
</pin_list>
<bind>
<opcode="add(8) " fcode="add"/>
<opset="add_ln813_3807/1 "/>
</bind>
</comp>

<comp id="86117" class="1004" name="sext_ln813_1453_fu_86117">
<pin_list>
<pin id="86118" dir="0" index="0" bw="12" slack="0"/>
<pin id="86119" dir="1" index="1" bw="15" slack="0"/>
</pin_list>
<bind>
<opcode="sext(35) " fcode="sext"/>
<opset="sext_ln813_1453/1 "/>
</bind>
</comp>

<comp id="86121" class="1004" name="add_ln813_3808_fu_86121">
<pin_list>
<pin id="86122" dir="0" index="0" bw="12" slack="0"/>
<pin id="86123" dir="0" index="1" bw="14" slack="0"/>
<pin id="86124" dir="1" index="2" bw="15" slack="1"/>
</pin_list>
<bind>
<opcode="add(8) " fcode="add"/>
<opset="add_ln813_3808/1 "/>
</bind>
</comp>

<comp id="86127" class="1004" name="add_ln813_3812_fu_86127">
<pin_list>
<pin id="86128" dir="0" index="0" bw="16" slack="0"/>
<pin id="86129" dir="0" index="1" bw="16" slack="0"/>
<pin id="86130" dir="1" index="2" bw="16" slack="1"/>
</pin_list>
<bind>
<opcode="add(8) " fcode="add"/>
<opset="add_ln813_3812/1 "/>
</bind>
</comp>

<comp id="86133" class="1004" name="add_ln813_3813_fu_86133">
<pin_list>
<pin id="86134" dir="0" index="0" bw="16" slack="0"/>
<pin id="86135" dir="0" index="1" bw="16" slack="0"/>
<pin id="86136" dir="1" index="2" bw="16" slack="1"/>
</pin_list>
<bind>
<opcode="add(8) " fcode="add"/>
<opset="add_ln813_3813/1 "/>
</bind>
</comp>

<comp id="86139" class="1004" name="add_ln813_3816_fu_86139">
<pin_list>
<pin id="86140" dir="0" index="0" bw="16" slack="0"/>
<pin id="86141" dir="0" index="1" bw="16" slack="0"/>
<pin id="86142" dir="1" index="2" bw="16" slack="1"/>
</pin_list>
<bind>
<opcode="add(8) " fcode="add"/>
<opset="add_ln813_3816/1 "/>
</bind>
</comp>

<comp id="86145" class="1004" name="add_ln813_3819_fu_86145">
<pin_list>
<pin id="86146" dir="0" index="0" bw="16" slack="0"/>
<pin id="86147" dir="0" index="1" bw="16" slack="0"/>
<pin id="86148" dir="1" index="2" bw="16" slack="1"/>
</pin_list>
<bind>
<opcode="add(8) " fcode="add"/>
<opset="add_ln813_3819/1 "/>
</bind>
</comp>

<comp id="86151" class="1004" name="add_ln813_3820_fu_86151">
<pin_list>
<pin id="86152" dir="0" index="0" bw="16" slack="0"/>
<pin id="86153" dir="0" index="1" bw="16" slack="0"/>
<pin id="86154" dir="1" index="2" bw="16" slack="1"/>
</pin_list>
<bind>
<opcode="add(8) " fcode="add"/>
<opset="add_ln813_3820/1 "/>
</bind>
</comp>

<comp id="86157" class="1004" name="add_ln813_3823_fu_86157">
<pin_list>
<pin id="86158" dir="0" index="0" bw="16" slack="0"/>
<pin id="86159" dir="0" index="1" bw="16" slack="0"/>
<pin id="86160" dir="1" index="2" bw="16" slack="1"/>
</pin_list>
<bind>
<opcode="add(8) " fcode="add"/>
<opset="add_ln813_3823/1 "/>
</bind>
</comp>

<comp id="86163" class="1004" name="add_ln813_3828_fu_86163">
<pin_list>
<pin id="86164" dir="0" index="0" bw="15" slack="0"/>
<pin id="86165" dir="0" index="1" bw="15" slack="0"/>
<pin id="86166" dir="1" index="2" bw="16" slack="1"/>
</pin_list>
<bind>
<opcode="add(8) " fcode="add"/>
<opset="add_ln813_3828/1 "/>
</bind>
</comp>

<comp id="86169" class="1004" name="add_ln813_3831_fu_86169">
<pin_list>
<pin id="86170" dir="0" index="0" bw="15" slack="0"/>
<pin id="86171" dir="0" index="1" bw="15" slack="0"/>
<pin id="86172" dir="1" index="2" bw="16" slack="1"/>
</pin_list>
<bind>
<opcode="add(8) " fcode="add"/>
<opset="add_ln813_3831/1 "/>
</bind>
</comp>

<comp id="86175" class="1004" name="add_ln813_3834_fu_86175">
<pin_list>
<pin id="86176" dir="0" index="0" bw="14" slack="0"/>
<pin id="86177" dir="0" index="1" bw="14" slack="0"/>
<pin id="86178" dir="1" index="2" bw="15" slack="1"/>
</pin_list>
<bind>
<opcode="add(8) " fcode="add"/>
<opset="add_ln813_3834/1 "/>
</bind>
</comp>

<comp id="86181" class="1004" name="add_ln813_3835_fu_86181">
<pin_list>
<pin id="86182" dir="0" index="0" bw="14" slack="0"/>
<pin id="86183" dir="0" index="1" bw="14" slack="0"/>
<pin id="86184" dir="1" index="2" bw="15" slack="1"/>
</pin_list>
<bind>
<opcode="add(8) " fcode="add"/>
<opset="add_ln813_3835/1 "/>
</bind>
</comp>

<comp id="86187" class="1004" name="add_ln813_3837_fu_86187">
<pin_list>
<pin id="86188" dir="0" index="0" bw="14" slack="0"/>
<pin id="86189" dir="0" index="1" bw="8" slack="0"/>
<pin id="86190" dir="1" index="2" bw="15" slack="0"/>
</pin_list>
<bind>
<opcode="add(8) " fcode="add"/>
<opset="add_ln813_3837/1 "/>
</bind>
</comp>

<comp id="86193" class="1004" name="add_ln813_3838_fu_86193">
<pin_list>
<pin id="86194" dir="0" index="0" bw="7" slack="0"/>
<pin id="86195" dir="0" index="1" bw="5" slack="0"/>
<pin id="86196" dir="1" index="2" bw="8" slack="0"/>
</pin_list>
<bind>
<opcode="add(8) " fcode="add"/>
<opset="add_ln813_3838/1 "/>
</bind>
</comp>

<comp id="86199" class="1004" name="sext_ln813_1457_fu_86199">
<pin_list>
<pin id="86200" dir="0" index="0" bw="8" slack="0"/>
<pin id="86201" dir="1" index="1" bw="15" slack="0"/>
</pin_list>
<bind>
<opcode="sext(35) " fcode="sext"/>
<opset="sext_ln813_1457/1 "/>
</bind>
</comp>

<comp id="86203" class="1004" name="add_ln813_3839_fu_86203">
<pin_list>
<pin id="86204" dir="0" index="0" bw="8" slack="0"/>
<pin id="86205" dir="0" index="1" bw="15" slack="0"/>
<pin id="86206" dir="1" index="2" bw="15" slack="1"/>
</pin_list>
<bind>
<opcode="add(8) " fcode="add"/>
<opset="add_ln813_3839/1 "/>
</bind>
</comp>

<comp id="86209" class="1004" name="add_ln813_3843_fu_86209">
<pin_list>
<pin id="86210" dir="0" index="0" bw="16" slack="0"/>
<pin id="86211" dir="0" index="1" bw="16" slack="0"/>
<pin id="86212" dir="1" index="2" bw="16" slack="1"/>
</pin_list>
<bind>
<opcode="add(8) " fcode="add"/>
<opset="add_ln813_3843/1 "/>
</bind>
</comp>

<comp id="86215" class="1004" name="add_ln813_3844_fu_86215">
<pin_list>
<pin id="86216" dir="0" index="0" bw="16" slack="0"/>
<pin id="86217" dir="0" index="1" bw="16" slack="0"/>
<pin id="86218" dir="1" index="2" bw="16" slack="1"/>
</pin_list>
<bind>
<opcode="add(8) " fcode="add"/>
<opset="add_ln813_3844/1 "/>
</bind>
</comp>

<comp id="86221" class="1004" name="add_ln813_3847_fu_86221">
<pin_list>
<pin id="86222" dir="0" index="0" bw="16" slack="0"/>
<pin id="86223" dir="0" index="1" bw="16" slack="0"/>
<pin id="86224" dir="1" index="2" bw="16" slack="1"/>
</pin_list>
<bind>
<opcode="add(8) " fcode="add"/>
<opset="add_ln813_3847/1 "/>
</bind>
</comp>

<comp id="86227" class="1004" name="add_ln813_3850_fu_86227">
<pin_list>
<pin id="86228" dir="0" index="0" bw="16" slack="0"/>
<pin id="86229" dir="0" index="1" bw="16" slack="0"/>
<pin id="86230" dir="1" index="2" bw="16" slack="1"/>
</pin_list>
<bind>
<opcode="add(8) " fcode="add"/>
<opset="add_ln813_3850/1 "/>
</bind>
</comp>

<comp id="86233" class="1004" name="add_ln813_3851_fu_86233">
<pin_list>
<pin id="86234" dir="0" index="0" bw="16" slack="0"/>
<pin id="86235" dir="0" index="1" bw="16" slack="0"/>
<pin id="86236" dir="1" index="2" bw="16" slack="1"/>
</pin_list>
<bind>
<opcode="add(8) " fcode="add"/>
<opset="add_ln813_3851/1 "/>
</bind>
</comp>

<comp id="86239" class="1004" name="add_ln813_3854_fu_86239">
<pin_list>
<pin id="86240" dir="0" index="0" bw="16" slack="0"/>
<pin id="86241" dir="0" index="1" bw="16" slack="0"/>
<pin id="86242" dir="1" index="2" bw="16" slack="1"/>
</pin_list>
<bind>
<opcode="add(8) " fcode="add"/>
<opset="add_ln813_3854/1 "/>
</bind>
</comp>

<comp id="86245" class="1004" name="add_ln813_3859_fu_86245">
<pin_list>
<pin id="86246" dir="0" index="0" bw="15" slack="0"/>
<pin id="86247" dir="0" index="1" bw="15" slack="0"/>
<pin id="86248" dir="1" index="2" bw="16" slack="1"/>
</pin_list>
<bind>
<opcode="add(8) " fcode="add"/>
<opset="add_ln813_3859/1 "/>
</bind>
</comp>

<comp id="86251" class="1004" name="add_ln813_3862_fu_86251">
<pin_list>
<pin id="86252" dir="0" index="0" bw="15" slack="0"/>
<pin id="86253" dir="0" index="1" bw="14" slack="0"/>
<pin id="86254" dir="1" index="2" bw="16" slack="1"/>
</pin_list>
<bind>
<opcode="add(8) " fcode="add"/>
<opset="add_ln813_3862/1 "/>
</bind>
</comp>

<comp id="86257" class="1004" name="add_ln813_3865_fu_86257">
<pin_list>
<pin id="86258" dir="0" index="0" bw="14" slack="0"/>
<pin id="86259" dir="0" index="1" bw="13" slack="0"/>
<pin id="86260" dir="1" index="2" bw="15" slack="1"/>
</pin_list>
<bind>
<opcode="add(8) " fcode="add"/>
<opset="add_ln813_3865/1 "/>
</bind>
</comp>

<comp id="86263" class="1004" name="add_ln813_3866_fu_86263">
<pin_list>
<pin id="86264" dir="0" index="0" bw="13" slack="0"/>
<pin id="86265" dir="0" index="1" bw="13" slack="0"/>
<pin id="86266" dir="1" index="2" bw="14" slack="1"/>
</pin_list>
<bind>
<opcode="add(8) " fcode="add"/>
<opset="add_ln813_3866/1 "/>
</bind>
</comp>

<comp id="86269" class="1004" name="add_ln813_3868_fu_86269">
<pin_list>
<pin id="86270" dir="0" index="0" bw="12" slack="0"/>
<pin id="86271" dir="0" index="1" bw="12" slack="0"/>
<pin id="86272" dir="1" index="2" bw="13" slack="0"/>
</pin_list>
<bind>
<opcode="add(8) " fcode="add"/>
<opset="add_ln813_3868/1 "/>
</bind>
</comp>

<comp id="86275" class="1004" name="sext_ln813_1461_fu_86275">
<pin_list>
<pin id="86276" dir="0" index="0" bw="13" slack="0"/>
<pin id="86277" dir="1" index="1" bw="14" slack="0"/>
</pin_list>
<bind>
<opcode="sext(35) " fcode="sext"/>
<opset="sext_ln813_1461/1 "/>
</bind>
</comp>

<comp id="86279" class="1004" name="add_ln813_3869_fu_86279">
<pin_list>
<pin id="86280" dir="0" index="0" bw="7" slack="0"/>
<pin id="86281" dir="0" index="1" bw="6" slack="0"/>
<pin id="86282" dir="1" index="2" bw="8" slack="0"/>
</pin_list>
<bind>
<opcode="add(8) " fcode="add"/>
<opset="add_ln813_3869/1 "/>
</bind>
</comp>

<comp id="86285" class="1004" name="sext_ln813_1462_fu_86285">
<pin_list>
<pin id="86286" dir="0" index="0" bw="8" slack="0"/>
<pin id="86287" dir="1" index="1" bw="11" slack="0"/>
</pin_list>
<bind>
<opcode="sext(35) " fcode="sext"/>
<opset="sext_ln813_1462/1 "/>
</bind>
</comp>

<comp id="86289" class="1004" name="add_ln813_3870_fu_86289">
<pin_list>
<pin id="86290" dir="0" index="0" bw="8" slack="0"/>
<pin id="86291" dir="0" index="1" bw="10" slack="0"/>
<pin id="86292" dir="1" index="2" bw="11" slack="0"/>
</pin_list>
<bind>
<opcode="add(8) " fcode="add"/>
<opset="add_ln813_3870/1 "/>
</bind>
</comp>

<comp id="86295" class="1004" name="sext_ln813_1463_fu_86295">
<pin_list>
<pin id="86296" dir="0" index="0" bw="11" slack="0"/>
<pin id="86297" dir="1" index="1" bw="14" slack="0"/>
</pin_list>
<bind>
<opcode="sext(35) " fcode="sext"/>
<opset="sext_ln813_1463/1 "/>
</bind>
</comp>

<comp id="86299" class="1004" name="add_ln813_3871_fu_86299">
<pin_list>
<pin id="86300" dir="0" index="0" bw="11" slack="0"/>
<pin id="86301" dir="0" index="1" bw="13" slack="0"/>
<pin id="86302" dir="1" index="2" bw="14" slack="1"/>
</pin_list>
<bind>
<opcode="add(8) " fcode="add"/>
<opset="add_ln813_3871/1 "/>
</bind>
</comp>

<comp id="86305" class="1004" name="sext_ln818_fu_86305">
<pin_list>
<pin id="86306" dir="0" index="0" bw="15" slack="1"/>
<pin id="86307" dir="1" index="1" bw="16" slack="0"/>
</pin_list>
<bind>
<opcode="sext(35) " fcode="sext"/>
<opset="sext_ln818/2 "/>
</bind>
</comp>

<comp id="86308" class="1004" name="sext_ln818_1011_fu_86308">
<pin_list>
<pin id="86309" dir="0" index="0" bw="15" slack="1"/>
<pin id="86310" dir="1" index="1" bw="16" slack="0"/>
</pin_list>
<bind>
<opcode="sext(35) " fcode="sext"/>
<opset="sext_ln818_1011/2 "/>
</bind>
</comp>

<comp id="86311" class="1004" name="sext_ln818_1012_fu_86311">
<pin_list>
<pin id="86312" dir="0" index="0" bw="15" slack="1"/>
<pin id="86313" dir="1" index="1" bw="16" slack="0"/>
</pin_list>
<bind>
<opcode="sext(35) " fcode="sext"/>
<opset="sext_ln818_1012/2 "/>
</bind>
</comp>

<comp id="86314" class="1004" name="sext_ln818_1013_fu_86314">
<pin_list>
<pin id="86315" dir="0" index="0" bw="15" slack="1"/>
<pin id="86316" dir="1" index="1" bw="16" slack="0"/>
</pin_list>
<bind>
<opcode="sext(35) " fcode="sext"/>
<opset="sext_ln818_1013/2 "/>
</bind>
</comp>

<comp id="86317" class="1004" name="sext_ln818_1014_fu_86317">
<pin_list>
<pin id="86318" dir="0" index="0" bw="15" slack="1"/>
<pin id="86319" dir="1" index="1" bw="16" slack="0"/>
</pin_list>
<bind>
<opcode="sext(35) " fcode="sext"/>
<opset="sext_ln818_1014/2 "/>
</bind>
</comp>

<comp id="86320" class="1004" name="sext_ln818_1016_fu_86320">
<pin_list>
<pin id="86321" dir="0" index="0" bw="15" slack="1"/>
<pin id="86322" dir="1" index="1" bw="16" slack="0"/>
</pin_list>
<bind>
<opcode="sext(35) " fcode="sext"/>
<opset="sext_ln818_1016/2 "/>
</bind>
</comp>

<comp id="86323" class="1004" name="sext_ln818_1017_fu_86323">
<pin_list>
<pin id="86324" dir="0" index="0" bw="15" slack="1"/>
<pin id="86325" dir="1" index="1" bw="16" slack="0"/>
</pin_list>
<bind>
<opcode="sext(35) " fcode="sext"/>
<opset="sext_ln818_1017/2 "/>
</bind>
</comp>

<comp id="86326" class="1004" name="sext_ln818_1018_fu_86326">
<pin_list>
<pin id="86327" dir="0" index="0" bw="14" slack="1"/>
<pin id="86328" dir="1" index="1" bw="16" slack="0"/>
</pin_list>
<bind>
<opcode="sext(35) " fcode="sext"/>
<opset="sext_ln818_1018/2 "/>
</bind>
</comp>

<comp id="86329" class="1004" name="sext_ln818_1022_fu_86329">
<pin_list>
<pin id="86330" dir="0" index="0" bw="15" slack="1"/>
<pin id="86331" dir="1" index="1" bw="16" slack="0"/>
</pin_list>
<bind>
<opcode="sext(35) " fcode="sext"/>
<opset="sext_ln818_1022/2 "/>
</bind>
</comp>

<comp id="86332" class="1004" name="sext_ln818_1027_fu_86332">
<pin_list>
<pin id="86333" dir="0" index="0" bw="15" slack="1"/>
<pin id="86334" dir="1" index="1" bw="16" slack="0"/>
</pin_list>
<bind>
<opcode="sext(35) " fcode="sext"/>
<opset="sext_ln818_1027/2 "/>
</bind>
</comp>

<comp id="86335" class="1004" name="sext_ln818_1028_fu_86335">
<pin_list>
<pin id="86336" dir="0" index="0" bw="15" slack="1"/>
<pin id="86337" dir="1" index="1" bw="16" slack="0"/>
</pin_list>
<bind>
<opcode="sext(35) " fcode="sext"/>
<opset="sext_ln818_1028/2 "/>
</bind>
</comp>

<comp id="86338" class="1004" name="sext_ln818_1029_fu_86338">
<pin_list>
<pin id="86339" dir="0" index="0" bw="15" slack="1"/>
<pin id="86340" dir="1" index="1" bw="16" slack="0"/>
</pin_list>
<bind>
<opcode="sext(35) " fcode="sext"/>
<opset="sext_ln818_1029/2 "/>
</bind>
</comp>

<comp id="86341" class="1004" name="sext_ln818_1032_fu_86341">
<pin_list>
<pin id="86342" dir="0" index="0" bw="15" slack="1"/>
<pin id="86343" dir="1" index="1" bw="16" slack="0"/>
</pin_list>
<bind>
<opcode="sext(35) " fcode="sext"/>
<opset="sext_ln818_1032/2 "/>
</bind>
</comp>

<comp id="86344" class="1004" name="sext_ln818_1033_fu_86344">
<pin_list>
<pin id="86345" dir="0" index="0" bw="15" slack="1"/>
<pin id="86346" dir="1" index="1" bw="16" slack="0"/>
</pin_list>
<bind>
<opcode="sext(35) " fcode="sext"/>
<opset="sext_ln818_1033/2 "/>
</bind>
</comp>

<comp id="86347" class="1004" name="sext_ln818_1034_fu_86347">
<pin_list>
<pin id="86348" dir="0" index="0" bw="15" slack="1"/>
<pin id="86349" dir="1" index="1" bw="16" slack="0"/>
</pin_list>
<bind>
<opcode="sext(35) " fcode="sext"/>
<opset="sext_ln818_1034/2 "/>
</bind>
</comp>

<comp id="86350" class="1004" name="sext_ln818_1037_fu_86350">
<pin_list>
<pin id="86351" dir="0" index="0" bw="15" slack="1"/>
<pin id="86352" dir="1" index="1" bw="16" slack="0"/>
</pin_list>
<bind>
<opcode="sext(35) " fcode="sext"/>
<opset="sext_ln818_1037/2 "/>
</bind>
</comp>

<comp id="86353" class="1004" name="add_ln813_3719_fu_86353">
<pin_list>
<pin id="86354" dir="0" index="0" bw="16" slack="1"/>
<pin id="86355" dir="0" index="1" bw="16" slack="1"/>
<pin id="86356" dir="1" index="2" bw="16" slack="0"/>
</pin_list>
<bind>
<opcode="add(8) " fcode="add"/>
<opset="add_ln813_3719/2 "/>
</bind>
</comp>

<comp id="86357" class="1004" name="add_ln813_3720_fu_86357">
<pin_list>
<pin id="86358" dir="0" index="0" bw="16" slack="1"/>
<pin id="86359" dir="0" index="1" bw="16" slack="1"/>
<pin id="86360" dir="1" index="2" bw="16" slack="0"/>
</pin_list>
<bind>
<opcode="add(8) " fcode="add"/>
<opset="add_ln813_3720/2 "/>
</bind>
</comp>

<comp id="86361" class="1004" name="add_ln813_3722_fu_86361">
<pin_list>
<pin id="86362" dir="0" index="0" bw="16" slack="1"/>
<pin id="86363" dir="0" index="1" bw="16" slack="0"/>
<pin id="86364" dir="1" index="2" bw="16" slack="0"/>
</pin_list>
<bind>
<opcode="add(8) " fcode="add"/>
<opset="add_ln813_3722/2 "/>
</bind>
</comp>

<comp id="86366" class="1004" name="add_ln813_3723_fu_86366">
<pin_list>
<pin id="86367" dir="0" index="0" bw="16" slack="0"/>
<pin id="86368" dir="0" index="1" bw="16" slack="0"/>
<pin id="86369" dir="1" index="2" bw="16" slack="0"/>
</pin_list>
<bind>
<opcode="add(8) " fcode="add"/>
<opset="add_ln813_3723/2 "/>
</bind>
</comp>

<comp id="86372" class="1004" name="add_ln813_3726_fu_86372">
<pin_list>
<pin id="86373" dir="0" index="0" bw="16" slack="1"/>
<pin id="86374" dir="0" index="1" bw="16" slack="1"/>
<pin id="86375" dir="1" index="2" bw="16" slack="0"/>
</pin_list>
<bind>
<opcode="add(8) " fcode="add"/>
<opset="add_ln813_3726/2 "/>
</bind>
</comp>

<comp id="86376" class="1004" name="add_ln813_3727_fu_86376">
<pin_list>
<pin id="86377" dir="0" index="0" bw="16" slack="1"/>
<pin id="86378" dir="0" index="1" bw="16" slack="1"/>
<pin id="86379" dir="1" index="2" bw="16" slack="0"/>
</pin_list>
<bind>
<opcode="add(8) " fcode="add"/>
<opset="add_ln813_3727/2 "/>
</bind>
</comp>

<comp id="86380" class="1004" name="add_ln813_3729_fu_86380">
<pin_list>
<pin id="86381" dir="0" index="0" bw="16" slack="1"/>
<pin id="86382" dir="0" index="1" bw="16" slack="0"/>
<pin id="86383" dir="1" index="2" bw="16" slack="0"/>
</pin_list>
<bind>
<opcode="add(8) " fcode="add"/>
<opset="add_ln813_3729/2 "/>
</bind>
</comp>

<comp id="86385" class="1004" name="add_ln813_3730_fu_86385">
<pin_list>
<pin id="86386" dir="0" index="0" bw="16" slack="0"/>
<pin id="86387" dir="0" index="1" bw="16" slack="0"/>
<pin id="86388" dir="1" index="2" bw="16" slack="0"/>
</pin_list>
<bind>
<opcode="add(8) " fcode="add"/>
<opset="add_ln813_3730/2 "/>
</bind>
</comp>

<comp id="86391" class="1004" name="add_ln813_3731_fu_86391">
<pin_list>
<pin id="86392" dir="0" index="0" bw="16" slack="0"/>
<pin id="86393" dir="0" index="1" bw="16" slack="0"/>
<pin id="86394" dir="1" index="2" bw="16" slack="0"/>
</pin_list>
<bind>
<opcode="add(8) " fcode="add"/>
<opset="add_ln813_3731/2 "/>
</bind>
</comp>

<comp id="86397" class="1004" name="add_ln813_3732_fu_86397">
<pin_list>
<pin id="86398" dir="0" index="0" bw="16" slack="1"/>
<pin id="86399" dir="0" index="1" bw="15" slack="0"/>
<pin id="86400" dir="1" index="2" bw="16" slack="0"/>
</pin_list>
<bind>
<opcode="add(8) " fcode="add"/>
<opset="add_ln813_3732/2 "/>
</bind>
</comp>

<comp id="86402" class="1004" name="add_ln813_3734_fu_86402">
<pin_list>
<pin id="86403" dir="0" index="0" bw="16" slack="1"/>
<pin id="86404" dir="0" index="1" bw="16" slack="0"/>
<pin id="86405" dir="1" index="2" bw="16" slack="0"/>
</pin_list>
<bind>
<opcode="add(8) " fcode="add"/>
<opset="add_ln813_3734/2 "/>
</bind>
</comp>

<comp id="86407" class="1004" name="add_ln813_3738_fu_86407">
<pin_list>
<pin id="86408" dir="0" index="0" bw="16" slack="1"/>
<pin id="86409" dir="0" index="1" bw="16" slack="0"/>
<pin id="86410" dir="1" index="2" bw="16" slack="0"/>
</pin_list>
<bind>
<opcode="add(8) " fcode="add"/>
<opset="add_ln813_3738/2 "/>
</bind>
</comp>

<comp id="86412" class="1004" name="sext_ln813_1443_fu_86412">
<pin_list>
<pin id="86413" dir="0" index="0" bw="15" slack="1"/>
<pin id="86414" dir="1" index="1" bw="16" slack="0"/>
</pin_list>
<bind>
<opcode="sext(35) " fcode="sext"/>
<opset="sext_ln813_1443/2 "/>
</bind>
</comp>

<comp id="86415" class="1004" name="add_ln813_3746_fu_86415">
<pin_list>
<pin id="86416" dir="0" index="0" bw="15" slack="0"/>
<pin id="86417" dir="0" index="1" bw="16" slack="0"/>
<pin id="86418" dir="1" index="2" bw="16" slack="0"/>
</pin_list>
<bind>
<opcode="add(8) " fcode="add"/>
<opset="add_ln813_3746/2 "/>
</bind>
</comp>

<comp id="86421" class="1004" name="add_ln813_3747_fu_86421">
<pin_list>
<pin id="86422" dir="0" index="0" bw="16" slack="0"/>
<pin id="86423" dir="0" index="1" bw="16" slack="0"/>
<pin id="86424" dir="1" index="2" bw="16" slack="0"/>
</pin_list>
<bind>
<opcode="add(8) " fcode="add"/>
<opset="add_ln813_3747/2 "/>
</bind>
</comp>

<comp id="86427" class="1004" name="add_ln813_3750_fu_86427">
<pin_list>
<pin id="86428" dir="0" index="0" bw="16" slack="1"/>
<pin id="86429" dir="0" index="1" bw="16" slack="1"/>
<pin id="86430" dir="1" index="2" bw="16" slack="0"/>
</pin_list>
<bind>
<opcode="add(8) " fcode="add"/>
<opset="add_ln813_3750/2 "/>
</bind>
</comp>

<comp id="86431" class="1004" name="add_ln813_3751_fu_86431">
<pin_list>
<pin id="86432" dir="0" index="0" bw="16" slack="1"/>
<pin id="86433" dir="0" index="1" bw="16" slack="1"/>
<pin id="86434" dir="1" index="2" bw="16" slack="0"/>
</pin_list>
<bind>
<opcode="add(8) " fcode="add"/>
<opset="add_ln813_3751/2 "/>
</bind>
</comp>

<comp id="86435" class="1004" name="add_ln813_3753_fu_86435">
<pin_list>
<pin id="86436" dir="0" index="0" bw="16" slack="1"/>
<pin id="86437" dir="0" index="1" bw="16" slack="0"/>
<pin id="86438" dir="1" index="2" bw="16" slack="0"/>
</pin_list>
<bind>
<opcode="add(8) " fcode="add"/>
<opset="add_ln813_3753/2 "/>
</bind>
</comp>

<comp id="86440" class="1004" name="add_ln813_3754_fu_86440">
<pin_list>
<pin id="86441" dir="0" index="0" bw="16" slack="0"/>
<pin id="86442" dir="0" index="1" bw="16" slack="0"/>
<pin id="86443" dir="1" index="2" bw="16" slack="0"/>
</pin_list>
<bind>
<opcode="add(8) " fcode="add"/>
<opset="add_ln813_3754/2 "/>
</bind>
</comp>

<comp id="86446" class="1004" name="add_ln813_3757_fu_86446">
<pin_list>
<pin id="86447" dir="0" index="0" bw="16" slack="1"/>
<pin id="86448" dir="0" index="1" bw="16" slack="1"/>
<pin id="86449" dir="1" index="2" bw="16" slack="0"/>
</pin_list>
<bind>
<opcode="add(8) " fcode="add"/>
<opset="add_ln813_3757/2 "/>
</bind>
</comp>

<comp id="86450" class="1004" name="add_ln813_3758_fu_86450">
<pin_list>
<pin id="86451" dir="0" index="0" bw="16" slack="1"/>
<pin id="86452" dir="0" index="1" bw="16" slack="1"/>
<pin id="86453" dir="1" index="2" bw="16" slack="0"/>
</pin_list>
<bind>
<opcode="add(8) " fcode="add"/>
<opset="add_ln813_3758/2 "/>
</bind>
</comp>

<comp id="86454" class="1004" name="add_ln813_3760_fu_86454">
<pin_list>
<pin id="86455" dir="0" index="0" bw="16" slack="1"/>
<pin id="86456" dir="0" index="1" bw="16" slack="0"/>
<pin id="86457" dir="1" index="2" bw="16" slack="0"/>
</pin_list>
<bind>
<opcode="add(8) " fcode="add"/>
<opset="add_ln813_3760/2 "/>
</bind>
</comp>

<comp id="86459" class="1004" name="add_ln813_3761_fu_86459">
<pin_list>
<pin id="86460" dir="0" index="0" bw="16" slack="0"/>
<pin id="86461" dir="0" index="1" bw="16" slack="0"/>
<pin id="86462" dir="1" index="2" bw="16" slack="0"/>
</pin_list>
<bind>
<opcode="add(8) " fcode="add"/>
<opset="add_ln813_3761/2 "/>
</bind>
</comp>

<comp id="86465" class="1004" name="add_ln813_3762_fu_86465">
<pin_list>
<pin id="86466" dir="0" index="0" bw="16" slack="0"/>
<pin id="86467" dir="0" index="1" bw="16" slack="0"/>
<pin id="86468" dir="1" index="2" bw="16" slack="0"/>
</pin_list>
<bind>
<opcode="add(8) " fcode="add"/>
<opset="add_ln813_3762/2 "/>
</bind>
</comp>

<comp id="86471" class="1004" name="add_ln813_3763_fu_86471">
<pin_list>
<pin id="86472" dir="0" index="0" bw="15" slack="0"/>
<pin id="86473" dir="0" index="1" bw="15" slack="0"/>
<pin id="86474" dir="1" index="2" bw="16" slack="0"/>
</pin_list>
<bind>
<opcode="add(8) " fcode="add"/>
<opset="add_ln813_3763/2 "/>
</bind>
</comp>

<comp id="86477" class="1004" name="add_ln813_3765_fu_86477">
<pin_list>
<pin id="86478" dir="0" index="0" bw="16" slack="1"/>
<pin id="86479" dir="0" index="1" bw="16" slack="0"/>
<pin id="86480" dir="1" index="2" bw="16" slack="0"/>
</pin_list>
<bind>
<opcode="add(8) " fcode="add"/>
<opset="add_ln813_3765/2 "/>
</bind>
</comp>

<comp id="86482" class="1004" name="add_ln813_3766_fu_86482">
<pin_list>
<pin id="86483" dir="0" index="0" bw="15" slack="0"/>
<pin id="86484" dir="0" index="1" bw="14" slack="0"/>
<pin id="86485" dir="1" index="2" bw="16" slack="0"/>
</pin_list>
<bind>
<opcode="add(8) " fcode="add"/>
<opset="add_ln813_3766/2 "/>
</bind>
</comp>

<comp id="86488" class="1004" name="sext_ln813_1444_fu_86488">
<pin_list>
<pin id="86489" dir="0" index="0" bw="15" slack="1"/>
<pin id="86490" dir="1" index="1" bw="16" slack="0"/>
</pin_list>
<bind>
<opcode="sext(35) " fcode="sext"/>
<opset="sext_ln813_1444/2 "/>
</bind>
</comp>

<comp id="86491" class="1004" name="add_ln813_3768_fu_86491">
<pin_list>
<pin id="86492" dir="0" index="0" bw="15" slack="0"/>
<pin id="86493" dir="0" index="1" bw="16" slack="0"/>
<pin id="86494" dir="1" index="2" bw="16" slack="0"/>
</pin_list>
<bind>
<opcode="add(8) " fcode="add"/>
<opset="add_ln813_3768/2 "/>
</bind>
</comp>

<comp id="86497" class="1004" name="add_ln813_3769_fu_86497">
<pin_list>
<pin id="86498" dir="0" index="0" bw="16" slack="0"/>
<pin id="86499" dir="0" index="1" bw="16" slack="0"/>
<pin id="86500" dir="1" index="2" bw="16" slack="0"/>
</pin_list>
<bind>
<opcode="add(8) " fcode="add"/>
<opset="add_ln813_3769/2 "/>
</bind>
</comp>

<comp id="86503" class="1004" name="sext_ln813_1445_fu_86503">
<pin_list>
<pin id="86504" dir="0" index="0" bw="15" slack="1"/>
<pin id="86505" dir="1" index="1" bw="16" slack="0"/>
</pin_list>
<bind>
<opcode="sext(35) " fcode="sext"/>
<opset="sext_ln813_1445/2 "/>
</bind>
</comp>

<comp id="86506" class="1004" name="sext_ln813_1446_fu_86506">
<pin_list>
<pin id="86507" dir="0" index="0" bw="14" slack="1"/>
<pin id="86508" dir="1" index="1" bw="16" slack="0"/>
</pin_list>
<bind>
<opcode="sext(35) " fcode="sext"/>
<opset="sext_ln813_1446/2 "/>
</bind>
</comp>

<comp id="86509" class="1004" name="add_ln813_3772_fu_86509">
<pin_list>
<pin id="86510" dir="0" index="0" bw="14" slack="0"/>
<pin id="86511" dir="0" index="1" bw="15" slack="0"/>
<pin id="86512" dir="1" index="2" bw="16" slack="0"/>
</pin_list>
<bind>
<opcode="add(8) " fcode="add"/>
<opset="add_ln813_3772/2 "/>
</bind>
</comp>

<comp id="86515" class="1004" name="sext_ln813_1449_fu_86515">
<pin_list>
<pin id="86516" dir="0" index="0" bw="13" slack="1"/>
<pin id="86517" dir="1" index="1" bw="16" slack="0"/>
</pin_list>
<bind>
<opcode="sext(35) " fcode="sext"/>
<opset="sext_ln813_1449/2 "/>
</bind>
</comp>

<comp id="86518" class="1004" name="add_ln813_3777_fu_86518">
<pin_list>
<pin id="86519" dir="0" index="0" bw="13" slack="0"/>
<pin id="86520" dir="0" index="1" bw="16" slack="0"/>
<pin id="86521" dir="1" index="2" bw="16" slack="0"/>
</pin_list>
<bind>
<opcode="add(8) " fcode="add"/>
<opset="add_ln813_3777/2 "/>
</bind>
</comp>

<comp id="86524" class="1004" name="add_ln813_3778_fu_86524">
<pin_list>
<pin id="86525" dir="0" index="0" bw="16" slack="0"/>
<pin id="86526" dir="0" index="1" bw="16" slack="0"/>
<pin id="86527" dir="1" index="2" bw="16" slack="0"/>
</pin_list>
<bind>
<opcode="add(8) " fcode="add"/>
<opset="add_ln813_3778/2 "/>
</bind>
</comp>

<comp id="86530" class="1004" name="add_ln813_3779_fu_86530">
<pin_list>
<pin id="86531" dir="0" index="0" bw="16" slack="0"/>
<pin id="86532" dir="0" index="1" bw="16" slack="0"/>
<pin id="86533" dir="1" index="2" bw="16" slack="0"/>
</pin_list>
<bind>
<opcode="add(8) " fcode="add"/>
<opset="add_ln813_3779/2 "/>
</bind>
</comp>

<comp id="86536" class="1004" name="add_ln813_3782_fu_86536">
<pin_list>
<pin id="86537" dir="0" index="0" bw="16" slack="1"/>
<pin id="86538" dir="0" index="1" bw="16" slack="1"/>
<pin id="86539" dir="1" index="2" bw="16" slack="0"/>
</pin_list>
<bind>
<opcode="add(8) " fcode="add"/>
<opset="add_ln813_3782/2 "/>
</bind>
</comp>

<comp id="86540" class="1004" name="add_ln813_3783_fu_86540">
<pin_list>
<pin id="86541" dir="0" index="0" bw="16" slack="1"/>
<pin id="86542" dir="0" index="1" bw="16" slack="1"/>
<pin id="86543" dir="1" index="2" bw="16" slack="0"/>
</pin_list>
<bind>
<opcode="add(8) " fcode="add"/>
<opset="add_ln813_3783/2 "/>
</bind>
</comp>

<comp id="86544" class="1004" name="add_ln813_3785_fu_86544">
<pin_list>
<pin id="86545" dir="0" index="0" bw="16" slack="1"/>
<pin id="86546" dir="0" index="1" bw="16" slack="0"/>
<pin id="86547" dir="1" index="2" bw="16" slack="0"/>
</pin_list>
<bind>
<opcode="add(8) " fcode="add"/>
<opset="add_ln813_3785/2 "/>
</bind>
</comp>

<comp id="86549" class="1004" name="add_ln813_3786_fu_86549">
<pin_list>
<pin id="86550" dir="0" index="0" bw="16" slack="0"/>
<pin id="86551" dir="0" index="1" bw="16" slack="0"/>
<pin id="86552" dir="1" index="2" bw="16" slack="0"/>
</pin_list>
<bind>
<opcode="add(8) " fcode="add"/>
<opset="add_ln813_3786/2 "/>
</bind>
</comp>

<comp id="86555" class="1004" name="add_ln813_3789_fu_86555">
<pin_list>
<pin id="86556" dir="0" index="0" bw="16" slack="1"/>
<pin id="86557" dir="0" index="1" bw="16" slack="1"/>
<pin id="86558" dir="1" index="2" bw="16" slack="0"/>
</pin_list>
<bind>
<opcode="add(8) " fcode="add"/>
<opset="add_ln813_3789/2 "/>
</bind>
</comp>

<comp id="86559" class="1004" name="add_ln813_3790_fu_86559">
<pin_list>
<pin id="86560" dir="0" index="0" bw="16" slack="1"/>
<pin id="86561" dir="0" index="1" bw="16" slack="1"/>
<pin id="86562" dir="1" index="2" bw="16" slack="0"/>
</pin_list>
<bind>
<opcode="add(8) " fcode="add"/>
<opset="add_ln813_3790/2 "/>
</bind>
</comp>

<comp id="86563" class="1004" name="add_ln813_3792_fu_86563">
<pin_list>
<pin id="86564" dir="0" index="0" bw="16" slack="1"/>
<pin id="86565" dir="0" index="1" bw="16" slack="0"/>
<pin id="86566" dir="1" index="2" bw="16" slack="0"/>
</pin_list>
<bind>
<opcode="add(8) " fcode="add"/>
<opset="add_ln813_3792/2 "/>
</bind>
</comp>

<comp id="86568" class="1004" name="add_ln813_3793_fu_86568">
<pin_list>
<pin id="86569" dir="0" index="0" bw="16" slack="0"/>
<pin id="86570" dir="0" index="1" bw="16" slack="0"/>
<pin id="86571" dir="1" index="2" bw="16" slack="0"/>
</pin_list>
<bind>
<opcode="add(8) " fcode="add"/>
<opset="add_ln813_3793/2 "/>
</bind>
</comp>

<comp id="86574" class="1004" name="add_ln813_3794_fu_86574">
<pin_list>
<pin id="86575" dir="0" index="0" bw="16" slack="0"/>
<pin id="86576" dir="0" index="1" bw="16" slack="0"/>
<pin id="86577" dir="1" index="2" bw="16" slack="0"/>
</pin_list>
<bind>
<opcode="add(8) " fcode="add"/>
<opset="add_ln813_3794/2 "/>
</bind>
</comp>

<comp id="86580" class="1004" name="add_ln813_3795_fu_86580">
<pin_list>
<pin id="86581" dir="0" index="0" bw="15" slack="0"/>
<pin id="86582" dir="0" index="1" bw="15" slack="0"/>
<pin id="86583" dir="1" index="2" bw="16" slack="0"/>
</pin_list>
<bind>
<opcode="add(8) " fcode="add"/>
<opset="add_ln813_3795/2 "/>
</bind>
</comp>

<comp id="86586" class="1004" name="add_ln813_3797_fu_86586">
<pin_list>
<pin id="86587" dir="0" index="0" bw="16" slack="1"/>
<pin id="86588" dir="0" index="1" bw="16" slack="0"/>
<pin id="86589" dir="1" index="2" bw="16" slack="0"/>
</pin_list>
<bind>
<opcode="add(8) " fcode="add"/>
<opset="add_ln813_3797/2 "/>
</bind>
</comp>

<comp id="86591" class="1004" name="add_ln813_3798_fu_86591">
<pin_list>
<pin id="86592" dir="0" index="0" bw="15" slack="0"/>
<pin id="86593" dir="0" index="1" bw="15" slack="0"/>
<pin id="86594" dir="1" index="2" bw="16" slack="0"/>
</pin_list>
<bind>
<opcode="add(8) " fcode="add"/>
<opset="add_ln813_3798/2 "/>
</bind>
</comp>

<comp id="86597" class="1004" name="add_ln813_3800_fu_86597">
<pin_list>
<pin id="86598" dir="0" index="0" bw="16" slack="1"/>
<pin id="86599" dir="0" index="1" bw="16" slack="0"/>
<pin id="86600" dir="1" index="2" bw="16" slack="0"/>
</pin_list>
<bind>
<opcode="add(8) " fcode="add"/>
<opset="add_ln813_3800/2 "/>
</bind>
</comp>

<comp id="86602" class="1004" name="add_ln813_3801_fu_86602">
<pin_list>
<pin id="86603" dir="0" index="0" bw="16" slack="0"/>
<pin id="86604" dir="0" index="1" bw="16" slack="0"/>
<pin id="86605" dir="1" index="2" bw="16" slack="0"/>
</pin_list>
<bind>
<opcode="add(8) " fcode="add"/>
<opset="add_ln813_3801/2 "/>
</bind>
</comp>

<comp id="86608" class="1004" name="sext_ln813_1450_fu_86608">
<pin_list>
<pin id="86609" dir="0" index="0" bw="15" slack="1"/>
<pin id="86610" dir="1" index="1" bw="16" slack="0"/>
</pin_list>
<bind>
<opcode="sext(35) " fcode="sext"/>
<opset="sext_ln813_1450/2 "/>
</bind>
</comp>

<comp id="86611" class="1004" name="sext_ln813_1451_fu_86611">
<pin_list>
<pin id="86612" dir="0" index="0" bw="15" slack="1"/>
<pin id="86613" dir="1" index="1" bw="16" slack="0"/>
</pin_list>
<bind>
<opcode="sext(35) " fcode="sext"/>
<opset="sext_ln813_1451/2 "/>
</bind>
</comp>

<comp id="86614" class="1004" name="add_ln813_3804_fu_86614">
<pin_list>
<pin id="86615" dir="0" index="0" bw="15" slack="0"/>
<pin id="86616" dir="0" index="1" bw="15" slack="0"/>
<pin id="86617" dir="1" index="2" bw="16" slack="0"/>
</pin_list>
<bind>
<opcode="add(8) " fcode="add"/>
<opset="add_ln813_3804/2 "/>
</bind>
</comp>

<comp id="86620" class="1004" name="sext_ln813_1454_fu_86620">
<pin_list>
<pin id="86621" dir="0" index="0" bw="15" slack="1"/>
<pin id="86622" dir="1" index="1" bw="16" slack="0"/>
</pin_list>
<bind>
<opcode="sext(35) " fcode="sext"/>
<opset="sext_ln813_1454/2 "/>
</bind>
</comp>

<comp id="86623" class="1004" name="add_ln813_3809_fu_86623">
<pin_list>
<pin id="86624" dir="0" index="0" bw="15" slack="0"/>
<pin id="86625" dir="0" index="1" bw="16" slack="0"/>
<pin id="86626" dir="1" index="2" bw="16" slack="0"/>
</pin_list>
<bind>
<opcode="add(8) " fcode="add"/>
<opset="add_ln813_3809/2 "/>
</bind>
</comp>

<comp id="86629" class="1004" name="add_ln813_3810_fu_86629">
<pin_list>
<pin id="86630" dir="0" index="0" bw="16" slack="0"/>
<pin id="86631" dir="0" index="1" bw="16" slack="0"/>
<pin id="86632" dir="1" index="2" bw="16" slack="0"/>
</pin_list>
<bind>
<opcode="add(8) " fcode="add"/>
<opset="add_ln813_3810/2 "/>
</bind>
</comp>

<comp id="86635" class="1004" name="add_ln813_3811_fu_86635">
<pin_list>
<pin id="86636" dir="0" index="0" bw="16" slack="0"/>
<pin id="86637" dir="0" index="1" bw="16" slack="0"/>
<pin id="86638" dir="1" index="2" bw="16" slack="0"/>
</pin_list>
<bind>
<opcode="add(8) " fcode="add"/>
<opset="add_ln813_3811/2 "/>
</bind>
</comp>

<comp id="86641" class="1004" name="add_ln813_3814_fu_86641">
<pin_list>
<pin id="86642" dir="0" index="0" bw="16" slack="1"/>
<pin id="86643" dir="0" index="1" bw="16" slack="1"/>
<pin id="86644" dir="1" index="2" bw="16" slack="0"/>
</pin_list>
<bind>
<opcode="add(8) " fcode="add"/>
<opset="add_ln813_3814/2 "/>
</bind>
</comp>

<comp id="86645" class="1004" name="add_ln813_3815_fu_86645">
<pin_list>
<pin id="86646" dir="0" index="0" bw="16" slack="1"/>
<pin id="86647" dir="0" index="1" bw="16" slack="1"/>
<pin id="86648" dir="1" index="2" bw="16" slack="0"/>
</pin_list>
<bind>
<opcode="add(8) " fcode="add"/>
<opset="add_ln813_3815/2 "/>
</bind>
</comp>

<comp id="86649" class="1004" name="add_ln813_3817_fu_86649">
<pin_list>
<pin id="86650" dir="0" index="0" bw="16" slack="1"/>
<pin id="86651" dir="0" index="1" bw="16" slack="0"/>
<pin id="86652" dir="1" index="2" bw="16" slack="0"/>
</pin_list>
<bind>
<opcode="add(8) " fcode="add"/>
<opset="add_ln813_3817/2 "/>
</bind>
</comp>

<comp id="86654" class="1004" name="add_ln813_3818_fu_86654">
<pin_list>
<pin id="86655" dir="0" index="0" bw="16" slack="0"/>
<pin id="86656" dir="0" index="1" bw="16" slack="0"/>
<pin id="86657" dir="1" index="2" bw="16" slack="0"/>
</pin_list>
<bind>
<opcode="add(8) " fcode="add"/>
<opset="add_ln813_3818/2 "/>
</bind>
</comp>

<comp id="86660" class="1004" name="add_ln813_3821_fu_86660">
<pin_list>
<pin id="86661" dir="0" index="0" bw="16" slack="1"/>
<pin id="86662" dir="0" index="1" bw="16" slack="1"/>
<pin id="86663" dir="1" index="2" bw="16" slack="0"/>
</pin_list>
<bind>
<opcode="add(8) " fcode="add"/>
<opset="add_ln813_3821/2 "/>
</bind>
</comp>

<comp id="86664" class="1004" name="add_ln813_3822_fu_86664">
<pin_list>
<pin id="86665" dir="0" index="0" bw="16" slack="1"/>
<pin id="86666" dir="0" index="1" bw="16" slack="1"/>
<pin id="86667" dir="1" index="2" bw="16" slack="0"/>
</pin_list>
<bind>
<opcode="add(8) " fcode="add"/>
<opset="add_ln813_3822/2 "/>
</bind>
</comp>

<comp id="86668" class="1004" name="add_ln813_3824_fu_86668">
<pin_list>
<pin id="86669" dir="0" index="0" bw="16" slack="1"/>
<pin id="86670" dir="0" index="1" bw="16" slack="0"/>
<pin id="86671" dir="1" index="2" bw="16" slack="0"/>
</pin_list>
<bind>
<opcode="add(8) " fcode="add"/>
<opset="add_ln813_3824/2 "/>
</bind>
</comp>

<comp id="86673" class="1004" name="add_ln813_3825_fu_86673">
<pin_list>
<pin id="86674" dir="0" index="0" bw="16" slack="0"/>
<pin id="86675" dir="0" index="1" bw="16" slack="0"/>
<pin id="86676" dir="1" index="2" bw="16" slack="0"/>
</pin_list>
<bind>
<opcode="add(8) " fcode="add"/>
<opset="add_ln813_3825/2 "/>
</bind>
</comp>

<comp id="86679" class="1004" name="add_ln813_3826_fu_86679">
<pin_list>
<pin id="86680" dir="0" index="0" bw="16" slack="0"/>
<pin id="86681" dir="0" index="1" bw="16" slack="0"/>
<pin id="86682" dir="1" index="2" bw="16" slack="0"/>
</pin_list>
<bind>
<opcode="add(8) " fcode="add"/>
<opset="add_ln813_3826/2 "/>
</bind>
</comp>

<comp id="86685" class="1004" name="add_ln813_3827_fu_86685">
<pin_list>
<pin id="86686" dir="0" index="0" bw="16" slack="1"/>
<pin id="86687" dir="0" index="1" bw="15" slack="0"/>
<pin id="86688" dir="1" index="2" bw="16" slack="0"/>
</pin_list>
<bind>
<opcode="add(8) " fcode="add"/>
<opset="add_ln813_3827/2 "/>
</bind>
</comp>

<comp id="86690" class="1004" name="add_ln813_3829_fu_86690">
<pin_list>
<pin id="86691" dir="0" index="0" bw="16" slack="1"/>
<pin id="86692" dir="0" index="1" bw="16" slack="0"/>
<pin id="86693" dir="1" index="2" bw="16" slack="0"/>
</pin_list>
<bind>
<opcode="add(8) " fcode="add"/>
<opset="add_ln813_3829/2 "/>
</bind>
</comp>

<comp id="86695" class="1004" name="add_ln813_3830_fu_86695">
<pin_list>
<pin id="86696" dir="0" index="0" bw="15" slack="0"/>
<pin id="86697" dir="0" index="1" bw="15" slack="0"/>
<pin id="86698" dir="1" index="2" bw="16" slack="0"/>
</pin_list>
<bind>
<opcode="add(8) " fcode="add"/>
<opset="add_ln813_3830/2 "/>
</bind>
</comp>

<comp id="86701" class="1004" name="add_ln813_3832_fu_86701">
<pin_list>
<pin id="86702" dir="0" index="0" bw="16" slack="1"/>
<pin id="86703" dir="0" index="1" bw="16" slack="0"/>
<pin id="86704" dir="1" index="2" bw="16" slack="0"/>
</pin_list>
<bind>
<opcode="add(8) " fcode="add"/>
<opset="add_ln813_3832/2 "/>
</bind>
</comp>

<comp id="86706" class="1004" name="add_ln813_3833_fu_86706">
<pin_list>
<pin id="86707" dir="0" index="0" bw="16" slack="0"/>
<pin id="86708" dir="0" index="1" bw="16" slack="0"/>
<pin id="86709" dir="1" index="2" bw="16" slack="0"/>
</pin_list>
<bind>
<opcode="add(8) " fcode="add"/>
<opset="add_ln813_3833/2 "/>
</bind>
</comp>

<comp id="86712" class="1004" name="sext_ln813_1455_fu_86712">
<pin_list>
<pin id="86713" dir="0" index="0" bw="15" slack="1"/>
<pin id="86714" dir="1" index="1" bw="16" slack="0"/>
</pin_list>
<bind>
<opcode="sext(35) " fcode="sext"/>
<opset="sext_ln813_1455/2 "/>
</bind>
</comp>

<comp id="86715" class="1004" name="sext_ln813_1456_fu_86715">
<pin_list>
<pin id="86716" dir="0" index="0" bw="15" slack="1"/>
<pin id="86717" dir="1" index="1" bw="16" slack="0"/>
</pin_list>
<bind>
<opcode="sext(35) " fcode="sext"/>
<opset="sext_ln813_1456/2 "/>
</bind>
</comp>

<comp id="86718" class="1004" name="add_ln813_3836_fu_86718">
<pin_list>
<pin id="86719" dir="0" index="0" bw="15" slack="0"/>
<pin id="86720" dir="0" index="1" bw="15" slack="0"/>
<pin id="86721" dir="1" index="2" bw="16" slack="0"/>
</pin_list>
<bind>
<opcode="add(8) " fcode="add"/>
<opset="add_ln813_3836/2 "/>
</bind>
</comp>

<comp id="86724" class="1004" name="sext_ln813_1458_fu_86724">
<pin_list>
<pin id="86725" dir="0" index="0" bw="15" slack="1"/>
<pin id="86726" dir="1" index="1" bw="16" slack="0"/>
</pin_list>
<bind>
<opcode="sext(35) " fcode="sext"/>
<opset="sext_ln813_1458/2 "/>
</bind>
</comp>

<comp id="86727" class="1004" name="add_ln813_3840_fu_86727">
<pin_list>
<pin id="86728" dir="0" index="0" bw="15" slack="0"/>
<pin id="86729" dir="0" index="1" bw="16" slack="0"/>
<pin id="86730" dir="1" index="2" bw="16" slack="0"/>
</pin_list>
<bind>
<opcode="add(8) " fcode="add"/>
<opset="add_ln813_3840/2 "/>
</bind>
</comp>

<comp id="86733" class="1004" name="add_ln813_3841_fu_86733">
<pin_list>
<pin id="86734" dir="0" index="0" bw="16" slack="0"/>
<pin id="86735" dir="0" index="1" bw="16" slack="0"/>
<pin id="86736" dir="1" index="2" bw="16" slack="0"/>
</pin_list>
<bind>
<opcode="add(8) " fcode="add"/>
<opset="add_ln813_3841/2 "/>
</bind>
</comp>

<comp id="86739" class="1004" name="add_ln813_3842_fu_86739">
<pin_list>
<pin id="86740" dir="0" index="0" bw="16" slack="0"/>
<pin id="86741" dir="0" index="1" bw="16" slack="0"/>
<pin id="86742" dir="1" index="2" bw="16" slack="0"/>
</pin_list>
<bind>
<opcode="add(8) " fcode="add"/>
<opset="add_ln813_3842/2 "/>
</bind>
</comp>

<comp id="86745" class="1004" name="add_ln813_3845_fu_86745">
<pin_list>
<pin id="86746" dir="0" index="0" bw="16" slack="1"/>
<pin id="86747" dir="0" index="1" bw="16" slack="1"/>
<pin id="86748" dir="1" index="2" bw="16" slack="0"/>
</pin_list>
<bind>
<opcode="add(8) " fcode="add"/>
<opset="add_ln813_3845/2 "/>
</bind>
</comp>

<comp id="86749" class="1004" name="add_ln813_3846_fu_86749">
<pin_list>
<pin id="86750" dir="0" index="0" bw="16" slack="1"/>
<pin id="86751" dir="0" index="1" bw="16" slack="1"/>
<pin id="86752" dir="1" index="2" bw="16" slack="0"/>
</pin_list>
<bind>
<opcode="add(8) " fcode="add"/>
<opset="add_ln813_3846/2 "/>
</bind>
</comp>

<comp id="86753" class="1004" name="add_ln813_3848_fu_86753">
<pin_list>
<pin id="86754" dir="0" index="0" bw="16" slack="1"/>
<pin id="86755" dir="0" index="1" bw="16" slack="0"/>
<pin id="86756" dir="1" index="2" bw="16" slack="0"/>
</pin_list>
<bind>
<opcode="add(8) " fcode="add"/>
<opset="add_ln813_3848/2 "/>
</bind>
</comp>

<comp id="86758" class="1004" name="add_ln813_3849_fu_86758">
<pin_list>
<pin id="86759" dir="0" index="0" bw="16" slack="0"/>
<pin id="86760" dir="0" index="1" bw="16" slack="0"/>
<pin id="86761" dir="1" index="2" bw="16" slack="0"/>
</pin_list>
<bind>
<opcode="add(8) " fcode="add"/>
<opset="add_ln813_3849/2 "/>
</bind>
</comp>

<comp id="86764" class="1004" name="add_ln813_3852_fu_86764">
<pin_list>
<pin id="86765" dir="0" index="0" bw="16" slack="1"/>
<pin id="86766" dir="0" index="1" bw="16" slack="1"/>
<pin id="86767" dir="1" index="2" bw="16" slack="0"/>
</pin_list>
<bind>
<opcode="add(8) " fcode="add"/>
<opset="add_ln813_3852/2 "/>
</bind>
</comp>

<comp id="86768" class="1004" name="add_ln813_3853_fu_86768">
<pin_list>
<pin id="86769" dir="0" index="0" bw="16" slack="1"/>
<pin id="86770" dir="0" index="1" bw="16" slack="1"/>
<pin id="86771" dir="1" index="2" bw="16" slack="0"/>
</pin_list>
<bind>
<opcode="add(8) " fcode="add"/>
<opset="add_ln813_3853/2 "/>
</bind>
</comp>

<comp id="86772" class="1004" name="add_ln813_3855_fu_86772">
<pin_list>
<pin id="86773" dir="0" index="0" bw="16" slack="1"/>
<pin id="86774" dir="0" index="1" bw="16" slack="0"/>
<pin id="86775" dir="1" index="2" bw="16" slack="0"/>
</pin_list>
<bind>
<opcode="add(8) " fcode="add"/>
<opset="add_ln813_3855/2 "/>
</bind>
</comp>

<comp id="86777" class="1004" name="add_ln813_3856_fu_86777">
<pin_list>
<pin id="86778" dir="0" index="0" bw="16" slack="0"/>
<pin id="86779" dir="0" index="1" bw="16" slack="0"/>
<pin id="86780" dir="1" index="2" bw="16" slack="0"/>
</pin_list>
<bind>
<opcode="add(8) " fcode="add"/>
<opset="add_ln813_3856/2 "/>
</bind>
</comp>

<comp id="86783" class="1004" name="add_ln813_3857_fu_86783">
<pin_list>
<pin id="86784" dir="0" index="0" bw="16" slack="0"/>
<pin id="86785" dir="0" index="1" bw="16" slack="0"/>
<pin id="86786" dir="1" index="2" bw="16" slack="0"/>
</pin_list>
<bind>
<opcode="add(8) " fcode="add"/>
<opset="add_ln813_3857/2 "/>
</bind>
</comp>

<comp id="86789" class="1004" name="add_ln813_3858_fu_86789">
<pin_list>
<pin id="86790" dir="0" index="0" bw="15" slack="0"/>
<pin id="86791" dir="0" index="1" bw="15" slack="0"/>
<pin id="86792" dir="1" index="2" bw="16" slack="0"/>
</pin_list>
<bind>
<opcode="add(8) " fcode="add"/>
<opset="add_ln813_3858/2 "/>
</bind>
</comp>

<comp id="86795" class="1004" name="add_ln813_3860_fu_86795">
<pin_list>
<pin id="86796" dir="0" index="0" bw="16" slack="1"/>
<pin id="86797" dir="0" index="1" bw="16" slack="0"/>
<pin id="86798" dir="1" index="2" bw="16" slack="0"/>
</pin_list>
<bind>
<opcode="add(8) " fcode="add"/>
<opset="add_ln813_3860/2 "/>
</bind>
</comp>

<comp id="86800" class="1004" name="add_ln813_3861_fu_86800">
<pin_list>
<pin id="86801" dir="0" index="0" bw="15" slack="0"/>
<pin id="86802" dir="0" index="1" bw="15" slack="0"/>
<pin id="86803" dir="1" index="2" bw="16" slack="0"/>
</pin_list>
<bind>
<opcode="add(8) " fcode="add"/>
<opset="add_ln813_3861/2 "/>
</bind>
</comp>

<comp id="86806" class="1004" name="add_ln813_3863_fu_86806">
<pin_list>
<pin id="86807" dir="0" index="0" bw="16" slack="1"/>
<pin id="86808" dir="0" index="1" bw="16" slack="0"/>
<pin id="86809" dir="1" index="2" bw="16" slack="0"/>
</pin_list>
<bind>
<opcode="add(8) " fcode="add"/>
<opset="add_ln813_3863/2 "/>
</bind>
</comp>

<comp id="86811" class="1004" name="add_ln813_3864_fu_86811">
<pin_list>
<pin id="86812" dir="0" index="0" bw="16" slack="0"/>
<pin id="86813" dir="0" index="1" bw="16" slack="0"/>
<pin id="86814" dir="1" index="2" bw="16" slack="0"/>
</pin_list>
<bind>
<opcode="add(8) " fcode="add"/>
<opset="add_ln813_3864/2 "/>
</bind>
</comp>

<comp id="86817" class="1004" name="sext_ln813_1459_fu_86817">
<pin_list>
<pin id="86818" dir="0" index="0" bw="15" slack="1"/>
<pin id="86819" dir="1" index="1" bw="16" slack="0"/>
</pin_list>
<bind>
<opcode="sext(35) " fcode="sext"/>
<opset="sext_ln813_1459/2 "/>
</bind>
</comp>

<comp id="86820" class="1004" name="sext_ln813_1460_fu_86820">
<pin_list>
<pin id="86821" dir="0" index="0" bw="14" slack="1"/>
<pin id="86822" dir="1" index="1" bw="16" slack="0"/>
</pin_list>
<bind>
<opcode="sext(35) " fcode="sext"/>
<opset="sext_ln813_1460/2 "/>
</bind>
</comp>

<comp id="86823" class="1004" name="add_ln813_3867_fu_86823">
<pin_list>
<pin id="86824" dir="0" index="0" bw="14" slack="0"/>
<pin id="86825" dir="0" index="1" bw="15" slack="0"/>
<pin id="86826" dir="1" index="2" bw="16" slack="0"/>
</pin_list>
<bind>
<opcode="add(8) " fcode="add"/>
<opset="add_ln813_3867/2 "/>
</bind>
</comp>

<comp id="86829" class="1004" name="sext_ln813_1464_fu_86829">
<pin_list>
<pin id="86830" dir="0" index="0" bw="14" slack="1"/>
<pin id="86831" dir="1" index="1" bw="16" slack="0"/>
</pin_list>
<bind>
<opcode="sext(35) " fcode="sext"/>
<opset="sext_ln813_1464/2 "/>
</bind>
</comp>

<comp id="86832" class="1004" name="add_ln813_3872_fu_86832">
<pin_list>
<pin id="86833" dir="0" index="0" bw="14" slack="0"/>
<pin id="86834" dir="0" index="1" bw="16" slack="0"/>
<pin id="86835" dir="1" index="2" bw="16" slack="0"/>
</pin_list>
<bind>
<opcode="add(8) " fcode="add"/>
<opset="add_ln813_3872/2 "/>
</bind>
</comp>

<comp id="86838" class="1004" name="add_ln813_3873_fu_86838">
<pin_list>
<pin id="86839" dir="0" index="0" bw="16" slack="0"/>
<pin id="86840" dir="0" index="1" bw="16" slack="0"/>
<pin id="86841" dir="1" index="2" bw="16" slack="0"/>
</pin_list>
<bind>
<opcode="add(8) " fcode="add"/>
<opset="add_ln813_3873/2 "/>
</bind>
</comp>

<comp id="86844" class="1004" name="add_ln813_3874_fu_86844">
<pin_list>
<pin id="86845" dir="0" index="0" bw="16" slack="0"/>
<pin id="86846" dir="0" index="1" bw="16" slack="0"/>
<pin id="86847" dir="1" index="2" bw="16" slack="0"/>
</pin_list>
<bind>
<opcode="add(8) " fcode="add"/>
<opset="add_ln813_3874/2 "/>
</bind>
</comp>

<comp id="86850" class="1004" name="mrv_fu_86850">
<pin_list>
<pin id="86851" dir="0" index="0" bw="80" slack="0"/>
<pin id="86852" dir="0" index="1" bw="16" slack="0"/>
<pin id="86853" dir="1" index="2" bw="80" slack="0"/>
</pin_list>
<bind>
<opcode="insertvalue(57) " fcode="insertvalue"/>
<opset="mrv/2 "/>
</bind>
</comp>

<comp id="86856" class="1004" name="mrv_1_fu_86856">
<pin_list>
<pin id="86857" dir="0" index="0" bw="80" slack="0"/>
<pin id="86858" dir="0" index="1" bw="16" slack="0"/>
<pin id="86859" dir="1" index="2" bw="80" slack="0"/>
</pin_list>
<bind>
<opcode="insertvalue(57) " fcode="insertvalue"/>
<opset="mrv_1/2 "/>
</bind>
</comp>

<comp id="86862" class="1004" name="mrv_2_fu_86862">
<pin_list>
<pin id="86863" dir="0" index="0" bw="80" slack="0"/>
<pin id="86864" dir="0" index="1" bw="16" slack="0"/>
<pin id="86865" dir="1" index="2" bw="80" slack="0"/>
</pin_list>
<bind>
<opcode="insertvalue(57) " fcode="insertvalue"/>
<opset="mrv_2/2 "/>
</bind>
</comp>

<comp id="86868" class="1004" name="mrv_3_fu_86868">
<pin_list>
<pin id="86869" dir="0" index="0" bw="80" slack="0"/>
<pin id="86870" dir="0" index="1" bw="16" slack="0"/>
<pin id="86871" dir="1" index="2" bw="80" slack="0"/>
</pin_list>
<bind>
<opcode="insertvalue(57) " fcode="insertvalue"/>
<opset="mrv_3/2 "/>
</bind>
</comp>

<comp id="86874" class="1004" name="mrv_4_fu_86874">
<pin_list>
<pin id="86875" dir="0" index="0" bw="80" slack="0"/>
<pin id="86876" dir="0" index="1" bw="16" slack="0"/>
<pin id="86877" dir="1" index="2" bw="80" slack="2147483647"/>
</pin_list>
<bind>
<opcode="insertvalue(57) " fcode="insertvalue"/>
<opset="mrv_4/2 "/>
</bind>
</comp>

<comp id="86880" class="1005" name="trunc_ln818_s_reg_86880">
<pin_list>
<pin id="86881" dir="0" index="0" bw="15" slack="1"/>
<pin id="86882" dir="1" index="1" bw="15" slack="1"/>
</pin_list>
<bind>
<opset="trunc_ln818_s "/>
</bind>
</comp>

<comp id="86885" class="1005" name="trunc_ln818_11_reg_86885">
<pin_list>
<pin id="86886" dir="0" index="0" bw="15" slack="1"/>
<pin id="86887" dir="1" index="1" bw="15" slack="1"/>
</pin_list>
<bind>
<opset="trunc_ln818_11 "/>
</bind>
</comp>

<comp id="86890" class="1005" name="trunc_ln818_16_reg_86890">
<pin_list>
<pin id="86891" dir="0" index="0" bw="15" slack="1"/>
<pin id="86892" dir="1" index="1" bw="15" slack="1"/>
</pin_list>
<bind>
<opset="trunc_ln818_16 "/>
</bind>
</comp>

<comp id="86895" class="1005" name="trunc_ln818_18_reg_86895">
<pin_list>
<pin id="86896" dir="0" index="0" bw="15" slack="1"/>
<pin id="86897" dir="1" index="1" bw="15" slack="1"/>
</pin_list>
<bind>
<opset="trunc_ln818_18 "/>
</bind>
</comp>

<comp id="86900" class="1005" name="trunc_ln818_19_reg_86900">
<pin_list>
<pin id="86901" dir="0" index="0" bw="15" slack="1"/>
<pin id="86902" dir="1" index="1" bw="15" slack="1"/>
</pin_list>
<bind>
<opset="trunc_ln818_19 "/>
</bind>
</comp>

<comp id="86905" class="1005" name="trunc_ln818_22_reg_86905">
<pin_list>
<pin id="86906" dir="0" index="0" bw="15" slack="1"/>
<pin id="86907" dir="1" index="1" bw="15" slack="1"/>
</pin_list>
<bind>
<opset="trunc_ln818_22 "/>
</bind>
</comp>

<comp id="86910" class="1005" name="trunc_ln818_23_reg_86910">
<pin_list>
<pin id="86911" dir="0" index="0" bw="15" slack="1"/>
<pin id="86912" dir="1" index="1" bw="15" slack="1"/>
</pin_list>
<bind>
<opset="trunc_ln818_23 "/>
</bind>
</comp>

<comp id="86915" class="1005" name="trunc_ln818_25_reg_86915">
<pin_list>
<pin id="86916" dir="0" index="0" bw="14" slack="1"/>
<pin id="86917" dir="1" index="1" bw="14" slack="1"/>
</pin_list>
<bind>
<opset="trunc_ln818_25 "/>
</bind>
</comp>

<comp id="86920" class="1005" name="trunc_ln818_29_reg_86920">
<pin_list>
<pin id="86921" dir="0" index="0" bw="16" slack="1"/>
<pin id="86922" dir="1" index="1" bw="16" slack="1"/>
</pin_list>
<bind>
<opset="trunc_ln818_29 "/>
</bind>
</comp>

<comp id="86925" class="1005" name="trunc_ln818_34_reg_86925">
<pin_list>
<pin id="86926" dir="0" index="0" bw="16" slack="1"/>
<pin id="86927" dir="1" index="1" bw="16" slack="1"/>
</pin_list>
<bind>
<opset="trunc_ln818_34 "/>
</bind>
</comp>

<comp id="86930" class="1005" name="trunc_ln818_35_reg_86930">
<pin_list>
<pin id="86931" dir="0" index="0" bw="15" slack="1"/>
<pin id="86932" dir="1" index="1" bw="15" slack="1"/>
</pin_list>
<bind>
<opset="trunc_ln818_35 "/>
</bind>
</comp>

<comp id="86935" class="1005" name="trunc_ln818_36_reg_86935">
<pin_list>
<pin id="86936" dir="0" index="0" bw="16" slack="1"/>
<pin id="86937" dir="1" index="1" bw="16" slack="1"/>
</pin_list>
<bind>
<opset="trunc_ln818_36 "/>
</bind>
</comp>

<comp id="86940" class="1005" name="trunc_ln818_41_reg_86940">
<pin_list>
<pin id="86941" dir="0" index="0" bw="16" slack="1"/>
<pin id="86942" dir="1" index="1" bw="16" slack="1"/>
</pin_list>
<bind>
<opset="trunc_ln818_41 "/>
</bind>
</comp>

<comp id="86945" class="1005" name="trunc_ln818_52_reg_86945">
<pin_list>
<pin id="86946" dir="0" index="0" bw="16" slack="1"/>
<pin id="86947" dir="1" index="1" bw="16" slack="1"/>
</pin_list>
<bind>
<opset="trunc_ln818_52 "/>
</bind>
</comp>

<comp id="86950" class="1005" name="trunc_ln818_53_reg_86950">
<pin_list>
<pin id="86951" dir="0" index="0" bw="15" slack="1"/>
<pin id="86952" dir="1" index="1" bw="15" slack="1"/>
</pin_list>
<bind>
<opset="trunc_ln818_53 "/>
</bind>
</comp>

<comp id="86955" class="1005" name="trunc_ln818_55_reg_86955">
<pin_list>
<pin id="86956" dir="0" index="0" bw="16" slack="1"/>
<pin id="86957" dir="1" index="1" bw="16" slack="1"/>
</pin_list>
<bind>
<opset="trunc_ln818_55 "/>
</bind>
</comp>

<comp id="86960" class="1005" name="trunc_ln818_60_reg_86960">
<pin_list>
<pin id="86961" dir="0" index="0" bw="16" slack="1"/>
<pin id="86962" dir="1" index="1" bw="16" slack="1"/>
</pin_list>
<bind>
<opset="trunc_ln818_60 "/>
</bind>
</comp>

<comp id="86965" class="1005" name="trunc_ln818_62_reg_86965">
<pin_list>
<pin id="86966" dir="0" index="0" bw="15" slack="1"/>
<pin id="86967" dir="1" index="1" bw="15" slack="1"/>
</pin_list>
<bind>
<opset="trunc_ln818_62 "/>
</bind>
</comp>

<comp id="86970" class="1005" name="trunc_ln818_66_reg_86970">
<pin_list>
<pin id="86971" dir="0" index="0" bw="15" slack="1"/>
<pin id="86972" dir="1" index="1" bw="15" slack="1"/>
</pin_list>
<bind>
<opset="trunc_ln818_66 "/>
</bind>
</comp>

<comp id="86975" class="1005" name="trunc_ln818_67_reg_86975">
<pin_list>
<pin id="86976" dir="0" index="0" bw="16" slack="1"/>
<pin id="86977" dir="1" index="1" bw="16" slack="1"/>
</pin_list>
<bind>
<opset="trunc_ln818_67 "/>
</bind>
</comp>

<comp id="86980" class="1005" name="trunc_ln818_68_reg_86980">
<pin_list>
<pin id="86981" dir="0" index="0" bw="16" slack="1"/>
<pin id="86982" dir="1" index="1" bw="16" slack="1"/>
</pin_list>
<bind>
<opset="trunc_ln818_68 "/>
</bind>
</comp>

<comp id="86985" class="1005" name="trunc_ln818_73_reg_86985">
<pin_list>
<pin id="86986" dir="0" index="0" bw="16" slack="1"/>
<pin id="86987" dir="1" index="1" bw="16" slack="1"/>
</pin_list>
<bind>
<opset="trunc_ln818_73 "/>
</bind>
</comp>

<comp id="86990" class="1005" name="trunc_ln818_82_reg_86990">
<pin_list>
<pin id="86991" dir="0" index="0" bw="15" slack="1"/>
<pin id="86992" dir="1" index="1" bw="15" slack="1"/>
</pin_list>
<bind>
<opset="trunc_ln818_82 "/>
</bind>
</comp>

<comp id="86995" class="1005" name="trunc_ln818_88_reg_86995">
<pin_list>
<pin id="86996" dir="0" index="0" bw="15" slack="1"/>
<pin id="86997" dir="1" index="1" bw="15" slack="1"/>
</pin_list>
<bind>
<opset="trunc_ln818_88 "/>
</bind>
</comp>

<comp id="87000" class="1005" name="trunc_ln818_91_reg_87000">
<pin_list>
<pin id="87001" dir="0" index="0" bw="15" slack="1"/>
<pin id="87002" dir="1" index="1" bw="15" slack="1"/>
</pin_list>
<bind>
<opset="trunc_ln818_91 "/>
</bind>
</comp>

<comp id="87005" class="1005" name="trunc_ln818_105_reg_87005">
<pin_list>
<pin id="87006" dir="0" index="0" bw="15" slack="1"/>
<pin id="87007" dir="1" index="1" bw="15" slack="1"/>
</pin_list>
<bind>
<opset="trunc_ln818_105 "/>
</bind>
</comp>

<comp id="87010" class="1005" name="trunc_ln818_111_reg_87010">
<pin_list>
<pin id="87011" dir="0" index="0" bw="16" slack="1"/>
<pin id="87012" dir="1" index="1" bw="16" slack="1"/>
</pin_list>
<bind>
<opset="trunc_ln818_111 "/>
</bind>
</comp>

<comp id="87015" class="1005" name="trunc_ln818_120_reg_87015">
<pin_list>
<pin id="87016" dir="0" index="0" bw="16" slack="1"/>
<pin id="87017" dir="1" index="1" bw="16" slack="1"/>
</pin_list>
<bind>
<opset="trunc_ln818_120 "/>
</bind>
</comp>

<comp id="87020" class="1005" name="trunc_ln818_122_reg_87020">
<pin_list>
<pin id="87021" dir="0" index="0" bw="16" slack="1"/>
<pin id="87022" dir="1" index="1" bw="16" slack="1"/>
</pin_list>
<bind>
<opset="trunc_ln818_122 "/>
</bind>
</comp>

<comp id="87025" class="1005" name="trunc_ln818_123_reg_87025">
<pin_list>
<pin id="87026" dir="0" index="0" bw="16" slack="1"/>
<pin id="87027" dir="1" index="1" bw="16" slack="1"/>
</pin_list>
<bind>
<opset="trunc_ln818_123 "/>
</bind>
</comp>

<comp id="87030" class="1005" name="trunc_ln818_125_reg_87030">
<pin_list>
<pin id="87031" dir="0" index="0" bw="16" slack="1"/>
<pin id="87032" dir="1" index="1" bw="16" slack="1"/>
</pin_list>
<bind>
<opset="trunc_ln818_125 "/>
</bind>
</comp>

<comp id="87035" class="1005" name="trunc_ln818_128_reg_87035">
<pin_list>
<pin id="87036" dir="0" index="0" bw="16" slack="1"/>
<pin id="87037" dir="1" index="1" bw="16" slack="1"/>
</pin_list>
<bind>
<opset="trunc_ln818_128 "/>
</bind>
</comp>

<comp id="87040" class="1005" name="trunc_ln818_129_reg_87040">
<pin_list>
<pin id="87041" dir="0" index="0" bw="16" slack="1"/>
<pin id="87042" dir="1" index="1" bw="16" slack="1"/>
</pin_list>
<bind>
<opset="trunc_ln818_129 "/>
</bind>
</comp>

<comp id="87045" class="1005" name="trunc_ln818_131_reg_87045">
<pin_list>
<pin id="87046" dir="0" index="0" bw="16" slack="1"/>
<pin id="87047" dir="1" index="1" bw="16" slack="1"/>
</pin_list>
<bind>
<opset="trunc_ln818_131 "/>
</bind>
</comp>

<comp id="87050" class="1005" name="trunc_ln818_136_reg_87050">
<pin_list>
<pin id="87051" dir="0" index="0" bw="16" slack="1"/>
<pin id="87052" dir="1" index="1" bw="16" slack="1"/>
</pin_list>
<bind>
<opset="trunc_ln818_136 "/>
</bind>
</comp>

<comp id="87055" class="1005" name="trunc_ln818_143_reg_87055">
<pin_list>
<pin id="87056" dir="0" index="0" bw="16" slack="1"/>
<pin id="87057" dir="1" index="1" bw="16" slack="1"/>
</pin_list>
<bind>
<opset="trunc_ln818_143 "/>
</bind>
</comp>

<comp id="87060" class="1005" name="trunc_ln818_149_reg_87060">
<pin_list>
<pin id="87061" dir="0" index="0" bw="16" slack="1"/>
<pin id="87062" dir="1" index="1" bw="16" slack="1"/>
</pin_list>
<bind>
<opset="trunc_ln818_149 "/>
</bind>
</comp>

<comp id="87065" class="1005" name="trunc_ln818_152_reg_87065">
<pin_list>
<pin id="87066" dir="0" index="0" bw="16" slack="1"/>
<pin id="87067" dir="1" index="1" bw="16" slack="1"/>
</pin_list>
<bind>
<opset="trunc_ln818_152 "/>
</bind>
</comp>

<comp id="87070" class="1005" name="add_ln813_reg_87070">
<pin_list>
<pin id="87071" dir="0" index="0" bw="16" slack="1"/>
<pin id="87072" dir="1" index="1" bw="16" slack="1"/>
</pin_list>
<bind>
<opset="add_ln813 "/>
</bind>
</comp>

<comp id="87075" class="1005" name="add_ln813_3718_reg_87075">
<pin_list>
<pin id="87076" dir="0" index="0" bw="16" slack="1"/>
<pin id="87077" dir="1" index="1" bw="16" slack="1"/>
</pin_list>
<bind>
<opset="add_ln813_3718 "/>
</bind>
</comp>

<comp id="87080" class="1005" name="add_ln813_3721_reg_87080">
<pin_list>
<pin id="87081" dir="0" index="0" bw="16" slack="1"/>
<pin id="87082" dir="1" index="1" bw="16" slack="1"/>
</pin_list>
<bind>
<opset="add_ln813_3721 "/>
</bind>
</comp>

<comp id="87085" class="1005" name="add_ln813_3724_reg_87085">
<pin_list>
<pin id="87086" dir="0" index="0" bw="16" slack="1"/>
<pin id="87087" dir="1" index="1" bw="16" slack="1"/>
</pin_list>
<bind>
<opset="add_ln813_3724 "/>
</bind>
</comp>

<comp id="87090" class="1005" name="add_ln813_3725_reg_87090">
<pin_list>
<pin id="87091" dir="0" index="0" bw="16" slack="1"/>
<pin id="87092" dir="1" index="1" bw="16" slack="1"/>
</pin_list>
<bind>
<opset="add_ln813_3725 "/>
</bind>
</comp>

<comp id="87095" class="1005" name="add_ln813_3728_reg_87095">
<pin_list>
<pin id="87096" dir="0" index="0" bw="16" slack="1"/>
<pin id="87097" dir="1" index="1" bw="16" slack="1"/>
</pin_list>
<bind>
<opset="add_ln813_3728 "/>
</bind>
</comp>

<comp id="87100" class="1005" name="add_ln813_3733_reg_87100">
<pin_list>
<pin id="87101" dir="0" index="0" bw="16" slack="1"/>
<pin id="87102" dir="1" index="1" bw="16" slack="1"/>
</pin_list>
<bind>
<opset="add_ln813_3733 "/>
</bind>
</comp>

<comp id="87105" class="1005" name="add_ln813_3737_reg_87105">
<pin_list>
<pin id="87106" dir="0" index="0" bw="16" slack="1"/>
<pin id="87107" dir="1" index="1" bw="16" slack="1"/>
</pin_list>
<bind>
<opset="add_ln813_3737 "/>
</bind>
</comp>

<comp id="87110" class="1005" name="add_ln813_3745_reg_87110">
<pin_list>
<pin id="87111" dir="0" index="0" bw="15" slack="1"/>
<pin id="87112" dir="1" index="1" bw="15" slack="1"/>
</pin_list>
<bind>
<opset="add_ln813_3745 "/>
</bind>
</comp>

<comp id="87115" class="1005" name="add_ln813_3748_reg_87115">
<pin_list>
<pin id="87116" dir="0" index="0" bw="16" slack="1"/>
<pin id="87117" dir="1" index="1" bw="16" slack="1"/>
</pin_list>
<bind>
<opset="add_ln813_3748 "/>
</bind>
</comp>

<comp id="87120" class="1005" name="add_ln813_3749_reg_87120">
<pin_list>
<pin id="87121" dir="0" index="0" bw="16" slack="1"/>
<pin id="87122" dir="1" index="1" bw="16" slack="1"/>
</pin_list>
<bind>
<opset="add_ln813_3749 "/>
</bind>
</comp>

<comp id="87125" class="1005" name="add_ln813_3752_reg_87125">
<pin_list>
<pin id="87126" dir="0" index="0" bw="16" slack="1"/>
<pin id="87127" dir="1" index="1" bw="16" slack="1"/>
</pin_list>
<bind>
<opset="add_ln813_3752 "/>
</bind>
</comp>

<comp id="87130" class="1005" name="add_ln813_3755_reg_87130">
<pin_list>
<pin id="87131" dir="0" index="0" bw="16" slack="1"/>
<pin id="87132" dir="1" index="1" bw="16" slack="1"/>
</pin_list>
<bind>
<opset="add_ln813_3755 "/>
</bind>
</comp>

<comp id="87135" class="1005" name="add_ln813_3756_reg_87135">
<pin_list>
<pin id="87136" dir="0" index="0" bw="16" slack="1"/>
<pin id="87137" dir="1" index="1" bw="16" slack="1"/>
</pin_list>
<bind>
<opset="add_ln813_3756 "/>
</bind>
</comp>

<comp id="87140" class="1005" name="add_ln813_3759_reg_87140">
<pin_list>
<pin id="87141" dir="0" index="0" bw="16" slack="1"/>
<pin id="87142" dir="1" index="1" bw="16" slack="1"/>
</pin_list>
<bind>
<opset="add_ln813_3759 "/>
</bind>
</comp>

<comp id="87145" class="1005" name="add_ln813_3764_reg_87145">
<pin_list>
<pin id="87146" dir="0" index="0" bw="16" slack="1"/>
<pin id="87147" dir="1" index="1" bw="16" slack="1"/>
</pin_list>
<bind>
<opset="add_ln813_3764 "/>
</bind>
</comp>

<comp id="87150" class="1005" name="add_ln813_3767_reg_87150">
<pin_list>
<pin id="87151" dir="0" index="0" bw="15" slack="1"/>
<pin id="87152" dir="1" index="1" bw="15" slack="1"/>
</pin_list>
<bind>
<opset="add_ln813_3767 "/>
</bind>
</comp>

<comp id="87155" class="1005" name="add_ln813_3770_reg_87155">
<pin_list>
<pin id="87156" dir="0" index="0" bw="15" slack="1"/>
<pin id="87157" dir="1" index="1" bw="15" slack="1"/>
</pin_list>
<bind>
<opset="add_ln813_3770 "/>
</bind>
</comp>

<comp id="87160" class="1005" name="add_ln813_3771_reg_87160">
<pin_list>
<pin id="87161" dir="0" index="0" bw="14" slack="1"/>
<pin id="87162" dir="1" index="1" bw="14" slack="1"/>
</pin_list>
<bind>
<opset="add_ln813_3771 "/>
</bind>
</comp>

<comp id="87165" class="1005" name="add_ln813_3776_reg_87165">
<pin_list>
<pin id="87166" dir="0" index="0" bw="13" slack="1"/>
<pin id="87167" dir="1" index="1" bw="13" slack="1"/>
</pin_list>
<bind>
<opset="add_ln813_3776 "/>
</bind>
</comp>

<comp id="87170" class="1005" name="add_ln813_3780_reg_87170">
<pin_list>
<pin id="87171" dir="0" index="0" bw="16" slack="1"/>
<pin id="87172" dir="1" index="1" bw="16" slack="1"/>
</pin_list>
<bind>
<opset="add_ln813_3780 "/>
</bind>
</comp>

<comp id="87175" class="1005" name="add_ln813_3781_reg_87175">
<pin_list>
<pin id="87176" dir="0" index="0" bw="16" slack="1"/>
<pin id="87177" dir="1" index="1" bw="16" slack="1"/>
</pin_list>
<bind>
<opset="add_ln813_3781 "/>
</bind>
</comp>

<comp id="87180" class="1005" name="add_ln813_3784_reg_87180">
<pin_list>
<pin id="87181" dir="0" index="0" bw="16" slack="1"/>
<pin id="87182" dir="1" index="1" bw="16" slack="1"/>
</pin_list>
<bind>
<opset="add_ln813_3784 "/>
</bind>
</comp>

<comp id="87185" class="1005" name="add_ln813_3787_reg_87185">
<pin_list>
<pin id="87186" dir="0" index="0" bw="16" slack="1"/>
<pin id="87187" dir="1" index="1" bw="16" slack="1"/>
</pin_list>
<bind>
<opset="add_ln813_3787 "/>
</bind>
</comp>

<comp id="87190" class="1005" name="add_ln813_3788_reg_87190">
<pin_list>
<pin id="87191" dir="0" index="0" bw="16" slack="1"/>
<pin id="87192" dir="1" index="1" bw="16" slack="1"/>
</pin_list>
<bind>
<opset="add_ln813_3788 "/>
</bind>
</comp>

<comp id="87195" class="1005" name="add_ln813_3791_reg_87195">
<pin_list>
<pin id="87196" dir="0" index="0" bw="16" slack="1"/>
<pin id="87197" dir="1" index="1" bw="16" slack="1"/>
</pin_list>
<bind>
<opset="add_ln813_3791 "/>
</bind>
</comp>

<comp id="87200" class="1005" name="add_ln813_3796_reg_87200">
<pin_list>
<pin id="87201" dir="0" index="0" bw="16" slack="1"/>
<pin id="87202" dir="1" index="1" bw="16" slack="1"/>
</pin_list>
<bind>
<opset="add_ln813_3796 "/>
</bind>
</comp>

<comp id="87205" class="1005" name="add_ln813_3799_reg_87205">
<pin_list>
<pin id="87206" dir="0" index="0" bw="16" slack="1"/>
<pin id="87207" dir="1" index="1" bw="16" slack="1"/>
</pin_list>
<bind>
<opset="add_ln813_3799 "/>
</bind>
</comp>

<comp id="87210" class="1005" name="add_ln813_3802_reg_87210">
<pin_list>
<pin id="87211" dir="0" index="0" bw="15" slack="1"/>
<pin id="87212" dir="1" index="1" bw="15" slack="1"/>
</pin_list>
<bind>
<opset="add_ln813_3802 "/>
</bind>
</comp>

<comp id="87215" class="1005" name="add_ln813_3803_reg_87215">
<pin_list>
<pin id="87216" dir="0" index="0" bw="15" slack="1"/>
<pin id="87217" dir="1" index="1" bw="15" slack="1"/>
</pin_list>
<bind>
<opset="add_ln813_3803 "/>
</bind>
</comp>

<comp id="87220" class="1005" name="add_ln813_3808_reg_87220">
<pin_list>
<pin id="87221" dir="0" index="0" bw="15" slack="1"/>
<pin id="87222" dir="1" index="1" bw="15" slack="1"/>
</pin_list>
<bind>
<opset="add_ln813_3808 "/>
</bind>
</comp>

<comp id="87225" class="1005" name="add_ln813_3812_reg_87225">
<pin_list>
<pin id="87226" dir="0" index="0" bw="16" slack="1"/>
<pin id="87227" dir="1" index="1" bw="16" slack="1"/>
</pin_list>
<bind>
<opset="add_ln813_3812 "/>
</bind>
</comp>

<comp id="87230" class="1005" name="add_ln813_3813_reg_87230">
<pin_list>
<pin id="87231" dir="0" index="0" bw="16" slack="1"/>
<pin id="87232" dir="1" index="1" bw="16" slack="1"/>
</pin_list>
<bind>
<opset="add_ln813_3813 "/>
</bind>
</comp>

<comp id="87235" class="1005" name="add_ln813_3816_reg_87235">
<pin_list>
<pin id="87236" dir="0" index="0" bw="16" slack="1"/>
<pin id="87237" dir="1" index="1" bw="16" slack="1"/>
</pin_list>
<bind>
<opset="add_ln813_3816 "/>
</bind>
</comp>

<comp id="87240" class="1005" name="add_ln813_3819_reg_87240">
<pin_list>
<pin id="87241" dir="0" index="0" bw="16" slack="1"/>
<pin id="87242" dir="1" index="1" bw="16" slack="1"/>
</pin_list>
<bind>
<opset="add_ln813_3819 "/>
</bind>
</comp>

<comp id="87245" class="1005" name="add_ln813_3820_reg_87245">
<pin_list>
<pin id="87246" dir="0" index="0" bw="16" slack="1"/>
<pin id="87247" dir="1" index="1" bw="16" slack="1"/>
</pin_list>
<bind>
<opset="add_ln813_3820 "/>
</bind>
</comp>

<comp id="87250" class="1005" name="add_ln813_3823_reg_87250">
<pin_list>
<pin id="87251" dir="0" index="0" bw="16" slack="1"/>
<pin id="87252" dir="1" index="1" bw="16" slack="1"/>
</pin_list>
<bind>
<opset="add_ln813_3823 "/>
</bind>
</comp>

<comp id="87255" class="1005" name="add_ln813_3828_reg_87255">
<pin_list>
<pin id="87256" dir="0" index="0" bw="16" slack="1"/>
<pin id="87257" dir="1" index="1" bw="16" slack="1"/>
</pin_list>
<bind>
<opset="add_ln813_3828 "/>
</bind>
</comp>

<comp id="87260" class="1005" name="add_ln813_3831_reg_87260">
<pin_list>
<pin id="87261" dir="0" index="0" bw="16" slack="1"/>
<pin id="87262" dir="1" index="1" bw="16" slack="1"/>
</pin_list>
<bind>
<opset="add_ln813_3831 "/>
</bind>
</comp>

<comp id="87265" class="1005" name="add_ln813_3834_reg_87265">
<pin_list>
<pin id="87266" dir="0" index="0" bw="15" slack="1"/>
<pin id="87267" dir="1" index="1" bw="15" slack="1"/>
</pin_list>
<bind>
<opset="add_ln813_3834 "/>
</bind>
</comp>

<comp id="87270" class="1005" name="add_ln813_3835_reg_87270">
<pin_list>
<pin id="87271" dir="0" index="0" bw="15" slack="1"/>
<pin id="87272" dir="1" index="1" bw="15" slack="1"/>
</pin_list>
<bind>
<opset="add_ln813_3835 "/>
</bind>
</comp>

<comp id="87275" class="1005" name="add_ln813_3839_reg_87275">
<pin_list>
<pin id="87276" dir="0" index="0" bw="15" slack="1"/>
<pin id="87277" dir="1" index="1" bw="15" slack="1"/>
</pin_list>
<bind>
<opset="add_ln813_3839 "/>
</bind>
</comp>

<comp id="87280" class="1005" name="add_ln813_3843_reg_87280">
<pin_list>
<pin id="87281" dir="0" index="0" bw="16" slack="1"/>
<pin id="87282" dir="1" index="1" bw="16" slack="1"/>
</pin_list>
<bind>
<opset="add_ln813_3843 "/>
</bind>
</comp>

<comp id="87285" class="1005" name="add_ln813_3844_reg_87285">
<pin_list>
<pin id="87286" dir="0" index="0" bw="16" slack="1"/>
<pin id="87287" dir="1" index="1" bw="16" slack="1"/>
</pin_list>
<bind>
<opset="add_ln813_3844 "/>
</bind>
</comp>

<comp id="87290" class="1005" name="add_ln813_3847_reg_87290">
<pin_list>
<pin id="87291" dir="0" index="0" bw="16" slack="1"/>
<pin id="87292" dir="1" index="1" bw="16" slack="1"/>
</pin_list>
<bind>
<opset="add_ln813_3847 "/>
</bind>
</comp>

<comp id="87295" class="1005" name="add_ln813_3850_reg_87295">
<pin_list>
<pin id="87296" dir="0" index="0" bw="16" slack="1"/>
<pin id="87297" dir="1" index="1" bw="16" slack="1"/>
</pin_list>
<bind>
<opset="add_ln813_3850 "/>
</bind>
</comp>

<comp id="87300" class="1005" name="add_ln813_3851_reg_87300">
<pin_list>
<pin id="87301" dir="0" index="0" bw="16" slack="1"/>
<pin id="87302" dir="1" index="1" bw="16" slack="1"/>
</pin_list>
<bind>
<opset="add_ln813_3851 "/>
</bind>
</comp>

<comp id="87305" class="1005" name="add_ln813_3854_reg_87305">
<pin_list>
<pin id="87306" dir="0" index="0" bw="16" slack="1"/>
<pin id="87307" dir="1" index="1" bw="16" slack="1"/>
</pin_list>
<bind>
<opset="add_ln813_3854 "/>
</bind>
</comp>

<comp id="87310" class="1005" name="add_ln813_3859_reg_87310">
<pin_list>
<pin id="87311" dir="0" index="0" bw="16" slack="1"/>
<pin id="87312" dir="1" index="1" bw="16" slack="1"/>
</pin_list>
<bind>
<opset="add_ln813_3859 "/>
</bind>
</comp>

<comp id="87315" class="1005" name="add_ln813_3862_reg_87315">
<pin_list>
<pin id="87316" dir="0" index="0" bw="16" slack="1"/>
<pin id="87317" dir="1" index="1" bw="16" slack="1"/>
</pin_list>
<bind>
<opset="add_ln813_3862 "/>
</bind>
</comp>

<comp id="87320" class="1005" name="add_ln813_3865_reg_87320">
<pin_list>
<pin id="87321" dir="0" index="0" bw="15" slack="1"/>
<pin id="87322" dir="1" index="1" bw="15" slack="1"/>
</pin_list>
<bind>
<opset="add_ln813_3865 "/>
</bind>
</comp>

<comp id="87325" class="1005" name="add_ln813_3866_reg_87325">
<pin_list>
<pin id="87326" dir="0" index="0" bw="14" slack="1"/>
<pin id="87327" dir="1" index="1" bw="14" slack="1"/>
</pin_list>
<bind>
<opset="add_ln813_3866 "/>
</bind>
</comp>

<comp id="87330" class="1005" name="add_ln813_3871_reg_87330">
<pin_list>
<pin id="87331" dir="0" index="0" bw="14" slack="1"/>
<pin id="87332" dir="1" index="1" bw="14" slack="1"/>
</pin_list>
<bind>
<opset="add_ln813_3871 "/>
</bind>
</comp>

</comp_list>

<net_list>
<net id="420"><net_src comp="64" pin="0"/><net_sink comp="416" pin=0"/></net>

<net id="421"><net_src comp="62" pin="0"/><net_sink comp="416" pin=1"/></net>

<net id="426"><net_src comp="64" pin="0"/><net_sink comp="422" pin=0"/></net>

<net id="427"><net_src comp="60" pin="0"/><net_sink comp="422" pin=1"/></net>

<net id="432"><net_src comp="64" pin="0"/><net_sink comp="428" pin=0"/></net>

<net id="433"><net_src comp="58" pin="0"/><net_sink comp="428" pin=1"/></net>

<net id="438"><net_src comp="64" pin="0"/><net_sink comp="434" pin=0"/></net>

<net id="439"><net_src comp="56" pin="0"/><net_sink comp="434" pin=1"/></net>

<net id="444"><net_src comp="64" pin="0"/><net_sink comp="440" pin=0"/></net>

<net id="445"><net_src comp="54" pin="0"/><net_sink comp="440" pin=1"/></net>

<net id="450"><net_src comp="64" pin="0"/><net_sink comp="446" pin=0"/></net>

<net id="451"><net_src comp="52" pin="0"/><net_sink comp="446" pin=1"/></net>

<net id="456"><net_src comp="64" pin="0"/><net_sink comp="452" pin=0"/></net>

<net id="457"><net_src comp="50" pin="0"/><net_sink comp="452" pin=1"/></net>

<net id="462"><net_src comp="64" pin="0"/><net_sink comp="458" pin=0"/></net>

<net id="463"><net_src comp="48" pin="0"/><net_sink comp="458" pin=1"/></net>

<net id="468"><net_src comp="64" pin="0"/><net_sink comp="464" pin=0"/></net>

<net id="469"><net_src comp="46" pin="0"/><net_sink comp="464" pin=1"/></net>

<net id="474"><net_src comp="64" pin="0"/><net_sink comp="470" pin=0"/></net>

<net id="475"><net_src comp="44" pin="0"/><net_sink comp="470" pin=1"/></net>

<net id="480"><net_src comp="64" pin="0"/><net_sink comp="476" pin=0"/></net>

<net id="481"><net_src comp="42" pin="0"/><net_sink comp="476" pin=1"/></net>

<net id="486"><net_src comp="64" pin="0"/><net_sink comp="482" pin=0"/></net>

<net id="487"><net_src comp="40" pin="0"/><net_sink comp="482" pin=1"/></net>

<net id="492"><net_src comp="64" pin="0"/><net_sink comp="488" pin=0"/></net>

<net id="493"><net_src comp="38" pin="0"/><net_sink comp="488" pin=1"/></net>

<net id="498"><net_src comp="64" pin="0"/><net_sink comp="494" pin=0"/></net>

<net id="499"><net_src comp="36" pin="0"/><net_sink comp="494" pin=1"/></net>

<net id="504"><net_src comp="64" pin="0"/><net_sink comp="500" pin=0"/></net>

<net id="505"><net_src comp="34" pin="0"/><net_sink comp="500" pin=1"/></net>

<net id="510"><net_src comp="64" pin="0"/><net_sink comp="506" pin=0"/></net>

<net id="511"><net_src comp="32" pin="0"/><net_sink comp="506" pin=1"/></net>

<net id="516"><net_src comp="64" pin="0"/><net_sink comp="512" pin=0"/></net>

<net id="517"><net_src comp="30" pin="0"/><net_sink comp="512" pin=1"/></net>

<net id="522"><net_src comp="64" pin="0"/><net_sink comp="518" pin=0"/></net>

<net id="523"><net_src comp="28" pin="0"/><net_sink comp="518" pin=1"/></net>

<net id="528"><net_src comp="64" pin="0"/><net_sink comp="524" pin=0"/></net>

<net id="529"><net_src comp="26" pin="0"/><net_sink comp="524" pin=1"/></net>

<net id="534"><net_src comp="64" pin="0"/><net_sink comp="530" pin=0"/></net>

<net id="535"><net_src comp="24" pin="0"/><net_sink comp="530" pin=1"/></net>

<net id="540"><net_src comp="64" pin="0"/><net_sink comp="536" pin=0"/></net>

<net id="541"><net_src comp="22" pin="0"/><net_sink comp="536" pin=1"/></net>

<net id="546"><net_src comp="64" pin="0"/><net_sink comp="542" pin=0"/></net>

<net id="547"><net_src comp="20" pin="0"/><net_sink comp="542" pin=1"/></net>

<net id="552"><net_src comp="64" pin="0"/><net_sink comp="548" pin=0"/></net>

<net id="553"><net_src comp="18" pin="0"/><net_sink comp="548" pin=1"/></net>

<net id="558"><net_src comp="64" pin="0"/><net_sink comp="554" pin=0"/></net>

<net id="559"><net_src comp="16" pin="0"/><net_sink comp="554" pin=1"/></net>

<net id="564"><net_src comp="64" pin="0"/><net_sink comp="560" pin=0"/></net>

<net id="565"><net_src comp="14" pin="0"/><net_sink comp="560" pin=1"/></net>

<net id="570"><net_src comp="64" pin="0"/><net_sink comp="566" pin=0"/></net>

<net id="571"><net_src comp="12" pin="0"/><net_sink comp="566" pin=1"/></net>

<net id="576"><net_src comp="64" pin="0"/><net_sink comp="572" pin=0"/></net>

<net id="577"><net_src comp="10" pin="0"/><net_sink comp="572" pin=1"/></net>

<net id="582"><net_src comp="64" pin="0"/><net_sink comp="578" pin=0"/></net>

<net id="583"><net_src comp="8" pin="0"/><net_sink comp="578" pin=1"/></net>

<net id="588"><net_src comp="64" pin="0"/><net_sink comp="584" pin=0"/></net>

<net id="589"><net_src comp="6" pin="0"/><net_sink comp="584" pin=1"/></net>

<net id="594"><net_src comp="64" pin="0"/><net_sink comp="590" pin=0"/></net>

<net id="595"><net_src comp="4" pin="0"/><net_sink comp="590" pin=1"/></net>

<net id="600"><net_src comp="64" pin="0"/><net_sink comp="596" pin=0"/></net>

<net id="601"><net_src comp="2" pin="0"/><net_sink comp="596" pin=1"/></net>

<net id="606"><net_src comp="64" pin="0"/><net_sink comp="602" pin=0"/></net>

<net id="607"><net_src comp="0" pin="0"/><net_sink comp="602" pin=1"/></net>

<net id="82051"><net_src comp="80" pin="0"/><net_sink comp="686" pin=1"/></net>

<net id="82055"><net_src comp="82" pin="0"/><net_sink comp="733" pin=1"/></net>

<net id="82059"><net_src comp="88" pin="0"/><net_sink comp="701" pin=1"/></net>

<net id="82063"><net_src comp="94" pin="0"/><net_sink comp="644" pin=1"/></net>

<net id="82067"><net_src comp="96" pin="0"/><net_sink comp="725" pin=1"/></net>

<net id="82071"><net_src comp="98" pin="0"/><net_sink comp="639" pin=1"/></net>

<net id="82075"><net_src comp="104" pin="0"/><net_sink comp="647" pin=1"/></net>

<net id="82079"><net_src comp="106" pin="0"/><net_sink comp="692" pin=1"/></net>

<net id="82083"><net_src comp="108" pin="0"/><net_sink comp="699" pin=1"/></net>

<net id="82087"><net_src comp="110" pin="0"/><net_sink comp="757" pin=1"/></net>

<net id="82091"><net_src comp="112" pin="0"/><net_sink comp="654" pin=1"/></net>

<net id="82095"><net_src comp="114" pin="0"/><net_sink comp="715" pin=1"/></net>

<net id="82099"><net_src comp="116" pin="0"/><net_sink comp="697" pin=1"/></net>

<net id="82103"><net_src comp="118" pin="0"/><net_sink comp="754" pin=1"/></net>

<net id="82107"><net_src comp="120" pin="0"/><net_sink comp="722" pin=1"/></net>

<net id="82111"><net_src comp="122" pin="0"/><net_sink comp="696" pin=1"/></net>

<net id="82115"><net_src comp="124" pin="0"/><net_sink comp="630" pin=1"/></net>

<net id="82119"><net_src comp="126" pin="0"/><net_sink comp="713" pin=1"/></net>

<net id="82123"><net_src comp="128" pin="0"/><net_sink comp="745" pin=1"/></net>

<net id="82127"><net_src comp="130" pin="0"/><net_sink comp="649" pin=1"/></net>

<net id="82131"><net_src comp="132" pin="0"/><net_sink comp="681" pin=1"/></net>

<net id="82135"><net_src comp="134" pin="0"/><net_sink comp="625" pin=1"/></net>

<net id="82139"><net_src comp="136" pin="0"/><net_sink comp="698" pin=1"/></net>

<net id="82143"><net_src comp="138" pin="0"/><net_sink comp="672" pin=1"/></net>

<net id="82147"><net_src comp="140" pin="0"/><net_sink comp="743" pin=1"/></net>

<net id="82151"><net_src comp="142" pin="0"/><net_sink comp="711" pin=1"/></net>

<net id="82155"><net_src comp="144" pin="0"/><net_sink comp="724" pin=1"/></net>

<net id="82159"><net_src comp="146" pin="0"/><net_sink comp="658" pin=1"/></net>

<net id="82163"><net_src comp="156" pin="0"/><net_sink comp="741" pin=1"/></net>

<net id="82167"><net_src comp="158" pin="0"/><net_sink comp="684" pin=1"/></net>

<net id="82171"><net_src comp="164" pin="0"/><net_sink comp="613" pin=1"/></net>

<net id="82175"><net_src comp="166" pin="0"/><net_sink comp="756" pin=1"/></net>

<net id="82179"><net_src comp="174" pin="0"/><net_sink comp="710" pin=1"/></net>

<net id="82183"><net_src comp="176" pin="0"/><net_sink comp="678" pin=1"/></net>

<net id="82187"><net_src comp="178" pin="0"/><net_sink comp="703" pin=1"/></net>

<net id="82191"><net_src comp="180" pin="0"/><net_sink comp="693" pin=1"/></net>

<net id="82195"><net_src comp="194" pin="0"/><net_sink comp="636" pin=1"/></net>

<net id="82199"><net_src comp="196" pin="0"/><net_sink comp="675" pin=1"/></net>

<net id="82203"><net_src comp="198" pin="0"/><net_sink comp="609" pin=1"/></net>

<net id="82207"><net_src comp="200" pin="0"/><net_sink comp="730" pin=1"/></net>

<net id="82211"><net_src comp="202" pin="0"/><net_sink comp="748" pin=1"/></net>

<net id="82215"><net_src comp="204" pin="0"/><net_sink comp="755" pin=1"/></net>

<net id="82219"><net_src comp="206" pin="0"/><net_sink comp="737" pin=1"/></net>

<net id="82223"><net_src comp="208" pin="0"/><net_sink comp="614" pin=1"/></net>

<net id="82227"><net_src comp="210" pin="0"/><net_sink comp="689" pin=1"/></net>

<net id="82231"><net_src comp="212" pin="0"/><net_sink comp="714" pin=1"/></net>

<net id="82235"><net_src comp="214" pin="0"/><net_sink comp="707" pin=1"/></net>

<net id="82239"><net_src comp="216" pin="0"/><net_sink comp="611" pin=1"/></net>

<net id="82243"><net_src comp="176" pin="0"/><net_sink comp="750" pin=1"/></net>

<net id="82247"><net_src comp="218" pin="0"/><net_sink comp="667" pin=1"/></net>

<net id="82251"><net_src comp="220" pin="0"/><net_sink comp="646" pin=1"/></net>

<net id="82255"><net_src comp="222" pin="0"/><net_sink comp="634" pin=1"/></net>

<net id="82259"><net_src comp="224" pin="0"/><net_sink comp="705" pin=1"/></net>

<net id="82263"><net_src comp="226" pin="0"/><net_sink comp="765" pin=1"/></net>

<net id="82267"><net_src comp="236" pin="0"/><net_sink comp="766" pin=1"/></net>

<net id="82271"><net_src comp="240" pin="0"/><net_sink comp="760" pin=1"/></net>

<net id="82275"><net_src comp="242" pin="0"/><net_sink comp="728" pin=1"/></net>

<net id="82279"><net_src comp="244" pin="0"/><net_sink comp="735" pin=1"/></net>

<net id="82283"><net_src comp="246" pin="0"/><net_sink comp="664" pin=1"/></net>

<net id="82287"><net_src comp="248" pin="0"/><net_sink comp="751" pin=1"/></net>

<net id="82291"><net_src comp="250" pin="0"/><net_sink comp="628" pin=1"/></net>

<net id="82295"><net_src comp="252" pin="0"/><net_sink comp="626" pin=1"/></net>

<net id="82299"><net_src comp="254" pin="0"/><net_sink comp="687" pin=1"/></net>

<net id="82303"><net_src comp="256" pin="0"/><net_sink comp="758" pin=1"/></net>

<net id="82307"><net_src comp="258" pin="0"/><net_sink comp="736" pin=1"/></net>

<net id="82311"><net_src comp="260" pin="0"/><net_sink comp="623" pin=1"/></net>

<net id="82315"><net_src comp="268" pin="0"/><net_sink comp="708" pin=1"/></net>

<net id="82319"><net_src comp="270" pin="0"/><net_sink comp="742" pin=1"/></net>

<net id="82323"><net_src comp="272" pin="0"/><net_sink comp="621" pin=1"/></net>

<net id="82327"><net_src comp="274" pin="0"/><net_sink comp="717" pin=1"/></net>

<net id="82331"><net_src comp="276" pin="0"/><net_sink comp="665" pin=1"/></net>

<net id="82335"><net_src comp="142" pin="0"/><net_sink comp="666" pin=1"/></net>

<net id="82339"><net_src comp="278" pin="0"/><net_sink comp="676" pin=1"/></net>

<net id="82343"><net_src comp="280" pin="0"/><net_sink comp="615" pin=1"/></net>

<net id="82347"><net_src comp="286" pin="0"/><net_sink comp="619" pin=1"/></net>

<net id="82351"><net_src comp="288" pin="0"/><net_sink comp="651" pin=1"/></net>

<net id="82355"><net_src comp="290" pin="0"/><net_sink comp="631" pin=1"/></net>

<net id="82359"><net_src comp="254" pin="0"/><net_sink comp="632" pin=1"/></net>

<net id="82363"><net_src comp="176" pin="0"/><net_sink comp="695" pin=1"/></net>

<net id="82367"><net_src comp="240" pin="0"/><net_sink comp="763" pin=1"/></net>

<net id="82371"><net_src comp="292" pin="0"/><net_sink comp="706" pin=1"/></net>

<net id="82375"><net_src comp="294" pin="0"/><net_sink comp="610" pin=1"/></net>

<net id="82379"><net_src comp="298" pin="0"/><net_sink comp="694" pin=1"/></net>

<net id="82383"><net_src comp="300" pin="0"/><net_sink comp="645" pin=1"/></net>

<net id="82387"><net_src comp="302" pin="0"/><net_sink comp="690" pin=1"/></net>

<net id="82391"><net_src comp="310" pin="0"/><net_sink comp="761" pin=1"/></net>

<net id="82395"><net_src comp="312" pin="0"/><net_sink comp="729" pin=1"/></net>

<net id="82399"><net_src comp="314" pin="0"/><net_sink comp="622" pin=1"/></net>

<net id="82403"><net_src comp="316" pin="0"/><net_sink comp="734" pin=1"/></net>

<net id="82407"><net_src comp="318" pin="0"/><net_sink comp="720" pin=1"/></net>

<net id="82411"><net_src comp="320" pin="0"/><net_sink comp="688" pin=1"/></net>

<net id="82415"><net_src comp="326" pin="0"/><net_sink comp="617" pin=1"/></net>

<net id="82419"><net_src comp="328" pin="0"/><net_sink comp="721" pin=1"/></net>

<net id="82423"><net_src comp="330" pin="0"/><net_sink comp="746" pin=1"/></net>

<net id="82427"><net_src comp="332" pin="0"/><net_sink comp="726" pin=1"/></net>

<net id="82431"><net_src comp="334" pin="0"/><net_sink comp="704" pin=1"/></net>

<net id="82435"><net_src comp="336" pin="0"/><net_sink comp="608" pin=1"/></net>

<net id="82439"><net_src comp="338" pin="0"/><net_sink comp="679" pin=1"/></net>

<net id="82443"><net_src comp="222" pin="0"/><net_sink comp="764" pin=1"/></net>

<net id="82447"><net_src comp="340" pin="0"/><net_sink comp="641" pin=1"/></net>

<net id="82451"><net_src comp="342" pin="0"/><net_sink comp="709" pin=1"/></net>

<net id="82455"><net_src comp="344" pin="0"/><net_sink comp="638" pin=1"/></net>

<net id="82459"><net_src comp="346" pin="0"/><net_sink comp="670" pin=1"/></net>

<net id="82463"><net_src comp="348" pin="0"/><net_sink comp="739" pin=1"/></net>

<net id="82467"><net_src comp="350" pin="0"/><net_sink comp="740" pin=1"/></net>

<net id="82471"><net_src comp="352" pin="0"/><net_sink comp="671" pin=1"/></net>

<net id="82475"><net_src comp="354" pin="0"/><net_sink comp="629" pin=1"/></net>

<net id="82479"><net_src comp="356" pin="0"/><net_sink comp="700" pin=1"/></net>

<net id="82483"><net_src comp="358" pin="0"/><net_sink comp="668" pin=1"/></net>

<net id="82487"><net_src comp="360" pin="0"/><net_sink comp="762" pin=1"/></net>

<net id="82491"><net_src comp="362" pin="0"/><net_sink comp="612" pin=1"/></net>

<net id="82495"><net_src comp="364" pin="0"/><net_sink comp="723" pin=1"/></net>

<net id="82499"><net_src comp="330" pin="0"/><net_sink comp="716" pin=1"/></net>

<net id="82503"><net_src comp="366" pin="0"/><net_sink comp="620" pin=1"/></net>

<net id="82507"><net_src comp="368" pin="0"/><net_sink comp="767" pin=1"/></net>

<net id="82511"><net_src comp="370" pin="0"/><net_sink comp="691" pin=1"/></net>

<net id="82515"><net_src comp="372" pin="0"/><net_sink comp="759" pin=1"/></net>

<net id="82519"><net_src comp="374" pin="0"/><net_sink comp="627" pin=1"/></net>

<net id="82523"><net_src comp="376" pin="0"/><net_sink comp="650" pin=1"/></net>

<net id="82527"><net_src comp="378" pin="0"/><net_sink comp="682" pin=1"/></net>

<net id="82531"><net_src comp="380" pin="0"/><net_sink comp="753" pin=1"/></net>

<net id="82535"><net_src comp="382" pin="0"/><net_sink comp="640" pin=1"/></net>

<net id="82539"><net_src comp="384" pin="0"/><net_sink comp="685" pin=1"/></net>

<net id="82543"><net_src comp="364" pin="0"/><net_sink comp="616" pin=1"/></net>

<net id="82547"><net_src comp="386" pin="0"/><net_sink comp="648" pin=1"/></net>

<net id="82551"><net_src comp="122" pin="0"/><net_sink comp="680" pin=1"/></net>

<net id="82555"><net_src comp="388" pin="0"/><net_sink comp="635" pin=1"/></net>

<net id="82941"><net_src comp="602" pin="2"/><net_sink comp="82938" pin=0"/></net>

<net id="82942"><net_src comp="82938" pin="1"/><net_sink comp="701" pin=0"/></net>

<net id="82946"><net_src comp="602" pin="2"/><net_sink comp="82943" pin=0"/></net>

<net id="82947"><net_src comp="82943" pin="1"/><net_sink comp="733" pin=0"/></net>

<net id="82948"><net_src comp="82943" pin="1"/><net_sink comp="644" pin=0"/></net>

<net id="82952"><net_src comp="602" pin="2"/><net_sink comp="82949" pin=0"/></net>

<net id="82953"><net_src comp="82949" pin="1"/><net_sink comp="686" pin=0"/></net>

<net id="82959"><net_src comp="66" pin="0"/><net_sink comp="82954" pin=0"/></net>

<net id="82960"><net_src comp="602" pin="2"/><net_sink comp="82954" pin=1"/></net>

<net id="82961"><net_src comp="68" pin="0"/><net_sink comp="82954" pin=2"/></net>

<net id="82965"><net_src comp="82954" pin="3"/><net_sink comp="82962" pin=0"/></net>

<net id="82971"><net_src comp="70" pin="0"/><net_sink comp="82966" pin=0"/></net>

<net id="82972"><net_src comp="602" pin="2"/><net_sink comp="82966" pin=1"/></net>

<net id="82973"><net_src comp="72" pin="0"/><net_sink comp="82966" pin=2"/></net>

<net id="82977"><net_src comp="82966" pin="3"/><net_sink comp="82974" pin=0"/></net>

<net id="82982"><net_src comp="82974" pin="1"/><net_sink comp="82978" pin=0"/></net>

<net id="82983"><net_src comp="82962" pin="1"/><net_sink comp="82978" pin=1"/></net>

<net id="82990"><net_src comp="74" pin="0"/><net_sink comp="82984" pin=0"/></net>

<net id="82991"><net_src comp="82978" pin="2"/><net_sink comp="82984" pin=1"/></net>

<net id="82992"><net_src comp="76" pin="0"/><net_sink comp="82984" pin=2"/></net>

<net id="82993"><net_src comp="78" pin="0"/><net_sink comp="82984" pin=3"/></net>

<net id="82997"><net_src comp="82984" pin="4"/><net_sink comp="82994" pin=0"/></net>

<net id="83004"><net_src comp="74" pin="0"/><net_sink comp="82998" pin=0"/></net>

<net id="83005"><net_src comp="686" pin="2"/><net_sink comp="82998" pin=1"/></net>

<net id="83006"><net_src comp="76" pin="0"/><net_sink comp="82998" pin=2"/></net>

<net id="83007"><net_src comp="78" pin="0"/><net_sink comp="82998" pin=3"/></net>

<net id="83011"><net_src comp="82998" pin="4"/><net_sink comp="83008" pin=0"/></net>

<net id="83018"><net_src comp="84" pin="0"/><net_sink comp="83012" pin=0"/></net>

<net id="83019"><net_src comp="733" pin="2"/><net_sink comp="83012" pin=1"/></net>

<net id="83020"><net_src comp="76" pin="0"/><net_sink comp="83012" pin=2"/></net>

<net id="83021"><net_src comp="86" pin="0"/><net_sink comp="83012" pin=3"/></net>

<net id="83028"><net_src comp="90" pin="0"/><net_sink comp="83022" pin=0"/></net>

<net id="83029"><net_src comp="701" pin="2"/><net_sink comp="83022" pin=1"/></net>

<net id="83030"><net_src comp="76" pin="0"/><net_sink comp="83022" pin=2"/></net>

<net id="83031"><net_src comp="92" pin="0"/><net_sink comp="83022" pin=3"/></net>

<net id="83035"><net_src comp="83022" pin="4"/><net_sink comp="83032" pin=0"/></net>

<net id="83042"><net_src comp="84" pin="0"/><net_sink comp="83036" pin=0"/></net>

<net id="83043"><net_src comp="644" pin="2"/><net_sink comp="83036" pin=1"/></net>

<net id="83044"><net_src comp="76" pin="0"/><net_sink comp="83036" pin=2"/></net>

<net id="83045"><net_src comp="86" pin="0"/><net_sink comp="83036" pin=3"/></net>

<net id="83049"><net_src comp="596" pin="2"/><net_sink comp="83046" pin=0"/></net>

<net id="83050"><net_src comp="83046" pin="1"/><net_sink comp="699" pin=0"/></net>

<net id="83054"><net_src comp="596" pin="2"/><net_sink comp="83051" pin=0"/></net>

<net id="83055"><net_src comp="83051" pin="1"/><net_sink comp="692" pin=0"/></net>

<net id="83059"><net_src comp="596" pin="2"/><net_sink comp="83056" pin=0"/></net>

<net id="83060"><net_src comp="83056" pin="1"/><net_sink comp="639" pin=0"/></net>

<net id="83064"><net_src comp="596" pin="2"/><net_sink comp="83061" pin=0"/></net>

<net id="83065"><net_src comp="83061" pin="1"/><net_sink comp="725" pin=0"/></net>

<net id="83066"><net_src comp="83061" pin="1"/><net_sink comp="647" pin=0"/></net>

<net id="83073"><net_src comp="84" pin="0"/><net_sink comp="83067" pin=0"/></net>

<net id="83074"><net_src comp="725" pin="2"/><net_sink comp="83067" pin=1"/></net>

<net id="83075"><net_src comp="76" pin="0"/><net_sink comp="83067" pin=2"/></net>

<net id="83076"><net_src comp="86" pin="0"/><net_sink comp="83067" pin=3"/></net>

<net id="83083"><net_src comp="100" pin="0"/><net_sink comp="83077" pin=0"/></net>

<net id="83084"><net_src comp="639" pin="2"/><net_sink comp="83077" pin=1"/></net>

<net id="83085"><net_src comp="76" pin="0"/><net_sink comp="83077" pin=2"/></net>

<net id="83086"><net_src comp="102" pin="0"/><net_sink comp="83077" pin=3"/></net>

<net id="83093"><net_src comp="84" pin="0"/><net_sink comp="83087" pin=0"/></net>

<net id="83094"><net_src comp="647" pin="2"/><net_sink comp="83087" pin=1"/></net>

<net id="83095"><net_src comp="76" pin="0"/><net_sink comp="83087" pin=2"/></net>

<net id="83096"><net_src comp="86" pin="0"/><net_sink comp="83087" pin=3"/></net>

<net id="83103"><net_src comp="90" pin="0"/><net_sink comp="83097" pin=0"/></net>

<net id="83104"><net_src comp="692" pin="2"/><net_sink comp="83097" pin=1"/></net>

<net id="83105"><net_src comp="76" pin="0"/><net_sink comp="83097" pin=2"/></net>

<net id="83106"><net_src comp="92" pin="0"/><net_sink comp="83097" pin=3"/></net>

<net id="83110"><net_src comp="83097" pin="4"/><net_sink comp="83107" pin=0"/></net>

<net id="83117"><net_src comp="74" pin="0"/><net_sink comp="83111" pin=0"/></net>

<net id="83118"><net_src comp="699" pin="2"/><net_sink comp="83111" pin=1"/></net>

<net id="83119"><net_src comp="76" pin="0"/><net_sink comp="83111" pin=2"/></net>

<net id="83120"><net_src comp="78" pin="0"/><net_sink comp="83111" pin=3"/></net>

<net id="83124"><net_src comp="83111" pin="4"/><net_sink comp="83121" pin=0"/></net>

<net id="83128"><net_src comp="590" pin="2"/><net_sink comp="83125" pin=0"/></net>

<net id="83129"><net_src comp="83125" pin="1"/><net_sink comp="757" pin=0"/></net>

<net id="83130"><net_src comp="83125" pin="1"/><net_sink comp="654" pin=0"/></net>

<net id="83131"><net_src comp="83125" pin="1"/><net_sink comp="697" pin=0"/></net>

<net id="83132"><net_src comp="83125" pin="1"/><net_sink comp="754" pin=0"/></net>

<net id="83136"><net_src comp="590" pin="2"/><net_sink comp="83133" pin=0"/></net>

<net id="83137"><net_src comp="83133" pin="1"/><net_sink comp="715" pin=0"/></net>

<net id="83144"><net_src comp="84" pin="0"/><net_sink comp="83138" pin=0"/></net>

<net id="83145"><net_src comp="757" pin="2"/><net_sink comp="83138" pin=1"/></net>

<net id="83146"><net_src comp="76" pin="0"/><net_sink comp="83138" pin=2"/></net>

<net id="83147"><net_src comp="86" pin="0"/><net_sink comp="83138" pin=3"/></net>

<net id="83154"><net_src comp="84" pin="0"/><net_sink comp="83148" pin=0"/></net>

<net id="83155"><net_src comp="654" pin="2"/><net_sink comp="83148" pin=1"/></net>

<net id="83156"><net_src comp="76" pin="0"/><net_sink comp="83148" pin=2"/></net>

<net id="83157"><net_src comp="86" pin="0"/><net_sink comp="83148" pin=3"/></net>

<net id="83164"><net_src comp="100" pin="0"/><net_sink comp="83158" pin=0"/></net>

<net id="83165"><net_src comp="715" pin="2"/><net_sink comp="83158" pin=1"/></net>

<net id="83166"><net_src comp="76" pin="0"/><net_sink comp="83158" pin=2"/></net>

<net id="83167"><net_src comp="102" pin="0"/><net_sink comp="83158" pin=3"/></net>

<net id="83174"><net_src comp="84" pin="0"/><net_sink comp="83168" pin=0"/></net>

<net id="83175"><net_src comp="697" pin="2"/><net_sink comp="83168" pin=1"/></net>

<net id="83176"><net_src comp="76" pin="0"/><net_sink comp="83168" pin=2"/></net>

<net id="83177"><net_src comp="86" pin="0"/><net_sink comp="83168" pin=3"/></net>

<net id="83184"><net_src comp="84" pin="0"/><net_sink comp="83178" pin=0"/></net>

<net id="83185"><net_src comp="754" pin="2"/><net_sink comp="83178" pin=1"/></net>

<net id="83186"><net_src comp="76" pin="0"/><net_sink comp="83178" pin=2"/></net>

<net id="83187"><net_src comp="86" pin="0"/><net_sink comp="83178" pin=3"/></net>

<net id="83191"><net_src comp="584" pin="2"/><net_sink comp="83188" pin=0"/></net>

<net id="83192"><net_src comp="83188" pin="1"/><net_sink comp="630" pin=0"/></net>

<net id="83193"><net_src comp="83188" pin="1"/><net_sink comp="745" pin=0"/></net>

<net id="83197"><net_src comp="584" pin="2"/><net_sink comp="83194" pin=0"/></net>

<net id="83198"><net_src comp="83194" pin="1"/><net_sink comp="722" pin=0"/></net>

<net id="83199"><net_src comp="83194" pin="1"/><net_sink comp="696" pin=0"/></net>

<net id="83200"><net_src comp="83194" pin="1"/><net_sink comp="713" pin=0"/></net>

<net id="83207"><net_src comp="84" pin="0"/><net_sink comp="83201" pin=0"/></net>

<net id="83208"><net_src comp="722" pin="2"/><net_sink comp="83201" pin=1"/></net>

<net id="83209"><net_src comp="76" pin="0"/><net_sink comp="83201" pin=2"/></net>

<net id="83210"><net_src comp="86" pin="0"/><net_sink comp="83201" pin=3"/></net>

<net id="83217"><net_src comp="84" pin="0"/><net_sink comp="83211" pin=0"/></net>

<net id="83218"><net_src comp="696" pin="2"/><net_sink comp="83211" pin=1"/></net>

<net id="83219"><net_src comp="76" pin="0"/><net_sink comp="83211" pin=2"/></net>

<net id="83220"><net_src comp="86" pin="0"/><net_sink comp="83211" pin=3"/></net>

<net id="83227"><net_src comp="100" pin="0"/><net_sink comp="83221" pin=0"/></net>

<net id="83228"><net_src comp="630" pin="2"/><net_sink comp="83221" pin=1"/></net>

<net id="83229"><net_src comp="76" pin="0"/><net_sink comp="83221" pin=2"/></net>

<net id="83230"><net_src comp="102" pin="0"/><net_sink comp="83221" pin=3"/></net>

<net id="83237"><net_src comp="84" pin="0"/><net_sink comp="83231" pin=0"/></net>

<net id="83238"><net_src comp="713" pin="2"/><net_sink comp="83231" pin=1"/></net>

<net id="83239"><net_src comp="76" pin="0"/><net_sink comp="83231" pin=2"/></net>

<net id="83240"><net_src comp="86" pin="0"/><net_sink comp="83231" pin=3"/></net>

<net id="83247"><net_src comp="100" pin="0"/><net_sink comp="83241" pin=0"/></net>

<net id="83248"><net_src comp="745" pin="2"/><net_sink comp="83241" pin=1"/></net>

<net id="83249"><net_src comp="76" pin="0"/><net_sink comp="83241" pin=2"/></net>

<net id="83250"><net_src comp="102" pin="0"/><net_sink comp="83241" pin=3"/></net>

<net id="83254"><net_src comp="578" pin="2"/><net_sink comp="83251" pin=0"/></net>

<net id="83255"><net_src comp="83251" pin="1"/><net_sink comp="681" pin=0"/></net>

<net id="83259"><net_src comp="578" pin="2"/><net_sink comp="83256" pin=0"/></net>

<net id="83260"><net_src comp="83256" pin="1"/><net_sink comp="649" pin=0"/></net>

<net id="83261"><net_src comp="83256" pin="1"/><net_sink comp="625" pin=0"/></net>

<net id="83262"><net_src comp="83256" pin="1"/><net_sink comp="698" pin=0"/></net>

<net id="83263"><net_src comp="83256" pin="1"/><net_sink comp="672" pin=0"/></net>

<net id="83270"><net_src comp="100" pin="0"/><net_sink comp="83264" pin=0"/></net>

<net id="83271"><net_src comp="649" pin="2"/><net_sink comp="83264" pin=1"/></net>

<net id="83272"><net_src comp="76" pin="0"/><net_sink comp="83264" pin=2"/></net>

<net id="83273"><net_src comp="102" pin="0"/><net_sink comp="83264" pin=3"/></net>

<net id="83280"><net_src comp="84" pin="0"/><net_sink comp="83274" pin=0"/></net>

<net id="83281"><net_src comp="681" pin="2"/><net_sink comp="83274" pin=1"/></net>

<net id="83282"><net_src comp="76" pin="0"/><net_sink comp="83274" pin=2"/></net>

<net id="83283"><net_src comp="86" pin="0"/><net_sink comp="83274" pin=3"/></net>

<net id="83290"><net_src comp="100" pin="0"/><net_sink comp="83284" pin=0"/></net>

<net id="83291"><net_src comp="625" pin="2"/><net_sink comp="83284" pin=1"/></net>

<net id="83292"><net_src comp="76" pin="0"/><net_sink comp="83284" pin=2"/></net>

<net id="83293"><net_src comp="102" pin="0"/><net_sink comp="83284" pin=3"/></net>

<net id="83297"><net_src comp="83284" pin="4"/><net_sink comp="83294" pin=0"/></net>

<net id="83304"><net_src comp="100" pin="0"/><net_sink comp="83298" pin=0"/></net>

<net id="83305"><net_src comp="698" pin="2"/><net_sink comp="83298" pin=1"/></net>

<net id="83306"><net_src comp="76" pin="0"/><net_sink comp="83298" pin=2"/></net>

<net id="83307"><net_src comp="102" pin="0"/><net_sink comp="83298" pin=3"/></net>

<net id="83314"><net_src comp="100" pin="0"/><net_sink comp="83308" pin=0"/></net>

<net id="83315"><net_src comp="672" pin="2"/><net_sink comp="83308" pin=1"/></net>

<net id="83316"><net_src comp="76" pin="0"/><net_sink comp="83308" pin=2"/></net>

<net id="83317"><net_src comp="102" pin="0"/><net_sink comp="83308" pin=3"/></net>

<net id="83321"><net_src comp="572" pin="2"/><net_sink comp="83318" pin=0"/></net>

<net id="83322"><net_src comp="83318" pin="1"/><net_sink comp="743" pin=0"/></net>

<net id="83323"><net_src comp="83318" pin="1"/><net_sink comp="724" pin=0"/></net>

<net id="83324"><net_src comp="83318" pin="1"/><net_sink comp="658" pin=0"/></net>

<net id="83328"><net_src comp="572" pin="2"/><net_sink comp="83325" pin=0"/></net>

<net id="83329"><net_src comp="83325" pin="1"/><net_sink comp="711" pin=0"/></net>

<net id="83336"><net_src comp="84" pin="0"/><net_sink comp="83330" pin=0"/></net>

<net id="83337"><net_src comp="743" pin="2"/><net_sink comp="83330" pin=1"/></net>

<net id="83338"><net_src comp="76" pin="0"/><net_sink comp="83330" pin=2"/></net>

<net id="83339"><net_src comp="86" pin="0"/><net_sink comp="83330" pin=3"/></net>

<net id="83346"><net_src comp="90" pin="0"/><net_sink comp="83340" pin=0"/></net>

<net id="83347"><net_src comp="711" pin="2"/><net_sink comp="83340" pin=1"/></net>

<net id="83348"><net_src comp="76" pin="0"/><net_sink comp="83340" pin=2"/></net>

<net id="83349"><net_src comp="92" pin="0"/><net_sink comp="83340" pin=3"/></net>

<net id="83356"><net_src comp="84" pin="0"/><net_sink comp="83350" pin=0"/></net>

<net id="83357"><net_src comp="724" pin="2"/><net_sink comp="83350" pin=1"/></net>

<net id="83358"><net_src comp="76" pin="0"/><net_sink comp="83350" pin=2"/></net>

<net id="83359"><net_src comp="86" pin="0"/><net_sink comp="83350" pin=3"/></net>

<net id="83366"><net_src comp="84" pin="0"/><net_sink comp="83360" pin=0"/></net>

<net id="83367"><net_src comp="658" pin="2"/><net_sink comp="83360" pin=1"/></net>

<net id="83368"><net_src comp="76" pin="0"/><net_sink comp="83360" pin=2"/></net>

<net id="83369"><net_src comp="86" pin="0"/><net_sink comp="83360" pin=3"/></net>

<net id="83375"><net_src comp="148" pin="0"/><net_sink comp="83370" pin=0"/></net>

<net id="83376"><net_src comp="572" pin="2"/><net_sink comp="83370" pin=1"/></net>

<net id="83377"><net_src comp="150" pin="0"/><net_sink comp="83370" pin=2"/></net>

<net id="83381"><net_src comp="83370" pin="3"/><net_sink comp="83378" pin=0"/></net>

<net id="83387"><net_src comp="152" pin="0"/><net_sink comp="83382" pin=0"/></net>

<net id="83388"><net_src comp="572" pin="2"/><net_sink comp="83382" pin=1"/></net>

<net id="83389"><net_src comp="154" pin="0"/><net_sink comp="83382" pin=2"/></net>

<net id="83393"><net_src comp="83382" pin="3"/><net_sink comp="83390" pin=0"/></net>

<net id="83398"><net_src comp="83390" pin="1"/><net_sink comp="83394" pin=0"/></net>

<net id="83399"><net_src comp="83378" pin="1"/><net_sink comp="83394" pin=1"/></net>

<net id="83406"><net_src comp="100" pin="0"/><net_sink comp="83400" pin=0"/></net>

<net id="83407"><net_src comp="83394" pin="2"/><net_sink comp="83400" pin=1"/></net>

<net id="83408"><net_src comp="76" pin="0"/><net_sink comp="83400" pin=2"/></net>

<net id="83409"><net_src comp="102" pin="0"/><net_sink comp="83400" pin=3"/></net>

<net id="83413"><net_src comp="83400" pin="4"/><net_sink comp="83410" pin=0"/></net>

<net id="83417"><net_src comp="566" pin="2"/><net_sink comp="83414" pin=0"/></net>

<net id="83421"><net_src comp="566" pin="2"/><net_sink comp="83418" pin=0"/></net>

<net id="83422"><net_src comp="83418" pin="1"/><net_sink comp="756" pin=0"/></net>

<net id="83426"><net_src comp="566" pin="2"/><net_sink comp="83423" pin=0"/></net>

<net id="83427"><net_src comp="83423" pin="1"/><net_sink comp="684" pin=0"/></net>

<net id="83431"><net_src comp="566" pin="2"/><net_sink comp="83428" pin=0"/></net>

<net id="83432"><net_src comp="83428" pin="1"/><net_sink comp="741" pin=0"/></net>

<net id="83433"><net_src comp="83428" pin="1"/><net_sink comp="613" pin=0"/></net>

<net id="83440"><net_src comp="84" pin="0"/><net_sink comp="83434" pin=0"/></net>

<net id="83441"><net_src comp="741" pin="2"/><net_sink comp="83434" pin=1"/></net>

<net id="83442"><net_src comp="76" pin="0"/><net_sink comp="83434" pin=2"/></net>

<net id="83443"><net_src comp="86" pin="0"/><net_sink comp="83434" pin=3"/></net>

<net id="83450"><net_src comp="160" pin="0"/><net_sink comp="83444" pin=0"/></net>

<net id="83451"><net_src comp="684" pin="2"/><net_sink comp="83444" pin=1"/></net>

<net id="83452"><net_src comp="76" pin="0"/><net_sink comp="83444" pin=2"/></net>

<net id="83453"><net_src comp="162" pin="0"/><net_sink comp="83444" pin=3"/></net>

<net id="83457"><net_src comp="83444" pin="4"/><net_sink comp="83454" pin=0"/></net>

<net id="83464"><net_src comp="84" pin="0"/><net_sink comp="83458" pin=0"/></net>

<net id="83465"><net_src comp="613" pin="2"/><net_sink comp="83458" pin=1"/></net>

<net id="83466"><net_src comp="76" pin="0"/><net_sink comp="83458" pin=2"/></net>

<net id="83467"><net_src comp="86" pin="0"/><net_sink comp="83458" pin=3"/></net>

<net id="83474"><net_src comp="100" pin="0"/><net_sink comp="83468" pin=0"/></net>

<net id="83475"><net_src comp="756" pin="2"/><net_sink comp="83468" pin=1"/></net>

<net id="83476"><net_src comp="76" pin="0"/><net_sink comp="83468" pin=2"/></net>

<net id="83477"><net_src comp="102" pin="0"/><net_sink comp="83468" pin=3"/></net>

<net id="83481"><net_src comp="83468" pin="4"/><net_sink comp="83478" pin=0"/></net>

<net id="83487"><net_src comp="168" pin="0"/><net_sink comp="83482" pin=0"/></net>

<net id="83488"><net_src comp="566" pin="2"/><net_sink comp="83482" pin=1"/></net>

<net id="83489"><net_src comp="170" pin="0"/><net_sink comp="83482" pin=2"/></net>

<net id="83493"><net_src comp="83482" pin="3"/><net_sink comp="83490" pin=0"/></net>

<net id="83498"><net_src comp="172" pin="0"/><net_sink comp="83494" pin=0"/></net>

<net id="83499"><net_src comp="83490" pin="1"/><net_sink comp="83494" pin=1"/></net>

<net id="83504"><net_src comp="83494" pin="2"/><net_sink comp="83500" pin=0"/></net>

<net id="83505"><net_src comp="83414" pin="1"/><net_sink comp="83500" pin=1"/></net>

<net id="83512"><net_src comp="90" pin="0"/><net_sink comp="83506" pin=0"/></net>

<net id="83513"><net_src comp="83500" pin="2"/><net_sink comp="83506" pin=1"/></net>

<net id="83514"><net_src comp="76" pin="0"/><net_sink comp="83506" pin=2"/></net>

<net id="83515"><net_src comp="92" pin="0"/><net_sink comp="83506" pin=3"/></net>

<net id="83519"><net_src comp="83506" pin="4"/><net_sink comp="83516" pin=0"/></net>

<net id="83523"><net_src comp="560" pin="2"/><net_sink comp="83520" pin=0"/></net>

<net id="83524"><net_src comp="83520" pin="1"/><net_sink comp="710" pin=0"/></net>

<net id="83525"><net_src comp="83520" pin="1"/><net_sink comp="703" pin=0"/></net>

<net id="83529"><net_src comp="560" pin="2"/><net_sink comp="83526" pin=0"/></net>

<net id="83530"><net_src comp="83526" pin="1"/><net_sink comp="678" pin=0"/></net>

<net id="83531"><net_src comp="83526" pin="1"/><net_sink comp="693" pin=0"/></net>

<net id="83538"><net_src comp="84" pin="0"/><net_sink comp="83532" pin=0"/></net>

<net id="83539"><net_src comp="710" pin="2"/><net_sink comp="83532" pin=1"/></net>

<net id="83540"><net_src comp="76" pin="0"/><net_sink comp="83532" pin=2"/></net>

<net id="83541"><net_src comp="86" pin="0"/><net_sink comp="83532" pin=3"/></net>

<net id="83548"><net_src comp="100" pin="0"/><net_sink comp="83542" pin=0"/></net>

<net id="83549"><net_src comp="678" pin="2"/><net_sink comp="83542" pin=1"/></net>

<net id="83550"><net_src comp="76" pin="0"/><net_sink comp="83542" pin=2"/></net>

<net id="83551"><net_src comp="102" pin="0"/><net_sink comp="83542" pin=3"/></net>

<net id="83558"><net_src comp="84" pin="0"/><net_sink comp="83552" pin=0"/></net>

<net id="83559"><net_src comp="703" pin="2"/><net_sink comp="83552" pin=1"/></net>

<net id="83560"><net_src comp="76" pin="0"/><net_sink comp="83552" pin=2"/></net>

<net id="83561"><net_src comp="86" pin="0"/><net_sink comp="83552" pin=3"/></net>

<net id="83568"><net_src comp="100" pin="0"/><net_sink comp="83562" pin=0"/></net>

<net id="83569"><net_src comp="693" pin="2"/><net_sink comp="83562" pin=1"/></net>

<net id="83570"><net_src comp="76" pin="0"/><net_sink comp="83562" pin=2"/></net>

<net id="83571"><net_src comp="102" pin="0"/><net_sink comp="83562" pin=3"/></net>

<net id="83575"><net_src comp="83562" pin="4"/><net_sink comp="83572" pin=0"/></net>

<net id="83581"><net_src comp="182" pin="0"/><net_sink comp="83576" pin=0"/></net>

<net id="83582"><net_src comp="560" pin="2"/><net_sink comp="83576" pin=1"/></net>

<net id="83583"><net_src comp="184" pin="0"/><net_sink comp="83576" pin=2"/></net>

<net id="83587"><net_src comp="83576" pin="3"/><net_sink comp="83584" pin=0"/></net>

<net id="83593"><net_src comp="186" pin="0"/><net_sink comp="83588" pin=0"/></net>

<net id="83594"><net_src comp="560" pin="2"/><net_sink comp="83588" pin=1"/></net>

<net id="83595"><net_src comp="188" pin="0"/><net_sink comp="83588" pin=2"/></net>

<net id="83599"><net_src comp="83588" pin="3"/><net_sink comp="83596" pin=0"/></net>

<net id="83604"><net_src comp="83596" pin="1"/><net_sink comp="83600" pin=0"/></net>

<net id="83605"><net_src comp="83584" pin="1"/><net_sink comp="83600" pin=1"/></net>

<net id="83612"><net_src comp="190" pin="0"/><net_sink comp="83606" pin=0"/></net>

<net id="83613"><net_src comp="83600" pin="2"/><net_sink comp="83606" pin=1"/></net>

<net id="83614"><net_src comp="76" pin="0"/><net_sink comp="83606" pin=2"/></net>

<net id="83615"><net_src comp="192" pin="0"/><net_sink comp="83606" pin=3"/></net>

<net id="83619"><net_src comp="83606" pin="4"/><net_sink comp="83616" pin=0"/></net>

<net id="83623"><net_src comp="554" pin="2"/><net_sink comp="83620" pin=0"/></net>

<net id="83624"><net_src comp="83620" pin="1"/><net_sink comp="730" pin=0"/></net>

<net id="83628"><net_src comp="554" pin="2"/><net_sink comp="83625" pin=0"/></net>

<net id="83629"><net_src comp="83625" pin="1"/><net_sink comp="609" pin=0"/></net>

<net id="83633"><net_src comp="554" pin="2"/><net_sink comp="83630" pin=0"/></net>

<net id="83634"><net_src comp="83630" pin="1"/><net_sink comp="636" pin=0"/></net>

<net id="83635"><net_src comp="83630" pin="1"/><net_sink comp="675" pin=0"/></net>

<net id="83641"><net_src comp="168" pin="0"/><net_sink comp="83636" pin=0"/></net>

<net id="83642"><net_src comp="554" pin="2"/><net_sink comp="83636" pin=1"/></net>

<net id="83643"><net_src comp="170" pin="0"/><net_sink comp="83636" pin=2"/></net>

<net id="83647"><net_src comp="83636" pin="3"/><net_sink comp="83644" pin=0"/></net>

<net id="83653"><net_src comp="182" pin="0"/><net_sink comp="83648" pin=0"/></net>

<net id="83654"><net_src comp="554" pin="2"/><net_sink comp="83648" pin=1"/></net>

<net id="83655"><net_src comp="184" pin="0"/><net_sink comp="83648" pin=2"/></net>

<net id="83659"><net_src comp="83648" pin="3"/><net_sink comp="83656" pin=0"/></net>

<net id="83664"><net_src comp="83644" pin="1"/><net_sink comp="83660" pin=0"/></net>

<net id="83665"><net_src comp="83656" pin="1"/><net_sink comp="83660" pin=1"/></net>

<net id="83672"><net_src comp="90" pin="0"/><net_sink comp="83666" pin=0"/></net>

<net id="83673"><net_src comp="83660" pin="2"/><net_sink comp="83666" pin=1"/></net>

<net id="83674"><net_src comp="76" pin="0"/><net_sink comp="83666" pin=2"/></net>

<net id="83675"><net_src comp="92" pin="0"/><net_sink comp="83666" pin=3"/></net>

<net id="83679"><net_src comp="83666" pin="4"/><net_sink comp="83676" pin=0"/></net>

<net id="83686"><net_src comp="84" pin="0"/><net_sink comp="83680" pin=0"/></net>

<net id="83687"><net_src comp="636" pin="2"/><net_sink comp="83680" pin=1"/></net>

<net id="83688"><net_src comp="76" pin="0"/><net_sink comp="83680" pin=2"/></net>

<net id="83689"><net_src comp="86" pin="0"/><net_sink comp="83680" pin=3"/></net>

<net id="83696"><net_src comp="84" pin="0"/><net_sink comp="83690" pin=0"/></net>

<net id="83697"><net_src comp="675" pin="2"/><net_sink comp="83690" pin=1"/></net>

<net id="83698"><net_src comp="76" pin="0"/><net_sink comp="83690" pin=2"/></net>

<net id="83699"><net_src comp="86" pin="0"/><net_sink comp="83690" pin=3"/></net>

<net id="83706"><net_src comp="90" pin="0"/><net_sink comp="83700" pin=0"/></net>

<net id="83707"><net_src comp="609" pin="2"/><net_sink comp="83700" pin=1"/></net>

<net id="83708"><net_src comp="76" pin="0"/><net_sink comp="83700" pin=2"/></net>

<net id="83709"><net_src comp="92" pin="0"/><net_sink comp="83700" pin=3"/></net>

<net id="83713"><net_src comp="83700" pin="4"/><net_sink comp="83710" pin=0"/></net>

<net id="83720"><net_src comp="100" pin="0"/><net_sink comp="83714" pin=0"/></net>

<net id="83721"><net_src comp="730" pin="2"/><net_sink comp="83714" pin=1"/></net>

<net id="83722"><net_src comp="76" pin="0"/><net_sink comp="83714" pin=2"/></net>

<net id="83723"><net_src comp="102" pin="0"/><net_sink comp="83714" pin=3"/></net>

<net id="83727"><net_src comp="83714" pin="4"/><net_sink comp="83724" pin=0"/></net>

<net id="83731"><net_src comp="548" pin="2"/><net_sink comp="83728" pin=0"/></net>

<net id="83732"><net_src comp="83728" pin="1"/><net_sink comp="737" pin=0"/></net>

<net id="83733"><net_src comp="83728" pin="1"/><net_sink comp="614" pin=0"/></net>

<net id="83737"><net_src comp="548" pin="2"/><net_sink comp="83734" pin=0"/></net>

<net id="83738"><net_src comp="83734" pin="1"/><net_sink comp="755" pin=0"/></net>

<net id="83742"><net_src comp="548" pin="2"/><net_sink comp="83739" pin=0"/></net>

<net id="83743"><net_src comp="83739" pin="1"/><net_sink comp="748" pin=0"/></net>

<net id="83749"><net_src comp="182" pin="0"/><net_sink comp="83744" pin=0"/></net>

<net id="83750"><net_src comp="548" pin="2"/><net_sink comp="83744" pin=1"/></net>

<net id="83751"><net_src comp="184" pin="0"/><net_sink comp="83744" pin=2"/></net>

<net id="83755"><net_src comp="83744" pin="3"/><net_sink comp="83752" pin=0"/></net>

<net id="83761"><net_src comp="186" pin="0"/><net_sink comp="83756" pin=0"/></net>

<net id="83762"><net_src comp="548" pin="2"/><net_sink comp="83756" pin=1"/></net>

<net id="83763"><net_src comp="188" pin="0"/><net_sink comp="83756" pin=2"/></net>

<net id="83767"><net_src comp="83756" pin="3"/><net_sink comp="83764" pin=0"/></net>

<net id="83772"><net_src comp="83764" pin="1"/><net_sink comp="83768" pin=0"/></net>

<net id="83773"><net_src comp="83752" pin="1"/><net_sink comp="83768" pin=1"/></net>

<net id="83780"><net_src comp="190" pin="0"/><net_sink comp="83774" pin=0"/></net>

<net id="83781"><net_src comp="83768" pin="2"/><net_sink comp="83774" pin=1"/></net>

<net id="83782"><net_src comp="76" pin="0"/><net_sink comp="83774" pin=2"/></net>

<net id="83783"><net_src comp="192" pin="0"/><net_sink comp="83774" pin=3"/></net>

<net id="83787"><net_src comp="83774" pin="4"/><net_sink comp="83784" pin=0"/></net>

<net id="83794"><net_src comp="90" pin="0"/><net_sink comp="83788" pin=0"/></net>

<net id="83795"><net_src comp="748" pin="2"/><net_sink comp="83788" pin=1"/></net>

<net id="83796"><net_src comp="76" pin="0"/><net_sink comp="83788" pin=2"/></net>

<net id="83797"><net_src comp="92" pin="0"/><net_sink comp="83788" pin=3"/></net>

<net id="83801"><net_src comp="83788" pin="4"/><net_sink comp="83798" pin=0"/></net>

<net id="83808"><net_src comp="100" pin="0"/><net_sink comp="83802" pin=0"/></net>

<net id="83809"><net_src comp="755" pin="2"/><net_sink comp="83802" pin=1"/></net>

<net id="83810"><net_src comp="76" pin="0"/><net_sink comp="83802" pin=2"/></net>

<net id="83811"><net_src comp="102" pin="0"/><net_sink comp="83802" pin=3"/></net>

<net id="83815"><net_src comp="83802" pin="4"/><net_sink comp="83812" pin=0"/></net>

<net id="83822"><net_src comp="84" pin="0"/><net_sink comp="83816" pin=0"/></net>

<net id="83823"><net_src comp="737" pin="2"/><net_sink comp="83816" pin=1"/></net>

<net id="83824"><net_src comp="76" pin="0"/><net_sink comp="83816" pin=2"/></net>

<net id="83825"><net_src comp="86" pin="0"/><net_sink comp="83816" pin=3"/></net>

<net id="83832"><net_src comp="84" pin="0"/><net_sink comp="83826" pin=0"/></net>

<net id="83833"><net_src comp="614" pin="2"/><net_sink comp="83826" pin=1"/></net>

<net id="83834"><net_src comp="76" pin="0"/><net_sink comp="83826" pin=2"/></net>

<net id="83835"><net_src comp="86" pin="0"/><net_sink comp="83826" pin=3"/></net>

<net id="83839"><net_src comp="542" pin="2"/><net_sink comp="83836" pin=0"/></net>

<net id="83840"><net_src comp="83836" pin="1"/><net_sink comp="707" pin=0"/></net>

<net id="83844"><net_src comp="542" pin="2"/><net_sink comp="83841" pin=0"/></net>

<net id="83845"><net_src comp="83841" pin="1"/><net_sink comp="714" pin=0"/></net>

<net id="83846"><net_src comp="83841" pin="1"/><net_sink comp="750" pin=0"/></net>

<net id="83850"><net_src comp="542" pin="2"/><net_sink comp="83847" pin=0"/></net>

<net id="83851"><net_src comp="83847" pin="1"/><net_sink comp="689" pin=0"/></net>

<net id="83852"><net_src comp="83847" pin="1"/><net_sink comp="611" pin=0"/></net>

<net id="83859"><net_src comp="84" pin="0"/><net_sink comp="83853" pin=0"/></net>

<net id="83860"><net_src comp="689" pin="2"/><net_sink comp="83853" pin=1"/></net>

<net id="83861"><net_src comp="76" pin="0"/><net_sink comp="83853" pin=2"/></net>

<net id="83862"><net_src comp="86" pin="0"/><net_sink comp="83853" pin=3"/></net>

<net id="83869"><net_src comp="100" pin="0"/><net_sink comp="83863" pin=0"/></net>

<net id="83870"><net_src comp="714" pin="2"/><net_sink comp="83863" pin=1"/></net>

<net id="83871"><net_src comp="76" pin="0"/><net_sink comp="83863" pin=2"/></net>

<net id="83872"><net_src comp="102" pin="0"/><net_sink comp="83863" pin=3"/></net>

<net id="83876"><net_src comp="83863" pin="4"/><net_sink comp="83873" pin=0"/></net>

<net id="83883"><net_src comp="90" pin="0"/><net_sink comp="83877" pin=0"/></net>

<net id="83884"><net_src comp="707" pin="2"/><net_sink comp="83877" pin=1"/></net>

<net id="83885"><net_src comp="76" pin="0"/><net_sink comp="83877" pin=2"/></net>

<net id="83886"><net_src comp="92" pin="0"/><net_sink comp="83877" pin=3"/></net>

<net id="83890"><net_src comp="83877" pin="4"/><net_sink comp="83887" pin=0"/></net>

<net id="83897"><net_src comp="84" pin="0"/><net_sink comp="83891" pin=0"/></net>

<net id="83898"><net_src comp="611" pin="2"/><net_sink comp="83891" pin=1"/></net>

<net id="83899"><net_src comp="76" pin="0"/><net_sink comp="83891" pin=2"/></net>

<net id="83900"><net_src comp="86" pin="0"/><net_sink comp="83891" pin=3"/></net>

<net id="83907"><net_src comp="100" pin="0"/><net_sink comp="83901" pin=0"/></net>

<net id="83908"><net_src comp="750" pin="2"/><net_sink comp="83901" pin=1"/></net>

<net id="83909"><net_src comp="76" pin="0"/><net_sink comp="83901" pin=2"/></net>

<net id="83910"><net_src comp="102" pin="0"/><net_sink comp="83901" pin=3"/></net>

<net id="83914"><net_src comp="536" pin="2"/><net_sink comp="83911" pin=0"/></net>

<net id="83915"><net_src comp="83911" pin="1"/><net_sink comp="765" pin=0"/></net>

<net id="83919"><net_src comp="536" pin="2"/><net_sink comp="83916" pin=0"/></net>

<net id="83920"><net_src comp="83916" pin="1"/><net_sink comp="646" pin=0"/></net>

<net id="83921"><net_src comp="83916" pin="1"/><net_sink comp="634" pin=0"/></net>

<net id="83925"><net_src comp="536" pin="2"/><net_sink comp="83922" pin=0"/></net>

<net id="83926"><net_src comp="83922" pin="1"/><net_sink comp="667" pin=0"/></net>

<net id="83927"><net_src comp="83922" pin="1"/><net_sink comp="705" pin=0"/></net>

<net id="83934"><net_src comp="90" pin="0"/><net_sink comp="83928" pin=0"/></net>

<net id="83935"><net_src comp="667" pin="2"/><net_sink comp="83928" pin=1"/></net>

<net id="83936"><net_src comp="76" pin="0"/><net_sink comp="83928" pin=2"/></net>

<net id="83937"><net_src comp="92" pin="0"/><net_sink comp="83928" pin=3"/></net>

<net id="83941"><net_src comp="83928" pin="4"/><net_sink comp="83938" pin=0"/></net>

<net id="83948"><net_src comp="84" pin="0"/><net_sink comp="83942" pin=0"/></net>

<net id="83949"><net_src comp="646" pin="2"/><net_sink comp="83942" pin=1"/></net>

<net id="83950"><net_src comp="76" pin="0"/><net_sink comp="83942" pin=2"/></net>

<net id="83951"><net_src comp="86" pin="0"/><net_sink comp="83942" pin=3"/></net>

<net id="83958"><net_src comp="84" pin="0"/><net_sink comp="83952" pin=0"/></net>

<net id="83959"><net_src comp="634" pin="2"/><net_sink comp="83952" pin=1"/></net>

<net id="83960"><net_src comp="76" pin="0"/><net_sink comp="83952" pin=2"/></net>

<net id="83961"><net_src comp="86" pin="0"/><net_sink comp="83952" pin=3"/></net>

<net id="83968"><net_src comp="90" pin="0"/><net_sink comp="83962" pin=0"/></net>

<net id="83969"><net_src comp="705" pin="2"/><net_sink comp="83962" pin=1"/></net>

<net id="83970"><net_src comp="76" pin="0"/><net_sink comp="83962" pin=2"/></net>

<net id="83971"><net_src comp="92" pin="0"/><net_sink comp="83962" pin=3"/></net>

<net id="83975"><net_src comp="83962" pin="4"/><net_sink comp="83972" pin=0"/></net>

<net id="83982"><net_src comp="74" pin="0"/><net_sink comp="83976" pin=0"/></net>

<net id="83983"><net_src comp="765" pin="2"/><net_sink comp="83976" pin=1"/></net>

<net id="83984"><net_src comp="76" pin="0"/><net_sink comp="83976" pin=2"/></net>

<net id="83985"><net_src comp="78" pin="0"/><net_sink comp="83976" pin=3"/></net>

<net id="83989"><net_src comp="83976" pin="4"/><net_sink comp="83986" pin=0"/></net>

<net id="83993"><net_src comp="530" pin="2"/><net_sink comp="83990" pin=0"/></net>

<net id="83994"><net_src comp="83990" pin="1"/><net_sink comp="766" pin=0"/></net>

<net id="83995"><net_src comp="83990" pin="1"/><net_sink comp="728" pin=0"/></net>

<net id="83999"><net_src comp="530" pin="2"/><net_sink comp="83996" pin=0"/></net>

<net id="84000"><net_src comp="83996" pin="1"/><net_sink comp="760" pin=0"/></net>

<net id="84006"><net_src comp="228" pin="0"/><net_sink comp="84001" pin=0"/></net>

<net id="84007"><net_src comp="530" pin="2"/><net_sink comp="84001" pin=1"/></net>

<net id="84008"><net_src comp="230" pin="0"/><net_sink comp="84001" pin=2"/></net>

<net id="84012"><net_src comp="84001" pin="3"/><net_sink comp="84009" pin=0"/></net>

<net id="84018"><net_src comp="232" pin="0"/><net_sink comp="84013" pin=0"/></net>

<net id="84019"><net_src comp="530" pin="2"/><net_sink comp="84013" pin=1"/></net>

<net id="84020"><net_src comp="234" pin="0"/><net_sink comp="84013" pin=2"/></net>

<net id="84024"><net_src comp="84013" pin="3"/><net_sink comp="84021" pin=0"/></net>

<net id="84029"><net_src comp="84021" pin="1"/><net_sink comp="84025" pin=0"/></net>

<net id="84030"><net_src comp="84009" pin="1"/><net_sink comp="84025" pin=1"/></net>

<net id="84037"><net_src comp="84" pin="0"/><net_sink comp="84031" pin=0"/></net>

<net id="84038"><net_src comp="84025" pin="2"/><net_sink comp="84031" pin=1"/></net>

<net id="84039"><net_src comp="76" pin="0"/><net_sink comp="84031" pin=2"/></net>

<net id="84040"><net_src comp="86" pin="0"/><net_sink comp="84031" pin=3"/></net>

<net id="84047"><net_src comp="84" pin="0"/><net_sink comp="84041" pin=0"/></net>

<net id="84048"><net_src comp="766" pin="2"/><net_sink comp="84041" pin=1"/></net>

<net id="84049"><net_src comp="76" pin="0"/><net_sink comp="84041" pin=2"/></net>

<net id="84050"><net_src comp="86" pin="0"/><net_sink comp="84041" pin=3"/></net>

<net id="84055"><net_src comp="238" pin="0"/><net_sink comp="84051" pin=0"/></net>

<net id="84056"><net_src comp="84009" pin="1"/><net_sink comp="84051" pin=1"/></net>

<net id="84063"><net_src comp="84" pin="0"/><net_sink comp="84057" pin=0"/></net>

<net id="84064"><net_src comp="84051" pin="2"/><net_sink comp="84057" pin=1"/></net>

<net id="84065"><net_src comp="76" pin="0"/><net_sink comp="84057" pin=2"/></net>

<net id="84066"><net_src comp="86" pin="0"/><net_sink comp="84057" pin=3"/></net>

<net id="84073"><net_src comp="100" pin="0"/><net_sink comp="84067" pin=0"/></net>

<net id="84074"><net_src comp="760" pin="2"/><net_sink comp="84067" pin=1"/></net>

<net id="84075"><net_src comp="76" pin="0"/><net_sink comp="84067" pin=2"/></net>

<net id="84076"><net_src comp="102" pin="0"/><net_sink comp="84067" pin=3"/></net>

<net id="84083"><net_src comp="84" pin="0"/><net_sink comp="84077" pin=0"/></net>

<net id="84084"><net_src comp="728" pin="2"/><net_sink comp="84077" pin=1"/></net>

<net id="84085"><net_src comp="76" pin="0"/><net_sink comp="84077" pin=2"/></net>

<net id="84086"><net_src comp="86" pin="0"/><net_sink comp="84077" pin=3"/></net>

<net id="84090"><net_src comp="524" pin="2"/><net_sink comp="84087" pin=0"/></net>

<net id="84091"><net_src comp="84087" pin="1"/><net_sink comp="735" pin=0"/></net>

<net id="84095"><net_src comp="524" pin="2"/><net_sink comp="84092" pin=0"/></net>

<net id="84096"><net_src comp="84092" pin="1"/><net_sink comp="751" pin=0"/></net>

<net id="84097"><net_src comp="84092" pin="1"/><net_sink comp="628" pin=0"/></net>

<net id="84101"><net_src comp="524" pin="2"/><net_sink comp="84098" pin=0"/></net>

<net id="84102"><net_src comp="84098" pin="1"/><net_sink comp="664" pin=0"/></net>

<net id="84108"><net_src comp="228" pin="0"/><net_sink comp="84103" pin=0"/></net>

<net id="84109"><net_src comp="524" pin="2"/><net_sink comp="84103" pin=1"/></net>

<net id="84110"><net_src comp="230" pin="0"/><net_sink comp="84103" pin=2"/></net>

<net id="84114"><net_src comp="84103" pin="3"/><net_sink comp="84111" pin=0"/></net>

<net id="84119"><net_src comp="84111" pin="1"/><net_sink comp="84115" pin=0"/></net>

<net id="84120"><net_src comp="84092" pin="1"/><net_sink comp="84115" pin=1"/></net>

<net id="84127"><net_src comp="84" pin="0"/><net_sink comp="84121" pin=0"/></net>

<net id="84128"><net_src comp="84115" pin="2"/><net_sink comp="84121" pin=1"/></net>

<net id="84129"><net_src comp="76" pin="0"/><net_sink comp="84121" pin=2"/></net>

<net id="84130"><net_src comp="86" pin="0"/><net_sink comp="84121" pin=3"/></net>

<net id="84137"><net_src comp="90" pin="0"/><net_sink comp="84131" pin=0"/></net>

<net id="84138"><net_src comp="735" pin="2"/><net_sink comp="84131" pin=1"/></net>

<net id="84139"><net_src comp="76" pin="0"/><net_sink comp="84131" pin=2"/></net>

<net id="84140"><net_src comp="92" pin="0"/><net_sink comp="84131" pin=3"/></net>

<net id="84144"><net_src comp="84131" pin="4"/><net_sink comp="84141" pin=0"/></net>

<net id="84151"><net_src comp="100" pin="0"/><net_sink comp="84145" pin=0"/></net>

<net id="84152"><net_src comp="664" pin="2"/><net_sink comp="84145" pin=1"/></net>

<net id="84153"><net_src comp="76" pin="0"/><net_sink comp="84145" pin=2"/></net>

<net id="84154"><net_src comp="102" pin="0"/><net_sink comp="84145" pin=3"/></net>

<net id="84161"><net_src comp="84" pin="0"/><net_sink comp="84155" pin=0"/></net>

<net id="84162"><net_src comp="751" pin="2"/><net_sink comp="84155" pin=1"/></net>

<net id="84163"><net_src comp="76" pin="0"/><net_sink comp="84155" pin=2"/></net>

<net id="84164"><net_src comp="86" pin="0"/><net_sink comp="84155" pin=3"/></net>

<net id="84171"><net_src comp="84" pin="0"/><net_sink comp="84165" pin=0"/></net>

<net id="84172"><net_src comp="628" pin="2"/><net_sink comp="84165" pin=1"/></net>

<net id="84173"><net_src comp="76" pin="0"/><net_sink comp="84165" pin=2"/></net>

<net id="84174"><net_src comp="86" pin="0"/><net_sink comp="84165" pin=3"/></net>

<net id="84178"><net_src comp="518" pin="2"/><net_sink comp="84175" pin=0"/></net>

<net id="84179"><net_src comp="84175" pin="1"/><net_sink comp="758" pin=0"/></net>

<net id="84180"><net_src comp="84175" pin="1"/><net_sink comp="736" pin=0"/></net>

<net id="84181"><net_src comp="84175" pin="1"/><net_sink comp="623" pin=0"/></net>

<net id="84185"><net_src comp="518" pin="2"/><net_sink comp="84182" pin=0"/></net>

<net id="84186"><net_src comp="84182" pin="1"/><net_sink comp="687" pin=0"/></net>

<net id="84190"><net_src comp="518" pin="2"/><net_sink comp="84187" pin=0"/></net>

<net id="84191"><net_src comp="84187" pin="1"/><net_sink comp="626" pin=0"/></net>

<net id="84198"><net_src comp="90" pin="0"/><net_sink comp="84192" pin=0"/></net>

<net id="84199"><net_src comp="626" pin="2"/><net_sink comp="84192" pin=1"/></net>

<net id="84200"><net_src comp="76" pin="0"/><net_sink comp="84192" pin=2"/></net>

<net id="84201"><net_src comp="92" pin="0"/><net_sink comp="84192" pin=3"/></net>

<net id="84205"><net_src comp="84192" pin="4"/><net_sink comp="84202" pin=0"/></net>

<net id="84212"><net_src comp="100" pin="0"/><net_sink comp="84206" pin=0"/></net>

<net id="84213"><net_src comp="687" pin="2"/><net_sink comp="84206" pin=1"/></net>

<net id="84214"><net_src comp="76" pin="0"/><net_sink comp="84206" pin=2"/></net>

<net id="84215"><net_src comp="102" pin="0"/><net_sink comp="84206" pin=3"/></net>

<net id="84219"><net_src comp="84206" pin="4"/><net_sink comp="84216" pin=0"/></net>

<net id="84226"><net_src comp="84" pin="0"/><net_sink comp="84220" pin=0"/></net>

<net id="84227"><net_src comp="758" pin="2"/><net_sink comp="84220" pin=1"/></net>

<net id="84228"><net_src comp="76" pin="0"/><net_sink comp="84220" pin=2"/></net>

<net id="84229"><net_src comp="86" pin="0"/><net_sink comp="84220" pin=3"/></net>

<net id="84236"><net_src comp="84" pin="0"/><net_sink comp="84230" pin=0"/></net>

<net id="84237"><net_src comp="736" pin="2"/><net_sink comp="84230" pin=1"/></net>

<net id="84238"><net_src comp="76" pin="0"/><net_sink comp="84230" pin=2"/></net>

<net id="84239"><net_src comp="86" pin="0"/><net_sink comp="84230" pin=3"/></net>

<net id="84246"><net_src comp="84" pin="0"/><net_sink comp="84240" pin=0"/></net>

<net id="84247"><net_src comp="623" pin="2"/><net_sink comp="84240" pin=1"/></net>

<net id="84248"><net_src comp="76" pin="0"/><net_sink comp="84240" pin=2"/></net>

<net id="84249"><net_src comp="86" pin="0"/><net_sink comp="84240" pin=3"/></net>

<net id="84253"><net_src comp="512" pin="2"/><net_sink comp="84250" pin=0"/></net>

<net id="84254"><net_src comp="84250" pin="1"/><net_sink comp="742" pin=0"/></net>

<net id="84255"><net_src comp="84250" pin="1"/><net_sink comp="621" pin=0"/></net>

<net id="84256"><net_src comp="84250" pin="1"/><net_sink comp="717" pin=0"/></net>

<net id="84260"><net_src comp="512" pin="2"/><net_sink comp="84257" pin=0"/></net>

<net id="84261"><net_src comp="84257" pin="1"/><net_sink comp="708" pin=0"/></net>

<net id="84267"><net_src comp="186" pin="0"/><net_sink comp="84262" pin=0"/></net>

<net id="84268"><net_src comp="512" pin="2"/><net_sink comp="84262" pin=1"/></net>

<net id="84269"><net_src comp="188" pin="0"/><net_sink comp="84262" pin=2"/></net>

<net id="84273"><net_src comp="84262" pin="3"/><net_sink comp="84270" pin=0"/></net>

<net id="84278"><net_src comp="262" pin="0"/><net_sink comp="84274" pin=0"/></net>

<net id="84279"><net_src comp="84270" pin="1"/><net_sink comp="84274" pin=1"/></net>

<net id="84286"><net_src comp="264" pin="0"/><net_sink comp="84280" pin=0"/></net>

<net id="84287"><net_src comp="84274" pin="2"/><net_sink comp="84280" pin=1"/></net>

<net id="84288"><net_src comp="76" pin="0"/><net_sink comp="84280" pin=2"/></net>

<net id="84289"><net_src comp="266" pin="0"/><net_sink comp="84280" pin=3"/></net>

<net id="84293"><net_src comp="84280" pin="4"/><net_sink comp="84290" pin=0"/></net>

<net id="84300"><net_src comp="90" pin="0"/><net_sink comp="84294" pin=0"/></net>

<net id="84301"><net_src comp="708" pin="2"/><net_sink comp="84294" pin=1"/></net>

<net id="84302"><net_src comp="76" pin="0"/><net_sink comp="84294" pin=2"/></net>

<net id="84303"><net_src comp="92" pin="0"/><net_sink comp="84294" pin=3"/></net>

<net id="84307"><net_src comp="84294" pin="4"/><net_sink comp="84304" pin=0"/></net>

<net id="84314"><net_src comp="84" pin="0"/><net_sink comp="84308" pin=0"/></net>

<net id="84315"><net_src comp="742" pin="2"/><net_sink comp="84308" pin=1"/></net>

<net id="84316"><net_src comp="76" pin="0"/><net_sink comp="84308" pin=2"/></net>

<net id="84317"><net_src comp="86" pin="0"/><net_sink comp="84308" pin=3"/></net>

<net id="84324"><net_src comp="84" pin="0"/><net_sink comp="84318" pin=0"/></net>

<net id="84325"><net_src comp="621" pin="2"/><net_sink comp="84318" pin=1"/></net>

<net id="84326"><net_src comp="76" pin="0"/><net_sink comp="84318" pin=2"/></net>

<net id="84327"><net_src comp="86" pin="0"/><net_sink comp="84318" pin=3"/></net>

<net id="84334"><net_src comp="84" pin="0"/><net_sink comp="84328" pin=0"/></net>

<net id="84335"><net_src comp="717" pin="2"/><net_sink comp="84328" pin=1"/></net>

<net id="84336"><net_src comp="76" pin="0"/><net_sink comp="84328" pin=2"/></net>

<net id="84337"><net_src comp="86" pin="0"/><net_sink comp="84328" pin=3"/></net>

<net id="84341"><net_src comp="506" pin="2"/><net_sink comp="84338" pin=0"/></net>

<net id="84342"><net_src comp="84338" pin="1"/><net_sink comp="615" pin=0"/></net>

<net id="84346"><net_src comp="506" pin="2"/><net_sink comp="84343" pin=0"/></net>

<net id="84347"><net_src comp="84343" pin="1"/><net_sink comp="676" pin=0"/></net>

<net id="84351"><net_src comp="506" pin="2"/><net_sink comp="84348" pin=0"/></net>

<net id="84352"><net_src comp="84348" pin="1"/><net_sink comp="665" pin=0"/></net>

<net id="84353"><net_src comp="84348" pin="1"/><net_sink comp="666" pin=0"/></net>

<net id="84359"><net_src comp="148" pin="0"/><net_sink comp="84354" pin=0"/></net>

<net id="84360"><net_src comp="506" pin="2"/><net_sink comp="84354" pin=1"/></net>

<net id="84361"><net_src comp="150" pin="0"/><net_sink comp="84354" pin=2"/></net>

<net id="84365"><net_src comp="84354" pin="3"/><net_sink comp="84362" pin=0"/></net>

<net id="84370"><net_src comp="84362" pin="1"/><net_sink comp="84366" pin=0"/></net>

<net id="84371"><net_src comp="84343" pin="1"/><net_sink comp="84366" pin=1"/></net>

<net id="84378"><net_src comp="100" pin="0"/><net_sink comp="84372" pin=0"/></net>

<net id="84379"><net_src comp="84366" pin="2"/><net_sink comp="84372" pin=1"/></net>

<net id="84380"><net_src comp="76" pin="0"/><net_sink comp="84372" pin=2"/></net>

<net id="84381"><net_src comp="102" pin="0"/><net_sink comp="84372" pin=3"/></net>

<net id="84385"><net_src comp="84372" pin="4"/><net_sink comp="84382" pin=0"/></net>

<net id="84392"><net_src comp="90" pin="0"/><net_sink comp="84386" pin=0"/></net>

<net id="84393"><net_src comp="665" pin="2"/><net_sink comp="84386" pin=1"/></net>

<net id="84394"><net_src comp="76" pin="0"/><net_sink comp="84386" pin=2"/></net>

<net id="84395"><net_src comp="92" pin="0"/><net_sink comp="84386" pin=3"/></net>

<net id="84399"><net_src comp="84386" pin="4"/><net_sink comp="84396" pin=0"/></net>

<net id="84406"><net_src comp="90" pin="0"/><net_sink comp="84400" pin=0"/></net>

<net id="84407"><net_src comp="666" pin="2"/><net_sink comp="84400" pin=1"/></net>

<net id="84408"><net_src comp="76" pin="0"/><net_sink comp="84400" pin=2"/></net>

<net id="84409"><net_src comp="92" pin="0"/><net_sink comp="84400" pin=3"/></net>

<net id="84413"><net_src comp="84400" pin="4"/><net_sink comp="84410" pin=0"/></net>

<net id="84420"><net_src comp="100" pin="0"/><net_sink comp="84414" pin=0"/></net>

<net id="84421"><net_src comp="676" pin="2"/><net_sink comp="84414" pin=1"/></net>

<net id="84422"><net_src comp="76" pin="0"/><net_sink comp="84414" pin=2"/></net>

<net id="84423"><net_src comp="102" pin="0"/><net_sink comp="84414" pin=3"/></net>

<net id="84430"><net_src comp="84" pin="0"/><net_sink comp="84424" pin=0"/></net>

<net id="84431"><net_src comp="615" pin="2"/><net_sink comp="84424" pin=1"/></net>

<net id="84432"><net_src comp="76" pin="0"/><net_sink comp="84424" pin=2"/></net>

<net id="84433"><net_src comp="86" pin="0"/><net_sink comp="84424" pin=3"/></net>

<net id="84437"><net_src comp="500" pin="2"/><net_sink comp="84434" pin=0"/></net>

<net id="84438"><net_src comp="84434" pin="1"/><net_sink comp="651" pin=0"/></net>

<net id="84442"><net_src comp="500" pin="2"/><net_sink comp="84439" pin=0"/></net>

<net id="84443"><net_src comp="84439" pin="1"/><net_sink comp="619" pin=0"/></net>

<net id="84449"><net_src comp="152" pin="0"/><net_sink comp="84444" pin=0"/></net>

<net id="84450"><net_src comp="500" pin="2"/><net_sink comp="84444" pin=1"/></net>

<net id="84451"><net_src comp="154" pin="0"/><net_sink comp="84444" pin=2"/></net>

<net id="84455"><net_src comp="84444" pin="3"/><net_sink comp="84452" pin=0"/></net>

<net id="84459"><net_src comp="84444" pin="3"/><net_sink comp="84456" pin=0"/></net>

<net id="84465"><net_src comp="186" pin="0"/><net_sink comp="84460" pin=0"/></net>

<net id="84466"><net_src comp="500" pin="2"/><net_sink comp="84460" pin=1"/></net>

<net id="84467"><net_src comp="188" pin="0"/><net_sink comp="84460" pin=2"/></net>

<net id="84471"><net_src comp="84460" pin="3"/><net_sink comp="84468" pin=0"/></net>

<net id="84475"><net_src comp="84460" pin="3"/><net_sink comp="84472" pin=0"/></net>

<net id="84480"><net_src comp="84456" pin="1"/><net_sink comp="84476" pin=0"/></net>

<net id="84481"><net_src comp="84472" pin="1"/><net_sink comp="84476" pin=1"/></net>

<net id="84488"><net_src comp="282" pin="0"/><net_sink comp="84482" pin=0"/></net>

<net id="84489"><net_src comp="84476" pin="2"/><net_sink comp="84482" pin=1"/></net>

<net id="84490"><net_src comp="76" pin="0"/><net_sink comp="84482" pin=2"/></net>

<net id="84491"><net_src comp="284" pin="0"/><net_sink comp="84482" pin=3"/></net>

<net id="84495"><net_src comp="84482" pin="4"/><net_sink comp="84492" pin=0"/></net>

<net id="84502"><net_src comp="84" pin="0"/><net_sink comp="84496" pin=0"/></net>

<net id="84503"><net_src comp="619" pin="2"/><net_sink comp="84496" pin=1"/></net>

<net id="84504"><net_src comp="76" pin="0"/><net_sink comp="84496" pin=2"/></net>

<net id="84505"><net_src comp="86" pin="0"/><net_sink comp="84496" pin=3"/></net>

<net id="84511"><net_src comp="228" pin="0"/><net_sink comp="84506" pin=0"/></net>

<net id="84512"><net_src comp="500" pin="2"/><net_sink comp="84506" pin=1"/></net>

<net id="84513"><net_src comp="230" pin="0"/><net_sink comp="84506" pin=2"/></net>

<net id="84517"><net_src comp="84506" pin="3"/><net_sink comp="84514" pin=0"/></net>

<net id="84522"><net_src comp="84514" pin="1"/><net_sink comp="84518" pin=0"/></net>

<net id="84523"><net_src comp="84452" pin="1"/><net_sink comp="84518" pin=1"/></net>

<net id="84530"><net_src comp="84" pin="0"/><net_sink comp="84524" pin=0"/></net>

<net id="84531"><net_src comp="84518" pin="2"/><net_sink comp="84524" pin=1"/></net>

<net id="84532"><net_src comp="76" pin="0"/><net_sink comp="84524" pin=2"/></net>

<net id="84533"><net_src comp="86" pin="0"/><net_sink comp="84524" pin=3"/></net>

<net id="84538"><net_src comp="262" pin="0"/><net_sink comp="84534" pin=0"/></net>

<net id="84539"><net_src comp="84468" pin="1"/><net_sink comp="84534" pin=1"/></net>

<net id="84546"><net_src comp="264" pin="0"/><net_sink comp="84540" pin=0"/></net>

<net id="84547"><net_src comp="84534" pin="2"/><net_sink comp="84540" pin=1"/></net>

<net id="84548"><net_src comp="76" pin="0"/><net_sink comp="84540" pin=2"/></net>

<net id="84549"><net_src comp="266" pin="0"/><net_sink comp="84540" pin=3"/></net>

<net id="84553"><net_src comp="84540" pin="4"/><net_sink comp="84550" pin=0"/></net>

<net id="84560"><net_src comp="100" pin="0"/><net_sink comp="84554" pin=0"/></net>

<net id="84561"><net_src comp="651" pin="2"/><net_sink comp="84554" pin=1"/></net>

<net id="84562"><net_src comp="76" pin="0"/><net_sink comp="84554" pin=2"/></net>

<net id="84563"><net_src comp="102" pin="0"/><net_sink comp="84554" pin=3"/></net>

<net id="84567"><net_src comp="494" pin="2"/><net_sink comp="84564" pin=0"/></net>

<net id="84568"><net_src comp="84564" pin="1"/><net_sink comp="632" pin=0"/></net>

<net id="84569"><net_src comp="84564" pin="1"/><net_sink comp="695" pin=0"/></net>

<net id="84570"><net_src comp="84564" pin="1"/><net_sink comp="763" pin=0"/></net>

<net id="84574"><net_src comp="494" pin="2"/><net_sink comp="84571" pin=0"/></net>

<net id="84575"><net_src comp="84571" pin="1"/><net_sink comp="631" pin=0"/></net>

<net id="84581"><net_src comp="152" pin="0"/><net_sink comp="84576" pin=0"/></net>

<net id="84582"><net_src comp="494" pin="2"/><net_sink comp="84576" pin=1"/></net>

<net id="84583"><net_src comp="154" pin="0"/><net_sink comp="84576" pin=2"/></net>

<net id="84587"><net_src comp="84576" pin="3"/><net_sink comp="84584" pin=0"/></net>

<net id="84593"><net_src comp="186" pin="0"/><net_sink comp="84588" pin=0"/></net>

<net id="84594"><net_src comp="494" pin="2"/><net_sink comp="84588" pin=1"/></net>

<net id="84595"><net_src comp="188" pin="0"/><net_sink comp="84588" pin=2"/></net>

<net id="84599"><net_src comp="84588" pin="3"/><net_sink comp="84596" pin=0"/></net>

<net id="84604"><net_src comp="84584" pin="1"/><net_sink comp="84600" pin=0"/></net>

<net id="84605"><net_src comp="84596" pin="1"/><net_sink comp="84600" pin=1"/></net>

<net id="84612"><net_src comp="282" pin="0"/><net_sink comp="84606" pin=0"/></net>

<net id="84613"><net_src comp="84600" pin="2"/><net_sink comp="84606" pin=1"/></net>

<net id="84614"><net_src comp="76" pin="0"/><net_sink comp="84606" pin=2"/></net>

<net id="84615"><net_src comp="284" pin="0"/><net_sink comp="84606" pin=3"/></net>

<net id="84619"><net_src comp="84606" pin="4"/><net_sink comp="84616" pin=0"/></net>

<net id="84626"><net_src comp="84" pin="0"/><net_sink comp="84620" pin=0"/></net>

<net id="84627"><net_src comp="631" pin="2"/><net_sink comp="84620" pin=1"/></net>

<net id="84628"><net_src comp="76" pin="0"/><net_sink comp="84620" pin=2"/></net>

<net id="84629"><net_src comp="86" pin="0"/><net_sink comp="84620" pin=3"/></net>

<net id="84636"><net_src comp="100" pin="0"/><net_sink comp="84630" pin=0"/></net>

<net id="84637"><net_src comp="632" pin="2"/><net_sink comp="84630" pin=1"/></net>

<net id="84638"><net_src comp="76" pin="0"/><net_sink comp="84630" pin=2"/></net>

<net id="84639"><net_src comp="102" pin="0"/><net_sink comp="84630" pin=3"/></net>

<net id="84646"><net_src comp="100" pin="0"/><net_sink comp="84640" pin=0"/></net>

<net id="84647"><net_src comp="695" pin="2"/><net_sink comp="84640" pin=1"/></net>

<net id="84648"><net_src comp="76" pin="0"/><net_sink comp="84640" pin=2"/></net>

<net id="84649"><net_src comp="102" pin="0"/><net_sink comp="84640" pin=3"/></net>

<net id="84653"><net_src comp="84640" pin="4"/><net_sink comp="84650" pin=0"/></net>

<net id="84660"><net_src comp="100" pin="0"/><net_sink comp="84654" pin=0"/></net>

<net id="84661"><net_src comp="763" pin="2"/><net_sink comp="84654" pin=1"/></net>

<net id="84662"><net_src comp="76" pin="0"/><net_sink comp="84654" pin=2"/></net>

<net id="84663"><net_src comp="102" pin="0"/><net_sink comp="84654" pin=3"/></net>

<net id="84667"><net_src comp="84654" pin="4"/><net_sink comp="84664" pin=0"/></net>

<net id="84671"><net_src comp="488" pin="2"/><net_sink comp="84668" pin=0"/></net>

<net id="84672"><net_src comp="84668" pin="1"/><net_sink comp="645" pin=0"/></net>

<net id="84676"><net_src comp="488" pin="2"/><net_sink comp="84673" pin=0"/></net>

<net id="84677"><net_src comp="84673" pin="1"/><net_sink comp="694" pin=0"/></net>

<net id="84681"><net_src comp="488" pin="2"/><net_sink comp="84678" pin=0"/></net>

<net id="84682"><net_src comp="84678" pin="1"/><net_sink comp="706" pin=0"/></net>

<net id="84683"><net_src comp="84678" pin="1"/><net_sink comp="610" pin=0"/></net>

<net id="84690"><net_src comp="84" pin="0"/><net_sink comp="84684" pin=0"/></net>

<net id="84691"><net_src comp="706" pin="2"/><net_sink comp="84684" pin=1"/></net>

<net id="84692"><net_src comp="76" pin="0"/><net_sink comp="84684" pin=2"/></net>

<net id="84693"><net_src comp="86" pin="0"/><net_sink comp="84684" pin=3"/></net>

<net id="84700"><net_src comp="84" pin="0"/><net_sink comp="84694" pin=0"/></net>

<net id="84701"><net_src comp="610" pin="2"/><net_sink comp="84694" pin=1"/></net>

<net id="84702"><net_src comp="76" pin="0"/><net_sink comp="84694" pin=2"/></net>

<net id="84703"><net_src comp="86" pin="0"/><net_sink comp="84694" pin=3"/></net>

<net id="84709"><net_src comp="152" pin="0"/><net_sink comp="84704" pin=0"/></net>

<net id="84710"><net_src comp="488" pin="2"/><net_sink comp="84704" pin=1"/></net>

<net id="84711"><net_src comp="154" pin="0"/><net_sink comp="84704" pin=2"/></net>

<net id="84715"><net_src comp="84704" pin="3"/><net_sink comp="84712" pin=0"/></net>

<net id="84720"><net_src comp="296" pin="0"/><net_sink comp="84716" pin=0"/></net>

<net id="84721"><net_src comp="84712" pin="1"/><net_sink comp="84716" pin=1"/></net>

<net id="84727"><net_src comp="70" pin="0"/><net_sink comp="84722" pin=0"/></net>

<net id="84728"><net_src comp="488" pin="2"/><net_sink comp="84722" pin=1"/></net>

<net id="84729"><net_src comp="72" pin="0"/><net_sink comp="84722" pin=2"/></net>

<net id="84733"><net_src comp="84722" pin="3"/><net_sink comp="84730" pin=0"/></net>

<net id="84738"><net_src comp="84716" pin="2"/><net_sink comp="84734" pin=0"/></net>

<net id="84739"><net_src comp="84730" pin="1"/><net_sink comp="84734" pin=1"/></net>

<net id="84746"><net_src comp="282" pin="0"/><net_sink comp="84740" pin=0"/></net>

<net id="84747"><net_src comp="84734" pin="2"/><net_sink comp="84740" pin=1"/></net>

<net id="84748"><net_src comp="76" pin="0"/><net_sink comp="84740" pin=2"/></net>

<net id="84749"><net_src comp="284" pin="0"/><net_sink comp="84740" pin=3"/></net>

<net id="84753"><net_src comp="84740" pin="4"/><net_sink comp="84750" pin=0"/></net>

<net id="84760"><net_src comp="90" pin="0"/><net_sink comp="84754" pin=0"/></net>

<net id="84761"><net_src comp="694" pin="2"/><net_sink comp="84754" pin=1"/></net>

<net id="84762"><net_src comp="76" pin="0"/><net_sink comp="84754" pin=2"/></net>

<net id="84763"><net_src comp="92" pin="0"/><net_sink comp="84754" pin=3"/></net>

<net id="84767"><net_src comp="84754" pin="4"/><net_sink comp="84764" pin=0"/></net>

<net id="84774"><net_src comp="160" pin="0"/><net_sink comp="84768" pin=0"/></net>

<net id="84775"><net_src comp="645" pin="2"/><net_sink comp="84768" pin=1"/></net>

<net id="84776"><net_src comp="76" pin="0"/><net_sink comp="84768" pin=2"/></net>

<net id="84777"><net_src comp="162" pin="0"/><net_sink comp="84768" pin=3"/></net>

<net id="84781"><net_src comp="84768" pin="4"/><net_sink comp="84778" pin=0"/></net>

<net id="84785"><net_src comp="482" pin="2"/><net_sink comp="84782" pin=0"/></net>

<net id="84786"><net_src comp="84782" pin="1"/><net_sink comp="761" pin=0"/></net>

<net id="84787"><net_src comp="84782" pin="1"/><net_sink comp="729" pin=0"/></net>

<net id="84788"><net_src comp="84782" pin="1"/><net_sink comp="622" pin=0"/></net>

<net id="84792"><net_src comp="482" pin="2"/><net_sink comp="84789" pin=0"/></net>

<net id="84796"><net_src comp="482" pin="2"/><net_sink comp="84793" pin=0"/></net>

<net id="84797"><net_src comp="84793" pin="1"/><net_sink comp="690" pin=0"/></net>

<net id="84804"><net_src comp="90" pin="0"/><net_sink comp="84798" pin=0"/></net>

<net id="84805"><net_src comp="690" pin="2"/><net_sink comp="84798" pin=1"/></net>

<net id="84806"><net_src comp="76" pin="0"/><net_sink comp="84798" pin=2"/></net>

<net id="84807"><net_src comp="92" pin="0"/><net_sink comp="84798" pin=3"/></net>

<net id="84811"><net_src comp="84798" pin="4"/><net_sink comp="84808" pin=0"/></net>

<net id="84816"><net_src comp="304" pin="0"/><net_sink comp="84812" pin=0"/></net>

<net id="84817"><net_src comp="84789" pin="1"/><net_sink comp="84812" pin=1"/></net>

<net id="84824"><net_src comp="306" pin="0"/><net_sink comp="84818" pin=0"/></net>

<net id="84825"><net_src comp="84812" pin="2"/><net_sink comp="84818" pin=1"/></net>

<net id="84826"><net_src comp="76" pin="0"/><net_sink comp="84818" pin=2"/></net>

<net id="84827"><net_src comp="308" pin="0"/><net_sink comp="84818" pin=3"/></net>

<net id="84831"><net_src comp="84818" pin="4"/><net_sink comp="84828" pin=0"/></net>

<net id="84838"><net_src comp="84" pin="0"/><net_sink comp="84832" pin=0"/></net>

<net id="84839"><net_src comp="761" pin="2"/><net_sink comp="84832" pin=1"/></net>

<net id="84840"><net_src comp="76" pin="0"/><net_sink comp="84832" pin=2"/></net>

<net id="84841"><net_src comp="86" pin="0"/><net_sink comp="84832" pin=3"/></net>

<net id="84848"><net_src comp="84" pin="0"/><net_sink comp="84842" pin=0"/></net>

<net id="84849"><net_src comp="729" pin="2"/><net_sink comp="84842" pin=1"/></net>

<net id="84850"><net_src comp="76" pin="0"/><net_sink comp="84842" pin=2"/></net>

<net id="84851"><net_src comp="86" pin="0"/><net_sink comp="84842" pin=3"/></net>

<net id="84858"><net_src comp="84" pin="0"/><net_sink comp="84852" pin=0"/></net>

<net id="84859"><net_src comp="622" pin="2"/><net_sink comp="84852" pin=1"/></net>

<net id="84860"><net_src comp="76" pin="0"/><net_sink comp="84852" pin=2"/></net>

<net id="84861"><net_src comp="86" pin="0"/><net_sink comp="84852" pin=3"/></net>

<net id="84865"><net_src comp="476" pin="2"/><net_sink comp="84862" pin=0"/></net>

<net id="84869"><net_src comp="476" pin="2"/><net_sink comp="84866" pin=0"/></net>

<net id="84870"><net_src comp="84866" pin="1"/><net_sink comp="734" pin=0"/></net>

<net id="84874"><net_src comp="476" pin="2"/><net_sink comp="84871" pin=0"/></net>

<net id="84879"><net_src comp="304" pin="0"/><net_sink comp="84875" pin=0"/></net>

<net id="84880"><net_src comp="84871" pin="1"/><net_sink comp="84875" pin=1"/></net>

<net id="84887"><net_src comp="306" pin="0"/><net_sink comp="84881" pin=0"/></net>

<net id="84888"><net_src comp="84875" pin="2"/><net_sink comp="84881" pin=1"/></net>

<net id="84889"><net_src comp="76" pin="0"/><net_sink comp="84881" pin=2"/></net>

<net id="84890"><net_src comp="308" pin="0"/><net_sink comp="84881" pin=3"/></net>

<net id="84894"><net_src comp="84881" pin="4"/><net_sink comp="84891" pin=0"/></net>

<net id="84901"><net_src comp="100" pin="0"/><net_sink comp="84895" pin=0"/></net>

<net id="84902"><net_src comp="734" pin="2"/><net_sink comp="84895" pin=1"/></net>

<net id="84903"><net_src comp="76" pin="0"/><net_sink comp="84895" pin=2"/></net>

<net id="84904"><net_src comp="102" pin="0"/><net_sink comp="84895" pin=3"/></net>

<net id="84910"><net_src comp="66" pin="0"/><net_sink comp="84905" pin=0"/></net>

<net id="84911"><net_src comp="476" pin="2"/><net_sink comp="84905" pin=1"/></net>

<net id="84912"><net_src comp="68" pin="0"/><net_sink comp="84905" pin=2"/></net>

<net id="84916"><net_src comp="84905" pin="3"/><net_sink comp="84913" pin=0"/></net>

<net id="84921"><net_src comp="84913" pin="1"/><net_sink comp="84917" pin=0"/></net>

<net id="84922"><net_src comp="84862" pin="1"/><net_sink comp="84917" pin=1"/></net>

<net id="84929"><net_src comp="74" pin="0"/><net_sink comp="84923" pin=0"/></net>

<net id="84930"><net_src comp="84917" pin="2"/><net_sink comp="84923" pin=1"/></net>

<net id="84931"><net_src comp="76" pin="0"/><net_sink comp="84923" pin=2"/></net>

<net id="84932"><net_src comp="78" pin="0"/><net_sink comp="84923" pin=3"/></net>

<net id="84936"><net_src comp="84923" pin="4"/><net_sink comp="84933" pin=0"/></net>

<net id="84940"><net_src comp="476" pin="2"/><net_sink comp="84937" pin=0"/></net>

<net id="84941"><net_src comp="84937" pin="1"/><net_sink comp="720" pin=0"/></net>

<net id="84942"><net_src comp="84937" pin="1"/><net_sink comp="688" pin=0"/></net>

<net id="84949"><net_src comp="84" pin="0"/><net_sink comp="84943" pin=0"/></net>

<net id="84950"><net_src comp="720" pin="2"/><net_sink comp="84943" pin=1"/></net>

<net id="84951"><net_src comp="76" pin="0"/><net_sink comp="84943" pin=2"/></net>

<net id="84952"><net_src comp="86" pin="0"/><net_sink comp="84943" pin=3"/></net>

<net id="84959"><net_src comp="84" pin="0"/><net_sink comp="84953" pin=0"/></net>

<net id="84960"><net_src comp="688" pin="2"/><net_sink comp="84953" pin=1"/></net>

<net id="84961"><net_src comp="76" pin="0"/><net_sink comp="84953" pin=2"/></net>

<net id="84962"><net_src comp="86" pin="0"/><net_sink comp="84953" pin=3"/></net>

<net id="84966"><net_src comp="470" pin="2"/><net_sink comp="84963" pin=0"/></net>

<net id="84967"><net_src comp="84963" pin="1"/><net_sink comp="617" pin=0"/></net>

<net id="84968"><net_src comp="84963" pin="1"/><net_sink comp="721" pin=0"/></net>

<net id="84969"><net_src comp="84963" pin="1"/><net_sink comp="746" pin=0"/></net>

<net id="84970"><net_src comp="84963" pin="1"/><net_sink comp="726" pin=0"/></net>

<net id="84976"><net_src comp="322" pin="0"/><net_sink comp="84971" pin=0"/></net>

<net id="84977"><net_src comp="470" pin="2"/><net_sink comp="84971" pin=1"/></net>

<net id="84978"><net_src comp="324" pin="0"/><net_sink comp="84971" pin=2"/></net>

<net id="84984"><net_src comp="148" pin="0"/><net_sink comp="84979" pin=0"/></net>

<net id="84985"><net_src comp="470" pin="2"/><net_sink comp="84979" pin=1"/></net>

<net id="84986"><net_src comp="150" pin="0"/><net_sink comp="84979" pin=2"/></net>

<net id="84990"><net_src comp="84979" pin="3"/><net_sink comp="84987" pin=0"/></net>

<net id="84995"><net_src comp="84971" pin="3"/><net_sink comp="84991" pin=0"/></net>

<net id="84996"><net_src comp="84987" pin="1"/><net_sink comp="84991" pin=1"/></net>

<net id="85003"><net_src comp="84" pin="0"/><net_sink comp="84997" pin=0"/></net>

<net id="85004"><net_src comp="84991" pin="2"/><net_sink comp="84997" pin=1"/></net>

<net id="85005"><net_src comp="76" pin="0"/><net_sink comp="84997" pin=2"/></net>

<net id="85006"><net_src comp="86" pin="0"/><net_sink comp="84997" pin=3"/></net>

<net id="85013"><net_src comp="84" pin="0"/><net_sink comp="85007" pin=0"/></net>

<net id="85014"><net_src comp="617" pin="2"/><net_sink comp="85007" pin=1"/></net>

<net id="85015"><net_src comp="76" pin="0"/><net_sink comp="85007" pin=2"/></net>

<net id="85016"><net_src comp="86" pin="0"/><net_sink comp="85007" pin=3"/></net>

<net id="85023"><net_src comp="84" pin="0"/><net_sink comp="85017" pin=0"/></net>

<net id="85024"><net_src comp="721" pin="2"/><net_sink comp="85017" pin=1"/></net>

<net id="85025"><net_src comp="76" pin="0"/><net_sink comp="85017" pin=2"/></net>

<net id="85026"><net_src comp="86" pin="0"/><net_sink comp="85017" pin=3"/></net>

<net id="85033"><net_src comp="84" pin="0"/><net_sink comp="85027" pin=0"/></net>

<net id="85034"><net_src comp="746" pin="2"/><net_sink comp="85027" pin=1"/></net>

<net id="85035"><net_src comp="76" pin="0"/><net_sink comp="85027" pin=2"/></net>

<net id="85036"><net_src comp="86" pin="0"/><net_sink comp="85027" pin=3"/></net>

<net id="85043"><net_src comp="84" pin="0"/><net_sink comp="85037" pin=0"/></net>

<net id="85044"><net_src comp="726" pin="2"/><net_sink comp="85037" pin=1"/></net>

<net id="85045"><net_src comp="76" pin="0"/><net_sink comp="85037" pin=2"/></net>

<net id="85046"><net_src comp="86" pin="0"/><net_sink comp="85037" pin=3"/></net>

<net id="85050"><net_src comp="464" pin="2"/><net_sink comp="85047" pin=0"/></net>

<net id="85055"><net_src comp="304" pin="0"/><net_sink comp="85051" pin=0"/></net>

<net id="85056"><net_src comp="85047" pin="1"/><net_sink comp="85051" pin=1"/></net>

<net id="85063"><net_src comp="306" pin="0"/><net_sink comp="85057" pin=0"/></net>

<net id="85064"><net_src comp="85051" pin="2"/><net_sink comp="85057" pin=1"/></net>

<net id="85065"><net_src comp="76" pin="0"/><net_sink comp="85057" pin=2"/></net>

<net id="85066"><net_src comp="308" pin="0"/><net_sink comp="85057" pin=3"/></net>

<net id="85070"><net_src comp="85057" pin="4"/><net_sink comp="85067" pin=0"/></net>

<net id="85074"><net_src comp="458" pin="2"/><net_sink comp="85071" pin=0"/></net>

<net id="85075"><net_src comp="85071" pin="1"/><net_sink comp="704" pin=0"/></net>

<net id="85076"><net_src comp="85071" pin="1"/><net_sink comp="608" pin=0"/></net>

<net id="85077"><net_src comp="85071" pin="1"/><net_sink comp="679" pin=0"/></net>

<net id="85083"><net_src comp="228" pin="0"/><net_sink comp="85078" pin=0"/></net>

<net id="85084"><net_src comp="458" pin="2"/><net_sink comp="85078" pin=1"/></net>

<net id="85085"><net_src comp="230" pin="0"/><net_sink comp="85078" pin=2"/></net>

<net id="85089"><net_src comp="85078" pin="3"/><net_sink comp="85086" pin=0"/></net>

<net id="85094"><net_src comp="238" pin="0"/><net_sink comp="85090" pin=0"/></net>

<net id="85095"><net_src comp="85086" pin="1"/><net_sink comp="85090" pin=1"/></net>

<net id="85101"><net_src comp="182" pin="0"/><net_sink comp="85096" pin=0"/></net>

<net id="85102"><net_src comp="458" pin="2"/><net_sink comp="85096" pin=1"/></net>

<net id="85103"><net_src comp="184" pin="0"/><net_sink comp="85096" pin=2"/></net>

<net id="85107"><net_src comp="85096" pin="3"/><net_sink comp="85104" pin=0"/></net>

<net id="85112"><net_src comp="85090" pin="2"/><net_sink comp="85108" pin=0"/></net>

<net id="85113"><net_src comp="85104" pin="1"/><net_sink comp="85108" pin=1"/></net>

<net id="85120"><net_src comp="84" pin="0"/><net_sink comp="85114" pin=0"/></net>

<net id="85121"><net_src comp="85108" pin="2"/><net_sink comp="85114" pin=1"/></net>

<net id="85122"><net_src comp="76" pin="0"/><net_sink comp="85114" pin=2"/></net>

<net id="85123"><net_src comp="86" pin="0"/><net_sink comp="85114" pin=3"/></net>

<net id="85130"><net_src comp="84" pin="0"/><net_sink comp="85124" pin=0"/></net>

<net id="85131"><net_src comp="704" pin="2"/><net_sink comp="85124" pin=1"/></net>

<net id="85132"><net_src comp="76" pin="0"/><net_sink comp="85124" pin=2"/></net>

<net id="85133"><net_src comp="86" pin="0"/><net_sink comp="85124" pin=3"/></net>

<net id="85139"><net_src comp="168" pin="0"/><net_sink comp="85134" pin=0"/></net>

<net id="85140"><net_src comp="458" pin="2"/><net_sink comp="85134" pin=1"/></net>

<net id="85141"><net_src comp="170" pin="0"/><net_sink comp="85134" pin=2"/></net>

<net id="85145"><net_src comp="85134" pin="3"/><net_sink comp="85142" pin=0"/></net>

<net id="85151"><net_src comp="152" pin="0"/><net_sink comp="85146" pin=0"/></net>

<net id="85152"><net_src comp="458" pin="2"/><net_sink comp="85146" pin=1"/></net>

<net id="85153"><net_src comp="154" pin="0"/><net_sink comp="85146" pin=2"/></net>

<net id="85157"><net_src comp="85146" pin="3"/><net_sink comp="85154" pin=0"/></net>

<net id="85162"><net_src comp="85142" pin="1"/><net_sink comp="85158" pin=0"/></net>

<net id="85163"><net_src comp="85154" pin="1"/><net_sink comp="85158" pin=1"/></net>

<net id="85170"><net_src comp="90" pin="0"/><net_sink comp="85164" pin=0"/></net>

<net id="85171"><net_src comp="85158" pin="2"/><net_sink comp="85164" pin=1"/></net>

<net id="85172"><net_src comp="76" pin="0"/><net_sink comp="85164" pin=2"/></net>

<net id="85173"><net_src comp="92" pin="0"/><net_sink comp="85164" pin=3"/></net>

<net id="85177"><net_src comp="85164" pin="4"/><net_sink comp="85174" pin=0"/></net>

<net id="85184"><net_src comp="84" pin="0"/><net_sink comp="85178" pin=0"/></net>

<net id="85185"><net_src comp="608" pin="2"/><net_sink comp="85178" pin=1"/></net>

<net id="85186"><net_src comp="76" pin="0"/><net_sink comp="85178" pin=2"/></net>

<net id="85187"><net_src comp="86" pin="0"/><net_sink comp="85178" pin=3"/></net>

<net id="85194"><net_src comp="84" pin="0"/><net_sink comp="85188" pin=0"/></net>

<net id="85195"><net_src comp="679" pin="2"/><net_sink comp="85188" pin=1"/></net>

<net id="85196"><net_src comp="76" pin="0"/><net_sink comp="85188" pin=2"/></net>

<net id="85197"><net_src comp="86" pin="0"/><net_sink comp="85188" pin=3"/></net>

<net id="85201"><net_src comp="452" pin="2"/><net_sink comp="85198" pin=0"/></net>

<net id="85202"><net_src comp="85198" pin="1"/><net_sink comp="764" pin=0"/></net>

<net id="85203"><net_src comp="85198" pin="1"/><net_sink comp="709" pin=0"/></net>

<net id="85207"><net_src comp="452" pin="2"/><net_sink comp="85204" pin=0"/></net>

<net id="85208"><net_src comp="85204" pin="1"/><net_sink comp="641" pin=0"/></net>

<net id="85215"><net_src comp="84" pin="0"/><net_sink comp="85209" pin=0"/></net>

<net id="85216"><net_src comp="764" pin="2"/><net_sink comp="85209" pin=1"/></net>

<net id="85217"><net_src comp="76" pin="0"/><net_sink comp="85209" pin=2"/></net>

<net id="85218"><net_src comp="86" pin="0"/><net_sink comp="85209" pin=3"/></net>

<net id="85225"><net_src comp="160" pin="0"/><net_sink comp="85219" pin=0"/></net>

<net id="85226"><net_src comp="641" pin="2"/><net_sink comp="85219" pin=1"/></net>

<net id="85227"><net_src comp="76" pin="0"/><net_sink comp="85219" pin=2"/></net>

<net id="85228"><net_src comp="162" pin="0"/><net_sink comp="85219" pin=3"/></net>

<net id="85232"><net_src comp="85219" pin="4"/><net_sink comp="85229" pin=0"/></net>

<net id="85239"><net_src comp="84" pin="0"/><net_sink comp="85233" pin=0"/></net>

<net id="85240"><net_src comp="709" pin="2"/><net_sink comp="85233" pin=1"/></net>

<net id="85241"><net_src comp="76" pin="0"/><net_sink comp="85233" pin=2"/></net>

<net id="85242"><net_src comp="86" pin="0"/><net_sink comp="85233" pin=3"/></net>

<net id="85248"><net_src comp="228" pin="0"/><net_sink comp="85243" pin=0"/></net>

<net id="85249"><net_src comp="452" pin="2"/><net_sink comp="85243" pin=1"/></net>

<net id="85250"><net_src comp="230" pin="0"/><net_sink comp="85243" pin=2"/></net>

<net id="85254"><net_src comp="85243" pin="3"/><net_sink comp="85251" pin=0"/></net>

<net id="85260"><net_src comp="152" pin="0"/><net_sink comp="85255" pin=0"/></net>

<net id="85261"><net_src comp="452" pin="2"/><net_sink comp="85255" pin=1"/></net>

<net id="85262"><net_src comp="154" pin="0"/><net_sink comp="85255" pin=2"/></net>

<net id="85266"><net_src comp="85255" pin="3"/><net_sink comp="85263" pin=0"/></net>

<net id="85271"><net_src comp="85251" pin="1"/><net_sink comp="85267" pin=0"/></net>

<net id="85272"><net_src comp="85263" pin="1"/><net_sink comp="85267" pin=1"/></net>

<net id="85279"><net_src comp="84" pin="0"/><net_sink comp="85273" pin=0"/></net>

<net id="85280"><net_src comp="85267" pin="2"/><net_sink comp="85273" pin=1"/></net>

<net id="85281"><net_src comp="76" pin="0"/><net_sink comp="85273" pin=2"/></net>

<net id="85282"><net_src comp="86" pin="0"/><net_sink comp="85273" pin=3"/></net>

<net id="85288"><net_src comp="168" pin="0"/><net_sink comp="85283" pin=0"/></net>

<net id="85289"><net_src comp="452" pin="2"/><net_sink comp="85283" pin=1"/></net>

<net id="85290"><net_src comp="170" pin="0"/><net_sink comp="85283" pin=2"/></net>

<net id="85294"><net_src comp="85283" pin="3"/><net_sink comp="85291" pin=0"/></net>

<net id="85300"><net_src comp="186" pin="0"/><net_sink comp="85295" pin=0"/></net>

<net id="85301"><net_src comp="452" pin="2"/><net_sink comp="85295" pin=1"/></net>

<net id="85302"><net_src comp="188" pin="0"/><net_sink comp="85295" pin=2"/></net>

<net id="85306"><net_src comp="85295" pin="3"/><net_sink comp="85303" pin=0"/></net>

<net id="85311"><net_src comp="85291" pin="1"/><net_sink comp="85307" pin=0"/></net>

<net id="85312"><net_src comp="85303" pin="1"/><net_sink comp="85307" pin=1"/></net>

<net id="85319"><net_src comp="90" pin="0"/><net_sink comp="85313" pin=0"/></net>

<net id="85320"><net_src comp="85307" pin="2"/><net_sink comp="85313" pin=1"/></net>

<net id="85321"><net_src comp="76" pin="0"/><net_sink comp="85313" pin=2"/></net>

<net id="85322"><net_src comp="92" pin="0"/><net_sink comp="85313" pin=3"/></net>

<net id="85326"><net_src comp="85313" pin="4"/><net_sink comp="85323" pin=0"/></net>

<net id="85330"><net_src comp="446" pin="2"/><net_sink comp="85327" pin=0"/></net>

<net id="85331"><net_src comp="85327" pin="1"/><net_sink comp="739" pin=0"/></net>

<net id="85335"><net_src comp="446" pin="2"/><net_sink comp="85332" pin=0"/></net>

<net id="85336"><net_src comp="85332" pin="1"/><net_sink comp="638" pin=0"/></net>

<net id="85337"><net_src comp="85332" pin="1"/><net_sink comp="670" pin=0"/></net>

<net id="85338"><net_src comp="85332" pin="1"/><net_sink comp="740" pin=0"/></net>

<net id="85345"><net_src comp="84" pin="0"/><net_sink comp="85339" pin=0"/></net>

<net id="85346"><net_src comp="638" pin="2"/><net_sink comp="85339" pin=1"/></net>

<net id="85347"><net_src comp="76" pin="0"/><net_sink comp="85339" pin=2"/></net>

<net id="85348"><net_src comp="86" pin="0"/><net_sink comp="85339" pin=3"/></net>

<net id="85355"><net_src comp="84" pin="0"/><net_sink comp="85349" pin=0"/></net>

<net id="85356"><net_src comp="670" pin="2"/><net_sink comp="85349" pin=1"/></net>

<net id="85357"><net_src comp="76" pin="0"/><net_sink comp="85349" pin=2"/></net>

<net id="85358"><net_src comp="86" pin="0"/><net_sink comp="85349" pin=3"/></net>

<net id="85365"><net_src comp="100" pin="0"/><net_sink comp="85359" pin=0"/></net>

<net id="85366"><net_src comp="739" pin="2"/><net_sink comp="85359" pin=1"/></net>

<net id="85367"><net_src comp="76" pin="0"/><net_sink comp="85359" pin=2"/></net>

<net id="85368"><net_src comp="102" pin="0"/><net_sink comp="85359" pin=3"/></net>

<net id="85372"><net_src comp="85359" pin="4"/><net_sink comp="85369" pin=0"/></net>

<net id="85379"><net_src comp="84" pin="0"/><net_sink comp="85373" pin=0"/></net>

<net id="85380"><net_src comp="740" pin="2"/><net_sink comp="85373" pin=1"/></net>

<net id="85381"><net_src comp="76" pin="0"/><net_sink comp="85373" pin=2"/></net>

<net id="85382"><net_src comp="86" pin="0"/><net_sink comp="85373" pin=3"/></net>

<net id="85388"><net_src comp="228" pin="0"/><net_sink comp="85383" pin=0"/></net>

<net id="85389"><net_src comp="446" pin="2"/><net_sink comp="85383" pin=1"/></net>

<net id="85390"><net_src comp="230" pin="0"/><net_sink comp="85383" pin=2"/></net>

<net id="85394"><net_src comp="85383" pin="3"/><net_sink comp="85391" pin=0"/></net>

<net id="85400"><net_src comp="152" pin="0"/><net_sink comp="85395" pin=0"/></net>

<net id="85401"><net_src comp="446" pin="2"/><net_sink comp="85395" pin=1"/></net>

<net id="85402"><net_src comp="154" pin="0"/><net_sink comp="85395" pin=2"/></net>

<net id="85406"><net_src comp="85395" pin="3"/><net_sink comp="85403" pin=0"/></net>

<net id="85411"><net_src comp="85391" pin="1"/><net_sink comp="85407" pin=0"/></net>

<net id="85412"><net_src comp="85403" pin="1"/><net_sink comp="85407" pin=1"/></net>

<net id="85419"><net_src comp="84" pin="0"/><net_sink comp="85413" pin=0"/></net>

<net id="85420"><net_src comp="85407" pin="2"/><net_sink comp="85413" pin=1"/></net>

<net id="85421"><net_src comp="76" pin="0"/><net_sink comp="85413" pin=2"/></net>

<net id="85422"><net_src comp="86" pin="0"/><net_sink comp="85413" pin=3"/></net>

<net id="85426"><net_src comp="440" pin="2"/><net_sink comp="85423" pin=0"/></net>

<net id="85427"><net_src comp="85423" pin="1"/><net_sink comp="762" pin=0"/></net>

<net id="85431"><net_src comp="440" pin="2"/><net_sink comp="85428" pin=0"/></net>

<net id="85432"><net_src comp="85428" pin="1"/><net_sink comp="668" pin=0"/></net>

<net id="85436"><net_src comp="440" pin="2"/><net_sink comp="85433" pin=0"/></net>

<net id="85437"><net_src comp="85433" pin="1"/><net_sink comp="700" pin=0"/></net>

<net id="85441"><net_src comp="440" pin="2"/><net_sink comp="85438" pin=0"/></net>

<net id="85442"><net_src comp="85438" pin="1"/><net_sink comp="671" pin=0"/></net>

<net id="85443"><net_src comp="85438" pin="1"/><net_sink comp="629" pin=0"/></net>

<net id="85450"><net_src comp="84" pin="0"/><net_sink comp="85444" pin=0"/></net>

<net id="85451"><net_src comp="671" pin="2"/><net_sink comp="85444" pin=1"/></net>

<net id="85452"><net_src comp="76" pin="0"/><net_sink comp="85444" pin=2"/></net>

<net id="85453"><net_src comp="86" pin="0"/><net_sink comp="85444" pin=3"/></net>

<net id="85460"><net_src comp="84" pin="0"/><net_sink comp="85454" pin=0"/></net>

<net id="85461"><net_src comp="629" pin="2"/><net_sink comp="85454" pin=1"/></net>

<net id="85462"><net_src comp="76" pin="0"/><net_sink comp="85454" pin=2"/></net>

<net id="85463"><net_src comp="86" pin="0"/><net_sink comp="85454" pin=3"/></net>

<net id="85470"><net_src comp="90" pin="0"/><net_sink comp="85464" pin=0"/></net>

<net id="85471"><net_src comp="700" pin="2"/><net_sink comp="85464" pin=1"/></net>

<net id="85472"><net_src comp="76" pin="0"/><net_sink comp="85464" pin=2"/></net>

<net id="85473"><net_src comp="92" pin="0"/><net_sink comp="85464" pin=3"/></net>

<net id="85477"><net_src comp="85464" pin="4"/><net_sink comp="85474" pin=0"/></net>

<net id="85484"><net_src comp="100" pin="0"/><net_sink comp="85478" pin=0"/></net>

<net id="85485"><net_src comp="668" pin="2"/><net_sink comp="85478" pin=1"/></net>

<net id="85486"><net_src comp="76" pin="0"/><net_sink comp="85478" pin=2"/></net>

<net id="85487"><net_src comp="102" pin="0"/><net_sink comp="85478" pin=3"/></net>

<net id="85491"><net_src comp="85478" pin="4"/><net_sink comp="85488" pin=0"/></net>

<net id="85498"><net_src comp="160" pin="0"/><net_sink comp="85492" pin=0"/></net>

<net id="85499"><net_src comp="762" pin="2"/><net_sink comp="85492" pin=1"/></net>

<net id="85500"><net_src comp="76" pin="0"/><net_sink comp="85492" pin=2"/></net>

<net id="85501"><net_src comp="162" pin="0"/><net_sink comp="85492" pin=3"/></net>

<net id="85505"><net_src comp="85492" pin="4"/><net_sink comp="85502" pin=0"/></net>

<net id="85509"><net_src comp="434" pin="2"/><net_sink comp="85506" pin=0"/></net>

<net id="85510"><net_src comp="85506" pin="1"/><net_sink comp="620" pin=0"/></net>

<net id="85514"><net_src comp="434" pin="2"/><net_sink comp="85511" pin=0"/></net>

<net id="85515"><net_src comp="85511" pin="1"/><net_sink comp="723" pin=0"/></net>

<net id="85516"><net_src comp="85511" pin="1"/><net_sink comp="716" pin=0"/></net>

<net id="85520"><net_src comp="434" pin="2"/><net_sink comp="85517" pin=0"/></net>

<net id="85521"><net_src comp="85517" pin="1"/><net_sink comp="612" pin=0"/></net>

<net id="85528"><net_src comp="160" pin="0"/><net_sink comp="85522" pin=0"/></net>

<net id="85529"><net_src comp="612" pin="2"/><net_sink comp="85522" pin=1"/></net>

<net id="85530"><net_src comp="76" pin="0"/><net_sink comp="85522" pin=2"/></net>

<net id="85531"><net_src comp="162" pin="0"/><net_sink comp="85522" pin=3"/></net>

<net id="85535"><net_src comp="85522" pin="4"/><net_sink comp="85532" pin=0"/></net>

<net id="85542"><net_src comp="84" pin="0"/><net_sink comp="85536" pin=0"/></net>

<net id="85543"><net_src comp="723" pin="2"/><net_sink comp="85536" pin=1"/></net>

<net id="85544"><net_src comp="76" pin="0"/><net_sink comp="85536" pin=2"/></net>

<net id="85545"><net_src comp="86" pin="0"/><net_sink comp="85536" pin=3"/></net>

<net id="85551"><net_src comp="66" pin="0"/><net_sink comp="85546" pin=0"/></net>

<net id="85552"><net_src comp="434" pin="2"/><net_sink comp="85546" pin=1"/></net>

<net id="85553"><net_src comp="68" pin="0"/><net_sink comp="85546" pin=2"/></net>

<net id="85557"><net_src comp="85546" pin="3"/><net_sink comp="85554" pin=0"/></net>

<net id="85563"><net_src comp="70" pin="0"/><net_sink comp="85558" pin=0"/></net>

<net id="85564"><net_src comp="434" pin="2"/><net_sink comp="85558" pin=1"/></net>

<net id="85565"><net_src comp="72" pin="0"/><net_sink comp="85558" pin=2"/></net>

<net id="85569"><net_src comp="85558" pin="3"/><net_sink comp="85566" pin=0"/></net>

<net id="85574"><net_src comp="85554" pin="1"/><net_sink comp="85570" pin=0"/></net>

<net id="85575"><net_src comp="85566" pin="1"/><net_sink comp="85570" pin=1"/></net>

<net id="85582"><net_src comp="74" pin="0"/><net_sink comp="85576" pin=0"/></net>

<net id="85583"><net_src comp="85570" pin="2"/><net_sink comp="85576" pin=1"/></net>

<net id="85584"><net_src comp="76" pin="0"/><net_sink comp="85576" pin=2"/></net>

<net id="85585"><net_src comp="78" pin="0"/><net_sink comp="85576" pin=3"/></net>

<net id="85589"><net_src comp="85576" pin="4"/><net_sink comp="85586" pin=0"/></net>

<net id="85596"><net_src comp="84" pin="0"/><net_sink comp="85590" pin=0"/></net>

<net id="85597"><net_src comp="716" pin="2"/><net_sink comp="85590" pin=1"/></net>

<net id="85598"><net_src comp="76" pin="0"/><net_sink comp="85590" pin=2"/></net>

<net id="85599"><net_src comp="86" pin="0"/><net_sink comp="85590" pin=3"/></net>

<net id="85606"><net_src comp="74" pin="0"/><net_sink comp="85600" pin=0"/></net>

<net id="85607"><net_src comp="620" pin="2"/><net_sink comp="85600" pin=1"/></net>

<net id="85608"><net_src comp="76" pin="0"/><net_sink comp="85600" pin=2"/></net>

<net id="85609"><net_src comp="78" pin="0"/><net_sink comp="85600" pin=3"/></net>

<net id="85613"><net_src comp="85600" pin="4"/><net_sink comp="85610" pin=0"/></net>

<net id="85617"><net_src comp="428" pin="2"/><net_sink comp="85614" pin=0"/></net>

<net id="85618"><net_src comp="85614" pin="1"/><net_sink comp="767" pin=0"/></net>

<net id="85619"><net_src comp="85614" pin="1"/><net_sink comp="691" pin=0"/></net>

<net id="85620"><net_src comp="85614" pin="1"/><net_sink comp="759" pin=0"/></net>

<net id="85621"><net_src comp="85614" pin="1"/><net_sink comp="627" pin=0"/></net>

<net id="85628"><net_src comp="84" pin="0"/><net_sink comp="85622" pin=0"/></net>

<net id="85629"><net_src comp="767" pin="2"/><net_sink comp="85622" pin=1"/></net>

<net id="85630"><net_src comp="76" pin="0"/><net_sink comp="85622" pin=2"/></net>

<net id="85631"><net_src comp="86" pin="0"/><net_sink comp="85622" pin=3"/></net>

<net id="85638"><net_src comp="84" pin="0"/><net_sink comp="85632" pin=0"/></net>

<net id="85639"><net_src comp="691" pin="2"/><net_sink comp="85632" pin=1"/></net>

<net id="85640"><net_src comp="76" pin="0"/><net_sink comp="85632" pin=2"/></net>

<net id="85641"><net_src comp="86" pin="0"/><net_sink comp="85632" pin=3"/></net>

<net id="85648"><net_src comp="84" pin="0"/><net_sink comp="85642" pin=0"/></net>

<net id="85649"><net_src comp="759" pin="2"/><net_sink comp="85642" pin=1"/></net>

<net id="85650"><net_src comp="76" pin="0"/><net_sink comp="85642" pin=2"/></net>

<net id="85651"><net_src comp="86" pin="0"/><net_sink comp="85642" pin=3"/></net>

<net id="85658"><net_src comp="84" pin="0"/><net_sink comp="85652" pin=0"/></net>

<net id="85659"><net_src comp="627" pin="2"/><net_sink comp="85652" pin=1"/></net>

<net id="85660"><net_src comp="76" pin="0"/><net_sink comp="85652" pin=2"/></net>

<net id="85661"><net_src comp="86" pin="0"/><net_sink comp="85652" pin=3"/></net>

<net id="85665"><net_src comp="422" pin="2"/><net_sink comp="85662" pin=0"/></net>

<net id="85666"><net_src comp="85662" pin="1"/><net_sink comp="753" pin=0"/></net>

<net id="85667"><net_src comp="85662" pin="1"/><net_sink comp="640" pin=0"/></net>

<net id="85671"><net_src comp="422" pin="2"/><net_sink comp="85668" pin=0"/></net>

<net id="85672"><net_src comp="85668" pin="1"/><net_sink comp="650" pin=0"/></net>

<net id="85673"><net_src comp="85668" pin="1"/><net_sink comp="682" pin=0"/></net>

<net id="85680"><net_src comp="100" pin="0"/><net_sink comp="85674" pin=0"/></net>

<net id="85681"><net_src comp="650" pin="2"/><net_sink comp="85674" pin=1"/></net>

<net id="85682"><net_src comp="76" pin="0"/><net_sink comp="85674" pin=2"/></net>

<net id="85683"><net_src comp="102" pin="0"/><net_sink comp="85674" pin=3"/></net>

<net id="85687"><net_src comp="85674" pin="4"/><net_sink comp="85684" pin=0"/></net>

<net id="85693"><net_src comp="186" pin="0"/><net_sink comp="85688" pin=0"/></net>

<net id="85694"><net_src comp="422" pin="2"/><net_sink comp="85688" pin=1"/></net>

<net id="85695"><net_src comp="188" pin="0"/><net_sink comp="85688" pin=2"/></net>

<net id="85699"><net_src comp="85688" pin="3"/><net_sink comp="85696" pin=0"/></net>

<net id="85704"><net_src comp="262" pin="0"/><net_sink comp="85700" pin=0"/></net>

<net id="85705"><net_src comp="85696" pin="1"/><net_sink comp="85700" pin=1"/></net>

<net id="85712"><net_src comp="264" pin="0"/><net_sink comp="85706" pin=0"/></net>

<net id="85713"><net_src comp="85700" pin="2"/><net_sink comp="85706" pin=1"/></net>

<net id="85714"><net_src comp="76" pin="0"/><net_sink comp="85706" pin=2"/></net>

<net id="85715"><net_src comp="266" pin="0"/><net_sink comp="85706" pin=3"/></net>

<net id="85719"><net_src comp="85706" pin="4"/><net_sink comp="85716" pin=0"/></net>

<net id="85726"><net_src comp="100" pin="0"/><net_sink comp="85720" pin=0"/></net>

<net id="85727"><net_src comp="682" pin="2"/><net_sink comp="85720" pin=1"/></net>

<net id="85728"><net_src comp="76" pin="0"/><net_sink comp="85720" pin=2"/></net>

<net id="85729"><net_src comp="102" pin="0"/><net_sink comp="85720" pin=3"/></net>

<net id="85733"><net_src comp="85720" pin="4"/><net_sink comp="85730" pin=0"/></net>

<net id="85740"><net_src comp="84" pin="0"/><net_sink comp="85734" pin=0"/></net>

<net id="85741"><net_src comp="753" pin="2"/><net_sink comp="85734" pin=1"/></net>

<net id="85742"><net_src comp="76" pin="0"/><net_sink comp="85734" pin=2"/></net>

<net id="85743"><net_src comp="86" pin="0"/><net_sink comp="85734" pin=3"/></net>

<net id="85750"><net_src comp="84" pin="0"/><net_sink comp="85744" pin=0"/></net>

<net id="85751"><net_src comp="640" pin="2"/><net_sink comp="85744" pin=1"/></net>

<net id="85752"><net_src comp="76" pin="0"/><net_sink comp="85744" pin=2"/></net>

<net id="85753"><net_src comp="86" pin="0"/><net_sink comp="85744" pin=3"/></net>

<net id="85757"><net_src comp="416" pin="2"/><net_sink comp="85754" pin=0"/></net>

<net id="85758"><net_src comp="85754" pin="1"/><net_sink comp="685" pin=0"/></net>

<net id="85759"><net_src comp="85754" pin="1"/><net_sink comp="616" pin=0"/></net>

<net id="85760"><net_src comp="85754" pin="1"/><net_sink comp="648" pin=0"/></net>

<net id="85761"><net_src comp="85754" pin="1"/><net_sink comp="680" pin=0"/></net>

<net id="85762"><net_src comp="85754" pin="1"/><net_sink comp="635" pin=0"/></net>

<net id="85769"><net_src comp="84" pin="0"/><net_sink comp="85763" pin=0"/></net>

<net id="85770"><net_src comp="685" pin="2"/><net_sink comp="85763" pin=1"/></net>

<net id="85771"><net_src comp="76" pin="0"/><net_sink comp="85763" pin=2"/></net>

<net id="85772"><net_src comp="86" pin="0"/><net_sink comp="85763" pin=3"/></net>

<net id="85779"><net_src comp="84" pin="0"/><net_sink comp="85773" pin=0"/></net>

<net id="85780"><net_src comp="616" pin="2"/><net_sink comp="85773" pin=1"/></net>

<net id="85781"><net_src comp="76" pin="0"/><net_sink comp="85773" pin=2"/></net>

<net id="85782"><net_src comp="86" pin="0"/><net_sink comp="85773" pin=3"/></net>

<net id="85789"><net_src comp="84" pin="0"/><net_sink comp="85783" pin=0"/></net>

<net id="85790"><net_src comp="648" pin="2"/><net_sink comp="85783" pin=1"/></net>

<net id="85791"><net_src comp="76" pin="0"/><net_sink comp="85783" pin=2"/></net>

<net id="85792"><net_src comp="86" pin="0"/><net_sink comp="85783" pin=3"/></net>

<net id="85799"><net_src comp="84" pin="0"/><net_sink comp="85793" pin=0"/></net>

<net id="85800"><net_src comp="680" pin="2"/><net_sink comp="85793" pin=1"/></net>

<net id="85801"><net_src comp="76" pin="0"/><net_sink comp="85793" pin=2"/></net>

<net id="85802"><net_src comp="86" pin="0"/><net_sink comp="85793" pin=3"/></net>

<net id="85809"><net_src comp="84" pin="0"/><net_sink comp="85803" pin=0"/></net>

<net id="85810"><net_src comp="635" pin="2"/><net_sink comp="85803" pin=1"/></net>

<net id="85811"><net_src comp="76" pin="0"/><net_sink comp="85803" pin=2"/></net>

<net id="85812"><net_src comp="86" pin="0"/><net_sink comp="85803" pin=3"/></net>

<net id="85817"><net_src comp="83067" pin="4"/><net_sink comp="85813" pin=0"/></net>

<net id="85818"><net_src comp="83138" pin="4"/><net_sink comp="85813" pin=1"/></net>

<net id="85823"><net_src comp="83201" pin="4"/><net_sink comp="85819" pin=0"/></net>

<net id="85824"><net_src comp="83330" pin="4"/><net_sink comp="85819" pin=1"/></net>

<net id="85829"><net_src comp="83853" pin="4"/><net_sink comp="85825" pin=0"/></net>

<net id="85830"><net_src comp="84031" pin="4"/><net_sink comp="85825" pin=1"/></net>

<net id="85835"><net_src comp="84121" pin="4"/><net_sink comp="85831" pin=0"/></net>

<net id="85836"><net_src comp="84684" pin="4"/><net_sink comp="85831" pin=1"/></net>

<net id="85841"><net_src comp="84997" pin="4"/><net_sink comp="85837" pin=0"/></net>

<net id="85842"><net_src comp="85114" pin="4"/><net_sink comp="85837" pin=1"/></net>

<net id="85847"><net_src comp="85444" pin="4"/><net_sink comp="85843" pin=0"/></net>

<net id="85848"><net_src comp="85622" pin="4"/><net_sink comp="85843" pin=1"/></net>

<net id="85853"><net_src comp="84382" pin="1"/><net_sink comp="85849" pin=0"/></net>

<net id="85854"><net_src comp="85684" pin="1"/><net_sink comp="85849" pin=1"/></net>

<net id="85859"><net_src comp="83676" pin="1"/><net_sink comp="85855" pin=0"/></net>

<net id="85860"><net_src comp="83938" pin="1"/><net_sink comp="85855" pin=1"/></net>

<net id="85864"><net_src comp="85855" pin="2"/><net_sink comp="85861" pin=0"/></net>

<net id="85869"><net_src comp="84202" pin="1"/><net_sink comp="85865" pin=0"/></net>

<net id="85870"><net_src comp="84808" pin="1"/><net_sink comp="85865" pin=1"/></net>

<net id="85874"><net_src comp="85865" pin="2"/><net_sink comp="85871" pin=0"/></net>

<net id="85879"><net_src comp="85871" pin="1"/><net_sink comp="85875" pin=0"/></net>

<net id="85880"><net_src comp="85861" pin="1"/><net_sink comp="85875" pin=1"/></net>

<net id="85885"><net_src comp="82994" pin="1"/><net_sink comp="85881" pin=0"/></net>

<net id="85886"><net_src comp="85532" pin="1"/><net_sink comp="85881" pin=1"/></net>

<net id="85891"><net_src comp="84492" pin="1"/><net_sink comp="85887" pin=0"/></net>

<net id="85892"><net_src comp="84616" pin="1"/><net_sink comp="85887" pin=1"/></net>

<net id="85896"><net_src comp="85887" pin="2"/><net_sink comp="85893" pin=0"/></net>

<net id="85901"><net_src comp="85893" pin="1"/><net_sink comp="85897" pin=0"/></net>

<net id="85902"><net_src comp="85881" pin="2"/><net_sink comp="85897" pin=1"/></net>

<net id="85906"><net_src comp="85897" pin="2"/><net_sink comp="85903" pin=0"/></net>

<net id="85911"><net_src comp="83784" pin="1"/><net_sink comp="85907" pin=0"/></net>

<net id="85912"><net_src comp="390" pin="0"/><net_sink comp="85907" pin=1"/></net>

<net id="85917"><net_src comp="84290" pin="1"/><net_sink comp="85913" pin=0"/></net>

<net id="85918"><net_src comp="84891" pin="1"/><net_sink comp="85913" pin=1"/></net>

<net id="85922"><net_src comp="85913" pin="2"/><net_sink comp="85919" pin=0"/></net>

<net id="85927"><net_src comp="85919" pin="1"/><net_sink comp="85923" pin=0"/></net>

<net id="85928"><net_src comp="85907" pin="2"/><net_sink comp="85923" pin=1"/></net>

<net id="85932"><net_src comp="85923" pin="2"/><net_sink comp="85929" pin=0"/></net>

<net id="85937"><net_src comp="85929" pin="1"/><net_sink comp="85933" pin=0"/></net>

<net id="85938"><net_src comp="85903" pin="1"/><net_sink comp="85933" pin=1"/></net>

<net id="85943"><net_src comp="83148" pin="4"/><net_sink comp="85939" pin=0"/></net>

<net id="85944"><net_src comp="83211" pin="4"/><net_sink comp="85939" pin=1"/></net>

<net id="85949"><net_src comp="83274" pin="4"/><net_sink comp="85945" pin=0"/></net>

<net id="85950"><net_src comp="83680" pin="4"/><net_sink comp="85945" pin=1"/></net>

<net id="85955"><net_src comp="84496" pin="4"/><net_sink comp="85951" pin=0"/></net>

<net id="85956"><net_src comp="84620" pin="4"/><net_sink comp="85951" pin=1"/></net>

<net id="85961"><net_src comp="84694" pin="4"/><net_sink comp="85957" pin=0"/></net>

<net id="85962"><net_src comp="85007" pin="4"/><net_sink comp="85957" pin=1"/></net>

<net id="85967"><net_src comp="85124" pin="4"/><net_sink comp="85963" pin=0"/></net>

<net id="85968"><net_src comp="85349" pin="4"/><net_sink comp="85963" pin=1"/></net>

<net id="85973"><net_src comp="85632" pin="4"/><net_sink comp="85969" pin=0"/></net>

<net id="85974"><net_src comp="85773" pin="4"/><net_sink comp="85969" pin=1"/></net>

<net id="85979"><net_src comp="83873" pin="1"/><net_sink comp="85975" pin=0"/></net>

<net id="85980"><net_src comp="84216" pin="1"/><net_sink comp="85975" pin=1"/></net>

<net id="85985"><net_src comp="83798" pin="1"/><net_sink comp="85981" pin=0"/></net>

<net id="85986"><net_src comp="84141" pin="1"/><net_sink comp="85981" pin=1"/></net>

<net id="85991"><net_src comp="84304" pin="1"/><net_sink comp="85987" pin=0"/></net>

<net id="85992"><net_src comp="84396" pin="1"/><net_sink comp="85987" pin=1"/></net>

<net id="85997"><net_src comp="83008" pin="1"/><net_sink comp="85993" pin=0"/></net>

<net id="85998"><net_src comp="83454" pin="1"/><net_sink comp="85993" pin=1"/></net>

<net id="86003"><net_src comp="85229" pin="1"/><net_sink comp="85999" pin=0"/></net>

<net id="86004"><net_src comp="85716" pin="1"/><net_sink comp="85999" pin=1"/></net>

<net id="86009"><net_src comp="84828" pin="1"/><net_sink comp="86005" pin=0"/></net>

<net id="86010"><net_src comp="85067" pin="1"/><net_sink comp="86005" pin=1"/></net>

<net id="86014"><net_src comp="86005" pin="2"/><net_sink comp="86011" pin=0"/></net>

<net id="86019"><net_src comp="86011" pin="1"/><net_sink comp="86015" pin=0"/></net>

<net id="86020"><net_src comp="392" pin="0"/><net_sink comp="86015" pin=1"/></net>

<net id="86024"><net_src comp="86015" pin="2"/><net_sink comp="86021" pin=0"/></net>

<net id="86029"><net_src comp="86021" pin="1"/><net_sink comp="86025" pin=0"/></net>

<net id="86030"><net_src comp="85999" pin="2"/><net_sink comp="86025" pin=1"/></net>

<net id="86035"><net_src comp="83012" pin="4"/><net_sink comp="86031" pin=0"/></net>

<net id="86036"><net_src comp="83087" pin="4"/><net_sink comp="86031" pin=1"/></net>

<net id="86041"><net_src comp="83350" pin="4"/><net_sink comp="86037" pin=0"/></net>

<net id="86042"><net_src comp="83458" pin="4"/><net_sink comp="86037" pin=1"/></net>

<net id="86047"><net_src comp="83952" pin="4"/><net_sink comp="86043" pin=0"/></net>

<net id="86048"><net_src comp="84057" pin="4"/><net_sink comp="86043" pin=1"/></net>

<net id="86053"><net_src comp="84220" pin="4"/><net_sink comp="86049" pin=0"/></net>

<net id="86054"><net_src comp="84308" pin="4"/><net_sink comp="86049" pin=1"/></net>

<net id="86059"><net_src comp="84524" pin="4"/><net_sink comp="86055" pin=0"/></net>

<net id="86060"><net_src comp="84832" pin="4"/><net_sink comp="86055" pin=1"/></net>

<net id="86065"><net_src comp="85642" pin="4"/><net_sink comp="86061" pin=0"/></net>

<net id="86066"><net_src comp="85783" pin="4"/><net_sink comp="86061" pin=1"/></net>

<net id="86071"><net_src comp="83294" pin="1"/><net_sink comp="86067" pin=0"/></net>

<net id="86072"><net_src comp="83812" pin="1"/><net_sink comp="86067" pin=1"/></net>

<net id="86077"><net_src comp="85369" pin="1"/><net_sink comp="86073" pin=0"/></net>

<net id="86078"><net_src comp="85730" pin="1"/><net_sink comp="86073" pin=1"/></net>

<net id="86083"><net_src comp="83887" pin="1"/><net_sink comp="86079" pin=0"/></net>

<net id="86084"><net_src comp="84410" pin="1"/><net_sink comp="86079" pin=1"/></net>

<net id="86089"><net_src comp="85174" pin="1"/><net_sink comp="86085" pin=0"/></net>

<net id="86090"><net_src comp="85474" pin="1"/><net_sink comp="86085" pin=1"/></net>

<net id="86095"><net_src comp="84933" pin="1"/><net_sink comp="86091" pin=0"/></net>

<net id="86096"><net_src comp="85586" pin="1"/><net_sink comp="86091" pin=1"/></net>

<net id="86100"><net_src comp="86091" pin="2"/><net_sink comp="86097" pin=0"/></net>

<net id="86105"><net_src comp="85067" pin="1"/><net_sink comp="86101" pin=0"/></net>

<net id="86106"><net_src comp="394" pin="0"/><net_sink comp="86101" pin=1"/></net>

<net id="86110"><net_src comp="86101" pin="2"/><net_sink comp="86107" pin=0"/></net>

<net id="86115"><net_src comp="86107" pin="1"/><net_sink comp="86111" pin=0"/></net>

<net id="86116"><net_src comp="84750" pin="1"/><net_sink comp="86111" pin=1"/></net>

<net id="86120"><net_src comp="86111" pin="2"/><net_sink comp="86117" pin=0"/></net>

<net id="86125"><net_src comp="86117" pin="1"/><net_sink comp="86121" pin=0"/></net>

<net id="86126"><net_src comp="86097" pin="1"/><net_sink comp="86121" pin=1"/></net>

<net id="86131"><net_src comp="83168" pin="4"/><net_sink comp="86127" pin=0"/></net>

<net id="86132"><net_src comp="83231" pin="4"/><net_sink comp="86127" pin=1"/></net>

<net id="86137"><net_src comp="83360" pin="4"/><net_sink comp="86133" pin=0"/></net>

<net id="86138"><net_src comp="83816" pin="4"/><net_sink comp="86133" pin=1"/></net>

<net id="86143"><net_src comp="84230" pin="4"/><net_sink comp="86139" pin=0"/></net>

<net id="86144"><net_src comp="84318" pin="4"/><net_sink comp="86139" pin=1"/></net>

<net id="86149"><net_src comp="84842" pin="4"/><net_sink comp="86145" pin=0"/></net>

<net id="86150"><net_src comp="84943" pin="4"/><net_sink comp="86145" pin=1"/></net>

<net id="86155"><net_src comp="85027" pin="4"/><net_sink comp="86151" pin=0"/></net>

<net id="86156"><net_src comp="85178" pin="4"/><net_sink comp="86151" pin=1"/></net>

<net id="86161"><net_src comp="85590" pin="4"/><net_sink comp="86157" pin=0"/></net>

<net id="86162"><net_src comp="85734" pin="4"/><net_sink comp="86157" pin=1"/></net>

<net id="86167"><net_src comp="83478" pin="1"/><net_sink comp="86163" pin=0"/></net>

<net id="86168"><net_src comp="83572" pin="1"/><net_sink comp="86163" pin=1"/></net>

<net id="86173"><net_src comp="84650" pin="1"/><net_sink comp="86169" pin=0"/></net>

<net id="86174"><net_src comp="85488" pin="1"/><net_sink comp="86169" pin=1"/></net>

<net id="86179"><net_src comp="83032" pin="1"/><net_sink comp="86175" pin=0"/></net>

<net id="86180"><net_src comp="83107" pin="1"/><net_sink comp="86175" pin=1"/></net>

<net id="86185"><net_src comp="83710" pin="1"/><net_sink comp="86181" pin=0"/></net>

<net id="86186"><net_src comp="83972" pin="1"/><net_sink comp="86181" pin=1"/></net>

<net id="86191"><net_src comp="84764" pin="1"/><net_sink comp="86187" pin=0"/></net>

<net id="86192"><net_src comp="84550" pin="1"/><net_sink comp="86187" pin=1"/></net>

<net id="86197"><net_src comp="85067" pin="1"/><net_sink comp="86193" pin=0"/></net>

<net id="86198"><net_src comp="396" pin="0"/><net_sink comp="86193" pin=1"/></net>

<net id="86202"><net_src comp="86193" pin="2"/><net_sink comp="86199" pin=0"/></net>

<net id="86207"><net_src comp="86199" pin="1"/><net_sink comp="86203" pin=0"/></net>

<net id="86208"><net_src comp="86187" pin="2"/><net_sink comp="86203" pin=1"/></net>

<net id="86213"><net_src comp="83036" pin="4"/><net_sink comp="86209" pin=0"/></net>

<net id="86214"><net_src comp="83178" pin="4"/><net_sink comp="86209" pin=1"/></net>

<net id="86219"><net_src comp="83826" pin="4"/><net_sink comp="86215" pin=0"/></net>

<net id="86220"><net_src comp="84077" pin="4"/><net_sink comp="86215" pin=1"/></net>

<net id="86225"><net_src comp="84328" pin="4"/><net_sink comp="86221" pin=0"/></net>

<net id="86226"><net_src comp="84424" pin="4"/><net_sink comp="86221" pin=1"/></net>

<net id="86231"><net_src comp="84852" pin="4"/><net_sink comp="86227" pin=0"/></net>

<net id="86232"><net_src comp="84953" pin="4"/><net_sink comp="86227" pin=1"/></net>

<net id="86237"><net_src comp="85037" pin="4"/><net_sink comp="86233" pin=0"/></net>

<net id="86238"><net_src comp="85188" pin="4"/><net_sink comp="86233" pin=1"/></net>

<net id="86243"><net_src comp="85744" pin="4"/><net_sink comp="86239" pin=0"/></net>

<net id="86244"><net_src comp="85803" pin="4"/><net_sink comp="86239" pin=1"/></net>

<net id="86249"><net_src comp="83410" pin="1"/><net_sink comp="86245" pin=0"/></net>

<net id="86250"><net_src comp="83724" pin="1"/><net_sink comp="86245" pin=1"/></net>

<net id="86255"><net_src comp="84664" pin="1"/><net_sink comp="86251" pin=0"/></net>

<net id="86256"><net_src comp="83516" pin="1"/><net_sink comp="86251" pin=1"/></net>

<net id="86261"><net_src comp="85323" pin="1"/><net_sink comp="86257" pin=0"/></net>

<net id="86262"><net_src comp="83121" pin="1"/><net_sink comp="86257" pin=1"/></net>

<net id="86267"><net_src comp="83986" pin="1"/><net_sink comp="86263" pin=0"/></net>

<net id="86268"><net_src comp="85610" pin="1"/><net_sink comp="86263" pin=1"/></net>

<net id="86273"><net_src comp="84778" pin="1"/><net_sink comp="86269" pin=0"/></net>

<net id="86274"><net_src comp="85502" pin="1"/><net_sink comp="86269" pin=1"/></net>

<net id="86278"><net_src comp="86269" pin="2"/><net_sink comp="86275" pin=0"/></net>

<net id="86283"><net_src comp="85067" pin="1"/><net_sink comp="86279" pin=0"/></net>

<net id="86284"><net_src comp="398" pin="0"/><net_sink comp="86279" pin=1"/></net>

<net id="86288"><net_src comp="86279" pin="2"/><net_sink comp="86285" pin=0"/></net>

<net id="86293"><net_src comp="86285" pin="1"/><net_sink comp="86289" pin=0"/></net>

<net id="86294"><net_src comp="83616" pin="1"/><net_sink comp="86289" pin=1"/></net>

<net id="86298"><net_src comp="86289" pin="2"/><net_sink comp="86295" pin=0"/></net>

<net id="86303"><net_src comp="86295" pin="1"/><net_sink comp="86299" pin=0"/></net>

<net id="86304"><net_src comp="86275" pin="1"/><net_sink comp="86299" pin=1"/></net>

<net id="86365"><net_src comp="86357" pin="2"/><net_sink comp="86361" pin=1"/></net>

<net id="86370"><net_src comp="86361" pin="2"/><net_sink comp="86366" pin=0"/></net>

<net id="86371"><net_src comp="86353" pin="2"/><net_sink comp="86366" pin=1"/></net>

<net id="86384"><net_src comp="86376" pin="2"/><net_sink comp="86380" pin=1"/></net>

<net id="86389"><net_src comp="86380" pin="2"/><net_sink comp="86385" pin=0"/></net>

<net id="86390"><net_src comp="86372" pin="2"/><net_sink comp="86385" pin=1"/></net>

<net id="86395"><net_src comp="86385" pin="2"/><net_sink comp="86391" pin=0"/></net>

<net id="86396"><net_src comp="86366" pin="2"/><net_sink comp="86391" pin=1"/></net>

<net id="86401"><net_src comp="86317" pin="1"/><net_sink comp="86397" pin=1"/></net>

<net id="86406"><net_src comp="86397" pin="2"/><net_sink comp="86402" pin=1"/></net>

<net id="86411"><net_src comp="86402" pin="2"/><net_sink comp="86407" pin=1"/></net>

<net id="86419"><net_src comp="86412" pin="1"/><net_sink comp="86415" pin=0"/></net>

<net id="86420"><net_src comp="86407" pin="2"/><net_sink comp="86415" pin=1"/></net>

<net id="86425"><net_src comp="86415" pin="2"/><net_sink comp="86421" pin=0"/></net>

<net id="86426"><net_src comp="86391" pin="2"/><net_sink comp="86421" pin=1"/></net>

<net id="86439"><net_src comp="86431" pin="2"/><net_sink comp="86435" pin=1"/></net>

<net id="86444"><net_src comp="86435" pin="2"/><net_sink comp="86440" pin=0"/></net>

<net id="86445"><net_src comp="86427" pin="2"/><net_sink comp="86440" pin=1"/></net>

<net id="86458"><net_src comp="86450" pin="2"/><net_sink comp="86454" pin=1"/></net>

<net id="86463"><net_src comp="86454" pin="2"/><net_sink comp="86459" pin=0"/></net>

<net id="86464"><net_src comp="86446" pin="2"/><net_sink comp="86459" pin=1"/></net>

<net id="86469"><net_src comp="86459" pin="2"/><net_sink comp="86465" pin=0"/></net>

<net id="86470"><net_src comp="86440" pin="2"/><net_sink comp="86465" pin=1"/></net>

<net id="86475"><net_src comp="86305" pin="1"/><net_sink comp="86471" pin=0"/></net>

<net id="86476"><net_src comp="86329" pin="1"/><net_sink comp="86471" pin=1"/></net>

<net id="86481"><net_src comp="86471" pin="2"/><net_sink comp="86477" pin=1"/></net>

<net id="86486"><net_src comp="86350" pin="1"/><net_sink comp="86482" pin=0"/></net>

<net id="86487"><net_src comp="86326" pin="1"/><net_sink comp="86482" pin=1"/></net>

<net id="86495"><net_src comp="86488" pin="1"/><net_sink comp="86491" pin=0"/></net>

<net id="86496"><net_src comp="86482" pin="2"/><net_sink comp="86491" pin=1"/></net>

<net id="86501"><net_src comp="86491" pin="2"/><net_sink comp="86497" pin=0"/></net>

<net id="86502"><net_src comp="86477" pin="2"/><net_sink comp="86497" pin=1"/></net>

<net id="86513"><net_src comp="86506" pin="1"/><net_sink comp="86509" pin=0"/></net>

<net id="86514"><net_src comp="86503" pin="1"/><net_sink comp="86509" pin=1"/></net>

<net id="86522"><net_src comp="86515" pin="1"/><net_sink comp="86518" pin=0"/></net>

<net id="86523"><net_src comp="86509" pin="2"/><net_sink comp="86518" pin=1"/></net>

<net id="86528"><net_src comp="86518" pin="2"/><net_sink comp="86524" pin=0"/></net>

<net id="86529"><net_src comp="86497" pin="2"/><net_sink comp="86524" pin=1"/></net>

<net id="86534"><net_src comp="86524" pin="2"/><net_sink comp="86530" pin=0"/></net>

<net id="86535"><net_src comp="86465" pin="2"/><net_sink comp="86530" pin=1"/></net>

<net id="86548"><net_src comp="86540" pin="2"/><net_sink comp="86544" pin=1"/></net>

<net id="86553"><net_src comp="86544" pin="2"/><net_sink comp="86549" pin=0"/></net>

<net id="86554"><net_src comp="86536" pin="2"/><net_sink comp="86549" pin=1"/></net>

<net id="86567"><net_src comp="86559" pin="2"/><net_sink comp="86563" pin=1"/></net>

<net id="86572"><net_src comp="86563" pin="2"/><net_sink comp="86568" pin=0"/></net>

<net id="86573"><net_src comp="86555" pin="2"/><net_sink comp="86568" pin=1"/></net>

<net id="86578"><net_src comp="86568" pin="2"/><net_sink comp="86574" pin=0"/></net>

<net id="86579"><net_src comp="86549" pin="2"/><net_sink comp="86574" pin=1"/></net>

<net id="86584"><net_src comp="86308" pin="1"/><net_sink comp="86580" pin=0"/></net>

<net id="86585"><net_src comp="86311" pin="1"/><net_sink comp="86580" pin=1"/></net>

<net id="86590"><net_src comp="86580" pin="2"/><net_sink comp="86586" pin=1"/></net>

<net id="86595"><net_src comp="86338" pin="1"/><net_sink comp="86591" pin=0"/></net>

<net id="86596"><net_src comp="86347" pin="1"/><net_sink comp="86591" pin=1"/></net>

<net id="86601"><net_src comp="86591" pin="2"/><net_sink comp="86597" pin=1"/></net>

<net id="86606"><net_src comp="86597" pin="2"/><net_sink comp="86602" pin=0"/></net>

<net id="86607"><net_src comp="86586" pin="2"/><net_sink comp="86602" pin=1"/></net>

<net id="86618"><net_src comp="86611" pin="1"/><net_sink comp="86614" pin=0"/></net>

<net id="86619"><net_src comp="86608" pin="1"/><net_sink comp="86614" pin=1"/></net>

<net id="86627"><net_src comp="86620" pin="1"/><net_sink comp="86623" pin=0"/></net>

<net id="86628"><net_src comp="86614" pin="2"/><net_sink comp="86623" pin=1"/></net>

<net id="86633"><net_src comp="86623" pin="2"/><net_sink comp="86629" pin=0"/></net>

<net id="86634"><net_src comp="86602" pin="2"/><net_sink comp="86629" pin=1"/></net>

<net id="86639"><net_src comp="86629" pin="2"/><net_sink comp="86635" pin=0"/></net>

<net id="86640"><net_src comp="86574" pin="2"/><net_sink comp="86635" pin=1"/></net>

<net id="86653"><net_src comp="86645" pin="2"/><net_sink comp="86649" pin=1"/></net>

<net id="86658"><net_src comp="86649" pin="2"/><net_sink comp="86654" pin=0"/></net>

<net id="86659"><net_src comp="86641" pin="2"/><net_sink comp="86654" pin=1"/></net>

<net id="86672"><net_src comp="86664" pin="2"/><net_sink comp="86668" pin=1"/></net>

<net id="86677"><net_src comp="86668" pin="2"/><net_sink comp="86673" pin=0"/></net>

<net id="86678"><net_src comp="86660" pin="2"/><net_sink comp="86673" pin=1"/></net>

<net id="86683"><net_src comp="86673" pin="2"/><net_sink comp="86679" pin=0"/></net>

<net id="86684"><net_src comp="86654" pin="2"/><net_sink comp="86679" pin=1"/></net>

<net id="86689"><net_src comp="86320" pin="1"/><net_sink comp="86685" pin=1"/></net>

<net id="86694"><net_src comp="86685" pin="2"/><net_sink comp="86690" pin=1"/></net>

<net id="86699"><net_src comp="86335" pin="1"/><net_sink comp="86695" pin=0"/></net>

<net id="86700"><net_src comp="86341" pin="1"/><net_sink comp="86695" pin=1"/></net>

<net id="86705"><net_src comp="86695" pin="2"/><net_sink comp="86701" pin=1"/></net>

<net id="86710"><net_src comp="86701" pin="2"/><net_sink comp="86706" pin=0"/></net>

<net id="86711"><net_src comp="86690" pin="2"/><net_sink comp="86706" pin=1"/></net>

<net id="86722"><net_src comp="86715" pin="1"/><net_sink comp="86718" pin=0"/></net>

<net id="86723"><net_src comp="86712" pin="1"/><net_sink comp="86718" pin=1"/></net>

<net id="86731"><net_src comp="86724" pin="1"/><net_sink comp="86727" pin=0"/></net>

<net id="86732"><net_src comp="86718" pin="2"/><net_sink comp="86727" pin=1"/></net>

<net id="86737"><net_src comp="86727" pin="2"/><net_sink comp="86733" pin=0"/></net>

<net id="86738"><net_src comp="86706" pin="2"/><net_sink comp="86733" pin=1"/></net>

<net id="86743"><net_src comp="86733" pin="2"/><net_sink comp="86739" pin=0"/></net>

<net id="86744"><net_src comp="86679" pin="2"/><net_sink comp="86739" pin=1"/></net>

<net id="86757"><net_src comp="86749" pin="2"/><net_sink comp="86753" pin=1"/></net>

<net id="86762"><net_src comp="86753" pin="2"/><net_sink comp="86758" pin=0"/></net>

<net id="86763"><net_src comp="86745" pin="2"/><net_sink comp="86758" pin=1"/></net>

<net id="86776"><net_src comp="86768" pin="2"/><net_sink comp="86772" pin=1"/></net>

<net id="86781"><net_src comp="86772" pin="2"/><net_sink comp="86777" pin=0"/></net>

<net id="86782"><net_src comp="86764" pin="2"/><net_sink comp="86777" pin=1"/></net>

<net id="86787"><net_src comp="86777" pin="2"/><net_sink comp="86783" pin=0"/></net>

<net id="86788"><net_src comp="86758" pin="2"/><net_sink comp="86783" pin=1"/></net>

<net id="86793"><net_src comp="86314" pin="1"/><net_sink comp="86789" pin=0"/></net>

<net id="86794"><net_src comp="86323" pin="1"/><net_sink comp="86789" pin=1"/></net>

<net id="86799"><net_src comp="86789" pin="2"/><net_sink comp="86795" pin=1"/></net>

<net id="86804"><net_src comp="86332" pin="1"/><net_sink comp="86800" pin=0"/></net>

<net id="86805"><net_src comp="86344" pin="1"/><net_sink comp="86800" pin=1"/></net>

<net id="86810"><net_src comp="86800" pin="2"/><net_sink comp="86806" pin=1"/></net>

<net id="86815"><net_src comp="86806" pin="2"/><net_sink comp="86811" pin=0"/></net>

<net id="86816"><net_src comp="86795" pin="2"/><net_sink comp="86811" pin=1"/></net>

<net id="86827"><net_src comp="86820" pin="1"/><net_sink comp="86823" pin=0"/></net>

<net id="86828"><net_src comp="86817" pin="1"/><net_sink comp="86823" pin=1"/></net>

<net id="86836"><net_src comp="86829" pin="1"/><net_sink comp="86832" pin=0"/></net>

<net id="86837"><net_src comp="86823" pin="2"/><net_sink comp="86832" pin=1"/></net>

<net id="86842"><net_src comp="86832" pin="2"/><net_sink comp="86838" pin=0"/></net>

<net id="86843"><net_src comp="86811" pin="2"/><net_sink comp="86838" pin=1"/></net>

<net id="86848"><net_src comp="86838" pin="2"/><net_sink comp="86844" pin=0"/></net>

<net id="86849"><net_src comp="86783" pin="2"/><net_sink comp="86844" pin=1"/></net>

<net id="86854"><net_src comp="414" pin="0"/><net_sink comp="86850" pin=0"/></net>

<net id="86855"><net_src comp="86421" pin="2"/><net_sink comp="86850" pin=1"/></net>

<net id="86860"><net_src comp="86850" pin="2"/><net_sink comp="86856" pin=0"/></net>

<net id="86861"><net_src comp="86530" pin="2"/><net_sink comp="86856" pin=1"/></net>

<net id="86866"><net_src comp="86856" pin="2"/><net_sink comp="86862" pin=0"/></net>

<net id="86867"><net_src comp="86635" pin="2"/><net_sink comp="86862" pin=1"/></net>

<net id="86872"><net_src comp="86862" pin="2"/><net_sink comp="86868" pin=0"/></net>

<net id="86873"><net_src comp="86739" pin="2"/><net_sink comp="86868" pin=1"/></net>

<net id="86878"><net_src comp="86868" pin="2"/><net_sink comp="86874" pin=0"/></net>

<net id="86879"><net_src comp="86844" pin="2"/><net_sink comp="86874" pin=1"/></net>

<net id="86883"><net_src comp="83077" pin="4"/><net_sink comp="86880" pin=0"/></net>

<net id="86884"><net_src comp="86880" pin="1"/><net_sink comp="86305" pin=0"/></net>

<net id="86888"><net_src comp="83158" pin="4"/><net_sink comp="86885" pin=0"/></net>

<net id="86889"><net_src comp="86885" pin="1"/><net_sink comp="86308" pin=0"/></net>

<net id="86893"><net_src comp="83221" pin="4"/><net_sink comp="86890" pin=0"/></net>

<net id="86894"><net_src comp="86890" pin="1"/><net_sink comp="86311" pin=0"/></net>

<net id="86898"><net_src comp="83241" pin="4"/><net_sink comp="86895" pin=0"/></net>

<net id="86899"><net_src comp="86895" pin="1"/><net_sink comp="86314" pin=0"/></net>

<net id="86903"><net_src comp="83264" pin="4"/><net_sink comp="86900" pin=0"/></net>

<net id="86904"><net_src comp="86900" pin="1"/><net_sink comp="86317" pin=0"/></net>

<net id="86908"><net_src comp="83298" pin="4"/><net_sink comp="86905" pin=0"/></net>

<net id="86909"><net_src comp="86905" pin="1"/><net_sink comp="86320" pin=0"/></net>

<net id="86913"><net_src comp="83308" pin="4"/><net_sink comp="86910" pin=0"/></net>

<net id="86914"><net_src comp="86910" pin="1"/><net_sink comp="86323" pin=0"/></net>

<net id="86918"><net_src comp="83340" pin="4"/><net_sink comp="86915" pin=0"/></net>

<net id="86919"><net_src comp="86915" pin="1"/><net_sink comp="86326" pin=0"/></net>

<net id="86923"><net_src comp="83434" pin="4"/><net_sink comp="86920" pin=0"/></net>

<net id="86924"><net_src comp="86920" pin="1"/><net_sink comp="86357" pin=0"/></net>

<net id="86928"><net_src comp="83532" pin="4"/><net_sink comp="86925" pin=0"/></net>

<net id="86929"><net_src comp="86925" pin="1"/><net_sink comp="86357" pin=1"/></net>

<net id="86933"><net_src comp="83542" pin="4"/><net_sink comp="86930" pin=0"/></net>

<net id="86934"><net_src comp="86930" pin="1"/><net_sink comp="86329" pin=0"/></net>

<net id="86938"><net_src comp="83552" pin="4"/><net_sink comp="86935" pin=0"/></net>

<net id="86939"><net_src comp="86935" pin="1"/><net_sink comp="86540" pin=0"/></net>

<net id="86943"><net_src comp="83690" pin="4"/><net_sink comp="86940" pin=0"/></net>

<net id="86944"><net_src comp="86940" pin="1"/><net_sink comp="86540" pin=1"/></net>

<net id="86948"><net_src comp="83891" pin="4"/><net_sink comp="86945" pin=0"/></net>

<net id="86949"><net_src comp="86945" pin="1"/><net_sink comp="86645" pin=0"/></net>

<net id="86953"><net_src comp="83901" pin="4"/><net_sink comp="86950" pin=0"/></net>

<net id="86954"><net_src comp="86950" pin="1"/><net_sink comp="86332" pin=0"/></net>

<net id="86958"><net_src comp="83942" pin="4"/><net_sink comp="86955" pin=0"/></net>

<net id="86959"><net_src comp="86955" pin="1"/><net_sink comp="86431" pin=0"/></net>

<net id="86963"><net_src comp="84041" pin="4"/><net_sink comp="86960" pin=0"/></net>

<net id="86964"><net_src comp="86960" pin="1"/><net_sink comp="86431" pin=1"/></net>

<net id="86968"><net_src comp="84067" pin="4"/><net_sink comp="86965" pin=0"/></net>

<net id="86969"><net_src comp="86965" pin="1"/><net_sink comp="86335" pin=0"/></net>

<net id="86973"><net_src comp="84145" pin="4"/><net_sink comp="86970" pin=0"/></net>

<net id="86974"><net_src comp="86970" pin="1"/><net_sink comp="86338" pin=0"/></net>

<net id="86978"><net_src comp="84155" pin="4"/><net_sink comp="86975" pin=0"/></net>

<net id="86979"><net_src comp="86975" pin="1"/><net_sink comp="86645" pin=1"/></net>

<net id="86983"><net_src comp="84165" pin="4"/><net_sink comp="86980" pin=0"/></net>

<net id="86984"><net_src comp="86980" pin="1"/><net_sink comp="86749" pin=0"/></net>

<net id="86988"><net_src comp="84240" pin="4"/><net_sink comp="86985" pin=0"/></net>

<net id="86989"><net_src comp="86985" pin="1"/><net_sink comp="86749" pin=1"/></net>

<net id="86993"><net_src comp="84414" pin="4"/><net_sink comp="86990" pin=0"/></net>

<net id="86994"><net_src comp="86990" pin="1"/><net_sink comp="86341" pin=0"/></net>

<net id="86998"><net_src comp="84554" pin="4"/><net_sink comp="86995" pin=0"/></net>

<net id="86999"><net_src comp="86995" pin="1"/><net_sink comp="86344" pin=0"/></net>

<net id="87003"><net_src comp="84630" pin="4"/><net_sink comp="87000" pin=0"/></net>

<net id="87004"><net_src comp="87000" pin="1"/><net_sink comp="86347" pin=0"/></net>

<net id="87008"><net_src comp="84895" pin="4"/><net_sink comp="87005" pin=0"/></net>

<net id="87009"><net_src comp="87005" pin="1"/><net_sink comp="86350" pin=0"/></net>

<net id="87013"><net_src comp="85017" pin="4"/><net_sink comp="87010" pin=0"/></net>

<net id="87014"><net_src comp="87010" pin="1"/><net_sink comp="86559" pin=0"/></net>

<net id="87018"><net_src comp="85209" pin="4"/><net_sink comp="87015" pin=0"/></net>

<net id="87019"><net_src comp="87015" pin="1"/><net_sink comp="86376" pin=0"/></net>

<net id="87023"><net_src comp="85233" pin="4"/><net_sink comp="87020" pin=0"/></net>

<net id="87024"><net_src comp="87020" pin="1"/><net_sink comp="86559" pin=1"/></net>

<net id="87028"><net_src comp="85273" pin="4"/><net_sink comp="87025" pin=0"/></net>

<net id="87029"><net_src comp="87025" pin="1"/><net_sink comp="86664" pin=0"/></net>

<net id="87033"><net_src comp="85339" pin="4"/><net_sink comp="87030" pin=0"/></net>

<net id="87034"><net_src comp="87030" pin="1"/><net_sink comp="86376" pin=1"/></net>

<net id="87038"><net_src comp="85373" pin="4"/><net_sink comp="87035" pin=0"/></net>

<net id="87039"><net_src comp="87035" pin="1"/><net_sink comp="86664" pin=1"/></net>

<net id="87043"><net_src comp="85413" pin="4"/><net_sink comp="87040" pin=0"/></net>

<net id="87044"><net_src comp="87040" pin="1"/><net_sink comp="86768" pin=0"/></net>

<net id="87048"><net_src comp="85454" pin="4"/><net_sink comp="87045" pin=0"/></net>

<net id="87049"><net_src comp="87045" pin="1"/><net_sink comp="86450" pin=0"/></net>

<net id="87053"><net_src comp="85536" pin="4"/><net_sink comp="87050" pin=0"/></net>

<net id="87054"><net_src comp="87050" pin="1"/><net_sink comp="86450" pin=1"/></net>

<net id="87058"><net_src comp="85652" pin="4"/><net_sink comp="87055" pin=0"/></net>

<net id="87059"><net_src comp="87055" pin="1"/><net_sink comp="86768" pin=1"/></net>

<net id="87063"><net_src comp="85763" pin="4"/><net_sink comp="87060" pin=0"/></net>

<net id="87064"><net_src comp="87060" pin="1"/><net_sink comp="86397" pin=0"/></net>

<net id="87068"><net_src comp="85793" pin="4"/><net_sink comp="87065" pin=0"/></net>

<net id="87069"><net_src comp="87065" pin="1"/><net_sink comp="86685" pin=0"/></net>

<net id="87073"><net_src comp="85813" pin="2"/><net_sink comp="87070" pin=0"/></net>

<net id="87074"><net_src comp="87070" pin="1"/><net_sink comp="86353" pin=1"/></net>

<net id="87078"><net_src comp="85819" pin="2"/><net_sink comp="87075" pin=0"/></net>

<net id="87079"><net_src comp="87075" pin="1"/><net_sink comp="86353" pin=0"/></net>

<net id="87083"><net_src comp="85825" pin="2"/><net_sink comp="87080" pin=0"/></net>

<net id="87084"><net_src comp="87080" pin="1"/><net_sink comp="86361" pin=0"/></net>

<net id="87088"><net_src comp="85831" pin="2"/><net_sink comp="87085" pin=0"/></net>

<net id="87089"><net_src comp="87085" pin="1"/><net_sink comp="86372" pin=1"/></net>

<net id="87093"><net_src comp="85837" pin="2"/><net_sink comp="87090" pin=0"/></net>

<net id="87094"><net_src comp="87090" pin="1"/><net_sink comp="86372" pin=0"/></net>

<net id="87098"><net_src comp="85843" pin="2"/><net_sink comp="87095" pin=0"/></net>

<net id="87099"><net_src comp="87095" pin="1"/><net_sink comp="86380" pin=0"/></net>

<net id="87103"><net_src comp="85849" pin="2"/><net_sink comp="87100" pin=0"/></net>

<net id="87104"><net_src comp="87100" pin="1"/><net_sink comp="86402" pin=0"/></net>

<net id="87108"><net_src comp="85875" pin="2"/><net_sink comp="87105" pin=0"/></net>

<net id="87109"><net_src comp="87105" pin="1"/><net_sink comp="86407" pin=0"/></net>

<net id="87113"><net_src comp="85933" pin="2"/><net_sink comp="87110" pin=0"/></net>

<net id="87114"><net_src comp="87110" pin="1"/><net_sink comp="86412" pin=0"/></net>

<net id="87118"><net_src comp="85939" pin="2"/><net_sink comp="87115" pin=0"/></net>

<net id="87119"><net_src comp="87115" pin="1"/><net_sink comp="86427" pin=1"/></net>

<net id="87123"><net_src comp="85945" pin="2"/><net_sink comp="87120" pin=0"/></net>

<net id="87124"><net_src comp="87120" pin="1"/><net_sink comp="86427" pin=0"/></net>

<net id="87128"><net_src comp="85951" pin="2"/><net_sink comp="87125" pin=0"/></net>

<net id="87129"><net_src comp="87125" pin="1"/><net_sink comp="86435" pin=0"/></net>

<net id="87133"><net_src comp="85957" pin="2"/><net_sink comp="87130" pin=0"/></net>

<net id="87134"><net_src comp="87130" pin="1"/><net_sink comp="86446" pin=1"/></net>

<net id="87138"><net_src comp="85963" pin="2"/><net_sink comp="87135" pin=0"/></net>

<net id="87139"><net_src comp="87135" pin="1"/><net_sink comp="86446" pin=0"/></net>

<net id="87143"><net_src comp="85969" pin="2"/><net_sink comp="87140" pin=0"/></net>

<net id="87144"><net_src comp="87140" pin="1"/><net_sink comp="86454" pin=0"/></net>

<net id="87148"><net_src comp="85975" pin="2"/><net_sink comp="87145" pin=0"/></net>

<net id="87149"><net_src comp="87145" pin="1"/><net_sink comp="86477" pin=0"/></net>

<net id="87153"><net_src comp="85981" pin="2"/><net_sink comp="87150" pin=0"/></net>

<net id="87154"><net_src comp="87150" pin="1"/><net_sink comp="86488" pin=0"/></net>

<net id="87158"><net_src comp="85987" pin="2"/><net_sink comp="87155" pin=0"/></net>

<net id="87159"><net_src comp="87155" pin="1"/><net_sink comp="86503" pin=0"/></net>

<net id="87163"><net_src comp="85993" pin="2"/><net_sink comp="87160" pin=0"/></net>

<net id="87164"><net_src comp="87160" pin="1"/><net_sink comp="86506" pin=0"/></net>

<net id="87168"><net_src comp="86025" pin="2"/><net_sink comp="87165" pin=0"/></net>

<net id="87169"><net_src comp="87165" pin="1"/><net_sink comp="86515" pin=0"/></net>

<net id="87173"><net_src comp="86031" pin="2"/><net_sink comp="87170" pin=0"/></net>

<net id="87174"><net_src comp="87170" pin="1"/><net_sink comp="86536" pin=1"/></net>

<net id="87178"><net_src comp="86037" pin="2"/><net_sink comp="87175" pin=0"/></net>

<net id="87179"><net_src comp="87175" pin="1"/><net_sink comp="86536" pin=0"/></net>

<net id="87183"><net_src comp="86043" pin="2"/><net_sink comp="87180" pin=0"/></net>

<net id="87184"><net_src comp="87180" pin="1"/><net_sink comp="86544" pin=0"/></net>

<net id="87188"><net_src comp="86049" pin="2"/><net_sink comp="87185" pin=0"/></net>

<net id="87189"><net_src comp="87185" pin="1"/><net_sink comp="86555" pin=1"/></net>

<net id="87193"><net_src comp="86055" pin="2"/><net_sink comp="87190" pin=0"/></net>

<net id="87194"><net_src comp="87190" pin="1"/><net_sink comp="86555" pin=0"/></net>

<net id="87198"><net_src comp="86061" pin="2"/><net_sink comp="87195" pin=0"/></net>

<net id="87199"><net_src comp="87195" pin="1"/><net_sink comp="86563" pin=0"/></net>

<net id="87203"><net_src comp="86067" pin="2"/><net_sink comp="87200" pin=0"/></net>

<net id="87204"><net_src comp="87200" pin="1"/><net_sink comp="86586" pin=0"/></net>

<net id="87208"><net_src comp="86073" pin="2"/><net_sink comp="87205" pin=0"/></net>

<net id="87209"><net_src comp="87205" pin="1"/><net_sink comp="86597" pin=0"/></net>

<net id="87213"><net_src comp="86079" pin="2"/><net_sink comp="87210" pin=0"/></net>

<net id="87214"><net_src comp="87210" pin="1"/><net_sink comp="86608" pin=0"/></net>

<net id="87218"><net_src comp="86085" pin="2"/><net_sink comp="87215" pin=0"/></net>

<net id="87219"><net_src comp="87215" pin="1"/><net_sink comp="86611" pin=0"/></net>

<net id="87223"><net_src comp="86121" pin="2"/><net_sink comp="87220" pin=0"/></net>

<net id="87224"><net_src comp="87220" pin="1"/><net_sink comp="86620" pin=0"/></net>

<net id="87228"><net_src comp="86127" pin="2"/><net_sink comp="87225" pin=0"/></net>

<net id="87229"><net_src comp="87225" pin="1"/><net_sink comp="86641" pin=1"/></net>

<net id="87233"><net_src comp="86133" pin="2"/><net_sink comp="87230" pin=0"/></net>

<net id="87234"><net_src comp="87230" pin="1"/><net_sink comp="86641" pin=0"/></net>

<net id="87238"><net_src comp="86139" pin="2"/><net_sink comp="87235" pin=0"/></net>

<net id="87239"><net_src comp="87235" pin="1"/><net_sink comp="86649" pin=0"/></net>

<net id="87243"><net_src comp="86145" pin="2"/><net_sink comp="87240" pin=0"/></net>

<net id="87244"><net_src comp="87240" pin="1"/><net_sink comp="86660" pin=1"/></net>

<net id="87248"><net_src comp="86151" pin="2"/><net_sink comp="87245" pin=0"/></net>

<net id="87249"><net_src comp="87245" pin="1"/><net_sink comp="86660" pin=0"/></net>

<net id="87253"><net_src comp="86157" pin="2"/><net_sink comp="87250" pin=0"/></net>

<net id="87254"><net_src comp="87250" pin="1"/><net_sink comp="86668" pin=0"/></net>

<net id="87258"><net_src comp="86163" pin="2"/><net_sink comp="87255" pin=0"/></net>

<net id="87259"><net_src comp="87255" pin="1"/><net_sink comp="86690" pin=0"/></net>

<net id="87263"><net_src comp="86169" pin="2"/><net_sink comp="87260" pin=0"/></net>

<net id="87264"><net_src comp="87260" pin="1"/><net_sink comp="86701" pin=0"/></net>

<net id="87268"><net_src comp="86175" pin="2"/><net_sink comp="87265" pin=0"/></net>

<net id="87269"><net_src comp="87265" pin="1"/><net_sink comp="86712" pin=0"/></net>

<net id="87273"><net_src comp="86181" pin="2"/><net_sink comp="87270" pin=0"/></net>

<net id="87274"><net_src comp="87270" pin="1"/><net_sink comp="86715" pin=0"/></net>

<net id="87278"><net_src comp="86203" pin="2"/><net_sink comp="87275" pin=0"/></net>

<net id="87279"><net_src comp="87275" pin="1"/><net_sink comp="86724" pin=0"/></net>

<net id="87283"><net_src comp="86209" pin="2"/><net_sink comp="87280" pin=0"/></net>

<net id="87284"><net_src comp="87280" pin="1"/><net_sink comp="86745" pin=1"/></net>

<net id="87288"><net_src comp="86215" pin="2"/><net_sink comp="87285" pin=0"/></net>

<net id="87289"><net_src comp="87285" pin="1"/><net_sink comp="86745" pin=0"/></net>

<net id="87293"><net_src comp="86221" pin="2"/><net_sink comp="87290" pin=0"/></net>

<net id="87294"><net_src comp="87290" pin="1"/><net_sink comp="86753" pin=0"/></net>

<net id="87298"><net_src comp="86227" pin="2"/><net_sink comp="87295" pin=0"/></net>

<net id="87299"><net_src comp="87295" pin="1"/><net_sink comp="86764" pin=1"/></net>

<net id="87303"><net_src comp="86233" pin="2"/><net_sink comp="87300" pin=0"/></net>

<net id="87304"><net_src comp="87300" pin="1"/><net_sink comp="86764" pin=0"/></net>

<net id="87308"><net_src comp="86239" pin="2"/><net_sink comp="87305" pin=0"/></net>

<net id="87309"><net_src comp="87305" pin="1"/><net_sink comp="86772" pin=0"/></net>

<net id="87313"><net_src comp="86245" pin="2"/><net_sink comp="87310" pin=0"/></net>

<net id="87314"><net_src comp="87310" pin="1"/><net_sink comp="86795" pin=0"/></net>

<net id="87318"><net_src comp="86251" pin="2"/><net_sink comp="87315" pin=0"/></net>

<net id="87319"><net_src comp="87315" pin="1"/><net_sink comp="86806" pin=0"/></net>

<net id="87323"><net_src comp="86257" pin="2"/><net_sink comp="87320" pin=0"/></net>

<net id="87324"><net_src comp="87320" pin="1"/><net_sink comp="86817" pin=0"/></net>

<net id="87328"><net_src comp="86263" pin="2"/><net_sink comp="87325" pin=0"/></net>

<net id="87329"><net_src comp="87325" pin="1"/><net_sink comp="86820" pin=0"/></net>

<net id="87333"><net_src comp="86299" pin="2"/><net_sink comp="87330" pin=0"/></net>

<net id="87334"><net_src comp="87330" pin="1"/><net_sink comp="86829" pin=0"/></net>

</net_list>

</model> 
---------------- Datapath Model END ------------------

* FSMD analyzer results:
  - Output states:
	Port: p_read | {}
	Port: p_read1 | {}
	Port: p_read2 | {}
	Port: p_read3 | {}
	Port: p_read4 | {}
	Port: p_read5 | {}
	Port: p_read6 | {}
	Port: p_read7 | {}
	Port: p_read8 | {}
	Port: p_read9 | {}
	Port: p_read10 | {}
	Port: p_read11 | {}
	Port: p_read12 | {}
	Port: p_read13 | {}
	Port: p_read14 | {}
	Port: p_read15 | {}
	Port: p_read16 | {}
	Port: p_read17 | {}
	Port: p_read18 | {}
	Port: p_read19 | {}
	Port: p_read20 | {}
	Port: p_read21 | {}
	Port: p_read22 | {}
	Port: p_read23 | {}
	Port: p_read24 | {}
	Port: p_read25 | {}
	Port: p_read26 | {}
	Port: p_read27 | {}
	Port: p_read28 | {}
	Port: p_read29 | {}
	Port: p_read30 | {}
	Port: p_read31 | {}
 - Input state : 
	Port: dense_latency<ap_fixed<16, 6, 5, 3, 0>, ap_fixed<16, 6, 5, 3, 0>, config11> : p_read | {1 }
	Port: dense_latency<ap_fixed<16, 6, 5, 3, 0>, ap_fixed<16, 6, 5, 3, 0>, config11> : p_read1 | {1 }
	Port: dense_latency<ap_fixed<16, 6, 5, 3, 0>, ap_fixed<16, 6, 5, 3, 0>, config11> : p_read2 | {1 }
	Port: dense_latency<ap_fixed<16, 6, 5, 3, 0>, ap_fixed<16, 6, 5, 3, 0>, config11> : p_read3 | {1 }
	Port: dense_latency<ap_fixed<16, 6, 5, 3, 0>, ap_fixed<16, 6, 5, 3, 0>, config11> : p_read4 | {1 }
	Port: dense_latency<ap_fixed<16, 6, 5, 3, 0>, ap_fixed<16, 6, 5, 3, 0>, config11> : p_read5 | {1 }
	Port: dense_latency<ap_fixed<16, 6, 5, 3, 0>, ap_fixed<16, 6, 5, 3, 0>, config11> : p_read6 | {1 }
	Port: dense_latency<ap_fixed<16, 6, 5, 3, 0>, ap_fixed<16, 6, 5, 3, 0>, config11> : p_read7 | {1 }
	Port: dense_latency<ap_fixed<16, 6, 5, 3, 0>, ap_fixed<16, 6, 5, 3, 0>, config11> : p_read8 | {1 }
	Port: dense_latency<ap_fixed<16, 6, 5, 3, 0>, ap_fixed<16, 6, 5, 3, 0>, config11> : p_read9 | {1 }
	Port: dense_latency<ap_fixed<16, 6, 5, 3, 0>, ap_fixed<16, 6, 5, 3, 0>, config11> : p_read10 | {1 }
	Port: dense_latency<ap_fixed<16, 6, 5, 3, 0>, ap_fixed<16, 6, 5, 3, 0>, config11> : p_read11 | {1 }
	Port: dense_latency<ap_fixed<16, 6, 5, 3, 0>, ap_fixed<16, 6, 5, 3, 0>, config11> : p_read12 | {1 }
	Port: dense_latency<ap_fixed<16, 6, 5, 3, 0>, ap_fixed<16, 6, 5, 3, 0>, config11> : p_read13 | {1 }
	Port: dense_latency<ap_fixed<16, 6, 5, 3, 0>, ap_fixed<16, 6, 5, 3, 0>, config11> : p_read14 | {1 }
	Port: dense_latency<ap_fixed<16, 6, 5, 3, 0>, ap_fixed<16, 6, 5, 3, 0>, config11> : p_read15 | {1 }
	Port: dense_latency<ap_fixed<16, 6, 5, 3, 0>, ap_fixed<16, 6, 5, 3, 0>, config11> : p_read16 | {1 }
	Port: dense_latency<ap_fixed<16, 6, 5, 3, 0>, ap_fixed<16, 6, 5, 3, 0>, config11> : p_read17 | {1 }
	Port: dense_latency<ap_fixed<16, 6, 5, 3, 0>, ap_fixed<16, 6, 5, 3, 0>, config11> : p_read18 | {1 }
	Port: dense_latency<ap_fixed<16, 6, 5, 3, 0>, ap_fixed<16, 6, 5, 3, 0>, config11> : p_read19 | {1 }
	Port: dense_latency<ap_fixed<16, 6, 5, 3, 0>, ap_fixed<16, 6, 5, 3, 0>, config11> : p_read20 | {1 }
	Port: dense_latency<ap_fixed<16, 6, 5, 3, 0>, ap_fixed<16, 6, 5, 3, 0>, config11> : p_read21 | {1 }
	Port: dense_latency<ap_fixed<16, 6, 5, 3, 0>, ap_fixed<16, 6, 5, 3, 0>, config11> : p_read22 | {1 }
	Port: dense_latency<ap_fixed<16, 6, 5, 3, 0>, ap_fixed<16, 6, 5, 3, 0>, config11> : p_read23 | {1 }
	Port: dense_latency<ap_fixed<16, 6, 5, 3, 0>, ap_fixed<16, 6, 5, 3, 0>, config11> : p_read24 | {1 }
	Port: dense_latency<ap_fixed<16, 6, 5, 3, 0>, ap_fixed<16, 6, 5, 3, 0>, config11> : p_read25 | {1 }
	Port: dense_latency<ap_fixed<16, 6, 5, 3, 0>, ap_fixed<16, 6, 5, 3, 0>, config11> : p_read26 | {1 }
	Port: dense_latency<ap_fixed<16, 6, 5, 3, 0>, ap_fixed<16, 6, 5, 3, 0>, config11> : p_read27 | {1 }
	Port: dense_latency<ap_fixed<16, 6, 5, 3, 0>, ap_fixed<16, 6, 5, 3, 0>, config11> : p_read28 | {1 }
	Port: dense_latency<ap_fixed<16, 6, 5, 3, 0>, ap_fixed<16, 6, 5, 3, 0>, config11> : p_read29 | {1 }
	Port: dense_latency<ap_fixed<16, 6, 5, 3, 0>, ap_fixed<16, 6, 5, 3, 0>, config11> : p_read30 | {1 }
	Port: dense_latency<ap_fixed<16, 6, 5, 3, 0>, ap_fixed<16, 6, 5, 3, 0>, config11> : p_read31 | {1 }
  - Chain level:
	State 1
		sext_ln1273 : 1
		sext_ln1273_905 : 1
		r_V : 2
		trunc_ln : 3
		sext_ln1273_906 : 4
		r_V_3242 : 1
		trunc_ln818_5 : 2
		sext_ln1273_907 : 3
		r_V_3243 : 1
		trunc_ln818_6 : 2
		r_V_3244 : 1
		trunc_ln818_7 : 2
		sext_ln1273_908 : 3
		r_V_3245 : 1
		trunc_ln818_8 : 2
		r_V_3246 : 1
		trunc_ln818_9 : 2
		r_V_3247 : 1
		trunc_ln818_s : 2
		r_V_3248 : 1
		trunc_ln818_1 : 2
		r_V_3249 : 1
		trunc_ln818_2 : 2
		sext_ln1273_909 : 3
		r_V_3250 : 1
		trunc_ln818_3 : 2
		sext_ln1270 : 3
		r_V_3251 : 1
		trunc_ln818_4 : 2
		r_V_3252 : 1
		trunc_ln818_10 : 2
		r_V_3253 : 1
		trunc_ln818_11 : 2
		mul_ln1270 : 1
		trunc_ln818_12 : 2
		mul_ln1270_93 : 1
		trunc_ln818_13 : 2
		r_V_3254 : 1
		trunc_ln818_14 : 2
		r_V_3255 : 1
		trunc_ln818_15 : 2
		r_V_3256 : 1
		trunc_ln818_16 : 2
		r_V_3257 : 1
		trunc_ln818_17 : 2
		r_V_3258 : 1
		trunc_ln818_18 : 2
		r_V_3259 : 1
		trunc_ln818_19 : 2
		r_V_3260 : 1
		trunc_ln818_20 : 2
		r_V_3261 : 1
		trunc_ln818_21 : 2
		sext_ln818_1015 : 3
		r_V_3262 : 1
		trunc_ln818_22 : 2
		r_V_3263 : 1
		trunc_ln818_23 : 2
		r_V_3264 : 1
		trunc_ln818_24 : 2
		r_V_3265 : 1
		trunc_ln818_25 : 2
		r_V_3266 : 1
		trunc_ln818_26 : 2
		mul_ln1270_94 : 1
		trunc_ln818_27 : 2
		sext_ln1273_910 : 1
		sext_ln1273_911 : 1
		r_V_3267 : 2
		trunc_ln818_28 : 3
		sext_ln818_1019 : 4
		r_V_3268 : 1
		trunc_ln818_29 : 2
		r_V_3269 : 1
		trunc_ln818_30 : 2
		sext_ln1273_912 : 3
		r_V_3270 : 1
		trunc_ln818_31 : 2
		r_V_3271 : 1
		trunc_ln818_32 : 2
		sext_ln818_1020 : 3
		sext_ln1273_913 : 1
		sub_ln1273 : 2
		r_V_3272 : 3
		trunc_ln818_33 : 4
		sext_ln818_1021 : 5
		mul_ln1270_95 : 1
		trunc_ln818_34 : 2
		r_V_3273 : 1
		trunc_ln818_35 : 2
		r_V_3274 : 1
		trunc_ln818_36 : 2
		r_V_3275 : 1
		trunc_ln818_37 : 2
		sext_ln818_1023 : 3
		sext_ln1273_914 : 1
		sext_ln1273_915 : 1
		r_V_3276 : 2
		trunc_ln818_38 : 3
		sext_ln70_732 : 4
		sext_ln1273_916 : 1
		sext_ln1273_917 : 1
		r_V_3277 : 2
		trunc_ln818_39 : 3
		sext_ln1273_950 : 4
		r_V_3278 : 1
		trunc_ln818_40 : 2
		r_V_3279 : 1
		trunc_ln818_41 : 2
		r_V_3280 : 1
		trunc_ln818_42 : 2
		sext_ln1273_951 : 3
		r_V_3281 : 1
		trunc_ln818_43 : 2
		sext_ln818_1024 : 3
		sext_ln1273_918 : 1
		sext_ln1273_919 : 1
		r_V_3282 : 2
		trunc_ln818_44 : 3
		sext_ln1273_952 : 4
		r_V_3283 : 1
		trunc_ln818_45 : 2
		sext_ln1273_953 : 3
		r_V_3284 : 1
		trunc_ln818_46 : 2
		sext_ln818_1025 : 3
		mul_ln1270_96 : 1
		trunc_ln818_47 : 2
		r_V_3285 : 1
		trunc_ln818_48 : 2
		r_V_3286 : 1
		trunc_ln818_49 : 2
		r_V_3287 : 1
		trunc_ln818_50 : 2
		sext_ln818_1026 : 3
		r_V_3288 : 1
		trunc_ln818_51 : 2
		sext_ln1273_954 : 3
		r_V_3289 : 1
		trunc_ln818_52 : 2
		r_V_3290 : 1
		trunc_ln818_53 : 2
		r_V_3291 : 1
		trunc_ln818_54 : 2
		sext_ln1273_955 : 3
		r_V_3292 : 1
		trunc_ln818_55 : 2
		mul_ln1270_97 : 1
		trunc_ln818_56 : 2
		r_V_3293 : 1
		trunc_ln818_57 : 2
		sext_ln1273_956 : 3
		r_V_3294 : 1
		trunc_ln818_58 : 2
		sext_ln1270_11 : 3
		sext_ln1273_920 : 1
		sext_ln1273_921 : 1
		r_V_3295 : 2
		trunc_ln818_59 : 3
		r_V_3296 : 1
		trunc_ln818_60 : 2
		r_V_3297 : 2
		trunc_ln818_61 : 3
		r_V_3298 : 1
		trunc_ln818_62 : 2
		mul_ln1270_98 : 1
		trunc_ln818_63 : 2
		sext_ln1273_922 : 1
		r_V_3299 : 2
		trunc_ln818_64 : 3
		r_V_3300 : 1
		trunc_ln818_65 : 2
		sext_ln1273_957 : 3
		r_V_3301 : 1
		trunc_ln818_66 : 2
		r_V_3302 : 1
		trunc_ln818_67 : 2
		r_V_3303 : 1
		trunc_ln818_68 : 2
		r_V_3304 : 1
		trunc_ln818_69 : 2
		sext_ln1273_958 : 3
		r_V_3305 : 1
		trunc_ln818_70 : 2
		sext_ln818_1030 : 3
		mul_ln1270_99 : 1
		trunc_ln818_71 : 2
		r_V_3306 : 1
		trunc_ln818_72 : 2
		r_V_3307 : 1
		trunc_ln818_73 : 2
		sext_ln1273_923 : 1
		r_V_3308 : 2
		trunc_ln818_74 : 3
		sext_ln1273_959 : 4
		r_V_3309 : 1
		trunc_ln818_75 : 2
		sext_ln1273_960 : 3
		r_V_3310 : 1
		trunc_ln818_76 : 2
		mul_ln1270_100 : 1
		trunc_ln818_77 : 2
		r_V_3311 : 1
		trunc_ln818_78 : 2
		sext_ln1273_924 : 1
		r_V_3312 : 2
		trunc_ln818_79 : 3
		sext_ln818_1031 : 4
		r_V_3313 : 1
		trunc_ln818_80 : 2
		sext_ln1273_961 : 3
		r_V_3314 : 1
		trunc_ln818_81 : 2
		sext_ln1273_962 : 3
		r_V_3315 : 1
		trunc_ln818_82 : 2
		r_V_3316 : 1
		trunc_ln818_83 : 2
		sext_ln1273_925 : 1
		sext_ln1273_926 : 1
		sext_ln1273_927 : 1
		sext_ln1273_928 : 1
		r_V_3317 : 2
		trunc_ln818_84 : 3
		sext_ln1273_963 : 4
		r_V_3318 : 1
		trunc_ln818_85 : 2
		sext_ln1273_929 : 1
		r_V_3319 : 2
		trunc_ln818_86 : 3
		r_V_3320 : 2
		trunc_ln818_87 : 3
		sext_ln1273_964 : 4
		r_V_3321 : 1
		trunc_ln818_88 : 2
		sext_ln1273_930 : 1
		sext_ln1273_931 : 1
		r_V_3322 : 2
		trunc_ln818_89 : 3
		sext_ln1273_965 : 4
		r_V_3323 : 1
		trunc_ln818_90 : 2
		r_V_3324 : 1
		trunc_ln818_91 : 2
		r_V_3325 : 1
		trunc_ln818_92 : 2
		sext_ln818_1035 : 3
		r_V_3326 : 1
		trunc_ln818_93 : 2
		sext_ln818_1036 : 3
		mul_ln1270_101 : 1
		trunc_ln818_94 : 2
		r_V_3327 : 1
		trunc_ln818_95 : 2
		sext_ln1273_932 : 1
		sub_ln1273_796 : 2
		sext_ln1273_933 : 1
		r_V_3328 : 3
		trunc_ln818_96 : 4
		sext_ln1273_966 : 5
		r_V_3329 : 1
		trunc_ln818_97 : 2
		sext_ln1273_967 : 3
		r_V_3330 : 1
		trunc_ln818_98 : 2
		sext_ln1270_14 : 3
		r_V_3331 : 1
		trunc_ln818_99 : 2
		sext_ln1273_968 : 3
		r_V_3332 : 1
		trunc_ln818_100 : 2
		sext_ln1270_16 : 3
		mul_ln1270_102 : 1
		trunc_ln818_101 : 2
		mul_ln1270_103 : 1
		trunc_ln818_102 : 2
		mul_ln1270_104 : 1
		trunc_ln818_103 : 2
		r_V_3333 : 1
		trunc_ln818_104 : 2
		sext_ln1273_969 : 3
		r_V_3334 : 1
		trunc_ln818_105 : 2
		sext_ln1273_934 : 1
		r_V_3335 : 2
		trunc_ln818_106 : 3
		sext_ln1273_970 : 4
		mul_ln1270_105 : 1
		trunc_ln818_107 : 2
		mul_ln1270_106 : 1
		trunc_ln818_108 : 2
		sext_ln1273_936 : 1
		r_V_3336 : 2
		trunc_ln818_109 : 3
		r_V_3337 : 1
		trunc_ln818_110 : 2
		mul_ln1270_107 : 1
		trunc_ln818_111 : 2
		r_V_3338 : 1
		trunc_ln818_112 : 2
		mul_ln1270_108 : 1
		trunc_ln818_113 : 2
		r_V_3339 : 1
		trunc_ln818_114 : 2
		sext_ln1270_17 : 3
		sext_ln1273_937 : 1
		sub_ln1273_803 : 2
		sext_ln1273_938 : 1
		r_V_3340 : 3
		trunc_ln818_115 : 4
		r_V_3341 : 1
		trunc_ln818_116 : 2
		sext_ln1273_939 : 1
		sext_ln1273_940 : 1
		r_V_3342 : 2
		trunc_ln818_117 : 3
		sext_ln1273_971 : 4
		r_V_3343 : 1
		trunc_ln818_118 : 2
		mul_ln1270_109 : 1
		trunc_ln818_119 : 2
		mul_ln1270_110 : 1
		trunc_ln818_120 : 2
		r_V_3344 : 1
		trunc_ln818_121 : 2
		sext_ln1273_972 : 3
		r_V_3345 : 1
		trunc_ln818_122 : 2
		sext_ln1273_941 : 1
		sext_ln1273_942 : 1
		r_V_3346 : 2
		trunc_ln818_123 : 3
		sext_ln1273_943 : 1
		sext_ln1273_944 : 1
		r_V_3347 : 2
		trunc_ln818_124 : 3
		sext_ln70_771 : 4
		r_V_3348 : 1
		trunc_ln818_125 : 2
		r_V_3349 : 1
		trunc_ln818_126 : 2
		r_V_3350 : 1
		trunc_ln818_127 : 2
		sext_ln818_1038 : 3
		r_V_3351 : 1
		trunc_ln818_128 : 2
		sext_ln1273_945 : 1
		sext_ln1273_946 : 1
		r_V_3352 : 2
		trunc_ln818_129 : 3
		r_V_3353 : 1
		trunc_ln818_130 : 2
		mul_ln1270_111 : 1
		trunc_ln818_131 : 2
		r_V_3354 : 1
		trunc_ln818_132 : 2
		sext_ln1273_973 : 3
		r_V_3355 : 1
		trunc_ln818_133 : 2
		sext_ln818_1039 : 3
		r_V_3356 : 1
		trunc_ln818_134 : 2
		sext_ln70_777 : 3
		r_V_3357 : 1
		trunc_ln818_135 : 2
		sext_ln1273_974 : 3
		r_V_3358 : 1
		trunc_ln818_136 : 2
		sext_ln1273_947 : 1
		sext_ln1273_948 : 1
		r_V_3359 : 2
		trunc_ln818_137 : 3
		sext_ln1273_975 : 4
		r_V_3360 : 1
		trunc_ln818_138 : 2
		r_V_3361 : 1
		trunc_ln818_139 : 2
		sext_ln70_781 : 3
		r_V_3362 : 1
		trunc_ln818_140 : 2
		r_V_3363 : 1
		trunc_ln818_141 : 2
		r_V_3364 : 1
		trunc_ln818_142 : 2
		r_V_3365 : 1
		trunc_ln818_143 : 2
		r_V_3366 : 1
		trunc_ln818_144 : 2
		sext_ln818_1040 : 3
		sext_ln1273_949 : 1
		r_V_3367 : 2
		trunc_ln818_145 : 3
		sext_ln1273_976 : 4
		r_V_3368 : 1
		trunc_ln818_146 : 2
		sext_ln818_1041 : 3
		mul_ln1270_112 : 1
		trunc_ln818_147 : 2
		mul_ln1270_113 : 1
		trunc_ln818_148 : 2
		r_V_3369 : 1
		trunc_ln818_149 : 2
		r_V_3370 : 1
		trunc_ln818_150 : 2
		r_V_3371 : 1
		trunc_ln818_151 : 2
		r_V_3372 : 1
		trunc_ln818_152 : 2
		mul_ln1270_114 : 1
		trunc_ln818_153 : 2
		add_ln813 : 3
		add_ln813_3718 : 3
		add_ln813_3721 : 4
		add_ln813_3724 : 4
		add_ln813_3725 : 5
		add_ln813_3728 : 3
		add_ln813_3733 : 5
		add_ln813_3735 : 5
		sext_ln813 : 6
		add_ln813_3736 : 4
		sext_ln813_1438 : 5
		add_ln813_3737 : 7
		add_ln813_3739 : 5
		add_ln813_3740 : 5
		sext_ln813_1439 : 6
		add_ln813_3741 : 7
		sext_ln813_1440 : 8
		add_ln813_3742 : 5
		add_ln813_3743 : 5
		sext_ln813_1441 : 6
		add_ln813_3744 : 7
		sext_ln813_1442 : 8
		add_ln813_3745 : 9
		add_ln813_3748 : 3
		add_ln813_3749 : 3
		add_ln813_3752 : 3
		add_ln813_3755 : 3
		add_ln813_3756 : 3
		add_ln813_3759 : 3
		add_ln813_3764 : 4
		add_ln813_3767 : 4
		add_ln813_3770 : 4
		add_ln813_3771 : 4
		add_ln813_3773 : 5
		add_ln813_3774 : 4
		sext_ln813_1447 : 5
		add_ln813_3775 : 6
		sext_ln813_1448 : 7
		add_ln813_3776 : 8
		add_ln813_3780 : 3
		add_ln813_3781 : 3
		add_ln813_3784 : 4
		add_ln813_3787 : 3
		add_ln813_3788 : 4
		add_ln813_3791 : 3
		add_ln813_3796 : 4
		add_ln813_3799 : 4
		add_ln813_3802 : 4
		add_ln813_3803 : 5
		add_ln813_3805 : 5
		sext_ln813_1452 : 6
		add_ln813_3806 : 4
		zext_ln813 : 5
		add_ln813_3807 : 6
		sext_ln813_1453 : 7
		add_ln813_3808 : 8
		add_ln813_3812 : 3
		add_ln813_3813 : 3
		add_ln813_3816 : 3
		add_ln813_3819 : 3
		add_ln813_3820 : 3
		add_ln813_3823 : 3
		add_ln813_3828 : 4
		add_ln813_3831 : 4
		add_ln813_3834 : 4
		add_ln813_3835 : 4
		add_ln813_3837 : 5
		add_ln813_3838 : 4
		sext_ln813_1457 : 5
		add_ln813_3839 : 6
		add_ln813_3843 : 3
		add_ln813_3844 : 3
		add_ln813_3847 : 3
		add_ln813_3850 : 3
		add_ln813_3851 : 3
		add_ln813_3854 : 3
		add_ln813_3859 : 5
		add_ln813_3862 : 6
		add_ln813_3865 : 5
		add_ln813_3866 : 4
		add_ln813_3868 : 4
		sext_ln813_1461 : 5
		add_ln813_3869 : 4
		sext_ln813_1462 : 5
		add_ln813_3870 : 6
		sext_ln813_1463 : 7
		add_ln813_3871 : 8
	State 2
		add_ln813_3722 : 1
		add_ln813_3723 : 2
		add_ln813_3729 : 1
		add_ln813_3730 : 2
		add_ln813_3731 : 3
		add_ln813_3732 : 1
		add_ln813_3734 : 2
		add_ln813_3738 : 3
		add_ln813_3746 : 4
		add_ln813_3747 : 5
		add_ln813_3753 : 1
		add_ln813_3754 : 2
		add_ln813_3760 : 1
		add_ln813_3761 : 2
		add_ln813_3762 : 3
		add_ln813_3763 : 1
		add_ln813_3765 : 2
		add_ln813_3766 : 1
		add_ln813_3768 : 2
		add_ln813_3769 : 3
		add_ln813_3772 : 1
		add_ln813_3777 : 2
		add_ln813_3778 : 4
		add_ln813_3779 : 5
		add_ln813_3785 : 1
		add_ln813_3786 : 2
		add_ln813_3792 : 1
		add_ln813_3793 : 2
		add_ln813_3794 : 3
		add_ln813_3795 : 1
		add_ln813_3797 : 2
		add_ln813_3798 : 1
		add_ln813_3800 : 2
		add_ln813_3801 : 3
		add_ln813_3804 : 1
		add_ln813_3809 : 2
		add_ln813_3810 : 4
		add_ln813_3811 : 5
		add_ln813_3817 : 1
		add_ln813_3818 : 2
		add_ln813_3824 : 1
		add_ln813_3825 : 2
		add_ln813_3826 : 3
		add_ln813_3827 : 1
		add_ln813_3829 : 2
		add_ln813_3830 : 1
		add_ln813_3832 : 2
		add_ln813_3833 : 3
		add_ln813_3836 : 1
		add_ln813_3840 : 2
		add_ln813_3841 : 4
		add_ln813_3842 : 5
		add_ln813_3848 : 1
		add_ln813_3849 : 2
		add_ln813_3855 : 1
		add_ln813_3856 : 2
		add_ln813_3857 : 3
		add_ln813_3858 : 1
		add_ln813_3860 : 2
		add_ln813_3861 : 1
		add_ln813_3863 : 2
		add_ln813_3864 : 3
		add_ln813_3867 : 1
		add_ln813_3872 : 2
		add_ln813_3873 : 4
		add_ln813_3874 : 5
		mrv : 6
		mrv_1 : 7
		mrv_2 : 8
		mrv_3 : 9
		mrv_4 : 10
		ret_ln68 : 11


============================================================
+ Verbose Summary: Datapath Resource usage 
============================================================

* Functional unit list:
|----------|--------------------------|---------|---------|---------|
| Operation|      Functional Unit     |   DSP   |    FF   |   LUT   |
|----------|--------------------------|---------|---------|---------|
|          |      r_V_3343_fu_608     |    0    |    0    |   222   |
|          |      r_V_3280_fu_609     |    0    |    0    |   195   |
|          |      r_V_3327_fu_610     |    0    |    0    |   222   |
|          |      r_V_3289_fu_611     |    0    |    0    |   222   |
|          |      r_V_3357_fu_612     |    0    |    0    |   126   |
|          |      r_V_3270_fu_613     |    0    |    0    |   222   |
|          |      r_V_3285_fu_614     |    0    |    0    |   222   |
|          |      r_V_3316_fu_615     |    0    |    0    |   222   |
|          |      r_V_3370_fu_616     |    0    |    0    |   222   |
|          |      r_V_3337_fu_617     |    0    |    0    |   222   |
|          |      r_V_3318_fu_619     |    0    |    0    |   222   |
|          |      r_V_3361_fu_620     |    0    |    0    |   149   |
|          |   mul_ln1270_100_fu_621  |    0    |    0    |   255   |
|          |   mul_ln1270_104_fu_622  |    0    |    0    |   255   |
|          |      r_V_3307_fu_623     |    0    |    0    |   222   |
|          |      r_V_3261_fu_625     |    0    |    0    |   219   |
|          |      r_V_3304_fu_626     |    0    |    0    |   195   |
|          |      r_V_3365_fu_627     |    0    |    0    |   222   |
|          |      r_V_3303_fu_628     |    0    |    0    |   222   |
|          |   mul_ln1270_111_fu_629  |    0    |    0    |   255   |
|          |      r_V_3256_fu_630     |    0    |    0    |   219   |
|          |      r_V_3323_fu_631     |    0    |    0    |   222   |
|          |      r_V_3324_fu_632     |    0    |    0    |   219   |
|          |   mul_ln1270_97_fu_634   |    0    |    0    |   255   |
|          |   mul_ln1270_114_fu_635  |    0    |    0    |   255   |
|          |      r_V_3278_fu_636     |    0    |    0    |   222   |
|          |      r_V_3348_fu_638     |    0    |    0    |   222   |
|          |      r_V_3247_fu_639     |    0    |    0    |   219   |
|          |   mul_ln1270_113_fu_640  |    0    |    0    |   255   |
|          |      r_V_3344_fu_641     |    0    |    0    |   126   |
|          |      r_V_3245_fu_644     |    0    |    0    |   222   |
|          |      r_V_3330_fu_645     |    0    |    0    |   126   |
|          |      r_V_3292_fu_646     |    0    |    0    |   222   |
|          |      r_V_3248_fu_647     |    0    |    0    |   222   |
|          |      r_V_3371_fu_648     |    0    |    0    |   222   |
|          |      r_V_3259_fu_649     |    0    |    0    |   219   |
|          |      r_V_3366_fu_650     |    0    |    0    |   219   |
|          |      r_V_3321_fu_651     |    0    |    0    |   219   |
|          |      r_V_3252_fu_654     |    0    |    0    |   222   |
|          |   mul_ln1270_94_fu_658   |    0    |    0    |   255   |
|          |      r_V_3301_fu_664     |    0    |    0    |   219   |
|          |      r_V_3313_fu_665     |    0    |    0    |   195   |
|          |      r_V_3314_fu_666     |    0    |    0    |   195   |
|          |      r_V_3291_fu_667     |    0    |    0    |   195   |
|          |      r_V_3355_fu_668     |    0    |    0    |   219   |
|          |      r_V_3349_fu_670     |    0    |    0    |   222   |
|          |      r_V_3353_fu_671     |    0    |    0    |   222   |
|          |      r_V_3263_fu_672     |    0    |    0    |   219   |
|          |      r_V_3279_fu_675     |    0    |    0    |   222   |
|          |      r_V_3315_fu_676     |    0    |    0    |   219   |
|          |      r_V_3273_fu_678     |    0    |    0    |   219   |
|          |   mul_ln1270_109_fu_679  |    0    |    0    |   255   |
|          |      r_V_3372_fu_680     |    0    |    0    |   222   |
|          |      r_V_3260_fu_681     |    0    |    0    |   222   |
|          |      r_V_3368_fu_682     |    0    |    0    |   219   |
|          |      r_V_3269_fu_684     |    0    |    0    |   126   |
|          |      r_V_3369_fu_685     |    0    |    0    |   222   |
|          |      r_V_3242_fu_686     |    0    |    0    |   149   |
|          |      r_V_3305_fu_687     |    0    |    0    |   219   |
|          |   mul_ln1270_106_fu_688  |    0    |    0    |   255   |
|          |      r_V_3286_fu_689     |    0    |    0    |   222   |
|          |      r_V_3331_fu_690     |    0    |    0    |   195   |
|          |      r_V_3363_fu_691     |    0    |    0    |   222   |
|    mul   |      r_V_3249_fu_692     |    0    |    0    |   195   |
|          |      r_V_3275_fu_693     |    0    |    0    |   219   |
|          |      r_V_3329_fu_694     |    0    |    0    |   195   |
|          |      r_V_3325_fu_695     |    0    |    0    |   219   |
|          |      r_V_3255_fu_696     |    0    |    0    |   222   |
|          |     mul_ln1270_fu_697    |    0    |    0    |   395   |
|          |      r_V_3262_fu_698     |    0    |    0    |   219   |
|          |      r_V_3250_fu_699     |    0    |    0    |   149   |
|          |      r_V_3354_fu_700     |    0    |    0    |   195   |
|          |      r_V_3244_fu_701     |    0    |    0    |   195   |
|          |      r_V_3274_fu_703     |    0    |    0    |   222   |
|          |      r_V_3341_fu_704     |    0    |    0    |   222   |
|          |      r_V_3293_fu_705     |    0    |    0    |   195   |
|          |   mul_ln1270_101_fu_706  |    0    |    0    |   255   |
|          |      r_V_3288_fu_707     |    0    |    0    |   195   |
|          |      r_V_3309_fu_708     |    0    |    0    |   195   |
|          |      r_V_3345_fu_709     |    0    |    0    |   222   |
|          |   mul_ln1270_95_fu_710   |    0    |    0    |   255   |
|          |      r_V_3265_fu_711     |    0    |    0    |   195   |
|          |      r_V_3257_fu_713     |    0    |    0    |   222   |
|          |      r_V_3287_fu_714     |    0    |    0    |   219   |
|          |      r_V_3253_fu_715     |    0    |    0    |   219   |
|          |      r_V_3360_fu_716     |    0    |    0    |   222   |
|          |      r_V_3311_fu_717     |    0    |    0    |   222   |
|          |   mul_ln1270_105_fu_720  |    0    |    0    |   255   |
|          |   mul_ln1270_107_fu_721  |    0    |    0    |   255   |
|          |      r_V_3254_fu_722     |    0    |    0    |   222   |
|          |      r_V_3358_fu_723     |    0    |    0    |   222   |
|          |      r_V_3266_fu_724     |    0    |    0    |   222   |
|          |      r_V_3246_fu_725     |    0    |    0    |   222   |
|          |   mul_ln1270_108_fu_726  |    0    |    0    |   255   |
|          |   mul_ln1270_98_fu_728   |    0    |    0    |   255   |
|          |   mul_ln1270_103_fu_729  |    0    |    0    |   395   |
|          |      r_V_3281_fu_730     |    0    |    0    |   219   |
|          |      r_V_3243_fu_733     |    0    |    0    |   222   |
|          |      r_V_3334_fu_734     |    0    |    0    |   219   |
|          |      r_V_3300_fu_735     |    0    |    0    |   195   |
|          |      r_V_3306_fu_736     |    0    |    0    |   222   |
|          |   mul_ln1270_96_fu_737   |    0    |    0    |   255   |
|          |      r_V_3350_fu_739     |    0    |    0    |   219   |
|          |      r_V_3351_fu_740     |    0    |    0    |   222   |
|          |      r_V_3268_fu_741     |    0    |    0    |   222   |
|          |      r_V_3310_fu_742     |    0    |    0    |   222   |
|          |      r_V_3264_fu_743     |    0    |    0    |   222   |
|          |      r_V_3258_fu_745     |    0    |    0    |   219   |
|          |      r_V_3338_fu_746     |    0    |    0    |   222   |
|          |      r_V_3283_fu_748     |    0    |    0    |   195   |
|          |      r_V_3290_fu_750     |    0    |    0    |   219   |
|          |      r_V_3302_fu_751     |    0    |    0    |   222   |
|          |   mul_ln1270_112_fu_753  |    0    |    0    |   395   |
|          |   mul_ln1270_93_fu_754   |    0    |    0    |   255   |
|          |      r_V_3284_fu_755     |    0    |    0    |   219   |
|          |      r_V_3271_fu_756     |    0    |    0    |   219   |
|          |      r_V_3251_fu_757     |    0    |    0    |   222   |
|          |   mul_ln1270_99_fu_758   |    0    |    0    |   255   |
|          |      r_V_3364_fu_759     |    0    |    0    |   222   |
|          |      r_V_3298_fu_760     |    0    |    0    |   219   |
|          |   mul_ln1270_102_fu_761  |    0    |    0    |   255   |
|          |      r_V_3356_fu_762     |    0    |    0    |   126   |
|          |      r_V_3326_fu_763     |    0    |    0    |   219   |
|          |   mul_ln1270_110_fu_764  |    0    |    0    |   255   |
|          |      r_V_3294_fu_765     |    0    |    0    |   149   |
|          |      r_V_3296_fu_766     |    0    |    0    |   222   |
|          |      r_V_3362_fu_767     |    0    |    0    |   222   |
|----------|--------------------------|---------|---------|---------|
|          |     r_V_3277_fu_83660    |    0    |    0    |    23   |
|          |     r_V_3319_fu_84518    |    0    |    0    |    25   |
|          |     r_V_3322_fu_84600    |    0    |    0    |    20   |
|          |     r_V_3347_fu_85307    |    0    |    0    |    23   |
|          |    add_ln813_fu_85813    |    0    |    0    |    16   |
|          |  add_ln813_3718_fu_85819 |    0    |    0    |    16   |
|          |  add_ln813_3721_fu_85825 |    0    |    0    |    16   |
|          |  add_ln813_3724_fu_85831 |    0    |    0    |    16   |
|          |  add_ln813_3725_fu_85837 |    0    |    0    |    16   |
|          |  add_ln813_3728_fu_85843 |    0    |    0    |    16   |
|          |  add_ln813_3733_fu_85849 |    0    |    0    |    15   |
|          |  add_ln813_3735_fu_85855 |    0    |    0    |    14   |
|          |  add_ln813_3736_fu_85865 |    0    |    0    |    14   |
|          |  add_ln813_3737_fu_85875 |    0    |    0    |    15   |
|          |  add_ln813_3739_fu_85881 |    0    |    0    |    27   |
|          |  add_ln813_3740_fu_85887 |    0    |    0    |    11   |
|          |  add_ln813_3741_fu_85897 |    0    |    0    |    29   |
|          |  add_ln813_3742_fu_85907 |    0    |    0    |    21   |
|          |  add_ln813_3743_fu_85913 |    0    |    0    |    8    |
|          |  add_ln813_3744_fu_85923 |    0    |    0    |    23   |
|          |  add_ln813_3745_fu_85933 |    0    |    0    |    14   |
|          |  add_ln813_3748_fu_85939 |    0    |    0    |    16   |
|          |  add_ln813_3749_fu_85945 |    0    |    0    |    16   |
|          |  add_ln813_3752_fu_85951 |    0    |    0    |    16   |
|          |  add_ln813_3755_fu_85957 |    0    |    0    |    16   |
|          |  add_ln813_3756_fu_85963 |    0    |    0    |    16   |
|          |  add_ln813_3759_fu_85969 |    0    |    0    |    16   |
|          |  add_ln813_3764_fu_85975 |    0    |    0    |    15   |
|          |  add_ln813_3767_fu_85981 |    0    |    0    |    14   |
|          |  add_ln813_3770_fu_85987 |    0    |    0    |    14   |
|          |  add_ln813_3771_fu_85993 |    0    |    0    |    13   |
|          |  add_ln813_3773_fu_85999 |    0    |    0    |    25   |
|          |  add_ln813_3774_fu_86005 |    0    |    0    |    7    |
|          |  add_ln813_3775_fu_86015 |    0    |    0    |    8    |
|          |  add_ln813_3776_fu_86025 |    0    |    0    |    27   |
|          |  add_ln813_3780_fu_86031 |    0    |    0    |    16   |
|          |  add_ln813_3781_fu_86037 |    0    |    0    |    16   |
|          |  add_ln813_3784_fu_86043 |    0    |    0    |    16   |
|          |  add_ln813_3787_fu_86049 |    0    |    0    |    16   |
|          |  add_ln813_3788_fu_86055 |    0    |    0    |    16   |
|          |  add_ln813_3791_fu_86061 |    0    |    0    |    16   |
|          |  add_ln813_3796_fu_86067 |    0    |    0    |    15   |
|          |  add_ln813_3799_fu_86073 |    0    |    0    |    15   |
|          |  add_ln813_3802_fu_86079 |    0    |    0    |    14   |
|          |  add_ln813_3803_fu_86085 |    0    |    0    |    14   |
|          |  add_ln813_3805_fu_86091 |    0    |    0    |    13   |
|          |  add_ln813_3806_fu_86101 |    0    |    0    |    8    |
|          |  add_ln813_3807_fu_86111 |    0    |    0    |    11   |
|          |  add_ln813_3808_fu_86121 |    0    |    0    |    14   |
|          |  add_ln813_3812_fu_86127 |    0    |    0    |    16   |
|          |  add_ln813_3813_fu_86133 |    0    |    0    |    16   |
|          |  add_ln813_3816_fu_86139 |    0    |    0    |    16   |
|          |  add_ln813_3819_fu_86145 |    0    |    0    |    16   |
|          |  add_ln813_3820_fu_86151 |    0    |    0    |    16   |
|          |  add_ln813_3823_fu_86157 |    0    |    0    |    16   |
|          |  add_ln813_3828_fu_86163 |    0    |    0    |    15   |
|          |  add_ln813_3831_fu_86169 |    0    |    0    |    15   |
|          |  add_ln813_3834_fu_86175 |    0    |    0    |    14   |
|          |  add_ln813_3835_fu_86181 |    0    |    0    |    14   |
|          |  add_ln813_3837_fu_86187 |    0    |    0    |    29   |
|          |  add_ln813_3838_fu_86193 |    0    |    0    |    7    |
|          |  add_ln813_3839_fu_86203 |    0    |    0    |    31   |
|          |  add_ln813_3843_fu_86209 |    0    |    0    |    16   |
|          |  add_ln813_3844_fu_86215 |    0    |    0    |    16   |
|          |  add_ln813_3847_fu_86221 |    0    |    0    |    16   |
|          |  add_ln813_3850_fu_86227 |    0    |    0    |    16   |
|          |  add_ln813_3851_fu_86233 |    0    |    0    |    16   |
|          |  add_ln813_3854_fu_86239 |    0    |    0    |    16   |
|          |  add_ln813_3859_fu_86245 |    0    |    0    |    15   |
|          |  add_ln813_3862_fu_86251 |    0    |    0    |    15   |
|          |  add_ln813_3865_fu_86257 |    0    |    0    |    14   |
|          |  add_ln813_3866_fu_86263 |    0    |    0    |    13   |
|          |  add_ln813_3868_fu_86269 |    0    |    0    |    12   |
|          |  add_ln813_3869_fu_86279 |    0    |    0    |    7    |
|          |  add_ln813_3870_fu_86289 |    0    |    0    |    10   |
|          |  add_ln813_3871_fu_86299 |    0    |    0    |    13   |
|          |  add_ln813_3719_fu_86353 |    0    |    0    |    33   |
|          |  add_ln813_3720_fu_86357 |    0    |    0    |    33   |
|          |  add_ln813_3722_fu_86361 |    0    |    0    |    33   |
|          |  add_ln813_3723_fu_86366 |    0    |    0    |    33   |
|    add   |  add_ln813_3726_fu_86372 |    0    |    0    |    33   |
|          |  add_ln813_3727_fu_86376 |    0    |    0    |    33   |
|          |  add_ln813_3729_fu_86380 |    0    |    0    |    33   |
|          |  add_ln813_3730_fu_86385 |    0    |    0    |    33   |
|          |  add_ln813_3731_fu_86391 |    0    |    0    |    33   |
|          |  add_ln813_3732_fu_86397 |    0    |    0    |    33   |
|          |  add_ln813_3734_fu_86402 |    0    |    0    |    33   |
|          |  add_ln813_3738_fu_86407 |    0    |    0    |    33   |
|          |  add_ln813_3746_fu_86415 |    0    |    0    |    33   |
|          |  add_ln813_3747_fu_86421 |    0    |    0    |    33   |
|          |  add_ln813_3750_fu_86427 |    0    |    0    |    33   |
|          |  add_ln813_3751_fu_86431 |    0    |    0    |    33   |
|          |  add_ln813_3753_fu_86435 |    0    |    0    |    33   |
|          |  add_ln813_3754_fu_86440 |    0    |    0    |    33   |
|          |  add_ln813_3757_fu_86446 |    0    |    0    |    33   |
|          |  add_ln813_3758_fu_86450 |    0    |    0    |    33   |
|          |  add_ln813_3760_fu_86454 |    0    |    0    |    33   |
|          |  add_ln813_3761_fu_86459 |    0    |    0    |    33   |
|          |  add_ln813_3762_fu_86465 |    0    |    0    |    33   |
|          |  add_ln813_3763_fu_86471 |    0    |    0    |    31   |
|          |  add_ln813_3765_fu_86477 |    0    |    0    |    33   |
|          |  add_ln813_3766_fu_86482 |    0    |    0    |    31   |
|          |  add_ln813_3768_fu_86491 |    0    |    0    |    33   |
|          |  add_ln813_3769_fu_86497 |    0    |    0    |    33   |
|          |  add_ln813_3772_fu_86509 |    0    |    0    |    31   |
|          |  add_ln813_3777_fu_86518 |    0    |    0    |    33   |
|          |  add_ln813_3778_fu_86524 |    0    |    0    |    33   |
|          |  add_ln813_3779_fu_86530 |    0    |    0    |    33   |
|          |  add_ln813_3782_fu_86536 |    0    |    0    |    33   |
|          |  add_ln813_3783_fu_86540 |    0    |    0    |    33   |
|          |  add_ln813_3785_fu_86544 |    0    |    0    |    33   |
|          |  add_ln813_3786_fu_86549 |    0    |    0    |    33   |
|          |  add_ln813_3789_fu_86555 |    0    |    0    |    33   |
|          |  add_ln813_3790_fu_86559 |    0    |    0    |    33   |
|          |  add_ln813_3792_fu_86563 |    0    |    0    |    33   |
|          |  add_ln813_3793_fu_86568 |    0    |    0    |    33   |
|          |  add_ln813_3794_fu_86574 |    0    |    0    |    33   |
|          |  add_ln813_3795_fu_86580 |    0    |    0    |    31   |
|          |  add_ln813_3797_fu_86586 |    0    |    0    |    33   |
|          |  add_ln813_3798_fu_86591 |    0    |    0    |    31   |
|          |  add_ln813_3800_fu_86597 |    0    |    0    |    33   |
|          |  add_ln813_3801_fu_86602 |    0    |    0    |    33   |
|          |  add_ln813_3804_fu_86614 |    0    |    0    |    31   |
|          |  add_ln813_3809_fu_86623 |    0    |    0    |    33   |
|          |  add_ln813_3810_fu_86629 |    0    |    0    |    33   |
|          |  add_ln813_3811_fu_86635 |    0    |    0    |    33   |
|          |  add_ln813_3814_fu_86641 |    0    |    0    |    33   |
|          |  add_ln813_3815_fu_86645 |    0    |    0    |    33   |
|          |  add_ln813_3817_fu_86649 |    0    |    0    |    33   |
|          |  add_ln813_3818_fu_86654 |    0    |    0    |    33   |
|          |  add_ln813_3821_fu_86660 |    0    |    0    |    33   |
|          |  add_ln813_3822_fu_86664 |    0    |    0    |    33   |
|          |  add_ln813_3824_fu_86668 |    0    |    0    |    33   |
|          |  add_ln813_3825_fu_86673 |    0    |    0    |    33   |
|          |  add_ln813_3826_fu_86679 |    0    |    0    |    33   |
|          |  add_ln813_3827_fu_86685 |    0    |    0    |    33   |
|          |  add_ln813_3829_fu_86690 |    0    |    0    |    33   |
|          |  add_ln813_3830_fu_86695 |    0    |    0    |    31   |
|          |  add_ln813_3832_fu_86701 |    0    |    0    |    33   |
|          |  add_ln813_3833_fu_86706 |    0    |    0    |    33   |
|          |  add_ln813_3836_fu_86718 |    0    |    0    |    31   |
|          |  add_ln813_3840_fu_86727 |    0    |    0    |    33   |
|          |  add_ln813_3841_fu_86733 |    0    |    0    |    33   |
|          |  add_ln813_3842_fu_86739 |    0    |    0    |    33   |
|          |  add_ln813_3845_fu_86745 |    0    |    0    |    33   |
|          |  add_ln813_3846_fu_86749 |    0    |    0    |    33   |
|          |  add_ln813_3848_fu_86753 |    0    |    0    |    33   |
|          |  add_ln813_3849_fu_86758 |    0    |    0    |    33   |
|          |  add_ln813_3852_fu_86764 |    0    |    0    |    33   |
|          |  add_ln813_3853_fu_86768 |    0    |    0    |    33   |
|          |  add_ln813_3855_fu_86772 |    0    |    0    |    33   |
|          |  add_ln813_3856_fu_86777 |    0    |    0    |    33   |
|          |  add_ln813_3857_fu_86783 |    0    |    0    |    33   |
|          |  add_ln813_3858_fu_86789 |    0    |    0    |    31   |
|          |  add_ln813_3860_fu_86795 |    0    |    0    |    33   |
|          |  add_ln813_3861_fu_86800 |    0    |    0    |    31   |
|          |  add_ln813_3863_fu_86806 |    0    |    0    |    33   |
|          |  add_ln813_3864_fu_86811 |    0    |    0    |    33   |
|          |  add_ln813_3867_fu_86823 |    0    |    0    |    31   |
|          |  add_ln813_3872_fu_86832 |    0    |    0    |    33   |
|          |  add_ln813_3873_fu_86838 |    0    |    0    |    33   |
|          |  add_ln813_3874_fu_86844 |    0    |    0    |    33   |
|----------|--------------------------|---------|---------|---------|
|          |       r_V_fu_82978       |    0    |    0    |    22   |
|          |     r_V_3267_fu_83394    |    0    |    0    |    24   |
|          |    sub_ln1273_fu_83494   |    0    |    0    |    47   |
|          |     r_V_3272_fu_83500    |    0    |    0    |    49   |
|          |     r_V_3276_fu_83600    |    0    |    0    |    19   |
|          |     r_V_3282_fu_83768    |    0    |    0    |    19   |
|          |     r_V_3295_fu_84025    |    0    |    0    |    25   |
|          |     r_V_3297_fu_84051    |    0    |    0    |    25   |
|          |     r_V_3299_fu_84115    |    0    |    0    |    25   |
|          |     r_V_3308_fu_84274    |    0    |    0    |    17   |
|          |     r_V_3312_fu_84366    |    0    |    0    |    24   |
|          |     r_V_3317_fu_84476    |    0    |    0    |    20   |
|          |     r_V_3320_fu_84534    |    0    |    0    |    17   |
|    sub   |  sub_ln1273_796_fu_84716 |    0    |    0    |    41   |
|          |     r_V_3328_fu_84734    |    0    |    0    |    43   |
|          |     r_V_3332_fu_84812    |    0    |    0    |    16   |
|          |     r_V_3333_fu_84875    |    0    |    0    |    16   |
|          |     r_V_3335_fu_84917    |    0    |    0    |    22   |
|          |     r_V_3336_fu_84991    |    0    |    0    |    26   |
|          |     r_V_3339_fu_85051    |    0    |    0    |    16   |
|          |  sub_ln1273_803_fu_85090 |    0    |    0    |    51   |
|          |     r_V_3340_fu_85108    |    0    |    0    |    53   |
|          |     r_V_3342_fu_85158    |    0    |    0    |    23   |
|          |     r_V_3346_fu_85267    |    0    |    0    |    25   |
|          |     r_V_3352_fu_85407    |    0    |    0    |    25   |
|          |     r_V_3359_fu_85570    |    0    |    0    |    22   |
|          |     r_V_3367_fu_85700    |    0    |    0    |    17   |
|----------|--------------------------|---------|---------|---------|
|          |  p_read3163_read_fu_416  |    0    |    0    |    0    |
|          |  p_read3062_read_fu_422  |    0    |    0    |    0    |
|          |  p_read_175_read_fu_428  |    0    |    0    |    0    |
|          |  p_read_176_read_fu_434  |    0    |    0    |    0    |
|          |  p_read_177_read_fu_440  |    0    |    0    |    0    |
|          |  p_read_178_read_fu_446  |    0    |    0    |    0    |
|          |  p_read_179_read_fu_452  |    0    |    0    |    0    |
|          |  p_read_180_read_fu_458  |    0    |    0    |    0    |
|          |  p_read_181_read_fu_464  |    0    |    0    |    0    |
|          |  p_read_182_read_fu_470  |    0    |    0    |    0    |
|          |  p_read2153_read_fu_476  |    0    |    0    |    0    |
|          |  p_read2052_read_fu_482  |    0    |    0    |    0    |
|          |  p_read_183_read_fu_488  |    0    |    0    |    0    |
|          |  p_read_184_read_fu_494  |    0    |    0    |    0    |
|          |  p_read_185_read_fu_500  |    0    |    0    |    0    |
|   read   |  p_read_186_read_fu_506  |    0    |    0    |    0    |
|          |  p_read_187_read_fu_512  |    0    |    0    |    0    |
|          |  p_read_188_read_fu_518  |    0    |    0    |    0    |
|          |  p_read_189_read_fu_524  |    0    |    0    |    0    |
|          |  p_read_190_read_fu_530  |    0    |    0    |    0    |
|          |  p_read1143_read_fu_536  |    0    |    0    |    0    |
|          |  p_read1042_read_fu_542  |    0    |    0    |    0    |
|          |   p_read941_read_fu_548  |    0    |    0    |    0    |
|          |   p_read840_read_fu_554  |    0    |    0    |    0    |
|          |   p_read739_read_fu_560  |    0    |    0    |    0    |
|          |   p_read638_read_fu_566  |    0    |    0    |    0    |
|          |   p_read537_read_fu_572  |    0    |    0    |    0    |
|          |   p_read436_read_fu_578  |    0    |    0    |    0    |
|          |   p_read335_read_fu_584  |    0    |    0    |    0    |
|          |   p_read234_read_fu_590  |    0    |    0    |    0    |
|          |   p_read133_read_fu_596  |    0    |    0    |    0    |
|          |   p_read32_read_fu_602   |    0    |    0    |    0    |
|----------|--------------------------|---------|---------|---------|
|          |    sext_ln70_fu_82938    |    0    |    0    |    0    |
|          |  sext_ln70_714_fu_82943  |    0    |    0    |    0    |
|          |  sext_ln70_715_fu_82949  |    0    |    0    |    0    |
|          |   sext_ln1273_fu_82962   |    0    |    0    |    0    |
|          | sext_ln1273_905_fu_82974 |    0    |    0    |    0    |
|          | sext_ln1273_906_fu_82994 |    0    |    0    |    0    |
|          | sext_ln1273_907_fu_83008 |    0    |    0    |    0    |
|          | sext_ln1273_908_fu_83032 |    0    |    0    |    0    |
|          |  sext_ln70_716_fu_83046  |    0    |    0    |    0    |
|          |  sext_ln70_717_fu_83051  |    0    |    0    |    0    |
|          |  sext_ln70_718_fu_83056  |    0    |    0    |    0    |
|          |  sext_ln70_719_fu_83061  |    0    |    0    |    0    |
|          | sext_ln1273_909_fu_83107 |    0    |    0    |    0    |
|          |   sext_ln1270_fu_83121   |    0    |    0    |    0    |
|          |  sext_ln1270_8_fu_83125  |    0    |    0    |    0    |
|          |  sext_ln70_720_fu_83133  |    0    |    0    |    0    |
|          |  sext_ln70_721_fu_83188  |    0    |    0    |    0    |
|          |  sext_ln70_722_fu_83194  |    0    |    0    |    0    |
|          |  sext_ln70_723_fu_83251  |    0    |    0    |    0    |
|          |  sext_ln70_724_fu_83256  |    0    |    0    |    0    |
|          | sext_ln818_1015_fu_83294 |    0    |    0    |    0    |
|          |  sext_ln1270_9_fu_83318  |    0    |    0    |    0    |
|          |  sext_ln70_725_fu_83325  |    0    |    0    |    0    |
|          | sext_ln1273_910_fu_83378 |    0    |    0    |    0    |
|          | sext_ln1273_911_fu_83390 |    0    |    0    |    0    |
|          | sext_ln818_1019_fu_83410 |    0    |    0    |    0    |
|          |  sext_ln70_726_fu_83414  |    0    |    0    |    0    |
|          |  sext_ln70_727_fu_83418  |    0    |    0    |    0    |
|          |  sext_ln70_728_fu_83423  |    0    |    0    |    0    |
|          |  sext_ln70_729_fu_83428  |    0    |    0    |    0    |
|          | sext_ln1273_912_fu_83454 |    0    |    0    |    0    |
|          | sext_ln818_1020_fu_83478 |    0    |    0    |    0    |
|          | sext_ln1273_913_fu_83490 |    0    |    0    |    0    |
|          | sext_ln818_1021_fu_83516 |    0    |    0    |    0    |
|          |  sext_ln70_730_fu_83520  |    0    |    0    |    0    |
|          |  sext_ln70_731_fu_83526  |    0    |    0    |    0    |
|          | sext_ln818_1023_fu_83572 |    0    |    0    |    0    |
|          | sext_ln1273_914_fu_83584 |    0    |    0    |    0    |
|          | sext_ln1273_915_fu_83596 |    0    |    0    |    0    |
|          |  sext_ln70_732_fu_83616  |    0    |    0    |    0    |
|          |  sext_ln70_733_fu_83620  |    0    |    0    |    0    |
|          |  sext_ln70_734_fu_83625  |    0    |    0    |    0    |
|          |  sext_ln70_735_fu_83630  |    0    |    0    |    0    |
|          | sext_ln1273_916_fu_83644 |    0    |    0    |    0    |
|          | sext_ln1273_917_fu_83656 |    0    |    0    |    0    |
|          | sext_ln1273_950_fu_83676 |    0    |    0    |    0    |
|          | sext_ln1273_951_fu_83710 |    0    |    0    |    0    |
|          | sext_ln818_1024_fu_83724 |    0    |    0    |    0    |
|          |  sext_ln70_736_fu_83728  |    0    |    0    |    0    |
|          |  sext_ln70_737_fu_83734  |    0    |    0    |    0    |
|          |  sext_ln70_738_fu_83739  |    0    |    0    |    0    |
|          | sext_ln1273_918_fu_83752 |    0    |    0    |    0    |
|          | sext_ln1273_919_fu_83764 |    0    |    0    |    0    |
|          | sext_ln1273_952_fu_83784 |    0    |    0    |    0    |
|          | sext_ln1273_953_fu_83798 |    0    |    0    |    0    |
|          | sext_ln818_1025_fu_83812 |    0    |    0    |    0    |
|          |  sext_ln70_739_fu_83836  |    0    |    0    |    0    |
|          |  sext_ln70_740_fu_83841  |    0    |    0    |    0    |
|          |  sext_ln70_741_fu_83847  |    0    |    0    |    0    |
|          | sext_ln818_1026_fu_83873 |    0    |    0    |    0    |
|          | sext_ln1273_954_fu_83887 |    0    |    0    |    0    |
|          |  sext_ln70_742_fu_83911  |    0    |    0    |    0    |
|          |  sext_ln1270_10_fu_83916 |    0    |    0    |    0    |
|          |  sext_ln70_743_fu_83922  |    0    |    0    |    0    |
|          | sext_ln1273_955_fu_83938 |    0    |    0    |    0    |
|          | sext_ln1273_956_fu_83972 |    0    |    0    |    0    |
|          |  sext_ln1270_11_fu_83986 |    0    |    0    |    0    |
|          |  sext_ln1270_12_fu_83990 |    0    |    0    |    0    |
|          |  sext_ln70_744_fu_83996  |    0    |    0    |    0    |
|          | sext_ln1273_920_fu_84009 |    0    |    0    |    0    |
|          | sext_ln1273_921_fu_84021 |    0    |    0    |    0    |
|          |  sext_ln70_745_fu_84087  |    0    |    0    |    0    |
|          |  sext_ln70_746_fu_84092  |    0    |    0    |    0    |
|          |  sext_ln70_747_fu_84098  |    0    |    0    |    0    |
|          | sext_ln1273_922_fu_84111 |    0    |    0    |    0    |
|          | sext_ln1273_957_fu_84141 |    0    |    0    |    0    |
|          |  sext_ln70_748_fu_84175  |    0    |    0    |    0    |
|          |  sext_ln70_749_fu_84182  |    0    |    0    |    0    |
|          |  sext_ln70_750_fu_84187  |    0    |    0    |    0    |
|          | sext_ln1273_958_fu_84202 |    0    |    0    |    0    |
|          | sext_ln818_1030_fu_84216 |    0    |    0    |    0    |
|          |  sext_ln1270_13_fu_84250 |    0    |    0    |    0    |
|          |  sext_ln70_751_fu_84257  |    0    |    0    |    0    |
|          | sext_ln1273_923_fu_84270 |    0    |    0    |    0    |
|          | sext_ln1273_959_fu_84290 |    0    |    0    |    0    |
|          | sext_ln1273_960_fu_84304 |    0    |    0    |    0    |
|          |  sext_ln70_752_fu_84338  |    0    |    0    |    0    |
|          |  sext_ln70_753_fu_84343  |    0    |    0    |    0    |
|          |  sext_ln70_754_fu_84348  |    0    |    0    |    0    |
|          | sext_ln1273_924_fu_84362 |    0    |    0    |    0    |
|          | sext_ln818_1031_fu_84382 |    0    |    0    |    0    |
|          | sext_ln1273_961_fu_84396 |    0    |    0    |    0    |
|          | sext_ln1273_962_fu_84410 |    0    |    0    |    0    |
|          |  sext_ln70_755_fu_84434  |    0    |    0    |    0    |
|          |  sext_ln70_756_fu_84439  |    0    |    0    |    0    |
|          | sext_ln1273_925_fu_84452 |    0    |    0    |    0    |
|          | sext_ln1273_926_fu_84456 |    0    |    0    |    0    |
|          | sext_ln1273_927_fu_84468 |    0    |    0    |    0    |
|          | sext_ln1273_928_fu_84472 |    0    |    0    |    0    |
|          | sext_ln1273_963_fu_84492 |    0    |    0    |    0    |
|          | sext_ln1273_929_fu_84514 |    0    |    0    |    0    |
|          | sext_ln1273_964_fu_84550 |    0    |    0    |    0    |
|          |  sext_ln70_757_fu_84564  |    0    |    0    |    0    |
|          |  sext_ln70_758_fu_84571  |    0    |    0    |    0    |
|          | sext_ln1273_930_fu_84584 |    0    |    0    |    0    |
|          | sext_ln1273_931_fu_84596 |    0    |    0    |    0    |
|          | sext_ln1273_965_fu_84616 |    0    |    0    |    0    |
|          | sext_ln818_1035_fu_84650 |    0    |    0    |    0    |
|          | sext_ln818_1036_fu_84664 |    0    |    0    |    0    |
|   sext   |  sext_ln70_759_fu_84668  |    0    |    0    |    0    |
|          |  sext_ln70_760_fu_84673  |    0    |    0    |    0    |
|          |  sext_ln70_761_fu_84678  |    0    |    0    |    0    |
|          | sext_ln1273_932_fu_84712 |    0    |    0    |    0    |
|          | sext_ln1273_933_fu_84730 |    0    |    0    |    0    |
|          | sext_ln1273_966_fu_84750 |    0    |    0    |    0    |
|          | sext_ln1273_967_fu_84764 |    0    |    0    |    0    |
|          |  sext_ln1270_14_fu_84778 |    0    |    0    |    0    |
|          |  sext_ln1270_15_fu_84782 |    0    |    0    |    0    |
|          |  sext_ln70_762_fu_84789  |    0    |    0    |    0    |
|          |  sext_ln70_763_fu_84793  |    0    |    0    |    0    |
|          | sext_ln1273_968_fu_84808 |    0    |    0    |    0    |
|          |  sext_ln1270_16_fu_84828 |    0    |    0    |    0    |
|          |  sext_ln70_764_fu_84862  |    0    |    0    |    0    |
|          |  sext_ln70_765_fu_84866  |    0    |    0    |    0    |
|          |  sext_ln70_766_fu_84871  |    0    |    0    |    0    |
|          | sext_ln1273_969_fu_84891 |    0    |    0    |    0    |
|          | sext_ln1273_934_fu_84913 |    0    |    0    |    0    |
|          | sext_ln1273_970_fu_84933 |    0    |    0    |    0    |
|          | sext_ln1273_935_fu_84937 |    0    |    0    |    0    |
|          |  sext_ln70_767_fu_84963  |    0    |    0    |    0    |
|          | sext_ln1273_936_fu_84987 |    0    |    0    |    0    |
|          |  sext_ln70_768_fu_85047  |    0    |    0    |    0    |
|          |  sext_ln1270_17_fu_85067 |    0    |    0    |    0    |
|          |  sext_ln1270_18_fu_85071 |    0    |    0    |    0    |
|          | sext_ln1273_937_fu_85086 |    0    |    0    |    0    |
|          | sext_ln1273_938_fu_85104 |    0    |    0    |    0    |
|          | sext_ln1273_939_fu_85142 |    0    |    0    |    0    |
|          | sext_ln1273_940_fu_85154 |    0    |    0    |    0    |
|          | sext_ln1273_971_fu_85174 |    0    |    0    |    0    |
|          |  sext_ln70_769_fu_85198  |    0    |    0    |    0    |
|          |  sext_ln70_770_fu_85204  |    0    |    0    |    0    |
|          | sext_ln1273_972_fu_85229 |    0    |    0    |    0    |
|          | sext_ln1273_941_fu_85251 |    0    |    0    |    0    |
|          | sext_ln1273_942_fu_85263 |    0    |    0    |    0    |
|          | sext_ln1273_943_fu_85291 |    0    |    0    |    0    |
|          | sext_ln1273_944_fu_85303 |    0    |    0    |    0    |
|          |  sext_ln70_771_fu_85323  |    0    |    0    |    0    |
|          |  sext_ln70_772_fu_85327  |    0    |    0    |    0    |
|          |  sext_ln70_773_fu_85332  |    0    |    0    |    0    |
|          | sext_ln818_1038_fu_85369 |    0    |    0    |    0    |
|          | sext_ln1273_945_fu_85391 |    0    |    0    |    0    |
|          | sext_ln1273_946_fu_85403 |    0    |    0    |    0    |
|          |  sext_ln70_774_fu_85423  |    0    |    0    |    0    |
|          |  sext_ln70_775_fu_85428  |    0    |    0    |    0    |
|          |  sext_ln70_776_fu_85433  |    0    |    0    |    0    |
|          |  sext_ln1270_19_fu_85438 |    0    |    0    |    0    |
|          | sext_ln1273_973_fu_85474 |    0    |    0    |    0    |
|          | sext_ln818_1039_fu_85488 |    0    |    0    |    0    |
|          |  sext_ln70_777_fu_85502  |    0    |    0    |    0    |
|          |  sext_ln70_778_fu_85506  |    0    |    0    |    0    |
|          |  sext_ln70_779_fu_85511  |    0    |    0    |    0    |
|          |  sext_ln70_780_fu_85517  |    0    |    0    |    0    |
|          | sext_ln1273_974_fu_85532 |    0    |    0    |    0    |
|          | sext_ln1273_947_fu_85554 |    0    |    0    |    0    |
|          | sext_ln1273_948_fu_85566 |    0    |    0    |    0    |
|          | sext_ln1273_975_fu_85586 |    0    |    0    |    0    |
|          |  sext_ln70_781_fu_85610  |    0    |    0    |    0    |
|          |  sext_ln70_782_fu_85614  |    0    |    0    |    0    |
|          |  sext_ln1270_20_fu_85662 |    0    |    0    |    0    |
|          |  sext_ln70_783_fu_85668  |    0    |    0    |    0    |
|          | sext_ln818_1040_fu_85684 |    0    |    0    |    0    |
|          | sext_ln1273_949_fu_85696 |    0    |    0    |    0    |
|          | sext_ln1273_976_fu_85716 |    0    |    0    |    0    |
|          | sext_ln818_1041_fu_85730 |    0    |    0    |    0    |
|          |  sext_ln1270_21_fu_85754 |    0    |    0    |    0    |
|          |    sext_ln813_fu_85861   |    0    |    0    |    0    |
|          | sext_ln813_1438_fu_85871 |    0    |    0    |    0    |
|          | sext_ln813_1439_fu_85893 |    0    |    0    |    0    |
|          | sext_ln813_1440_fu_85903 |    0    |    0    |    0    |
|          | sext_ln813_1441_fu_85919 |    0    |    0    |    0    |
|          | sext_ln813_1442_fu_85929 |    0    |    0    |    0    |
|          | sext_ln813_1447_fu_86011 |    0    |    0    |    0    |
|          | sext_ln813_1448_fu_86021 |    0    |    0    |    0    |
|          | sext_ln813_1452_fu_86097 |    0    |    0    |    0    |
|          | sext_ln813_1453_fu_86117 |    0    |    0    |    0    |
|          | sext_ln813_1457_fu_86199 |    0    |    0    |    0    |
|          | sext_ln813_1461_fu_86275 |    0    |    0    |    0    |
|          | sext_ln813_1462_fu_86285 |    0    |    0    |    0    |
|          | sext_ln813_1463_fu_86295 |    0    |    0    |    0    |
|          |    sext_ln818_fu_86305   |    0    |    0    |    0    |
|          | sext_ln818_1011_fu_86308 |    0    |    0    |    0    |
|          | sext_ln818_1012_fu_86311 |    0    |    0    |    0    |
|          | sext_ln818_1013_fu_86314 |    0    |    0    |    0    |
|          | sext_ln818_1014_fu_86317 |    0    |    0    |    0    |
|          | sext_ln818_1016_fu_86320 |    0    |    0    |    0    |
|          | sext_ln818_1017_fu_86323 |    0    |    0    |    0    |
|          | sext_ln818_1018_fu_86326 |    0    |    0    |    0    |
|          | sext_ln818_1022_fu_86329 |    0    |    0    |    0    |
|          | sext_ln818_1027_fu_86332 |    0    |    0    |    0    |
|          | sext_ln818_1028_fu_86335 |    0    |    0    |    0    |
|          | sext_ln818_1029_fu_86338 |    0    |    0    |    0    |
|          | sext_ln818_1032_fu_86341 |    0    |    0    |    0    |
|          | sext_ln818_1033_fu_86344 |    0    |    0    |    0    |
|          | sext_ln818_1034_fu_86347 |    0    |    0    |    0    |
|          | sext_ln818_1037_fu_86350 |    0    |    0    |    0    |
|          | sext_ln813_1443_fu_86412 |    0    |    0    |    0    |
|          | sext_ln813_1444_fu_86488 |    0    |    0    |    0    |
|          | sext_ln813_1445_fu_86503 |    0    |    0    |    0    |
|          | sext_ln813_1446_fu_86506 |    0    |    0    |    0    |
|          | sext_ln813_1449_fu_86515 |    0    |    0    |    0    |
|          | sext_ln813_1450_fu_86608 |    0    |    0    |    0    |
|          | sext_ln813_1451_fu_86611 |    0    |    0    |    0    |
|          | sext_ln813_1454_fu_86620 |    0    |    0    |    0    |
|          | sext_ln813_1455_fu_86712 |    0    |    0    |    0    |
|          | sext_ln813_1456_fu_86715 |    0    |    0    |    0    |
|          | sext_ln813_1458_fu_86724 |    0    |    0    |    0    |
|          | sext_ln813_1459_fu_86817 |    0    |    0    |    0    |
|          | sext_ln813_1460_fu_86820 |    0    |    0    |    0    |
|          | sext_ln813_1464_fu_86829 |    0    |    0    |    0    |
|----------|--------------------------|---------|---------|---------|
|          |      shl_ln_fu_82954     |    0    |    0    |    0    |
|          |   shl_ln1273_s_fu_82966  |    0    |    0    |    0    |
|          |  shl_ln1273_635_fu_83370 |    0    |    0    |    0    |
|          |  shl_ln1273_636_fu_83382 |    0    |    0    |    0    |
|          |  shl_ln1273_637_fu_83482 |    0    |    0    |    0    |
|          |  shl_ln1273_638_fu_83576 |    0    |    0    |    0    |
|          |  shl_ln1273_639_fu_83588 |    0    |    0    |    0    |
|          |  shl_ln1273_640_fu_83636 |    0    |    0    |    0    |
|          |  shl_ln1273_641_fu_83648 |    0    |    0    |    0    |
|          |  shl_ln1273_642_fu_83744 |    0    |    0    |    0    |
|          |  shl_ln1273_643_fu_83756 |    0    |    0    |    0    |
|          |  shl_ln1273_644_fu_84001 |    0    |    0    |    0    |
|          |  shl_ln1273_645_fu_84013 |    0    |    0    |    0    |
|          |  shl_ln1273_646_fu_84103 |    0    |    0    |    0    |
|          |  shl_ln1273_647_fu_84262 |    0    |    0    |    0    |
|          |  shl_ln1273_648_fu_84354 |    0    |    0    |    0    |
|          |  shl_ln1273_649_fu_84444 |    0    |    0    |    0    |
|          |  shl_ln1273_650_fu_84460 |    0    |    0    |    0    |
|          |  shl_ln1273_651_fu_84506 |    0    |    0    |    0    |
|bitconcatenate|  shl_ln1273_652_fu_84576 |    0    |    0    |    0    |
|          |  shl_ln1273_653_fu_84588 |    0    |    0    |    0    |
|          |  shl_ln1273_654_fu_84704 |    0    |    0    |    0    |
|          |  shl_ln1273_655_fu_84722 |    0    |    0    |    0    |
|          |  shl_ln1273_656_fu_84905 |    0    |    0    |    0    |
|          |  shl_ln1273_657_fu_84971 |    0    |    0    |    0    |
|          |  shl_ln1273_658_fu_84979 |    0    |    0    |    0    |
|          |  shl_ln1273_659_fu_85078 |    0    |    0    |    0    |
|          |  shl_ln1273_660_fu_85096 |    0    |    0    |    0    |
|          |  shl_ln1273_661_fu_85134 |    0    |    0    |    0    |
|          |  shl_ln1273_662_fu_85146 |    0    |    0    |    0    |
|          |  shl_ln1273_663_fu_85243 |    0    |    0    |    0    |
|          |  shl_ln1273_664_fu_85255 |    0    |    0    |    0    |
|          |  shl_ln1273_665_fu_85283 |    0    |    0    |    0    |
|          |  shl_ln1273_666_fu_85295 |    0    |    0    |    0    |
|          |  shl_ln1273_667_fu_85383 |    0    |    0    |    0    |
|          |  shl_ln1273_668_fu_85395 |    0    |    0    |    0    |
|          |  shl_ln1273_669_fu_85546 |    0    |    0    |    0    |
|          |  shl_ln1273_670_fu_85558 |    0    |    0    |    0    |
|          |  shl_ln1273_671_fu_85688 |    0    |    0    |    0    |
|----------|--------------------------|---------|---------|---------|
|          |     trunc_ln_fu_82984    |    0    |    0    |    0    |
|          |  trunc_ln818_5_fu_82998  |    0    |    0    |    0    |
|          |  trunc_ln818_6_fu_83012  |    0    |    0    |    0    |
|          |  trunc_ln818_7_fu_83022  |    0    |    0    |    0    |
|          |  trunc_ln818_8_fu_83036  |    0    |    0    |    0    |
|          |  trunc_ln818_9_fu_83067  |    0    |    0    |    0    |
|          |  trunc_ln818_s_fu_83077  |    0    |    0    |    0    |
|          |  trunc_ln818_1_fu_83087  |    0    |    0    |    0    |
|          |  trunc_ln818_2_fu_83097  |    0    |    0    |    0    |
|          |  trunc_ln818_3_fu_83111  |    0    |    0    |    0    |
|          |  trunc_ln818_4_fu_83138  |    0    |    0    |    0    |
|          |  trunc_ln818_10_fu_83148 |    0    |    0    |    0    |
|          |  trunc_ln818_11_fu_83158 |    0    |    0    |    0    |
|          |  trunc_ln818_12_fu_83168 |    0    |    0    |    0    |
|          |  trunc_ln818_13_fu_83178 |    0    |    0    |    0    |
|          |  trunc_ln818_14_fu_83201 |    0    |    0    |    0    |
|          |  trunc_ln818_15_fu_83211 |    0    |    0    |    0    |
|          |  trunc_ln818_16_fu_83221 |    0    |    0    |    0    |
|          |  trunc_ln818_17_fu_83231 |    0    |    0    |    0    |
|          |  trunc_ln818_18_fu_83241 |    0    |    0    |    0    |
|          |  trunc_ln818_19_fu_83264 |    0    |    0    |    0    |
|          |  trunc_ln818_20_fu_83274 |    0    |    0    |    0    |
|          |  trunc_ln818_21_fu_83284 |    0    |    0    |    0    |
|          |  trunc_ln818_22_fu_83298 |    0    |    0    |    0    |
|          |  trunc_ln818_23_fu_83308 |    0    |    0    |    0    |
|          |  trunc_ln818_24_fu_83330 |    0    |    0    |    0    |
|          |  trunc_ln818_25_fu_83340 |    0    |    0    |    0    |
|          |  trunc_ln818_26_fu_83350 |    0    |    0    |    0    |
|          |  trunc_ln818_27_fu_83360 |    0    |    0    |    0    |
|          |  trunc_ln818_28_fu_83400 |    0    |    0    |    0    |
|          |  trunc_ln818_29_fu_83434 |    0    |    0    |    0    |
|          |  trunc_ln818_30_fu_83444 |    0    |    0    |    0    |
|          |  trunc_ln818_31_fu_83458 |    0    |    0    |    0    |
|          |  trunc_ln818_32_fu_83468 |    0    |    0    |    0    |
|          |  trunc_ln818_33_fu_83506 |    0    |    0    |    0    |
|          |  trunc_ln818_34_fu_83532 |    0    |    0    |    0    |
|          |  trunc_ln818_35_fu_83542 |    0    |    0    |    0    |
|          |  trunc_ln818_36_fu_83552 |    0    |    0    |    0    |
|          |  trunc_ln818_37_fu_83562 |    0    |    0    |    0    |
|          |  trunc_ln818_38_fu_83606 |    0    |    0    |    0    |
|          |  trunc_ln818_39_fu_83666 |    0    |    0    |    0    |
|          |  trunc_ln818_40_fu_83680 |    0    |    0    |    0    |
|          |  trunc_ln818_41_fu_83690 |    0    |    0    |    0    |
|          |  trunc_ln818_42_fu_83700 |    0    |    0    |    0    |
|          |  trunc_ln818_43_fu_83714 |    0    |    0    |    0    |
|          |  trunc_ln818_44_fu_83774 |    0    |    0    |    0    |
|          |  trunc_ln818_45_fu_83788 |    0    |    0    |    0    |
|          |  trunc_ln818_46_fu_83802 |    0    |    0    |    0    |
|          |  trunc_ln818_47_fu_83816 |    0    |    0    |    0    |
|          |  trunc_ln818_48_fu_83826 |    0    |    0    |    0    |
|          |  trunc_ln818_49_fu_83853 |    0    |    0    |    0    |
|          |  trunc_ln818_50_fu_83863 |    0    |    0    |    0    |
|          |  trunc_ln818_51_fu_83877 |    0    |    0    |    0    |
|          |  trunc_ln818_52_fu_83891 |    0    |    0    |    0    |
|          |  trunc_ln818_53_fu_83901 |    0    |    0    |    0    |
|          |  trunc_ln818_54_fu_83928 |    0    |    0    |    0    |
|          |  trunc_ln818_55_fu_83942 |    0    |    0    |    0    |
|          |  trunc_ln818_56_fu_83952 |    0    |    0    |    0    |
|          |  trunc_ln818_57_fu_83962 |    0    |    0    |    0    |
|          |  trunc_ln818_58_fu_83976 |    0    |    0    |    0    |
|          |  trunc_ln818_59_fu_84031 |    0    |    0    |    0    |
|          |  trunc_ln818_60_fu_84041 |    0    |    0    |    0    |
|          |  trunc_ln818_61_fu_84057 |    0    |    0    |    0    |
|          |  trunc_ln818_62_fu_84067 |    0    |    0    |    0    |
|          |  trunc_ln818_63_fu_84077 |    0    |    0    |    0    |
|          |  trunc_ln818_64_fu_84121 |    0    |    0    |    0    |
|          |  trunc_ln818_65_fu_84131 |    0    |    0    |    0    |
|          |  trunc_ln818_66_fu_84145 |    0    |    0    |    0    |
|          |  trunc_ln818_67_fu_84155 |    0    |    0    |    0    |
|          |  trunc_ln818_68_fu_84165 |    0    |    0    |    0    |
|          |  trunc_ln818_69_fu_84192 |    0    |    0    |    0    |
|          |  trunc_ln818_70_fu_84206 |    0    |    0    |    0    |
|          |  trunc_ln818_71_fu_84220 |    0    |    0    |    0    |
|          |  trunc_ln818_72_fu_84230 |    0    |    0    |    0    |
|          |  trunc_ln818_73_fu_84240 |    0    |    0    |    0    |
|          |  trunc_ln818_74_fu_84280 |    0    |    0    |    0    |
|          |  trunc_ln818_75_fu_84294 |    0    |    0    |    0    |
|partselect|  trunc_ln818_76_fu_84308 |    0    |    0    |    0    |
|          |  trunc_ln818_77_fu_84318 |    0    |    0    |    0    |
|          |  trunc_ln818_78_fu_84328 |    0    |    0    |    0    |
|          |  trunc_ln818_79_fu_84372 |    0    |    0    |    0    |
|          |  trunc_ln818_80_fu_84386 |    0    |    0    |    0    |
|          |  trunc_ln818_81_fu_84400 |    0    |    0    |    0    |
|          |  trunc_ln818_82_fu_84414 |    0    |    0    |    0    |
|          |  trunc_ln818_83_fu_84424 |    0    |    0    |    0    |
|          |  trunc_ln818_84_fu_84482 |    0    |    0    |    0    |
|          |  trunc_ln818_85_fu_84496 |    0    |    0    |    0    |
|          |  trunc_ln818_86_fu_84524 |    0    |    0    |    0    |
|          |  trunc_ln818_87_fu_84540 |    0    |    0    |    0    |
|          |  trunc_ln818_88_fu_84554 |    0    |    0    |    0    |
|          |  trunc_ln818_89_fu_84606 |    0    |    0    |    0    |
|          |  trunc_ln818_90_fu_84620 |    0    |    0    |    0    |
|          |  trunc_ln818_91_fu_84630 |    0    |    0    |    0    |
|          |  trunc_ln818_92_fu_84640 |    0    |    0    |    0    |
|          |  trunc_ln818_93_fu_84654 |    0    |    0    |    0    |
|          |  trunc_ln818_94_fu_84684 |    0    |    0    |    0    |
|          |  trunc_ln818_95_fu_84694 |    0    |    0    |    0    |
|          |  trunc_ln818_96_fu_84740 |    0    |    0    |    0    |
|          |  trunc_ln818_97_fu_84754 |    0    |    0    |    0    |
|          |  trunc_ln818_98_fu_84768 |    0    |    0    |    0    |
|          |  trunc_ln818_99_fu_84798 |    0    |    0    |    0    |
|          | trunc_ln818_100_fu_84818 |    0    |    0    |    0    |
|          | trunc_ln818_101_fu_84832 |    0    |    0    |    0    |
|          | trunc_ln818_102_fu_84842 |    0    |    0    |    0    |
|          | trunc_ln818_103_fu_84852 |    0    |    0    |    0    |
|          | trunc_ln818_104_fu_84881 |    0    |    0    |    0    |
|          | trunc_ln818_105_fu_84895 |    0    |    0    |    0    |
|          | trunc_ln818_106_fu_84923 |    0    |    0    |    0    |
|          | trunc_ln818_107_fu_84943 |    0    |    0    |    0    |
|          | trunc_ln818_108_fu_84953 |    0    |    0    |    0    |
|          | trunc_ln818_109_fu_84997 |    0    |    0    |    0    |
|          | trunc_ln818_110_fu_85007 |    0    |    0    |    0    |
|          | trunc_ln818_111_fu_85017 |    0    |    0    |    0    |
|          | trunc_ln818_112_fu_85027 |    0    |    0    |    0    |
|          | trunc_ln818_113_fu_85037 |    0    |    0    |    0    |
|          | trunc_ln818_114_fu_85057 |    0    |    0    |    0    |
|          | trunc_ln818_115_fu_85114 |    0    |    0    |    0    |
|          | trunc_ln818_116_fu_85124 |    0    |    0    |    0    |
|          | trunc_ln818_117_fu_85164 |    0    |    0    |    0    |
|          | trunc_ln818_118_fu_85178 |    0    |    0    |    0    |
|          | trunc_ln818_119_fu_85188 |    0    |    0    |    0    |
|          | trunc_ln818_120_fu_85209 |    0    |    0    |    0    |
|          | trunc_ln818_121_fu_85219 |    0    |    0    |    0    |
|          | trunc_ln818_122_fu_85233 |    0    |    0    |    0    |
|          | trunc_ln818_123_fu_85273 |    0    |    0    |    0    |
|          | trunc_ln818_124_fu_85313 |    0    |    0    |    0    |
|          | trunc_ln818_125_fu_85339 |    0    |    0    |    0    |
|          | trunc_ln818_126_fu_85349 |    0    |    0    |    0    |
|          | trunc_ln818_127_fu_85359 |    0    |    0    |    0    |
|          | trunc_ln818_128_fu_85373 |    0    |    0    |    0    |
|          | trunc_ln818_129_fu_85413 |    0    |    0    |    0    |
|          | trunc_ln818_130_fu_85444 |    0    |    0    |    0    |
|          | trunc_ln818_131_fu_85454 |    0    |    0    |    0    |
|          | trunc_ln818_132_fu_85464 |    0    |    0    |    0    |
|          | trunc_ln818_133_fu_85478 |    0    |    0    |    0    |
|          | trunc_ln818_134_fu_85492 |    0    |    0    |    0    |
|          | trunc_ln818_135_fu_85522 |    0    |    0    |    0    |
|          | trunc_ln818_136_fu_85536 |    0    |    0    |    0    |
|          | trunc_ln818_137_fu_85576 |    0    |    0    |    0    |
|          | trunc_ln818_138_fu_85590 |    0    |    0    |    0    |
|          | trunc_ln818_139_fu_85600 |    0    |    0    |    0    |
|          | trunc_ln818_140_fu_85622 |    0    |    0    |    0    |
|          | trunc_ln818_141_fu_85632 |    0    |    0    |    0    |
|          | trunc_ln818_142_fu_85642 |    0    |    0    |    0    |
|          | trunc_ln818_143_fu_85652 |    0    |    0    |    0    |
|          | trunc_ln818_144_fu_85674 |    0    |    0    |    0    |
|          | trunc_ln818_145_fu_85706 |    0    |    0    |    0    |
|          | trunc_ln818_146_fu_85720 |    0    |    0    |    0    |
|          | trunc_ln818_147_fu_85734 |    0    |    0    |    0    |
|          | trunc_ln818_148_fu_85744 |    0    |    0    |    0    |
|          | trunc_ln818_149_fu_85763 |    0    |    0    |    0    |
|          | trunc_ln818_150_fu_85773 |    0    |    0    |    0    |
|          | trunc_ln818_151_fu_85783 |    0    |    0    |    0    |
|          | trunc_ln818_152_fu_85793 |    0    |    0    |    0    |
|          | trunc_ln818_153_fu_85803 |    0    |    0    |    0    |
|----------|--------------------------|---------|---------|---------|
|   zext   |    zext_ln813_fu_86107   |    0    |    0    |    0    |
|----------|--------------------------|---------|---------|---------|
|          |       mrv_fu_86850       |    0    |    0    |    0    |
|          |      mrv_1_fu_86856      |    0    |    0    |    0    |
|insertvalue|      mrv_2_fu_86862      |    0    |    0    |    0    |
|          |      mrv_3_fu_86868      |    0    |    0    |    0    |
|          |      mrv_4_fu_86874      |    0    |    0    |    0    |
|----------|--------------------------|---------|---------|---------|
|   Total  |                          |    0    |    0    |  32843  |
|----------|--------------------------|---------|---------|---------|

Memories:
N/A

* Register list:
+-------------------------+--------+
|                         |   FF   |
+-------------------------+--------+
| add_ln813_3718_reg_87075|   16   |
| add_ln813_3721_reg_87080|   16   |
| add_ln813_3724_reg_87085|   16   |
| add_ln813_3725_reg_87090|   16   |
| add_ln813_3728_reg_87095|   16   |
| add_ln813_3733_reg_87100|   16   |
| add_ln813_3737_reg_87105|   16   |
| add_ln813_3745_reg_87110|   15   |
| add_ln813_3748_reg_87115|   16   |
| add_ln813_3749_reg_87120|   16   |
| add_ln813_3752_reg_87125|   16   |
| add_ln813_3755_reg_87130|   16   |
| add_ln813_3756_reg_87135|   16   |
| add_ln813_3759_reg_87140|   16   |
| add_ln813_3764_reg_87145|   16   |
| add_ln813_3767_reg_87150|   15   |
| add_ln813_3770_reg_87155|   15   |
| add_ln813_3771_reg_87160|   14   |
| add_ln813_3776_reg_87165|   13   |
| add_ln813_3780_reg_87170|   16   |
| add_ln813_3781_reg_87175|   16   |
| add_ln813_3784_reg_87180|   16   |
| add_ln813_3787_reg_87185|   16   |
| add_ln813_3788_reg_87190|   16   |
| add_ln813_3791_reg_87195|   16   |
| add_ln813_3796_reg_87200|   16   |
| add_ln813_3799_reg_87205|   16   |
| add_ln813_3802_reg_87210|   15   |
| add_ln813_3803_reg_87215|   15   |
| add_ln813_3808_reg_87220|   15   |
| add_ln813_3812_reg_87225|   16   |
| add_ln813_3813_reg_87230|   16   |
| add_ln813_3816_reg_87235|   16   |
| add_ln813_3819_reg_87240|   16   |
| add_ln813_3820_reg_87245|   16   |
| add_ln813_3823_reg_87250|   16   |
| add_ln813_3828_reg_87255|   16   |
| add_ln813_3831_reg_87260|   16   |
| add_ln813_3834_reg_87265|   15   |
| add_ln813_3835_reg_87270|   15   |
| add_ln813_3839_reg_87275|   15   |
| add_ln813_3843_reg_87280|   16   |
| add_ln813_3844_reg_87285|   16   |
| add_ln813_3847_reg_87290|   16   |
| add_ln813_3850_reg_87295|   16   |
| add_ln813_3851_reg_87300|   16   |
| add_ln813_3854_reg_87305|   16   |
| add_ln813_3859_reg_87310|   16   |
| add_ln813_3862_reg_87315|   16   |
| add_ln813_3865_reg_87320|   15   |
| add_ln813_3866_reg_87325|   14   |
| add_ln813_3871_reg_87330|   14   |
|   add_ln813_reg_87070   |   16   |
|trunc_ln818_105_reg_87005|   15   |
|trunc_ln818_111_reg_87010|   16   |
| trunc_ln818_11_reg_86885|   15   |
|trunc_ln818_120_reg_87015|   16   |
|trunc_ln818_122_reg_87020|   16   |
|trunc_ln818_123_reg_87025|   16   |
|trunc_ln818_125_reg_87030|   16   |
|trunc_ln818_128_reg_87035|   16   |
|trunc_ln818_129_reg_87040|   16   |
|trunc_ln818_131_reg_87045|   16   |
|trunc_ln818_136_reg_87050|   16   |
|trunc_ln818_143_reg_87055|   16   |
|trunc_ln818_149_reg_87060|   16   |
|trunc_ln818_152_reg_87065|   16   |
| trunc_ln818_16_reg_86890|   15   |
| trunc_ln818_18_reg_86895|   15   |
| trunc_ln818_19_reg_86900|   15   |
| trunc_ln818_22_reg_86905|   15   |
| trunc_ln818_23_reg_86910|   15   |
| trunc_ln818_25_reg_86915|   14   |
| trunc_ln818_29_reg_86920|   16   |
| trunc_ln818_34_reg_86925|   16   |
| trunc_ln818_35_reg_86930|   15   |
| trunc_ln818_36_reg_86935|   16   |
| trunc_ln818_41_reg_86940|   16   |
| trunc_ln818_52_reg_86945|   16   |
| trunc_ln818_53_reg_86950|   15   |
| trunc_ln818_55_reg_86955|   16   |
| trunc_ln818_60_reg_86960|   16   |
| trunc_ln818_62_reg_86965|   15   |
| trunc_ln818_66_reg_86970|   15   |
| trunc_ln818_67_reg_86975|   16   |
| trunc_ln818_68_reg_86980|   16   |
| trunc_ln818_73_reg_86985|   16   |
| trunc_ln818_82_reg_86990|   15   |
| trunc_ln818_88_reg_86995|   15   |
| trunc_ln818_91_reg_87000|   15   |
| trunc_ln818_s_reg_86880 |   15   |
+-------------------------+--------+
|          Total          |  1420  |
+-------------------------+--------+

* Multiplexer (MUX) list: 
|--------|------|------|------|--------|
|  Comp  |  Pin | Size |  BW  | S x BW |
|--------|------|------|------|--------|
|  Total |      |      |      |    0   |
|--------|------|------|------|--------|



* Summary:
+-----------+--------+--------+--------+
|           |   DSP  |   FF   |   LUT  |
+-----------+--------+--------+--------+
|  Function |    0   |    0   |  32843 |
|   Memory  |    -   |    -   |    -   |
|Multiplexer|    -   |    -   |    -   |
|  Register |    -   |  1420  |    -   |
+-----------+--------+--------+--------+
|   Total   |    0   |  1420  |  32843 |
+-----------+--------+--------+--------+
