

================================================================
== Vitis HLS Report for 'dense_latency_ap_fixed_16_6_5_3_0_ap_fixed_16_6_5_3_0_config2_mult_s'
================================================================
* Date:           Fri Aug  2 18:46:54 2024

* Version:        2022.2 (Build 3670227 on Oct 13 2022)
* Project:        kernel_wrapper
* Solution:       solution (Vitis Kernel Flow Target)
* Product family: virtexuplus
* Target device:  xcu55c-fsvh2892-2L-e


================================================================
== Performance Estimates
================================================================
+ Timing: 
    * Summary: 
    +--------+---------+----------+------------+
    |  Clock |  Target | Estimated| Uncertainty|
    +--------+---------+----------+------------+
    |ap_clk  |  5.00 ns|  3.605 ns|     1.35 ns|
    +--------+---------+----------+------------+

+ Latency: 
    * Summary: 
    +---------+---------+----------+----------+-----+-----+---------+
    |  Latency (cycles) |  Latency (absolute) |  Interval | Pipeline|
    |   min   |   max   |    min   |    max   | min | max |   Type  |
    +---------+---------+----------+----------+-----+-----+---------+
    |        1|        1|  5.000 ns|  5.000 ns|    1|    1|      yes|
    +---------+---------+----------+----------+-----+-----+---------+

    + Detail: 
        * Instance: 
        N/A

        * Loop: 
        N/A

============================================================
+ Verbose Summary: Synthesis Manager
============================================================
InlineROM: 1
ExposeGlobal: 0
============================================================
+ Verbose Summary: CDFG Model
============================================================
IsTopModel: 0
ResetActiveHigh: 1
IsCombinational: 0
IsDatapathOnly: 0
HasWiredReturn: 1
HasMFsm: 2
HasVarLatency: 0
IsPipeline: 1
IsRtlPipelined: 1
IsInstanceOverlapped: 0
IsDontTouch: 0
HasImplIP: 0
IsGatedGlobalClock: 0

+ Individual pipeline summary: 
  * Pipeline-0: initiation interval (II) = 1, depth = 2


============================================================
+ Verbose Summary: Schedule
============================================================
* Number of FSM states : 2
* Pipeline : 1
  Pipeline-0 : II = 1, D = 2, States = { 1 2 }
* Dataflow Pipeline: 0

* FSM state transitions: 
1 --> 2 
2 --> 

* FSM state operations: 

State 1 <SV = 0> <Delay = 3.40>
ST_1 : Operation 3 [1/1] (0.00ns)   --->   "%a_V = load i16 %void_compute_output_buffer_2d_array_const_ap_shift_reg_n_chan_stream_weig_9"   --->   Operation 3 'load' 'a_V' <Predicate = true> <Delay = 0.00>
ST_1 : Operation 4 [1/1] (0.00ns)   --->   "%sext_ln1273 = sext i16 %a_V"   --->   Operation 4 'sext' 'sext_ln1273' <Predicate = true> <Delay = 0.00>
ST_1 : Operation 5 [1/1] (0.00ns)   --->   "%shl_ln1273_s = bitconcatenate i19 @_ssdm_op_BitConcatenate.i19.i16.i3, i16 %a_V, i3 0"   --->   Operation 5 'bitconcatenate' 'shl_ln1273_s' <Predicate = true> <Delay = 0.00>
ST_1 : Operation 6 [1/1] (0.00ns)   --->   "%sext_ln1273_1483 = sext i19 %shl_ln1273_s"   --->   Operation 6 'sext' 'sext_ln1273_1483' <Predicate = true> <Delay = 0.00>
ST_1 : Operation 7 [1/1] (0.80ns)   --->   "%r_V_2926 = add i20 %sext_ln1273_1483, i20 %sext_ln1273"   --->   Operation 7 'add' 'r_V_2926' <Predicate = true> <Delay = 0.80> <CoreInst = "Adder">   --->   Core 1 'Adder' <Latency = 0> <II = 1> <Delay = 0.80> <FuncUnit> <Opcode : 'add' 'sub'> <InPorts = 2> <OutPorts = 1>
ST_1 : Operation 8 [1/1] (0.00ns)   --->   "%mult_V_2549 = partselect i15 @_ssdm_op_PartSelect.i15.i20.i32.i32, i20 %r_V_2926, i32 5, i32 19"   --->   Operation 8 'partselect' 'mult_V_2549' <Predicate = true> <Delay = 0.00>
ST_1 : Operation 9 [1/1] (0.00ns)   --->   "%sext_ln818_748 = sext i15 %mult_V_2549"   --->   Operation 9 'sext' 'sext_ln818_748' <Predicate = true> <Delay = 0.00>
ST_1 : Operation 10 [1/1] (0.00ns)   --->   "%mult_V_2550 = partselect i13 @_ssdm_op_PartSelect.i13.i16.i32.i32, i16 %a_V, i32 3, i32 15"   --->   Operation 10 'partselect' 'mult_V_2550' <Predicate = true> <Delay = 0.00>
ST_1 : Operation 11 [1/1] (0.00ns)   --->   "%a_V_252 = load i16 %void_compute_output_buffer_2d_array_const_ap_shift_reg_n_chan_stream_weig_4"   --->   Operation 11 'load' 'a_V_252' <Predicate = true> <Delay = 0.00>
ST_1 : Operation 12 [1/1] (0.00ns)   --->   "%sext_ln818_623 = sext i16 %a_V_252"   --->   Operation 12 'sext' 'sext_ln818_623' <Predicate = true> <Delay = 0.00>
ST_1 : Operation 13 [1/1] (0.00ns)   --->   "%mult_V_2576 = partselect i12 @_ssdm_op_PartSelect.i12.i16.i32.i32, i16 %a_V_252, i32 4, i32 15"   --->   Operation 13 'partselect' 'mult_V_2576' <Predicate = true> <Delay = 0.00>
ST_1 : Operation 14 [1/1] (0.00ns)   --->   "%sext_ln17_1679 = sext i12 %mult_V_2576" [/home/ayvol/vitis-accel-CNN/vitis_accel_prj/firmware/nnet_utils/nnet_dense_latency.h:17]   --->   Operation 14 'sext' 'sext_ln17_1679' <Predicate = true> <Delay = 0.00>
ST_1 : Operation 15 [1/1] (0.78ns)   --->   "%r_V_2952 = sub i17 0, i17 %sext_ln818_623"   --->   Operation 15 'sub' 'r_V_2952' <Predicate = true> <Delay = 0.78> <CoreInst = "Adder">   --->   Core 1 'Adder' <Latency = 0> <II = 1> <Delay = 0.78> <FuncUnit> <Opcode : 'add' 'sub'> <InPorts = 2> <OutPorts = 1>
ST_1 : Operation 16 [1/1] (0.00ns)   --->   "%mult_V_2581 = partselect i12 @_ssdm_op_PartSelect.i12.i17.i32.i32, i17 %r_V_2952, i32 5, i32 16"   --->   Operation 16 'partselect' 'mult_V_2581' <Predicate = true> <Delay = 0.00>
ST_1 : Operation 17 [1/1] (0.00ns)   --->   "%sext_ln17_1680 = sext i12 %mult_V_2581" [/home/ayvol/vitis-accel-CNN/vitis_accel_prj/firmware/nnet_utils/nnet_dense_latency.h:17]   --->   Operation 17 'sext' 'sext_ln17_1680' <Predicate = true> <Delay = 0.00>
ST_1 : Operation 18 [1/1] (0.00ns)   --->   "%a_V_255 = load i16 %void_compute_output_buffer_2d_array_const_ap_shift_reg_n_chan_stream_weig_1"   --->   Operation 18 'load' 'a_V_255' <Predicate = true> <Delay = 0.00>
ST_1 : Operation 19 [1/1] (0.00ns)   --->   "%sext_ln1273_1503 = sext i16 %a_V_255"   --->   Operation 19 'sext' 'sext_ln1273_1503' <Predicate = true> <Delay = 0.00>
ST_1 : Operation 20 [1/1] (0.00ns)   --->   "%sext_ln1273_1504 = sext i16 %a_V_255"   --->   Operation 20 'sext' 'sext_ln1273_1504' <Predicate = true> <Delay = 0.00>
ST_1 : Operation 21 [1/1] (0.00ns)   --->   "%shl_ln1273_886 = bitconcatenate i19 @_ssdm_op_BitConcatenate.i19.i16.i3, i16 %a_V_255, i3 0"   --->   Operation 21 'bitconcatenate' 'shl_ln1273_886' <Predicate = true> <Delay = 0.00>
ST_1 : Operation 22 [1/1] (0.00ns)   --->   "%sext_ln1273_1507 = sext i19 %shl_ln1273_886"   --->   Operation 22 'sext' 'sext_ln1273_1507' <Predicate = true> <Delay = 0.00>
ST_1 : Operation 23 [1/1] (0.00ns)   --->   "%shl_ln1273_887 = bitconcatenate i17 @_ssdm_op_BitConcatenate.i17.i16.i1, i16 %a_V_255, i1 0"   --->   Operation 23 'bitconcatenate' 'shl_ln1273_887' <Predicate = true> <Delay = 0.00>
ST_1 : Operation 24 [1/1] (0.00ns)   --->   "%sext_ln1273_1508 = sext i17 %shl_ln1273_887"   --->   Operation 24 'sext' 'sext_ln1273_1508' <Predicate = true> <Delay = 0.00>
ST_1 : Operation 25 [1/1] (0.80ns)   --->   "%r_V_2962 = sub i20 %sext_ln1273_1508, i20 %sext_ln1273_1507"   --->   Operation 25 'sub' 'r_V_2962' <Predicate = true> <Delay = 0.80> <CoreInst = "Adder">   --->   Core 1 'Adder' <Latency = 0> <II = 1> <Delay = 0.80> <FuncUnit> <Opcode : 'add' 'sub'> <InPorts = 2> <OutPorts = 1>
ST_1 : Operation 26 [1/1] (0.00ns)   --->   "%mult_V_2592 = partselect i15 @_ssdm_op_PartSelect.i15.i20.i32.i32, i20 %r_V_2962, i32 5, i32 19"   --->   Operation 26 'partselect' 'mult_V_2592' <Predicate = true> <Delay = 0.00>
ST_1 : Operation 27 [1/1] (0.00ns)   --->   "%sext_ln818_749 = sext i15 %mult_V_2592"   --->   Operation 27 'sext' 'sext_ln818_749' <Predicate = true> <Delay = 0.00>
ST_1 : Operation 28 [1/1] (0.00ns)   --->   "%shl_ln1273_888 = bitconcatenate i18 @_ssdm_op_BitConcatenate.i18.i16.i2, i16 %a_V_255, i2 0"   --->   Operation 28 'bitconcatenate' 'shl_ln1273_888' <Predicate = true> <Delay = 0.00>
ST_1 : Operation 29 [1/1] (0.00ns)   --->   "%sext_ln1273_1509 = sext i18 %shl_ln1273_888"   --->   Operation 29 'sext' 'sext_ln1273_1509' <Predicate = true> <Delay = 0.00>
ST_1 : Operation 30 [1/1] (0.00ns) (grouped into TernaryAdder)   --->   "%sub_ln1273_1868 = sub i19 0, i19 %sext_ln1273_1509"   --->   Operation 30 'sub' 'sub_ln1273_1868' <Predicate = true> <Delay = 0.00> <CoreInst = "TAddSub">   --->   Core 10 'TAddSub' <Latency = 0> <II = 1> <Delay = 0.33> <IPBlock> <Opcode : 'add' 'sub'> <InPorts = 3> <OutPorts = 1> <Sync> <CReg>
ST_1 : Operation 31 [1/1] (0.68ns) (root node of TernaryAdder)   --->   "%r_V_2965 = sub i19 %sub_ln1273_1868, i19 %sext_ln1273_1503"   --->   Operation 31 'sub' 'r_V_2965' <Predicate = true> <Delay = 0.68> <CoreInst = "TAddSub">   --->   Core 10 'TAddSub' <Latency = 0> <II = 1> <Delay = 0.33> <IPBlock> <Opcode : 'add' 'sub'> <InPorts = 3> <OutPorts = 1> <Sync> <CReg>
ST_1 : Operation 32 [1/1] (0.00ns)   --->   "%mult_V_2595 = partselect i14 @_ssdm_op_PartSelect.i14.i19.i32.i32, i19 %r_V_2965, i32 5, i32 18"   --->   Operation 32 'partselect' 'mult_V_2595' <Predicate = true> <Delay = 0.00>
ST_1 : Operation 33 [1/1] (0.00ns)   --->   "%sext_ln17_1682 = sext i14 %mult_V_2595" [/home/ayvol/vitis-accel-CNN/vitis_accel_prj/firmware/nnet_utils/nnet_dense_latency.h:17]   --->   Operation 33 'sext' 'sext_ln17_1682' <Predicate = true> <Delay = 0.00>
ST_1 : Operation 34 [1/1] (0.80ns)   --->   "%r_V_2966 = sub i20 %sext_ln1273_1504, i20 %sext_ln1273_1507"   --->   Operation 34 'sub' 'r_V_2966' <Predicate = true> <Delay = 0.80> <CoreInst = "Adder">   --->   Core 1 'Adder' <Latency = 0> <II = 1> <Delay = 0.80> <FuncUnit> <Opcode : 'add' 'sub'> <InPorts = 2> <OutPorts = 1>
ST_1 : Operation 35 [1/1] (0.00ns)   --->   "%mult_V_2596 = partselect i15 @_ssdm_op_PartSelect.i15.i20.i32.i32, i20 %r_V_2966, i32 5, i32 19"   --->   Operation 35 'partselect' 'mult_V_2596' <Predicate = true> <Delay = 0.00>
ST_1 : Operation 36 [1/1] (0.00ns)   --->   "%sext_ln818_750 = sext i15 %mult_V_2596"   --->   Operation 36 'sext' 'sext_ln818_750' <Predicate = true> <Delay = 0.00>
ST_1 : Operation 37 [1/1] (0.00ns)   --->   "%a_V_256 = load i16 %void_compute_output_buffer_2d_array_const_ap_shift_reg_n_chan_stream_weig"   --->   Operation 37 'load' 'a_V_256' <Predicate = true> <Delay = 0.00>
ST_1 : Operation 38 [1/1] (0.00ns)   --->   "%sext_ln1273_1510 = sext i16 %a_V_256"   --->   Operation 38 'sext' 'sext_ln1273_1510' <Predicate = true> <Delay = 0.00>
ST_1 : Operation 39 [1/1] (0.00ns)   --->   "%sext_ln1273_1511 = sext i16 %a_V_256"   --->   Operation 39 'sext' 'sext_ln1273_1511' <Predicate = true> <Delay = 0.00>
ST_1 : Operation 40 [1/1] (0.00ns)   --->   "%shl_ln1273_889 = bitconcatenate i17 @_ssdm_op_BitConcatenate.i17.i16.i1, i16 %a_V_256, i1 0"   --->   Operation 40 'bitconcatenate' 'shl_ln1273_889' <Predicate = true> <Delay = 0.00>
ST_1 : Operation 41 [1/1] (0.00ns)   --->   "%sext_ln1273_1512 = sext i17 %shl_ln1273_889"   --->   Operation 41 'sext' 'sext_ln1273_1512' <Predicate = true> <Delay = 0.00>
ST_1 : Operation 42 [1/1] (0.79ns)   --->   "%r_V_2967 = sub i18 0, i18 %sext_ln1273_1512"   --->   Operation 42 'sub' 'r_V_2967' <Predicate = true> <Delay = 0.79> <CoreInst = "Adder">   --->   Core 1 'Adder' <Latency = 0> <II = 1> <Delay = 0.79> <FuncUnit> <Opcode : 'add' 'sub'> <InPorts = 2> <OutPorts = 1>
ST_1 : Operation 43 [1/1] (0.00ns)   --->   "%mult_V_2598 = partselect i13 @_ssdm_op_PartSelect.i13.i18.i32.i32, i18 %r_V_2967, i32 5, i32 17"   --->   Operation 43 'partselect' 'mult_V_2598' <Predicate = true> <Delay = 0.00>
ST_1 : Operation 44 [1/1] (0.00ns)   --->   "%sext_ln17_1683 = sext i13 %mult_V_2598" [/home/ayvol/vitis-accel-CNN/vitis_accel_prj/firmware/nnet_utils/nnet_dense_latency.h:17]   --->   Operation 44 'sext' 'sext_ln17_1683' <Predicate = true> <Delay = 0.00>
ST_1 : Operation 45 [1/1] (1.94ns)   --->   "%mul_ln1270_75 = mul i21 %sext_ln1273_1511, i21 2097126"   --->   Operation 45 'mul' 'mul_ln1270_75' <Predicate = true> <Delay = 1.94> <CoreInst = "Multiplier">   --->   Core 3 'Multiplier' <Latency = 0> <II = 1> <Delay = 1.94> <FuncUnit> <Opcode : 'mul'> <InPorts = 2> <OutPorts = 1>
ST_1 : Operation 46 [1/1] (0.00ns)   --->   "%mult_V_2600 = partselect i16 @_ssdm_op_PartSelect.i16.i21.i32.i32, i21 %mul_ln1270_75, i32 5, i32 20"   --->   Operation 46 'partselect' 'mult_V_2600' <Predicate = true> <Delay = 0.00>
ST_1 : Operation 47 [1/1] (0.00ns)   --->   "%shl_ln1273_891 = bitconcatenate i20 @_ssdm_op_BitConcatenate.i20.i16.i4, i16 %a_V_256, i4 0"   --->   Operation 47 'bitconcatenate' 'shl_ln1273_891' <Predicate = true> <Delay = 0.00>
ST_1 : Operation 48 [1/1] (0.00ns)   --->   "%sext_ln1273_1513 = sext i20 %shl_ln1273_891"   --->   Operation 48 'sext' 'sext_ln1273_1513' <Predicate = true> <Delay = 0.00>
ST_1 : Operation 49 [1/1] (0.80ns)   --->   "%r_V_2969 = add i21 %sext_ln1273_1513, i21 %sext_ln1273_1511"   --->   Operation 49 'add' 'r_V_2969' <Predicate = true> <Delay = 0.80> <CoreInst = "Adder">   --->   Core 1 'Adder' <Latency = 0> <II = 1> <Delay = 0.80> <FuncUnit> <Opcode : 'add' 'sub'> <InPorts = 2> <OutPorts = 1>
ST_1 : Operation 50 [1/1] (0.00ns)   --->   "%mult_V_2601 = partselect i16 @_ssdm_op_PartSelect.i16.i21.i32.i32, i21 %r_V_2969, i32 5, i32 20"   --->   Operation 50 'partselect' 'mult_V_2601' <Predicate = true> <Delay = 0.00>
ST_1 : Operation 51 [1/1] (0.00ns)   --->   "%shl_ln1273_892 = bitconcatenate i19 @_ssdm_op_BitConcatenate.i19.i16.i3, i16 %a_V_256, i3 0"   --->   Operation 51 'bitconcatenate' 'shl_ln1273_892' <Predicate = true> <Delay = 0.00>
ST_1 : Operation 52 [1/1] (0.00ns)   --->   "%sext_ln1273_1514 = sext i19 %shl_ln1273_892"   --->   Operation 52 'sext' 'sext_ln1273_1514' <Predicate = true> <Delay = 0.00>
ST_1 : Operation 53 [1/1] (0.00ns) (grouped into TernaryAdder)   --->   "%sub_ln1273_1873 = sub i20 0, i20 %sext_ln1273_1514"   --->   Operation 53 'sub' 'sub_ln1273_1873' <Predicate = true> <Delay = 0.00> <CoreInst = "TAddSub">   --->   Core 10 'TAddSub' <Latency = 0> <II = 1> <Delay = 0.33> <IPBlock> <Opcode : 'add' 'sub'> <InPorts = 3> <OutPorts = 1> <Sync> <CReg>
ST_1 : Operation 54 [1/1] (0.68ns) (root node of TernaryAdder)   --->   "%r_V_2970 = sub i20 %sub_ln1273_1873, i20 %sext_ln1273_1510"   --->   Operation 54 'sub' 'r_V_2970' <Predicate = true> <Delay = 0.68> <CoreInst = "TAddSub">   --->   Core 10 'TAddSub' <Latency = 0> <II = 1> <Delay = 0.33> <IPBlock> <Opcode : 'add' 'sub'> <InPorts = 3> <OutPorts = 1> <Sync> <CReg>
ST_1 : Operation 55 [1/1] (0.00ns)   --->   "%mult_V_2603 = partselect i15 @_ssdm_op_PartSelect.i15.i20.i32.i32, i20 %r_V_2970, i32 5, i32 19"   --->   Operation 55 'partselect' 'mult_V_2603' <Predicate = true> <Delay = 0.00>
ST_1 : Operation 56 [1/1] (0.00ns)   --->   "%sext_ln818_751 = sext i15 %mult_V_2603"   --->   Operation 56 'sext' 'sext_ln818_751' <Predicate = true> <Delay = 0.00>
ST_1 : Operation 57 [1/1] (0.00ns)   --->   "%a_V_257 = load i16 %p_ZZN4nnet24compute_output_buffer_2dINS_5arrayI8ap_fixedILi16ELi6EL9ap_q_mode5EL9_16"   --->   Operation 57 'load' 'a_V_257' <Predicate = true> <Delay = 0.00>
ST_1 : Operation 58 [1/1] (0.00ns)   --->   "%sext_ln1270_112 = sext i16 %a_V_257"   --->   Operation 58 'sext' 'sext_ln1270_112' <Predicate = true> <Delay = 0.00>
ST_1 : Operation 59 [1/1] (0.00ns)   --->   "%sext_ln1273_1515 = sext i16 %a_V_257"   --->   Operation 59 'sext' 'sext_ln1273_1515' <Predicate = true> <Delay = 0.00>
ST_1 : Operation 60 [1/1] (1.94ns)   --->   "%mul_ln1270_78 = mul i21 %sext_ln1270_112, i21 25"   --->   Operation 60 'mul' 'mul_ln1270_78' <Predicate = true> <Delay = 1.94> <CoreInst = "Multiplier">   --->   Core 3 'Multiplier' <Latency = 0> <II = 1> <Delay = 1.94> <FuncUnit> <Opcode : 'mul'> <InPorts = 2> <OutPorts = 1>
ST_1 : Operation 61 [1/1] (0.00ns)   --->   "%mult_V_2606 = partselect i16 @_ssdm_op_PartSelect.i16.i21.i32.i32, i21 %mul_ln1270_78, i32 5, i32 20"   --->   Operation 61 'partselect' 'mult_V_2606' <Predicate = true> <Delay = 0.00>
ST_1 : Operation 62 [1/1] (0.00ns)   --->   "%shl_ln1273_893 = bitconcatenate i20 @_ssdm_op_BitConcatenate.i20.i16.i4, i16 %a_V_257, i4 0"   --->   Operation 62 'bitconcatenate' 'shl_ln1273_893' <Predicate = true> <Delay = 0.00>
ST_1 : Operation 63 [1/1] (0.00ns)   --->   "%sext_ln1273_1516 = sext i20 %shl_ln1273_893"   --->   Operation 63 'sext' 'sext_ln1273_1516' <Predicate = true> <Delay = 0.00>
ST_1 : Operation 64 [1/1] (0.00ns)   --->   "%shl_ln1273_894 = bitconcatenate i17 @_ssdm_op_BitConcatenate.i17.i16.i1, i16 %a_V_257, i1 0"   --->   Operation 64 'bitconcatenate' 'shl_ln1273_894' <Predicate = true> <Delay = 0.00>
ST_1 : Operation 65 [1/1] (0.00ns)   --->   "%sext_ln1273_1517 = sext i17 %shl_ln1273_894"   --->   Operation 65 'sext' 'sext_ln1273_1517' <Predicate = true> <Delay = 0.00>
ST_1 : Operation 66 [1/1] (0.80ns)   --->   "%r_V_2972 = sub i21 %sext_ln1273_1517, i21 %sext_ln1273_1516"   --->   Operation 66 'sub' 'r_V_2972' <Predicate = true> <Delay = 0.80> <CoreInst = "Adder">   --->   Core 1 'Adder' <Latency = 0> <II = 1> <Delay = 0.80> <FuncUnit> <Opcode : 'add' 'sub'> <InPorts = 2> <OutPorts = 1>
ST_1 : Operation 67 [1/1] (0.00ns)   --->   "%mult_V_2607 = partselect i16 @_ssdm_op_PartSelect.i16.i21.i32.i32, i21 %r_V_2972, i32 5, i32 20"   --->   Operation 67 'partselect' 'mult_V_2607' <Predicate = true> <Delay = 0.00>
ST_1 : Operation 68 [1/1] (0.00ns)   --->   "%shl_ln1273_895 = bitconcatenate i19 @_ssdm_op_BitConcatenate.i19.i16.i3, i16 %a_V_257, i3 0"   --->   Operation 68 'bitconcatenate' 'shl_ln1273_895' <Predicate = true> <Delay = 0.00>
ST_1 : Operation 69 [1/1] (0.00ns)   --->   "%sext_ln1273_1518 = sext i19 %shl_ln1273_895"   --->   Operation 69 'sext' 'sext_ln1273_1518' <Predicate = true> <Delay = 0.00>
ST_1 : Operation 70 [1/1] (0.80ns)   --->   "%r_V_2973 = sub i20 %sext_ln1273_1518, i20 %sext_ln1273_1515"   --->   Operation 70 'sub' 'r_V_2973' <Predicate = true> <Delay = 0.80> <CoreInst = "Adder">   --->   Core 1 'Adder' <Latency = 0> <II = 1> <Delay = 0.80> <FuncUnit> <Opcode : 'add' 'sub'> <InPorts = 2> <OutPorts = 1>
ST_1 : Operation 71 [1/1] (0.00ns)   --->   "%mult_V_2608 = partselect i15 @_ssdm_op_PartSelect.i15.i20.i32.i32, i20 %r_V_2973, i32 5, i32 19"   --->   Operation 71 'partselect' 'mult_V_2608' <Predicate = true> <Delay = 0.00>
ST_1 : Operation 72 [1/1] (0.00ns)   --->   "%sext_ln818_752 = sext i15 %mult_V_2608"   --->   Operation 72 'sext' 'sext_ln818_752' <Predicate = true> <Delay = 0.00>
ST_1 : Operation 73 [1/1] (0.00ns)   --->   "%shl_ln1273_896 = bitconcatenate i21 @_ssdm_op_BitConcatenate.i21.i16.i5, i16 %a_V_257, i5 0"   --->   Operation 73 'bitconcatenate' 'shl_ln1273_896' <Predicate = true> <Delay = 0.00>
ST_1 : Operation 74 [1/1] (0.81ns)   --->   "%r_V_2974 = sub i21 0, i21 %shl_ln1273_896"   --->   Operation 74 'sub' 'r_V_2974' <Predicate = true> <Delay = 0.81> <CoreInst = "Adder">   --->   Core 1 'Adder' <Latency = 0> <II = 1> <Delay = 0.81> <FuncUnit> <Opcode : 'add' 'sub'> <InPorts = 2> <OutPorts = 1>
ST_1 : Operation 75 [1/1] (0.00ns)   --->   "%mult_V_2609 = partselect i16 @_ssdm_op_PartSelect.i16.i21.i32.i32, i21 %r_V_2974, i32 5, i32 20"   --->   Operation 75 'partselect' 'mult_V_2609' <Predicate = true> <Delay = 0.00>
ST_1 : Operation 76 [1/1] (0.81ns)   --->   "%r_V_2975 = sub i21 %shl_ln1273_896, i21 %sext_ln1270_112"   --->   Operation 76 'sub' 'r_V_2975' <Predicate = true> <Delay = 0.81> <CoreInst = "Adder">   --->   Core 1 'Adder' <Latency = 0> <II = 1> <Delay = 0.81> <FuncUnit> <Opcode : 'add' 'sub'> <InPorts = 2> <OutPorts = 1>
ST_1 : Operation 77 [1/1] (0.00ns)   --->   "%mult_V_2610 = partselect i16 @_ssdm_op_PartSelect.i16.i21.i32.i32, i21 %r_V_2975, i32 5, i32 20"   --->   Operation 77 'partselect' 'mult_V_2610' <Predicate = true> <Delay = 0.00>
ST_1 : Operation 78 [1/1] (0.00ns)   --->   "%a_V_258 = load i16 %p_ZZN4nnet24compute_output_buffer_2dINS_5arrayI8ap_fixedILi16ELi6EL9ap_q_mode5EL9_15"   --->   Operation 78 'load' 'a_V_258' <Predicate = true> <Delay = 0.00>
ST_1 : Operation 79 [1/1] (0.00ns)   --->   "%sext_ln1273_1519 = sext i16 %a_V_258"   --->   Operation 79 'sext' 'sext_ln1273_1519' <Predicate = true> <Delay = 0.00>
ST_1 : Operation 80 [1/1] (1.94ns)   --->   "%r_V_2976 = mul i21 %sext_ln1273_1519, i21 2097141"   --->   Operation 80 'mul' 'r_V_2976' <Predicate = true> <Delay = 1.94> <CoreInst = "Multiplier">   --->   Core 3 'Multiplier' <Latency = 0> <II = 1> <Delay = 1.94> <FuncUnit> <Opcode : 'mul'> <InPorts = 2> <OutPorts = 1>
ST_1 : Operation 81 [1/1] (0.00ns)   --->   "%mult_V_2611 = partselect i16 @_ssdm_op_PartSelect.i16.i21.i32.i32, i21 %r_V_2976, i32 5, i32 20"   --->   Operation 81 'partselect' 'mult_V_2611' <Predicate = true> <Delay = 0.00>
ST_1 : Operation 82 [1/1] (0.00ns)   --->   "%shl_ln1273_897 = bitconcatenate i21 @_ssdm_op_BitConcatenate.i21.i16.i5, i16 %a_V_258, i5 0"   --->   Operation 82 'bitconcatenate' 'shl_ln1273_897' <Predicate = true> <Delay = 0.00>
ST_1 : Operation 83 [1/1] (0.81ns)   --->   "%r_V_2977 = sub i21 0, i21 %shl_ln1273_897"   --->   Operation 83 'sub' 'r_V_2977' <Predicate = true> <Delay = 0.81> <CoreInst = "Adder">   --->   Core 1 'Adder' <Latency = 0> <II = 1> <Delay = 0.81> <FuncUnit> <Opcode : 'add' 'sub'> <InPorts = 2> <OutPorts = 1>
ST_1 : Operation 84 [1/1] (0.00ns)   --->   "%mult_V_2612 = partselect i16 @_ssdm_op_PartSelect.i16.i21.i32.i32, i21 %r_V_2977, i32 5, i32 20"   --->   Operation 84 'partselect' 'mult_V_2612' <Predicate = true> <Delay = 0.00>
ST_1 : Operation 85 [1/1] (1.94ns)   --->   "%mul_ln1270_79 = mul i21 %sext_ln1273_1519, i21 2097127"   --->   Operation 85 'mul' 'mul_ln1270_79' <Predicate = true> <Delay = 1.94> <CoreInst = "Multiplier">   --->   Core 3 'Multiplier' <Latency = 0> <II = 1> <Delay = 1.94> <FuncUnit> <Opcode : 'mul'> <InPorts = 2> <OutPorts = 1>
ST_1 : Operation 86 [1/1] (0.00ns)   --->   "%mult_V_2613 = partselect i16 @_ssdm_op_PartSelect.i16.i21.i32.i32, i21 %mul_ln1270_79, i32 5, i32 20"   --->   Operation 86 'partselect' 'mult_V_2613' <Predicate = true> <Delay = 0.00>
ST_1 : Operation 87 [1/1] (1.94ns)   --->   "%mul_ln1270_80 = mul i21 %sext_ln1273_1519, i21 2097125"   --->   Operation 87 'mul' 'mul_ln1270_80' <Predicate = true> <Delay = 1.94> <CoreInst = "Multiplier">   --->   Core 3 'Multiplier' <Latency = 0> <II = 1> <Delay = 1.94> <FuncUnit> <Opcode : 'mul'> <InPorts = 2> <OutPorts = 1>
ST_1 : Operation 88 [1/1] (0.00ns)   --->   "%mult_V_2614 = partselect i16 @_ssdm_op_PartSelect.i16.i21.i32.i32, i21 %mul_ln1270_80, i32 5, i32 20"   --->   Operation 88 'partselect' 'mult_V_2614' <Predicate = true> <Delay = 0.00>
ST_1 : Operation 89 [1/1] (1.94ns)   --->   "%r_V_2978 = mul i21 %sext_ln1273_1519, i21 2097139"   --->   Operation 89 'mul' 'r_V_2978' <Predicate = true> <Delay = 1.94> <CoreInst = "Multiplier">   --->   Core 3 'Multiplier' <Latency = 0> <II = 1> <Delay = 1.94> <FuncUnit> <Opcode : 'mul'> <InPorts = 2> <OutPorts = 1>
ST_1 : Operation 90 [1/1] (0.00ns)   --->   "%mult_V_2615 = partselect i16 @_ssdm_op_PartSelect.i16.i21.i32.i32, i21 %r_V_2978, i32 5, i32 20"   --->   Operation 90 'partselect' 'mult_V_2615' <Predicate = true> <Delay = 0.00>
ST_1 : Operation 91 [1/1] (0.00ns)   --->   "%a_V_259 = load i16 %p_ZZN4nnet24compute_output_buffer_2dINS_5arrayI8ap_fixedILi16ELi6EL9ap_q_mode5EL9_14"   --->   Operation 91 'load' 'a_V_259' <Predicate = true> <Delay = 0.00>
ST_1 : Operation 92 [1/1] (0.00ns)   --->   "%sext_ln1273_1520 = sext i16 %a_V_259"   --->   Operation 92 'sext' 'sext_ln1273_1520' <Predicate = true> <Delay = 0.00>
ST_1 : Operation 93 [1/1] (0.00ns)   --->   "%shl_ln1273_898 = bitconcatenate i20 @_ssdm_op_BitConcatenate.i20.i16.i4, i16 %a_V_259, i4 0"   --->   Operation 93 'bitconcatenate' 'shl_ln1273_898' <Predicate = true> <Delay = 0.00>
ST_1 : Operation 94 [1/1] (0.00ns)   --->   "%sext_ln1273_1521 = sext i20 %shl_ln1273_898"   --->   Operation 94 'sext' 'sext_ln1273_1521' <Predicate = true> <Delay = 0.00>
ST_1 : Operation 95 [1/1] (0.00ns)   --->   "%shl_ln1273_899 = bitconcatenate i17 @_ssdm_op_BitConcatenate.i17.i16.i1, i16 %a_V_259, i1 0"   --->   Operation 95 'bitconcatenate' 'shl_ln1273_899' <Predicate = true> <Delay = 0.00>
ST_1 : Operation 96 [1/1] (0.00ns)   --->   "%sext_ln1273_1522 = sext i17 %shl_ln1273_899"   --->   Operation 96 'sext' 'sext_ln1273_1522' <Predicate = true> <Delay = 0.00>
ST_1 : Operation 97 [1/1] (0.00ns)   --->   "%sext_ln1273_1523 = sext i17 %shl_ln1273_899"   --->   Operation 97 'sext' 'sext_ln1273_1523' <Predicate = true> <Delay = 0.00>
ST_1 : Operation 98 [1/1] (0.80ns)   --->   "%r_V_2979 = sub i21 %sext_ln1273_1523, i21 %sext_ln1273_1521"   --->   Operation 98 'sub' 'r_V_2979' <Predicate = true> <Delay = 0.80> <CoreInst = "Adder">   --->   Core 1 'Adder' <Latency = 0> <II = 1> <Delay = 0.80> <FuncUnit> <Opcode : 'add' 'sub'> <InPorts = 2> <OutPorts = 1>
ST_1 : Operation 99 [1/1] (0.00ns)   --->   "%mult_V_2616 = partselect i16 @_ssdm_op_PartSelect.i16.i21.i32.i32, i21 %r_V_2979, i32 5, i32 20"   --->   Operation 99 'partselect' 'mult_V_2616' <Predicate = true> <Delay = 0.00>
ST_1 : Operation 100 [1/1] (1.94ns)   --->   "%r_V_2980 = mul i21 %sext_ln1273_1520, i21 11"   --->   Operation 100 'mul' 'r_V_2980' <Predicate = true> <Delay = 1.94> <CoreInst = "Multiplier">   --->   Core 3 'Multiplier' <Latency = 0> <II = 1> <Delay = 1.94> <FuncUnit> <Opcode : 'mul'> <InPorts = 2> <OutPorts = 1>
ST_1 : Operation 101 [1/1] (0.00ns)   --->   "%mult_V_2617 = partselect i16 @_ssdm_op_PartSelect.i16.i21.i32.i32, i21 %r_V_2980, i32 5, i32 20"   --->   Operation 101 'partselect' 'mult_V_2617' <Predicate = true> <Delay = 0.00>
ST_1 : Operation 102 [1/1] (0.00ns)   --->   "%mult_V_2618 = partselect i14 @_ssdm_op_PartSelect.i14.i16.i32.i32, i16 %a_V_259, i32 2, i32 15"   --->   Operation 102 'partselect' 'mult_V_2618' <Predicate = true> <Delay = 0.00>
ST_1 : Operation 103 [1/1] (0.00ns)   --->   "%sext_ln818_626 = sext i14 %mult_V_2618"   --->   Operation 103 'sext' 'sext_ln818_626' <Predicate = true> <Delay = 0.00>
ST_1 : Operation 104 [1/1] (0.00ns)   --->   "%mult_V_2619 = partselect i15 @_ssdm_op_PartSelect.i15.i16.i32.i32, i16 %a_V_259, i32 1, i32 15"   --->   Operation 104 'partselect' 'mult_V_2619' <Predicate = true> <Delay = 0.00>
ST_1 : Operation 105 [1/1] (0.00ns)   --->   "%sext_ln818_627 = sext i15 %mult_V_2619"   --->   Operation 105 'sext' 'sext_ln818_627' <Predicate = true> <Delay = 0.00>
ST_1 : Operation 106 [1/1] (0.00ns)   --->   "%shl_ln1273_900 = bitconcatenate i21 @_ssdm_op_BitConcatenate.i21.i16.i5, i16 %a_V_259, i5 0"   --->   Operation 106 'bitconcatenate' 'shl_ln1273_900' <Predicate = true> <Delay = 0.00>
ST_1 : Operation 107 [1/1] (0.00ns)   --->   "%shl_ln1273_901 = bitconcatenate i18 @_ssdm_op_BitConcatenate.i18.i16.i2, i16 %a_V_259, i2 0"   --->   Operation 107 'bitconcatenate' 'shl_ln1273_901' <Predicate = true> <Delay = 0.00>
ST_1 : Operation 108 [1/1] (0.00ns)   --->   "%sext_ln1273_1524 = sext i18 %shl_ln1273_901"   --->   Operation 108 'sext' 'sext_ln1273_1524' <Predicate = true> <Delay = 0.00>
ST_1 : Operation 109 [1/1] (0.81ns)   --->   "%r_V_2981 = sub i21 %sext_ln1273_1524, i21 %shl_ln1273_900"   --->   Operation 109 'sub' 'r_V_2981' <Predicate = true> <Delay = 0.81> <CoreInst = "Adder">   --->   Core 1 'Adder' <Latency = 0> <II = 1> <Delay = 0.81> <FuncUnit> <Opcode : 'add' 'sub'> <InPorts = 2> <OutPorts = 1>
ST_1 : Operation 110 [1/1] (0.00ns)   --->   "%mult_V_2620 = partselect i16 @_ssdm_op_PartSelect.i16.i21.i32.i32, i21 %r_V_2981, i32 5, i32 20"   --->   Operation 110 'partselect' 'mult_V_2620' <Predicate = true> <Delay = 0.00>
ST_1 : Operation 111 [1/1] (0.81ns)   --->   "%r_V_2982 = sub i21 0, i21 %shl_ln1273_900"   --->   Operation 111 'sub' 'r_V_2982' <Predicate = true> <Delay = 0.81> <CoreInst = "Adder">   --->   Core 1 'Adder' <Latency = 0> <II = 1> <Delay = 0.81> <FuncUnit> <Opcode : 'add' 'sub'> <InPorts = 2> <OutPorts = 1>
ST_1 : Operation 112 [1/1] (0.00ns)   --->   "%mult_V_2621 = partselect i16 @_ssdm_op_PartSelect.i16.i21.i32.i32, i21 %r_V_2982, i32 5, i32 20"   --->   Operation 112 'partselect' 'mult_V_2621' <Predicate = true> <Delay = 0.00>
ST_1 : Operation 113 [1/1] (0.81ns)   --->   "%r_V_2983 = sub i21 %shl_ln1273_900, i21 %sext_ln1273_1520"   --->   Operation 113 'sub' 'r_V_2983' <Predicate = true> <Delay = 0.81> <CoreInst = "Adder">   --->   Core 1 'Adder' <Latency = 0> <II = 1> <Delay = 0.81> <FuncUnit> <Opcode : 'add' 'sub'> <InPorts = 2> <OutPorts = 1>
ST_1 : Operation 114 [1/1] (0.00ns)   --->   "%mult_V_2622 = partselect i16 @_ssdm_op_PartSelect.i16.i21.i32.i32, i21 %r_V_2983, i32 5, i32 20"   --->   Operation 114 'partselect' 'mult_V_2622' <Predicate = true> <Delay = 0.00>
ST_1 : Operation 115 [1/1] (0.81ns)   --->   "%r_V_2984 = sub i21 %shl_ln1273_900, i21 %sext_ln1273_1524"   --->   Operation 115 'sub' 'r_V_2984' <Predicate = true> <Delay = 0.81> <CoreInst = "Adder">   --->   Core 1 'Adder' <Latency = 0> <II = 1> <Delay = 0.81> <FuncUnit> <Opcode : 'add' 'sub'> <InPorts = 2> <OutPorts = 1>
ST_1 : Operation 116 [1/1] (0.00ns)   --->   "%mult_V_2623 = partselect i16 @_ssdm_op_PartSelect.i16.i21.i32.i32, i21 %r_V_2984, i32 5, i32 20"   --->   Operation 116 'partselect' 'mult_V_2623' <Predicate = true> <Delay = 0.00>
ST_1 : Operation 117 [1/1] (0.00ns)   --->   "%shl_ln1273_902 = bitconcatenate i19 @_ssdm_op_BitConcatenate.i19.i16.i3, i16 %a_V_259, i3 0"   --->   Operation 117 'bitconcatenate' 'shl_ln1273_902' <Predicate = true> <Delay = 0.00>
ST_1 : Operation 118 [1/1] (0.00ns)   --->   "%sext_ln1273_1525 = sext i19 %shl_ln1273_902"   --->   Operation 118 'sext' 'sext_ln1273_1525' <Predicate = true> <Delay = 0.00>
ST_1 : Operation 119 [1/1] (0.00ns)   --->   "%sext_ln1273_1526 = sext i19 %shl_ln1273_902"   --->   Operation 119 'sext' 'sext_ln1273_1526' <Predicate = true> <Delay = 0.00>
ST_1 : Operation 120 [1/1] (0.81ns)   --->   "%r_V_2985 = sub i21 %shl_ln1273_900, i21 %sext_ln1273_1526"   --->   Operation 120 'sub' 'r_V_2985' <Predicate = true> <Delay = 0.81> <CoreInst = "Adder">   --->   Core 1 'Adder' <Latency = 0> <II = 1> <Delay = 0.81> <FuncUnit> <Opcode : 'add' 'sub'> <InPorts = 2> <OutPorts = 1>
ST_1 : Operation 121 [1/1] (0.00ns)   --->   "%mult_V_2624 = partselect i16 @_ssdm_op_PartSelect.i16.i21.i32.i32, i21 %r_V_2985, i32 5, i32 20"   --->   Operation 121 'partselect' 'mult_V_2624' <Predicate = true> <Delay = 0.00>
ST_1 : Operation 122 [1/1] (0.80ns)   --->   "%r_V_2986 = add i20 %sext_ln1273_1525, i20 %sext_ln1273_1522"   --->   Operation 122 'add' 'r_V_2986' <Predicate = true> <Delay = 0.80> <CoreInst = "Adder">   --->   Core 1 'Adder' <Latency = 0> <II = 1> <Delay = 0.80> <FuncUnit> <Opcode : 'add' 'sub'> <InPorts = 2> <OutPorts = 1>
ST_1 : Operation 123 [1/1] (0.00ns)   --->   "%mult_V_2625 = partselect i15 @_ssdm_op_PartSelect.i15.i20.i32.i32, i20 %r_V_2986, i32 5, i32 19"   --->   Operation 123 'partselect' 'mult_V_2625' <Predicate = true> <Delay = 0.00>
ST_1 : Operation 124 [1/1] (0.00ns)   --->   "%sext_ln818_753 = sext i15 %mult_V_2625"   --->   Operation 124 'sext' 'sext_ln818_753' <Predicate = true> <Delay = 0.00>
ST_1 : Operation 125 [1/1] (0.00ns) (grouped into TernaryAdder)   --->   "%sub_ln1273_1887 = sub i20 0, i20 %sext_ln1273_1525"   --->   Operation 125 'sub' 'sub_ln1273_1887' <Predicate = true> <Delay = 0.00> <CoreInst = "TAddSub">   --->   Core 10 'TAddSub' <Latency = 0> <II = 1> <Delay = 0.33> <IPBlock> <Opcode : 'add' 'sub'> <InPorts = 3> <OutPorts = 1> <Sync> <CReg>
ST_1 : Operation 126 [1/1] (0.68ns) (root node of TernaryAdder)   --->   "%r_V_2987 = sub i20 %sub_ln1273_1887, i20 %sext_ln1273_1522"   --->   Operation 126 'sub' 'r_V_2987' <Predicate = true> <Delay = 0.68> <CoreInst = "TAddSub">   --->   Core 10 'TAddSub' <Latency = 0> <II = 1> <Delay = 0.33> <IPBlock> <Opcode : 'add' 'sub'> <InPorts = 3> <OutPorts = 1> <Sync> <CReg>
ST_1 : Operation 127 [1/1] (0.00ns)   --->   "%mult_V_2626 = partselect i15 @_ssdm_op_PartSelect.i15.i20.i32.i32, i20 %r_V_2987, i32 5, i32 19"   --->   Operation 127 'partselect' 'mult_V_2626' <Predicate = true> <Delay = 0.00>
ST_1 : Operation 128 [1/1] (0.00ns)   --->   "%sext_ln818_754 = sext i15 %mult_V_2626"   --->   Operation 128 'sext' 'sext_ln818_754' <Predicate = true> <Delay = 0.00>
ST_1 : Operation 129 [1/1] (0.00ns)   --->   "%a_V_260 = load i16 %p_ZZN4nnet24compute_output_buffer_2dINS_5arrayI8ap_fixedILi16ELi6EL9ap_q_mode5EL9_13"   --->   Operation 129 'load' 'a_V_260' <Predicate = true> <Delay = 0.00>
ST_1 : Operation 130 [1/1] (0.00ns)   --->   "%sext_ln1270_113 = sext i16 %a_V_260"   --->   Operation 130 'sext' 'sext_ln1270_113' <Predicate = true> <Delay = 0.00>
ST_1 : Operation 131 [1/1] (1.94ns)   --->   "%mul_ln1270_81 = mul i21 %sext_ln1270_113, i21 21"   --->   Operation 131 'mul' 'mul_ln1270_81' <Predicate = true> <Delay = 1.94> <CoreInst = "Multiplier">   --->   Core 3 'Multiplier' <Latency = 0> <II = 1> <Delay = 1.94> <FuncUnit> <Opcode : 'mul'> <InPorts = 2> <OutPorts = 1>
ST_1 : Operation 132 [1/1] (0.00ns)   --->   "%mult_V_2627 = partselect i16 @_ssdm_op_PartSelect.i16.i21.i32.i32, i21 %mul_ln1270_81, i32 5, i32 20"   --->   Operation 132 'partselect' 'mult_V_2627' <Predicate = true> <Delay = 0.00>
ST_1 : Operation 133 [1/1] (0.00ns)   --->   "%shl_ln1273_903 = bitconcatenate i20 @_ssdm_op_BitConcatenate.i20.i16.i4, i16 %a_V_260, i4 0"   --->   Operation 133 'bitconcatenate' 'shl_ln1273_903' <Predicate = true> <Delay = 0.00>
ST_1 : Operation 134 [1/1] (0.00ns)   --->   "%sext_ln1273_1527 = sext i20 %shl_ln1273_903"   --->   Operation 134 'sext' 'sext_ln1273_1527' <Predicate = true> <Delay = 0.00>
ST_1 : Operation 135 [1/1] (0.00ns)   --->   "%shl_ln1273_904 = bitconcatenate i17 @_ssdm_op_BitConcatenate.i17.i16.i1, i16 %a_V_260, i1 0"   --->   Operation 135 'bitconcatenate' 'shl_ln1273_904' <Predicate = true> <Delay = 0.00>
ST_1 : Operation 136 [1/1] (0.00ns)   --->   "%sext_ln1273_1528 = sext i17 %shl_ln1273_904"   --->   Operation 136 'sext' 'sext_ln1273_1528' <Predicate = true> <Delay = 0.00>
ST_1 : Operation 137 [1/1] (0.80ns)   --->   "%r_V_2988 = add i21 %sext_ln1273_1527, i21 %sext_ln1273_1528"   --->   Operation 137 'add' 'r_V_2988' <Predicate = true> <Delay = 0.80> <CoreInst = "Adder">   --->   Core 1 'Adder' <Latency = 0> <II = 1> <Delay = 0.80> <FuncUnit> <Opcode : 'add' 'sub'> <InPorts = 2> <OutPorts = 1>
ST_1 : Operation 138 [1/1] (0.00ns)   --->   "%mult_V_2628 = partselect i16 @_ssdm_op_PartSelect.i16.i21.i32.i32, i21 %r_V_2988, i32 5, i32 20"   --->   Operation 138 'partselect' 'mult_V_2628' <Predicate = true> <Delay = 0.00>
ST_1 : Operation 139 [1/1] (0.00ns)   --->   "%mult_V_2629 = partselect i13 @_ssdm_op_PartSelect.i13.i16.i32.i32, i16 %a_V_260, i32 3, i32 15"   --->   Operation 139 'partselect' 'mult_V_2629' <Predicate = true> <Delay = 0.00>
ST_1 : Operation 140 [1/1] (0.00ns)   --->   "%sext_ln17_1684 = sext i13 %mult_V_2629" [/home/ayvol/vitis-accel-CNN/vitis_accel_prj/firmware/nnet_utils/nnet_dense_latency.h:17]   --->   Operation 140 'sext' 'sext_ln17_1684' <Predicate = true> <Delay = 0.00>
ST_1 : Operation 141 [1/1] (0.00ns)   --->   "%shl_ln1273_905 = bitconcatenate i21 @_ssdm_op_BitConcatenate.i21.i16.i5, i16 %a_V_260, i5 0"   --->   Operation 141 'bitconcatenate' 'shl_ln1273_905' <Predicate = true> <Delay = 0.00>
ST_1 : Operation 142 [1/1] (0.81ns)   --->   "%r_V_2989 = sub i21 %shl_ln1273_905, i21 %sext_ln1270_113"   --->   Operation 142 'sub' 'r_V_2989' <Predicate = true> <Delay = 0.81> <CoreInst = "Adder">   --->   Core 1 'Adder' <Latency = 0> <II = 1> <Delay = 0.81> <FuncUnit> <Opcode : 'add' 'sub'> <InPorts = 2> <OutPorts = 1>
ST_1 : Operation 143 [1/1] (0.00ns)   --->   "%mult_V_2630 = partselect i16 @_ssdm_op_PartSelect.i16.i21.i32.i32, i21 %r_V_2989, i32 5, i32 20"   --->   Operation 143 'partselect' 'mult_V_2630' <Predicate = true> <Delay = 0.00>
ST_1 : Operation 144 [1/1] (0.81ns)   --->   "%r_V_2990 = sub i21 0, i21 %shl_ln1273_905"   --->   Operation 144 'sub' 'r_V_2990' <Predicate = true> <Delay = 0.81> <CoreInst = "Adder">   --->   Core 1 'Adder' <Latency = 0> <II = 1> <Delay = 0.81> <FuncUnit> <Opcode : 'add' 'sub'> <InPorts = 2> <OutPorts = 1>
ST_1 : Operation 145 [1/1] (0.00ns)   --->   "%mult_V_2631 = partselect i16 @_ssdm_op_PartSelect.i16.i21.i32.i32, i21 %r_V_2990, i32 5, i32 20"   --->   Operation 145 'partselect' 'mult_V_2631' <Predicate = true> <Delay = 0.00>
ST_1 : Operation 146 [1/1] (0.00ns)   --->   "%a_V_261 = load i16 %p_ZZN4nnet24compute_output_buffer_2dINS_5arrayI8ap_fixedILi16ELi6EL9ap_q_mode5EL9_12"   --->   Operation 146 'load' 'a_V_261' <Predicate = true> <Delay = 0.00>
ST_1 : Operation 147 [1/1] (0.00ns)   --->   "%sext_ln1273_1529 = sext i16 %a_V_261"   --->   Operation 147 'sext' 'sext_ln1273_1529' <Predicate = true> <Delay = 0.00>
ST_1 : Operation 148 [1/1] (0.00ns)   --->   "%sext_ln1273_1530 = sext i16 %a_V_261"   --->   Operation 148 'sext' 'sext_ln1273_1530' <Predicate = true> <Delay = 0.00>
ST_1 : Operation 149 [1/1] (0.00ns)   --->   "%shl_ln1273_906 = bitconcatenate i18 @_ssdm_op_BitConcatenate.i18.i16.i2, i16 %a_V_261, i2 0"   --->   Operation 149 'bitconcatenate' 'shl_ln1273_906' <Predicate = true> <Delay = 0.00>
ST_1 : Operation 150 [1/1] (0.00ns)   --->   "%sext_ln1273_1531 = sext i18 %shl_ln1273_906"   --->   Operation 150 'sext' 'sext_ln1273_1531' <Predicate = true> <Delay = 0.00>
ST_1 : Operation 151 [1/1] (0.79ns)   --->   "%r_V_2991 = sub i19 %sext_ln1273_1531, i19 %sext_ln1273_1530"   --->   Operation 151 'sub' 'r_V_2991' <Predicate = true> <Delay = 0.79> <CoreInst = "Adder">   --->   Core 1 'Adder' <Latency = 0> <II = 1> <Delay = 0.79> <FuncUnit> <Opcode : 'add' 'sub'> <InPorts = 2> <OutPorts = 1>
ST_1 : Operation 152 [1/1] (0.00ns)   --->   "%mult_V_2632 = partselect i14 @_ssdm_op_PartSelect.i14.i19.i32.i32, i19 %r_V_2991, i32 5, i32 18"   --->   Operation 152 'partselect' 'mult_V_2632' <Predicate = true> <Delay = 0.00>
ST_1 : Operation 153 [1/1] (0.00ns)   --->   "%sext_ln17_1685 = sext i14 %mult_V_2632" [/home/ayvol/vitis-accel-CNN/vitis_accel_prj/firmware/nnet_utils/nnet_dense_latency.h:17]   --->   Operation 153 'sext' 'sext_ln17_1685' <Predicate = true> <Delay = 0.00>
ST_1 : Operation 154 [1/1] (0.00ns)   --->   "%p_shl3 = bitconcatenate i21 @_ssdm_op_BitConcatenate.i21.i16.i5, i16 %a_V_261, i5 0"   --->   Operation 154 'bitconcatenate' 'p_shl3' <Predicate = true> <Delay = 0.00>
ST_1 : Operation 155 [1/1] (0.81ns)   --->   "%r_V_2992 = sub i21 %sext_ln1273_1529, i21 %p_shl3"   --->   Operation 155 'sub' 'r_V_2992' <Predicate = true> <Delay = 0.81> <CoreInst = "Adder">   --->   Core 1 'Adder' <Latency = 0> <II = 1> <Delay = 0.81> <FuncUnit> <Opcode : 'add' 'sub'> <InPorts = 2> <OutPorts = 1>
ST_1 : Operation 156 [1/1] (0.00ns)   --->   "%mult_V_2633 = partselect i16 @_ssdm_op_PartSelect.i16.i21.i32.i32, i21 %r_V_2992, i32 5, i32 20"   --->   Operation 156 'partselect' 'mult_V_2633' <Predicate = true> <Delay = 0.00>
ST_1 : Operation 157 [1/1] (0.00ns)   --->   "%shl_ln1273_907 = bitconcatenate i19 @_ssdm_op_BitConcatenate.i19.i16.i3, i16 %a_V_261, i3 0"   --->   Operation 157 'bitconcatenate' 'shl_ln1273_907' <Predicate = true> <Delay = 0.00>
ST_1 : Operation 158 [1/1] (0.00ns)   --->   "%sext_ln1273_1532 = sext i19 %shl_ln1273_907"   --->   Operation 158 'sext' 'sext_ln1273_1532' <Predicate = true> <Delay = 0.00>
ST_1 : Operation 159 [1/1] (0.00ns) (grouped into TernaryAdder)   --->   "%sub_ln1273_1892 = sub i20 0, i20 %sext_ln1273_1532"   --->   Operation 159 'sub' 'sub_ln1273_1892' <Predicate = true> <Delay = 0.00> <CoreInst = "TAddSub">   --->   Core 10 'TAddSub' <Latency = 0> <II = 1> <Delay = 0.33> <IPBlock> <Opcode : 'add' 'sub'> <InPorts = 3> <OutPorts = 1> <Sync> <CReg>
ST_1 : Operation 160 [1/1] (0.00ns)   --->   "%shl_ln1273_908 = bitconcatenate i17 @_ssdm_op_BitConcatenate.i17.i16.i1, i16 %a_V_261, i1 0"   --->   Operation 160 'bitconcatenate' 'shl_ln1273_908' <Predicate = true> <Delay = 0.00>
ST_1 : Operation 161 [1/1] (0.00ns)   --->   "%sext_ln1273_1533 = sext i17 %shl_ln1273_908"   --->   Operation 161 'sext' 'sext_ln1273_1533' <Predicate = true> <Delay = 0.00>
ST_1 : Operation 162 [1/1] (0.68ns) (root node of TernaryAdder)   --->   "%r_V_2993 = sub i20 %sub_ln1273_1892, i20 %sext_ln1273_1533"   --->   Operation 162 'sub' 'r_V_2993' <Predicate = true> <Delay = 0.68> <CoreInst = "TAddSub">   --->   Core 10 'TAddSub' <Latency = 0> <II = 1> <Delay = 0.33> <IPBlock> <Opcode : 'add' 'sub'> <InPorts = 3> <OutPorts = 1> <Sync> <CReg>
ST_1 : Operation 163 [1/1] (0.00ns)   --->   "%mult_V_2634 = partselect i15 @_ssdm_op_PartSelect.i15.i20.i32.i32, i20 %r_V_2993, i32 5, i32 19"   --->   Operation 163 'partselect' 'mult_V_2634' <Predicate = true> <Delay = 0.00>
ST_1 : Operation 164 [1/1] (0.00ns)   --->   "%sext_ln818_755 = sext i15 %mult_V_2634"   --->   Operation 164 'sext' 'sext_ln818_755' <Predicate = true> <Delay = 0.00>
ST_1 : Operation 165 [1/1] (0.81ns)   --->   "%r_V_2994 = sub i21 0, i21 %p_shl3"   --->   Operation 165 'sub' 'r_V_2994' <Predicate = true> <Delay = 0.81> <CoreInst = "Adder">   --->   Core 1 'Adder' <Latency = 0> <II = 1> <Delay = 0.81> <FuncUnit> <Opcode : 'add' 'sub'> <InPorts = 2> <OutPorts = 1>
ST_1 : Operation 166 [1/1] (0.00ns)   --->   "%mult_V_2635 = partselect i16 @_ssdm_op_PartSelect.i16.i21.i32.i32, i21 %r_V_2994, i32 5, i32 20"   --->   Operation 166 'partselect' 'mult_V_2635' <Predicate = true> <Delay = 0.00>
ST_1 : Operation 167 [1/1] (0.81ns)   --->   "%r_V_2995 = sub i21 %p_shl3, i21 %sext_ln1273_1529"   --->   Operation 167 'sub' 'r_V_2995' <Predicate = true> <Delay = 0.81> <CoreInst = "Adder">   --->   Core 1 'Adder' <Latency = 0> <II = 1> <Delay = 0.81> <FuncUnit> <Opcode : 'add' 'sub'> <InPorts = 2> <OutPorts = 1>
ST_1 : Operation 168 [1/1] (0.00ns)   --->   "%mult_V_2636 = partselect i16 @_ssdm_op_PartSelect.i16.i21.i32.i32, i21 %r_V_2995, i32 5, i32 20"   --->   Operation 168 'partselect' 'mult_V_2636' <Predicate = true> <Delay = 0.00>
ST_1 : Operation 169 [1/1] (0.00ns)   --->   "%a_V_262 = load i16 %p_ZZN4nnet24compute_output_buffer_2dINS_5arrayI8ap_fixedILi16ELi6EL9ap_q_mode5EL9_11"   --->   Operation 169 'load' 'a_V_262' <Predicate = true> <Delay = 0.00>
ST_1 : Operation 170 [1/1] (0.00ns)   --->   "%sext_ln1273_1534 = sext i16 %a_V_262"   --->   Operation 170 'sext' 'sext_ln1273_1534' <Predicate = true> <Delay = 0.00>
ST_1 : Operation 171 [1/1] (0.00ns)   --->   "%shl_ln1273_909 = bitconcatenate i21 @_ssdm_op_BitConcatenate.i21.i16.i5, i16 %a_V_262, i5 0"   --->   Operation 171 'bitconcatenate' 'shl_ln1273_909' <Predicate = true> <Delay = 0.00>
ST_1 : Operation 172 [1/1] (0.81ns)   --->   "%r_V_2996 = sub i21 0, i21 %shl_ln1273_909"   --->   Operation 172 'sub' 'r_V_2996' <Predicate = true> <Delay = 0.81> <CoreInst = "Adder">   --->   Core 1 'Adder' <Latency = 0> <II = 1> <Delay = 0.81> <FuncUnit> <Opcode : 'add' 'sub'> <InPorts = 2> <OutPorts = 1>
ST_1 : Operation 173 [1/1] (0.00ns)   --->   "%mult_V_2637 = partselect i16 @_ssdm_op_PartSelect.i16.i21.i32.i32, i21 %r_V_2996, i32 5, i32 20"   --->   Operation 173 'partselect' 'mult_V_2637' <Predicate = true> <Delay = 0.00>
ST_1 : Operation 174 [1/1] (0.81ns)   --->   "%r_V_2997 = sub i21 %shl_ln1273_909, i21 %sext_ln1273_1534"   --->   Operation 174 'sub' 'r_V_2997' <Predicate = true> <Delay = 0.81> <CoreInst = "Adder">   --->   Core 1 'Adder' <Latency = 0> <II = 1> <Delay = 0.81> <FuncUnit> <Opcode : 'add' 'sub'> <InPorts = 2> <OutPorts = 1>
ST_1 : Operation 175 [1/1] (0.00ns)   --->   "%mult_V_2638 = partselect i16 @_ssdm_op_PartSelect.i16.i21.i32.i32, i21 %r_V_2997, i32 5, i32 20"   --->   Operation 175 'partselect' 'mult_V_2638' <Predicate = true> <Delay = 0.00>
ST_1 : Operation 176 [1/1] (0.00ns)   --->   "%shl_ln1273_910 = bitconcatenate i19 @_ssdm_op_BitConcatenate.i19.i16.i3, i16 %a_V_262, i3 0"   --->   Operation 176 'bitconcatenate' 'shl_ln1273_910' <Predicate = true> <Delay = 0.00>
ST_1 : Operation 177 [1/1] (0.00ns)   --->   "%sext_ln1273_1535 = sext i19 %shl_ln1273_910"   --->   Operation 177 'sext' 'sext_ln1273_1535' <Predicate = true> <Delay = 0.00>
ST_1 : Operation 178 [1/1] (0.00ns)   --->   "%shl_ln1273_911 = bitconcatenate i17 @_ssdm_op_BitConcatenate.i17.i16.i1, i16 %a_V_262, i1 0"   --->   Operation 178 'bitconcatenate' 'shl_ln1273_911' <Predicate = true> <Delay = 0.00>
ST_1 : Operation 179 [1/1] (0.00ns)   --->   "%sext_ln1273_1536 = sext i17 %shl_ln1273_911"   --->   Operation 179 'sext' 'sext_ln1273_1536' <Predicate = true> <Delay = 0.00>
ST_1 : Operation 180 [1/1] (0.80ns)   --->   "%r_V_2998 = sub i20 %sext_ln1273_1536, i20 %sext_ln1273_1535"   --->   Operation 180 'sub' 'r_V_2998' <Predicate = true> <Delay = 0.80> <CoreInst = "Adder">   --->   Core 1 'Adder' <Latency = 0> <II = 1> <Delay = 0.80> <FuncUnit> <Opcode : 'add' 'sub'> <InPorts = 2> <OutPorts = 1>
ST_1 : Operation 181 [1/1] (0.00ns)   --->   "%mult_V_2639 = partselect i15 @_ssdm_op_PartSelect.i15.i20.i32.i32, i20 %r_V_2998, i32 5, i32 19"   --->   Operation 181 'partselect' 'mult_V_2639' <Predicate = true> <Delay = 0.00>
ST_1 : Operation 182 [1/1] (0.00ns)   --->   "%sext_ln818_756 = sext i15 %mult_V_2639"   --->   Operation 182 'sext' 'sext_ln818_756' <Predicate = true> <Delay = 0.00>
ST_1 : Operation 183 [1/1] (0.00ns)   --->   "%a_V_263 = load i16 %p_ZZN4nnet24compute_output_buffer_2dINS_5arrayI8ap_fixedILi16ELi6EL9ap_q_mode5EL9_10"   --->   Operation 183 'load' 'a_V_263' <Predicate = true> <Delay = 0.00>
ST_1 : Operation 184 [1/1] (0.00ns)   --->   "%sext_ln1273_1537 = sext i16 %a_V_263"   --->   Operation 184 'sext' 'sext_ln1273_1537' <Predicate = true> <Delay = 0.00>
ST_1 : Operation 185 [1/1] (0.00ns)   --->   "%shl_ln1273_912 = bitconcatenate i21 @_ssdm_op_BitConcatenate.i21.i16.i5, i16 %a_V_263, i5 0"   --->   Operation 185 'bitconcatenate' 'shl_ln1273_912' <Predicate = true> <Delay = 0.00>
ST_1 : Operation 186 [1/1] (0.81ns)   --->   "%r_V_2999 = sub i21 %shl_ln1273_912, i21 %sext_ln1273_1537"   --->   Operation 186 'sub' 'r_V_2999' <Predicate = true> <Delay = 0.81> <CoreInst = "Adder">   --->   Core 1 'Adder' <Latency = 0> <II = 1> <Delay = 0.81> <FuncUnit> <Opcode : 'add' 'sub'> <InPorts = 2> <OutPorts = 1>
ST_1 : Operation 187 [1/1] (0.00ns)   --->   "%mult_V_2640 = partselect i16 @_ssdm_op_PartSelect.i16.i21.i32.i32, i21 %r_V_2999, i32 5, i32 20"   --->   Operation 187 'partselect' 'mult_V_2640' <Predicate = true> <Delay = 0.00>
ST_1 : Operation 188 [1/1] (0.81ns)   --->   "%r_V_3001 = sub i21 0, i21 %shl_ln1273_912"   --->   Operation 188 'sub' 'r_V_3001' <Predicate = true> <Delay = 0.81> <CoreInst = "Adder">   --->   Core 1 'Adder' <Latency = 0> <II = 1> <Delay = 0.81> <FuncUnit> <Opcode : 'add' 'sub'> <InPorts = 2> <OutPorts = 1>
ST_1 : Operation 189 [1/1] (0.00ns)   --->   "%mult_V_2642 = partselect i16 @_ssdm_op_PartSelect.i16.i21.i32.i32, i21 %r_V_3001, i32 5, i32 20"   --->   Operation 189 'partselect' 'mult_V_2642' <Predicate = true> <Delay = 0.00>
ST_1 : Operation 190 [1/1] (0.00ns)   --->   "%shl_ln1273_915 = bitconcatenate i19 @_ssdm_op_BitConcatenate.i19.i16.i3, i16 %a_V_263, i3 0"   --->   Operation 190 'bitconcatenate' 'shl_ln1273_915' <Predicate = true> <Delay = 0.00>
ST_1 : Operation 191 [1/1] (0.00ns)   --->   "%sext_ln1273_1540 = sext i19 %shl_ln1273_915"   --->   Operation 191 'sext' 'sext_ln1273_1540' <Predicate = true> <Delay = 0.00>
ST_1 : Operation 192 [1/1] (0.81ns)   --->   "%r_V_3002 = sub i21 %shl_ln1273_912, i21 %sext_ln1273_1540"   --->   Operation 192 'sub' 'r_V_3002' <Predicate = true> <Delay = 0.81> <CoreInst = "Adder">   --->   Core 1 'Adder' <Latency = 0> <II = 1> <Delay = 0.81> <FuncUnit> <Opcode : 'add' 'sub'> <InPorts = 2> <OutPorts = 1>
ST_1 : Operation 193 [1/1] (0.00ns)   --->   "%mult_V_2643 = partselect i16 @_ssdm_op_PartSelect.i16.i21.i32.i32, i21 %r_V_3002, i32 5, i32 20"   --->   Operation 193 'partselect' 'mult_V_2643' <Predicate = true> <Delay = 0.00>
ST_1 : Operation 194 [1/1] (0.00ns)   --->   "%a_V_264 = load i16 %p_ZZN4nnet24compute_output_buffer_2dINS_5arrayI8ap_fixedILi16ELi6EL9ap_q_mode5EL9_9"   --->   Operation 194 'load' 'a_V_264' <Predicate = true> <Delay = 0.00>
ST_1 : Operation 195 [1/1] (0.00ns)   --->   "%sext_ln1273_1541 = sext i16 %a_V_264"   --->   Operation 195 'sext' 'sext_ln1273_1541' <Predicate = true> <Delay = 0.00>
ST_1 : Operation 196 [1/1] (0.00ns)   --->   "%sext_ln1273_1542 = sext i16 %a_V_264"   --->   Operation 196 'sext' 'sext_ln1273_1542' <Predicate = true> <Delay = 0.00>
ST_1 : Operation 197 [1/1] (0.00ns)   --->   "%shl_ln1273_916 = bitconcatenate i21 @_ssdm_op_BitConcatenate.i21.i16.i5, i16 %a_V_264, i5 0"   --->   Operation 197 'bitconcatenate' 'shl_ln1273_916' <Predicate = true> <Delay = 0.00>
ST_1 : Operation 198 [1/1] (0.81ns)   --->   "%r_V_3003 = sub i21 0, i21 %shl_ln1273_916"   --->   Operation 198 'sub' 'r_V_3003' <Predicate = true> <Delay = 0.81> <CoreInst = "Adder">   --->   Core 1 'Adder' <Latency = 0> <II = 1> <Delay = 0.81> <FuncUnit> <Opcode : 'add' 'sub'> <InPorts = 2> <OutPorts = 1>
ST_1 : Operation 199 [1/1] (0.00ns)   --->   "%mult_V_2644 = partselect i16 @_ssdm_op_PartSelect.i16.i21.i32.i32, i21 %r_V_3003, i32 5, i32 20"   --->   Operation 199 'partselect' 'mult_V_2644' <Predicate = true> <Delay = 0.00>
ST_1 : Operation 200 [1/1] (0.00ns)   --->   "%shl_ln1273_917 = bitconcatenate i19 @_ssdm_op_BitConcatenate.i19.i16.i3, i16 %a_V_264, i3 0"   --->   Operation 200 'bitconcatenate' 'shl_ln1273_917' <Predicate = true> <Delay = 0.00>
ST_1 : Operation 201 [1/1] (0.00ns)   --->   "%sext_ln1273_1543 = sext i19 %shl_ln1273_917"   --->   Operation 201 'sext' 'sext_ln1273_1543' <Predicate = true> <Delay = 0.00>
ST_1 : Operation 202 [1/1] (0.80ns)   --->   "%r_V_3004 = sub i20 %sext_ln1273_1541, i20 %sext_ln1273_1543"   --->   Operation 202 'sub' 'r_V_3004' <Predicate = true> <Delay = 0.80> <CoreInst = "Adder">   --->   Core 1 'Adder' <Latency = 0> <II = 1> <Delay = 0.80> <FuncUnit> <Opcode : 'add' 'sub'> <InPorts = 2> <OutPorts = 1>
ST_1 : Operation 203 [1/1] (0.00ns)   --->   "%mult_V_2645 = partselect i15 @_ssdm_op_PartSelect.i15.i20.i32.i32, i20 %r_V_3004, i32 5, i32 19"   --->   Operation 203 'partselect' 'mult_V_2645' <Predicate = true> <Delay = 0.00>
ST_1 : Operation 204 [1/1] (0.00ns)   --->   "%sext_ln818_757 = sext i15 %mult_V_2645"   --->   Operation 204 'sext' 'sext_ln818_757' <Predicate = true> <Delay = 0.00>
ST_1 : Operation 205 [1/1] (0.00ns)   --->   "%shl_ln1273_918 = bitconcatenate i20 @_ssdm_op_BitConcatenate.i20.i16.i4, i16 %a_V_264, i4 0"   --->   Operation 205 'bitconcatenate' 'shl_ln1273_918' <Predicate = true> <Delay = 0.00>
ST_1 : Operation 206 [1/1] (0.00ns)   --->   "%sext_ln1273_1544 = sext i20 %shl_ln1273_918"   --->   Operation 206 'sext' 'sext_ln1273_1544' <Predicate = true> <Delay = 0.00>
ST_1 : Operation 207 [1/1] (0.00ns) (grouped into TernaryAdder)   --->   "%sub_ln1273_1905 = sub i21 0, i21 %sext_ln1273_1544"   --->   Operation 207 'sub' 'sub_ln1273_1905' <Predicate = true> <Delay = 0.00> <CoreInst = "TAddSub">   --->   Core 10 'TAddSub' <Latency = 0> <II = 1> <Delay = 0.33> <IPBlock> <Opcode : 'add' 'sub'> <InPorts = 3> <OutPorts = 1> <Sync> <CReg>
ST_1 : Operation 208 [1/1] (0.69ns) (root node of TernaryAdder)   --->   "%r_V_3005 = sub i21 %sub_ln1273_1905, i21 %sext_ln1273_1542"   --->   Operation 208 'sub' 'r_V_3005' <Predicate = true> <Delay = 0.69> <CoreInst = "TAddSub">   --->   Core 10 'TAddSub' <Latency = 0> <II = 1> <Delay = 0.33> <IPBlock> <Opcode : 'add' 'sub'> <InPorts = 3> <OutPorts = 1> <Sync> <CReg>
ST_1 : Operation 209 [1/1] (0.00ns)   --->   "%mult_V_2646 = partselect i16 @_ssdm_op_PartSelect.i16.i21.i32.i32, i21 %r_V_3005, i32 5, i32 20"   --->   Operation 209 'partselect' 'mult_V_2646' <Predicate = true> <Delay = 0.00>
ST_1 : Operation 210 [1/1] (0.81ns)   --->   "%r_V_3006 = sub i21 %shl_ln1273_916, i21 %sext_ln1273_1542"   --->   Operation 210 'sub' 'r_V_3006' <Predicate = true> <Delay = 0.81> <CoreInst = "Adder">   --->   Core 1 'Adder' <Latency = 0> <II = 1> <Delay = 0.81> <FuncUnit> <Opcode : 'add' 'sub'> <InPorts = 2> <OutPorts = 1>
ST_1 : Operation 211 [1/1] (0.00ns)   --->   "%mult_V_2647 = partselect i16 @_ssdm_op_PartSelect.i16.i21.i32.i32, i21 %r_V_3006, i32 5, i32 20"   --->   Operation 211 'partselect' 'mult_V_2647' <Predicate = true> <Delay = 0.00>
ST_1 : Operation 212 [1/1] (0.00ns)   --->   "%a_V_265 = load i16 %p_ZZN4nnet24compute_output_buffer_2dINS_5arrayI8ap_fixedILi16ELi6EL9ap_q_mode5EL9_8"   --->   Operation 212 'load' 'a_V_265' <Predicate = true> <Delay = 0.00>
ST_1 : Operation 213 [1/1] (0.00ns)   --->   "%sext_ln1270_114 = sext i16 %a_V_265"   --->   Operation 213 'sext' 'sext_ln1270_114' <Predicate = true> <Delay = 0.00>
ST_1 : Operation 214 [1/1] (0.00ns)   --->   "%shl_ln1273_919 = bitconcatenate i21 @_ssdm_op_BitConcatenate.i21.i16.i5, i16 %a_V_265, i5 0"   --->   Operation 214 'bitconcatenate' 'shl_ln1273_919' <Predicate = true> <Delay = 0.00>
ST_1 : Operation 215 [1/1] (0.81ns)   --->   "%r_V_3007 = sub i21 0, i21 %shl_ln1273_919"   --->   Operation 215 'sub' 'r_V_3007' <Predicate = true> <Delay = 0.81> <CoreInst = "Adder">   --->   Core 1 'Adder' <Latency = 0> <II = 1> <Delay = 0.81> <FuncUnit> <Opcode : 'add' 'sub'> <InPorts = 2> <OutPorts = 1>
ST_1 : Operation 216 [1/1] (0.00ns)   --->   "%mult_V_2648 = partselect i16 @_ssdm_op_PartSelect.i16.i21.i32.i32, i21 %r_V_3007, i32 5, i32 20"   --->   Operation 216 'partselect' 'mult_V_2648' <Predicate = true> <Delay = 0.00>
ST_1 : Operation 217 [1/1] (0.81ns)   --->   "%r_V_3008 = sub i21 %shl_ln1273_919, i21 %sext_ln1270_114"   --->   Operation 217 'sub' 'r_V_3008' <Predicate = true> <Delay = 0.81> <CoreInst = "Adder">   --->   Core 1 'Adder' <Latency = 0> <II = 1> <Delay = 0.81> <FuncUnit> <Opcode : 'add' 'sub'> <InPorts = 2> <OutPorts = 1>
ST_1 : Operation 218 [1/1] (0.00ns)   --->   "%mult_V_2649 = partselect i16 @_ssdm_op_PartSelect.i16.i21.i32.i32, i21 %r_V_3008, i32 5, i32 20"   --->   Operation 218 'partselect' 'mult_V_2649' <Predicate = true> <Delay = 0.00>
ST_1 : Operation 219 [1/1] (1.94ns)   --->   "%mul_ln1270_82 = mul i21 %sext_ln1270_114, i21 2097126"   --->   Operation 219 'mul' 'mul_ln1270_82' <Predicate = true> <Delay = 1.94> <CoreInst = "Multiplier">   --->   Core 3 'Multiplier' <Latency = 0> <II = 1> <Delay = 1.94> <FuncUnit> <Opcode : 'mul'> <InPorts = 2> <OutPorts = 1>
ST_1 : Operation 220 [1/1] (0.00ns)   --->   "%mult_V_2650 = partselect i16 @_ssdm_op_PartSelect.i16.i21.i32.i32, i21 %mul_ln1270_82, i32 5, i32 20"   --->   Operation 220 'partselect' 'mult_V_2650' <Predicate = true> <Delay = 0.00>
ST_1 : Operation 221 [1/1] (0.00ns)   --->   "%a_V_266 = load i16 %p_ZZN4nnet24compute_output_buffer_2dINS_5arrayI8ap_fixedILi16ELi6EL9ap_q_mode5EL9_7"   --->   Operation 221 'load' 'a_V_266' <Predicate = true> <Delay = 0.00>
ST_1 : Operation 222 [1/1] (0.00ns)   --->   "%sext_ln1270_115 = sext i16 %a_V_266"   --->   Operation 222 'sext' 'sext_ln1270_115' <Predicate = true> <Delay = 0.00>
ST_1 : Operation 223 [1/1] (0.00ns)   --->   "%shl_ln1273_920 = bitconcatenate i21 @_ssdm_op_BitConcatenate.i21.i16.i5, i16 %a_V_266, i5 0"   --->   Operation 223 'bitconcatenate' 'shl_ln1273_920' <Predicate = true> <Delay = 0.00>
ST_1 : Operation 224 [1/1] (0.81ns)   --->   "%r_V_3009 = sub i21 %shl_ln1273_920, i21 %sext_ln1270_115"   --->   Operation 224 'sub' 'r_V_3009' <Predicate = true> <Delay = 0.81> <CoreInst = "Adder">   --->   Core 1 'Adder' <Latency = 0> <II = 1> <Delay = 0.81> <FuncUnit> <Opcode : 'add' 'sub'> <InPorts = 2> <OutPorts = 1>
ST_1 : Operation 225 [1/1] (0.00ns)   --->   "%mult_V_2651 = partselect i16 @_ssdm_op_PartSelect.i16.i21.i32.i32, i21 %r_V_3009, i32 5, i32 20"   --->   Operation 225 'partselect' 'mult_V_2651' <Predicate = true> <Delay = 0.00>
ST_1 : Operation 226 [1/1] (0.81ns)   --->   "%r_V_3010 = sub i21 0, i21 %shl_ln1273_920"   --->   Operation 226 'sub' 'r_V_3010' <Predicate = true> <Delay = 0.81> <CoreInst = "Adder">   --->   Core 1 'Adder' <Latency = 0> <II = 1> <Delay = 0.81> <FuncUnit> <Opcode : 'add' 'sub'> <InPorts = 2> <OutPorts = 1>
ST_1 : Operation 227 [1/1] (0.00ns)   --->   "%mult_V_2652 = partselect i16 @_ssdm_op_PartSelect.i16.i21.i32.i32, i21 %r_V_3010, i32 5, i32 20"   --->   Operation 227 'partselect' 'mult_V_2652' <Predicate = true> <Delay = 0.00>
ST_1 : Operation 228 [1/1] (1.94ns)   --->   "%mul_ln1270_83 = mul i21 %sext_ln1270_115, i21 2097126"   --->   Operation 228 'mul' 'mul_ln1270_83' <Predicate = true> <Delay = 1.94> <CoreInst = "Multiplier">   --->   Core 3 'Multiplier' <Latency = 0> <II = 1> <Delay = 1.94> <FuncUnit> <Opcode : 'mul'> <InPorts = 2> <OutPorts = 1>
ST_1 : Operation 229 [1/1] (0.00ns)   --->   "%mult_V_2653 = partselect i16 @_ssdm_op_PartSelect.i16.i21.i32.i32, i21 %mul_ln1270_83, i32 5, i32 20"   --->   Operation 229 'partselect' 'mult_V_2653' <Predicate = true> <Delay = 0.00>
ST_1 : Operation 230 [1/1] (0.81ns)   --->   "%r_V_3011 = sub i21 %sext_ln1270_115, i21 %shl_ln1273_920"   --->   Operation 230 'sub' 'r_V_3011' <Predicate = true> <Delay = 0.81> <CoreInst = "Adder">   --->   Core 1 'Adder' <Latency = 0> <II = 1> <Delay = 0.81> <FuncUnit> <Opcode : 'add' 'sub'> <InPorts = 2> <OutPorts = 1>
ST_1 : Operation 231 [1/1] (0.00ns)   --->   "%mult_V_2654 = partselect i16 @_ssdm_op_PartSelect.i16.i21.i32.i32, i21 %r_V_3011, i32 5, i32 20"   --->   Operation 231 'partselect' 'mult_V_2654' <Predicate = true> <Delay = 0.00>
ST_1 : Operation 232 [1/1] (0.00ns)   --->   "%a_V_267 = load i16 %p_ZZN4nnet24compute_output_buffer_2dINS_5arrayI8ap_fixedILi16ELi6EL9ap_q_mode5EL9_6"   --->   Operation 232 'load' 'a_V_267' <Predicate = true> <Delay = 0.00>
ST_1 : Operation 233 [1/1] (0.00ns)   --->   "%sext_ln1270_116 = sext i16 %a_V_267"   --->   Operation 233 'sext' 'sext_ln1270_116' <Predicate = true> <Delay = 0.00>
ST_1 : Operation 234 [1/1] (0.00ns)   --->   "%p_shl = bitconcatenate i21 @_ssdm_op_BitConcatenate.i21.i16.i5, i16 %a_V_267, i5 0"   --->   Operation 234 'bitconcatenate' 'p_shl' <Predicate = true> <Delay = 0.00>
ST_1 : Operation 235 [1/1] (0.81ns)   --->   "%r_V_3012 = sub i21 %sext_ln1270_116, i21 %p_shl"   --->   Operation 235 'sub' 'r_V_3012' <Predicate = true> <Delay = 0.81> <CoreInst = "Adder">   --->   Core 1 'Adder' <Latency = 0> <II = 1> <Delay = 0.81> <FuncUnit> <Opcode : 'add' 'sub'> <InPorts = 2> <OutPorts = 1>
ST_1 : Operation 236 [1/1] (0.00ns)   --->   "%mult_V_2655 = partselect i16 @_ssdm_op_PartSelect.i16.i21.i32.i32, i21 %r_V_3012, i32 5, i32 20"   --->   Operation 236 'partselect' 'mult_V_2655' <Predicate = true> <Delay = 0.00>
ST_1 : Operation 237 [1/1] (0.00ns)   --->   "%shl_ln1273_921 = bitconcatenate i20 @_ssdm_op_BitConcatenate.i20.i16.i4, i16 %a_V_267, i4 0"   --->   Operation 237 'bitconcatenate' 'shl_ln1273_921' <Predicate = true> <Delay = 0.00>
ST_1 : Operation 238 [1/1] (0.00ns)   --->   "%sext_ln1273_1545 = sext i20 %shl_ln1273_921"   --->   Operation 238 'sext' 'sext_ln1273_1545' <Predicate = true> <Delay = 0.00>
ST_1 : Operation 239 [1/1] (0.80ns)   --->   "%r_V_3013 = sub i21 %sext_ln1273_1545, i21 %sext_ln1270_116"   --->   Operation 239 'sub' 'r_V_3013' <Predicate = true> <Delay = 0.80> <CoreInst = "Adder">   --->   Core 1 'Adder' <Latency = 0> <II = 1> <Delay = 0.80> <FuncUnit> <Opcode : 'add' 'sub'> <InPorts = 2> <OutPorts = 1>
ST_1 : Operation 240 [1/1] (0.00ns)   --->   "%mult_V_2656 = partselect i16 @_ssdm_op_PartSelect.i16.i21.i32.i32, i21 %r_V_3013, i32 5, i32 20"   --->   Operation 240 'partselect' 'mult_V_2656' <Predicate = true> <Delay = 0.00>
ST_1 : Operation 241 [1/1] (1.94ns)   --->   "%mul_ln1270_84 = mul i21 %sext_ln1270_116, i21 2097131"   --->   Operation 241 'mul' 'mul_ln1270_84' <Predicate = true> <Delay = 1.94> <CoreInst = "Multiplier">   --->   Core 3 'Multiplier' <Latency = 0> <II = 1> <Delay = 1.94> <FuncUnit> <Opcode : 'mul'> <InPorts = 2> <OutPorts = 1>
ST_1 : Operation 242 [1/1] (0.00ns)   --->   "%mult_V_2657 = partselect i16 @_ssdm_op_PartSelect.i16.i21.i32.i32, i21 %mul_ln1270_84, i32 5, i32 20"   --->   Operation 242 'partselect' 'mult_V_2657' <Predicate = true> <Delay = 0.00>
ST_1 : Operation 243 [1/1] (0.81ns)   --->   "%r_V_3014 = sub i21 %p_shl, i21 %sext_ln1270_116"   --->   Operation 243 'sub' 'r_V_3014' <Predicate = true> <Delay = 0.81> <CoreInst = "Adder">   --->   Core 1 'Adder' <Latency = 0> <II = 1> <Delay = 0.81> <FuncUnit> <Opcode : 'add' 'sub'> <InPorts = 2> <OutPorts = 1>
ST_1 : Operation 244 [1/1] (0.00ns)   --->   "%mult_V_2658 = partselect i16 @_ssdm_op_PartSelect.i16.i21.i32.i32, i21 %r_V_3014, i32 5, i32 20"   --->   Operation 244 'partselect' 'mult_V_2658' <Predicate = true> <Delay = 0.00>
ST_1 : Operation 245 [1/1] (0.00ns)   --->   "%a_V_268 = load i16 %p_ZZN4nnet24compute_output_buffer_2dINS_5arrayI8ap_fixedILi16ELi6EL9ap_q_mode5EL9_5"   --->   Operation 245 'load' 'a_V_268' <Predicate = true> <Delay = 0.00>
ST_1 : Operation 246 [1/1] (0.00ns)   --->   "%sext_ln1270_117 = sext i16 %a_V_268"   --->   Operation 246 'sext' 'sext_ln1270_117' <Predicate = true> <Delay = 0.00>
ST_1 : Operation 247 [1/1] (0.00ns)   --->   "%shl_ln1273_922 = bitconcatenate i21 @_ssdm_op_BitConcatenate.i21.i16.i5, i16 %a_V_268, i5 0"   --->   Operation 247 'bitconcatenate' 'shl_ln1273_922' <Predicate = true> <Delay = 0.00>
ST_1 : Operation 248 [1/1] (0.81ns)   --->   "%r_V_3015 = sub i21 %shl_ln1273_922, i21 %sext_ln1270_117"   --->   Operation 248 'sub' 'r_V_3015' <Predicate = true> <Delay = 0.81> <CoreInst = "Adder">   --->   Core 1 'Adder' <Latency = 0> <II = 1> <Delay = 0.81> <FuncUnit> <Opcode : 'add' 'sub'> <InPorts = 2> <OutPorts = 1>
ST_1 : Operation 249 [1/1] (0.00ns)   --->   "%mult_V_2659 = partselect i16 @_ssdm_op_PartSelect.i16.i21.i32.i32, i21 %r_V_3015, i32 5, i32 20"   --->   Operation 249 'partselect' 'mult_V_2659' <Predicate = true> <Delay = 0.00>
ST_1 : Operation 250 [1/1] (0.00ns)   --->   "%shl_ln1273_923 = bitconcatenate i19 @_ssdm_op_BitConcatenate.i19.i16.i3, i16 %a_V_268, i3 0"   --->   Operation 250 'bitconcatenate' 'shl_ln1273_923' <Predicate = true> <Delay = 0.00>
ST_1 : Operation 251 [1/1] (0.00ns)   --->   "%sext_ln1273_1546 = sext i19 %shl_ln1273_923"   --->   Operation 251 'sext' 'sext_ln1273_1546' <Predicate = true> <Delay = 0.00>
ST_1 : Operation 252 [1/1] (0.80ns)   --->   "%r_V_3016 = sub i20 0, i20 %sext_ln1273_1546"   --->   Operation 252 'sub' 'r_V_3016' <Predicate = true> <Delay = 0.80> <CoreInst = "Adder">   --->   Core 1 'Adder' <Latency = 0> <II = 1> <Delay = 0.80> <FuncUnit> <Opcode : 'add' 'sub'> <InPorts = 2> <OutPorts = 1>
ST_1 : Operation 253 [1/1] (0.00ns)   --->   "%mult_V_2660 = partselect i15 @_ssdm_op_PartSelect.i15.i20.i32.i32, i20 %r_V_3016, i32 5, i32 19"   --->   Operation 253 'partselect' 'mult_V_2660' <Predicate = true> <Delay = 0.00>
ST_1 : Operation 254 [1/1] (0.00ns)   --->   "%shl_ln1273_924 = bitconcatenate i17 @_ssdm_op_BitConcatenate.i17.i16.i1, i16 %a_V_268, i1 0"   --->   Operation 254 'bitconcatenate' 'shl_ln1273_924' <Predicate = true> <Delay = 0.00>
ST_1 : Operation 255 [1/1] (0.00ns)   --->   "%sext_ln1273_1547 = sext i17 %shl_ln1273_924"   --->   Operation 255 'sext' 'sext_ln1273_1547' <Predicate = true> <Delay = 0.00>
ST_1 : Operation 256 [1/1] (0.81ns)   --->   "%r_V_3017 = sub i21 %shl_ln1273_922, i21 %sext_ln1273_1547"   --->   Operation 256 'sub' 'r_V_3017' <Predicate = true> <Delay = 0.81> <CoreInst = "Adder">   --->   Core 1 'Adder' <Latency = 0> <II = 1> <Delay = 0.81> <FuncUnit> <Opcode : 'add' 'sub'> <InPorts = 2> <OutPorts = 1>
ST_1 : Operation 257 [1/1] (0.00ns)   --->   "%mult_V_2661 = partselect i16 @_ssdm_op_PartSelect.i16.i21.i32.i32, i21 %r_V_3017, i32 5, i32 20"   --->   Operation 257 'partselect' 'mult_V_2661' <Predicate = true> <Delay = 0.00>
ST_1 : Operation 258 [1/1] (1.94ns)   --->   "%mul_ln1270_85 = mul i21 %sext_ln1270_117, i21 27"   --->   Operation 258 'mul' 'mul_ln1270_85' <Predicate = true> <Delay = 1.94> <CoreInst = "Multiplier">   --->   Core 3 'Multiplier' <Latency = 0> <II = 1> <Delay = 1.94> <FuncUnit> <Opcode : 'mul'> <InPorts = 2> <OutPorts = 1>
ST_1 : Operation 259 [1/1] (0.00ns)   --->   "%mult_V_2662 = partselect i16 @_ssdm_op_PartSelect.i16.i21.i32.i32, i21 %mul_ln1270_85, i32 5, i32 20"   --->   Operation 259 'partselect' 'mult_V_2662' <Predicate = true> <Delay = 0.00>
ST_1 : Operation 260 [1/1] (0.81ns)   --->   "%r_V_3018 = sub i21 %sext_ln1273_1547, i21 %shl_ln1273_922"   --->   Operation 260 'sub' 'r_V_3018' <Predicate = true> <Delay = 0.81> <CoreInst = "Adder">   --->   Core 1 'Adder' <Latency = 0> <II = 1> <Delay = 0.81> <FuncUnit> <Opcode : 'add' 'sub'> <InPorts = 2> <OutPorts = 1>
ST_1 : Operation 261 [1/1] (0.00ns)   --->   "%mult_V_2663 = partselect i16 @_ssdm_op_PartSelect.i16.i21.i32.i32, i21 %r_V_3018, i32 5, i32 20"   --->   Operation 261 'partselect' 'mult_V_2663' <Predicate = true> <Delay = 0.00>
ST_1 : Operation 262 [1/1] (0.00ns)   --->   "%a_V_269 = load i16 %p_ZZN4nnet24compute_output_buffer_2dINS_5arrayI8ap_fixedILi16ELi6EL9ap_q_mode5EL9_4"   --->   Operation 262 'load' 'a_V_269' <Predicate = true> <Delay = 0.00>
ST_1 : Operation 263 [1/1] (0.00ns)   --->   "%sext_ln1270_118 = sext i16 %a_V_269"   --->   Operation 263 'sext' 'sext_ln1270_118' <Predicate = true> <Delay = 0.00>
ST_1 : Operation 264 [1/1] (0.00ns)   --->   "%sext_ln1273_1548 = sext i16 %a_V_269"   --->   Operation 264 'sext' 'sext_ln1273_1548' <Predicate = true> <Delay = 0.00>
ST_1 : Operation 265 [1/1] (0.00ns)   --->   "%shl_ln1273_925 = bitconcatenate i21 @_ssdm_op_BitConcatenate.i21.i16.i5, i16 %a_V_269, i5 0"   --->   Operation 265 'bitconcatenate' 'shl_ln1273_925' <Predicate = true> <Delay = 0.00>
ST_1 : Operation 266 [1/1] (0.81ns)   --->   "%r_V_3019 = sub i21 %shl_ln1273_925, i21 %sext_ln1270_118"   --->   Operation 266 'sub' 'r_V_3019' <Predicate = true> <Delay = 0.81> <CoreInst = "Adder">   --->   Core 1 'Adder' <Latency = 0> <II = 1> <Delay = 0.81> <FuncUnit> <Opcode : 'add' 'sub'> <InPorts = 2> <OutPorts = 1>
ST_1 : Operation 267 [1/1] (0.00ns)   --->   "%mult_V_2664 = partselect i16 @_ssdm_op_PartSelect.i16.i21.i32.i32, i21 %r_V_3019, i32 5, i32 20"   --->   Operation 267 'partselect' 'mult_V_2664' <Predicate = true> <Delay = 0.00>
ST_1 : Operation 268 [1/1] (0.81ns)   --->   "%r_V_3020 = sub i21 0, i21 %shl_ln1273_925"   --->   Operation 268 'sub' 'r_V_3020' <Predicate = true> <Delay = 0.81> <CoreInst = "Adder">   --->   Core 1 'Adder' <Latency = 0> <II = 1> <Delay = 0.81> <FuncUnit> <Opcode : 'add' 'sub'> <InPorts = 2> <OutPorts = 1>
ST_1 : Operation 269 [1/1] (0.00ns)   --->   "%mult_V_2665 = partselect i16 @_ssdm_op_PartSelect.i16.i21.i32.i32, i21 %r_V_3020, i32 5, i32 20"   --->   Operation 269 'partselect' 'mult_V_2665' <Predicate = true> <Delay = 0.00>
ST_1 : Operation 270 [1/1] (0.00ns)   --->   "%shl_ln1273_926 = bitconcatenate i18 @_ssdm_op_BitConcatenate.i18.i16.i2, i16 %a_V_269, i2 0"   --->   Operation 270 'bitconcatenate' 'shl_ln1273_926' <Predicate = true> <Delay = 0.00>
ST_1 : Operation 271 [1/1] (0.00ns)   --->   "%sext_ln1273_1549 = sext i18 %shl_ln1273_926"   --->   Operation 271 'sext' 'sext_ln1273_1549' <Predicate = true> <Delay = 0.00>
ST_1 : Operation 272 [1/1] (0.79ns)   --->   "%r_V_3021 = sub i19 %sext_ln1273_1548, i19 %sext_ln1273_1549"   --->   Operation 272 'sub' 'r_V_3021' <Predicate = true> <Delay = 0.79> <CoreInst = "Adder">   --->   Core 1 'Adder' <Latency = 0> <II = 1> <Delay = 0.79> <FuncUnit> <Opcode : 'add' 'sub'> <InPorts = 2> <OutPorts = 1>
ST_1 : Operation 273 [1/1] (0.00ns)   --->   "%mult_V_2666 = partselect i14 @_ssdm_op_PartSelect.i14.i19.i32.i32, i19 %r_V_3021, i32 5, i32 18"   --->   Operation 273 'partselect' 'mult_V_2666' <Predicate = true> <Delay = 0.00>
ST_1 : Operation 274 [1/1] (0.00ns)   --->   "%sext_ln17_1686 = sext i14 %mult_V_2666" [/home/ayvol/vitis-accel-CNN/vitis_accel_prj/firmware/nnet_utils/nnet_dense_latency.h:17]   --->   Operation 274 'sext' 'sext_ln17_1686' <Predicate = true> <Delay = 0.00>
ST_1 : Operation 275 [1/1] (1.94ns)   --->   "%mul_ln1270_86 = mul i21 %sext_ln1270_118, i21 19"   --->   Operation 275 'mul' 'mul_ln1270_86' <Predicate = true> <Delay = 1.94> <CoreInst = "Multiplier">   --->   Core 3 'Multiplier' <Latency = 0> <II = 1> <Delay = 1.94> <FuncUnit> <Opcode : 'mul'> <InPorts = 2> <OutPorts = 1>
ST_1 : Operation 276 [1/1] (0.00ns)   --->   "%mult_V_2667 = partselect i16 @_ssdm_op_PartSelect.i16.i21.i32.i32, i21 %mul_ln1270_86, i32 5, i32 20"   --->   Operation 276 'partselect' 'mult_V_2667' <Predicate = true> <Delay = 0.00>
ST_1 : Operation 277 [1/1] (0.00ns)   --->   "%a_V_270 = load i16 %p_ZZN4nnet24compute_output_buffer_2dINS_5arrayI8ap_fixedILi16ELi6EL9ap_q_mode5EL9_3"   --->   Operation 277 'load' 'a_V_270' <Predicate = true> <Delay = 0.00>
ST_1 : Operation 278 [1/1] (0.00ns)   --->   "%sext_ln1273_1550 = sext i16 %a_V_270"   --->   Operation 278 'sext' 'sext_ln1273_1550' <Predicate = true> <Delay = 0.00>
ST_1 : Operation 279 [1/1] (0.00ns)   --->   "%sext_ln1273_1551 = sext i16 %a_V_270"   --->   Operation 279 'sext' 'sext_ln1273_1551' <Predicate = true> <Delay = 0.00>
ST_1 : Operation 280 [1/1] (0.00ns)   --->   "%shl_ln1273_927 = bitconcatenate i21 @_ssdm_op_BitConcatenate.i21.i16.i5, i16 %a_V_270, i5 0"   --->   Operation 280 'bitconcatenate' 'shl_ln1273_927' <Predicate = true> <Delay = 0.00>
ST_1 : Operation 281 [1/1] (0.81ns)   --->   "%r_V_3022 = sub i21 %shl_ln1273_927, i21 %sext_ln1273_1551"   --->   Operation 281 'sub' 'r_V_3022' <Predicate = true> <Delay = 0.81> <CoreInst = "Adder">   --->   Core 1 'Adder' <Latency = 0> <II = 1> <Delay = 0.81> <FuncUnit> <Opcode : 'add' 'sub'> <InPorts = 2> <OutPorts = 1>
ST_1 : Operation 282 [1/1] (0.00ns)   --->   "%mult_V_2668 = partselect i16 @_ssdm_op_PartSelect.i16.i21.i32.i32, i21 %r_V_3022, i32 5, i32 20"   --->   Operation 282 'partselect' 'mult_V_2668' <Predicate = true> <Delay = 0.00>
ST_1 : Operation 283 [1/1] (0.81ns)   --->   "%r_V_3023 = sub i21 0, i21 %shl_ln1273_927"   --->   Operation 283 'sub' 'r_V_3023' <Predicate = true> <Delay = 0.81> <CoreInst = "Adder">   --->   Core 1 'Adder' <Latency = 0> <II = 1> <Delay = 0.81> <FuncUnit> <Opcode : 'add' 'sub'> <InPorts = 2> <OutPorts = 1>
ST_1 : Operation 284 [1/1] (0.00ns)   --->   "%mult_V_2669 = partselect i16 @_ssdm_op_PartSelect.i16.i21.i32.i32, i21 %r_V_3023, i32 5, i32 20"   --->   Operation 284 'partselect' 'mult_V_2669' <Predicate = true> <Delay = 0.00>
ST_1 : Operation 285 [1/1] (0.00ns)   --->   "%shl_ln1273_928 = bitconcatenate i20 @_ssdm_op_BitConcatenate.i20.i16.i4, i16 %a_V_270, i4 0"   --->   Operation 285 'bitconcatenate' 'shl_ln1273_928' <Predicate = true> <Delay = 0.00>
ST_1 : Operation 286 [1/1] (0.00ns)   --->   "%sext_ln1273_1552 = sext i20 %shl_ln1273_928"   --->   Operation 286 'sext' 'sext_ln1273_1552' <Predicate = true> <Delay = 0.00>
ST_1 : Operation 287 [1/1] (0.00ns) (grouped into TernaryAdder)   --->   "%sub_ln1273_1923 = sub i21 0, i21 %sext_ln1273_1552"   --->   Operation 287 'sub' 'sub_ln1273_1923' <Predicate = true> <Delay = 0.00> <CoreInst = "TAddSub">   --->   Core 10 'TAddSub' <Latency = 0> <II = 1> <Delay = 0.33> <IPBlock> <Opcode : 'add' 'sub'> <InPorts = 3> <OutPorts = 1> <Sync> <CReg>
ST_1 : Operation 288 [1/1] (0.00ns)   --->   "%shl_ln1273_929 = bitconcatenate i17 @_ssdm_op_BitConcatenate.i17.i16.i1, i16 %a_V_270, i1 0"   --->   Operation 288 'bitconcatenate' 'shl_ln1273_929' <Predicate = true> <Delay = 0.00>
ST_1 : Operation 289 [1/1] (0.00ns)   --->   "%sext_ln1273_1553 = sext i17 %shl_ln1273_929"   --->   Operation 289 'sext' 'sext_ln1273_1553' <Predicate = true> <Delay = 0.00>
ST_1 : Operation 290 [1/1] (0.69ns) (root node of TernaryAdder)   --->   "%r_V_3024 = sub i21 %sub_ln1273_1923, i21 %sext_ln1273_1553"   --->   Operation 290 'sub' 'r_V_3024' <Predicate = true> <Delay = 0.69> <CoreInst = "TAddSub">   --->   Core 10 'TAddSub' <Latency = 0> <II = 1> <Delay = 0.33> <IPBlock> <Opcode : 'add' 'sub'> <InPorts = 3> <OutPorts = 1> <Sync> <CReg>
ST_1 : Operation 291 [1/1] (0.00ns)   --->   "%mult_V_2670 = partselect i16 @_ssdm_op_PartSelect.i16.i21.i32.i32, i21 %r_V_3024, i32 5, i32 20"   --->   Operation 291 'partselect' 'mult_V_2670' <Predicate = true> <Delay = 0.00>
ST_1 : Operation 292 [1/1] (1.94ns)   --->   "%mul_ln1270_87 = mul i21 %sext_ln1273_1551, i21 21"   --->   Operation 292 'mul' 'mul_ln1270_87' <Predicate = true> <Delay = 1.94> <CoreInst = "Multiplier">   --->   Core 3 'Multiplier' <Latency = 0> <II = 1> <Delay = 1.94> <FuncUnit> <Opcode : 'mul'> <InPorts = 2> <OutPorts = 1>
ST_1 : Operation 293 [1/1] (0.00ns)   --->   "%mult_V_2671 = partselect i16 @_ssdm_op_PartSelect.i16.i21.i32.i32, i21 %mul_ln1270_87, i32 5, i32 20"   --->   Operation 293 'partselect' 'mult_V_2671' <Predicate = true> <Delay = 0.00>
ST_1 : Operation 294 [1/1] (0.00ns)   --->   "%shl_ln1273_930 = bitconcatenate i18 @_ssdm_op_BitConcatenate.i18.i16.i2, i16 %a_V_270, i2 0"   --->   Operation 294 'bitconcatenate' 'shl_ln1273_930' <Predicate = true> <Delay = 0.00>
ST_1 : Operation 295 [1/1] (0.00ns)   --->   "%sext_ln1273_1554 = sext i18 %shl_ln1273_930"   --->   Operation 295 'sext' 'sext_ln1273_1554' <Predicate = true> <Delay = 0.00>
ST_1 : Operation 296 [1/1] (0.81ns)   --->   "%r_V_3025 = sub i21 %sext_ln1273_1554, i21 %shl_ln1273_927"   --->   Operation 296 'sub' 'r_V_3025' <Predicate = true> <Delay = 0.81> <CoreInst = "Adder">   --->   Core 1 'Adder' <Latency = 0> <II = 1> <Delay = 0.81> <FuncUnit> <Opcode : 'add' 'sub'> <InPorts = 2> <OutPorts = 1>
ST_1 : Operation 297 [1/1] (0.00ns)   --->   "%mult_V_2672 = partselect i16 @_ssdm_op_PartSelect.i16.i21.i32.i32, i21 %r_V_3025, i32 5, i32 20"   --->   Operation 297 'partselect' 'mult_V_2672' <Predicate = true> <Delay = 0.00>
ST_1 : Operation 298 [1/1] (1.94ns)   --->   "%mul_ln1270_88 = mul i21 %sext_ln1273_1551, i21 25"   --->   Operation 298 'mul' 'mul_ln1270_88' <Predicate = true> <Delay = 1.94> <CoreInst = "Multiplier">   --->   Core 3 'Multiplier' <Latency = 0> <II = 1> <Delay = 1.94> <FuncUnit> <Opcode : 'mul'> <InPorts = 2> <OutPorts = 1>
ST_1 : Operation 299 [1/1] (0.00ns)   --->   "%mult_V_2673 = partselect i16 @_ssdm_op_PartSelect.i16.i21.i32.i32, i21 %mul_ln1270_88, i32 5, i32 20"   --->   Operation 299 'partselect' 'mult_V_2673' <Predicate = true> <Delay = 0.00>
ST_1 : Operation 300 [1/1] (1.94ns)   --->   "%mul_ln1270_89 = mul i21 %sext_ln1273_1551, i21 22"   --->   Operation 300 'mul' 'mul_ln1270_89' <Predicate = true> <Delay = 1.94> <CoreInst = "Multiplier">   --->   Core 3 'Multiplier' <Latency = 0> <II = 1> <Delay = 1.94> <FuncUnit> <Opcode : 'mul'> <InPorts = 2> <OutPorts = 1>
ST_1 : Operation 301 [1/1] (0.00ns)   --->   "%mult_V_2674 = partselect i16 @_ssdm_op_PartSelect.i16.i21.i32.i32, i21 %mul_ln1270_89, i32 5, i32 20"   --->   Operation 301 'partselect' 'mult_V_2674' <Predicate = true> <Delay = 0.00>
ST_1 : Operation 302 [1/1] (0.00ns)   --->   "%shl_ln1273_931 = bitconcatenate i19 @_ssdm_op_BitConcatenate.i19.i16.i3, i16 %a_V_270, i3 0"   --->   Operation 302 'bitconcatenate' 'shl_ln1273_931' <Predicate = true> <Delay = 0.00>
ST_1 : Operation 303 [1/1] (0.00ns)   --->   "%sext_ln1273_1555 = sext i19 %shl_ln1273_931"   --->   Operation 303 'sext' 'sext_ln1273_1555' <Predicate = true> <Delay = 0.00>
ST_1 : Operation 304 [1/1] (0.80ns)   --->   "%r_V_3026 = add i20 %sext_ln1273_1555, i20 %sext_ln1273_1550"   --->   Operation 304 'add' 'r_V_3026' <Predicate = true> <Delay = 0.80> <CoreInst = "Adder">   --->   Core 1 'Adder' <Latency = 0> <II = 1> <Delay = 0.80> <FuncUnit> <Opcode : 'add' 'sub'> <InPorts = 2> <OutPorts = 1>
ST_1 : Operation 305 [1/1] (0.00ns)   --->   "%mult_V_2675 = partselect i15 @_ssdm_op_PartSelect.i15.i20.i32.i32, i20 %r_V_3026, i32 5, i32 19"   --->   Operation 305 'partselect' 'mult_V_2675' <Predicate = true> <Delay = 0.00>
ST_1 : Operation 306 [1/1] (0.00ns)   --->   "%sext_ln818_759 = sext i15 %mult_V_2675"   --->   Operation 306 'sext' 'sext_ln818_759' <Predicate = true> <Delay = 0.00>
ST_1 : Operation 307 [1/1] (0.00ns)   --->   "%a_V_271 = load i16 %p_ZZN4nnet24compute_output_buffer_2dINS_5arrayI8ap_fixedILi16ELi6EL9ap_q_mode5EL9_2"   --->   Operation 307 'load' 'a_V_271' <Predicate = true> <Delay = 0.00>
ST_1 : Operation 308 [1/1] (0.00ns)   --->   "%sext_ln1270_119 = sext i16 %a_V_271"   --->   Operation 308 'sext' 'sext_ln1270_119' <Predicate = true> <Delay = 0.00>
ST_1 : Operation 309 [1/1] (0.00ns)   --->   "%shl_ln1273_932 = bitconcatenate i21 @_ssdm_op_BitConcatenate.i21.i16.i5, i16 %a_V_271, i5 0"   --->   Operation 309 'bitconcatenate' 'shl_ln1273_932' <Predicate = true> <Delay = 0.00>
ST_1 : Operation 310 [1/1] (0.81ns)   --->   "%r_V_3027 = sub i21 0, i21 %shl_ln1273_932"   --->   Operation 310 'sub' 'r_V_3027' <Predicate = true> <Delay = 0.81> <CoreInst = "Adder">   --->   Core 1 'Adder' <Latency = 0> <II = 1> <Delay = 0.81> <FuncUnit> <Opcode : 'add' 'sub'> <InPorts = 2> <OutPorts = 1>
ST_1 : Operation 311 [1/1] (0.00ns)   --->   "%mult_V_2676 = partselect i16 @_ssdm_op_PartSelect.i16.i21.i32.i32, i21 %r_V_3027, i32 5, i32 20"   --->   Operation 311 'partselect' 'mult_V_2676' <Predicate = true> <Delay = 0.00>
ST_1 : Operation 312 [1/1] (0.00ns)   --->   "%shl_ln1273_933 = bitconcatenate i17 @_ssdm_op_BitConcatenate.i17.i16.i1, i16 %a_V_271, i1 0"   --->   Operation 312 'bitconcatenate' 'shl_ln1273_933' <Predicate = true> <Delay = 0.00>
ST_1 : Operation 313 [1/1] (0.00ns)   --->   "%sext_ln1273_1556 = sext i17 %shl_ln1273_933"   --->   Operation 313 'sext' 'sext_ln1273_1556' <Predicate = true> <Delay = 0.00>
ST_1 : Operation 314 [1/1] (0.79ns)   --->   "%r_V_3028 = sub i18 0, i18 %sext_ln1273_1556"   --->   Operation 314 'sub' 'r_V_3028' <Predicate = true> <Delay = 0.79> <CoreInst = "Adder">   --->   Core 1 'Adder' <Latency = 0> <II = 1> <Delay = 0.79> <FuncUnit> <Opcode : 'add' 'sub'> <InPorts = 2> <OutPorts = 1>
ST_1 : Operation 315 [1/1] (0.00ns)   --->   "%mult_V_2677 = partselect i13 @_ssdm_op_PartSelect.i13.i18.i32.i32, i18 %r_V_3028, i32 5, i32 17"   --->   Operation 315 'partselect' 'mult_V_2677' <Predicate = true> <Delay = 0.00>
ST_1 : Operation 316 [1/1] (0.00ns)   --->   "%sext_ln17_1687 = sext i13 %mult_V_2677" [/home/ayvol/vitis-accel-CNN/vitis_accel_prj/firmware/nnet_utils/nnet_dense_latency.h:17]   --->   Operation 316 'sext' 'sext_ln17_1687' <Predicate = true> <Delay = 0.00>
ST_1 : Operation 317 [1/1] (1.94ns)   --->   "%mul_ln1270_90 = mul i21 %sext_ln1270_119, i21 29"   --->   Operation 317 'mul' 'mul_ln1270_90' <Predicate = true> <Delay = 1.94> <CoreInst = "Multiplier">   --->   Core 3 'Multiplier' <Latency = 0> <II = 1> <Delay = 1.94> <FuncUnit> <Opcode : 'mul'> <InPorts = 2> <OutPorts = 1>
ST_1 : Operation 318 [1/1] (0.00ns)   --->   "%mult_V_2678 = partselect i16 @_ssdm_op_PartSelect.i16.i21.i32.i32, i21 %mul_ln1270_90, i32 5, i32 20"   --->   Operation 318 'partselect' 'mult_V_2678' <Predicate = true> <Delay = 0.00>
ST_1 : Operation 319 [1/1] (0.00ns)   --->   "%shl_ln1273_934 = bitconcatenate i20 @_ssdm_op_BitConcatenate.i20.i16.i4, i16 %a_V_271, i4 0"   --->   Operation 319 'bitconcatenate' 'shl_ln1273_934' <Predicate = true> <Delay = 0.00>
ST_1 : Operation 320 [1/1] (0.00ns)   --->   "%sext_ln1273_1557 = sext i20 %shl_ln1273_934"   --->   Operation 320 'sext' 'sext_ln1273_1557' <Predicate = true> <Delay = 0.00>
ST_1 : Operation 321 [1/1] (0.80ns)   --->   "%r_V_3029 = add i21 %sext_ln1273_1557, i21 %sext_ln1270_119"   --->   Operation 321 'add' 'r_V_3029' <Predicate = true> <Delay = 0.80> <CoreInst = "Adder">   --->   Core 1 'Adder' <Latency = 0> <II = 1> <Delay = 0.80> <FuncUnit> <Opcode : 'add' 'sub'> <InPorts = 2> <OutPorts = 1>
ST_1 : Operation 322 [1/1] (0.00ns)   --->   "%mult_V_2679 = partselect i16 @_ssdm_op_PartSelect.i16.i21.i32.i32, i21 %r_V_3029, i32 5, i32 20"   --->   Operation 322 'partselect' 'mult_V_2679' <Predicate = true> <Delay = 0.00>
ST_1 : Operation 323 [1/1] (0.00ns)   --->   "%a_V_272 = load i16 %p_ZZN4nnet24compute_output_buffer_2dINS_5arrayI8ap_fixedILi16ELi6EL9ap_q_mode5EL9_1"   --->   Operation 323 'load' 'a_V_272' <Predicate = true> <Delay = 0.00>
ST_1 : Operation 324 [1/1] (0.00ns)   --->   "%sext_ln1273_1558 = sext i16 %a_V_272"   --->   Operation 324 'sext' 'sext_ln1273_1558' <Predicate = true> <Delay = 0.00>
ST_1 : Operation 325 [1/1] (0.00ns)   --->   "%shl_ln1273_935 = bitconcatenate i19 @_ssdm_op_BitConcatenate.i19.i16.i3, i16 %a_V_272, i3 0"   --->   Operation 325 'bitconcatenate' 'shl_ln1273_935' <Predicate = true> <Delay = 0.00>
ST_1 : Operation 326 [1/1] (0.00ns)   --->   "%sext_ln1273_1559 = sext i19 %shl_ln1273_935"   --->   Operation 326 'sext' 'sext_ln1273_1559' <Predicate = true> <Delay = 0.00>
ST_1 : Operation 327 [1/1] (0.00ns)   --->   "%shl_ln1273_936 = bitconcatenate i17 @_ssdm_op_BitConcatenate.i17.i16.i1, i16 %a_V_272, i1 0"   --->   Operation 327 'bitconcatenate' 'shl_ln1273_936' <Predicate = true> <Delay = 0.00>
ST_1 : Operation 328 [1/1] (0.00ns)   --->   "%sext_ln1273_1560 = sext i17 %shl_ln1273_936"   --->   Operation 328 'sext' 'sext_ln1273_1560' <Predicate = true> <Delay = 0.00>
ST_1 : Operation 329 [1/1] (0.80ns)   --->   "%r_V_3030 = add i20 %sext_ln1273_1559, i20 %sext_ln1273_1560"   --->   Operation 329 'add' 'r_V_3030' <Predicate = true> <Delay = 0.80> <CoreInst = "Adder">   --->   Core 1 'Adder' <Latency = 0> <II = 1> <Delay = 0.80> <FuncUnit> <Opcode : 'add' 'sub'> <InPorts = 2> <OutPorts = 1>
ST_1 : Operation 330 [1/1] (0.00ns)   --->   "%mult_V_2680 = partselect i15 @_ssdm_op_PartSelect.i15.i20.i32.i32, i20 %r_V_3030, i32 5, i32 19"   --->   Operation 330 'partselect' 'mult_V_2680' <Predicate = true> <Delay = 0.00>
ST_1 : Operation 331 [1/1] (0.00ns)   --->   "%sext_ln818_760 = sext i15 %mult_V_2680"   --->   Operation 331 'sext' 'sext_ln818_760' <Predicate = true> <Delay = 0.00>
ST_1 : Operation 332 [1/1] (0.00ns)   --->   "%shl_ln1273_937 = bitconcatenate i20 @_ssdm_op_BitConcatenate.i20.i16.i4, i16 %a_V_272, i4 0"   --->   Operation 332 'bitconcatenate' 'shl_ln1273_937' <Predicate = true> <Delay = 0.00>
ST_1 : Operation 333 [1/1] (0.00ns)   --->   "%sext_ln1273_1561 = sext i20 %shl_ln1273_937"   --->   Operation 333 'sext' 'sext_ln1273_1561' <Predicate = true> <Delay = 0.00>
ST_1 : Operation 334 [1/1] (0.80ns)   --->   "%r_V_3031 = sub i21 %sext_ln1273_1561, i21 %sext_ln1273_1558"   --->   Operation 334 'sub' 'r_V_3031' <Predicate = true> <Delay = 0.80> <CoreInst = "Adder">   --->   Core 1 'Adder' <Latency = 0> <II = 1> <Delay = 0.80> <FuncUnit> <Opcode : 'add' 'sub'> <InPorts = 2> <OutPorts = 1>
ST_1 : Operation 335 [1/1] (0.00ns)   --->   "%mult_V_2681 = partselect i16 @_ssdm_op_PartSelect.i16.i21.i32.i32, i21 %r_V_3031, i32 5, i32 20"   --->   Operation 335 'partselect' 'mult_V_2681' <Predicate = true> <Delay = 0.00>
ST_1 : Operation 336 [1/1] (0.00ns)   --->   "%shl_ln1273_938 = bitconcatenate i21 @_ssdm_op_BitConcatenate.i21.i16.i5, i16 %a_V_272, i5 0"   --->   Operation 336 'bitconcatenate' 'shl_ln1273_938' <Predicate = true> <Delay = 0.00>
ST_1 : Operation 337 [1/1] (0.81ns)   --->   "%r_V_3032 = sub i21 0, i21 %shl_ln1273_938"   --->   Operation 337 'sub' 'r_V_3032' <Predicate = true> <Delay = 0.81> <CoreInst = "Adder">   --->   Core 1 'Adder' <Latency = 0> <II = 1> <Delay = 0.81> <FuncUnit> <Opcode : 'add' 'sub'> <InPorts = 2> <OutPorts = 1>
ST_1 : Operation 338 [1/1] (0.00ns)   --->   "%mult_V_2682 = partselect i16 @_ssdm_op_PartSelect.i16.i21.i32.i32, i21 %r_V_3032, i32 5, i32 20"   --->   Operation 338 'partselect' 'mult_V_2682' <Predicate = true> <Delay = 0.00>
ST_1 : Operation 339 [1/1] (1.94ns)   --->   "%mul_ln1270_91 = mul i21 %sext_ln1273_1558, i21 25"   --->   Operation 339 'mul' 'mul_ln1270_91' <Predicate = true> <Delay = 1.94> <CoreInst = "Multiplier">   --->   Core 3 'Multiplier' <Latency = 0> <II = 1> <Delay = 1.94> <FuncUnit> <Opcode : 'mul'> <InPorts = 2> <OutPorts = 1>
ST_1 : Operation 340 [1/1] (0.00ns)   --->   "%mult_V_2683 = partselect i16 @_ssdm_op_PartSelect.i16.i21.i32.i32, i21 %mul_ln1270_91, i32 5, i32 20"   --->   Operation 340 'partselect' 'mult_V_2683' <Predicate = true> <Delay = 0.00>
ST_1 : Operation 341 [1/1] (1.94ns)   --->   "%mul_ln1270_92 = mul i21 %sext_ln1273_1558, i21 2097131"   --->   Operation 341 'mul' 'mul_ln1270_92' <Predicate = true> <Delay = 1.94> <CoreInst = "Multiplier">   --->   Core 3 'Multiplier' <Latency = 0> <II = 1> <Delay = 1.94> <FuncUnit> <Opcode : 'mul'> <InPorts = 2> <OutPorts = 1>
ST_1 : Operation 342 [1/1] (0.00ns)   --->   "%mult_V_2684 = partselect i16 @_ssdm_op_PartSelect.i16.i21.i32.i32, i21 %mul_ln1270_92, i32 5, i32 20"   --->   Operation 342 'partselect' 'mult_V_2684' <Predicate = true> <Delay = 0.00>
ST_1 : Operation 343 [1/1] (0.81ns)   --->   "%r_V_3033 = sub i21 %shl_ln1273_938, i21 %sext_ln1273_1558"   --->   Operation 343 'sub' 'r_V_3033' <Predicate = true> <Delay = 0.81> <CoreInst = "Adder">   --->   Core 1 'Adder' <Latency = 0> <II = 1> <Delay = 0.81> <FuncUnit> <Opcode : 'add' 'sub'> <InPorts = 2> <OutPorts = 1>
ST_1 : Operation 344 [1/1] (0.00ns)   --->   "%mult_V_2685 = partselect i16 @_ssdm_op_PartSelect.i16.i21.i32.i32, i21 %r_V_3033, i32 5, i32 20"   --->   Operation 344 'partselect' 'mult_V_2685' <Predicate = true> <Delay = 0.00>
ST_1 : Operation 345 [1/1] (1.94ns)   --->   "%mul_ln1270_93 = mul i21 %sext_ln1273_1558, i21 2097125"   --->   Operation 345 'mul' 'mul_ln1270_93' <Predicate = true> <Delay = 1.94> <CoreInst = "Multiplier">   --->   Core 3 'Multiplier' <Latency = 0> <II = 1> <Delay = 1.94> <FuncUnit> <Opcode : 'mul'> <InPorts = 2> <OutPorts = 1>
ST_1 : Operation 346 [1/1] (0.00ns)   --->   "%mult_V_2686 = partselect i16 @_ssdm_op_PartSelect.i16.i21.i32.i32, i21 %mul_ln1270_93, i32 5, i32 20"   --->   Operation 346 'partselect' 'mult_V_2686' <Predicate = true> <Delay = 0.00>
ST_1 : Operation 347 [1/1] (0.00ns)   --->   "%a_V_273 = load i16 %p_ZZN4nnet24compute_output_buffer_2dINS_5arrayI8ap_fixedILi16ELi6EL9ap_q_mode5EL9"   --->   Operation 347 'load' 'a_V_273' <Predicate = true> <Delay = 0.00>
ST_1 : Operation 348 [1/1] (0.00ns)   --->   "%sext_ln1273_1562 = sext i16 %a_V_273"   --->   Operation 348 'sext' 'sext_ln1273_1562' <Predicate = true> <Delay = 0.00>
ST_1 : Operation 349 [1/1] (0.00ns)   --->   "%shl_ln1273_939 = bitconcatenate i21 @_ssdm_op_BitConcatenate.i21.i16.i5, i16 %a_V_273, i5 0"   --->   Operation 349 'bitconcatenate' 'shl_ln1273_939' <Predicate = true> <Delay = 0.00>
ST_1 : Operation 350 [1/1] (0.00ns)   --->   "%shl_ln1273_940 = bitconcatenate i19 @_ssdm_op_BitConcatenate.i19.i16.i3, i16 %a_V_273, i3 0"   --->   Operation 350 'bitconcatenate' 'shl_ln1273_940' <Predicate = true> <Delay = 0.00>
ST_1 : Operation 351 [1/1] (0.00ns)   --->   "%sext_ln1273_1563 = sext i19 %shl_ln1273_940"   --->   Operation 351 'sext' 'sext_ln1273_1563' <Predicate = true> <Delay = 0.00>
ST_1 : Operation 352 [1/1] (0.00ns)   --->   "%sext_ln1273_1564 = sext i19 %shl_ln1273_940"   --->   Operation 352 'sext' 'sext_ln1273_1564' <Predicate = true> <Delay = 0.00>
ST_1 : Operation 353 [1/1] (0.81ns)   --->   "%r_V_3034 = sub i21 %sext_ln1273_1564, i21 %shl_ln1273_939"   --->   Operation 353 'sub' 'r_V_3034' <Predicate = true> <Delay = 0.81> <CoreInst = "Adder">   --->   Core 1 'Adder' <Latency = 0> <II = 1> <Delay = 0.81> <FuncUnit> <Opcode : 'add' 'sub'> <InPorts = 2> <OutPorts = 1>
ST_1 : Operation 354 [1/1] (0.00ns)   --->   "%mult_V_2687 = partselect i16 @_ssdm_op_PartSelect.i16.i21.i32.i32, i21 %r_V_3034, i32 5, i32 20"   --->   Operation 354 'partselect' 'mult_V_2687' <Predicate = true> <Delay = 0.00>
ST_1 : Operation 355 [1/1] (0.00ns)   --->   "%shl_ln1273_941 = bitconcatenate i20 @_ssdm_op_BitConcatenate.i20.i16.i4, i16 %a_V_273, i4 0"   --->   Operation 355 'bitconcatenate' 'shl_ln1273_941' <Predicate = true> <Delay = 0.00>
ST_1 : Operation 356 [1/1] (0.00ns)   --->   "%sext_ln1273_1565 = sext i20 %shl_ln1273_941"   --->   Operation 356 'sext' 'sext_ln1273_1565' <Predicate = true> <Delay = 0.00>
ST_1 : Operation 357 [1/1] (0.80ns)   --->   "%r_V_3035 = add i21 %sext_ln1273_1565, i21 %sext_ln1273_1562"   --->   Operation 357 'add' 'r_V_3035' <Predicate = true> <Delay = 0.80> <CoreInst = "Adder">   --->   Core 1 'Adder' <Latency = 0> <II = 1> <Delay = 0.80> <FuncUnit> <Opcode : 'add' 'sub'> <InPorts = 2> <OutPorts = 1>
ST_1 : Operation 358 [1/1] (0.00ns)   --->   "%mult_V_2688 = partselect i16 @_ssdm_op_PartSelect.i16.i21.i32.i32, i21 %r_V_3035, i32 5, i32 20"   --->   Operation 358 'partselect' 'mult_V_2688' <Predicate = true> <Delay = 0.00>
ST_1 : Operation 359 [1/1] (0.81ns)   --->   "%r_V_3036 = sub i21 %shl_ln1273_939, i21 %sext_ln1273_1562"   --->   Operation 359 'sub' 'r_V_3036' <Predicate = true> <Delay = 0.81> <CoreInst = "Adder">   --->   Core 1 'Adder' <Latency = 0> <II = 1> <Delay = 0.81> <FuncUnit> <Opcode : 'add' 'sub'> <InPorts = 2> <OutPorts = 1>
ST_1 : Operation 360 [1/1] (0.00ns)   --->   "%mult_V_2689 = partselect i16 @_ssdm_op_PartSelect.i16.i21.i32.i32, i21 %r_V_3036, i32 5, i32 20"   --->   Operation 360 'partselect' 'mult_V_2689' <Predicate = true> <Delay = 0.00>
ST_1 : Operation 361 [1/1] (0.80ns)   --->   "%r_V_3037 = sub i20 0, i20 %sext_ln1273_1563"   --->   Operation 361 'sub' 'r_V_3037' <Predicate = true> <Delay = 0.80> <CoreInst = "Adder">   --->   Core 1 'Adder' <Latency = 0> <II = 1> <Delay = 0.80> <FuncUnit> <Opcode : 'add' 'sub'> <InPorts = 2> <OutPorts = 1>
ST_1 : Operation 362 [1/1] (0.00ns)   --->   "%mult_V_2690 = partselect i15 @_ssdm_op_PartSelect.i15.i20.i32.i32, i20 %r_V_3037, i32 5, i32 19"   --->   Operation 362 'partselect' 'mult_V_2690' <Predicate = true> <Delay = 0.00>
ST_1 : Operation 363 [1/1] (0.00ns)   --->   "%sext_ln818_761 = sext i15 %mult_V_2690"   --->   Operation 363 'sext' 'sext_ln818_761' <Predicate = true> <Delay = 0.00>
ST_1 : Operation 364 [1/1] (0.00ns)   --->   "%shl_ln1273_942 = bitconcatenate i17 @_ssdm_op_BitConcatenate.i17.i16.i1, i16 %a_V_273, i1 0"   --->   Operation 364 'bitconcatenate' 'shl_ln1273_942' <Predicate = true> <Delay = 0.00>
ST_1 : Operation 365 [1/1] (0.00ns)   --->   "%sext_ln1273_1566 = sext i17 %shl_ln1273_942"   --->   Operation 365 'sext' 'sext_ln1273_1566' <Predicate = true> <Delay = 0.00>
ST_1 : Operation 366 [1/1] (0.81ns)   --->   "%r_V_3038 = sub i21 %shl_ln1273_939, i21 %sext_ln1273_1566"   --->   Operation 366 'sub' 'r_V_3038' <Predicate = true> <Delay = 0.81> <CoreInst = "Adder">   --->   Core 1 'Adder' <Latency = 0> <II = 1> <Delay = 0.81> <FuncUnit> <Opcode : 'add' 'sub'> <InPorts = 2> <OutPorts = 1>
ST_1 : Operation 367 [1/1] (0.00ns)   --->   "%mult_V_2691 = partselect i16 @_ssdm_op_PartSelect.i16.i21.i32.i32, i21 %r_V_3038, i32 5, i32 20"   --->   Operation 367 'partselect' 'mult_V_2691' <Predicate = true> <Delay = 0.00>
ST_1 : Operation 368 [1/1] (0.81ns)   --->   "%r_V_3039 = sub i21 0, i21 %shl_ln1273_939"   --->   Operation 368 'sub' 'r_V_3039' <Predicate = true> <Delay = 0.81> <CoreInst = "Adder">   --->   Core 1 'Adder' <Latency = 0> <II = 1> <Delay = 0.81> <FuncUnit> <Opcode : 'add' 'sub'> <InPorts = 2> <OutPorts = 1>
ST_1 : Operation 369 [1/1] (0.00ns)   --->   "%mult_V_2692 = partselect i16 @_ssdm_op_PartSelect.i16.i21.i32.i32, i21 %r_V_3039, i32 5, i32 20"   --->   Operation 369 'partselect' 'mult_V_2692' <Predicate = true> <Delay = 0.00>
ST_1 : Operation 370 [1/1] (0.78ns)   --->   "%add_ln813_4533 = add i16 %mult_V_2612, i16 %mult_V_2620"   --->   Operation 370 'add' 'add_ln813_4533' <Predicate = true> <Delay = 0.78> <CoreInst = "Adder">   --->   Core 1 'Adder' <Latency = 0> <II = 1> <Delay = 0.78> <FuncUnit> <Opcode : 'add' 'sub'> <InPorts = 2> <OutPorts = 1>
ST_1 : Operation 371 [1/1] (0.00ns) (grouped into TernaryAdder)   --->   "%add_ln813_4535 = add i16 %mult_V_2644, i16 %mult_V_2670"   --->   Operation 371 'add' 'add_ln813_4535' <Predicate = true> <Delay = 0.00> <CoreInst = "TAddSub">   --->   Core 10 'TAddSub' <Latency = 0> <II = 1> <Delay = 0.33> <IPBlock> <Opcode : 'add' 'sub'> <InPorts = 3> <OutPorts = 1> <Sync> <CReg>
ST_1 : Operation 372 [1/1] (0.77ns)   --->   "%add_ln813_4536 = add i16 %sext_ln818_755, i16 992"   --->   Operation 372 'add' 'add_ln813_4536' <Predicate = true> <Delay = 0.77> <CoreInst = "Adder">   --->   Core 1 'Adder' <Latency = 0> <II = 1> <Delay = 0.77> <FuncUnit> <Opcode : 'add' 'sub'> <InPorts = 2> <OutPorts = 1>
ST_1 : Operation 373 [1/1] (0.67ns) (root node of TernaryAdder)   --->   "%add_ln813_4537 = add i16 %add_ln813_4536, i16 %add_ln813_4535"   --->   Operation 373 'add' 'add_ln813_4537' <Predicate = true> <Delay = 0.67> <CoreInst = "TAddSub">   --->   Core 10 'TAddSub' <Latency = 0> <II = 1> <Delay = 0.33> <IPBlock> <Opcode : 'add' 'sub'> <InPorts = 3> <OutPorts = 1> <Sync> <CReg>
ST_1 : Operation 374 [1/1] (0.00ns) (grouped into TernaryAdder)   --->   "%add_ln813_4542 = add i16 %sext_ln818_627, i16 %sext_ln818_756"   --->   Operation 374 'add' 'add_ln813_4542' <Predicate = true> <Delay = 0.00> <CoreInst = "TAddSub">   --->   Core 10 'TAddSub' <Latency = 0> <II = 1> <Delay = 0.33> <IPBlock> <Opcode : 'add' 'sub'> <InPorts = 3> <OutPorts = 1> <Sync> <CReg>
ST_1 : Operation 375 [1/1] (0.67ns) (root node of TernaryAdder)   --->   "%add_ln813_4543 = add i16 %add_ln813_4542, i16 %sext_ln818_752"   --->   Operation 375 'add' 'add_ln813_4543' <Predicate = true> <Delay = 0.67> <CoreInst = "TAddSub">   --->   Core 10 'TAddSub' <Latency = 0> <II = 1> <Delay = 0.33> <IPBlock> <Opcode : 'add' 'sub'> <InPorts = 3> <OutPorts = 1> <Sync> <CReg>
ST_1 : Operation 376 [1/1] (0.75ns)   --->   "%add_ln813_4547 = add i14 %sext_ln17_1683, i14 %sext_ln17_1687"   --->   Operation 376 'add' 'add_ln813_4547' <Predicate = true> <Delay = 0.75> <CoreInst = "Adder">   --->   Core 1 'Adder' <Latency = 0> <II = 1> <Delay = 0.75> <FuncUnit> <Opcode : 'add' 'sub'> <InPorts = 2> <OutPorts = 1>
ST_1 : Operation 377 [1/1] (0.78ns)   --->   "%add_ln813_4552 = add i16 %mult_V_2617, i16 %mult_V_2628"   --->   Operation 377 'add' 'add_ln813_4552' <Predicate = true> <Delay = 0.78> <CoreInst = "Adder">   --->   Core 1 'Adder' <Latency = 0> <II = 1> <Delay = 0.78> <FuncUnit> <Opcode : 'add' 'sub'> <InPorts = 2> <OutPorts = 1>
ST_1 : Operation 378 [1/1] (0.00ns) (grouped into TernaryAdder)   --->   "%add_ln813_4554 = add i16 %mult_V_2640, i16 %mult_V_2681"   --->   Operation 378 'add' 'add_ln813_4554' <Predicate = true> <Delay = 0.00> <CoreInst = "TAddSub">   --->   Core 10 'TAddSub' <Latency = 0> <II = 1> <Delay = 0.33> <IPBlock> <Opcode : 'add' 'sub'> <InPorts = 3> <OutPorts = 1> <Sync> <CReg>
ST_1 : Operation 379 [1/1] (0.76ns)   --->   "%add_ln813_4555 = add i15 %sext_ln17_1685, i15 32192"   --->   Operation 379 'add' 'add_ln813_4555' <Predicate = true> <Delay = 0.76> <CoreInst = "Adder">   --->   Core 1 'Adder' <Latency = 0> <II = 1> <Delay = 0.76> <FuncUnit> <Opcode : 'add' 'sub'> <InPorts = 2> <OutPorts = 1>
ST_1 : Operation 380 [1/1] (0.00ns)   --->   "%sext_ln813_2021 = sext i15 %add_ln813_4555"   --->   Operation 380 'sext' 'sext_ln813_2021' <Predicate = true> <Delay = 0.00>
ST_1 : Operation 381 [1/1] (0.67ns) (root node of TernaryAdder)   --->   "%add_ln813_4556 = add i16 %sext_ln813_2021, i16 %add_ln813_4554"   --->   Operation 381 'add' 'add_ln813_4556' <Predicate = true> <Delay = 0.67> <CoreInst = "TAddSub">   --->   Core 10 'TAddSub' <Latency = 0> <II = 1> <Delay = 0.33> <IPBlock> <Opcode : 'add' 'sub'> <InPorts = 3> <OutPorts = 1> <Sync> <CReg>
ST_1 : Operation 382 [1/1] (0.00ns) (grouped into TernaryAdder)   --->   "%add_ln813_4560 = add i16 %mult_V_2607, i16 %mult_V_2633"   --->   Operation 382 'add' 'add_ln813_4560' <Predicate = true> <Delay = 0.00> <CoreInst = "TAddSub">   --->   Core 10 'TAddSub' <Latency = 0> <II = 1> <Delay = 0.33> <IPBlock> <Opcode : 'add' 'sub'> <InPorts = 3> <OutPorts = 1> <Sync> <CReg>
ST_1 : Operation 383 [1/1] (0.78ns)   --->   "%add_ln813_4561 = add i16 %mult_V_2638, i16 %mult_V_2651"   --->   Operation 383 'add' 'add_ln813_4561' <Predicate = true> <Delay = 0.78> <CoreInst = "Adder">   --->   Core 1 'Adder' <Latency = 0> <II = 1> <Delay = 0.78> <FuncUnit> <Opcode : 'add' 'sub'> <InPorts = 2> <OutPorts = 1>
ST_1 : Operation 384 [1/1] (0.67ns) (root node of TernaryAdder)   --->   "%add_ln813_4562 = add i16 %add_ln813_4561, i16 %add_ln813_4560"   --->   Operation 384 'add' 'add_ln813_4562' <Predicate = true> <Delay = 0.67> <CoreInst = "TAddSub">   --->   Core 10 'TAddSub' <Latency = 0> <II = 1> <Delay = 0.33> <IPBlock> <Opcode : 'add' 'sub'> <InPorts = 3> <OutPorts = 1> <Sync> <CReg>
ST_1 : Operation 385 [1/1] (0.78ns)   --->   "%add_ln813_4564 = add i16 %mult_V_2669, i16 %mult_V_2676"   --->   Operation 385 'add' 'add_ln813_4564' <Predicate = true> <Delay = 0.78> <CoreInst = "Adder">   --->   Core 1 'Adder' <Latency = 0> <II = 1> <Delay = 0.78> <FuncUnit> <Opcode : 'add' 'sub'> <InPorts = 2> <OutPorts = 1>
ST_1 : Operation 386 [1/1] (0.78ns)   --->   "%add_ln813_4565 = add i16 %mult_V_2682, i16 %sext_ln818_748"   --->   Operation 386 'add' 'add_ln813_4565' <Predicate = true> <Delay = 0.78> <CoreInst = "Adder">   --->   Core 1 'Adder' <Latency = 0> <II = 1> <Delay = 0.78> <FuncUnit> <Opcode : 'add' 'sub'> <InPorts = 2> <OutPorts = 1>
ST_1 : Operation 387 [1/1] (0.00ns) (grouped into TernaryAdder)   --->   "%add_ln813_4566 = add i16 %add_ln813_4565, i16 %add_ln813_4564"   --->   Operation 387 'add' 'add_ln813_4566' <Predicate = true> <Delay = 0.00> <CoreInst = "TAddSub">   --->   Core 10 'TAddSub' <Latency = 0> <II = 1> <Delay = 0.33> <IPBlock> <Opcode : 'add' 'sub'> <InPorts = 3> <OutPorts = 1> <Sync> <CReg>
ST_1 : Operation 388 [1/1] (0.00ns) (grouped into TernaryAdder)   --->   "%add_ln813_4567 = add i16 %sext_ln818_749, i16 %sext_ln818_626"   --->   Operation 388 'add' 'add_ln813_4567' <Predicate = true> <Delay = 0.00> <CoreInst = "TAddSub">   --->   Core 10 'TAddSub' <Latency = 0> <II = 1> <Delay = 0.33> <IPBlock> <Opcode : 'add' 'sub'> <InPorts = 3> <OutPorts = 1> <Sync> <CReg>
ST_1 : Operation 389 [1/1] (0.75ns)   --->   "%add_ln813_4568 = add i14 %sext_ln17_1684, i14 992"   --->   Operation 389 'add' 'add_ln813_4568' <Predicate = true> <Delay = 0.75> <CoreInst = "Adder">   --->   Core 1 'Adder' <Latency = 0> <II = 1> <Delay = 0.75> <FuncUnit> <Opcode : 'add' 'sub'> <InPorts = 2> <OutPorts = 1>
ST_1 : Operation 390 [1/1] (0.00ns)   --->   "%sext_ln813_2022 = sext i14 %add_ln813_4568"   --->   Operation 390 'sext' 'sext_ln813_2022' <Predicate = true> <Delay = 0.00>
ST_1 : Operation 391 [1/1] (0.67ns) (root node of TernaryAdder)   --->   "%add_ln813_4569 = add i16 %sext_ln813_2022, i16 %add_ln813_4567"   --->   Operation 391 'add' 'add_ln813_4569' <Predicate = true> <Delay = 0.67> <CoreInst = "TAddSub">   --->   Core 10 'TAddSub' <Latency = 0> <II = 1> <Delay = 0.33> <IPBlock> <Opcode : 'add' 'sub'> <InPorts = 3> <OutPorts = 1> <Sync> <CReg>
ST_1 : Operation 392 [1/1] (0.67ns) (root node of TernaryAdder)   --->   "%add_ln813_4570 = add i16 %add_ln813_4569, i16 %add_ln813_4566"   --->   Operation 392 'add' 'add_ln813_4570' <Predicate = true> <Delay = 0.67> <CoreInst = "TAddSub">   --->   Core 10 'TAddSub' <Latency = 0> <II = 1> <Delay = 0.33> <IPBlock> <Opcode : 'add' 'sub'> <InPorts = 3> <OutPorts = 1> <Sync> <CReg>
ST_1 : Operation 393 [1/1] (0.78ns)   --->   "%add_ln813_4579 = add i16 %mult_V_2648, i16 %mult_V_2652"   --->   Operation 393 'add' 'add_ln813_4579' <Predicate = true> <Delay = 0.78> <CoreInst = "Adder">   --->   Core 1 'Adder' <Latency = 0> <II = 1> <Delay = 0.78> <FuncUnit> <Opcode : 'add' 'sub'> <InPorts = 2> <OutPorts = 1>
ST_1 : Operation 394 [1/1] (0.78ns)   --->   "%add_ln813_4580 = add i16 %mult_V_2655, i16 %mult_V_2665"   --->   Operation 394 'add' 'add_ln813_4580' <Predicate = true> <Delay = 0.78> <CoreInst = "Adder">   --->   Core 1 'Adder' <Latency = 0> <II = 1> <Delay = 0.78> <FuncUnit> <Opcode : 'add' 'sub'> <InPorts = 2> <OutPorts = 1>
ST_1 : Operation 395 [1/1] (0.00ns) (grouped into TernaryAdder)   --->   "%add_ln813_4581 = add i16 %add_ln813_4580, i16 %add_ln813_4579"   --->   Operation 395 'add' 'add_ln813_4581' <Predicate = true> <Delay = 0.00> <CoreInst = "TAddSub">   --->   Core 10 'TAddSub' <Latency = 0> <II = 1> <Delay = 0.33> <IPBlock> <Opcode : 'add' 'sub'> <InPorts = 3> <OutPorts = 1> <Sync> <CReg>
ST_1 : Operation 396 [1/1] (0.00ns) (grouped into TernaryAdder)   --->   "%add_ln813_4582 = add i16 %mult_V_2669, i16 %mult_V_2682"   --->   Operation 396 'add' 'add_ln813_4582' <Predicate = true> <Delay = 0.00> <CoreInst = "TAddSub">   --->   Core 10 'TAddSub' <Latency = 0> <II = 1> <Delay = 0.33> <IPBlock> <Opcode : 'add' 'sub'> <InPorts = 3> <OutPorts = 1> <Sync> <CReg>
ST_1 : Operation 397 [1/1] (0.77ns)   --->   "%add_ln813_4583 = add i16 %sext_ln818_757, i16 768"   --->   Operation 397 'add' 'add_ln813_4583' <Predicate = true> <Delay = 0.77> <CoreInst = "Adder">   --->   Core 1 'Adder' <Latency = 0> <II = 1> <Delay = 0.77> <FuncUnit> <Opcode : 'add' 'sub'> <InPorts = 2> <OutPorts = 1>
ST_1 : Operation 398 [1/1] (0.67ns) (root node of TernaryAdder)   --->   "%add_ln813_4584 = add i16 %add_ln813_4583, i16 %add_ln813_4582"   --->   Operation 398 'add' 'add_ln813_4584' <Predicate = true> <Delay = 0.67> <CoreInst = "TAddSub">   --->   Core 10 'TAddSub' <Latency = 0> <II = 1> <Delay = 0.33> <IPBlock> <Opcode : 'add' 'sub'> <InPorts = 3> <OutPorts = 1> <Sync> <CReg>
ST_1 : Operation 399 [1/1] (0.67ns) (root node of TernaryAdder)   --->   "%add_ln813_4585 = add i16 %add_ln813_4584, i16 %add_ln813_4581"   --->   Operation 399 'add' 'add_ln813_4585' <Predicate = true> <Delay = 0.67> <CoreInst = "TAddSub">   --->   Core 10 'TAddSub' <Latency = 0> <II = 1> <Delay = 0.33> <IPBlock> <Opcode : 'add' 'sub'> <InPorts = 3> <OutPorts = 1> <Sync> <CReg>
ST_1 : Operation 400 [1/1] (0.78ns)   --->   "%add_ln813_4592 = add i16 %mult_V_2654, i16 %mult_V_2673"   --->   Operation 400 'add' 'add_ln813_4592' <Predicate = true> <Delay = 0.78> <CoreInst = "Adder">   --->   Core 1 'Adder' <Latency = 0> <II = 1> <Delay = 0.78> <FuncUnit> <Opcode : 'add' 'sub'> <InPorts = 2> <OutPorts = 1>
ST_1 : Operation 401 [1/1] (0.00ns) (grouped into TernaryAdder)   --->   "%add_ln813_4593 = add i16 %add_ln813_4592, i16 %mult_V_2638"   --->   Operation 401 'add' 'add_ln813_4593' <Predicate = true> <Delay = 0.00> <CoreInst = "TAddSub">   --->   Core 10 'TAddSub' <Latency = 0> <II = 1> <Delay = 0.33> <IPBlock> <Opcode : 'add' 'sub'> <InPorts = 3> <OutPorts = 1> <Sync> <CReg>
ST_1 : Operation 402 [1/1] (0.00ns) (grouped into TernaryAdder)   --->   "%add_ln813_4594 = add i16 %mult_V_2679, i16 %mult_V_2685"   --->   Operation 402 'add' 'add_ln813_4594' <Predicate = true> <Delay = 0.00> <CoreInst = "TAddSub">   --->   Core 10 'TAddSub' <Latency = 0> <II = 1> <Delay = 0.33> <IPBlock> <Opcode : 'add' 'sub'> <InPorts = 3> <OutPorts = 1> <Sync> <CReg>
ST_1 : Operation 403 [1/1] (0.76ns)   --->   "%add_ln813_4595 = add i15 %sext_ln17_1686, i15 31968"   --->   Operation 403 'add' 'add_ln813_4595' <Predicate = true> <Delay = 0.76> <CoreInst = "Adder">   --->   Core 1 'Adder' <Latency = 0> <II = 1> <Delay = 0.76> <FuncUnit> <Opcode : 'add' 'sub'> <InPorts = 2> <OutPorts = 1>
ST_1 : Operation 404 [1/1] (0.00ns)   --->   "%sext_ln813_2023 = sext i15 %add_ln813_4595"   --->   Operation 404 'sext' 'sext_ln813_2023' <Predicate = true> <Delay = 0.00>
ST_1 : Operation 405 [1/1] (0.67ns) (root node of TernaryAdder)   --->   "%add_ln813_4596 = add i16 %sext_ln813_2023, i16 %add_ln813_4594"   --->   Operation 405 'add' 'add_ln813_4596' <Predicate = true> <Delay = 0.67> <CoreInst = "TAddSub">   --->   Core 10 'TAddSub' <Latency = 0> <II = 1> <Delay = 0.33> <IPBlock> <Opcode : 'add' 'sub'> <InPorts = 3> <OutPorts = 1> <Sync> <CReg>
ST_1 : Operation 406 [1/1] (0.67ns) (root node of TernaryAdder)   --->   "%add_ln813_4597 = add i16 %add_ln813_4596, i16 %add_ln813_4593"   --->   Operation 406 'add' 'add_ln813_4597' <Predicate = true> <Delay = 0.67> <CoreInst = "TAddSub">   --->   Core 10 'TAddSub' <Latency = 0> <II = 1> <Delay = 0.33> <IPBlock> <Opcode : 'add' 'sub'> <InPorts = 3> <OutPorts = 1> <Sync> <CReg>
ST_1 : Operation 407 [1/1] (0.78ns)   --->   "%add_ln813_4603 = add i16 %mult_V_2657, i16 %mult_V_2669"   --->   Operation 407 'add' 'add_ln813_4603' <Predicate = true> <Delay = 0.78> <CoreInst = "Adder">   --->   Core 1 'Adder' <Latency = 0> <II = 1> <Delay = 0.78> <FuncUnit> <Opcode : 'add' 'sub'> <InPorts = 2> <OutPorts = 1>
ST_1 : Operation 408 [1/1] (0.00ns) (grouped into TernaryAdder)   --->   "%add_ln813_4604 = add i16 %add_ln813_4603, i16 %mult_V_2640"   --->   Operation 408 'add' 'add_ln813_4604' <Predicate = true> <Delay = 0.00> <CoreInst = "TAddSub">   --->   Core 10 'TAddSub' <Latency = 0> <II = 1> <Delay = 0.33> <IPBlock> <Opcode : 'add' 'sub'> <InPorts = 3> <OutPorts = 1> <Sync> <CReg>
ST_1 : Operation 409 [1/1] (0.00ns) (grouped into TernaryAdder)   --->   "%add_ln813_4605 = add i16 %mult_V_2682, i16 64704"   --->   Operation 409 'add' 'add_ln813_4605' <Predicate = true> <Delay = 0.00> <CoreInst = "TAddSub">   --->   Core 10 'TAddSub' <Latency = 0> <II = 1> <Delay = 0.33> <IPBlock> <Opcode : 'add' 'sub'> <InPorts = 3> <OutPorts = 1> <Sync> <CReg>
ST_1 : Operation 410 [1/1] (0.67ns) (root node of TernaryAdder)   --->   "%add_ln813_4606 = add i16 %add_ln813_4605, i16 %mult_V_2676"   --->   Operation 410 'add' 'add_ln813_4606' <Predicate = true> <Delay = 0.67> <CoreInst = "TAddSub">   --->   Core 10 'TAddSub' <Latency = 0> <II = 1> <Delay = 0.33> <IPBlock> <Opcode : 'add' 'sub'> <InPorts = 3> <OutPorts = 1> <Sync> <CReg>
ST_1 : Operation 411 [1/1] (0.67ns) (root node of TernaryAdder)   --->   "%add_ln813_4607 = add i16 %add_ln813_4606, i16 %add_ln813_4604"   --->   Operation 411 'add' 'add_ln813_4607' <Predicate = true> <Delay = 0.67> <CoreInst = "TAddSub">   --->   Core 10 'TAddSub' <Latency = 0> <II = 1> <Delay = 0.33> <IPBlock> <Opcode : 'add' 'sub'> <InPorts = 3> <OutPorts = 1> <Sync> <CReg>
ST_1 : Operation 412 [1/1] (0.78ns)   --->   "%add_ln813_4613 = add i16 %mult_V_2637, i16 %mult_V_2642"   --->   Operation 412 'add' 'add_ln813_4613' <Predicate = true> <Delay = 0.78> <CoreInst = "Adder">   --->   Core 1 'Adder' <Latency = 0> <II = 1> <Delay = 0.78> <FuncUnit> <Opcode : 'add' 'sub'> <InPorts = 2> <OutPorts = 1>
ST_1 : Operation 413 [1/1] (0.78ns)   --->   "%add_ln813_4616 = add i16 %mult_V_2644, i16 %mult_V_2651"   --->   Operation 413 'add' 'add_ln813_4616' <Predicate = true> <Delay = 0.78> <CoreInst = "Adder">   --->   Core 1 'Adder' <Latency = 0> <II = 1> <Delay = 0.78> <FuncUnit> <Opcode : 'add' 'sub'> <InPorts = 2> <OutPorts = 1>
ST_1 : Operation 414 [1/1] (0.78ns)   --->   "%add_ln813_4617 = add i16 %mult_V_2658, i16 %mult_V_2659"   --->   Operation 414 'add' 'add_ln813_4617' <Predicate = true> <Delay = 0.78> <CoreInst = "Adder">   --->   Core 1 'Adder' <Latency = 0> <II = 1> <Delay = 0.78> <FuncUnit> <Opcode : 'add' 'sub'> <InPorts = 2> <OutPorts = 1>
ST_1 : Operation 415 [1/1] (0.00ns) (grouped into TernaryAdder)   --->   "%add_ln813_4618 = add i16 %add_ln813_4617, i16 %add_ln813_4616"   --->   Operation 415 'add' 'add_ln813_4618' <Predicate = true> <Delay = 0.00> <CoreInst = "TAddSub">   --->   Core 10 'TAddSub' <Latency = 0> <II = 1> <Delay = 0.33> <IPBlock> <Opcode : 'add' 'sub'> <InPorts = 3> <OutPorts = 1> <Sync> <CReg>
ST_1 : Operation 416 [1/1] (0.00ns) (grouped into TernaryAdder)   --->   "%add_ln813_4619 = add i16 %mult_V_2685, i16 %sext_ln818_751"   --->   Operation 416 'add' 'add_ln813_4619' <Predicate = true> <Delay = 0.00> <CoreInst = "TAddSub">   --->   Core 10 'TAddSub' <Latency = 0> <II = 1> <Delay = 0.33> <IPBlock> <Opcode : 'add' 'sub'> <InPorts = 3> <OutPorts = 1> <Sync> <CReg>
ST_1 : Operation 417 [1/1] (0.76ns)   --->   "%add_ln813_4620 = add i15 %sext_ln17_1682, i15 320"   --->   Operation 417 'add' 'add_ln813_4620' <Predicate = true> <Delay = 0.76> <CoreInst = "Adder">   --->   Core 1 'Adder' <Latency = 0> <II = 1> <Delay = 0.76> <FuncUnit> <Opcode : 'add' 'sub'> <InPorts = 2> <OutPorts = 1>
ST_1 : Operation 418 [1/1] (0.00ns)   --->   "%sext_ln813_2024 = sext i15 %add_ln813_4620"   --->   Operation 418 'sext' 'sext_ln813_2024' <Predicate = true> <Delay = 0.00>
ST_1 : Operation 419 [1/1] (0.67ns) (root node of TernaryAdder)   --->   "%add_ln813_4621 = add i16 %sext_ln813_2024, i16 %add_ln813_4619"   --->   Operation 419 'add' 'add_ln813_4621' <Predicate = true> <Delay = 0.67> <CoreInst = "TAddSub">   --->   Core 10 'TAddSub' <Latency = 0> <II = 1> <Delay = 0.33> <IPBlock> <Opcode : 'add' 'sub'> <InPorts = 3> <OutPorts = 1> <Sync> <CReg>
ST_1 : Operation 420 [1/1] (0.67ns) (root node of TernaryAdder)   --->   "%add_ln813_4622 = add i16 %add_ln813_4621, i16 %add_ln813_4618"   --->   Operation 420 'add' 'add_ln813_4622' <Predicate = true> <Delay = 0.67> <CoreInst = "TAddSub">   --->   Core 10 'TAddSub' <Latency = 0> <II = 1> <Delay = 0.33> <IPBlock> <Opcode : 'add' 'sub'> <InPorts = 3> <OutPorts = 1> <Sync> <CReg>
ST_1 : Operation 421 [1/1] (0.78ns)   --->   "%add_ln813_4633 = add i16 %mult_V_2630, i16 %mult_V_2635"   --->   Operation 421 'add' 'add_ln813_4633' <Predicate = true> <Delay = 0.78> <CoreInst = "Adder">   --->   Core 1 'Adder' <Latency = 0> <II = 1> <Delay = 0.78> <FuncUnit> <Opcode : 'add' 'sub'> <InPorts = 2> <OutPorts = 1>
ST_1 : Operation 422 [1/1] (0.00ns) (grouped into TernaryAdder)   --->   "%add_ln813_4634 = add i16 %mult_V_2644, i16 %mult_V_2649"   --->   Operation 422 'add' 'add_ln813_4634' <Predicate = true> <Delay = 0.00> <CoreInst = "TAddSub">   --->   Core 10 'TAddSub' <Latency = 0> <II = 1> <Delay = 0.33> <IPBlock> <Opcode : 'add' 'sub'> <InPorts = 3> <OutPorts = 1> <Sync> <CReg>
ST_1 : Operation 423 [1/1] (0.67ns) (root node of TernaryAdder)   --->   "%add_ln813_4635 = add i16 %add_ln813_4634, i16 %mult_V_2643"   --->   Operation 423 'add' 'add_ln813_4635' <Predicate = true> <Delay = 0.67> <CoreInst = "TAddSub">   --->   Core 10 'TAddSub' <Latency = 0> <II = 1> <Delay = 0.33> <IPBlock> <Opcode : 'add' 'sub'> <InPorts = 3> <OutPorts = 1> <Sync> <CReg>
ST_1 : Operation 424 [1/1] (0.00ns) (grouped into TernaryAdder)   --->   "%add_ln813_4636 = add i16 %add_ln813_4635, i16 %add_ln813_4633"   --->   Operation 424 'add' 'add_ln813_4636' <Predicate = true> <Delay = 0.00> <CoreInst = "TAddSub">   --->   Core 10 'TAddSub' <Latency = 0> <II = 1> <Delay = 0.33> <IPBlock> <Opcode : 'add' 'sub'> <InPorts = 3> <OutPorts = 1> <Sync> <CReg>
ST_1 : Operation 425 [1/1] (0.00ns) (grouped into TernaryAdder)   --->   "%add_ln813_4637 = add i16 %mult_V_2651, i16 %mult_V_2658"   --->   Operation 425 'add' 'add_ln813_4637' <Predicate = true> <Delay = 0.00> <CoreInst = "TAddSub">   --->   Core 10 'TAddSub' <Latency = 0> <II = 1> <Delay = 0.33> <IPBlock> <Opcode : 'add' 'sub'> <InPorts = 3> <OutPorts = 1> <Sync> <CReg>
ST_1 : Operation 426 [1/1] (0.00ns) (grouped into TernaryAdder)   --->   "%add_ln813_4638 = add i16 %mult_V_2682, i16 320"   --->   Operation 426 'add' 'add_ln813_4638' <Predicate = true> <Delay = 0.00> <CoreInst = "TAddSub">   --->   Core 10 'TAddSub' <Latency = 0> <II = 1> <Delay = 0.33> <IPBlock> <Opcode : 'add' 'sub'> <InPorts = 3> <OutPorts = 1> <Sync> <CReg>
ST_1 : Operation 427 [1/1] (0.67ns) (root node of TernaryAdder)   --->   "%add_ln813_4639 = add i16 %add_ln813_4638, i16 %mult_V_2676"   --->   Operation 427 'add' 'add_ln813_4639' <Predicate = true> <Delay = 0.67> <CoreInst = "TAddSub">   --->   Core 10 'TAddSub' <Latency = 0> <II = 1> <Delay = 0.33> <IPBlock> <Opcode : 'add' 'sub'> <InPorts = 3> <OutPorts = 1> <Sync> <CReg>
ST_1 : Operation 428 [1/1] (0.67ns) (root node of TernaryAdder)   --->   "%add_ln813_4640 = add i16 %add_ln813_4639, i16 %add_ln813_4637"   --->   Operation 428 'add' 'add_ln813_4640' <Predicate = true> <Delay = 0.67> <CoreInst = "TAddSub">   --->   Core 10 'TAddSub' <Latency = 0> <II = 1> <Delay = 0.33> <IPBlock> <Opcode : 'add' 'sub'> <InPorts = 3> <OutPorts = 1> <Sync> <CReg>
ST_1 : Operation 429 [1/1] (0.67ns) (root node of TernaryAdder)   --->   "%add_ln813_4641 = add i16 %add_ln813_4640, i16 %add_ln813_4636"   --->   Operation 429 'add' 'add_ln813_4641' <Predicate = true> <Delay = 0.67> <CoreInst = "TAddSub">   --->   Core 10 'TAddSub' <Latency = 0> <II = 1> <Delay = 0.33> <IPBlock> <Opcode : 'add' 'sub'> <InPorts = 3> <OutPorts = 1> <Sync> <CReg>
ST_1 : Operation 430 [1/1] (0.00ns) (grouped into TernaryAdder)   --->   "%add_ln813_4646 = add i16 %mult_V_2606, i16 %mult_V_2611"   --->   Operation 430 'add' 'add_ln813_4646' <Predicate = true> <Delay = 0.00> <CoreInst = "TAddSub">   --->   Core 10 'TAddSub' <Latency = 0> <II = 1> <Delay = 0.33> <IPBlock> <Opcode : 'add' 'sub'> <InPorts = 3> <OutPorts = 1> <Sync> <CReg>
ST_1 : Operation 431 [1/1] (0.78ns)   --->   "%add_ln813_4647 = add i16 %mult_V_2616, i16 %mult_V_2627"   --->   Operation 431 'add' 'add_ln813_4647' <Predicate = true> <Delay = 0.78> <CoreInst = "Adder">   --->   Core 1 'Adder' <Latency = 0> <II = 1> <Delay = 0.78> <FuncUnit> <Opcode : 'add' 'sub'> <InPorts = 2> <OutPorts = 1>
ST_1 : Operation 432 [1/1] (0.67ns) (root node of TernaryAdder)   --->   "%add_ln813_4648 = add i16 %add_ln813_4647, i16 %add_ln813_4646"   --->   Operation 432 'add' 'add_ln813_4648' <Predicate = true> <Delay = 0.67> <CoreInst = "TAddSub">   --->   Core 10 'TAddSub' <Latency = 0> <II = 1> <Delay = 0.33> <IPBlock> <Opcode : 'add' 'sub'> <InPorts = 3> <OutPorts = 1> <Sync> <CReg>
ST_1 : Operation 433 [1/1] (0.78ns)   --->   "%add_ln813_4650 = add i16 %mult_V_2637, i16 %mult_V_2659"   --->   Operation 433 'add' 'add_ln813_4650' <Predicate = true> <Delay = 0.78> <CoreInst = "Adder">   --->   Core 1 'Adder' <Latency = 0> <II = 1> <Delay = 0.78> <FuncUnit> <Opcode : 'add' 'sub'> <InPorts = 2> <OutPorts = 1>
ST_1 : Operation 434 [1/1] (0.78ns)   --->   "%add_ln813_4651 = add i16 %mult_V_2664, i16 %mult_V_2668"   --->   Operation 434 'add' 'add_ln813_4651' <Predicate = true> <Delay = 0.78> <CoreInst = "Adder">   --->   Core 1 'Adder' <Latency = 0> <II = 1> <Delay = 0.78> <FuncUnit> <Opcode : 'add' 'sub'> <InPorts = 2> <OutPorts = 1>
ST_1 : Operation 435 [1/1] (0.00ns) (grouped into TernaryAdder)   --->   "%add_ln813_4652 = add i16 %add_ln813_4651, i16 %add_ln813_4650"   --->   Operation 435 'add' 'add_ln813_4652' <Predicate = true> <Delay = 0.00> <CoreInst = "TAddSub">   --->   Core 10 'TAddSub' <Latency = 0> <II = 1> <Delay = 0.33> <IPBlock> <Opcode : 'add' 'sub'> <InPorts = 3> <OutPorts = 1> <Sync> <CReg>
ST_1 : Operation 436 [1/1] (0.00ns) (grouped into TernaryAdder)   --->   "%add_ln813_4653 = add i16 %mult_V_2687, i16 %sext_ln818_760"   --->   Operation 436 'add' 'add_ln813_4653' <Predicate = true> <Delay = 0.00> <CoreInst = "TAddSub">   --->   Core 10 'TAddSub' <Latency = 0> <II = 1> <Delay = 0.33> <IPBlock> <Opcode : 'add' 'sub'> <InPorts = 3> <OutPorts = 1> <Sync> <CReg>
ST_1 : Operation 437 [1/1] (0.74ns)   --->   "%add_ln813_4654 = add i13 %sext_ln17_1679, i13 352"   --->   Operation 437 'add' 'add_ln813_4654' <Predicate = true> <Delay = 0.74> <CoreInst = "Adder">   --->   Core 1 'Adder' <Latency = 0> <II = 1> <Delay = 0.74> <FuncUnit> <Opcode : 'add' 'sub'> <InPorts = 2> <OutPorts = 1>
ST_1 : Operation 438 [1/1] (0.00ns)   --->   "%sext_ln813_2025 = sext i13 %add_ln813_4654"   --->   Operation 438 'sext' 'sext_ln813_2025' <Predicate = true> <Delay = 0.00>
ST_1 : Operation 439 [1/1] (0.67ns) (root node of TernaryAdder)   --->   "%add_ln813_4655 = add i16 %sext_ln813_2025, i16 %add_ln813_4653"   --->   Operation 439 'add' 'add_ln813_4655' <Predicate = true> <Delay = 0.67> <CoreInst = "TAddSub">   --->   Core 10 'TAddSub' <Latency = 0> <II = 1> <Delay = 0.33> <IPBlock> <Opcode : 'add' 'sub'> <InPorts = 3> <OutPorts = 1> <Sync> <CReg>
ST_1 : Operation 440 [1/1] (0.67ns) (root node of TernaryAdder)   --->   "%add_ln813_4656 = add i16 %add_ln813_4655, i16 %add_ln813_4652"   --->   Operation 440 'add' 'add_ln813_4656' <Predicate = true> <Delay = 0.67> <CoreInst = "TAddSub">   --->   Core 10 'TAddSub' <Latency = 0> <II = 1> <Delay = 0.33> <IPBlock> <Opcode : 'add' 'sub'> <InPorts = 3> <OutPorts = 1> <Sync> <CReg>
ST_1 : Operation 441 [1/1] (0.78ns)   --->   "%add_ln813_4663 = add i16 %mult_V_2661, i16 %mult_V_2671"   --->   Operation 441 'add' 'add_ln813_4663' <Predicate = true> <Delay = 0.78> <CoreInst = "Adder">   --->   Core 1 'Adder' <Latency = 0> <II = 1> <Delay = 0.78> <FuncUnit> <Opcode : 'add' 'sub'> <InPorts = 2> <OutPorts = 1>
ST_1 : Operation 442 [1/1] (0.00ns) (grouped into TernaryAdder)   --->   "%add_ln813_4664 = add i16 %add_ln813_4663, i16 %mult_V_2600"   --->   Operation 442 'add' 'add_ln813_4664' <Predicate = true> <Delay = 0.00> <CoreInst = "TAddSub">   --->   Core 10 'TAddSub' <Latency = 0> <II = 1> <Delay = 0.33> <IPBlock> <Opcode : 'add' 'sub'> <InPorts = 3> <OutPorts = 1> <Sync> <CReg>
ST_1 : Operation 443 [1/1] (0.00ns) (grouped into TernaryAdder)   --->   "%add_ln813_4665 = add i16 %mult_V_2678, i16 %mult_V_2683"   --->   Operation 443 'add' 'add_ln813_4665' <Predicate = true> <Delay = 0.00> <CoreInst = "TAddSub">   --->   Core 10 'TAddSub' <Latency = 0> <II = 1> <Delay = 0.33> <IPBlock> <Opcode : 'add' 'sub'> <InPorts = 3> <OutPorts = 1> <Sync> <CReg>
ST_1 : Operation 444 [1/1] (0.78ns)   --->   "%add_ln813_4666 = add i16 %mult_V_2688, i16 736"   --->   Operation 444 'add' 'add_ln813_4666' <Predicate = true> <Delay = 0.78> <CoreInst = "Adder">   --->   Core 1 'Adder' <Latency = 0> <II = 1> <Delay = 0.78> <FuncUnit> <Opcode : 'add' 'sub'> <InPorts = 2> <OutPorts = 1>
ST_1 : Operation 445 [1/1] (0.67ns) (root node of TernaryAdder)   --->   "%add_ln813_4667 = add i16 %add_ln813_4666, i16 %add_ln813_4665"   --->   Operation 445 'add' 'add_ln813_4667' <Predicate = true> <Delay = 0.67> <CoreInst = "TAddSub">   --->   Core 10 'TAddSub' <Latency = 0> <II = 1> <Delay = 0.33> <IPBlock> <Opcode : 'add' 'sub'> <InPorts = 3> <OutPorts = 1> <Sync> <CReg>
ST_1 : Operation 446 [1/1] (0.67ns) (root node of TernaryAdder)   --->   "%add_ln813_4668 = add i16 %add_ln813_4667, i16 %add_ln813_4664"   --->   Operation 446 'add' 'add_ln813_4668' <Predicate = true> <Delay = 0.67> <CoreInst = "TAddSub">   --->   Core 10 'TAddSub' <Latency = 0> <II = 1> <Delay = 0.33> <IPBlock> <Opcode : 'add' 'sub'> <InPorts = 3> <OutPorts = 1> <Sync> <CReg>
ST_1 : Operation 447 [1/1] (0.00ns) (grouped into TernaryAdder)   --->   "%add_ln813_4674 = add i16 %mult_V_2609, i16 %mult_V_2613"   --->   Operation 447 'add' 'add_ln813_4674' <Predicate = true> <Delay = 0.00> <CoreInst = "TAddSub">   --->   Core 10 'TAddSub' <Latency = 0> <II = 1> <Delay = 0.33> <IPBlock> <Opcode : 'add' 'sub'> <InPorts = 3> <OutPorts = 1> <Sync> <CReg>
ST_1 : Operation 448 [1/1] (0.67ns) (root node of TernaryAdder)   --->   "%add_ln813_4675 = add i16 %add_ln813_4674, i16 %mult_V_2601"   --->   Operation 448 'add' 'add_ln813_4675' <Predicate = true> <Delay = 0.67> <CoreInst = "TAddSub">   --->   Core 10 'TAddSub' <Latency = 0> <II = 1> <Delay = 0.33> <IPBlock> <Opcode : 'add' 'sub'> <InPorts = 3> <OutPorts = 1> <Sync> <CReg>
ST_1 : Operation 449 [1/1] (0.78ns)   --->   "%add_ln813_4678 = add i16 %mult_V_2622, i16 %mult_V_2640"   --->   Operation 449 'add' 'add_ln813_4678' <Predicate = true> <Delay = 0.78> <CoreInst = "Adder">   --->   Core 1 'Adder' <Latency = 0> <II = 1> <Delay = 0.78> <FuncUnit> <Opcode : 'add' 'sub'> <InPorts = 2> <OutPorts = 1>
ST_1 : Operation 450 [1/1] (0.78ns)   --->   "%add_ln813_4679 = add i16 %mult_V_2646, i16 %mult_V_2653"   --->   Operation 450 'add' 'add_ln813_4679' <Predicate = true> <Delay = 0.78> <CoreInst = "Adder">   --->   Core 1 'Adder' <Latency = 0> <II = 1> <Delay = 0.78> <FuncUnit> <Opcode : 'add' 'sub'> <InPorts = 2> <OutPorts = 1>
ST_1 : Operation 451 [1/1] (0.00ns) (grouped into TernaryAdder)   --->   "%add_ln813_4680 = add i16 %add_ln813_4679, i16 %add_ln813_4678"   --->   Operation 451 'add' 'add_ln813_4680' <Predicate = true> <Delay = 0.00> <CoreInst = "TAddSub">   --->   Core 10 'TAddSub' <Latency = 0> <II = 1> <Delay = 0.33> <IPBlock> <Opcode : 'add' 'sub'> <InPorts = 3> <OutPorts = 1> <Sync> <CReg>
ST_1 : Operation 452 [1/1] (0.00ns) (grouped into TernaryAdder)   --->   "%add_ln813_4681 = add i16 %mult_V_2656, i16 %mult_V_2662"   --->   Operation 452 'add' 'add_ln813_4681' <Predicate = true> <Delay = 0.00> <CoreInst = "TAddSub">   --->   Core 10 'TAddSub' <Latency = 0> <II = 1> <Delay = 0.33> <IPBlock> <Opcode : 'add' 'sub'> <InPorts = 3> <OutPorts = 1> <Sync> <CReg>
ST_1 : Operation 453 [1/1] (0.00ns) (grouped into TernaryAdder)   --->   "%add_ln813_4682 = add i16 %mult_V_2689, i16 65120"   --->   Operation 453 'add' 'add_ln813_4682' <Predicate = true> <Delay = 0.00> <CoreInst = "TAddSub">   --->   Core 10 'TAddSub' <Latency = 0> <II = 1> <Delay = 0.33> <IPBlock> <Opcode : 'add' 'sub'> <InPorts = 3> <OutPorts = 1> <Sync> <CReg>
ST_1 : Operation 454 [1/1] (0.67ns) (root node of TernaryAdder)   --->   "%add_ln813_4683 = add i16 %add_ln813_4682, i16 %mult_V_2668"   --->   Operation 454 'add' 'add_ln813_4683' <Predicate = true> <Delay = 0.67> <CoreInst = "TAddSub">   --->   Core 10 'TAddSub' <Latency = 0> <II = 1> <Delay = 0.33> <IPBlock> <Opcode : 'add' 'sub'> <InPorts = 3> <OutPorts = 1> <Sync> <CReg>
ST_1 : Operation 455 [1/1] (0.67ns) (root node of TernaryAdder)   --->   "%add_ln813_4684 = add i16 %add_ln813_4683, i16 %add_ln813_4681"   --->   Operation 455 'add' 'add_ln813_4684' <Predicate = true> <Delay = 0.67> <CoreInst = "TAddSub">   --->   Core 10 'TAddSub' <Latency = 0> <II = 1> <Delay = 0.33> <IPBlock> <Opcode : 'add' 'sub'> <InPorts = 3> <OutPorts = 1> <Sync> <CReg>
ST_1 : Operation 456 [1/1] (0.67ns) (root node of TernaryAdder)   --->   "%add_ln813_4685 = add i16 %add_ln813_4684, i16 %add_ln813_4680"   --->   Operation 456 'add' 'add_ln813_4685' <Predicate = true> <Delay = 0.67> <CoreInst = "TAddSub">   --->   Core 10 'TAddSub' <Latency = 0> <II = 1> <Delay = 0.33> <IPBlock> <Opcode : 'add' 'sub'> <InPorts = 3> <OutPorts = 1> <Sync> <CReg>
ST_1 : Operation 457 [1/1] (0.78ns)   --->   "%add_ln813_4690 = add i16 %mult_V_2623, i16 %mult_V_2638"   --->   Operation 457 'add' 'add_ln813_4690' <Predicate = true> <Delay = 0.78> <CoreInst = "Adder">   --->   Core 1 'Adder' <Latency = 0> <II = 1> <Delay = 0.78> <FuncUnit> <Opcode : 'add' 'sub'> <InPorts = 2> <OutPorts = 1>
ST_1 : Operation 458 [1/1] (0.78ns)   --->   "%add_ln813_4693 = add i16 %mult_V_2648, i16 %mult_V_2663"   --->   Operation 458 'add' 'add_ln813_4693' <Predicate = true> <Delay = 0.78> <CoreInst = "Adder">   --->   Core 1 'Adder' <Latency = 0> <II = 1> <Delay = 0.78> <FuncUnit> <Opcode : 'add' 'sub'> <InPorts = 2> <OutPorts = 1>
ST_1 : Operation 459 [1/1] (0.00ns) (grouped into TernaryAdder)   --->   "%add_ln813_4694 = add i16 %add_ln813_4693, i16 %mult_V_2640"   --->   Operation 459 'add' 'add_ln813_4694' <Predicate = true> <Delay = 0.00> <CoreInst = "TAddSub">   --->   Core 10 'TAddSub' <Latency = 0> <II = 1> <Delay = 0.33> <IPBlock> <Opcode : 'add' 'sub'> <InPorts = 3> <OutPorts = 1> <Sync> <CReg>
ST_1 : Operation 460 [1/1] (0.00ns) (grouped into TernaryAdder)   --->   "%add_ln813_4695 = add i16 %mult_V_2672, i16 %mult_V_2684"   --->   Operation 460 'add' 'add_ln813_4695' <Predicate = true> <Delay = 0.00> <CoreInst = "TAddSub">   --->   Core 10 'TAddSub' <Latency = 0> <II = 1> <Delay = 0.33> <IPBlock> <Opcode : 'add' 'sub'> <InPorts = 3> <OutPorts = 1> <Sync> <CReg>
ST_1 : Operation 461 [1/1] (0.77ns)   --->   "%add_ln813_4696 = add i16 %sext_ln818_761, i16 64512"   --->   Operation 461 'add' 'add_ln813_4696' <Predicate = true> <Delay = 0.77> <CoreInst = "Adder">   --->   Core 1 'Adder' <Latency = 0> <II = 1> <Delay = 0.77> <FuncUnit> <Opcode : 'add' 'sub'> <InPorts = 2> <OutPorts = 1>
ST_1 : Operation 462 [1/1] (0.67ns) (root node of TernaryAdder)   --->   "%add_ln813_4697 = add i16 %add_ln813_4696, i16 %add_ln813_4695"   --->   Operation 462 'add' 'add_ln813_4697' <Predicate = true> <Delay = 0.67> <CoreInst = "TAddSub">   --->   Core 10 'TAddSub' <Latency = 0> <II = 1> <Delay = 0.33> <IPBlock> <Opcode : 'add' 'sub'> <InPorts = 3> <OutPorts = 1> <Sync> <CReg>
ST_1 : Operation 463 [1/1] (0.67ns) (root node of TernaryAdder)   --->   "%add_ln813_4698 = add i16 %add_ln813_4697, i16 %add_ln813_4694"   --->   Operation 463 'add' 'add_ln813_4698' <Predicate = true> <Delay = 0.67> <CoreInst = "TAddSub">   --->   Core 10 'TAddSub' <Latency = 0> <II = 1> <Delay = 0.33> <IPBlock> <Opcode : 'add' 'sub'> <InPorts = 3> <OutPorts = 1> <Sync> <CReg>
ST_1 : Operation 464 [1/1] (0.78ns)   --->   "%add_ln813_4706 = add i16 %mult_V_2638, i16 %mult_V_2640"   --->   Operation 464 'add' 'add_ln813_4706' <Predicate = true> <Delay = 0.78> <CoreInst = "Adder">   --->   Core 1 'Adder' <Latency = 0> <II = 1> <Delay = 0.78> <FuncUnit> <Opcode : 'add' 'sub'> <InPorts = 2> <OutPorts = 1>
ST_1 : Operation 465 [1/1] (0.78ns)   --->   "%add_ln813_4707 = add i16 %mult_V_2647, i16 %mult_V_2652"   --->   Operation 465 'add' 'add_ln813_4707' <Predicate = true> <Delay = 0.78> <CoreInst = "Adder">   --->   Core 1 'Adder' <Latency = 0> <II = 1> <Delay = 0.78> <FuncUnit> <Opcode : 'add' 'sub'> <InPorts = 2> <OutPorts = 1>
ST_1 : Operation 466 [1/1] (0.00ns) (grouped into TernaryAdder)   --->   "%add_ln813_4708 = add i16 %add_ln813_4707, i16 %add_ln813_4706"   --->   Operation 466 'add' 'add_ln813_4708' <Predicate = true> <Delay = 0.00> <CoreInst = "TAddSub">   --->   Core 10 'TAddSub' <Latency = 0> <II = 1> <Delay = 0.33> <IPBlock> <Opcode : 'add' 'sub'> <InPorts = 3> <OutPorts = 1> <Sync> <CReg>
ST_1 : Operation 467 [1/1] (0.00ns) (grouped into TernaryAdder)   --->   "%add_ln813_4709 = add i16 %mult_V_2667, i16 %mult_V_2674"   --->   Operation 467 'add' 'add_ln813_4709' <Predicate = true> <Delay = 0.00> <CoreInst = "TAddSub">   --->   Core 10 'TAddSub' <Latency = 0> <II = 1> <Delay = 0.33> <IPBlock> <Opcode : 'add' 'sub'> <InPorts = 3> <OutPorts = 1> <Sync> <CReg>
ST_1 : Operation 468 [1/1] (0.00ns) (grouped into TernaryAdder)   --->   "%add_ln813_4710 = add i16 %mult_V_2689, i16 640"   --->   Operation 468 'add' 'add_ln813_4710' <Predicate = true> <Delay = 0.00> <CoreInst = "TAddSub">   --->   Core 10 'TAddSub' <Latency = 0> <II = 1> <Delay = 0.33> <IPBlock> <Opcode : 'add' 'sub'> <InPorts = 3> <OutPorts = 1> <Sync> <CReg>
ST_1 : Operation 469 [1/1] (0.67ns) (root node of TernaryAdder)   --->   "%add_ln813_4711 = add i16 %add_ln813_4710, i16 %mult_V_2685"   --->   Operation 469 'add' 'add_ln813_4711' <Predicate = true> <Delay = 0.67> <CoreInst = "TAddSub">   --->   Core 10 'TAddSub' <Latency = 0> <II = 1> <Delay = 0.33> <IPBlock> <Opcode : 'add' 'sub'> <InPorts = 3> <OutPorts = 1> <Sync> <CReg>
ST_1 : Operation 470 [1/1] (0.67ns) (root node of TernaryAdder)   --->   "%add_ln813_4712 = add i16 %add_ln813_4711, i16 %add_ln813_4709"   --->   Operation 470 'add' 'add_ln813_4712' <Predicate = true> <Delay = 0.67> <CoreInst = "TAddSub">   --->   Core 10 'TAddSub' <Latency = 0> <II = 1> <Delay = 0.33> <IPBlock> <Opcode : 'add' 'sub'> <InPorts = 3> <OutPorts = 1> <Sync> <CReg>
ST_1 : Operation 471 [1/1] (0.67ns) (root node of TernaryAdder)   --->   "%add_ln813_4713 = add i16 %add_ln813_4712, i16 %add_ln813_4708"   --->   Operation 471 'add' 'add_ln813_4713' <Predicate = true> <Delay = 0.67> <CoreInst = "TAddSub">   --->   Core 10 'TAddSub' <Latency = 0> <II = 1> <Delay = 0.33> <IPBlock> <Opcode : 'add' 'sub'> <InPorts = 3> <OutPorts = 1> <Sync> <CReg>
ST_1 : Operation 472 [1/1] (0.78ns)   --->   "%add_ln813_4718 = add i16 %mult_V_2615, i16 %mult_V_2631"   --->   Operation 472 'add' 'add_ln813_4718' <Predicate = true> <Delay = 0.78> <CoreInst = "Adder">   --->   Core 1 'Adder' <Latency = 0> <II = 1> <Delay = 0.78> <FuncUnit> <Opcode : 'add' 'sub'> <InPorts = 2> <OutPorts = 1>
ST_1 : Operation 473 [1/1] (0.78ns)   --->   "%add_ln813_4721 = add i16 %mult_V_2636, i16 %mult_V_2642"   --->   Operation 473 'add' 'add_ln813_4721' <Predicate = true> <Delay = 0.78> <CoreInst = "Adder">   --->   Core 1 'Adder' <Latency = 0> <II = 1> <Delay = 0.78> <FuncUnit> <Opcode : 'add' 'sub'> <InPorts = 2> <OutPorts = 1>
ST_1 : Operation 474 [1/1] (0.78ns)   --->   "%add_ln813_4722 = add i16 %mult_V_2650, i16 %mult_V_2652"   --->   Operation 474 'add' 'add_ln813_4722' <Predicate = true> <Delay = 0.78> <CoreInst = "Adder">   --->   Core 1 'Adder' <Latency = 0> <II = 1> <Delay = 0.78> <FuncUnit> <Opcode : 'add' 'sub'> <InPorts = 2> <OutPorts = 1>
ST_1 : Operation 475 [1/1] (0.00ns) (grouped into TernaryAdder)   --->   "%add_ln813_4723 = add i16 %add_ln813_4722, i16 %add_ln813_4721"   --->   Operation 475 'add' 'add_ln813_4723' <Predicate = true> <Delay = 0.00> <CoreInst = "TAddSub">   --->   Core 10 'TAddSub' <Latency = 0> <II = 1> <Delay = 0.33> <IPBlock> <Opcode : 'add' 'sub'> <InPorts = 3> <OutPorts = 1> <Sync> <CReg>
ST_1 : Operation 476 [1/1] (0.00ns) (grouped into TernaryAdder)   --->   "%add_ln813_4724 = add i16 %mult_V_2686, i16 %mult_V_2691"   --->   Operation 476 'add' 'add_ln813_4724' <Predicate = true> <Delay = 0.00> <CoreInst = "TAddSub">   --->   Core 10 'TAddSub' <Latency = 0> <II = 1> <Delay = 0.33> <IPBlock> <Opcode : 'add' 'sub'> <InPorts = 3> <OutPorts = 1> <Sync> <CReg>
ST_1 : Operation 477 [1/1] (0.77ns)   --->   "%add_ln813_4725 = add i16 %sext_ln818_753, i16 992"   --->   Operation 477 'add' 'add_ln813_4725' <Predicate = true> <Delay = 0.77> <CoreInst = "Adder">   --->   Core 1 'Adder' <Latency = 0> <II = 1> <Delay = 0.77> <FuncUnit> <Opcode : 'add' 'sub'> <InPorts = 2> <OutPorts = 1>
ST_1 : Operation 478 [1/1] (0.67ns) (root node of TernaryAdder)   --->   "%add_ln813_4726 = add i16 %add_ln813_4725, i16 %add_ln813_4724"   --->   Operation 478 'add' 'add_ln813_4726' <Predicate = true> <Delay = 0.67> <CoreInst = "TAddSub">   --->   Core 10 'TAddSub' <Latency = 0> <II = 1> <Delay = 0.33> <IPBlock> <Opcode : 'add' 'sub'> <InPorts = 3> <OutPorts = 1> <Sync> <CReg>
ST_1 : Operation 479 [1/1] (0.67ns) (root node of TernaryAdder)   --->   "%add_ln813_4727 = add i16 %add_ln813_4726, i16 %add_ln813_4723"   --->   Operation 479 'add' 'add_ln813_4727' <Predicate = true> <Delay = 0.67> <CoreInst = "TAddSub">   --->   Core 10 'TAddSub' <Latency = 0> <II = 1> <Delay = 0.33> <IPBlock> <Opcode : 'add' 'sub'> <InPorts = 3> <OutPorts = 1> <Sync> <CReg>
ST_1 : Operation 480 [1/1] (0.78ns)   --->   "%add_ln813_4736 = add i16 %mult_V_2651, i16 %mult_V_2665"   --->   Operation 480 'add' 'add_ln813_4736' <Predicate = true> <Delay = 0.78> <CoreInst = "Adder">   --->   Core 1 'Adder' <Latency = 0> <II = 1> <Delay = 0.78> <FuncUnit> <Opcode : 'add' 'sub'> <InPorts = 2> <OutPorts = 1>
ST_1 : Operation 481 [1/1] (0.00ns) (grouped into TernaryAdder)   --->   "%add_ln813_4737 = add i16 %mult_V_2682, i16 %mult_V_2692"   --->   Operation 481 'add' 'add_ln813_4737' <Predicate = true> <Delay = 0.00> <CoreInst = "TAddSub">   --->   Core 10 'TAddSub' <Latency = 0> <II = 1> <Delay = 0.33> <IPBlock> <Opcode : 'add' 'sub'> <InPorts = 3> <OutPorts = 1> <Sync> <CReg>
ST_1 : Operation 482 [1/1] (0.67ns) (root node of TernaryAdder)   --->   "%add_ln813_4738 = add i16 %add_ln813_4737, i16 %mult_V_2676"   --->   Operation 482 'add' 'add_ln813_4738' <Predicate = true> <Delay = 0.67> <CoreInst = "TAddSub">   --->   Core 10 'TAddSub' <Latency = 0> <II = 1> <Delay = 0.33> <IPBlock> <Opcode : 'add' 'sub'> <InPorts = 3> <OutPorts = 1> <Sync> <CReg>
ST_1 : Operation 483 [1/1] (0.00ns) (grouped into TernaryAdder)   --->   "%add_ln813_4740 = add i16 %sext_ln818_750, i16 %sext_ln818_754"   --->   Operation 483 'add' 'add_ln813_4740' <Predicate = true> <Delay = 0.00> <CoreInst = "TAddSub">   --->   Core 10 'TAddSub' <Latency = 0> <II = 1> <Delay = 0.33> <IPBlock> <Opcode : 'add' 'sub'> <InPorts = 3> <OutPorts = 1> <Sync> <CReg>
ST_1 : Operation 484 [1/1] (0.74ns)   --->   "%add_ln813_4741 = add i13 %sext_ln17_1680, i13 544"   --->   Operation 484 'add' 'add_ln813_4741' <Predicate = true> <Delay = 0.74> <CoreInst = "Adder">   --->   Core 1 'Adder' <Latency = 0> <II = 1> <Delay = 0.74> <FuncUnit> <Opcode : 'add' 'sub'> <InPorts = 2> <OutPorts = 1>
ST_1 : Operation 485 [1/1] (0.00ns)   --->   "%sext_ln813_2026 = sext i13 %add_ln813_4741"   --->   Operation 485 'sext' 'sext_ln813_2026' <Predicate = true> <Delay = 0.00>
ST_1 : Operation 486 [1/1] (0.77ns)   --->   "%add_ln813_4742 = add i16 %sext_ln813_2026, i16 %sext_ln818_759"   --->   Operation 486 'add' 'add_ln813_4742' <Predicate = true> <Delay = 0.77> <CoreInst = "Adder">   --->   Core 1 'Adder' <Latency = 0> <II = 1> <Delay = 0.77> <FuncUnit> <Opcode : 'add' 'sub'> <InPorts = 2> <OutPorts = 1>
ST_1 : Operation 487 [1/1] (0.67ns) (root node of TernaryAdder)   --->   "%add_ln813_4743 = add i16 %add_ln813_4742, i16 %add_ln813_4740"   --->   Operation 487 'add' 'add_ln813_4743' <Predicate = true> <Delay = 0.67> <CoreInst = "TAddSub">   --->   Core 10 'TAddSub' <Latency = 0> <II = 1> <Delay = 0.33> <IPBlock> <Opcode : 'add' 'sub'> <InPorts = 3> <OutPorts = 1> <Sync> <CReg>

State 2 <SV = 1> <Delay = 3.60>
ST_2 : Operation 488 [1/1] (0.00ns)   --->   "%specpipeline_ln33 = specpipeline void @_ssdm_op_SpecPipeline, i32 1, i32 0, i32 0, i32 0, void @empty_7" [/home/ayvol/vitis-accel-CNN/vitis_accel_prj/firmware/nnet_utils/nnet_dense_latency.h:33]   --->   Operation 488 'specpipeline' 'specpipeline_ln33' <Predicate = true> <Delay = 0.00>
ST_2 : Operation 489 [1/1] (0.00ns)   --->   "%specresourcelimit_ln33 = specresourcelimit void @_ssdm_op_SpecResourceLimit, i64 213, void @empty_11, void @empty_7, void @empty_7, void @empty_7" [/home/ayvol/vitis-accel-CNN/vitis_accel_prj/firmware/nnet_utils/nnet_dense_latency.h:33]   --->   Operation 489 'specresourcelimit' 'specresourcelimit_ln33' <Predicate = true> <Delay = 0.00>
ST_2 : Operation 490 [1/1] (0.00ns)   --->   "%sext_ln1270 = sext i16 %a_V"   --->   Operation 490 'sext' 'sext_ln1270' <Predicate = true> <Delay = 0.00>
ST_2 : Operation 491 [1/1] (0.00ns)   --->   "%shl_ln = bitconcatenate i21 @_ssdm_op_BitConcatenate.i21.i16.i5, i16 %a_V, i5 0"   --->   Operation 491 'bitconcatenate' 'shl_ln' <Predicate = true> <Delay = 0.00>
ST_2 : Operation 492 [1/1] (0.81ns)   --->   "%r_V = sub i21 0, i21 %shl_ln"   --->   Operation 492 'sub' 'r_V' <Predicate = true> <Delay = 0.81> <CoreInst = "Adder">   --->   Core 1 'Adder' <Latency = 0> <II = 1> <Delay = 0.81> <FuncUnit> <Opcode : 'add' 'sub'> <InPorts = 2> <OutPorts = 1>
ST_2 : Operation 493 [1/1] (0.00ns)   --->   "%mult_V = partselect i16 @_ssdm_op_PartSelect.i16.i21.i32.i32, i21 %r_V, i32 5, i32 20"   --->   Operation 493 'partselect' 'mult_V' <Predicate = true> <Delay = 0.00>
ST_2 : Operation 494 [1/1] (0.00ns)   --->   "%sext_ln17 = sext i13 %mult_V_2550" [/home/ayvol/vitis-accel-CNN/vitis_accel_prj/firmware/nnet_utils/nnet_dense_latency.h:17]   --->   Operation 494 'sext' 'sext_ln17' <Predicate = true> <Delay = 0.00>
ST_2 : Operation 495 [1/1] (0.00ns)   --->   "%shl_ln1273_860 = bitconcatenate i20 @_ssdm_op_BitConcatenate.i20.i16.i4, i16 %a_V, i4 0"   --->   Operation 495 'bitconcatenate' 'shl_ln1273_860' <Predicate = true> <Delay = 0.00>
ST_2 : Operation 496 [1/1] (0.00ns)   --->   "%sext_ln1273_1484 = sext i20 %shl_ln1273_860"   --->   Operation 496 'sext' 'sext_ln1273_1484' <Predicate = true> <Delay = 0.00>
ST_2 : Operation 497 [1/1] (0.00ns) (grouped into TernaryAdder)   --->   "%sub_ln1273 = sub i21 0, i21 %sext_ln1273_1484"   --->   Operation 497 'sub' 'sub_ln1273' <Predicate = true> <Delay = 0.00> <CoreInst = "TAddSub">   --->   Core 10 'TAddSub' <Latency = 0> <II = 1> <Delay = 0.33> <IPBlock> <Opcode : 'add' 'sub'> <InPorts = 3> <OutPorts = 1> <Sync> <CReg>
ST_2 : Operation 498 [1/1] (0.00ns)   --->   "%shl_ln1273_861 = bitconcatenate i17 @_ssdm_op_BitConcatenate.i17.i16.i1, i16 %a_V, i1 0"   --->   Operation 498 'bitconcatenate' 'shl_ln1273_861' <Predicate = true> <Delay = 0.00>
ST_2 : Operation 499 [1/1] (0.00ns)   --->   "%sext_ln1273_1485 = sext i17 %shl_ln1273_861"   --->   Operation 499 'sext' 'sext_ln1273_1485' <Predicate = true> <Delay = 0.00>
ST_2 : Operation 500 [1/1] (0.69ns) (root node of TernaryAdder)   --->   "%r_V_2927 = sub i21 %sub_ln1273, i21 %sext_ln1273_1485"   --->   Operation 500 'sub' 'r_V_2927' <Predicate = true> <Delay = 0.69> <CoreInst = "TAddSub">   --->   Core 10 'TAddSub' <Latency = 0> <II = 1> <Delay = 0.33> <IPBlock> <Opcode : 'add' 'sub'> <InPorts = 3> <OutPorts = 1> <Sync> <CReg>
ST_2 : Operation 501 [1/1] (0.00ns)   --->   "%mult_V_2551 = partselect i16 @_ssdm_op_PartSelect.i16.i21.i32.i32, i21 %r_V_2927, i32 5, i32 20"   --->   Operation 501 'partselect' 'mult_V_2551' <Predicate = true> <Delay = 0.00>
ST_2 : Operation 502 [1/1] (1.94ns)   --->   "%mul_ln1270 = mul i21 %sext_ln1270, i21 2097123"   --->   Operation 502 'mul' 'mul_ln1270' <Predicate = true> <Delay = 1.94> <CoreInst = "Multiplier">   --->   Core 3 'Multiplier' <Latency = 0> <II = 1> <Delay = 1.94> <FuncUnit> <Opcode : 'mul'> <InPorts = 2> <OutPorts = 1>
ST_2 : Operation 503 [1/1] (0.00ns)   --->   "%mult_V_2552 = partselect i16 @_ssdm_op_PartSelect.i16.i21.i32.i32, i21 %mul_ln1270, i32 5, i32 20"   --->   Operation 503 'partselect' 'mult_V_2552' <Predicate = true> <Delay = 0.00>
ST_2 : Operation 504 [1/1] (0.81ns)   --->   "%r_V_2928 = sub i21 %shl_ln, i21 %sext_ln1270"   --->   Operation 504 'sub' 'r_V_2928' <Predicate = true> <Delay = 0.81> <CoreInst = "Adder">   --->   Core 1 'Adder' <Latency = 0> <II = 1> <Delay = 0.81> <FuncUnit> <Opcode : 'add' 'sub'> <InPorts = 2> <OutPorts = 1>
ST_2 : Operation 505 [1/1] (0.00ns)   --->   "%mult_V_2553 = partselect i16 @_ssdm_op_PartSelect.i16.i21.i32.i32, i21 %r_V_2928, i32 5, i32 20"   --->   Operation 505 'partselect' 'mult_V_2553' <Predicate = true> <Delay = 0.00>
ST_2 : Operation 506 [1/1] (0.81ns)   --->   "%r_V_2929 = sub i21 %sext_ln1270, i21 %shl_ln"   --->   Operation 506 'sub' 'r_V_2929' <Predicate = true> <Delay = 0.81> <CoreInst = "Adder">   --->   Core 1 'Adder' <Latency = 0> <II = 1> <Delay = 0.81> <FuncUnit> <Opcode : 'add' 'sub'> <InPorts = 2> <OutPorts = 1>
ST_2 : Operation 507 [1/1] (0.00ns)   --->   "%mult_V_2554 = partselect i16 @_ssdm_op_PartSelect.i16.i21.i32.i32, i21 %r_V_2929, i32 5, i32 20"   --->   Operation 507 'partselect' 'mult_V_2554' <Predicate = true> <Delay = 0.00>
ST_2 : Operation 508 [1/1] (0.00ns)   --->   "%a_V_248 = load i16 %void_compute_output_buffer_2d_array_const_ap_shift_reg_n_chan_stream_weig_8"   --->   Operation 508 'load' 'a_V_248' <Predicate = true> <Delay = 0.00>
ST_2 : Operation 509 [1/1] (0.00ns)   --->   "%sext_ln1273_1486 = sext i16 %a_V_248"   --->   Operation 509 'sext' 'sext_ln1273_1486' <Predicate = true> <Delay = 0.00>
ST_2 : Operation 510 [1/1] (0.00ns)   --->   "%shl_ln1273_862 = bitconcatenate i21 @_ssdm_op_BitConcatenate.i21.i16.i5, i16 %a_V_248, i5 0"   --->   Operation 510 'bitconcatenate' 'shl_ln1273_862' <Predicate = true> <Delay = 0.00>
ST_2 : Operation 511 [1/1] (0.81ns)   --->   "%r_V_2930 = sub i21 0, i21 %shl_ln1273_862"   --->   Operation 511 'sub' 'r_V_2930' <Predicate = true> <Delay = 0.81> <CoreInst = "Adder">   --->   Core 1 'Adder' <Latency = 0> <II = 1> <Delay = 0.81> <FuncUnit> <Opcode : 'add' 'sub'> <InPorts = 2> <OutPorts = 1>
ST_2 : Operation 512 [1/1] (0.00ns)   --->   "%mult_V_2555 = partselect i16 @_ssdm_op_PartSelect.i16.i21.i32.i32, i21 %r_V_2930, i32 5, i32 20"   --->   Operation 512 'partselect' 'mult_V_2555' <Predicate = true> <Delay = 0.00>
ST_2 : Operation 513 [1/1] (0.00ns)   --->   "%mult_V_2556 = partselect i11 @_ssdm_op_PartSelect.i11.i16.i32.i32, i16 %a_V_248, i32 5, i32 15"   --->   Operation 513 'partselect' 'mult_V_2556' <Predicate = true> <Delay = 0.00>
ST_2 : Operation 514 [1/1] (0.00ns)   --->   "%sext_ln17_1677 = sext i11 %mult_V_2556" [/home/ayvol/vitis-accel-CNN/vitis_accel_prj/firmware/nnet_utils/nnet_dense_latency.h:17]   --->   Operation 514 'sext' 'sext_ln17_1677' <Predicate = true> <Delay = 0.00>
ST_2 : Operation 515 [1/1] (0.81ns)   --->   "%r_V_2931 = sub i21 %shl_ln1273_862, i21 %sext_ln1273_1486"   --->   Operation 515 'sub' 'r_V_2931' <Predicate = true> <Delay = 0.81> <CoreInst = "Adder">   --->   Core 1 'Adder' <Latency = 0> <II = 1> <Delay = 0.81> <FuncUnit> <Opcode : 'add' 'sub'> <InPorts = 2> <OutPorts = 1>
ST_2 : Operation 516 [1/1] (0.00ns)   --->   "%mult_V_2557 = partselect i16 @_ssdm_op_PartSelect.i16.i21.i32.i32, i21 %r_V_2931, i32 5, i32 20"   --->   Operation 516 'partselect' 'mult_V_2557' <Predicate = true> <Delay = 0.00>
ST_2 : Operation 517 [1/1] (0.00ns)   --->   "%a_V_249 = load i16 %void_compute_output_buffer_2d_array_const_ap_shift_reg_n_chan_stream_weig_7"   --->   Operation 517 'load' 'a_V_249' <Predicate = true> <Delay = 0.00>
ST_2 : Operation 518 [1/1] (0.00ns)   --->   "%sext_ln1273_1487 = sext i16 %a_V_249"   --->   Operation 518 'sext' 'sext_ln1273_1487' <Predicate = true> <Delay = 0.00>
ST_2 : Operation 519 [1/1] (0.00ns)   --->   "%shl_ln1273_863 = bitconcatenate i20 @_ssdm_op_BitConcatenate.i20.i16.i4, i16 %a_V_249, i4 0"   --->   Operation 519 'bitconcatenate' 'shl_ln1273_863' <Predicate = true> <Delay = 0.00>
ST_2 : Operation 520 [1/1] (0.00ns)   --->   "%sext_ln1273_1488 = sext i20 %shl_ln1273_863"   --->   Operation 520 'sext' 'sext_ln1273_1488' <Predicate = true> <Delay = 0.00>
ST_2 : Operation 521 [1/1] (0.00ns)   --->   "%shl_ln1273_864 = bitconcatenate i17 @_ssdm_op_BitConcatenate.i17.i16.i1, i16 %a_V_249, i1 0"   --->   Operation 521 'bitconcatenate' 'shl_ln1273_864' <Predicate = true> <Delay = 0.00>
ST_2 : Operation 522 [1/1] (0.00ns)   --->   "%sext_ln1273_1489 = sext i17 %shl_ln1273_864"   --->   Operation 522 'sext' 'sext_ln1273_1489' <Predicate = true> <Delay = 0.00>
ST_2 : Operation 523 [1/1] (0.80ns)   --->   "%r_V_2932 = sub i21 %sext_ln1273_1488, i21 %sext_ln1273_1489"   --->   Operation 523 'sub' 'r_V_2932' <Predicate = true> <Delay = 0.80> <CoreInst = "Adder">   --->   Core 1 'Adder' <Latency = 0> <II = 1> <Delay = 0.80> <FuncUnit> <Opcode : 'add' 'sub'> <InPorts = 2> <OutPorts = 1>
ST_2 : Operation 524 [1/1] (0.00ns)   --->   "%mult_V_2558 = partselect i16 @_ssdm_op_PartSelect.i16.i21.i32.i32, i21 %r_V_2932, i32 5, i32 20"   --->   Operation 524 'partselect' 'mult_V_2558' <Predicate = true> <Delay = 0.00>
ST_2 : Operation 525 [1/1] (0.00ns)   --->   "%shl_ln1273_865 = bitconcatenate i21 @_ssdm_op_BitConcatenate.i21.i16.i5, i16 %a_V_249, i5 0"   --->   Operation 525 'bitconcatenate' 'shl_ln1273_865' <Predicate = true> <Delay = 0.00>
ST_2 : Operation 526 [1/1] (0.81ns)   --->   "%r_V_2933 = sub i21 0, i21 %shl_ln1273_865"   --->   Operation 526 'sub' 'r_V_2933' <Predicate = true> <Delay = 0.81> <CoreInst = "Adder">   --->   Core 1 'Adder' <Latency = 0> <II = 1> <Delay = 0.81> <FuncUnit> <Opcode : 'add' 'sub'> <InPorts = 2> <OutPorts = 1>
ST_2 : Operation 527 [1/1] (0.00ns)   --->   "%mult_V_2559 = partselect i16 @_ssdm_op_PartSelect.i16.i21.i32.i32, i21 %r_V_2933, i32 5, i32 20"   --->   Operation 527 'partselect' 'mult_V_2559' <Predicate = true> <Delay = 0.00>
ST_2 : Operation 528 [1/1] (0.00ns) (grouped into TernaryAdder)   --->   "%sub_ln1273_1839 = sub i21 0, i21 %sext_ln1273_1488"   --->   Operation 528 'sub' 'sub_ln1273_1839' <Predicate = true> <Delay = 0.00> <CoreInst = "TAddSub">   --->   Core 10 'TAddSub' <Latency = 0> <II = 1> <Delay = 0.33> <IPBlock> <Opcode : 'add' 'sub'> <InPorts = 3> <OutPorts = 1> <Sync> <CReg>
ST_2 : Operation 529 [1/1] (0.00ns)   --->   "%shl_ln1273_866 = bitconcatenate i18 @_ssdm_op_BitConcatenate.i18.i16.i2, i16 %a_V_249, i2 0"   --->   Operation 529 'bitconcatenate' 'shl_ln1273_866' <Predicate = true> <Delay = 0.00>
ST_2 : Operation 530 [1/1] (0.00ns)   --->   "%sext_ln1273_1490 = sext i18 %shl_ln1273_866"   --->   Operation 530 'sext' 'sext_ln1273_1490' <Predicate = true> <Delay = 0.00>
ST_2 : Operation 531 [1/1] (0.69ns) (root node of TernaryAdder)   --->   "%r_V_2934 = sub i21 %sub_ln1273_1839, i21 %sext_ln1273_1490"   --->   Operation 531 'sub' 'r_V_2934' <Predicate = true> <Delay = 0.69> <CoreInst = "TAddSub">   --->   Core 10 'TAddSub' <Latency = 0> <II = 1> <Delay = 0.33> <IPBlock> <Opcode : 'add' 'sub'> <InPorts = 3> <OutPorts = 1> <Sync> <CReg>
ST_2 : Operation 532 [1/1] (0.00ns)   --->   "%mult_V_2560 = partselect i16 @_ssdm_op_PartSelect.i16.i21.i32.i32, i21 %r_V_2934, i32 5, i32 20"   --->   Operation 532 'partselect' 'mult_V_2560' <Predicate = true> <Delay = 0.00>
ST_2 : Operation 533 [1/1] (1.94ns)   --->   "%r_V_2935 = mul i21 %sext_ln1273_1487, i21 13"   --->   Operation 533 'mul' 'r_V_2935' <Predicate = true> <Delay = 1.94> <CoreInst = "Multiplier">   --->   Core 3 'Multiplier' <Latency = 0> <II = 1> <Delay = 1.94> <FuncUnit> <Opcode : 'mul'> <InPorts = 2> <OutPorts = 1>
ST_2 : Operation 534 [1/1] (0.00ns)   --->   "%mult_V_2561 = partselect i16 @_ssdm_op_PartSelect.i16.i21.i32.i32, i21 %r_V_2935, i32 5, i32 20"   --->   Operation 534 'partselect' 'mult_V_2561' <Predicate = true> <Delay = 0.00>
ST_2 : Operation 535 [1/1] (0.80ns)   --->   "%r_V_2936 = sub i21 %sext_ln1273_1487, i21 %sext_ln1273_1488"   --->   Operation 535 'sub' 'r_V_2936' <Predicate = true> <Delay = 0.80> <CoreInst = "Adder">   --->   Core 1 'Adder' <Latency = 0> <II = 1> <Delay = 0.80> <FuncUnit> <Opcode : 'add' 'sub'> <InPorts = 2> <OutPorts = 1>
ST_2 : Operation 536 [1/1] (0.00ns)   --->   "%mult_V_2562 = partselect i16 @_ssdm_op_PartSelect.i16.i21.i32.i32, i21 %r_V_2936, i32 5, i32 20"   --->   Operation 536 'partselect' 'mult_V_2562' <Predicate = true> <Delay = 0.00>
ST_2 : Operation 537 [1/1] (0.81ns)   --->   "%r_V_2937 = sub i21 %shl_ln1273_865, i21 %sext_ln1273_1487"   --->   Operation 537 'sub' 'r_V_2937' <Predicate = true> <Delay = 0.81> <CoreInst = "Adder">   --->   Core 1 'Adder' <Latency = 0> <II = 1> <Delay = 0.81> <FuncUnit> <Opcode : 'add' 'sub'> <InPorts = 2> <OutPorts = 1>
ST_2 : Operation 538 [1/1] (0.00ns)   --->   "%mult_V_2563 = partselect i16 @_ssdm_op_PartSelect.i16.i21.i32.i32, i21 %r_V_2937, i32 5, i32 20"   --->   Operation 538 'partselect' 'mult_V_2563' <Predicate = true> <Delay = 0.00>
ST_2 : Operation 539 [1/1] (0.00ns)   --->   "%a_V_250 = load i16 %void_compute_output_buffer_2d_array_const_ap_shift_reg_n_chan_stream_weig_6"   --->   Operation 539 'load' 'a_V_250' <Predicate = true> <Delay = 0.00>
ST_2 : Operation 540 [1/1] (0.00ns)   --->   "%sext_ln1270_110 = sext i16 %a_V_250"   --->   Operation 540 'sext' 'sext_ln1270_110' <Predicate = true> <Delay = 0.00>
ST_2 : Operation 541 [1/1] (0.00ns)   --->   "%shl_ln1273_867 = bitconcatenate i21 @_ssdm_op_BitConcatenate.i21.i16.i5, i16 %a_V_250, i5 0"   --->   Operation 541 'bitconcatenate' 'shl_ln1273_867' <Predicate = true> <Delay = 0.00>
ST_2 : Operation 542 [1/1] (0.81ns)   --->   "%r_V_2938 = sub i21 0, i21 %shl_ln1273_867"   --->   Operation 542 'sub' 'r_V_2938' <Predicate = true> <Delay = 0.81> <CoreInst = "Adder">   --->   Core 1 'Adder' <Latency = 0> <II = 1> <Delay = 0.81> <FuncUnit> <Opcode : 'add' 'sub'> <InPorts = 2> <OutPorts = 1>
ST_2 : Operation 543 [1/1] (0.00ns)   --->   "%mult_V_2564 = partselect i16 @_ssdm_op_PartSelect.i16.i21.i32.i32, i21 %r_V_2938, i32 5, i32 20"   --->   Operation 543 'partselect' 'mult_V_2564' <Predicate = true> <Delay = 0.00>
ST_2 : Operation 544 [1/1] (0.00ns)   --->   "%shl_ln1273_868 = bitconcatenate i20 @_ssdm_op_BitConcatenate.i20.i16.i4, i16 %a_V_250, i4 0"   --->   Operation 544 'bitconcatenate' 'shl_ln1273_868' <Predicate = true> <Delay = 0.00>
ST_2 : Operation 545 [1/1] (0.00ns)   --->   "%sext_ln1273_1491 = sext i20 %shl_ln1273_868"   --->   Operation 545 'sext' 'sext_ln1273_1491' <Predicate = true> <Delay = 0.00>
ST_2 : Operation 546 [1/1] (0.00ns)   --->   "%shl_ln1273_869 = bitconcatenate i18 @_ssdm_op_BitConcatenate.i18.i16.i2, i16 %a_V_250, i2 0"   --->   Operation 546 'bitconcatenate' 'shl_ln1273_869' <Predicate = true> <Delay = 0.00>
ST_2 : Operation 547 [1/1] (0.00ns)   --->   "%sext_ln1273_1492 = sext i18 %shl_ln1273_869"   --->   Operation 547 'sext' 'sext_ln1273_1492' <Predicate = true> <Delay = 0.00>
ST_2 : Operation 548 [1/1] (0.80ns)   --->   "%r_V_2939 = sub i21 %sext_ln1273_1491, i21 %sext_ln1273_1492"   --->   Operation 548 'sub' 'r_V_2939' <Predicate = true> <Delay = 0.80> <CoreInst = "Adder">   --->   Core 1 'Adder' <Latency = 0> <II = 1> <Delay = 0.80> <FuncUnit> <Opcode : 'add' 'sub'> <InPorts = 2> <OutPorts = 1>
ST_2 : Operation 549 [1/1] (0.00ns)   --->   "%mult_V_2565 = partselect i16 @_ssdm_op_PartSelect.i16.i21.i32.i32, i21 %r_V_2939, i32 5, i32 20"   --->   Operation 549 'partselect' 'mult_V_2565' <Predicate = true> <Delay = 0.00>
ST_2 : Operation 550 [1/1] (0.81ns)   --->   "%r_V_2940 = sub i21 %shl_ln1273_867, i21 %sext_ln1270_110"   --->   Operation 550 'sub' 'r_V_2940' <Predicate = true> <Delay = 0.81> <CoreInst = "Adder">   --->   Core 1 'Adder' <Latency = 0> <II = 1> <Delay = 0.81> <FuncUnit> <Opcode : 'add' 'sub'> <InPorts = 2> <OutPorts = 1>
ST_2 : Operation 551 [1/1] (0.00ns)   --->   "%mult_V_2566 = partselect i16 @_ssdm_op_PartSelect.i16.i21.i32.i32, i21 %r_V_2940, i32 5, i32 20"   --->   Operation 551 'partselect' 'mult_V_2566' <Predicate = true> <Delay = 0.00>
ST_2 : Operation 552 [1/1] (0.80ns)   --->   "%r_V_2941 = sub i21 %sext_ln1273_1491, i21 %sext_ln1270_110"   --->   Operation 552 'sub' 'r_V_2941' <Predicate = true> <Delay = 0.80> <CoreInst = "Adder">   --->   Core 1 'Adder' <Latency = 0> <II = 1> <Delay = 0.80> <FuncUnit> <Opcode : 'add' 'sub'> <InPorts = 2> <OutPorts = 1>
ST_2 : Operation 553 [1/1] (0.00ns)   --->   "%mult_V_2567 = partselect i16 @_ssdm_op_PartSelect.i16.i21.i32.i32, i21 %r_V_2941, i32 5, i32 20"   --->   Operation 553 'partselect' 'mult_V_2567' <Predicate = true> <Delay = 0.00>
ST_2 : Operation 554 [1/1] (0.00ns) (grouped into TernaryAdder)   --->   "%sub_ln1273_1847 = sub i21 0, i21 %sext_ln1273_1491"   --->   Operation 554 'sub' 'sub_ln1273_1847' <Predicate = true> <Delay = 0.00> <CoreInst = "TAddSub">   --->   Core 10 'TAddSub' <Latency = 0> <II = 1> <Delay = 0.33> <IPBlock> <Opcode : 'add' 'sub'> <InPorts = 3> <OutPorts = 1> <Sync> <CReg>
ST_2 : Operation 555 [1/1] (0.00ns)   --->   "%shl_ln1273_870 = bitconcatenate i17 @_ssdm_op_BitConcatenate.i17.i16.i1, i16 %a_V_250, i1 0"   --->   Operation 555 'bitconcatenate' 'shl_ln1273_870' <Predicate = true> <Delay = 0.00>
ST_2 : Operation 556 [1/1] (0.00ns)   --->   "%sext_ln1273_1493 = sext i17 %shl_ln1273_870"   --->   Operation 556 'sext' 'sext_ln1273_1493' <Predicate = true> <Delay = 0.00>
ST_2 : Operation 557 [1/1] (0.69ns) (root node of TernaryAdder)   --->   "%r_V_2942 = sub i21 %sub_ln1273_1847, i21 %sext_ln1273_1493"   --->   Operation 557 'sub' 'r_V_2942' <Predicate = true> <Delay = 0.69> <CoreInst = "TAddSub">   --->   Core 10 'TAddSub' <Latency = 0> <II = 1> <Delay = 0.33> <IPBlock> <Opcode : 'add' 'sub'> <InPorts = 3> <OutPorts = 1> <Sync> <CReg>
ST_2 : Operation 558 [1/1] (0.00ns)   --->   "%mult_V_2568 = partselect i16 @_ssdm_op_PartSelect.i16.i21.i32.i32, i21 %r_V_2942, i32 5, i32 20"   --->   Operation 558 'partselect' 'mult_V_2568' <Predicate = true> <Delay = 0.00>
ST_2 : Operation 559 [1/1] (1.94ns)   --->   "%mul_ln1270_72 = mul i21 %sext_ln1270_110, i21 19"   --->   Operation 559 'mul' 'mul_ln1270_72' <Predicate = true> <Delay = 1.94> <CoreInst = "Multiplier">   --->   Core 3 'Multiplier' <Latency = 0> <II = 1> <Delay = 1.94> <FuncUnit> <Opcode : 'mul'> <InPorts = 2> <OutPorts = 1>
ST_2 : Operation 560 [1/1] (0.00ns)   --->   "%mult_V_2569 = partselect i16 @_ssdm_op_PartSelect.i16.i21.i32.i32, i21 %mul_ln1270_72, i32 5, i32 20"   --->   Operation 560 'partselect' 'mult_V_2569' <Predicate = true> <Delay = 0.00>
ST_2 : Operation 561 [1/1] (0.00ns)   --->   "%a_V_251 = load i16 %void_compute_output_buffer_2d_array_const_ap_shift_reg_n_chan_stream_weig_5"   --->   Operation 561 'load' 'a_V_251' <Predicate = true> <Delay = 0.00>
ST_2 : Operation 562 [1/1] (0.00ns)   --->   "%sext_ln818 = sext i16 %a_V_251"   --->   Operation 562 'sext' 'sext_ln818' <Predicate = true> <Delay = 0.00>
ST_2 : Operation 563 [1/1] (0.00ns)   --->   "%mult_V_2570 = partselect i14 @_ssdm_op_PartSelect.i14.i16.i32.i32, i16 %a_V_251, i32 2, i32 15"   --->   Operation 563 'partselect' 'mult_V_2570' <Predicate = true> <Delay = 0.00>
ST_2 : Operation 564 [1/1] (0.00ns)   --->   "%sext_ln17_1678 = sext i14 %mult_V_2570" [/home/ayvol/vitis-accel-CNN/vitis_accel_prj/firmware/nnet_utils/nnet_dense_latency.h:17]   --->   Operation 564 'sext' 'sext_ln17_1678' <Predicate = true> <Delay = 0.00>
ST_2 : Operation 565 [1/1] (0.00ns)   --->   "%shl_ln1273_871 = bitconcatenate i21 @_ssdm_op_BitConcatenate.i21.i16.i5, i16 %a_V_251, i5 0"   --->   Operation 565 'bitconcatenate' 'shl_ln1273_871' <Predicate = true> <Delay = 0.00>
ST_2 : Operation 566 [1/1] (0.81ns)   --->   "%r_V_2943 = sub i21 %shl_ln1273_871, i21 %sext_ln818"   --->   Operation 566 'sub' 'r_V_2943' <Predicate = true> <Delay = 0.81> <CoreInst = "Adder">   --->   Core 1 'Adder' <Latency = 0> <II = 1> <Delay = 0.81> <FuncUnit> <Opcode : 'add' 'sub'> <InPorts = 2> <OutPorts = 1>
ST_2 : Operation 567 [1/1] (0.00ns)   --->   "%mult_V_2571 = partselect i16 @_ssdm_op_PartSelect.i16.i21.i32.i32, i21 %r_V_2943, i32 5, i32 20"   --->   Operation 567 'partselect' 'mult_V_2571' <Predicate = true> <Delay = 0.00>
ST_2 : Operation 568 [1/1] (0.81ns)   --->   "%r_V_2944 = sub i21 %sext_ln818, i21 %shl_ln1273_871"   --->   Operation 568 'sub' 'r_V_2944' <Predicate = true> <Delay = 0.81> <CoreInst = "Adder">   --->   Core 1 'Adder' <Latency = 0> <II = 1> <Delay = 0.81> <FuncUnit> <Opcode : 'add' 'sub'> <InPorts = 2> <OutPorts = 1>
ST_2 : Operation 569 [1/1] (0.00ns)   --->   "%mult_V_2572 = partselect i16 @_ssdm_op_PartSelect.i16.i21.i32.i32, i21 %r_V_2944, i32 5, i32 20"   --->   Operation 569 'partselect' 'mult_V_2572' <Predicate = true> <Delay = 0.00>
ST_2 : Operation 570 [1/1] (0.00ns)   --->   "%shl_ln1273_872 = bitconcatenate i17 @_ssdm_op_BitConcatenate.i17.i16.i1, i16 %a_V_251, i1 0"   --->   Operation 570 'bitconcatenate' 'shl_ln1273_872' <Predicate = true> <Delay = 0.00>
ST_2 : Operation 571 [1/1] (0.00ns)   --->   "%sext_ln1273_1494 = sext i17 %shl_ln1273_872"   --->   Operation 571 'sext' 'sext_ln1273_1494' <Predicate = true> <Delay = 0.00>
ST_2 : Operation 572 [1/1] (0.81ns)   --->   "%r_V_2945 = sub i21 %shl_ln1273_871, i21 %sext_ln1273_1494"   --->   Operation 572 'sub' 'r_V_2945' <Predicate = true> <Delay = 0.81> <CoreInst = "Adder">   --->   Core 1 'Adder' <Latency = 0> <II = 1> <Delay = 0.81> <FuncUnit> <Opcode : 'add' 'sub'> <InPorts = 2> <OutPorts = 1>
ST_2 : Operation 573 [1/1] (0.00ns)   --->   "%mult_V_2573 = partselect i16 @_ssdm_op_PartSelect.i16.i21.i32.i32, i21 %r_V_2945, i32 5, i32 20"   --->   Operation 573 'partselect' 'mult_V_2573' <Predicate = true> <Delay = 0.00>
ST_2 : Operation 574 [1/1] (0.81ns)   --->   "%r_V_2946 = sub i21 0, i21 %shl_ln1273_871"   --->   Operation 574 'sub' 'r_V_2946' <Predicate = true> <Delay = 0.81> <CoreInst = "Adder">   --->   Core 1 'Adder' <Latency = 0> <II = 1> <Delay = 0.81> <FuncUnit> <Opcode : 'add' 'sub'> <InPorts = 2> <OutPorts = 1>
ST_2 : Operation 575 [1/1] (0.00ns)   --->   "%mult_V_2574 = partselect i16 @_ssdm_op_PartSelect.i16.i21.i32.i32, i21 %r_V_2946, i32 5, i32 20"   --->   Operation 575 'partselect' 'mult_V_2574' <Predicate = true> <Delay = 0.00>
ST_2 : Operation 576 [1/1] (0.00ns)   --->   "%shl_ln1273_873 = bitconcatenate i20 @_ssdm_op_BitConcatenate.i20.i16.i4, i16 %a_V_251, i4 0"   --->   Operation 576 'bitconcatenate' 'shl_ln1273_873' <Predicate = true> <Delay = 0.00>
ST_2 : Operation 577 [1/1] (0.00ns)   --->   "%sext_ln1273_1495 = sext i20 %shl_ln1273_873"   --->   Operation 577 'sext' 'sext_ln1273_1495' <Predicate = true> <Delay = 0.00>
ST_2 : Operation 578 [1/1] (0.80ns)   --->   "%r_V_2947 = sub i21 %sext_ln1273_1494, i21 %sext_ln1273_1495"   --->   Operation 578 'sub' 'r_V_2947' <Predicate = true> <Delay = 0.80> <CoreInst = "Adder">   --->   Core 1 'Adder' <Latency = 0> <II = 1> <Delay = 0.80> <FuncUnit> <Opcode : 'add' 'sub'> <InPorts = 2> <OutPorts = 1>
ST_2 : Operation 579 [1/1] (0.00ns)   --->   "%mult_V_2575 = partselect i16 @_ssdm_op_PartSelect.i16.i21.i32.i32, i21 %r_V_2947, i32 5, i32 20"   --->   Operation 579 'partselect' 'mult_V_2575' <Predicate = true> <Delay = 0.00>
ST_2 : Operation 580 [1/1] (0.00ns)   --->   "%sext_ln818_624 = sext i16 %a_V_252"   --->   Operation 580 'sext' 'sext_ln818_624' <Predicate = true> <Delay = 0.00>
ST_2 : Operation 581 [1/1] (0.00ns)   --->   "%shl_ln1273_874 = bitconcatenate i21 @_ssdm_op_BitConcatenate.i21.i16.i5, i16 %a_V_252, i5 0"   --->   Operation 581 'bitconcatenate' 'shl_ln1273_874' <Predicate = true> <Delay = 0.00>
ST_2 : Operation 582 [1/1] (0.81ns)   --->   "%r_V_2948 = sub i21 0, i21 %shl_ln1273_874"   --->   Operation 582 'sub' 'r_V_2948' <Predicate = true> <Delay = 0.81> <CoreInst = "Adder">   --->   Core 1 'Adder' <Latency = 0> <II = 1> <Delay = 0.81> <FuncUnit> <Opcode : 'add' 'sub'> <InPorts = 2> <OutPorts = 1>
ST_2 : Operation 583 [1/1] (0.00ns)   --->   "%mult_V_2577 = partselect i16 @_ssdm_op_PartSelect.i16.i21.i32.i32, i21 %r_V_2948, i32 5, i32 20"   --->   Operation 583 'partselect' 'mult_V_2577' <Predicate = true> <Delay = 0.00>
ST_2 : Operation 584 [1/1] (0.00ns)   --->   "%shl_ln1273_875 = bitconcatenate i17 @_ssdm_op_BitConcatenate.i17.i16.i1, i16 %a_V_252, i1 0"   --->   Operation 584 'bitconcatenate' 'shl_ln1273_875' <Predicate = true> <Delay = 0.00>
ST_2 : Operation 585 [1/1] (0.00ns)   --->   "%sext_ln1273_1496 = sext i17 %shl_ln1273_875"   --->   Operation 585 'sext' 'sext_ln1273_1496' <Predicate = true> <Delay = 0.00>
ST_2 : Operation 586 [1/1] (0.81ns)   --->   "%r_V_2949 = sub i21 %shl_ln1273_874, i21 %sext_ln1273_1496"   --->   Operation 586 'sub' 'r_V_2949' <Predicate = true> <Delay = 0.81> <CoreInst = "Adder">   --->   Core 1 'Adder' <Latency = 0> <II = 1> <Delay = 0.81> <FuncUnit> <Opcode : 'add' 'sub'> <InPorts = 2> <OutPorts = 1>
ST_2 : Operation 587 [1/1] (0.00ns)   --->   "%mult_V_2578 = partselect i16 @_ssdm_op_PartSelect.i16.i21.i32.i32, i21 %r_V_2949, i32 5, i32 20"   --->   Operation 587 'partselect' 'mult_V_2578' <Predicate = true> <Delay = 0.00>
ST_2 : Operation 588 [1/1] (0.81ns)   --->   "%r_V_2950 = sub i21 %shl_ln1273_874, i21 %sext_ln818_624"   --->   Operation 588 'sub' 'r_V_2950' <Predicate = true> <Delay = 0.81> <CoreInst = "Adder">   --->   Core 1 'Adder' <Latency = 0> <II = 1> <Delay = 0.81> <FuncUnit> <Opcode : 'add' 'sub'> <InPorts = 2> <OutPorts = 1>
ST_2 : Operation 589 [1/1] (0.00ns)   --->   "%mult_V_2579 = partselect i16 @_ssdm_op_PartSelect.i16.i21.i32.i32, i21 %r_V_2950, i32 5, i32 20"   --->   Operation 589 'partselect' 'mult_V_2579' <Predicate = true> <Delay = 0.00>
ST_2 : Operation 590 [1/1] (0.00ns)   --->   "%shl_ln1273_876 = bitconcatenate i20 @_ssdm_op_BitConcatenate.i20.i16.i4, i16 %a_V_252, i4 0"   --->   Operation 590 'bitconcatenate' 'shl_ln1273_876' <Predicate = true> <Delay = 0.00>
ST_2 : Operation 591 [1/1] (0.00ns)   --->   "%sext_ln1273_1497 = sext i20 %shl_ln1273_876"   --->   Operation 591 'sext' 'sext_ln1273_1497' <Predicate = true> <Delay = 0.00>
ST_2 : Operation 592 [1/1] (0.00ns)   --->   "%shl_ln1273_877 = bitconcatenate i18 @_ssdm_op_BitConcatenate.i18.i16.i2, i16 %a_V_252, i2 0"   --->   Operation 592 'bitconcatenate' 'shl_ln1273_877' <Predicate = true> <Delay = 0.00>
ST_2 : Operation 593 [1/1] (0.00ns)   --->   "%sext_ln1273_1498 = sext i18 %shl_ln1273_877"   --->   Operation 593 'sext' 'sext_ln1273_1498' <Predicate = true> <Delay = 0.00>
ST_2 : Operation 594 [1/1] (0.80ns)   --->   "%r_V_2951 = add i21 %sext_ln1273_1497, i21 %sext_ln1273_1498"   --->   Operation 594 'add' 'r_V_2951' <Predicate = true> <Delay = 0.80> <CoreInst = "Adder">   --->   Core 1 'Adder' <Latency = 0> <II = 1> <Delay = 0.80> <FuncUnit> <Opcode : 'add' 'sub'> <InPorts = 2> <OutPorts = 1>
ST_2 : Operation 595 [1/1] (0.00ns)   --->   "%mult_V_2580 = partselect i16 @_ssdm_op_PartSelect.i16.i21.i32.i32, i21 %r_V_2951, i32 5, i32 20"   --->   Operation 595 'partselect' 'mult_V_2580' <Predicate = true> <Delay = 0.00>
ST_2 : Operation 596 [1/1] (0.00ns)   --->   "%a_V_253 = load i16 %void_compute_output_buffer_2d_array_const_ap_shift_reg_n_chan_stream_weig_3"   --->   Operation 596 'load' 'a_V_253' <Predicate = true> <Delay = 0.00>
ST_2 : Operation 597 [1/1] (0.00ns)   --->   "%sext_ln1270_111 = sext i16 %a_V_253"   --->   Operation 597 'sext' 'sext_ln1270_111' <Predicate = true> <Delay = 0.00>
ST_2 : Operation 598 [1/1] (1.94ns)   --->   "%r_V_2953 = mul i21 %sext_ln1270_111, i21 13"   --->   Operation 598 'mul' 'r_V_2953' <Predicate = true> <Delay = 1.94> <CoreInst = "Multiplier">   --->   Core 3 'Multiplier' <Latency = 0> <II = 1> <Delay = 1.94> <FuncUnit> <Opcode : 'mul'> <InPorts = 2> <OutPorts = 1>
ST_2 : Operation 599 [1/1] (0.00ns)   --->   "%mult_V_2582 = partselect i16 @_ssdm_op_PartSelect.i16.i21.i32.i32, i21 %r_V_2953, i32 5, i32 20"   --->   Operation 599 'partselect' 'mult_V_2582' <Predicate = true> <Delay = 0.00>
ST_2 : Operation 600 [1/1] (0.00ns)   --->   "%shl_ln1273_878 = bitconcatenate i17 @_ssdm_op_BitConcatenate.i17.i16.i1, i16 %a_V_253, i1 0"   --->   Operation 600 'bitconcatenate' 'shl_ln1273_878' <Predicate = true> <Delay = 0.00>
ST_2 : Operation 601 [1/1] (0.00ns)   --->   "%sext_ln1273_1499 = sext i17 %shl_ln1273_878"   --->   Operation 601 'sext' 'sext_ln1273_1499' <Predicate = true> <Delay = 0.00>
ST_2 : Operation 602 [1/1] (0.79ns)   --->   "%r_V_2954 = sub i18 0, i18 %sext_ln1273_1499"   --->   Operation 602 'sub' 'r_V_2954' <Predicate = true> <Delay = 0.79> <CoreInst = "Adder">   --->   Core 1 'Adder' <Latency = 0> <II = 1> <Delay = 0.79> <FuncUnit> <Opcode : 'add' 'sub'> <InPorts = 2> <OutPorts = 1>
ST_2 : Operation 603 [1/1] (0.00ns)   --->   "%mult_V_2583 = partselect i13 @_ssdm_op_PartSelect.i13.i18.i32.i32, i18 %r_V_2954, i32 5, i32 17"   --->   Operation 603 'partselect' 'mult_V_2583' <Predicate = true> <Delay = 0.00>
ST_2 : Operation 604 [1/1] (0.00ns)   --->   "%sext_ln17_1681 = sext i13 %mult_V_2583" [/home/ayvol/vitis-accel-CNN/vitis_accel_prj/firmware/nnet_utils/nnet_dense_latency.h:17]   --->   Operation 604 'sext' 'sext_ln17_1681' <Predicate = true> <Delay = 0.00>
ST_2 : Operation 605 [1/1] (1.94ns)   --->   "%mul_ln1270_73 = mul i21 %sext_ln1270_111, i21 2097126"   --->   Operation 605 'mul' 'mul_ln1270_73' <Predicate = true> <Delay = 1.94> <CoreInst = "Multiplier">   --->   Core 3 'Multiplier' <Latency = 0> <II = 1> <Delay = 1.94> <FuncUnit> <Opcode : 'mul'> <InPorts = 2> <OutPorts = 1>
ST_2 : Operation 606 [1/1] (0.00ns)   --->   "%mult_V_2584 = partselect i16 @_ssdm_op_PartSelect.i16.i21.i32.i32, i21 %mul_ln1270_73, i32 5, i32 20"   --->   Operation 606 'partselect' 'mult_V_2584' <Predicate = true> <Delay = 0.00>
ST_2 : Operation 607 [1/1] (0.00ns)   --->   "%shl_ln1273_879 = bitconcatenate i21 @_ssdm_op_BitConcatenate.i21.i16.i5, i16 %a_V_253, i5 0"   --->   Operation 607 'bitconcatenate' 'shl_ln1273_879' <Predicate = true> <Delay = 0.00>
ST_2 : Operation 608 [1/1] (0.81ns)   --->   "%r_V_2955 = sub i21 %shl_ln1273_879, i21 %sext_ln1270_111"   --->   Operation 608 'sub' 'r_V_2955' <Predicate = true> <Delay = 0.81> <CoreInst = "Adder">   --->   Core 1 'Adder' <Latency = 0> <II = 1> <Delay = 0.81> <FuncUnit> <Opcode : 'add' 'sub'> <InPorts = 2> <OutPorts = 1>
ST_2 : Operation 609 [1/1] (0.00ns)   --->   "%mult_V_2585 = partselect i16 @_ssdm_op_PartSelect.i16.i21.i32.i32, i21 %r_V_2955, i32 5, i32 20"   --->   Operation 609 'partselect' 'mult_V_2585' <Predicate = true> <Delay = 0.00>
ST_2 : Operation 610 [1/1] (0.81ns)   --->   "%r_V_2956 = sub i21 0, i21 %shl_ln1273_879"   --->   Operation 610 'sub' 'r_V_2956' <Predicate = true> <Delay = 0.81> <CoreInst = "Adder">   --->   Core 1 'Adder' <Latency = 0> <II = 1> <Delay = 0.81> <FuncUnit> <Opcode : 'add' 'sub'> <InPorts = 2> <OutPorts = 1>
ST_2 : Operation 611 [1/1] (0.00ns)   --->   "%mult_V_2586 = partselect i16 @_ssdm_op_PartSelect.i16.i21.i32.i32, i21 %r_V_2956, i32 5, i32 20"   --->   Operation 611 'partselect' 'mult_V_2586' <Predicate = true> <Delay = 0.00>
ST_2 : Operation 612 [1/1] (0.00ns)   --->   "%shl_ln1273_880 = bitconcatenate i20 @_ssdm_op_BitConcatenate.i20.i16.i4, i16 %a_V_253, i4 0"   --->   Operation 612 'bitconcatenate' 'shl_ln1273_880' <Predicate = true> <Delay = 0.00>
ST_2 : Operation 613 [1/1] (0.00ns)   --->   "%sext_ln1273_1500 = sext i20 %shl_ln1273_880"   --->   Operation 613 'sext' 'sext_ln1273_1500' <Predicate = true> <Delay = 0.00>
ST_2 : Operation 614 [1/1] (0.00ns)   --->   "%shl_ln1273_881 = bitconcatenate i18 @_ssdm_op_BitConcatenate.i18.i16.i2, i16 %a_V_253, i2 0"   --->   Operation 614 'bitconcatenate' 'shl_ln1273_881' <Predicate = true> <Delay = 0.00>
ST_2 : Operation 615 [1/1] (0.00ns)   --->   "%sext_ln1273_1501 = sext i18 %shl_ln1273_881"   --->   Operation 615 'sext' 'sext_ln1273_1501' <Predicate = true> <Delay = 0.00>
ST_2 : Operation 616 [1/1] (0.80ns)   --->   "%r_V_2957 = sub i21 %sext_ln1273_1501, i21 %sext_ln1273_1500"   --->   Operation 616 'sub' 'r_V_2957' <Predicate = true> <Delay = 0.80> <CoreInst = "Adder">   --->   Core 1 'Adder' <Latency = 0> <II = 1> <Delay = 0.80> <FuncUnit> <Opcode : 'add' 'sub'> <InPorts = 2> <OutPorts = 1>
ST_2 : Operation 617 [1/1] (0.00ns)   --->   "%mult_V_2587 = partselect i16 @_ssdm_op_PartSelect.i16.i21.i32.i32, i21 %r_V_2957, i32 5, i32 20"   --->   Operation 617 'partselect' 'mult_V_2587' <Predicate = true> <Delay = 0.00>
ST_2 : Operation 618 [1/1] (0.00ns)   --->   "%a_V_254 = load i16 %void_compute_output_buffer_2d_array_const_ap_shift_reg_n_chan_stream_weig_2"   --->   Operation 618 'load' 'a_V_254' <Predicate = true> <Delay = 0.00>
ST_2 : Operation 619 [1/1] (0.00ns)   --->   "%shl_ln1273_882 = bitconcatenate i21 @_ssdm_op_BitConcatenate.i21.i16.i5, i16 %a_V_254, i5 0"   --->   Operation 619 'bitconcatenate' 'shl_ln1273_882' <Predicate = true> <Delay = 0.00>
ST_2 : Operation 620 [1/1] (0.00ns)   --->   "%shl_ln1273_883 = bitconcatenate i19 @_ssdm_op_BitConcatenate.i19.i16.i3, i16 %a_V_254, i3 0"   --->   Operation 620 'bitconcatenate' 'shl_ln1273_883' <Predicate = true> <Delay = 0.00>
ST_2 : Operation 621 [1/1] (0.00ns)   --->   "%sext_ln1273_1502 = sext i19 %shl_ln1273_883"   --->   Operation 621 'sext' 'sext_ln1273_1502' <Predicate = true> <Delay = 0.00>
ST_2 : Operation 622 [1/1] (0.81ns)   --->   "%r_V_2958 = sub i21 %sext_ln1273_1502, i21 %shl_ln1273_882"   --->   Operation 622 'sub' 'r_V_2958' <Predicate = true> <Delay = 0.81> <CoreInst = "Adder">   --->   Core 1 'Adder' <Latency = 0> <II = 1> <Delay = 0.81> <FuncUnit> <Opcode : 'add' 'sub'> <InPorts = 2> <OutPorts = 1>
ST_2 : Operation 623 [1/1] (0.00ns)   --->   "%mult_V_2588 = partselect i16 @_ssdm_op_PartSelect.i16.i21.i32.i32, i21 %r_V_2958, i32 5, i32 20"   --->   Operation 623 'partselect' 'mult_V_2588' <Predicate = true> <Delay = 0.00>
ST_2 : Operation 624 [1/1] (0.81ns)   --->   "%r_V_2959 = sub i21 0, i21 %shl_ln1273_882"   --->   Operation 624 'sub' 'r_V_2959' <Predicate = true> <Delay = 0.81> <CoreInst = "Adder">   --->   Core 1 'Adder' <Latency = 0> <II = 1> <Delay = 0.81> <FuncUnit> <Opcode : 'add' 'sub'> <InPorts = 2> <OutPorts = 1>
ST_2 : Operation 625 [1/1] (0.00ns)   --->   "%mult_V_2589 = partselect i16 @_ssdm_op_PartSelect.i16.i21.i32.i32, i21 %r_V_2959, i32 5, i32 20"   --->   Operation 625 'partselect' 'mult_V_2589' <Predicate = true> <Delay = 0.00>
ST_2 : Operation 626 [1/1] (0.00ns)   --->   "%sext_ln1273_1505 = sext i16 %a_V_255"   --->   Operation 626 'sext' 'sext_ln1273_1505' <Predicate = true> <Delay = 0.00>
ST_2 : Operation 627 [1/1] (0.00ns)   --->   "%shl_ln1273_884 = bitconcatenate i21 @_ssdm_op_BitConcatenate.i21.i16.i5, i16 %a_V_255, i5 0"   --->   Operation 627 'bitconcatenate' 'shl_ln1273_884' <Predicate = true> <Delay = 0.00>
ST_2 : Operation 628 [1/1] (0.81ns)   --->   "%r_V_2960 = sub i21 0, i21 %shl_ln1273_884"   --->   Operation 628 'sub' 'r_V_2960' <Predicate = true> <Delay = 0.81> <CoreInst = "Adder">   --->   Core 1 'Adder' <Latency = 0> <II = 1> <Delay = 0.81> <FuncUnit> <Opcode : 'add' 'sub'> <InPorts = 2> <OutPorts = 1>
ST_2 : Operation 629 [1/1] (0.00ns)   --->   "%mult_V_2590 = partselect i16 @_ssdm_op_PartSelect.i16.i21.i32.i32, i21 %r_V_2960, i32 5, i32 20"   --->   Operation 629 'partselect' 'mult_V_2590' <Predicate = true> <Delay = 0.00>
ST_2 : Operation 630 [1/1] (0.00ns)   --->   "%shl_ln1273_885 = bitconcatenate i20 @_ssdm_op_BitConcatenate.i20.i16.i4, i16 %a_V_255, i4 0"   --->   Operation 630 'bitconcatenate' 'shl_ln1273_885' <Predicate = true> <Delay = 0.00>
ST_2 : Operation 631 [1/1] (0.00ns)   --->   "%sext_ln1273_1506 = sext i20 %shl_ln1273_885"   --->   Operation 631 'sext' 'sext_ln1273_1506' <Predicate = true> <Delay = 0.00>
ST_2 : Operation 632 [1/1] (0.80ns)   --->   "%r_V_2961 = sub i21 %sext_ln1273_1505, i21 %sext_ln1273_1506"   --->   Operation 632 'sub' 'r_V_2961' <Predicate = true> <Delay = 0.80> <CoreInst = "Adder">   --->   Core 1 'Adder' <Latency = 0> <II = 1> <Delay = 0.80> <FuncUnit> <Opcode : 'add' 'sub'> <InPorts = 2> <OutPorts = 1>
ST_2 : Operation 633 [1/1] (0.00ns)   --->   "%mult_V_2591 = partselect i16 @_ssdm_op_PartSelect.i16.i21.i32.i32, i21 %r_V_2961, i32 5, i32 20"   --->   Operation 633 'partselect' 'mult_V_2591' <Predicate = true> <Delay = 0.00>
ST_2 : Operation 634 [1/1] (0.81ns)   --->   "%r_V_2963 = sub i21 %shl_ln1273_884, i21 %sext_ln1273_1505"   --->   Operation 634 'sub' 'r_V_2963' <Predicate = true> <Delay = 0.81> <CoreInst = "Adder">   --->   Core 1 'Adder' <Latency = 0> <II = 1> <Delay = 0.81> <FuncUnit> <Opcode : 'add' 'sub'> <InPorts = 2> <OutPorts = 1>
ST_2 : Operation 635 [1/1] (0.00ns)   --->   "%mult_V_2593 = partselect i16 @_ssdm_op_PartSelect.i16.i21.i32.i32, i21 %r_V_2963, i32 5, i32 20"   --->   Operation 635 'partselect' 'mult_V_2593' <Predicate = true> <Delay = 0.00>
ST_2 : Operation 636 [1/1] (0.80ns)   --->   "%r_V_2964 = sub i21 0, i21 %sext_ln1273_1506"   --->   Operation 636 'sub' 'r_V_2964' <Predicate = true> <Delay = 0.80> <CoreInst = "Adder">   --->   Core 1 'Adder' <Latency = 0> <II = 1> <Delay = 0.80> <FuncUnit> <Opcode : 'add' 'sub'> <InPorts = 2> <OutPorts = 1>
ST_2 : Operation 637 [1/1] (0.00ns)   --->   "%mult_V_2594 = partselect i16 @_ssdm_op_PartSelect.i16.i21.i32.i32, i21 %r_V_2964, i32 5, i32 20"   --->   Operation 637 'partselect' 'mult_V_2594' <Predicate = true> <Delay = 0.00>
ST_2 : Operation 638 [1/1] (1.94ns)   --->   "%mul_ln1270_74 = mul i21 %sext_ln1273_1511, i21 26"   --->   Operation 638 'mul' 'mul_ln1270_74' <Predicate = true> <Delay = 1.94> <CoreInst = "Multiplier">   --->   Core 3 'Multiplier' <Latency = 0> <II = 1> <Delay = 1.94> <FuncUnit> <Opcode : 'mul'> <InPorts = 2> <OutPorts = 1>
ST_2 : Operation 639 [1/1] (0.00ns)   --->   "%mult_V_2597 = partselect i16 @_ssdm_op_PartSelect.i16.i21.i32.i32, i21 %mul_ln1270_74, i32 5, i32 20"   --->   Operation 639 'partselect' 'mult_V_2597' <Predicate = true> <Delay = 0.00>
ST_2 : Operation 640 [1/1] (0.00ns)   --->   "%shl_ln1273_890 = bitconcatenate i21 @_ssdm_op_BitConcatenate.i21.i16.i5, i16 %a_V_256, i5 0"   --->   Operation 640 'bitconcatenate' 'shl_ln1273_890' <Predicate = true> <Delay = 0.00>
ST_2 : Operation 641 [1/1] (0.81ns)   --->   "%r_V_2968 = sub i21 0, i21 %shl_ln1273_890"   --->   Operation 641 'sub' 'r_V_2968' <Predicate = true> <Delay = 0.81> <CoreInst = "Adder">   --->   Core 1 'Adder' <Latency = 0> <II = 1> <Delay = 0.81> <FuncUnit> <Opcode : 'add' 'sub'> <InPorts = 2> <OutPorts = 1>
ST_2 : Operation 642 [1/1] (0.00ns)   --->   "%mult_V_2599 = partselect i16 @_ssdm_op_PartSelect.i16.i21.i32.i32, i21 %r_V_2968, i32 5, i32 20"   --->   Operation 642 'partselect' 'mult_V_2599' <Predicate = true> <Delay = 0.00>
ST_2 : Operation 643 [1/1] (1.94ns)   --->   "%mul_ln1270_76 = mul i21 %sext_ln1273_1511, i21 2097125"   --->   Operation 643 'mul' 'mul_ln1270_76' <Predicate = true> <Delay = 1.94> <CoreInst = "Multiplier">   --->   Core 3 'Multiplier' <Latency = 0> <II = 1> <Delay = 1.94> <FuncUnit> <Opcode : 'mul'> <InPorts = 2> <OutPorts = 1>
ST_2 : Operation 644 [1/1] (0.00ns)   --->   "%mult_V_2602 = partselect i16 @_ssdm_op_PartSelect.i16.i21.i32.i32, i21 %mul_ln1270_76, i32 5, i32 20"   --->   Operation 644 'partselect' 'mult_V_2602' <Predicate = true> <Delay = 0.00>
ST_2 : Operation 645 [1/1] (0.81ns)   --->   "%r_V_2971 = sub i21 %shl_ln1273_890, i21 %sext_ln1273_1511"   --->   Operation 645 'sub' 'r_V_2971' <Predicate = true> <Delay = 0.81> <CoreInst = "Adder">   --->   Core 1 'Adder' <Latency = 0> <II = 1> <Delay = 0.81> <FuncUnit> <Opcode : 'add' 'sub'> <InPorts = 2> <OutPorts = 1>
ST_2 : Operation 646 [1/1] (0.00ns)   --->   "%mult_V_2604 = partselect i16 @_ssdm_op_PartSelect.i16.i21.i32.i32, i21 %r_V_2971, i32 5, i32 20"   --->   Operation 646 'partselect' 'mult_V_2604' <Predicate = true> <Delay = 0.00>
ST_2 : Operation 647 [1/1] (1.94ns)   --->   "%mul_ln1270_77 = mul i21 %sext_ln1273_1511, i21 19"   --->   Operation 647 'mul' 'mul_ln1270_77' <Predicate = true> <Delay = 1.94> <CoreInst = "Multiplier">   --->   Core 3 'Multiplier' <Latency = 0> <II = 1> <Delay = 1.94> <FuncUnit> <Opcode : 'mul'> <InPorts = 2> <OutPorts = 1>
ST_2 : Operation 648 [1/1] (0.00ns)   --->   "%mult_V_2605 = partselect i16 @_ssdm_op_PartSelect.i16.i21.i32.i32, i21 %mul_ln1270_77, i32 5, i32 20"   --->   Operation 648 'partselect' 'mult_V_2605' <Predicate = true> <Delay = 0.00>
ST_2 : Operation 649 [1/1] (0.00ns)   --->   "%shl_ln1273_913 = bitconcatenate i20 @_ssdm_op_BitConcatenate.i20.i16.i4, i16 %a_V_263, i4 0"   --->   Operation 649 'bitconcatenate' 'shl_ln1273_913' <Predicate = true> <Delay = 0.00>
ST_2 : Operation 650 [1/1] (0.00ns)   --->   "%sext_ln1273_1538 = sext i20 %shl_ln1273_913"   --->   Operation 650 'sext' 'sext_ln1273_1538' <Predicate = true> <Delay = 0.00>
ST_2 : Operation 651 [1/1] (0.00ns)   --->   "%shl_ln1273_914 = bitconcatenate i17 @_ssdm_op_BitConcatenate.i17.i16.i1, i16 %a_V_263, i1 0"   --->   Operation 651 'bitconcatenate' 'shl_ln1273_914' <Predicate = true> <Delay = 0.00>
ST_2 : Operation 652 [1/1] (0.00ns)   --->   "%sext_ln1273_1539 = sext i17 %shl_ln1273_914"   --->   Operation 652 'sext' 'sext_ln1273_1539' <Predicate = true> <Delay = 0.00>
ST_2 : Operation 653 [1/1] (0.80ns)   --->   "%r_V_3000 = sub i21 %sext_ln1273_1538, i21 %sext_ln1273_1539"   --->   Operation 653 'sub' 'r_V_3000' <Predicate = true> <Delay = 0.80> <CoreInst = "Adder">   --->   Core 1 'Adder' <Latency = 0> <II = 1> <Delay = 0.80> <FuncUnit> <Opcode : 'add' 'sub'> <InPorts = 2> <OutPorts = 1>
ST_2 : Operation 654 [1/1] (0.00ns)   --->   "%mult_V_2641 = partselect i16 @_ssdm_op_PartSelect.i16.i21.i32.i32, i21 %r_V_3000, i32 5, i32 20"   --->   Operation 654 'partselect' 'mult_V_2641' <Predicate = true> <Delay = 0.00>
ST_2 : Operation 655 [1/1] (0.00ns)   --->   "%sext_ln818_758 = sext i15 %mult_V_2660"   --->   Operation 655 'sext' 'sext_ln818_758' <Predicate = true> <Delay = 0.00>
ST_2 : Operation 656 [1/1] (0.78ns)   --->   "%add_ln813 = add i16 %mult_V_2555, i16 %mult_V_2584"   --->   Operation 656 'add' 'add_ln813' <Predicate = true> <Delay = 0.78> <CoreInst = "Adder">   --->   Core 1 'Adder' <Latency = 0> <II = 1> <Delay = 0.78> <FuncUnit> <Opcode : 'add' 'sub'> <InPorts = 2> <OutPorts = 1>
ST_2 : Operation 657 [1/1] (0.00ns) (grouped into TernaryAdder)   --->   "%add_ln813_4534 = add i16 %add_ln813_4533, i16 %add_ln813"   --->   Operation 657 'add' 'add_ln813_4534' <Predicate = true> <Delay = 0.00> <CoreInst = "TAddSub">   --->   Core 10 'TAddSub' <Latency = 0> <II = 1> <Delay = 0.33> <IPBlock> <Opcode : 'add' 'sub'> <InPorts = 3> <OutPorts = 1> <Sync> <CReg>
ST_2 : Operation 658 [1/1] (0.67ns) (root node of TernaryAdder)   --->   "%add_ln813_4538 = add i16 %add_ln813_4537, i16 %add_ln813_4534"   --->   Operation 658 'add' 'add_ln813_4538' <Predicate = true> <Delay = 0.67> <CoreInst = "TAddSub">   --->   Core 10 'TAddSub' <Latency = 0> <II = 1> <Delay = 0.33> <IPBlock> <Opcode : 'add' 'sub'> <InPorts = 3> <OutPorts = 1> <Sync> <CReg>
ST_2 : Operation 659 [1/1] (0.73ns)   --->   "%add_ln813_4539 = add i12 %sext_ln17_1677, i12 3712"   --->   Operation 659 'add' 'add_ln813_4539' <Predicate = true> <Delay = 0.73> <CoreInst = "Adder">   --->   Core 1 'Adder' <Latency = 0> <II = 1> <Delay = 0.73> <FuncUnit> <Opcode : 'add' 'sub'> <InPorts = 2> <OutPorts = 1>
ST_2 : Operation 660 [1/1] (0.00ns)   --->   "%sext_ln813 = sext i12 %add_ln813_4539"   --->   Operation 660 'sext' 'sext_ln813' <Predicate = true> <Delay = 0.00>
ST_2 : Operation 661 [1/1] (0.75ns)   --->   "%add_ln813_4540 = add i14 %sext_ln813, i14 %sext_ln17"   --->   Operation 661 'add' 'add_ln813_4540' <Predicate = true> <Delay = 0.75> <CoreInst = "Adder">   --->   Core 1 'Adder' <Latency = 0> <II = 1> <Delay = 0.75> <FuncUnit> <Opcode : 'add' 'sub'> <InPorts = 2> <OutPorts = 1>
ST_2 : Operation 662 [1/1] (0.00ns)   --->   "%sext_ln813_2017 = sext i14 %add_ln813_4540"   --->   Operation 662 'sext' 'sext_ln813_2017' <Predicate = true> <Delay = 0.00>
ST_2 : Operation 663 [1/1] (0.78ns)   --->   "%add_ln813_4541 = add i16 %mult_V_2641, i16 %mult_V_2565"   --->   Operation 663 'add' 'add_ln813_4541' <Predicate = true> <Delay = 0.78> <CoreInst = "Adder">   --->   Core 1 'Adder' <Latency = 0> <II = 1> <Delay = 0.78> <FuncUnit> <Opcode : 'add' 'sub'> <InPorts = 2> <OutPorts = 1>
ST_2 : Operation 664 [1/1] (0.00ns) (grouped into TernaryAdder)   --->   "%add_ln813_4544 = add i16 %add_ln813_4543, i16 %add_ln813_4541"   --->   Operation 664 'add' 'add_ln813_4544' <Predicate = true> <Delay = 0.00> <CoreInst = "TAddSub">   --->   Core 10 'TAddSub' <Latency = 0> <II = 1> <Delay = 0.33> <IPBlock> <Opcode : 'add' 'sub'> <InPorts = 3> <OutPorts = 1> <Sync> <CReg>
ST_2 : Operation 665 [1/1] (0.76ns)   --->   "%add_ln813_4545 = add i15 %sext_ln813_2017, i15 %sext_ln17_1678"   --->   Operation 665 'add' 'add_ln813_4545' <Predicate = true> <Delay = 0.76> <CoreInst = "Adder">   --->   Core 1 'Adder' <Latency = 0> <II = 1> <Delay = 0.76> <FuncUnit> <Opcode : 'add' 'sub'> <InPorts = 2> <OutPorts = 1>
ST_2 : Operation 666 [1/1] (0.00ns)   --->   "%sext_ln813_2018 = sext i15 %add_ln813_4545"   --->   Operation 666 'sext' 'sext_ln813_2018' <Predicate = true> <Delay = 0.00>
ST_2 : Operation 667 [1/1] (0.00ns) (grouped into TernaryAdder)   --->   "%add_ln813_4546 = add i16 %sext_ln813_2018, i16 %sext_ln818_758"   --->   Operation 667 'add' 'add_ln813_4546' <Predicate = true> <Delay = 0.00> <CoreInst = "TAddSub">   --->   Core 10 'TAddSub' <Latency = 0> <II = 1> <Delay = 0.33> <IPBlock> <Opcode : 'add' 'sub'> <InPorts = 3> <OutPorts = 1> <Sync> <CReg>
ST_2 : Operation 668 [1/1] (0.00ns)   --->   "%sext_ln813_2019 = sext i14 %add_ln813_4547"   --->   Operation 668 'sext' 'sext_ln813_2019' <Predicate = true> <Delay = 0.00>
ST_2 : Operation 669 [1/1] (0.76ns)   --->   "%add_ln813_4548 = add i15 %sext_ln813_2019, i15 %sext_ln17_1681"   --->   Operation 669 'add' 'add_ln813_4548' <Predicate = true> <Delay = 0.76> <CoreInst = "Adder">   --->   Core 1 'Adder' <Latency = 0> <II = 1> <Delay = 0.76> <FuncUnit> <Opcode : 'add' 'sub'> <InPorts = 2> <OutPorts = 1>
ST_2 : Operation 670 [1/1] (0.00ns)   --->   "%sext_ln813_2020 = sext i15 %add_ln813_4548"   --->   Operation 670 'sext' 'sext_ln813_2020' <Predicate = true> <Delay = 0.00>
ST_2 : Operation 671 [1/1] (0.67ns) (root node of TernaryAdder)   --->   "%add_ln813_4549 = add i16 %sext_ln813_2020, i16 %add_ln813_4546"   --->   Operation 671 'add' 'add_ln813_4549' <Predicate = true> <Delay = 0.67> <CoreInst = "TAddSub">   --->   Core 10 'TAddSub' <Latency = 0> <II = 1> <Delay = 0.33> <IPBlock> <Opcode : 'add' 'sub'> <InPorts = 3> <OutPorts = 1> <Sync> <CReg>
ST_2 : Operation 672 [1/1] (0.67ns) (root node of TernaryAdder)   --->   "%add_ln813_4550 = add i16 %add_ln813_4549, i16 %add_ln813_4544"   --->   Operation 672 'add' 'add_ln813_4550' <Predicate = true> <Delay = 0.67> <CoreInst = "TAddSub">   --->   Core 10 'TAddSub' <Latency = 0> <II = 1> <Delay = 0.33> <IPBlock> <Opcode : 'add' 'sub'> <InPorts = 3> <OutPorts = 1> <Sync> <CReg>
ST_2 : Operation 673 [1/1] (0.78ns)   --->   "%add_ln813_4551 = add i16 %mult_V_2582, i16 %mult_V_2591"   --->   Operation 673 'add' 'add_ln813_4551' <Predicate = true> <Delay = 0.78> <CoreInst = "Adder">   --->   Core 1 'Adder' <Latency = 0> <II = 1> <Delay = 0.78> <FuncUnit> <Opcode : 'add' 'sub'> <InPorts = 2> <OutPorts = 1>
ST_2 : Operation 674 [1/1] (0.00ns) (grouped into TernaryAdder)   --->   "%add_ln813_4553 = add i16 %add_ln813_4552, i16 %add_ln813_4551"   --->   Operation 674 'add' 'add_ln813_4553' <Predicate = true> <Delay = 0.00> <CoreInst = "TAddSub">   --->   Core 10 'TAddSub' <Latency = 0> <II = 1> <Delay = 0.33> <IPBlock> <Opcode : 'add' 'sub'> <InPorts = 3> <OutPorts = 1> <Sync> <CReg>
ST_2 : Operation 675 [1/1] (0.67ns) (root node of TernaryAdder)   --->   "%add_ln813_4557 = add i16 %add_ln813_4556, i16 %add_ln813_4553"   --->   Operation 675 'add' 'add_ln813_4557' <Predicate = true> <Delay = 0.67> <CoreInst = "TAddSub">   --->   Core 10 'TAddSub' <Latency = 0> <II = 1> <Delay = 0.33> <IPBlock> <Opcode : 'add' 'sub'> <InPorts = 3> <OutPorts = 1> <Sync> <CReg>
ST_2 : Operation 676 [1/1] (0.00ns) (grouped into TernaryAdder)   --->   "%add_ln813_4558 = add i16 %mult_V_2564, i16 %mult_V_2577"   --->   Operation 676 'add' 'add_ln813_4558' <Predicate = true> <Delay = 0.00> <CoreInst = "TAddSub">   --->   Core 10 'TAddSub' <Latency = 0> <II = 1> <Delay = 0.33> <IPBlock> <Opcode : 'add' 'sub'> <InPorts = 3> <OutPorts = 1> <Sync> <CReg>
ST_2 : Operation 677 [1/1] (0.67ns) (root node of TernaryAdder)   --->   "%add_ln813_4559 = add i16 %add_ln813_4558, i16 %mult_V_2558"   --->   Operation 677 'add' 'add_ln813_4559' <Predicate = true> <Delay = 0.67> <CoreInst = "TAddSub">   --->   Core 10 'TAddSub' <Latency = 0> <II = 1> <Delay = 0.33> <IPBlock> <Opcode : 'add' 'sub'> <InPorts = 3> <OutPorts = 1> <Sync> <CReg>
ST_2 : Operation 678 [1/1] (0.00ns) (grouped into TernaryAdder)   --->   "%add_ln813_4563 = add i16 %add_ln813_4562, i16 %add_ln813_4559"   --->   Operation 678 'add' 'add_ln813_4563' <Predicate = true> <Delay = 0.00> <CoreInst = "TAddSub">   --->   Core 10 'TAddSub' <Latency = 0> <II = 1> <Delay = 0.33> <IPBlock> <Opcode : 'add' 'sub'> <InPorts = 3> <OutPorts = 1> <Sync> <CReg>
ST_2 : Operation 679 [1/1] (0.67ns) (root node of TernaryAdder)   --->   "%add_ln813_4571 = add i16 %add_ln813_4570, i16 %add_ln813_4563"   --->   Operation 679 'add' 'add_ln813_4571' <Predicate = true> <Delay = 0.67> <CoreInst = "TAddSub">   --->   Core 10 'TAddSub' <Latency = 0> <II = 1> <Delay = 0.33> <IPBlock> <Opcode : 'add' 'sub'> <InPorts = 3> <OutPorts = 1> <Sync> <CReg>
ST_2 : Operation 680 [1/1] (0.00ns) (grouped into TernaryAdder)   --->   "%add_ln813_4572 = add i16 %mult_V_2557, i16 %mult_V_2566"   --->   Operation 680 'add' 'add_ln813_4572' <Predicate = true> <Delay = 0.00> <CoreInst = "TAddSub">   --->   Core 10 'TAddSub' <Latency = 0> <II = 1> <Delay = 0.33> <IPBlock> <Opcode : 'add' 'sub'> <InPorts = 3> <OutPorts = 1> <Sync> <CReg>
ST_2 : Operation 681 [1/1] (0.78ns)   --->   "%add_ln813_4573 = add i16 %mult_V_2571, i16 %mult_V_2585"   --->   Operation 681 'add' 'add_ln813_4573' <Predicate = true> <Delay = 0.78> <CoreInst = "Adder">   --->   Core 1 'Adder' <Latency = 0> <II = 1> <Delay = 0.78> <FuncUnit> <Opcode : 'add' 'sub'> <InPorts = 2> <OutPorts = 1>
ST_2 : Operation 682 [1/1] (0.67ns) (root node of TernaryAdder)   --->   "%add_ln813_4574 = add i16 %add_ln813_4573, i16 %add_ln813_4572"   --->   Operation 682 'add' 'add_ln813_4574' <Predicate = true> <Delay = 0.67> <CoreInst = "TAddSub">   --->   Core 10 'TAddSub' <Latency = 0> <II = 1> <Delay = 0.33> <IPBlock> <Opcode : 'add' 'sub'> <InPorts = 3> <OutPorts = 1> <Sync> <CReg>
ST_2 : Operation 683 [1/1] (0.00ns) (grouped into TernaryAdder)   --->   "%add_ln813_4575 = add i16 %mult_V_2593, i16 %mult_V_2599"   --->   Operation 683 'add' 'add_ln813_4575' <Predicate = true> <Delay = 0.00> <CoreInst = "TAddSub">   --->   Core 10 'TAddSub' <Latency = 0> <II = 1> <Delay = 0.33> <IPBlock> <Opcode : 'add' 'sub'> <InPorts = 3> <OutPorts = 1> <Sync> <CReg>
ST_2 : Operation 684 [1/1] (0.78ns)   --->   "%add_ln813_4576 = add i16 %mult_V_2621, i16 %mult_V_2630"   --->   Operation 684 'add' 'add_ln813_4576' <Predicate = true> <Delay = 0.78> <CoreInst = "Adder">   --->   Core 1 'Adder' <Latency = 0> <II = 1> <Delay = 0.78> <FuncUnit> <Opcode : 'add' 'sub'> <InPorts = 2> <OutPorts = 1>
ST_2 : Operation 685 [1/1] (0.67ns) (root node of TernaryAdder)   --->   "%add_ln813_4577 = add i16 %add_ln813_4576, i16 %add_ln813_4575"   --->   Operation 685 'add' 'add_ln813_4577' <Predicate = true> <Delay = 0.67> <CoreInst = "TAddSub">   --->   Core 10 'TAddSub' <Latency = 0> <II = 1> <Delay = 0.33> <IPBlock> <Opcode : 'add' 'sub'> <InPorts = 3> <OutPorts = 1> <Sync> <CReg>
ST_2 : Operation 686 [1/1] (0.00ns) (grouped into TernaryAdder)   --->   "%add_ln813_4578 = add i16 %add_ln813_4577, i16 %add_ln813_4574"   --->   Operation 686 'add' 'add_ln813_4578' <Predicate = true> <Delay = 0.00> <CoreInst = "TAddSub">   --->   Core 10 'TAddSub' <Latency = 0> <II = 1> <Delay = 0.33> <IPBlock> <Opcode : 'add' 'sub'> <InPorts = 3> <OutPorts = 1> <Sync> <CReg>
ST_2 : Operation 687 [1/1] (0.67ns) (root node of TernaryAdder)   --->   "%add_ln813_4586 = add i16 %add_ln813_4585, i16 %add_ln813_4578"   --->   Operation 687 'add' 'add_ln813_4586' <Predicate = true> <Delay = 0.67> <CoreInst = "TAddSub">   --->   Core 10 'TAddSub' <Latency = 0> <II = 1> <Delay = 0.33> <IPBlock> <Opcode : 'add' 'sub'> <InPorts = 3> <OutPorts = 1> <Sync> <CReg>
ST_2 : Operation 688 [1/1] (0.00ns) (grouped into TernaryAdder)   --->   "%add_ln813_4587 = add i16 %mult_V_2569, i16 %mult_V_2587"   --->   Operation 688 'add' 'add_ln813_4587' <Predicate = true> <Delay = 0.00> <CoreInst = "TAddSub">   --->   Core 10 'TAddSub' <Latency = 0> <II = 1> <Delay = 0.33> <IPBlock> <Opcode : 'add' 'sub'> <InPorts = 3> <OutPorts = 1> <Sync> <CReg>
ST_2 : Operation 689 [1/1] (0.67ns) (root node of TernaryAdder)   --->   "%add_ln813_4588 = add i16 %add_ln813_4587, i16 %mult_V_2562"   --->   Operation 689 'add' 'add_ln813_4588' <Predicate = true> <Delay = 0.67> <CoreInst = "TAddSub">   --->   Core 10 'TAddSub' <Latency = 0> <II = 1> <Delay = 0.33> <IPBlock> <Opcode : 'add' 'sub'> <InPorts = 3> <OutPorts = 1> <Sync> <CReg>
ST_2 : Operation 690 [1/1] (0.00ns) (grouped into TernaryAdder)   --->   "%add_ln813_4589 = add i16 %mult_V_2599, i16 %mult_V_2630"   --->   Operation 690 'add' 'add_ln813_4589' <Predicate = true> <Delay = 0.00> <CoreInst = "TAddSub">   --->   Core 10 'TAddSub' <Latency = 0> <II = 1> <Delay = 0.33> <IPBlock> <Opcode : 'add' 'sub'> <InPorts = 3> <OutPorts = 1> <Sync> <CReg>
ST_2 : Operation 691 [1/1] (0.67ns) (root node of TernaryAdder)   --->   "%add_ln813_4590 = add i16 %add_ln813_4589, i16 %mult_V_2594"   --->   Operation 691 'add' 'add_ln813_4590' <Predicate = true> <Delay = 0.67> <CoreInst = "TAddSub">   --->   Core 10 'TAddSub' <Latency = 0> <II = 1> <Delay = 0.33> <IPBlock> <Opcode : 'add' 'sub'> <InPorts = 3> <OutPorts = 1> <Sync> <CReg>
ST_2 : Operation 692 [1/1] (0.00ns) (grouped into TernaryAdder)   --->   "%add_ln813_4591 = add i16 %add_ln813_4590, i16 %add_ln813_4588"   --->   Operation 692 'add' 'add_ln813_4591' <Predicate = true> <Delay = 0.00> <CoreInst = "TAddSub">   --->   Core 10 'TAddSub' <Latency = 0> <II = 1> <Delay = 0.33> <IPBlock> <Opcode : 'add' 'sub'> <InPorts = 3> <OutPorts = 1> <Sync> <CReg>
ST_2 : Operation 693 [1/1] (0.67ns) (root node of TernaryAdder)   --->   "%add_ln813_4598 = add i16 %add_ln813_4597, i16 %add_ln813_4591"   --->   Operation 693 'add' 'add_ln813_4598' <Predicate = true> <Delay = 0.67> <CoreInst = "TAddSub">   --->   Core 10 'TAddSub' <Latency = 0> <II = 1> <Delay = 0.33> <IPBlock> <Opcode : 'add' 'sub'> <InPorts = 3> <OutPorts = 1> <Sync> <CReg>
ST_2 : Operation 694 [1/1] (0.78ns)   --->   "%add_ln813_4599 = add i16 %mult_V_2553, i16 %mult_V_2566"   --->   Operation 694 'add' 'add_ln813_4599' <Predicate = true> <Delay = 0.78> <CoreInst = "Adder">   --->   Core 1 'Adder' <Latency = 0> <II = 1> <Delay = 0.78> <FuncUnit> <Opcode : 'add' 'sub'> <InPorts = 2> <OutPorts = 1>
ST_2 : Operation 695 [1/1] (0.00ns) (grouped into TernaryAdder)   --->   "%add_ln813_4600 = add i16 %mult_V_2586, i16 %mult_V_2630"   --->   Operation 695 'add' 'add_ln813_4600' <Predicate = true> <Delay = 0.00> <CoreInst = "TAddSub">   --->   Core 10 'TAddSub' <Latency = 0> <II = 1> <Delay = 0.33> <IPBlock> <Opcode : 'add' 'sub'> <InPorts = 3> <OutPorts = 1> <Sync> <CReg>
ST_2 : Operation 696 [1/1] (0.67ns) (root node of TernaryAdder)   --->   "%add_ln813_4601 = add i16 %add_ln813_4600, i16 %mult_V_2579"   --->   Operation 696 'add' 'add_ln813_4601' <Predicate = true> <Delay = 0.67> <CoreInst = "TAddSub">   --->   Core 10 'TAddSub' <Latency = 0> <II = 1> <Delay = 0.33> <IPBlock> <Opcode : 'add' 'sub'> <InPorts = 3> <OutPorts = 1> <Sync> <CReg>
ST_2 : Operation 697 [1/1] (0.00ns) (grouped into TernaryAdder)   --->   "%add_ln813_4602 = add i16 %add_ln813_4601, i16 %add_ln813_4599"   --->   Operation 697 'add' 'add_ln813_4602' <Predicate = true> <Delay = 0.00> <CoreInst = "TAddSub">   --->   Core 10 'TAddSub' <Latency = 0> <II = 1> <Delay = 0.33> <IPBlock> <Opcode : 'add' 'sub'> <InPorts = 3> <OutPorts = 1> <Sync> <CReg>
ST_2 : Operation 698 [1/1] (0.67ns) (root node of TernaryAdder)   --->   "%add_ln813_4608 = add i16 %add_ln813_4607, i16 %add_ln813_4602"   --->   Operation 698 'add' 'add_ln813_4608' <Predicate = true> <Delay = 0.67> <CoreInst = "TAddSub">   --->   Core 10 'TAddSub' <Latency = 0> <II = 1> <Delay = 0.33> <IPBlock> <Opcode : 'add' 'sub'> <InPorts = 3> <OutPorts = 1> <Sync> <CReg>
ST_2 : Operation 699 [1/1] (0.00ns) (grouped into TernaryAdder)   --->   "%add_ln813_4609 = add i16 %mult_V_2553, i16 %mult_V_2559"   --->   Operation 699 'add' 'add_ln813_4609' <Predicate = true> <Delay = 0.00> <CoreInst = "TAddSub">   --->   Core 10 'TAddSub' <Latency = 0> <II = 1> <Delay = 0.33> <IPBlock> <Opcode : 'add' 'sub'> <InPorts = 3> <OutPorts = 1> <Sync> <CReg>
ST_2 : Operation 700 [1/1] (0.78ns)   --->   "%add_ln813_4610 = add i16 %mult_V_2564, i16 %mult_V_2574"   --->   Operation 700 'add' 'add_ln813_4610' <Predicate = true> <Delay = 0.78> <CoreInst = "Adder">   --->   Core 1 'Adder' <Latency = 0> <II = 1> <Delay = 0.78> <FuncUnit> <Opcode : 'add' 'sub'> <InPorts = 2> <OutPorts = 1>
ST_2 : Operation 701 [1/1] (0.67ns) (root node of TernaryAdder)   --->   "%add_ln813_4611 = add i16 %add_ln813_4610, i16 %add_ln813_4609"   --->   Operation 701 'add' 'add_ln813_4611' <Predicate = true> <Delay = 0.67> <CoreInst = "TAddSub">   --->   Core 10 'TAddSub' <Latency = 0> <II = 1> <Delay = 0.33> <IPBlock> <Opcode : 'add' 'sub'> <InPorts = 3> <OutPorts = 1> <Sync> <CReg>
ST_2 : Operation 702 [1/1] (0.00ns) (grouped into TernaryAdder)   --->   "%add_ln813_4612 = add i16 %mult_V_2589, i16 %mult_V_2630"   --->   Operation 702 'add' 'add_ln813_4612' <Predicate = true> <Delay = 0.00> <CoreInst = "TAddSub">   --->   Core 10 'TAddSub' <Latency = 0> <II = 1> <Delay = 0.33> <IPBlock> <Opcode : 'add' 'sub'> <InPorts = 3> <OutPorts = 1> <Sync> <CReg>
ST_2 : Operation 703 [1/1] (0.67ns) (root node of TernaryAdder)   --->   "%add_ln813_4614 = add i16 %add_ln813_4613, i16 %add_ln813_4612"   --->   Operation 703 'add' 'add_ln813_4614' <Predicate = true> <Delay = 0.67> <CoreInst = "TAddSub">   --->   Core 10 'TAddSub' <Latency = 0> <II = 1> <Delay = 0.33> <IPBlock> <Opcode : 'add' 'sub'> <InPorts = 3> <OutPorts = 1> <Sync> <CReg>
ST_2 : Operation 704 [1/1] (0.00ns) (grouped into TernaryAdder)   --->   "%add_ln813_4615 = add i16 %add_ln813_4614, i16 %add_ln813_4611"   --->   Operation 704 'add' 'add_ln813_4615' <Predicate = true> <Delay = 0.00> <CoreInst = "TAddSub">   --->   Core 10 'TAddSub' <Latency = 0> <II = 1> <Delay = 0.33> <IPBlock> <Opcode : 'add' 'sub'> <InPorts = 3> <OutPorts = 1> <Sync> <CReg>
ST_2 : Operation 705 [1/1] (0.67ns) (root node of TernaryAdder)   --->   "%add_ln813_4623 = add i16 %add_ln813_4622, i16 %add_ln813_4615"   --->   Operation 705 'add' 'add_ln813_4623' <Predicate = true> <Delay = 0.67> <CoreInst = "TAddSub">   --->   Core 10 'TAddSub' <Latency = 0> <II = 1> <Delay = 0.33> <IPBlock> <Opcode : 'add' 'sub'> <InPorts = 3> <OutPorts = 1> <Sync> <CReg>
ST_2 : Operation 706 [1/1] (0.00ns) (grouped into TernaryAdder)   --->   "%add_ln813_4624 = add i16 %mult_V_2554, i16 %mult_V_2555"   --->   Operation 706 'add' 'add_ln813_4624' <Predicate = true> <Delay = 0.00> <CoreInst = "TAddSub">   --->   Core 10 'TAddSub' <Latency = 0> <II = 1> <Delay = 0.33> <IPBlock> <Opcode : 'add' 'sub'> <InPorts = 3> <OutPorts = 1> <Sync> <CReg>
ST_2 : Operation 707 [1/1] (0.00ns) (grouped into TernaryAdder)   --->   "%add_ln813_4625 = add i16 %mult_V_2574, i16 %mult_V_2586"   --->   Operation 707 'add' 'add_ln813_4625' <Predicate = true> <Delay = 0.00> <CoreInst = "TAddSub">   --->   Core 10 'TAddSub' <Latency = 0> <II = 1> <Delay = 0.33> <IPBlock> <Opcode : 'add' 'sub'> <InPorts = 3> <OutPorts = 1> <Sync> <CReg>
ST_2 : Operation 708 [1/1] (0.67ns) (root node of TernaryAdder)   --->   "%add_ln813_4626 = add i16 %add_ln813_4625, i16 %mult_V_2563"   --->   Operation 708 'add' 'add_ln813_4626' <Predicate = true> <Delay = 0.67> <CoreInst = "TAddSub">   --->   Core 10 'TAddSub' <Latency = 0> <II = 1> <Delay = 0.33> <IPBlock> <Opcode : 'add' 'sub'> <InPorts = 3> <OutPorts = 1> <Sync> <CReg>
ST_2 : Operation 709 [1/1] (0.67ns) (root node of TernaryAdder)   --->   "%add_ln813_4627 = add i16 %add_ln813_4626, i16 %add_ln813_4624"   --->   Operation 709 'add' 'add_ln813_4627' <Predicate = true> <Delay = 0.67> <CoreInst = "TAddSub">   --->   Core 10 'TAddSub' <Latency = 0> <II = 1> <Delay = 0.33> <IPBlock> <Opcode : 'add' 'sub'> <InPorts = 3> <OutPorts = 1> <Sync> <CReg>
ST_2 : Operation 710 [1/1] (0.00ns) (grouped into TernaryAdder)   --->   "%add_ln813_4628 = add i16 %mult_V_2589, i16 %mult_V_2590"   --->   Operation 710 'add' 'add_ln813_4628' <Predicate = true> <Delay = 0.00> <CoreInst = "TAddSub">   --->   Core 10 'TAddSub' <Latency = 0> <II = 1> <Delay = 0.33> <IPBlock> <Opcode : 'add' 'sub'> <InPorts = 3> <OutPorts = 1> <Sync> <CReg>
ST_2 : Operation 711 [1/1] (0.00ns) (grouped into TernaryAdder)   --->   "%add_ln813_4629 = add i16 %mult_V_2610, i16 %mult_V_2614"   --->   Operation 711 'add' 'add_ln813_4629' <Predicate = true> <Delay = 0.00> <CoreInst = "TAddSub">   --->   Core 10 'TAddSub' <Latency = 0> <II = 1> <Delay = 0.33> <IPBlock> <Opcode : 'add' 'sub'> <InPorts = 3> <OutPorts = 1> <Sync> <CReg>
ST_2 : Operation 712 [1/1] (0.67ns) (root node of TernaryAdder)   --->   "%add_ln813_4630 = add i16 %add_ln813_4629, i16 %mult_V_2604"   --->   Operation 712 'add' 'add_ln813_4630' <Predicate = true> <Delay = 0.67> <CoreInst = "TAddSub">   --->   Core 10 'TAddSub' <Latency = 0> <II = 1> <Delay = 0.33> <IPBlock> <Opcode : 'add' 'sub'> <InPorts = 3> <OutPorts = 1> <Sync> <CReg>
ST_2 : Operation 713 [1/1] (0.67ns) (root node of TernaryAdder)   --->   "%add_ln813_4631 = add i16 %add_ln813_4630, i16 %add_ln813_4628"   --->   Operation 713 'add' 'add_ln813_4631' <Predicate = true> <Delay = 0.67> <CoreInst = "TAddSub">   --->   Core 10 'TAddSub' <Latency = 0> <II = 1> <Delay = 0.33> <IPBlock> <Opcode : 'add' 'sub'> <InPorts = 3> <OutPorts = 1> <Sync> <CReg>
ST_2 : Operation 714 [1/1] (0.00ns) (grouped into TernaryAdder)   --->   "%add_ln813_4632 = add i16 %add_ln813_4631, i16 %add_ln813_4627"   --->   Operation 714 'add' 'add_ln813_4632' <Predicate = true> <Delay = 0.00> <CoreInst = "TAddSub">   --->   Core 10 'TAddSub' <Latency = 0> <II = 1> <Delay = 0.33> <IPBlock> <Opcode : 'add' 'sub'> <InPorts = 3> <OutPorts = 1> <Sync> <CReg>
ST_2 : Operation 715 [1/1] (0.67ns) (root node of TernaryAdder)   --->   "%add_ln813_4642 = add i16 %add_ln813_4641, i16 %add_ln813_4632"   --->   Operation 715 'add' 'add_ln813_4642' <Predicate = true> <Delay = 0.67> <CoreInst = "TAddSub">   --->   Core 10 'TAddSub' <Latency = 0> <II = 1> <Delay = 0.33> <IPBlock> <Opcode : 'add' 'sub'> <InPorts = 3> <OutPorts = 1> <Sync> <CReg>
ST_2 : Operation 716 [1/1] (0.78ns)   --->   "%add_ln813_4643 = add i16 %mult_V, i16 %mult_V_2555"   --->   Operation 716 'add' 'add_ln813_4643' <Predicate = true> <Delay = 0.78> <CoreInst = "Adder">   --->   Core 1 'Adder' <Latency = 0> <II = 1> <Delay = 0.78> <FuncUnit> <Opcode : 'add' 'sub'> <InPorts = 2> <OutPorts = 1>
ST_2 : Operation 717 [1/1] (0.00ns) (grouped into TernaryAdder)   --->   "%add_ln813_4644 = add i16 %mult_V_2590, i16 %mult_V_2597"   --->   Operation 717 'add' 'add_ln813_4644' <Predicate = true> <Delay = 0.00> <CoreInst = "TAddSub">   --->   Core 10 'TAddSub' <Latency = 0> <II = 1> <Delay = 0.33> <IPBlock> <Opcode : 'add' 'sub'> <InPorts = 3> <OutPorts = 1> <Sync> <CReg>
ST_2 : Operation 718 [1/1] (0.67ns) (root node of TernaryAdder)   --->   "%add_ln813_4645 = add i16 %add_ln813_4644, i16 %add_ln813_4643"   --->   Operation 718 'add' 'add_ln813_4645' <Predicate = true> <Delay = 0.67> <CoreInst = "TAddSub">   --->   Core 10 'TAddSub' <Latency = 0> <II = 1> <Delay = 0.33> <IPBlock> <Opcode : 'add' 'sub'> <InPorts = 3> <OutPorts = 1> <Sync> <CReg>
ST_2 : Operation 719 [1/1] (0.00ns) (grouped into TernaryAdder)   --->   "%add_ln813_4649 = add i16 %add_ln813_4648, i16 %add_ln813_4645"   --->   Operation 719 'add' 'add_ln813_4649' <Predicate = true> <Delay = 0.00> <CoreInst = "TAddSub">   --->   Core 10 'TAddSub' <Latency = 0> <II = 1> <Delay = 0.33> <IPBlock> <Opcode : 'add' 'sub'> <InPorts = 3> <OutPorts = 1> <Sync> <CReg>
ST_2 : Operation 720 [1/1] (0.67ns) (root node of TernaryAdder)   --->   "%add_ln813_4657 = add i16 %add_ln813_4656, i16 %add_ln813_4649"   --->   Operation 720 'add' 'add_ln813_4657' <Predicate = true> <Delay = 0.67> <CoreInst = "TAddSub">   --->   Core 10 'TAddSub' <Latency = 0> <II = 1> <Delay = 0.33> <IPBlock> <Opcode : 'add' 'sub'> <InPorts = 3> <OutPorts = 1> <Sync> <CReg>
ST_2 : Operation 721 [1/1] (0.00ns) (grouped into TernaryAdder)   --->   "%add_ln813_4658 = add i16 %mult_V_2559, i16 %mult_V_2567"   --->   Operation 721 'add' 'add_ln813_4658' <Predicate = true> <Delay = 0.00> <CoreInst = "TAddSub">   --->   Core 10 'TAddSub' <Latency = 0> <II = 1> <Delay = 0.33> <IPBlock> <Opcode : 'add' 'sub'> <InPorts = 3> <OutPorts = 1> <Sync> <CReg>
ST_2 : Operation 722 [1/1] (0.67ns) (root node of TernaryAdder)   --->   "%add_ln813_4659 = add i16 %add_ln813_4658, i16 %mult_V_2551"   --->   Operation 722 'add' 'add_ln813_4659' <Predicate = true> <Delay = 0.67> <CoreInst = "TAddSub">   --->   Core 10 'TAddSub' <Latency = 0> <II = 1> <Delay = 0.33> <IPBlock> <Opcode : 'add' 'sub'> <InPorts = 3> <OutPorts = 1> <Sync> <CReg>
ST_2 : Operation 723 [1/1] (0.00ns) (grouped into TernaryAdder)   --->   "%add_ln813_4660 = add i16 %mult_V_2577, i16 %mult_V_2586"   --->   Operation 723 'add' 'add_ln813_4660' <Predicate = true> <Delay = 0.00> <CoreInst = "TAddSub">   --->   Core 10 'TAddSub' <Latency = 0> <II = 1> <Delay = 0.33> <IPBlock> <Opcode : 'add' 'sub'> <InPorts = 3> <OutPorts = 1> <Sync> <CReg>
ST_2 : Operation 724 [1/1] (0.67ns) (root node of TernaryAdder)   --->   "%add_ln813_4661 = add i16 %add_ln813_4660, i16 %mult_V_2572"   --->   Operation 724 'add' 'add_ln813_4661' <Predicate = true> <Delay = 0.67> <CoreInst = "TAddSub">   --->   Core 10 'TAddSub' <Latency = 0> <II = 1> <Delay = 0.33> <IPBlock> <Opcode : 'add' 'sub'> <InPorts = 3> <OutPorts = 1> <Sync> <CReg>
ST_2 : Operation 725 [1/1] (0.00ns) (grouped into TernaryAdder)   --->   "%add_ln813_4662 = add i16 %add_ln813_4661, i16 %add_ln813_4659"   --->   Operation 725 'add' 'add_ln813_4662' <Predicate = true> <Delay = 0.00> <CoreInst = "TAddSub">   --->   Core 10 'TAddSub' <Latency = 0> <II = 1> <Delay = 0.33> <IPBlock> <Opcode : 'add' 'sub'> <InPorts = 3> <OutPorts = 1> <Sync> <CReg>
ST_2 : Operation 726 [1/1] (0.67ns) (root node of TernaryAdder)   --->   "%add_ln813_4669 = add i16 %add_ln813_4668, i16 %add_ln813_4662"   --->   Operation 726 'add' 'add_ln813_4669' <Predicate = true> <Delay = 0.67> <CoreInst = "TAddSub">   --->   Core 10 'TAddSub' <Latency = 0> <II = 1> <Delay = 0.33> <IPBlock> <Opcode : 'add' 'sub'> <InPorts = 3> <OutPorts = 1> <Sync> <CReg>
ST_2 : Operation 727 [1/1] (0.00ns) (grouped into TernaryAdder)   --->   "%add_ln813_4670 = add i16 %mult_V_2552, i16 %mult_V_2560"   --->   Operation 727 'add' 'add_ln813_4670' <Predicate = true> <Delay = 0.00> <CoreInst = "TAddSub">   --->   Core 10 'TAddSub' <Latency = 0> <II = 1> <Delay = 0.33> <IPBlock> <Opcode : 'add' 'sub'> <InPorts = 3> <OutPorts = 1> <Sync> <CReg>
ST_2 : Operation 728 [1/1] (0.78ns)   --->   "%add_ln813_4671 = add i16 %mult_V_2568, i16 %mult_V_2573"   --->   Operation 728 'add' 'add_ln813_4671' <Predicate = true> <Delay = 0.78> <CoreInst = "Adder">   --->   Core 1 'Adder' <Latency = 0> <II = 1> <Delay = 0.78> <FuncUnit> <Opcode : 'add' 'sub'> <InPorts = 2> <OutPorts = 1>
ST_2 : Operation 729 [1/1] (0.67ns) (root node of TernaryAdder)   --->   "%add_ln813_4672 = add i16 %add_ln813_4671, i16 %add_ln813_4670"   --->   Operation 729 'add' 'add_ln813_4672' <Predicate = true> <Delay = 0.67> <CoreInst = "TAddSub">   --->   Core 10 'TAddSub' <Latency = 0> <II = 1> <Delay = 0.33> <IPBlock> <Opcode : 'add' 'sub'> <InPorts = 3> <OutPorts = 1> <Sync> <CReg>
ST_2 : Operation 730 [1/1] (0.00ns) (grouped into TernaryAdder)   --->   "%add_ln813_4673 = add i16 %mult_V_2578, i16 %mult_V_2588"   --->   Operation 730 'add' 'add_ln813_4673' <Predicate = true> <Delay = 0.00> <CoreInst = "TAddSub">   --->   Core 10 'TAddSub' <Latency = 0> <II = 1> <Delay = 0.33> <IPBlock> <Opcode : 'add' 'sub'> <InPorts = 3> <OutPorts = 1> <Sync> <CReg>
ST_2 : Operation 731 [1/1] (0.67ns) (root node of TernaryAdder)   --->   "%add_ln813_4676 = add i16 %add_ln813_4675, i16 %add_ln813_4673"   --->   Operation 731 'add' 'add_ln813_4676' <Predicate = true> <Delay = 0.67> <CoreInst = "TAddSub">   --->   Core 10 'TAddSub' <Latency = 0> <II = 1> <Delay = 0.33> <IPBlock> <Opcode : 'add' 'sub'> <InPorts = 3> <OutPorts = 1> <Sync> <CReg>
ST_2 : Operation 732 [1/1] (0.00ns) (grouped into TernaryAdder)   --->   "%add_ln813_4677 = add i16 %add_ln813_4676, i16 %add_ln813_4672"   --->   Operation 732 'add' 'add_ln813_4677' <Predicate = true> <Delay = 0.00> <CoreInst = "TAddSub">   --->   Core 10 'TAddSub' <Latency = 0> <II = 1> <Delay = 0.33> <IPBlock> <Opcode : 'add' 'sub'> <InPorts = 3> <OutPorts = 1> <Sync> <CReg>
ST_2 : Operation 733 [1/1] (0.67ns) (root node of TernaryAdder)   --->   "%add_ln813_4686 = add i16 %add_ln813_4685, i16 %add_ln813_4677"   --->   Operation 733 'add' 'add_ln813_4686' <Predicate = true> <Delay = 0.67> <CoreInst = "TAddSub">   --->   Core 10 'TAddSub' <Latency = 0> <II = 1> <Delay = 0.33> <IPBlock> <Opcode : 'add' 'sub'> <InPorts = 3> <OutPorts = 1> <Sync> <CReg>
ST_2 : Operation 734 [1/1] (0.00ns) (grouped into TernaryAdder)   --->   "%add_ln813_4687 = add i16 %mult_V_2571, i16 %mult_V_2579"   --->   Operation 734 'add' 'add_ln813_4687' <Predicate = true> <Delay = 0.00> <CoreInst = "TAddSub">   --->   Core 10 'TAddSub' <Latency = 0> <II = 1> <Delay = 0.33> <IPBlock> <Opcode : 'add' 'sub'> <InPorts = 3> <OutPorts = 1> <Sync> <CReg>
ST_2 : Operation 735 [1/1] (0.67ns) (root node of TernaryAdder)   --->   "%add_ln813_4688 = add i16 %add_ln813_4687, i16 %mult_V_2561"   --->   Operation 735 'add' 'add_ln813_4688' <Predicate = true> <Delay = 0.67> <CoreInst = "TAddSub">   --->   Core 10 'TAddSub' <Latency = 0> <II = 1> <Delay = 0.33> <IPBlock> <Opcode : 'add' 'sub'> <InPorts = 3> <OutPorts = 1> <Sync> <CReg>
ST_2 : Operation 736 [1/1] (0.00ns) (grouped into TernaryAdder)   --->   "%add_ln813_4689 = add i16 %mult_V_2585, i16 %mult_V_2602"   --->   Operation 736 'add' 'add_ln813_4689' <Predicate = true> <Delay = 0.00> <CoreInst = "TAddSub">   --->   Core 10 'TAddSub' <Latency = 0> <II = 1> <Delay = 0.33> <IPBlock> <Opcode : 'add' 'sub'> <InPorts = 3> <OutPorts = 1> <Sync> <CReg>
ST_2 : Operation 737 [1/1] (0.67ns) (root node of TernaryAdder)   --->   "%add_ln813_4691 = add i16 %add_ln813_4690, i16 %add_ln813_4689"   --->   Operation 737 'add' 'add_ln813_4691' <Predicate = true> <Delay = 0.67> <CoreInst = "TAddSub">   --->   Core 10 'TAddSub' <Latency = 0> <II = 1> <Delay = 0.33> <IPBlock> <Opcode : 'add' 'sub'> <InPorts = 3> <OutPorts = 1> <Sync> <CReg>
ST_2 : Operation 738 [1/1] (0.00ns) (grouped into TernaryAdder)   --->   "%add_ln813_4692 = add i16 %add_ln813_4691, i16 %add_ln813_4688"   --->   Operation 738 'add' 'add_ln813_4692' <Predicate = true> <Delay = 0.00> <CoreInst = "TAddSub">   --->   Core 10 'TAddSub' <Latency = 0> <II = 1> <Delay = 0.33> <IPBlock> <Opcode : 'add' 'sub'> <InPorts = 3> <OutPorts = 1> <Sync> <CReg>
ST_2 : Operation 739 [1/1] (0.67ns) (root node of TernaryAdder)   --->   "%add_ln813_4699 = add i16 %add_ln813_4698, i16 %add_ln813_4692"   --->   Operation 739 'add' 'add_ln813_4699' <Predicate = true> <Delay = 0.67> <CoreInst = "TAddSub">   --->   Core 10 'TAddSub' <Latency = 0> <II = 1> <Delay = 0.33> <IPBlock> <Opcode : 'add' 'sub'> <InPorts = 3> <OutPorts = 1> <Sync> <CReg>
ST_2 : Operation 740 [1/1] (0.00ns) (grouped into TernaryAdder)   --->   "%add_ln813_4700 = add i16 %mult_V_2559, i16 %mult_V_2564"   --->   Operation 740 'add' 'add_ln813_4700' <Predicate = true> <Delay = 0.00> <CoreInst = "TAddSub">   --->   Core 10 'TAddSub' <Latency = 0> <II = 1> <Delay = 0.33> <IPBlock> <Opcode : 'add' 'sub'> <InPorts = 3> <OutPorts = 1> <Sync> <CReg>
ST_2 : Operation 741 [1/1] (0.67ns) (root node of TernaryAdder)   --->   "%add_ln813_4701 = add i16 %add_ln813_4700, i16 %add_ln813_4643"   --->   Operation 741 'add' 'add_ln813_4701' <Predicate = true> <Delay = 0.67> <CoreInst = "TAddSub">   --->   Core 10 'TAddSub' <Latency = 0> <II = 1> <Delay = 0.33> <IPBlock> <Opcode : 'add' 'sub'> <InPorts = 3> <OutPorts = 1> <Sync> <CReg>
ST_2 : Operation 742 [1/1] (0.00ns) (grouped into TernaryAdder)   --->   "%add_ln813_4702 = add i16 %mult_V_2575, i16 %mult_V_2577"   --->   Operation 742 'add' 'add_ln813_4702' <Predicate = true> <Delay = 0.00> <CoreInst = "TAddSub">   --->   Core 10 'TAddSub' <Latency = 0> <II = 1> <Delay = 0.33> <IPBlock> <Opcode : 'add' 'sub'> <InPorts = 3> <OutPorts = 1> <Sync> <CReg>
ST_2 : Operation 743 [1/1] (0.78ns)   --->   "%add_ln813_4703 = add i16 %mult_V_2591, i16 %mult_V_2624"   --->   Operation 743 'add' 'add_ln813_4703' <Predicate = true> <Delay = 0.78> <CoreInst = "Adder">   --->   Core 1 'Adder' <Latency = 0> <II = 1> <Delay = 0.78> <FuncUnit> <Opcode : 'add' 'sub'> <InPorts = 2> <OutPorts = 1>
ST_2 : Operation 744 [1/1] (0.67ns) (root node of TernaryAdder)   --->   "%add_ln813_4704 = add i16 %add_ln813_4703, i16 %add_ln813_4702"   --->   Operation 744 'add' 'add_ln813_4704' <Predicate = true> <Delay = 0.67> <CoreInst = "TAddSub">   --->   Core 10 'TAddSub' <Latency = 0> <II = 1> <Delay = 0.33> <IPBlock> <Opcode : 'add' 'sub'> <InPorts = 3> <OutPorts = 1> <Sync> <CReg>
ST_2 : Operation 745 [1/1] (0.00ns) (grouped into TernaryAdder)   --->   "%add_ln813_4705 = add i16 %add_ln813_4704, i16 %add_ln813_4701"   --->   Operation 745 'add' 'add_ln813_4705' <Predicate = true> <Delay = 0.00> <CoreInst = "TAddSub">   --->   Core 10 'TAddSub' <Latency = 0> <II = 1> <Delay = 0.33> <IPBlock> <Opcode : 'add' 'sub'> <InPorts = 3> <OutPorts = 1> <Sync> <CReg>
ST_2 : Operation 746 [1/1] (0.67ns) (root node of TernaryAdder)   --->   "%add_ln813_4714 = add i16 %add_ln813_4713, i16 %add_ln813_4705"   --->   Operation 746 'add' 'add_ln813_4714' <Predicate = true> <Delay = 0.67> <CoreInst = "TAddSub">   --->   Core 10 'TAddSub' <Latency = 0> <II = 1> <Delay = 0.33> <IPBlock> <Opcode : 'add' 'sub'> <InPorts = 3> <OutPorts = 1> <Sync> <CReg>
ST_2 : Operation 747 [1/1] (0.00ns) (grouped into TernaryAdder)   --->   "%add_ln813_4715 = add i16 %mult_V_2574, i16 %mult_V_2580"   --->   Operation 747 'add' 'add_ln813_4715' <Predicate = true> <Delay = 0.00> <CoreInst = "TAddSub">   --->   Core 10 'TAddSub' <Latency = 0> <II = 1> <Delay = 0.33> <IPBlock> <Opcode : 'add' 'sub'> <InPorts = 3> <OutPorts = 1> <Sync> <CReg>
ST_2 : Operation 748 [1/1] (0.67ns) (root node of TernaryAdder)   --->   "%add_ln813_4716 = add i16 %add_ln813_4715, i16 %mult_V_2551"   --->   Operation 748 'add' 'add_ln813_4716' <Predicate = true> <Delay = 0.67> <CoreInst = "TAddSub">   --->   Core 10 'TAddSub' <Latency = 0> <II = 1> <Delay = 0.33> <IPBlock> <Opcode : 'add' 'sub'> <InPorts = 3> <OutPorts = 1> <Sync> <CReg>
ST_2 : Operation 749 [1/1] (0.00ns) (grouped into TernaryAdder)   --->   "%add_ln813_4717 = add i16 %mult_V_2586, i16 %mult_V_2605"   --->   Operation 749 'add' 'add_ln813_4717' <Predicate = true> <Delay = 0.00> <CoreInst = "TAddSub">   --->   Core 10 'TAddSub' <Latency = 0> <II = 1> <Delay = 0.33> <IPBlock> <Opcode : 'add' 'sub'> <InPorts = 3> <OutPorts = 1> <Sync> <CReg>
ST_2 : Operation 750 [1/1] (0.67ns) (root node of TernaryAdder)   --->   "%add_ln813_4719 = add i16 %add_ln813_4718, i16 %add_ln813_4717"   --->   Operation 750 'add' 'add_ln813_4719' <Predicate = true> <Delay = 0.67> <CoreInst = "TAddSub">   --->   Core 10 'TAddSub' <Latency = 0> <II = 1> <Delay = 0.33> <IPBlock> <Opcode : 'add' 'sub'> <InPorts = 3> <OutPorts = 1> <Sync> <CReg>
ST_2 : Operation 751 [1/1] (0.00ns) (grouped into TernaryAdder)   --->   "%add_ln813_4720 = add i16 %add_ln813_4719, i16 %add_ln813_4716"   --->   Operation 751 'add' 'add_ln813_4720' <Predicate = true> <Delay = 0.00> <CoreInst = "TAddSub">   --->   Core 10 'TAddSub' <Latency = 0> <II = 1> <Delay = 0.33> <IPBlock> <Opcode : 'add' 'sub'> <InPorts = 3> <OutPorts = 1> <Sync> <CReg>
ST_2 : Operation 752 [1/1] (0.67ns) (root node of TernaryAdder)   --->   "%add_ln813_4728 = add i16 %add_ln813_4727, i16 %add_ln813_4720"   --->   Operation 752 'add' 'add_ln813_4728' <Predicate = true> <Delay = 0.67> <CoreInst = "TAddSub">   --->   Core 10 'TAddSub' <Latency = 0> <II = 1> <Delay = 0.33> <IPBlock> <Opcode : 'add' 'sub'> <InPorts = 3> <OutPorts = 1> <Sync> <CReg>
ST_2 : Operation 753 [1/1] (0.00ns) (grouped into TernaryAdder)   --->   "%add_ln813_4729 = add i16 %mult_V_2553, i16 %mult_V_2557"   --->   Operation 753 'add' 'add_ln813_4729' <Predicate = true> <Delay = 0.00> <CoreInst = "TAddSub">   --->   Core 10 'TAddSub' <Latency = 0> <II = 1> <Delay = 0.33> <IPBlock> <Opcode : 'add' 'sub'> <InPorts = 3> <OutPorts = 1> <Sync> <CReg>
ST_2 : Operation 754 [1/1] (0.78ns)   --->   "%add_ln813_4730 = add i16 %mult_V_2566, i16 %mult_V_2571"   --->   Operation 754 'add' 'add_ln813_4730' <Predicate = true> <Delay = 0.78> <CoreInst = "Adder">   --->   Core 1 'Adder' <Latency = 0> <II = 1> <Delay = 0.78> <FuncUnit> <Opcode : 'add' 'sub'> <InPorts = 2> <OutPorts = 1>
ST_2 : Operation 755 [1/1] (0.67ns) (root node of TernaryAdder)   --->   "%add_ln813_4731 = add i16 %add_ln813_4730, i16 %add_ln813_4729"   --->   Operation 755 'add' 'add_ln813_4731' <Predicate = true> <Delay = 0.67> <CoreInst = "TAddSub">   --->   Core 10 'TAddSub' <Latency = 0> <II = 1> <Delay = 0.33> <IPBlock> <Opcode : 'add' 'sub'> <InPorts = 3> <OutPorts = 1> <Sync> <CReg>
ST_2 : Operation 756 [1/1] (0.00ns) (grouped into TernaryAdder)   --->   "%add_ln813_4732 = add i16 %mult_V_2586, i16 %mult_V_2589"   --->   Operation 756 'add' 'add_ln813_4732' <Predicate = true> <Delay = 0.00> <CoreInst = "TAddSub">   --->   Core 10 'TAddSub' <Latency = 0> <II = 1> <Delay = 0.33> <IPBlock> <Opcode : 'add' 'sub'> <InPorts = 3> <OutPorts = 1> <Sync> <CReg>
ST_2 : Operation 757 [1/1] (0.78ns)   --->   "%add_ln813_4733 = add i16 %add_ln813_4613, i16 %mult_V_2610"   --->   Operation 757 'add' 'add_ln813_4733' <Predicate = true> <Delay = 0.78> <CoreInst = "Adder">   --->   Core 1 'Adder' <Latency = 0> <II = 1> <Delay = 0.78> <FuncUnit> <Opcode : 'add' 'sub'> <InPorts = 2> <OutPorts = 1>
ST_2 : Operation 758 [1/1] (0.67ns) (root node of TernaryAdder)   --->   "%add_ln813_4734 = add i16 %add_ln813_4733, i16 %add_ln813_4732"   --->   Operation 758 'add' 'add_ln813_4734' <Predicate = true> <Delay = 0.67> <CoreInst = "TAddSub">   --->   Core 10 'TAddSub' <Latency = 0> <II = 1> <Delay = 0.33> <IPBlock> <Opcode : 'add' 'sub'> <InPorts = 3> <OutPorts = 1> <Sync> <CReg>
ST_2 : Operation 759 [1/1] (0.00ns) (grouped into TernaryAdder)   --->   "%add_ln813_4735 = add i16 %add_ln813_4734, i16 %add_ln813_4731"   --->   Operation 759 'add' 'add_ln813_4735' <Predicate = true> <Delay = 0.00> <CoreInst = "TAddSub">   --->   Core 10 'TAddSub' <Latency = 0> <II = 1> <Delay = 0.33> <IPBlock> <Opcode : 'add' 'sub'> <InPorts = 3> <OutPorts = 1> <Sync> <CReg>
ST_2 : Operation 760 [1/1] (0.00ns) (grouped into TernaryAdder)   --->   "%add_ln813_4739 = add i16 %add_ln813_4738, i16 %add_ln813_4736"   --->   Operation 760 'add' 'add_ln813_4739' <Predicate = true> <Delay = 0.00> <CoreInst = "TAddSub">   --->   Core 10 'TAddSub' <Latency = 0> <II = 1> <Delay = 0.33> <IPBlock> <Opcode : 'add' 'sub'> <InPorts = 3> <OutPorts = 1> <Sync> <CReg>
ST_2 : Operation 761 [1/1] (0.67ns) (root node of TernaryAdder)   --->   "%add_ln813_4744 = add i16 %add_ln813_4743, i16 %add_ln813_4739"   --->   Operation 761 'add' 'add_ln813_4744' <Predicate = true> <Delay = 0.67> <CoreInst = "TAddSub">   --->   Core 10 'TAddSub' <Latency = 0> <II = 1> <Delay = 0.33> <IPBlock> <Opcode : 'add' 'sub'> <InPorts = 3> <OutPorts = 1> <Sync> <CReg>
ST_2 : Operation 762 [1/1] (0.67ns) (root node of TernaryAdder)   --->   "%add_ln813_4745 = add i16 %add_ln813_4744, i16 %add_ln813_4735"   --->   Operation 762 'add' 'add_ln813_4745' <Predicate = true> <Delay = 0.67> <CoreInst = "TAddSub">   --->   Core 10 'TAddSub' <Latency = 0> <II = 1> <Delay = 0.33> <IPBlock> <Opcode : 'add' 'sub'> <InPorts = 3> <OutPorts = 1> <Sync> <CReg>
ST_2 : Operation 763 [1/1] (0.00ns)   --->   "%mrv_i = insertvalue i256 <undef>, i16 %add_ln813_4657" [/home/ayvol/vitis-accel-CNN/vitis_accel_prj/firmware/nnet_utils/nnet_dense_latency.h:68]   --->   Operation 763 'insertvalue' 'mrv_i' <Predicate = true> <Delay = 0.00>
ST_2 : Operation 764 [1/1] (0.00ns)   --->   "%mrv_1_i = insertvalue i256 %mrv_i, i16 %add_ln813_4557" [/home/ayvol/vitis-accel-CNN/vitis_accel_prj/firmware/nnet_utils/nnet_dense_latency.h:68]   --->   Operation 764 'insertvalue' 'mrv_1_i' <Predicate = true> <Delay = 0.00>
ST_2 : Operation 765 [1/1] (0.00ns)   --->   "%mrv_2_i = insertvalue i256 %mrv_1_i, i16 %add_ln813_4571" [/home/ayvol/vitis-accel-CNN/vitis_accel_prj/firmware/nnet_utils/nnet_dense_latency.h:68]   --->   Operation 765 'insertvalue' 'mrv_2_i' <Predicate = true> <Delay = 0.00>
ST_2 : Operation 766 [1/1] (0.00ns)   --->   "%mrv_3_i = insertvalue i256 %mrv_2_i, i16 %add_ln813_4550" [/home/ayvol/vitis-accel-CNN/vitis_accel_prj/firmware/nnet_utils/nnet_dense_latency.h:68]   --->   Operation 766 'insertvalue' 'mrv_3_i' <Predicate = true> <Delay = 0.00>
ST_2 : Operation 767 [1/1] (0.00ns)   --->   "%mrv_4_i = insertvalue i256 %mrv_3_i, i16 %add_ln813_4538" [/home/ayvol/vitis-accel-CNN/vitis_accel_prj/firmware/nnet_utils/nnet_dense_latency.h:68]   --->   Operation 767 'insertvalue' 'mrv_4_i' <Predicate = true> <Delay = 0.00>
ST_2 : Operation 768 [1/1] (0.00ns)   --->   "%mrv_5_i = insertvalue i256 %mrv_4_i, i16 %add_ln813_4586" [/home/ayvol/vitis-accel-CNN/vitis_accel_prj/firmware/nnet_utils/nnet_dense_latency.h:68]   --->   Operation 768 'insertvalue' 'mrv_5_i' <Predicate = true> <Delay = 0.00>
ST_2 : Operation 769 [1/1] (0.00ns)   --->   "%mrv_6_i = insertvalue i256 %mrv_5_i, i16 %add_ln813_4669" [/home/ayvol/vitis-accel-CNN/vitis_accel_prj/firmware/nnet_utils/nnet_dense_latency.h:68]   --->   Operation 769 'insertvalue' 'mrv_6_i' <Predicate = true> <Delay = 0.00>
ST_2 : Operation 770 [1/1] (0.00ns)   --->   "%mrv_7_i = insertvalue i256 %mrv_6_i, i16 %add_ln813_4686" [/home/ayvol/vitis-accel-CNN/vitis_accel_prj/firmware/nnet_utils/nnet_dense_latency.h:68]   --->   Operation 770 'insertvalue' 'mrv_7_i' <Predicate = true> <Delay = 0.00>
ST_2 : Operation 771 [1/1] (0.00ns)   --->   "%mrv_8_i = insertvalue i256 %mrv_7_i, i16 %add_ln813_4699" [/home/ayvol/vitis-accel-CNN/vitis_accel_prj/firmware/nnet_utils/nnet_dense_latency.h:68]   --->   Operation 771 'insertvalue' 'mrv_8_i' <Predicate = true> <Delay = 0.00>
ST_2 : Operation 772 [1/1] (0.00ns)   --->   "%mrv_9_i = insertvalue i256 %mrv_8_i, i16 %add_ln813_4598" [/home/ayvol/vitis-accel-CNN/vitis_accel_prj/firmware/nnet_utils/nnet_dense_latency.h:68]   --->   Operation 772 'insertvalue' 'mrv_9_i' <Predicate = true> <Delay = 0.00>
ST_2 : Operation 773 [1/1] (0.00ns)   --->   "%mrv_10_i = insertvalue i256 %mrv_9_i, i16 %add_ln813_4608" [/home/ayvol/vitis-accel-CNN/vitis_accel_prj/firmware/nnet_utils/nnet_dense_latency.h:68]   --->   Operation 773 'insertvalue' 'mrv_10_i' <Predicate = true> <Delay = 0.00>
ST_2 : Operation 774 [1/1] (0.00ns)   --->   "%mrv_11_i = insertvalue i256 %mrv_10_i, i16 %add_ln813_4623" [/home/ayvol/vitis-accel-CNN/vitis_accel_prj/firmware/nnet_utils/nnet_dense_latency.h:68]   --->   Operation 774 'insertvalue' 'mrv_11_i' <Predicate = true> <Delay = 0.00>
ST_2 : Operation 775 [1/1] (0.00ns)   --->   "%mrv_12_i = insertvalue i256 %mrv_11_i, i16 %add_ln813_4714" [/home/ayvol/vitis-accel-CNN/vitis_accel_prj/firmware/nnet_utils/nnet_dense_latency.h:68]   --->   Operation 775 'insertvalue' 'mrv_12_i' <Predicate = true> <Delay = 0.00>
ST_2 : Operation 776 [1/1] (0.00ns)   --->   "%mrv_13_i = insertvalue i256 %mrv_12_i, i16 %add_ln813_4642" [/home/ayvol/vitis-accel-CNN/vitis_accel_prj/firmware/nnet_utils/nnet_dense_latency.h:68]   --->   Operation 776 'insertvalue' 'mrv_13_i' <Predicate = true> <Delay = 0.00>
ST_2 : Operation 777 [1/1] (0.00ns)   --->   "%mrv_14_i = insertvalue i256 %mrv_13_i, i16 %add_ln813_4728" [/home/ayvol/vitis-accel-CNN/vitis_accel_prj/firmware/nnet_utils/nnet_dense_latency.h:68]   --->   Operation 777 'insertvalue' 'mrv_14_i' <Predicate = true> <Delay = 0.00>
ST_2 : Operation 778 [1/1] (0.00ns)   --->   "%mrv_15_i = insertvalue i256 %mrv_14_i, i16 %add_ln813_4745" [/home/ayvol/vitis-accel-CNN/vitis_accel_prj/firmware/nnet_utils/nnet_dense_latency.h:68]   --->   Operation 778 'insertvalue' 'mrv_15_i' <Predicate = true> <Delay = 0.00>
ST_2 : Operation 779 [1/1] (0.00ns)   --->   "%ret_ln33 = ret i256 %mrv_15_i" [/home/ayvol/vitis-accel-CNN/vitis_accel_prj/firmware/nnet_utils/nnet_dense_latency.h:33]   --->   Operation 779 'ret' 'ret_ln33' <Predicate = true> <Delay = 0.00>


============================================================
+ Verbose Summary: Timing violations
============================================================
Target clock period: 5ns, clock uncertainty: 1.35ns.

 <State 1>: 3.4ns
The critical path consists of the following:
	'load' operation ('a.V') on static variable 'p_ZZN4nnet24compute_output_buffer_2dINS_5arrayI8ap_fixedILi16ELi6EL9ap_q_mode5EL9_3' [470]  (0 ns)
	'mul' operation ('mul_ln1270_88') [491]  (1.94 ns)
	'add' operation ('add_ln813_4592') [630]  (0.785 ns)
	'add' operation ('add_ln813_4593') [631]  (0 ns)
	'add' operation ('add_ln813_4597') [636]  (0.675 ns)

 <State 2>: 3.6ns
The critical path consists of the following:
	'load' operation ('a.V') on static variable 'void_compute_output_buffer_2d_array_const_ap_shift_reg_n_chan_stream_weig_8' [56]  (0 ns)
	'add' operation ('add_ln813_4539') [570]  (0.735 ns)
	'add' operation ('add_ln813_4540') [572]  (0.755 ns)
	'add' operation ('add_ln813_4545') [578]  (0.765 ns)
	'add' operation ('add_ln813_4546') [580]  (0 ns)
	'add' operation ('add_ln813_4549') [585]  (0.675 ns)
	'add' operation ('add_ln813_4550') [586]  (0.675 ns)


============================================================
+ Verbose Summary: Binding
============================================================
N/A
* FSMD analyzer results:
  - Output states:
 - Input state : 
  - Chain level:
	State 1
	State 2


============================================================
+ Verbose Summary: Datapath Resource usage 
============================================================
N/A
