

================================================================
== Vitis HLS Report for 'myproject'
================================================================
* Date:           Sat Aug 24 01:44:46 2024

* Version:        2022.2 (Build 3670227 on Oct 13 2022)
* Project:        kernel_wrapper
* Solution:       solution (Vitis Kernel Flow Target)
* Product family: versal
* Target device:  xcvc1902-vsvd1760-2MP-e-S


================================================================
== Performance Estimates
================================================================
+ Timing: 
    * Summary: 
    +--------+---------+----------+------------+
    |  Clock |  Target | Estimated| Uncertainty|
    +--------+---------+----------+------------+
    |ap_clk  |  5.00 ns|  3.639 ns|     1.35 ns|
    +--------+---------+----------+------------+

+ Latency: 
    * Summary: 
    +---------+---------+----------+----------+-----+-----+---------+
    |  Latency (cycles) |  Latency (absolute) |  Interval | Pipeline|
    |   min   |   max   |    min   |    max   | min | max |   Type  |
    +---------+---------+----------+----------+-----+-----+---------+
    |       20|       20|  0.100 us|  0.100 us|    1|    1|      yes|
    +---------+---------+----------+----------+-----+-----+---------+

    + Detail: 
        * Instance: 
        +-----------------------------------------------------------------------------------+------------------------------------------------------------------+---------+---------+-----------+-----------+-----+-----+---------+
        |                                                                                   |                                                                  |  Latency (cycles) |   Latency (absolute)  |  Interval | Pipeline|
        |                                      Instance                                     |                              Module                              |   min   |   max   |    min    |    max    | min | max |   Type  |
        +-----------------------------------------------------------------------------------+------------------------------------------------------------------+---------+---------+-----------+-----------+-----+-----+---------+
        |grp_dense_latency_ap_fixed_16_6_5_3_0_ap_fixed_16_6_5_3_0_config2_s_fu_130         |dense_latency_ap_fixed_16_6_5_3_0_ap_fixed_16_6_5_3_0_config2_s   |        1|        1|   5.000 ns|   5.000 ns|    1|    1|      yes|
        |call_ret2_i_i_relu_ap_fixed_16_6_5_3_0_ap_fixed_16_6_5_3_0_relu_config4_s_fu_135   |relu_ap_fixed_16_6_5_3_0_ap_fixed_16_6_5_3_0_relu_config4_s       |        0|        0|       0 ns|       0 ns|    1|    1|      yes|
        |grp_dense_latency_ap_fixed_16_6_5_3_0_ap_fixed_16_6_5_3_0_config5_s_fu_203         |dense_latency_ap_fixed_16_6_5_3_0_ap_fixed_16_6_5_3_0_config5_s   |        2|        2|  10.000 ns|  10.000 ns|    1|    1|      yes|
        |call_ret4_i_i_relu_ap_fixed_16_6_5_3_0_ap_fixed_16_6_5_3_0_relu_config7_s_fu_271   |relu_ap_fixed_16_6_5_3_0_ap_fixed_16_6_5_3_0_relu_config7_s       |        0|        0|       0 ns|       0 ns|    1|    1|      yes|
        |grp_dense_latency_ap_fixed_16_6_5_3_0_ap_fixed_16_6_5_3_0_config8_s_fu_307         |dense_latency_ap_fixed_16_6_5_3_0_ap_fixed_16_6_5_3_0_config8_s   |        1|        1|   5.000 ns|   5.000 ns|    1|    1|      yes|
        |call_ret6_i_i_relu_ap_fixed_16_6_5_3_0_ap_fixed_16_6_5_3_0_relu_config10_s_fu_343  |relu_ap_fixed_16_6_5_3_0_ap_fixed_16_6_5_3_0_relu_config10_s      |        0|        0|       0 ns|       0 ns|    1|    1|      yes|
        |grp_dense_latency_ap_fixed_16_6_5_3_0_ap_fixed_16_6_5_3_0_config11_s_fu_379        |dense_latency_ap_fixed_16_6_5_3_0_ap_fixed_16_6_5_3_0_config11_s  |        1|        1|   5.000 ns|   5.000 ns|    1|    1|      yes|
        |grp_softmax_stable_ap_fixed_ap_fixed_16_6_5_3_0_softmax_config13_s_fu_415          |softmax_stable_ap_fixed_ap_fixed_16_6_5_3_0_softmax_config13_s    |        6|        6|  30.000 ns|  30.000 ns|    1|    1|      yes|
        +-----------------------------------------------------------------------------------+------------------------------------------------------------------+---------+---------+-----------+-----------+-----+-----+---------+

        * Loop: 
        N/A



================================================================
== Utilization Estimates
================================================================
* Summary: 
+-----------------+---------+------+---------+--------+-----+
|       Name      | BRAM_18K|  DSP |    FF   |   LUT  | URAM|
+-----------------+---------+------+---------+--------+-----+
|DSP              |        -|     -|        -|       -|    -|
|Expression       |        -|     -|        0|       4|    -|
|FIFO             |        -|     -|        -|       -|    -|
|Instance         |        8|     5|    31362|  642610|    -|
|Memory           |        -|     -|        -|       -|    -|
|Multiplexer      |        -|     -|        -|       2|    -|
|Register         |        -|     -|     3957|      16|    -|
+-----------------+---------+------+---------+--------+-----+
|Total            |        8|     5|    35319|  642632|    0|
+-----------------+---------+------+---------+--------+-----+
|Available        |     1934|  1968|  1799680|  899840|  463|
+-----------------+---------+------+---------+--------+-----+
|Utilization (%)  |       ~0|    ~0|        1|      71|    0|
+-----------------+---------+------+---------+--------+-----+

+ Detail: 
    * Instance: 
    +-----------------------------------------------------------------------------------+------------------------------------------------------------------+---------+----+-------+--------+-----+
    |                                      Instance                                     |                              Module                              | BRAM_18K| DSP|   FF  |   LUT  | URAM|
    +-----------------------------------------------------------------------------------+------------------------------------------------------------------+---------+----+-------+--------+-----+
    |grp_dense_latency_ap_fixed_16_6_5_3_0_ap_fixed_16_6_5_3_0_config11_s_fu_379        |dense_latency_ap_fixed_16_6_5_3_0_ap_fixed_16_6_5_3_0_config11_s  |        0|   0|   1501|   33016|    0|
    |grp_dense_latency_ap_fixed_16_6_5_3_0_ap_fixed_16_6_5_3_0_config2_s_fu_130         |dense_latency_ap_fixed_16_6_5_3_0_ap_fixed_16_6_5_3_0_config2_s   |        0|   0|   9631|  183240|    0|
    |grp_dense_latency_ap_fixed_16_6_5_3_0_ap_fixed_16_6_5_3_0_config5_s_fu_203         |dense_latency_ap_fixed_16_6_5_3_0_ap_fixed_16_6_5_3_0_config5_s   |        0|   0|  13222|  269401|    0|
    |grp_dense_latency_ap_fixed_16_6_5_3_0_ap_fixed_16_6_5_3_0_config8_s_fu_307         |dense_latency_ap_fixed_16_6_5_3_0_ap_fixed_16_6_5_3_0_config8_s   |        0|   0|   6815|  153677|    0|
    |call_ret6_i_i_relu_ap_fixed_16_6_5_3_0_ap_fixed_16_6_5_3_0_relu_config10_s_fu_343  |relu_ap_fixed_16_6_5_3_0_ap_fixed_16_6_5_3_0_relu_config10_s      |        0|   0|      0|     704|    0|
    |call_ret2_i_i_relu_ap_fixed_16_6_5_3_0_ap_fixed_16_6_5_3_0_relu_config4_s_fu_135   |relu_ap_fixed_16_6_5_3_0_ap_fixed_16_6_5_3_0_relu_config4_s       |        0|   0|      0|    1408|    0|
    |call_ret4_i_i_relu_ap_fixed_16_6_5_3_0_ap_fixed_16_6_5_3_0_relu_config7_s_fu_271   |relu_ap_fixed_16_6_5_3_0_ap_fixed_16_6_5_3_0_relu_config7_s       |        0|   0|      0|     704|    0|
    |grp_softmax_stable_ap_fixed_ap_fixed_16_6_5_3_0_softmax_config13_s_fu_415          |softmax_stable_ap_fixed_ap_fixed_16_6_5_3_0_softmax_config13_s    |        8|   5|    193|     460|    0|
    +-----------------------------------------------------------------------------------+------------------------------------------------------------------+---------+----+-------+--------+-----+
    |Total                                                                              |                                                                  |        8|   5|  31362|  642610|    0|
    +-----------------------------------------------------------------------------------+------------------------------------------------------------------+---------+----+-------+--------+-----+

    * DSP: 
    N/A

    * Memory: 
    N/A

    * FIFO: 
    N/A

    * Expression: 
    +---------------------------+----------+----+---+----+------------+------------+
    |       Variable Name       | Operation| DSP| FF| LUT| Bitwidth P0| Bitwidth P1|
    +---------------------------+----------+----+---+----+------------+------------+
    |ap_block_pp0_stage0_11001  |        or|   0|  0|   2|           1|           1|
    |ap_enable_pp0              |       xor|   0|  0|   2|           1|           2|
    +---------------------------+----------+----+---+----+------------+------------+
    |Total                      |          |   0|  0|   4|           2|           3|
    +---------------------------+----------+----+---+----+------------+------------+

    * Multiplexer: 
    +---------+----+-----------+-----+-----------+
    |   Name  | LUT| Input Size| Bits| Total Bits|
    +---------+----+-----------+-----+-----------+
    |ap_done  |   2|          2|    1|          2|
    +---------+----+-----------+-----+-----------+
    |Total    |   2|          2|    1|          2|
    +---------+----+-----------+-----+-----------+

    * Register: 
    +----------------------------------------------------------------------------------------+-----+----+-----+-----------+
    |                                          Name                                          |  FF | LUT| Bits| Const Bits|
    +----------------------------------------------------------------------------------------+-----+----+-----+-----------+
    |ap_CS_fsm                                                                               |    1|   0|    1|          0|
    |ap_done_reg                                                                             |    1|   0|    1|          0|
    |ap_enable_reg_pp0_iter1                                                                 |    1|   0|    1|          0|
    |ap_enable_reg_pp0_iter10                                                                |    1|   0|    1|          0|
    |ap_enable_reg_pp0_iter11                                                                |    1|   0|    1|          0|
    |ap_enable_reg_pp0_iter12                                                                |    1|   0|    1|          0|
    |ap_enable_reg_pp0_iter13                                                                |    1|   0|    1|          0|
    |ap_enable_reg_pp0_iter14                                                                |    1|   0|    1|          0|
    |ap_enable_reg_pp0_iter15                                                                |    1|   0|    1|          0|
    |ap_enable_reg_pp0_iter16                                                                |    1|   0|    1|          0|
    |ap_enable_reg_pp0_iter17                                                                |    1|   0|    1|          0|
    |ap_enable_reg_pp0_iter18                                                                |    1|   0|    1|          0|
    |ap_enable_reg_pp0_iter19                                                                |    1|   0|    1|          0|
    |ap_enable_reg_pp0_iter2                                                                 |    1|   0|    1|          0|
    |ap_enable_reg_pp0_iter20                                                                |    1|   0|    1|          0|
    |ap_enable_reg_pp0_iter3                                                                 |    1|   0|    1|          0|
    |ap_enable_reg_pp0_iter4                                                                 |    1|   0|    1|          0|
    |ap_enable_reg_pp0_iter5                                                                 |    1|   0|    1|          0|
    |ap_enable_reg_pp0_iter6                                                                 |    1|   0|    1|          0|
    |ap_enable_reg_pp0_iter7                                                                 |    1|   0|    1|          0|
    |ap_enable_reg_pp0_iter8                                                                 |    1|   0|    1|          0|
    |ap_enable_reg_pp0_iter9                                                                 |    1|   0|    1|          0|
    |grp_softmax_stable_ap_fixed_ap_fixed_16_6_5_3_0_softmax_config13_s_fu_415_ap_start_reg  |    1|   0|    1|          0|
    |in_buf_load_reg_1548                                                                    |  256|   0|  256|          0|
    |layer10_out_V_10_reg_2563                                                               |   16|   0|   16|          0|
    |layer10_out_V_11_reg_2568                                                               |   16|   0|   16|          0|
    |layer10_out_V_12_reg_2573                                                               |   16|   0|   16|          0|
    |layer10_out_V_13_reg_2578                                                               |   16|   0|   16|          0|
    |layer10_out_V_14_reg_2583                                                               |   16|   0|   16|          0|
    |layer10_out_V_15_reg_2588                                                               |   16|   0|   16|          0|
    |layer10_out_V_16_reg_2593                                                               |   16|   0|   16|          0|
    |layer10_out_V_17_reg_2598                                                               |   16|   0|   16|          0|
    |layer10_out_V_18_reg_2603                                                               |   16|   0|   16|          0|
    |layer10_out_V_19_reg_2608                                                               |   16|   0|   16|          0|
    |layer10_out_V_1_reg_2518                                                                |   16|   0|   16|          0|
    |layer10_out_V_20_reg_2613                                                               |   16|   0|   16|          0|
    |layer10_out_V_21_reg_2618                                                               |   16|   0|   16|          0|
    |layer10_out_V_22_reg_2623                                                               |   16|   0|   16|          0|
    |layer10_out_V_23_reg_2628                                                               |   16|   0|   16|          0|
    |layer10_out_V_24_reg_2633                                                               |   16|   0|   16|          0|
    |layer10_out_V_25_reg_2638                                                               |   16|   0|   16|          0|
    |layer10_out_V_26_reg_2643                                                               |   16|   0|   16|          0|
    |layer10_out_V_27_reg_2648                                                               |   16|   0|   16|          0|
    |layer10_out_V_28_reg_2653                                                               |   16|   0|   16|          0|
    |layer10_out_V_29_reg_2658                                                               |   16|   0|   16|          0|
    |layer10_out_V_2_reg_2523                                                                |   16|   0|   16|          0|
    |layer10_out_V_30_reg_2663                                                               |   16|   0|   16|          0|
    |layer10_out_V_31_reg_2668                                                               |   16|   0|   16|          0|
    |layer10_out_V_3_reg_2528                                                                |   16|   0|   16|          0|
    |layer10_out_V_4_reg_2533                                                                |   16|   0|   16|          0|
    |layer10_out_V_5_reg_2538                                                                |   16|   0|   16|          0|
    |layer10_out_V_6_reg_2543                                                                |   16|   0|   16|          0|
    |layer10_out_V_7_reg_2548                                                                |   16|   0|   16|          0|
    |layer10_out_V_8_reg_2553                                                                |   16|   0|   16|          0|
    |layer10_out_V_9_reg_2558                                                                |   16|   0|   16|          0|
    |layer10_out_V_reg_2513                                                                  |   16|   0|   16|          0|
    |layer11_out_V_1_reg_2678                                                                |   16|   0|   16|          0|
    |layer11_out_V_2_reg_2683                                                                |   16|   0|   16|          0|
    |layer11_out_V_3_reg_2688                                                                |   16|   0|   16|          0|
    |layer11_out_V_4_reg_2693                                                                |   16|   0|   16|          0|
    |layer11_out_V_reg_2673                                                                  |   16|   0|   16|          0|
    |layer2_out_V_10_reg_1603                                                                |   16|   0|   16|          0|
    |layer2_out_V_11_reg_1608                                                                |   16|   0|   16|          0|
    |layer2_out_V_12_reg_1613                                                                |   16|   0|   16|          0|
    |layer2_out_V_13_reg_1618                                                                |   16|   0|   16|          0|
    |layer2_out_V_14_reg_1623                                                                |   16|   0|   16|          0|
    |layer2_out_V_15_reg_1628                                                                |   16|   0|   16|          0|
    |layer2_out_V_16_reg_1633                                                                |   16|   0|   16|          0|
    |layer2_out_V_17_reg_1638                                                                |   16|   0|   16|          0|
    |layer2_out_V_18_reg_1643                                                                |   16|   0|   16|          0|
    |layer2_out_V_19_reg_1648                                                                |   16|   0|   16|          0|
    |layer2_out_V_1_reg_1558                                                                 |   16|   0|   16|          0|
    |layer2_out_V_20_reg_1653                                                                |   16|   0|   16|          0|
    |layer2_out_V_21_reg_1658                                                                |   16|   0|   16|          0|
    |layer2_out_V_22_reg_1663                                                                |   16|   0|   16|          0|
    |layer2_out_V_23_reg_1668                                                                |   16|   0|   16|          0|
    |layer2_out_V_24_reg_1673                                                                |   16|   0|   16|          0|
    |layer2_out_V_25_reg_1678                                                                |   16|   0|   16|          0|
    |layer2_out_V_26_reg_1683                                                                |   16|   0|   16|          0|
    |layer2_out_V_27_reg_1688                                                                |   16|   0|   16|          0|
    |layer2_out_V_28_reg_1693                                                                |   16|   0|   16|          0|
    |layer2_out_V_29_reg_1698                                                                |   16|   0|   16|          0|
    |layer2_out_V_2_reg_1563                                                                 |   16|   0|   16|          0|
    |layer2_out_V_30_reg_1703                                                                |   16|   0|   16|          0|
    |layer2_out_V_31_reg_1708                                                                |   16|   0|   16|          0|
    |layer2_out_V_32_reg_1713                                                                |   16|   0|   16|          0|
    |layer2_out_V_33_reg_1718                                                                |   16|   0|   16|          0|
    |layer2_out_V_34_reg_1723                                                                |   16|   0|   16|          0|
    |layer2_out_V_35_reg_1728                                                                |   16|   0|   16|          0|
    |layer2_out_V_36_reg_1733                                                                |   16|   0|   16|          0|
    |layer2_out_V_37_reg_1738                                                                |   16|   0|   16|          0|
    |layer2_out_V_38_reg_1743                                                                |   16|   0|   16|          0|
    |layer2_out_V_39_reg_1748                                                                |   16|   0|   16|          0|
    |layer2_out_V_3_reg_1568                                                                 |   16|   0|   16|          0|
    |layer2_out_V_40_reg_1753                                                                |   16|   0|   16|          0|
    |layer2_out_V_41_reg_1758                                                                |   16|   0|   16|          0|
    |layer2_out_V_42_reg_1763                                                                |   16|   0|   16|          0|
    |layer2_out_V_43_reg_1768                                                                |   16|   0|   16|          0|
    |layer2_out_V_44_reg_1773                                                                |   16|   0|   16|          0|
    |layer2_out_V_45_reg_1778                                                                |   16|   0|   16|          0|
    |layer2_out_V_46_reg_1783                                                                |   16|   0|   16|          0|
    |layer2_out_V_47_reg_1788                                                                |   16|   0|   16|          0|
    |layer2_out_V_48_reg_1793                                                                |   16|   0|   16|          0|
    |layer2_out_V_49_reg_1798                                                                |   16|   0|   16|          0|
    |layer2_out_V_4_reg_1573                                                                 |   16|   0|   16|          0|
    |layer2_out_V_50_reg_1803                                                                |   16|   0|   16|          0|
    |layer2_out_V_51_reg_1808                                                                |   16|   0|   16|          0|
    |layer2_out_V_52_reg_1813                                                                |   16|   0|   16|          0|
    |layer2_out_V_53_reg_1818                                                                |   16|   0|   16|          0|
    |layer2_out_V_54_reg_1823                                                                |   16|   0|   16|          0|
    |layer2_out_V_55_reg_1828                                                                |   16|   0|   16|          0|
    |layer2_out_V_56_reg_1833                                                                |   16|   0|   16|          0|
    |layer2_out_V_57_reg_1838                                                                |   16|   0|   16|          0|
    |layer2_out_V_58_reg_1843                                                                |   16|   0|   16|          0|
    |layer2_out_V_59_reg_1848                                                                |   16|   0|   16|          0|
    |layer2_out_V_5_reg_1578                                                                 |   16|   0|   16|          0|
    |layer2_out_V_60_reg_1853                                                                |   16|   0|   16|          0|
    |layer2_out_V_61_reg_1858                                                                |   16|   0|   16|          0|
    |layer2_out_V_62_reg_1863                                                                |   16|   0|   16|          0|
    |layer2_out_V_63_reg_1868                                                                |   16|   0|   16|          0|
    |layer2_out_V_6_reg_1583                                                                 |   16|   0|   16|          0|
    |layer2_out_V_7_reg_1588                                                                 |   16|   0|   16|          0|
    |layer2_out_V_8_reg_1593                                                                 |   16|   0|   16|          0|
    |layer2_out_V_9_reg_1598                                                                 |   16|   0|   16|          0|
    |layer2_out_V_reg_1553                                                                   |   16|   0|   16|          0|
    |layer4_out_V_10_reg_1923                                                                |   16|   0|   16|          0|
    |layer4_out_V_11_reg_1928                                                                |   16|   0|   16|          0|
    |layer4_out_V_12_reg_1933                                                                |   16|   0|   16|          0|
    |layer4_out_V_13_reg_1938                                                                |   16|   0|   16|          0|
    |layer4_out_V_14_reg_1943                                                                |   16|   0|   16|          0|
    |layer4_out_V_15_reg_1948                                                                |   16|   0|   16|          0|
    |layer4_out_V_16_reg_1953                                                                |   16|   0|   16|          0|
    |layer4_out_V_17_reg_1958                                                                |   16|   0|   16|          0|
    |layer4_out_V_18_reg_1963                                                                |   16|   0|   16|          0|
    |layer4_out_V_19_reg_1968                                                                |   16|   0|   16|          0|
    |layer4_out_V_1_reg_1878                                                                 |   16|   0|   16|          0|
    |layer4_out_V_20_reg_1973                                                                |   16|   0|   16|          0|
    |layer4_out_V_21_reg_1978                                                                |   16|   0|   16|          0|
    |layer4_out_V_22_reg_1983                                                                |   16|   0|   16|          0|
    |layer4_out_V_23_reg_1988                                                                |   16|   0|   16|          0|
    |layer4_out_V_24_reg_1993                                                                |   16|   0|   16|          0|
    |layer4_out_V_25_reg_1998                                                                |   16|   0|   16|          0|
    |layer4_out_V_26_reg_2003                                                                |   16|   0|   16|          0|
    |layer4_out_V_27_reg_2008                                                                |   16|   0|   16|          0|
    |layer4_out_V_28_reg_2013                                                                |   16|   0|   16|          0|
    |layer4_out_V_29_reg_2018                                                                |   16|   0|   16|          0|
    |layer4_out_V_2_reg_1883                                                                 |   16|   0|   16|          0|
    |layer4_out_V_30_reg_2023                                                                |   16|   0|   16|          0|
    |layer4_out_V_31_reg_2028                                                                |   16|   0|   16|          0|
    |layer4_out_V_32_reg_2033                                                                |   16|   0|   16|          0|
    |layer4_out_V_33_reg_2038                                                                |   16|   0|   16|          0|
    |layer4_out_V_34_reg_2043                                                                |   16|   0|   16|          0|
    |layer4_out_V_35_reg_2048                                                                |   16|   0|   16|          0|
    |layer4_out_V_36_reg_2053                                                                |   16|   0|   16|          0|
    |layer4_out_V_37_reg_2058                                                                |   16|   0|   16|          0|
    |layer4_out_V_38_reg_2063                                                                |   16|   0|   16|          0|
    |layer4_out_V_39_reg_2068                                                                |   16|   0|   16|          0|
    |layer4_out_V_3_reg_1888                                                                 |   16|   0|   16|          0|
    |layer4_out_V_40_reg_2073                                                                |   16|   0|   16|          0|
    |layer4_out_V_41_reg_2078                                                                |   16|   0|   16|          0|
    |layer4_out_V_42_reg_2083                                                                |   16|   0|   16|          0|
    |layer4_out_V_43_reg_2088                                                                |   16|   0|   16|          0|
    |layer4_out_V_44_reg_2093                                                                |   16|   0|   16|          0|
    |layer4_out_V_45_reg_2098                                                                |   16|   0|   16|          0|
    |layer4_out_V_46_reg_2103                                                                |   16|   0|   16|          0|
    |layer4_out_V_47_reg_2108                                                                |   16|   0|   16|          0|
    |layer4_out_V_48_reg_2113                                                                |   16|   0|   16|          0|
    |layer4_out_V_49_reg_2118                                                                |   16|   0|   16|          0|
    |layer4_out_V_4_reg_1893                                                                 |   16|   0|   16|          0|
    |layer4_out_V_50_reg_2123                                                                |   16|   0|   16|          0|
    |layer4_out_V_51_reg_2128                                                                |   16|   0|   16|          0|
    |layer4_out_V_52_reg_2133                                                                |   16|   0|   16|          0|
    |layer4_out_V_53_reg_2138                                                                |   16|   0|   16|          0|
    |layer4_out_V_54_reg_2143                                                                |   16|   0|   16|          0|
    |layer4_out_V_55_reg_2148                                                                |   16|   0|   16|          0|
    |layer4_out_V_56_reg_2153                                                                |   16|   0|   16|          0|
    |layer4_out_V_57_reg_2158                                                                |   16|   0|   16|          0|
    |layer4_out_V_58_reg_2163                                                                |   16|   0|   16|          0|
    |layer4_out_V_59_reg_2168                                                                |   16|   0|   16|          0|
    |layer4_out_V_5_reg_1898                                                                 |   16|   0|   16|          0|
    |layer4_out_V_60_reg_2173                                                                |   16|   0|   16|          0|
    |layer4_out_V_61_reg_2178                                                                |   16|   0|   16|          0|
    |layer4_out_V_62_reg_2183                                                                |   16|   0|   16|          0|
    |layer4_out_V_63_reg_2188                                                                |   16|   0|   16|          0|
    |layer4_out_V_6_reg_1903                                                                 |   16|   0|   16|          0|
    |layer4_out_V_7_reg_1908                                                                 |   16|   0|   16|          0|
    |layer4_out_V_8_reg_1913                                                                 |   16|   0|   16|          0|
    |layer4_out_V_9_reg_1918                                                                 |   16|   0|   16|          0|
    |layer4_out_V_reg_1873                                                                   |   16|   0|   16|          0|
    |layer7_out_V_10_reg_2243                                                                |   16|   0|   16|          0|
    |layer7_out_V_11_reg_2248                                                                |   16|   0|   16|          0|
    |layer7_out_V_12_reg_2253                                                                |   16|   0|   16|          0|
    |layer7_out_V_13_reg_2258                                                                |   16|   0|   16|          0|
    |layer7_out_V_14_reg_2263                                                                |   16|   0|   16|          0|
    |layer7_out_V_15_reg_2268                                                                |   16|   0|   16|          0|
    |layer7_out_V_16_reg_2273                                                                |   16|   0|   16|          0|
    |layer7_out_V_17_reg_2278                                                                |   16|   0|   16|          0|
    |layer7_out_V_18_reg_2283                                                                |   16|   0|   16|          0|
    |layer7_out_V_19_reg_2288                                                                |   16|   0|   16|          0|
    |layer7_out_V_1_reg_2198                                                                 |   16|   0|   16|          0|
    |layer7_out_V_20_reg_2293                                                                |   16|   0|   16|          0|
    |layer7_out_V_21_reg_2298                                                                |   16|   0|   16|          0|
    |layer7_out_V_22_reg_2303                                                                |   16|   0|   16|          0|
    |layer7_out_V_23_reg_2308                                                                |   16|   0|   16|          0|
    |layer7_out_V_24_reg_2313                                                                |   16|   0|   16|          0|
    |layer7_out_V_25_reg_2318                                                                |   16|   0|   16|          0|
    |layer7_out_V_26_reg_2323                                                                |   16|   0|   16|          0|
    |layer7_out_V_27_reg_2328                                                                |   16|   0|   16|          0|
    |layer7_out_V_28_reg_2333                                                                |   16|   0|   16|          0|
    |layer7_out_V_29_reg_2338                                                                |   16|   0|   16|          0|
    |layer7_out_V_2_reg_2203                                                                 |   16|   0|   16|          0|
    |layer7_out_V_30_reg_2343                                                                |   16|   0|   16|          0|
    |layer7_out_V_31_reg_2348                                                                |   16|   0|   16|          0|
    |layer7_out_V_3_reg_2208                                                                 |   16|   0|   16|          0|
    |layer7_out_V_4_reg_2213                                                                 |   16|   0|   16|          0|
    |layer7_out_V_5_reg_2218                                                                 |   16|   0|   16|          0|
    |layer7_out_V_6_reg_2223                                                                 |   16|   0|   16|          0|
    |layer7_out_V_7_reg_2228                                                                 |   16|   0|   16|          0|
    |layer7_out_V_8_reg_2233                                                                 |   16|   0|   16|          0|
    |layer7_out_V_9_reg_2238                                                                 |   16|   0|   16|          0|
    |layer7_out_V_reg_2193                                                                   |   16|   0|   16|          0|
    |layer8_out_V_10_reg_2403                                                                |   16|   0|   16|          0|
    |layer8_out_V_11_reg_2408                                                                |   16|   0|   16|          0|
    |layer8_out_V_12_reg_2413                                                                |   16|   0|   16|          0|
    |layer8_out_V_13_reg_2418                                                                |   16|   0|   16|          0|
    |layer8_out_V_14_reg_2423                                                                |   16|   0|   16|          0|
    |layer8_out_V_15_reg_2428                                                                |   16|   0|   16|          0|
    |layer8_out_V_16_reg_2433                                                                |   16|   0|   16|          0|
    |layer8_out_V_17_reg_2438                                                                |   16|   0|   16|          0|
    |layer8_out_V_18_reg_2443                                                                |   16|   0|   16|          0|
    |layer8_out_V_19_reg_2448                                                                |   16|   0|   16|          0|
    |layer8_out_V_1_reg_2358                                                                 |   16|   0|   16|          0|
    |layer8_out_V_20_reg_2453                                                                |   16|   0|   16|          0|
    |layer8_out_V_21_reg_2458                                                                |   16|   0|   16|          0|
    |layer8_out_V_22_reg_2463                                                                |   16|   0|   16|          0|
    |layer8_out_V_23_reg_2468                                                                |   16|   0|   16|          0|
    |layer8_out_V_24_reg_2473                                                                |   16|   0|   16|          0|
    |layer8_out_V_25_reg_2478                                                                |   16|   0|   16|          0|
    |layer8_out_V_26_reg_2483                                                                |   16|   0|   16|          0|
    |layer8_out_V_27_reg_2488                                                                |   16|   0|   16|          0|
    |layer8_out_V_28_reg_2493                                                                |   16|   0|   16|          0|
    |layer8_out_V_29_reg_2498                                                                |   16|   0|   16|          0|
    |layer8_out_V_2_reg_2363                                                                 |   16|   0|   16|          0|
    |layer8_out_V_30_reg_2503                                                                |   16|   0|   16|          0|
    |layer8_out_V_31_reg_2508                                                                |   16|   0|   16|          0|
    |layer8_out_V_3_reg_2368                                                                 |   16|   0|   16|          0|
    |layer8_out_V_4_reg_2373                                                                 |   16|   0|   16|          0|
    |layer8_out_V_5_reg_2378                                                                 |   16|   0|   16|          0|
    |layer8_out_V_6_reg_2383                                                                 |   16|   0|   16|          0|
    |layer8_out_V_7_reg_2388                                                                 |   16|   0|   16|          0|
    |layer8_out_V_8_reg_2393                                                                 |   16|   0|   16|          0|
    |layer8_out_V_9_reg_2398                                                                 |   16|   0|   16|          0|
    |layer8_out_V_reg_2353                                                                   |   16|   0|   16|          0|
    |zext_ln386_reg_1534                                                                     |   14|   0|   64|         50|
    |zext_ln386_reg_1534                                                                     |    0|  16|   64|         50|
    +----------------------------------------------------------------------------------------+-----+----+-----+-----------+
    |Total                                                                                   | 3957|  16| 4071|        100|
    +----------------------------------------------------------------------------------------+-----+----+-----+-----------+



================================================================
== Interface
================================================================
* Summary: 
+--------------------+-----+-----+------------+--------------+--------------+
|      RTL Ports     | Dir | Bits|  Protocol  | Source Object|    C Type    |
+--------------------+-----+-----+------------+--------------+--------------+
|ap_continue         |   in|    1|  ap_ctrl_hs|     myproject|  return value|
|ap_clk              |   in|    1|  ap_ctrl_hs|     myproject|  return value|
|ap_rst              |   in|    1|  ap_ctrl_hs|     myproject|  return value|
|ap_start            |   in|    1|  ap_ctrl_hs|     myproject|  return value|
|ap_done             |  out|    1|  ap_ctrl_hs|     myproject|  return value|
|ap_idle             |  out|    1|  ap_ctrl_hs|     myproject|  return value|
|ap_ready            |  out|    1|  ap_ctrl_hs|     myproject|  return value|
|in_buf_address0     |  out|   14|   ap_memory|        in_buf|         array|
|in_buf_ce0          |  out|    1|   ap_memory|        in_buf|         array|
|in_buf_q0           |   in|  256|   ap_memory|        in_buf|         array|
|i                   |   in|   14|     ap_none|             i|        scalar|
|out_buf_0_address0  |  out|   14|   ap_memory|     out_buf_0|         array|
|out_buf_0_ce0       |  out|    1|   ap_memory|     out_buf_0|         array|
|out_buf_0_we0       |  out|    1|   ap_memory|     out_buf_0|         array|
|out_buf_0_d0        |  out|   16|   ap_memory|     out_buf_0|         array|
|out_buf_1_address0  |  out|   14|   ap_memory|     out_buf_1|         array|
|out_buf_1_ce0       |  out|    1|   ap_memory|     out_buf_1|         array|
|out_buf_1_we0       |  out|    1|   ap_memory|     out_buf_1|         array|
|out_buf_1_d0        |  out|   16|   ap_memory|     out_buf_1|         array|
|out_buf_2_address0  |  out|   14|   ap_memory|     out_buf_2|         array|
|out_buf_2_ce0       |  out|    1|   ap_memory|     out_buf_2|         array|
|out_buf_2_we0       |  out|    1|   ap_memory|     out_buf_2|         array|
|out_buf_2_d0        |  out|   16|   ap_memory|     out_buf_2|         array|
|out_buf_3_address0  |  out|   14|   ap_memory|     out_buf_3|         array|
|out_buf_3_ce0       |  out|    1|   ap_memory|     out_buf_3|         array|
|out_buf_3_we0       |  out|    1|   ap_memory|     out_buf_3|         array|
|out_buf_3_d0        |  out|   16|   ap_memory|     out_buf_3|         array|
|out_buf_4_address0  |  out|   14|   ap_memory|     out_buf_4|         array|
|out_buf_4_ce0       |  out|    1|   ap_memory|     out_buf_4|         array|
|out_buf_4_we0       |  out|    1|   ap_memory|     out_buf_4|         array|
|out_buf_4_d0        |  out|   16|   ap_memory|     out_buf_4|         array|
+--------------------+-----+-----+------------+--------------+--------------+

============================================================
+ Verbose Summary: Synthesis Manager
============================================================
InlineROM: 1
ExposeGlobal: 0
============================================================
+ Verbose Summary: CDFG Model
============================================================
IsTopModel: 0
ResetActiveHigh: 1
IsCombinational: 2
IsDatapathOnly: 0
HasWiredReturn: 1
HasMFsm: 2
HasVarLatency: 0
IsPipeline: 1
IsRtlPipelined: 1
IsInstanceOverlapped: 0
IsDontTouch: 0
HasImplIP: 0
IsGatedGlobalClock: 0

+ Individual pipeline summary: 
  * Pipeline-0: initiation interval (II) = 1, depth = 21


============================================================
+ Verbose Summary: Schedule
============================================================
* Number of FSM states : 21
* Pipeline : 1
  Pipeline-0 : II = 1, D = 21, States = { 1 2 3 4 5 6 7 8 9 10 11 12 13 14 15 16 17 18 19 20 21 }
* Dataflow Pipeline: 0

* FSM state transitions: 
1 --> 2 
2 --> 3 
3 --> 4 
4 --> 5 
5 --> 6 
6 --> 7 
7 --> 8 
8 --> 9 
9 --> 10 
10 --> 11 
11 --> 12 
12 --> 13 
13 --> 14 
14 --> 15 
15 --> 16 
16 --> 17 
17 --> 18 
18 --> 19 
19 --> 20 
20 --> 21 
21 --> 

* FSM state operations: 

State 1 <SV = 0> <Delay = 2.01>
ST_1 : Operation 22 [1/1] (0.83ns)   --->   "%i_read = read i14 @_ssdm_op_Read.ap_auto.i14, i14 %i"   --->   Operation 22 'read' 'i_read' <Predicate = true> <Delay = 0.83> <CoreInst = "FIFO_SRL">   --->   Core 85 'FIFO_SRL' <Latency = 0> <II = 1> <Delay = 0.83> <Storage> <Opcode : 'read' 'write' 'nbread' 'nbwrite'> <Ports = 0> <Width = -1> <Depth = -1> <FIFO>
ST_1 : Operation 23 [1/1] (0.00ns)   --->   "%zext_ln386 = zext i14 %i_read" [/home/kaxiotis/Vitis_Accel_Projects/vitis_accel_prj/firmware/nnet_utils/nnet_activation.h:386->/home/kaxiotis/Vitis_Accel_Projects/vitis_accel_prj/kernel_wrapper.cpp:17]   --->   Operation 23 'zext' 'zext_ln386' <Predicate = true> <Delay = 0.00>
ST_1 : Operation 24 [1/1] (0.00ns)   --->   "%in_buf_addr = getelementptr i256 %in_buf, i64 0, i64 %zext_ln386" [/home/kaxiotis/Vitis_Accel_Projects/vitis_accel_prj/firmware/nnet_utils/nnet_dense.h:41->/home/kaxiotis/Vitis_Accel_Projects/vitis_accel_prj/kernel_wrapper.cpp:17]   --->   Operation 24 'getelementptr' 'in_buf_addr' <Predicate = true> <Delay = 0.00>
ST_1 : Operation 25 [2/2] (1.17ns)   --->   "%in_buf_load = load i14 %in_buf_addr" [/home/kaxiotis/Vitis_Accel_Projects/vitis_accel_prj/firmware/nnet_utils/nnet_dense.h:41->/home/kaxiotis/Vitis_Accel_Projects/vitis_accel_prj/kernel_wrapper.cpp:17]   --->   Operation 25 'load' 'in_buf_load' <Predicate = true> <Delay = 1.17> <CoreInst = "RAM">   --->   Core 87 'RAM' <Latency = 1> <II = 1> <Delay = 1.25> <Storage> <Opcode : 'load' 'store'> <Ports = 2> <Width = 256> <Depth = 16384> <RAM>

State 2 <SV = 1> <Delay = 1.04>
ST_2 : Operation 26 [1/2] (1.04ns)   --->   "%in_buf_load = load i14 %in_buf_addr" [/home/kaxiotis/Vitis_Accel_Projects/vitis_accel_prj/firmware/nnet_utils/nnet_dense.h:41->/home/kaxiotis/Vitis_Accel_Projects/vitis_accel_prj/kernel_wrapper.cpp:17]   --->   Operation 26 'load' 'in_buf_load' <Predicate = true> <Delay = 1.04> <CoreInst = "RAM">   --->   Core 87 'RAM' <Latency = 1> <II = 1> <Delay = 1.25> <Storage> <Opcode : 'load' 'store'> <Ports = 2> <Width = 256> <Depth = 16384> <RAM>

State 3 <SV = 2> <Delay = 3.63>
ST_3 : Operation 27 [2/2] (3.63ns)   --->   "%call_ret1_i_i = call i1024 @dense_latency<ap_fixed<16, 6, 5, 3, 0>, ap_fixed<16, 6, 5, 3, 0>, config2>, i256 %in_buf_load" [/home/kaxiotis/Vitis_Accel_Projects/vitis_accel_prj/firmware/nnet_utils/nnet_dense.h:41->/home/kaxiotis/Vitis_Accel_Projects/vitis_accel_prj/kernel_wrapper.cpp:17]   --->   Operation 27 'call' 'call_ret1_i_i' <Predicate = true> <Delay = 3.63> <CoreType = "Generic">   --->   Core 0 '' <Latency = 0> <II = 1> <Delay = 1.00> <Generic> <Opcode : >

State 4 <SV = 3> <Delay = 3.04>
ST_4 : Operation 28 [1/2] (3.04ns)   --->   "%call_ret1_i_i = call i1024 @dense_latency<ap_fixed<16, 6, 5, 3, 0>, ap_fixed<16, 6, 5, 3, 0>, config2>, i256 %in_buf_load" [/home/kaxiotis/Vitis_Accel_Projects/vitis_accel_prj/firmware/nnet_utils/nnet_dense.h:41->/home/kaxiotis/Vitis_Accel_Projects/vitis_accel_prj/kernel_wrapper.cpp:17]   --->   Operation 28 'call' 'call_ret1_i_i' <Predicate = true> <Delay = 3.04> <CoreType = "Generic">   --->   Core 0 '' <Latency = 0> <II = 1> <Delay = 1.00> <Generic> <Opcode : >
ST_4 : Operation 29 [1/1] (0.00ns)   --->   "%layer2_out_V = extractvalue i1024 %call_ret1_i_i" [/home/kaxiotis/Vitis_Accel_Projects/vitis_accel_prj/firmware/nnet_utils/nnet_dense.h:41->/home/kaxiotis/Vitis_Accel_Projects/vitis_accel_prj/kernel_wrapper.cpp:17]   --->   Operation 29 'extractvalue' 'layer2_out_V' <Predicate = true> <Delay = 0.00>
ST_4 : Operation 30 [1/1] (0.00ns)   --->   "%layer2_out_V_1 = extractvalue i1024 %call_ret1_i_i" [/home/kaxiotis/Vitis_Accel_Projects/vitis_accel_prj/firmware/nnet_utils/nnet_dense.h:41->/home/kaxiotis/Vitis_Accel_Projects/vitis_accel_prj/kernel_wrapper.cpp:17]   --->   Operation 30 'extractvalue' 'layer2_out_V_1' <Predicate = true> <Delay = 0.00>
ST_4 : Operation 31 [1/1] (0.00ns)   --->   "%layer2_out_V_2 = extractvalue i1024 %call_ret1_i_i" [/home/kaxiotis/Vitis_Accel_Projects/vitis_accel_prj/firmware/nnet_utils/nnet_dense.h:41->/home/kaxiotis/Vitis_Accel_Projects/vitis_accel_prj/kernel_wrapper.cpp:17]   --->   Operation 31 'extractvalue' 'layer2_out_V_2' <Predicate = true> <Delay = 0.00>
ST_4 : Operation 32 [1/1] (0.00ns)   --->   "%layer2_out_V_3 = extractvalue i1024 %call_ret1_i_i" [/home/kaxiotis/Vitis_Accel_Projects/vitis_accel_prj/firmware/nnet_utils/nnet_dense.h:41->/home/kaxiotis/Vitis_Accel_Projects/vitis_accel_prj/kernel_wrapper.cpp:17]   --->   Operation 32 'extractvalue' 'layer2_out_V_3' <Predicate = true> <Delay = 0.00>
ST_4 : Operation 33 [1/1] (0.00ns)   --->   "%layer2_out_V_4 = extractvalue i1024 %call_ret1_i_i" [/home/kaxiotis/Vitis_Accel_Projects/vitis_accel_prj/firmware/nnet_utils/nnet_dense.h:41->/home/kaxiotis/Vitis_Accel_Projects/vitis_accel_prj/kernel_wrapper.cpp:17]   --->   Operation 33 'extractvalue' 'layer2_out_V_4' <Predicate = true> <Delay = 0.00>
ST_4 : Operation 34 [1/1] (0.00ns)   --->   "%layer2_out_V_5 = extractvalue i1024 %call_ret1_i_i" [/home/kaxiotis/Vitis_Accel_Projects/vitis_accel_prj/firmware/nnet_utils/nnet_dense.h:41->/home/kaxiotis/Vitis_Accel_Projects/vitis_accel_prj/kernel_wrapper.cpp:17]   --->   Operation 34 'extractvalue' 'layer2_out_V_5' <Predicate = true> <Delay = 0.00>
ST_4 : Operation 35 [1/1] (0.00ns)   --->   "%layer2_out_V_6 = extractvalue i1024 %call_ret1_i_i" [/home/kaxiotis/Vitis_Accel_Projects/vitis_accel_prj/firmware/nnet_utils/nnet_dense.h:41->/home/kaxiotis/Vitis_Accel_Projects/vitis_accel_prj/kernel_wrapper.cpp:17]   --->   Operation 35 'extractvalue' 'layer2_out_V_6' <Predicate = true> <Delay = 0.00>
ST_4 : Operation 36 [1/1] (0.00ns)   --->   "%layer2_out_V_7 = extractvalue i1024 %call_ret1_i_i" [/home/kaxiotis/Vitis_Accel_Projects/vitis_accel_prj/firmware/nnet_utils/nnet_dense.h:41->/home/kaxiotis/Vitis_Accel_Projects/vitis_accel_prj/kernel_wrapper.cpp:17]   --->   Operation 36 'extractvalue' 'layer2_out_V_7' <Predicate = true> <Delay = 0.00>
ST_4 : Operation 37 [1/1] (0.00ns)   --->   "%layer2_out_V_8 = extractvalue i1024 %call_ret1_i_i" [/home/kaxiotis/Vitis_Accel_Projects/vitis_accel_prj/firmware/nnet_utils/nnet_dense.h:41->/home/kaxiotis/Vitis_Accel_Projects/vitis_accel_prj/kernel_wrapper.cpp:17]   --->   Operation 37 'extractvalue' 'layer2_out_V_8' <Predicate = true> <Delay = 0.00>
ST_4 : Operation 38 [1/1] (0.00ns)   --->   "%layer2_out_V_9 = extractvalue i1024 %call_ret1_i_i" [/home/kaxiotis/Vitis_Accel_Projects/vitis_accel_prj/firmware/nnet_utils/nnet_dense.h:41->/home/kaxiotis/Vitis_Accel_Projects/vitis_accel_prj/kernel_wrapper.cpp:17]   --->   Operation 38 'extractvalue' 'layer2_out_V_9' <Predicate = true> <Delay = 0.00>
ST_4 : Operation 39 [1/1] (0.00ns)   --->   "%layer2_out_V_10 = extractvalue i1024 %call_ret1_i_i" [/home/kaxiotis/Vitis_Accel_Projects/vitis_accel_prj/firmware/nnet_utils/nnet_dense.h:41->/home/kaxiotis/Vitis_Accel_Projects/vitis_accel_prj/kernel_wrapper.cpp:17]   --->   Operation 39 'extractvalue' 'layer2_out_V_10' <Predicate = true> <Delay = 0.00>
ST_4 : Operation 40 [1/1] (0.00ns)   --->   "%layer2_out_V_11 = extractvalue i1024 %call_ret1_i_i" [/home/kaxiotis/Vitis_Accel_Projects/vitis_accel_prj/firmware/nnet_utils/nnet_dense.h:41->/home/kaxiotis/Vitis_Accel_Projects/vitis_accel_prj/kernel_wrapper.cpp:17]   --->   Operation 40 'extractvalue' 'layer2_out_V_11' <Predicate = true> <Delay = 0.00>
ST_4 : Operation 41 [1/1] (0.00ns)   --->   "%layer2_out_V_12 = extractvalue i1024 %call_ret1_i_i" [/home/kaxiotis/Vitis_Accel_Projects/vitis_accel_prj/firmware/nnet_utils/nnet_dense.h:41->/home/kaxiotis/Vitis_Accel_Projects/vitis_accel_prj/kernel_wrapper.cpp:17]   --->   Operation 41 'extractvalue' 'layer2_out_V_12' <Predicate = true> <Delay = 0.00>
ST_4 : Operation 42 [1/1] (0.00ns)   --->   "%layer2_out_V_13 = extractvalue i1024 %call_ret1_i_i" [/home/kaxiotis/Vitis_Accel_Projects/vitis_accel_prj/firmware/nnet_utils/nnet_dense.h:41->/home/kaxiotis/Vitis_Accel_Projects/vitis_accel_prj/kernel_wrapper.cpp:17]   --->   Operation 42 'extractvalue' 'layer2_out_V_13' <Predicate = true> <Delay = 0.00>
ST_4 : Operation 43 [1/1] (0.00ns)   --->   "%layer2_out_V_14 = extractvalue i1024 %call_ret1_i_i" [/home/kaxiotis/Vitis_Accel_Projects/vitis_accel_prj/firmware/nnet_utils/nnet_dense.h:41->/home/kaxiotis/Vitis_Accel_Projects/vitis_accel_prj/kernel_wrapper.cpp:17]   --->   Operation 43 'extractvalue' 'layer2_out_V_14' <Predicate = true> <Delay = 0.00>
ST_4 : Operation 44 [1/1] (0.00ns)   --->   "%layer2_out_V_15 = extractvalue i1024 %call_ret1_i_i" [/home/kaxiotis/Vitis_Accel_Projects/vitis_accel_prj/firmware/nnet_utils/nnet_dense.h:41->/home/kaxiotis/Vitis_Accel_Projects/vitis_accel_prj/kernel_wrapper.cpp:17]   --->   Operation 44 'extractvalue' 'layer2_out_V_15' <Predicate = true> <Delay = 0.00>
ST_4 : Operation 45 [1/1] (0.00ns)   --->   "%layer2_out_V_16 = extractvalue i1024 %call_ret1_i_i" [/home/kaxiotis/Vitis_Accel_Projects/vitis_accel_prj/firmware/nnet_utils/nnet_dense.h:41->/home/kaxiotis/Vitis_Accel_Projects/vitis_accel_prj/kernel_wrapper.cpp:17]   --->   Operation 45 'extractvalue' 'layer2_out_V_16' <Predicate = true> <Delay = 0.00>
ST_4 : Operation 46 [1/1] (0.00ns)   --->   "%layer2_out_V_17 = extractvalue i1024 %call_ret1_i_i" [/home/kaxiotis/Vitis_Accel_Projects/vitis_accel_prj/firmware/nnet_utils/nnet_dense.h:41->/home/kaxiotis/Vitis_Accel_Projects/vitis_accel_prj/kernel_wrapper.cpp:17]   --->   Operation 46 'extractvalue' 'layer2_out_V_17' <Predicate = true> <Delay = 0.00>
ST_4 : Operation 47 [1/1] (0.00ns)   --->   "%layer2_out_V_18 = extractvalue i1024 %call_ret1_i_i" [/home/kaxiotis/Vitis_Accel_Projects/vitis_accel_prj/firmware/nnet_utils/nnet_dense.h:41->/home/kaxiotis/Vitis_Accel_Projects/vitis_accel_prj/kernel_wrapper.cpp:17]   --->   Operation 47 'extractvalue' 'layer2_out_V_18' <Predicate = true> <Delay = 0.00>
ST_4 : Operation 48 [1/1] (0.00ns)   --->   "%layer2_out_V_19 = extractvalue i1024 %call_ret1_i_i" [/home/kaxiotis/Vitis_Accel_Projects/vitis_accel_prj/firmware/nnet_utils/nnet_dense.h:41->/home/kaxiotis/Vitis_Accel_Projects/vitis_accel_prj/kernel_wrapper.cpp:17]   --->   Operation 48 'extractvalue' 'layer2_out_V_19' <Predicate = true> <Delay = 0.00>
ST_4 : Operation 49 [1/1] (0.00ns)   --->   "%layer2_out_V_20 = extractvalue i1024 %call_ret1_i_i" [/home/kaxiotis/Vitis_Accel_Projects/vitis_accel_prj/firmware/nnet_utils/nnet_dense.h:41->/home/kaxiotis/Vitis_Accel_Projects/vitis_accel_prj/kernel_wrapper.cpp:17]   --->   Operation 49 'extractvalue' 'layer2_out_V_20' <Predicate = true> <Delay = 0.00>
ST_4 : Operation 50 [1/1] (0.00ns)   --->   "%layer2_out_V_21 = extractvalue i1024 %call_ret1_i_i" [/home/kaxiotis/Vitis_Accel_Projects/vitis_accel_prj/firmware/nnet_utils/nnet_dense.h:41->/home/kaxiotis/Vitis_Accel_Projects/vitis_accel_prj/kernel_wrapper.cpp:17]   --->   Operation 50 'extractvalue' 'layer2_out_V_21' <Predicate = true> <Delay = 0.00>
ST_4 : Operation 51 [1/1] (0.00ns)   --->   "%layer2_out_V_22 = extractvalue i1024 %call_ret1_i_i" [/home/kaxiotis/Vitis_Accel_Projects/vitis_accel_prj/firmware/nnet_utils/nnet_dense.h:41->/home/kaxiotis/Vitis_Accel_Projects/vitis_accel_prj/kernel_wrapper.cpp:17]   --->   Operation 51 'extractvalue' 'layer2_out_V_22' <Predicate = true> <Delay = 0.00>
ST_4 : Operation 52 [1/1] (0.00ns)   --->   "%layer2_out_V_23 = extractvalue i1024 %call_ret1_i_i" [/home/kaxiotis/Vitis_Accel_Projects/vitis_accel_prj/firmware/nnet_utils/nnet_dense.h:41->/home/kaxiotis/Vitis_Accel_Projects/vitis_accel_prj/kernel_wrapper.cpp:17]   --->   Operation 52 'extractvalue' 'layer2_out_V_23' <Predicate = true> <Delay = 0.00>
ST_4 : Operation 53 [1/1] (0.00ns)   --->   "%layer2_out_V_24 = extractvalue i1024 %call_ret1_i_i" [/home/kaxiotis/Vitis_Accel_Projects/vitis_accel_prj/firmware/nnet_utils/nnet_dense.h:41->/home/kaxiotis/Vitis_Accel_Projects/vitis_accel_prj/kernel_wrapper.cpp:17]   --->   Operation 53 'extractvalue' 'layer2_out_V_24' <Predicate = true> <Delay = 0.00>
ST_4 : Operation 54 [1/1] (0.00ns)   --->   "%layer2_out_V_25 = extractvalue i1024 %call_ret1_i_i" [/home/kaxiotis/Vitis_Accel_Projects/vitis_accel_prj/firmware/nnet_utils/nnet_dense.h:41->/home/kaxiotis/Vitis_Accel_Projects/vitis_accel_prj/kernel_wrapper.cpp:17]   --->   Operation 54 'extractvalue' 'layer2_out_V_25' <Predicate = true> <Delay = 0.00>
ST_4 : Operation 55 [1/1] (0.00ns)   --->   "%layer2_out_V_26 = extractvalue i1024 %call_ret1_i_i" [/home/kaxiotis/Vitis_Accel_Projects/vitis_accel_prj/firmware/nnet_utils/nnet_dense.h:41->/home/kaxiotis/Vitis_Accel_Projects/vitis_accel_prj/kernel_wrapper.cpp:17]   --->   Operation 55 'extractvalue' 'layer2_out_V_26' <Predicate = true> <Delay = 0.00>
ST_4 : Operation 56 [1/1] (0.00ns)   --->   "%layer2_out_V_27 = extractvalue i1024 %call_ret1_i_i" [/home/kaxiotis/Vitis_Accel_Projects/vitis_accel_prj/firmware/nnet_utils/nnet_dense.h:41->/home/kaxiotis/Vitis_Accel_Projects/vitis_accel_prj/kernel_wrapper.cpp:17]   --->   Operation 56 'extractvalue' 'layer2_out_V_27' <Predicate = true> <Delay = 0.00>
ST_4 : Operation 57 [1/1] (0.00ns)   --->   "%layer2_out_V_28 = extractvalue i1024 %call_ret1_i_i" [/home/kaxiotis/Vitis_Accel_Projects/vitis_accel_prj/firmware/nnet_utils/nnet_dense.h:41->/home/kaxiotis/Vitis_Accel_Projects/vitis_accel_prj/kernel_wrapper.cpp:17]   --->   Operation 57 'extractvalue' 'layer2_out_V_28' <Predicate = true> <Delay = 0.00>
ST_4 : Operation 58 [1/1] (0.00ns)   --->   "%layer2_out_V_29 = extractvalue i1024 %call_ret1_i_i" [/home/kaxiotis/Vitis_Accel_Projects/vitis_accel_prj/firmware/nnet_utils/nnet_dense.h:41->/home/kaxiotis/Vitis_Accel_Projects/vitis_accel_prj/kernel_wrapper.cpp:17]   --->   Operation 58 'extractvalue' 'layer2_out_V_29' <Predicate = true> <Delay = 0.00>
ST_4 : Operation 59 [1/1] (0.00ns)   --->   "%layer2_out_V_30 = extractvalue i1024 %call_ret1_i_i" [/home/kaxiotis/Vitis_Accel_Projects/vitis_accel_prj/firmware/nnet_utils/nnet_dense.h:41->/home/kaxiotis/Vitis_Accel_Projects/vitis_accel_prj/kernel_wrapper.cpp:17]   --->   Operation 59 'extractvalue' 'layer2_out_V_30' <Predicate = true> <Delay = 0.00>
ST_4 : Operation 60 [1/1] (0.00ns)   --->   "%layer2_out_V_31 = extractvalue i1024 %call_ret1_i_i" [/home/kaxiotis/Vitis_Accel_Projects/vitis_accel_prj/firmware/nnet_utils/nnet_dense.h:41->/home/kaxiotis/Vitis_Accel_Projects/vitis_accel_prj/kernel_wrapper.cpp:17]   --->   Operation 60 'extractvalue' 'layer2_out_V_31' <Predicate = true> <Delay = 0.00>
ST_4 : Operation 61 [1/1] (0.00ns)   --->   "%layer2_out_V_32 = extractvalue i1024 %call_ret1_i_i" [/home/kaxiotis/Vitis_Accel_Projects/vitis_accel_prj/firmware/nnet_utils/nnet_dense.h:41->/home/kaxiotis/Vitis_Accel_Projects/vitis_accel_prj/kernel_wrapper.cpp:17]   --->   Operation 61 'extractvalue' 'layer2_out_V_32' <Predicate = true> <Delay = 0.00>
ST_4 : Operation 62 [1/1] (0.00ns)   --->   "%layer2_out_V_33 = extractvalue i1024 %call_ret1_i_i" [/home/kaxiotis/Vitis_Accel_Projects/vitis_accel_prj/firmware/nnet_utils/nnet_dense.h:41->/home/kaxiotis/Vitis_Accel_Projects/vitis_accel_prj/kernel_wrapper.cpp:17]   --->   Operation 62 'extractvalue' 'layer2_out_V_33' <Predicate = true> <Delay = 0.00>
ST_4 : Operation 63 [1/1] (0.00ns)   --->   "%layer2_out_V_34 = extractvalue i1024 %call_ret1_i_i" [/home/kaxiotis/Vitis_Accel_Projects/vitis_accel_prj/firmware/nnet_utils/nnet_dense.h:41->/home/kaxiotis/Vitis_Accel_Projects/vitis_accel_prj/kernel_wrapper.cpp:17]   --->   Operation 63 'extractvalue' 'layer2_out_V_34' <Predicate = true> <Delay = 0.00>
ST_4 : Operation 64 [1/1] (0.00ns)   --->   "%layer2_out_V_35 = extractvalue i1024 %call_ret1_i_i" [/home/kaxiotis/Vitis_Accel_Projects/vitis_accel_prj/firmware/nnet_utils/nnet_dense.h:41->/home/kaxiotis/Vitis_Accel_Projects/vitis_accel_prj/kernel_wrapper.cpp:17]   --->   Operation 64 'extractvalue' 'layer2_out_V_35' <Predicate = true> <Delay = 0.00>
ST_4 : Operation 65 [1/1] (0.00ns)   --->   "%layer2_out_V_36 = extractvalue i1024 %call_ret1_i_i" [/home/kaxiotis/Vitis_Accel_Projects/vitis_accel_prj/firmware/nnet_utils/nnet_dense.h:41->/home/kaxiotis/Vitis_Accel_Projects/vitis_accel_prj/kernel_wrapper.cpp:17]   --->   Operation 65 'extractvalue' 'layer2_out_V_36' <Predicate = true> <Delay = 0.00>
ST_4 : Operation 66 [1/1] (0.00ns)   --->   "%layer2_out_V_37 = extractvalue i1024 %call_ret1_i_i" [/home/kaxiotis/Vitis_Accel_Projects/vitis_accel_prj/firmware/nnet_utils/nnet_dense.h:41->/home/kaxiotis/Vitis_Accel_Projects/vitis_accel_prj/kernel_wrapper.cpp:17]   --->   Operation 66 'extractvalue' 'layer2_out_V_37' <Predicate = true> <Delay = 0.00>
ST_4 : Operation 67 [1/1] (0.00ns)   --->   "%layer2_out_V_38 = extractvalue i1024 %call_ret1_i_i" [/home/kaxiotis/Vitis_Accel_Projects/vitis_accel_prj/firmware/nnet_utils/nnet_dense.h:41->/home/kaxiotis/Vitis_Accel_Projects/vitis_accel_prj/kernel_wrapper.cpp:17]   --->   Operation 67 'extractvalue' 'layer2_out_V_38' <Predicate = true> <Delay = 0.00>
ST_4 : Operation 68 [1/1] (0.00ns)   --->   "%layer2_out_V_39 = extractvalue i1024 %call_ret1_i_i" [/home/kaxiotis/Vitis_Accel_Projects/vitis_accel_prj/firmware/nnet_utils/nnet_dense.h:41->/home/kaxiotis/Vitis_Accel_Projects/vitis_accel_prj/kernel_wrapper.cpp:17]   --->   Operation 68 'extractvalue' 'layer2_out_V_39' <Predicate = true> <Delay = 0.00>
ST_4 : Operation 69 [1/1] (0.00ns)   --->   "%layer2_out_V_40 = extractvalue i1024 %call_ret1_i_i" [/home/kaxiotis/Vitis_Accel_Projects/vitis_accel_prj/firmware/nnet_utils/nnet_dense.h:41->/home/kaxiotis/Vitis_Accel_Projects/vitis_accel_prj/kernel_wrapper.cpp:17]   --->   Operation 69 'extractvalue' 'layer2_out_V_40' <Predicate = true> <Delay = 0.00>
ST_4 : Operation 70 [1/1] (0.00ns)   --->   "%layer2_out_V_41 = extractvalue i1024 %call_ret1_i_i" [/home/kaxiotis/Vitis_Accel_Projects/vitis_accel_prj/firmware/nnet_utils/nnet_dense.h:41->/home/kaxiotis/Vitis_Accel_Projects/vitis_accel_prj/kernel_wrapper.cpp:17]   --->   Operation 70 'extractvalue' 'layer2_out_V_41' <Predicate = true> <Delay = 0.00>
ST_4 : Operation 71 [1/1] (0.00ns)   --->   "%layer2_out_V_42 = extractvalue i1024 %call_ret1_i_i" [/home/kaxiotis/Vitis_Accel_Projects/vitis_accel_prj/firmware/nnet_utils/nnet_dense.h:41->/home/kaxiotis/Vitis_Accel_Projects/vitis_accel_prj/kernel_wrapper.cpp:17]   --->   Operation 71 'extractvalue' 'layer2_out_V_42' <Predicate = true> <Delay = 0.00>
ST_4 : Operation 72 [1/1] (0.00ns)   --->   "%layer2_out_V_43 = extractvalue i1024 %call_ret1_i_i" [/home/kaxiotis/Vitis_Accel_Projects/vitis_accel_prj/firmware/nnet_utils/nnet_dense.h:41->/home/kaxiotis/Vitis_Accel_Projects/vitis_accel_prj/kernel_wrapper.cpp:17]   --->   Operation 72 'extractvalue' 'layer2_out_V_43' <Predicate = true> <Delay = 0.00>
ST_4 : Operation 73 [1/1] (0.00ns)   --->   "%layer2_out_V_44 = extractvalue i1024 %call_ret1_i_i" [/home/kaxiotis/Vitis_Accel_Projects/vitis_accel_prj/firmware/nnet_utils/nnet_dense.h:41->/home/kaxiotis/Vitis_Accel_Projects/vitis_accel_prj/kernel_wrapper.cpp:17]   --->   Operation 73 'extractvalue' 'layer2_out_V_44' <Predicate = true> <Delay = 0.00>
ST_4 : Operation 74 [1/1] (0.00ns)   --->   "%layer2_out_V_45 = extractvalue i1024 %call_ret1_i_i" [/home/kaxiotis/Vitis_Accel_Projects/vitis_accel_prj/firmware/nnet_utils/nnet_dense.h:41->/home/kaxiotis/Vitis_Accel_Projects/vitis_accel_prj/kernel_wrapper.cpp:17]   --->   Operation 74 'extractvalue' 'layer2_out_V_45' <Predicate = true> <Delay = 0.00>
ST_4 : Operation 75 [1/1] (0.00ns)   --->   "%layer2_out_V_46 = extractvalue i1024 %call_ret1_i_i" [/home/kaxiotis/Vitis_Accel_Projects/vitis_accel_prj/firmware/nnet_utils/nnet_dense.h:41->/home/kaxiotis/Vitis_Accel_Projects/vitis_accel_prj/kernel_wrapper.cpp:17]   --->   Operation 75 'extractvalue' 'layer2_out_V_46' <Predicate = true> <Delay = 0.00>
ST_4 : Operation 76 [1/1] (0.00ns)   --->   "%layer2_out_V_47 = extractvalue i1024 %call_ret1_i_i" [/home/kaxiotis/Vitis_Accel_Projects/vitis_accel_prj/firmware/nnet_utils/nnet_dense.h:41->/home/kaxiotis/Vitis_Accel_Projects/vitis_accel_prj/kernel_wrapper.cpp:17]   --->   Operation 76 'extractvalue' 'layer2_out_V_47' <Predicate = true> <Delay = 0.00>
ST_4 : Operation 77 [1/1] (0.00ns)   --->   "%layer2_out_V_48 = extractvalue i1024 %call_ret1_i_i" [/home/kaxiotis/Vitis_Accel_Projects/vitis_accel_prj/firmware/nnet_utils/nnet_dense.h:41->/home/kaxiotis/Vitis_Accel_Projects/vitis_accel_prj/kernel_wrapper.cpp:17]   --->   Operation 77 'extractvalue' 'layer2_out_V_48' <Predicate = true> <Delay = 0.00>
ST_4 : Operation 78 [1/1] (0.00ns)   --->   "%layer2_out_V_49 = extractvalue i1024 %call_ret1_i_i" [/home/kaxiotis/Vitis_Accel_Projects/vitis_accel_prj/firmware/nnet_utils/nnet_dense.h:41->/home/kaxiotis/Vitis_Accel_Projects/vitis_accel_prj/kernel_wrapper.cpp:17]   --->   Operation 78 'extractvalue' 'layer2_out_V_49' <Predicate = true> <Delay = 0.00>
ST_4 : Operation 79 [1/1] (0.00ns)   --->   "%layer2_out_V_50 = extractvalue i1024 %call_ret1_i_i" [/home/kaxiotis/Vitis_Accel_Projects/vitis_accel_prj/firmware/nnet_utils/nnet_dense.h:41->/home/kaxiotis/Vitis_Accel_Projects/vitis_accel_prj/kernel_wrapper.cpp:17]   --->   Operation 79 'extractvalue' 'layer2_out_V_50' <Predicate = true> <Delay = 0.00>
ST_4 : Operation 80 [1/1] (0.00ns)   --->   "%layer2_out_V_51 = extractvalue i1024 %call_ret1_i_i" [/home/kaxiotis/Vitis_Accel_Projects/vitis_accel_prj/firmware/nnet_utils/nnet_dense.h:41->/home/kaxiotis/Vitis_Accel_Projects/vitis_accel_prj/kernel_wrapper.cpp:17]   --->   Operation 80 'extractvalue' 'layer2_out_V_51' <Predicate = true> <Delay = 0.00>
ST_4 : Operation 81 [1/1] (0.00ns)   --->   "%layer2_out_V_52 = extractvalue i1024 %call_ret1_i_i" [/home/kaxiotis/Vitis_Accel_Projects/vitis_accel_prj/firmware/nnet_utils/nnet_dense.h:41->/home/kaxiotis/Vitis_Accel_Projects/vitis_accel_prj/kernel_wrapper.cpp:17]   --->   Operation 81 'extractvalue' 'layer2_out_V_52' <Predicate = true> <Delay = 0.00>
ST_4 : Operation 82 [1/1] (0.00ns)   --->   "%layer2_out_V_53 = extractvalue i1024 %call_ret1_i_i" [/home/kaxiotis/Vitis_Accel_Projects/vitis_accel_prj/firmware/nnet_utils/nnet_dense.h:41->/home/kaxiotis/Vitis_Accel_Projects/vitis_accel_prj/kernel_wrapper.cpp:17]   --->   Operation 82 'extractvalue' 'layer2_out_V_53' <Predicate = true> <Delay = 0.00>
ST_4 : Operation 83 [1/1] (0.00ns)   --->   "%layer2_out_V_54 = extractvalue i1024 %call_ret1_i_i" [/home/kaxiotis/Vitis_Accel_Projects/vitis_accel_prj/firmware/nnet_utils/nnet_dense.h:41->/home/kaxiotis/Vitis_Accel_Projects/vitis_accel_prj/kernel_wrapper.cpp:17]   --->   Operation 83 'extractvalue' 'layer2_out_V_54' <Predicate = true> <Delay = 0.00>
ST_4 : Operation 84 [1/1] (0.00ns)   --->   "%layer2_out_V_55 = extractvalue i1024 %call_ret1_i_i" [/home/kaxiotis/Vitis_Accel_Projects/vitis_accel_prj/firmware/nnet_utils/nnet_dense.h:41->/home/kaxiotis/Vitis_Accel_Projects/vitis_accel_prj/kernel_wrapper.cpp:17]   --->   Operation 84 'extractvalue' 'layer2_out_V_55' <Predicate = true> <Delay = 0.00>
ST_4 : Operation 85 [1/1] (0.00ns)   --->   "%layer2_out_V_56 = extractvalue i1024 %call_ret1_i_i" [/home/kaxiotis/Vitis_Accel_Projects/vitis_accel_prj/firmware/nnet_utils/nnet_dense.h:41->/home/kaxiotis/Vitis_Accel_Projects/vitis_accel_prj/kernel_wrapper.cpp:17]   --->   Operation 85 'extractvalue' 'layer2_out_V_56' <Predicate = true> <Delay = 0.00>
ST_4 : Operation 86 [1/1] (0.00ns)   --->   "%layer2_out_V_57 = extractvalue i1024 %call_ret1_i_i" [/home/kaxiotis/Vitis_Accel_Projects/vitis_accel_prj/firmware/nnet_utils/nnet_dense.h:41->/home/kaxiotis/Vitis_Accel_Projects/vitis_accel_prj/kernel_wrapper.cpp:17]   --->   Operation 86 'extractvalue' 'layer2_out_V_57' <Predicate = true> <Delay = 0.00>
ST_4 : Operation 87 [1/1] (0.00ns)   --->   "%layer2_out_V_58 = extractvalue i1024 %call_ret1_i_i" [/home/kaxiotis/Vitis_Accel_Projects/vitis_accel_prj/firmware/nnet_utils/nnet_dense.h:41->/home/kaxiotis/Vitis_Accel_Projects/vitis_accel_prj/kernel_wrapper.cpp:17]   --->   Operation 87 'extractvalue' 'layer2_out_V_58' <Predicate = true> <Delay = 0.00>
ST_4 : Operation 88 [1/1] (0.00ns)   --->   "%layer2_out_V_59 = extractvalue i1024 %call_ret1_i_i" [/home/kaxiotis/Vitis_Accel_Projects/vitis_accel_prj/firmware/nnet_utils/nnet_dense.h:41->/home/kaxiotis/Vitis_Accel_Projects/vitis_accel_prj/kernel_wrapper.cpp:17]   --->   Operation 88 'extractvalue' 'layer2_out_V_59' <Predicate = true> <Delay = 0.00>
ST_4 : Operation 89 [1/1] (0.00ns)   --->   "%layer2_out_V_60 = extractvalue i1024 %call_ret1_i_i" [/home/kaxiotis/Vitis_Accel_Projects/vitis_accel_prj/firmware/nnet_utils/nnet_dense.h:41->/home/kaxiotis/Vitis_Accel_Projects/vitis_accel_prj/kernel_wrapper.cpp:17]   --->   Operation 89 'extractvalue' 'layer2_out_V_60' <Predicate = true> <Delay = 0.00>
ST_4 : Operation 90 [1/1] (0.00ns)   --->   "%layer2_out_V_61 = extractvalue i1024 %call_ret1_i_i" [/home/kaxiotis/Vitis_Accel_Projects/vitis_accel_prj/firmware/nnet_utils/nnet_dense.h:41->/home/kaxiotis/Vitis_Accel_Projects/vitis_accel_prj/kernel_wrapper.cpp:17]   --->   Operation 90 'extractvalue' 'layer2_out_V_61' <Predicate = true> <Delay = 0.00>
ST_4 : Operation 91 [1/1] (0.00ns)   --->   "%layer2_out_V_62 = extractvalue i1024 %call_ret1_i_i" [/home/kaxiotis/Vitis_Accel_Projects/vitis_accel_prj/firmware/nnet_utils/nnet_dense.h:41->/home/kaxiotis/Vitis_Accel_Projects/vitis_accel_prj/kernel_wrapper.cpp:17]   --->   Operation 91 'extractvalue' 'layer2_out_V_62' <Predicate = true> <Delay = 0.00>
ST_4 : Operation 92 [1/1] (0.00ns)   --->   "%layer2_out_V_63 = extractvalue i1024 %call_ret1_i_i" [/home/kaxiotis/Vitis_Accel_Projects/vitis_accel_prj/firmware/nnet_utils/nnet_dense.h:41->/home/kaxiotis/Vitis_Accel_Projects/vitis_accel_prj/kernel_wrapper.cpp:17]   --->   Operation 92 'extractvalue' 'layer2_out_V_63' <Predicate = true> <Delay = 0.00>

State 5 <SV = 4> <Delay = 1.06>
ST_5 : Operation 93 [1/1] (1.06ns)   --->   "%call_ret2_i_i = call i1024 @relu<ap_fixed<16, 6, 5, 3, 0>, ap_fixed<16, 6, 5, 3, 0>, relu_config4>, i16 %layer2_out_V, i16 %layer2_out_V_1, i16 %layer2_out_V_2, i16 %layer2_out_V_3, i16 %layer2_out_V_4, i16 %layer2_out_V_5, i16 %layer2_out_V_6, i16 %layer2_out_V_7, i16 %layer2_out_V_8, i16 %layer2_out_V_9, i16 %layer2_out_V_10, i16 %layer2_out_V_11, i16 %layer2_out_V_12, i16 %layer2_out_V_13, i16 %layer2_out_V_14, i16 %layer2_out_V_15, i16 %layer2_out_V_16, i16 %layer2_out_V_17, i16 %layer2_out_V_18, i16 %layer2_out_V_19, i16 %layer2_out_V_20, i16 %layer2_out_V_21, i16 %layer2_out_V_22, i16 %layer2_out_V_23, i16 %layer2_out_V_24, i16 %layer2_out_V_25, i16 %layer2_out_V_26, i16 %layer2_out_V_27, i16 %layer2_out_V_28, i16 %layer2_out_V_29, i16 %layer2_out_V_30, i16 %layer2_out_V_31, i16 %layer2_out_V_32, i16 %layer2_out_V_33, i16 %layer2_out_V_34, i16 %layer2_out_V_35, i16 %layer2_out_V_36, i16 %layer2_out_V_37, i16 %layer2_out_V_38, i16 %layer2_out_V_39, i16 %layer2_out_V_40, i16 %layer2_out_V_41, i16 %layer2_out_V_42, i16 %layer2_out_V_43, i16 %layer2_out_V_44, i16 %layer2_out_V_45, i16 %layer2_out_V_46, i16 %layer2_out_V_47, i16 %layer2_out_V_48, i16 %layer2_out_V_49, i16 %layer2_out_V_50, i16 %layer2_out_V_51, i16 %layer2_out_V_52, i16 %layer2_out_V_53, i16 %layer2_out_V_54, i16 %layer2_out_V_55, i16 %layer2_out_V_56, i16 %layer2_out_V_57, i16 %layer2_out_V_58, i16 %layer2_out_V_59, i16 %layer2_out_V_60, i16 %layer2_out_V_61, i16 %layer2_out_V_62, i16 %layer2_out_V_63" [/home/kaxiotis/Vitis_Accel_Projects/vitis_accel_prj/firmware/myproject.cpp:45->/home/kaxiotis/Vitis_Accel_Projects/vitis_accel_prj/kernel_wrapper.cpp:17->/home/kaxiotis/Vitis_Accel_Projects/vitis_accel_prj/kernel_wrapper.cpp:17]   --->   Operation 93 'call' 'call_ret2_i_i' <Predicate = true> <Delay = 1.06> <CoreType = "Generic">   --->   Core 0 '' <Latency = 0> <II = 1> <Delay = 1.00> <Generic> <Opcode : >
ST_5 : Operation 94 [1/1] (0.00ns)   --->   "%layer4_out_V = extractvalue i1024 %call_ret2_i_i" [/home/kaxiotis/Vitis_Accel_Projects/vitis_accel_prj/firmware/myproject.cpp:45->/home/kaxiotis/Vitis_Accel_Projects/vitis_accel_prj/kernel_wrapper.cpp:17->/home/kaxiotis/Vitis_Accel_Projects/vitis_accel_prj/kernel_wrapper.cpp:17]   --->   Operation 94 'extractvalue' 'layer4_out_V' <Predicate = true> <Delay = 0.00>
ST_5 : Operation 95 [1/1] (0.00ns)   --->   "%layer4_out_V_1 = extractvalue i1024 %call_ret2_i_i" [/home/kaxiotis/Vitis_Accel_Projects/vitis_accel_prj/firmware/myproject.cpp:45->/home/kaxiotis/Vitis_Accel_Projects/vitis_accel_prj/kernel_wrapper.cpp:17->/home/kaxiotis/Vitis_Accel_Projects/vitis_accel_prj/kernel_wrapper.cpp:17]   --->   Operation 95 'extractvalue' 'layer4_out_V_1' <Predicate = true> <Delay = 0.00>
ST_5 : Operation 96 [1/1] (0.00ns)   --->   "%layer4_out_V_2 = extractvalue i1024 %call_ret2_i_i" [/home/kaxiotis/Vitis_Accel_Projects/vitis_accel_prj/firmware/myproject.cpp:45->/home/kaxiotis/Vitis_Accel_Projects/vitis_accel_prj/kernel_wrapper.cpp:17->/home/kaxiotis/Vitis_Accel_Projects/vitis_accel_prj/kernel_wrapper.cpp:17]   --->   Operation 96 'extractvalue' 'layer4_out_V_2' <Predicate = true> <Delay = 0.00>
ST_5 : Operation 97 [1/1] (0.00ns)   --->   "%layer4_out_V_3 = extractvalue i1024 %call_ret2_i_i" [/home/kaxiotis/Vitis_Accel_Projects/vitis_accel_prj/firmware/myproject.cpp:45->/home/kaxiotis/Vitis_Accel_Projects/vitis_accel_prj/kernel_wrapper.cpp:17->/home/kaxiotis/Vitis_Accel_Projects/vitis_accel_prj/kernel_wrapper.cpp:17]   --->   Operation 97 'extractvalue' 'layer4_out_V_3' <Predicate = true> <Delay = 0.00>
ST_5 : Operation 98 [1/1] (0.00ns)   --->   "%layer4_out_V_4 = extractvalue i1024 %call_ret2_i_i" [/home/kaxiotis/Vitis_Accel_Projects/vitis_accel_prj/firmware/myproject.cpp:45->/home/kaxiotis/Vitis_Accel_Projects/vitis_accel_prj/kernel_wrapper.cpp:17->/home/kaxiotis/Vitis_Accel_Projects/vitis_accel_prj/kernel_wrapper.cpp:17]   --->   Operation 98 'extractvalue' 'layer4_out_V_4' <Predicate = true> <Delay = 0.00>
ST_5 : Operation 99 [1/1] (0.00ns)   --->   "%layer4_out_V_5 = extractvalue i1024 %call_ret2_i_i" [/home/kaxiotis/Vitis_Accel_Projects/vitis_accel_prj/firmware/myproject.cpp:45->/home/kaxiotis/Vitis_Accel_Projects/vitis_accel_prj/kernel_wrapper.cpp:17->/home/kaxiotis/Vitis_Accel_Projects/vitis_accel_prj/kernel_wrapper.cpp:17]   --->   Operation 99 'extractvalue' 'layer4_out_V_5' <Predicate = true> <Delay = 0.00>
ST_5 : Operation 100 [1/1] (0.00ns)   --->   "%layer4_out_V_6 = extractvalue i1024 %call_ret2_i_i" [/home/kaxiotis/Vitis_Accel_Projects/vitis_accel_prj/firmware/myproject.cpp:45->/home/kaxiotis/Vitis_Accel_Projects/vitis_accel_prj/kernel_wrapper.cpp:17->/home/kaxiotis/Vitis_Accel_Projects/vitis_accel_prj/kernel_wrapper.cpp:17]   --->   Operation 100 'extractvalue' 'layer4_out_V_6' <Predicate = true> <Delay = 0.00>
ST_5 : Operation 101 [1/1] (0.00ns)   --->   "%layer4_out_V_7 = extractvalue i1024 %call_ret2_i_i" [/home/kaxiotis/Vitis_Accel_Projects/vitis_accel_prj/firmware/myproject.cpp:45->/home/kaxiotis/Vitis_Accel_Projects/vitis_accel_prj/kernel_wrapper.cpp:17->/home/kaxiotis/Vitis_Accel_Projects/vitis_accel_prj/kernel_wrapper.cpp:17]   --->   Operation 101 'extractvalue' 'layer4_out_V_7' <Predicate = true> <Delay = 0.00>
ST_5 : Operation 102 [1/1] (0.00ns)   --->   "%layer4_out_V_8 = extractvalue i1024 %call_ret2_i_i" [/home/kaxiotis/Vitis_Accel_Projects/vitis_accel_prj/firmware/myproject.cpp:45->/home/kaxiotis/Vitis_Accel_Projects/vitis_accel_prj/kernel_wrapper.cpp:17->/home/kaxiotis/Vitis_Accel_Projects/vitis_accel_prj/kernel_wrapper.cpp:17]   --->   Operation 102 'extractvalue' 'layer4_out_V_8' <Predicate = true> <Delay = 0.00>
ST_5 : Operation 103 [1/1] (0.00ns)   --->   "%layer4_out_V_9 = extractvalue i1024 %call_ret2_i_i" [/home/kaxiotis/Vitis_Accel_Projects/vitis_accel_prj/firmware/myproject.cpp:45->/home/kaxiotis/Vitis_Accel_Projects/vitis_accel_prj/kernel_wrapper.cpp:17->/home/kaxiotis/Vitis_Accel_Projects/vitis_accel_prj/kernel_wrapper.cpp:17]   --->   Operation 103 'extractvalue' 'layer4_out_V_9' <Predicate = true> <Delay = 0.00>
ST_5 : Operation 104 [1/1] (0.00ns)   --->   "%layer4_out_V_10 = extractvalue i1024 %call_ret2_i_i" [/home/kaxiotis/Vitis_Accel_Projects/vitis_accel_prj/firmware/myproject.cpp:45->/home/kaxiotis/Vitis_Accel_Projects/vitis_accel_prj/kernel_wrapper.cpp:17->/home/kaxiotis/Vitis_Accel_Projects/vitis_accel_prj/kernel_wrapper.cpp:17]   --->   Operation 104 'extractvalue' 'layer4_out_V_10' <Predicate = true> <Delay = 0.00>
ST_5 : Operation 105 [1/1] (0.00ns)   --->   "%layer4_out_V_11 = extractvalue i1024 %call_ret2_i_i" [/home/kaxiotis/Vitis_Accel_Projects/vitis_accel_prj/firmware/myproject.cpp:45->/home/kaxiotis/Vitis_Accel_Projects/vitis_accel_prj/kernel_wrapper.cpp:17->/home/kaxiotis/Vitis_Accel_Projects/vitis_accel_prj/kernel_wrapper.cpp:17]   --->   Operation 105 'extractvalue' 'layer4_out_V_11' <Predicate = true> <Delay = 0.00>
ST_5 : Operation 106 [1/1] (0.00ns)   --->   "%layer4_out_V_12 = extractvalue i1024 %call_ret2_i_i" [/home/kaxiotis/Vitis_Accel_Projects/vitis_accel_prj/firmware/myproject.cpp:45->/home/kaxiotis/Vitis_Accel_Projects/vitis_accel_prj/kernel_wrapper.cpp:17->/home/kaxiotis/Vitis_Accel_Projects/vitis_accel_prj/kernel_wrapper.cpp:17]   --->   Operation 106 'extractvalue' 'layer4_out_V_12' <Predicate = true> <Delay = 0.00>
ST_5 : Operation 107 [1/1] (0.00ns)   --->   "%layer4_out_V_13 = extractvalue i1024 %call_ret2_i_i" [/home/kaxiotis/Vitis_Accel_Projects/vitis_accel_prj/firmware/myproject.cpp:45->/home/kaxiotis/Vitis_Accel_Projects/vitis_accel_prj/kernel_wrapper.cpp:17->/home/kaxiotis/Vitis_Accel_Projects/vitis_accel_prj/kernel_wrapper.cpp:17]   --->   Operation 107 'extractvalue' 'layer4_out_V_13' <Predicate = true> <Delay = 0.00>
ST_5 : Operation 108 [1/1] (0.00ns)   --->   "%layer4_out_V_14 = extractvalue i1024 %call_ret2_i_i" [/home/kaxiotis/Vitis_Accel_Projects/vitis_accel_prj/firmware/myproject.cpp:45->/home/kaxiotis/Vitis_Accel_Projects/vitis_accel_prj/kernel_wrapper.cpp:17->/home/kaxiotis/Vitis_Accel_Projects/vitis_accel_prj/kernel_wrapper.cpp:17]   --->   Operation 108 'extractvalue' 'layer4_out_V_14' <Predicate = true> <Delay = 0.00>
ST_5 : Operation 109 [1/1] (0.00ns)   --->   "%layer4_out_V_15 = extractvalue i1024 %call_ret2_i_i" [/home/kaxiotis/Vitis_Accel_Projects/vitis_accel_prj/firmware/myproject.cpp:45->/home/kaxiotis/Vitis_Accel_Projects/vitis_accel_prj/kernel_wrapper.cpp:17->/home/kaxiotis/Vitis_Accel_Projects/vitis_accel_prj/kernel_wrapper.cpp:17]   --->   Operation 109 'extractvalue' 'layer4_out_V_15' <Predicate = true> <Delay = 0.00>
ST_5 : Operation 110 [1/1] (0.00ns)   --->   "%layer4_out_V_16 = extractvalue i1024 %call_ret2_i_i" [/home/kaxiotis/Vitis_Accel_Projects/vitis_accel_prj/firmware/myproject.cpp:45->/home/kaxiotis/Vitis_Accel_Projects/vitis_accel_prj/kernel_wrapper.cpp:17->/home/kaxiotis/Vitis_Accel_Projects/vitis_accel_prj/kernel_wrapper.cpp:17]   --->   Operation 110 'extractvalue' 'layer4_out_V_16' <Predicate = true> <Delay = 0.00>
ST_5 : Operation 111 [1/1] (0.00ns)   --->   "%layer4_out_V_17 = extractvalue i1024 %call_ret2_i_i" [/home/kaxiotis/Vitis_Accel_Projects/vitis_accel_prj/firmware/myproject.cpp:45->/home/kaxiotis/Vitis_Accel_Projects/vitis_accel_prj/kernel_wrapper.cpp:17->/home/kaxiotis/Vitis_Accel_Projects/vitis_accel_prj/kernel_wrapper.cpp:17]   --->   Operation 111 'extractvalue' 'layer4_out_V_17' <Predicate = true> <Delay = 0.00>
ST_5 : Operation 112 [1/1] (0.00ns)   --->   "%layer4_out_V_18 = extractvalue i1024 %call_ret2_i_i" [/home/kaxiotis/Vitis_Accel_Projects/vitis_accel_prj/firmware/myproject.cpp:45->/home/kaxiotis/Vitis_Accel_Projects/vitis_accel_prj/kernel_wrapper.cpp:17->/home/kaxiotis/Vitis_Accel_Projects/vitis_accel_prj/kernel_wrapper.cpp:17]   --->   Operation 112 'extractvalue' 'layer4_out_V_18' <Predicate = true> <Delay = 0.00>
ST_5 : Operation 113 [1/1] (0.00ns)   --->   "%layer4_out_V_19 = extractvalue i1024 %call_ret2_i_i" [/home/kaxiotis/Vitis_Accel_Projects/vitis_accel_prj/firmware/myproject.cpp:45->/home/kaxiotis/Vitis_Accel_Projects/vitis_accel_prj/kernel_wrapper.cpp:17->/home/kaxiotis/Vitis_Accel_Projects/vitis_accel_prj/kernel_wrapper.cpp:17]   --->   Operation 113 'extractvalue' 'layer4_out_V_19' <Predicate = true> <Delay = 0.00>
ST_5 : Operation 114 [1/1] (0.00ns)   --->   "%layer4_out_V_20 = extractvalue i1024 %call_ret2_i_i" [/home/kaxiotis/Vitis_Accel_Projects/vitis_accel_prj/firmware/myproject.cpp:45->/home/kaxiotis/Vitis_Accel_Projects/vitis_accel_prj/kernel_wrapper.cpp:17->/home/kaxiotis/Vitis_Accel_Projects/vitis_accel_prj/kernel_wrapper.cpp:17]   --->   Operation 114 'extractvalue' 'layer4_out_V_20' <Predicate = true> <Delay = 0.00>
ST_5 : Operation 115 [1/1] (0.00ns)   --->   "%layer4_out_V_21 = extractvalue i1024 %call_ret2_i_i" [/home/kaxiotis/Vitis_Accel_Projects/vitis_accel_prj/firmware/myproject.cpp:45->/home/kaxiotis/Vitis_Accel_Projects/vitis_accel_prj/kernel_wrapper.cpp:17->/home/kaxiotis/Vitis_Accel_Projects/vitis_accel_prj/kernel_wrapper.cpp:17]   --->   Operation 115 'extractvalue' 'layer4_out_V_21' <Predicate = true> <Delay = 0.00>
ST_5 : Operation 116 [1/1] (0.00ns)   --->   "%layer4_out_V_22 = extractvalue i1024 %call_ret2_i_i" [/home/kaxiotis/Vitis_Accel_Projects/vitis_accel_prj/firmware/myproject.cpp:45->/home/kaxiotis/Vitis_Accel_Projects/vitis_accel_prj/kernel_wrapper.cpp:17->/home/kaxiotis/Vitis_Accel_Projects/vitis_accel_prj/kernel_wrapper.cpp:17]   --->   Operation 116 'extractvalue' 'layer4_out_V_22' <Predicate = true> <Delay = 0.00>
ST_5 : Operation 117 [1/1] (0.00ns)   --->   "%layer4_out_V_23 = extractvalue i1024 %call_ret2_i_i" [/home/kaxiotis/Vitis_Accel_Projects/vitis_accel_prj/firmware/myproject.cpp:45->/home/kaxiotis/Vitis_Accel_Projects/vitis_accel_prj/kernel_wrapper.cpp:17->/home/kaxiotis/Vitis_Accel_Projects/vitis_accel_prj/kernel_wrapper.cpp:17]   --->   Operation 117 'extractvalue' 'layer4_out_V_23' <Predicate = true> <Delay = 0.00>
ST_5 : Operation 118 [1/1] (0.00ns)   --->   "%layer4_out_V_24 = extractvalue i1024 %call_ret2_i_i" [/home/kaxiotis/Vitis_Accel_Projects/vitis_accel_prj/firmware/myproject.cpp:45->/home/kaxiotis/Vitis_Accel_Projects/vitis_accel_prj/kernel_wrapper.cpp:17->/home/kaxiotis/Vitis_Accel_Projects/vitis_accel_prj/kernel_wrapper.cpp:17]   --->   Operation 118 'extractvalue' 'layer4_out_V_24' <Predicate = true> <Delay = 0.00>
ST_5 : Operation 119 [1/1] (0.00ns)   --->   "%layer4_out_V_25 = extractvalue i1024 %call_ret2_i_i" [/home/kaxiotis/Vitis_Accel_Projects/vitis_accel_prj/firmware/myproject.cpp:45->/home/kaxiotis/Vitis_Accel_Projects/vitis_accel_prj/kernel_wrapper.cpp:17->/home/kaxiotis/Vitis_Accel_Projects/vitis_accel_prj/kernel_wrapper.cpp:17]   --->   Operation 119 'extractvalue' 'layer4_out_V_25' <Predicate = true> <Delay = 0.00>
ST_5 : Operation 120 [1/1] (0.00ns)   --->   "%layer4_out_V_26 = extractvalue i1024 %call_ret2_i_i" [/home/kaxiotis/Vitis_Accel_Projects/vitis_accel_prj/firmware/myproject.cpp:45->/home/kaxiotis/Vitis_Accel_Projects/vitis_accel_prj/kernel_wrapper.cpp:17->/home/kaxiotis/Vitis_Accel_Projects/vitis_accel_prj/kernel_wrapper.cpp:17]   --->   Operation 120 'extractvalue' 'layer4_out_V_26' <Predicate = true> <Delay = 0.00>
ST_5 : Operation 121 [1/1] (0.00ns)   --->   "%layer4_out_V_27 = extractvalue i1024 %call_ret2_i_i" [/home/kaxiotis/Vitis_Accel_Projects/vitis_accel_prj/firmware/myproject.cpp:45->/home/kaxiotis/Vitis_Accel_Projects/vitis_accel_prj/kernel_wrapper.cpp:17->/home/kaxiotis/Vitis_Accel_Projects/vitis_accel_prj/kernel_wrapper.cpp:17]   --->   Operation 121 'extractvalue' 'layer4_out_V_27' <Predicate = true> <Delay = 0.00>
ST_5 : Operation 122 [1/1] (0.00ns)   --->   "%layer4_out_V_28 = extractvalue i1024 %call_ret2_i_i" [/home/kaxiotis/Vitis_Accel_Projects/vitis_accel_prj/firmware/myproject.cpp:45->/home/kaxiotis/Vitis_Accel_Projects/vitis_accel_prj/kernel_wrapper.cpp:17->/home/kaxiotis/Vitis_Accel_Projects/vitis_accel_prj/kernel_wrapper.cpp:17]   --->   Operation 122 'extractvalue' 'layer4_out_V_28' <Predicate = true> <Delay = 0.00>
ST_5 : Operation 123 [1/1] (0.00ns)   --->   "%layer4_out_V_29 = extractvalue i1024 %call_ret2_i_i" [/home/kaxiotis/Vitis_Accel_Projects/vitis_accel_prj/firmware/myproject.cpp:45->/home/kaxiotis/Vitis_Accel_Projects/vitis_accel_prj/kernel_wrapper.cpp:17->/home/kaxiotis/Vitis_Accel_Projects/vitis_accel_prj/kernel_wrapper.cpp:17]   --->   Operation 123 'extractvalue' 'layer4_out_V_29' <Predicate = true> <Delay = 0.00>
ST_5 : Operation 124 [1/1] (0.00ns)   --->   "%layer4_out_V_30 = extractvalue i1024 %call_ret2_i_i" [/home/kaxiotis/Vitis_Accel_Projects/vitis_accel_prj/firmware/myproject.cpp:45->/home/kaxiotis/Vitis_Accel_Projects/vitis_accel_prj/kernel_wrapper.cpp:17->/home/kaxiotis/Vitis_Accel_Projects/vitis_accel_prj/kernel_wrapper.cpp:17]   --->   Operation 124 'extractvalue' 'layer4_out_V_30' <Predicate = true> <Delay = 0.00>
ST_5 : Operation 125 [1/1] (0.00ns)   --->   "%layer4_out_V_31 = extractvalue i1024 %call_ret2_i_i" [/home/kaxiotis/Vitis_Accel_Projects/vitis_accel_prj/firmware/myproject.cpp:45->/home/kaxiotis/Vitis_Accel_Projects/vitis_accel_prj/kernel_wrapper.cpp:17->/home/kaxiotis/Vitis_Accel_Projects/vitis_accel_prj/kernel_wrapper.cpp:17]   --->   Operation 125 'extractvalue' 'layer4_out_V_31' <Predicate = true> <Delay = 0.00>
ST_5 : Operation 126 [1/1] (0.00ns)   --->   "%layer4_out_V_32 = extractvalue i1024 %call_ret2_i_i" [/home/kaxiotis/Vitis_Accel_Projects/vitis_accel_prj/firmware/myproject.cpp:45->/home/kaxiotis/Vitis_Accel_Projects/vitis_accel_prj/kernel_wrapper.cpp:17->/home/kaxiotis/Vitis_Accel_Projects/vitis_accel_prj/kernel_wrapper.cpp:17]   --->   Operation 126 'extractvalue' 'layer4_out_V_32' <Predicate = true> <Delay = 0.00>
ST_5 : Operation 127 [1/1] (0.00ns)   --->   "%layer4_out_V_33 = extractvalue i1024 %call_ret2_i_i" [/home/kaxiotis/Vitis_Accel_Projects/vitis_accel_prj/firmware/myproject.cpp:45->/home/kaxiotis/Vitis_Accel_Projects/vitis_accel_prj/kernel_wrapper.cpp:17->/home/kaxiotis/Vitis_Accel_Projects/vitis_accel_prj/kernel_wrapper.cpp:17]   --->   Operation 127 'extractvalue' 'layer4_out_V_33' <Predicate = true> <Delay = 0.00>
ST_5 : Operation 128 [1/1] (0.00ns)   --->   "%layer4_out_V_34 = extractvalue i1024 %call_ret2_i_i" [/home/kaxiotis/Vitis_Accel_Projects/vitis_accel_prj/firmware/myproject.cpp:45->/home/kaxiotis/Vitis_Accel_Projects/vitis_accel_prj/kernel_wrapper.cpp:17->/home/kaxiotis/Vitis_Accel_Projects/vitis_accel_prj/kernel_wrapper.cpp:17]   --->   Operation 128 'extractvalue' 'layer4_out_V_34' <Predicate = true> <Delay = 0.00>
ST_5 : Operation 129 [1/1] (0.00ns)   --->   "%layer4_out_V_35 = extractvalue i1024 %call_ret2_i_i" [/home/kaxiotis/Vitis_Accel_Projects/vitis_accel_prj/firmware/myproject.cpp:45->/home/kaxiotis/Vitis_Accel_Projects/vitis_accel_prj/kernel_wrapper.cpp:17->/home/kaxiotis/Vitis_Accel_Projects/vitis_accel_prj/kernel_wrapper.cpp:17]   --->   Operation 129 'extractvalue' 'layer4_out_V_35' <Predicate = true> <Delay = 0.00>
ST_5 : Operation 130 [1/1] (0.00ns)   --->   "%layer4_out_V_36 = extractvalue i1024 %call_ret2_i_i" [/home/kaxiotis/Vitis_Accel_Projects/vitis_accel_prj/firmware/myproject.cpp:45->/home/kaxiotis/Vitis_Accel_Projects/vitis_accel_prj/kernel_wrapper.cpp:17->/home/kaxiotis/Vitis_Accel_Projects/vitis_accel_prj/kernel_wrapper.cpp:17]   --->   Operation 130 'extractvalue' 'layer4_out_V_36' <Predicate = true> <Delay = 0.00>
ST_5 : Operation 131 [1/1] (0.00ns)   --->   "%layer4_out_V_37 = extractvalue i1024 %call_ret2_i_i" [/home/kaxiotis/Vitis_Accel_Projects/vitis_accel_prj/firmware/myproject.cpp:45->/home/kaxiotis/Vitis_Accel_Projects/vitis_accel_prj/kernel_wrapper.cpp:17->/home/kaxiotis/Vitis_Accel_Projects/vitis_accel_prj/kernel_wrapper.cpp:17]   --->   Operation 131 'extractvalue' 'layer4_out_V_37' <Predicate = true> <Delay = 0.00>
ST_5 : Operation 132 [1/1] (0.00ns)   --->   "%layer4_out_V_38 = extractvalue i1024 %call_ret2_i_i" [/home/kaxiotis/Vitis_Accel_Projects/vitis_accel_prj/firmware/myproject.cpp:45->/home/kaxiotis/Vitis_Accel_Projects/vitis_accel_prj/kernel_wrapper.cpp:17->/home/kaxiotis/Vitis_Accel_Projects/vitis_accel_prj/kernel_wrapper.cpp:17]   --->   Operation 132 'extractvalue' 'layer4_out_V_38' <Predicate = true> <Delay = 0.00>
ST_5 : Operation 133 [1/1] (0.00ns)   --->   "%layer4_out_V_39 = extractvalue i1024 %call_ret2_i_i" [/home/kaxiotis/Vitis_Accel_Projects/vitis_accel_prj/firmware/myproject.cpp:45->/home/kaxiotis/Vitis_Accel_Projects/vitis_accel_prj/kernel_wrapper.cpp:17->/home/kaxiotis/Vitis_Accel_Projects/vitis_accel_prj/kernel_wrapper.cpp:17]   --->   Operation 133 'extractvalue' 'layer4_out_V_39' <Predicate = true> <Delay = 0.00>
ST_5 : Operation 134 [1/1] (0.00ns)   --->   "%layer4_out_V_40 = extractvalue i1024 %call_ret2_i_i" [/home/kaxiotis/Vitis_Accel_Projects/vitis_accel_prj/firmware/myproject.cpp:45->/home/kaxiotis/Vitis_Accel_Projects/vitis_accel_prj/kernel_wrapper.cpp:17->/home/kaxiotis/Vitis_Accel_Projects/vitis_accel_prj/kernel_wrapper.cpp:17]   --->   Operation 134 'extractvalue' 'layer4_out_V_40' <Predicate = true> <Delay = 0.00>
ST_5 : Operation 135 [1/1] (0.00ns)   --->   "%layer4_out_V_41 = extractvalue i1024 %call_ret2_i_i" [/home/kaxiotis/Vitis_Accel_Projects/vitis_accel_prj/firmware/myproject.cpp:45->/home/kaxiotis/Vitis_Accel_Projects/vitis_accel_prj/kernel_wrapper.cpp:17->/home/kaxiotis/Vitis_Accel_Projects/vitis_accel_prj/kernel_wrapper.cpp:17]   --->   Operation 135 'extractvalue' 'layer4_out_V_41' <Predicate = true> <Delay = 0.00>
ST_5 : Operation 136 [1/1] (0.00ns)   --->   "%layer4_out_V_42 = extractvalue i1024 %call_ret2_i_i" [/home/kaxiotis/Vitis_Accel_Projects/vitis_accel_prj/firmware/myproject.cpp:45->/home/kaxiotis/Vitis_Accel_Projects/vitis_accel_prj/kernel_wrapper.cpp:17->/home/kaxiotis/Vitis_Accel_Projects/vitis_accel_prj/kernel_wrapper.cpp:17]   --->   Operation 136 'extractvalue' 'layer4_out_V_42' <Predicate = true> <Delay = 0.00>
ST_5 : Operation 137 [1/1] (0.00ns)   --->   "%layer4_out_V_43 = extractvalue i1024 %call_ret2_i_i" [/home/kaxiotis/Vitis_Accel_Projects/vitis_accel_prj/firmware/myproject.cpp:45->/home/kaxiotis/Vitis_Accel_Projects/vitis_accel_prj/kernel_wrapper.cpp:17->/home/kaxiotis/Vitis_Accel_Projects/vitis_accel_prj/kernel_wrapper.cpp:17]   --->   Operation 137 'extractvalue' 'layer4_out_V_43' <Predicate = true> <Delay = 0.00>
ST_5 : Operation 138 [1/1] (0.00ns)   --->   "%layer4_out_V_44 = extractvalue i1024 %call_ret2_i_i" [/home/kaxiotis/Vitis_Accel_Projects/vitis_accel_prj/firmware/myproject.cpp:45->/home/kaxiotis/Vitis_Accel_Projects/vitis_accel_prj/kernel_wrapper.cpp:17->/home/kaxiotis/Vitis_Accel_Projects/vitis_accel_prj/kernel_wrapper.cpp:17]   --->   Operation 138 'extractvalue' 'layer4_out_V_44' <Predicate = true> <Delay = 0.00>
ST_5 : Operation 139 [1/1] (0.00ns)   --->   "%layer4_out_V_45 = extractvalue i1024 %call_ret2_i_i" [/home/kaxiotis/Vitis_Accel_Projects/vitis_accel_prj/firmware/myproject.cpp:45->/home/kaxiotis/Vitis_Accel_Projects/vitis_accel_prj/kernel_wrapper.cpp:17->/home/kaxiotis/Vitis_Accel_Projects/vitis_accel_prj/kernel_wrapper.cpp:17]   --->   Operation 139 'extractvalue' 'layer4_out_V_45' <Predicate = true> <Delay = 0.00>
ST_5 : Operation 140 [1/1] (0.00ns)   --->   "%layer4_out_V_46 = extractvalue i1024 %call_ret2_i_i" [/home/kaxiotis/Vitis_Accel_Projects/vitis_accel_prj/firmware/myproject.cpp:45->/home/kaxiotis/Vitis_Accel_Projects/vitis_accel_prj/kernel_wrapper.cpp:17->/home/kaxiotis/Vitis_Accel_Projects/vitis_accel_prj/kernel_wrapper.cpp:17]   --->   Operation 140 'extractvalue' 'layer4_out_V_46' <Predicate = true> <Delay = 0.00>
ST_5 : Operation 141 [1/1] (0.00ns)   --->   "%layer4_out_V_47 = extractvalue i1024 %call_ret2_i_i" [/home/kaxiotis/Vitis_Accel_Projects/vitis_accel_prj/firmware/myproject.cpp:45->/home/kaxiotis/Vitis_Accel_Projects/vitis_accel_prj/kernel_wrapper.cpp:17->/home/kaxiotis/Vitis_Accel_Projects/vitis_accel_prj/kernel_wrapper.cpp:17]   --->   Operation 141 'extractvalue' 'layer4_out_V_47' <Predicate = true> <Delay = 0.00>
ST_5 : Operation 142 [1/1] (0.00ns)   --->   "%layer4_out_V_48 = extractvalue i1024 %call_ret2_i_i" [/home/kaxiotis/Vitis_Accel_Projects/vitis_accel_prj/firmware/myproject.cpp:45->/home/kaxiotis/Vitis_Accel_Projects/vitis_accel_prj/kernel_wrapper.cpp:17->/home/kaxiotis/Vitis_Accel_Projects/vitis_accel_prj/kernel_wrapper.cpp:17]   --->   Operation 142 'extractvalue' 'layer4_out_V_48' <Predicate = true> <Delay = 0.00>
ST_5 : Operation 143 [1/1] (0.00ns)   --->   "%layer4_out_V_49 = extractvalue i1024 %call_ret2_i_i" [/home/kaxiotis/Vitis_Accel_Projects/vitis_accel_prj/firmware/myproject.cpp:45->/home/kaxiotis/Vitis_Accel_Projects/vitis_accel_prj/kernel_wrapper.cpp:17->/home/kaxiotis/Vitis_Accel_Projects/vitis_accel_prj/kernel_wrapper.cpp:17]   --->   Operation 143 'extractvalue' 'layer4_out_V_49' <Predicate = true> <Delay = 0.00>
ST_5 : Operation 144 [1/1] (0.00ns)   --->   "%layer4_out_V_50 = extractvalue i1024 %call_ret2_i_i" [/home/kaxiotis/Vitis_Accel_Projects/vitis_accel_prj/firmware/myproject.cpp:45->/home/kaxiotis/Vitis_Accel_Projects/vitis_accel_prj/kernel_wrapper.cpp:17->/home/kaxiotis/Vitis_Accel_Projects/vitis_accel_prj/kernel_wrapper.cpp:17]   --->   Operation 144 'extractvalue' 'layer4_out_V_50' <Predicate = true> <Delay = 0.00>
ST_5 : Operation 145 [1/1] (0.00ns)   --->   "%layer4_out_V_51 = extractvalue i1024 %call_ret2_i_i" [/home/kaxiotis/Vitis_Accel_Projects/vitis_accel_prj/firmware/myproject.cpp:45->/home/kaxiotis/Vitis_Accel_Projects/vitis_accel_prj/kernel_wrapper.cpp:17->/home/kaxiotis/Vitis_Accel_Projects/vitis_accel_prj/kernel_wrapper.cpp:17]   --->   Operation 145 'extractvalue' 'layer4_out_V_51' <Predicate = true> <Delay = 0.00>
ST_5 : Operation 146 [1/1] (0.00ns)   --->   "%layer4_out_V_52 = extractvalue i1024 %call_ret2_i_i" [/home/kaxiotis/Vitis_Accel_Projects/vitis_accel_prj/firmware/myproject.cpp:45->/home/kaxiotis/Vitis_Accel_Projects/vitis_accel_prj/kernel_wrapper.cpp:17->/home/kaxiotis/Vitis_Accel_Projects/vitis_accel_prj/kernel_wrapper.cpp:17]   --->   Operation 146 'extractvalue' 'layer4_out_V_52' <Predicate = true> <Delay = 0.00>
ST_5 : Operation 147 [1/1] (0.00ns)   --->   "%layer4_out_V_53 = extractvalue i1024 %call_ret2_i_i" [/home/kaxiotis/Vitis_Accel_Projects/vitis_accel_prj/firmware/myproject.cpp:45->/home/kaxiotis/Vitis_Accel_Projects/vitis_accel_prj/kernel_wrapper.cpp:17->/home/kaxiotis/Vitis_Accel_Projects/vitis_accel_prj/kernel_wrapper.cpp:17]   --->   Operation 147 'extractvalue' 'layer4_out_V_53' <Predicate = true> <Delay = 0.00>
ST_5 : Operation 148 [1/1] (0.00ns)   --->   "%layer4_out_V_54 = extractvalue i1024 %call_ret2_i_i" [/home/kaxiotis/Vitis_Accel_Projects/vitis_accel_prj/firmware/myproject.cpp:45->/home/kaxiotis/Vitis_Accel_Projects/vitis_accel_prj/kernel_wrapper.cpp:17->/home/kaxiotis/Vitis_Accel_Projects/vitis_accel_prj/kernel_wrapper.cpp:17]   --->   Operation 148 'extractvalue' 'layer4_out_V_54' <Predicate = true> <Delay = 0.00>
ST_5 : Operation 149 [1/1] (0.00ns)   --->   "%layer4_out_V_55 = extractvalue i1024 %call_ret2_i_i" [/home/kaxiotis/Vitis_Accel_Projects/vitis_accel_prj/firmware/myproject.cpp:45->/home/kaxiotis/Vitis_Accel_Projects/vitis_accel_prj/kernel_wrapper.cpp:17->/home/kaxiotis/Vitis_Accel_Projects/vitis_accel_prj/kernel_wrapper.cpp:17]   --->   Operation 149 'extractvalue' 'layer4_out_V_55' <Predicate = true> <Delay = 0.00>
ST_5 : Operation 150 [1/1] (0.00ns)   --->   "%layer4_out_V_56 = extractvalue i1024 %call_ret2_i_i" [/home/kaxiotis/Vitis_Accel_Projects/vitis_accel_prj/firmware/myproject.cpp:45->/home/kaxiotis/Vitis_Accel_Projects/vitis_accel_prj/kernel_wrapper.cpp:17->/home/kaxiotis/Vitis_Accel_Projects/vitis_accel_prj/kernel_wrapper.cpp:17]   --->   Operation 150 'extractvalue' 'layer4_out_V_56' <Predicate = true> <Delay = 0.00>
ST_5 : Operation 151 [1/1] (0.00ns)   --->   "%layer4_out_V_57 = extractvalue i1024 %call_ret2_i_i" [/home/kaxiotis/Vitis_Accel_Projects/vitis_accel_prj/firmware/myproject.cpp:45->/home/kaxiotis/Vitis_Accel_Projects/vitis_accel_prj/kernel_wrapper.cpp:17->/home/kaxiotis/Vitis_Accel_Projects/vitis_accel_prj/kernel_wrapper.cpp:17]   --->   Operation 151 'extractvalue' 'layer4_out_V_57' <Predicate = true> <Delay = 0.00>
ST_5 : Operation 152 [1/1] (0.00ns)   --->   "%layer4_out_V_58 = extractvalue i1024 %call_ret2_i_i" [/home/kaxiotis/Vitis_Accel_Projects/vitis_accel_prj/firmware/myproject.cpp:45->/home/kaxiotis/Vitis_Accel_Projects/vitis_accel_prj/kernel_wrapper.cpp:17->/home/kaxiotis/Vitis_Accel_Projects/vitis_accel_prj/kernel_wrapper.cpp:17]   --->   Operation 152 'extractvalue' 'layer4_out_V_58' <Predicate = true> <Delay = 0.00>
ST_5 : Operation 153 [1/1] (0.00ns)   --->   "%layer4_out_V_59 = extractvalue i1024 %call_ret2_i_i" [/home/kaxiotis/Vitis_Accel_Projects/vitis_accel_prj/firmware/myproject.cpp:45->/home/kaxiotis/Vitis_Accel_Projects/vitis_accel_prj/kernel_wrapper.cpp:17->/home/kaxiotis/Vitis_Accel_Projects/vitis_accel_prj/kernel_wrapper.cpp:17]   --->   Operation 153 'extractvalue' 'layer4_out_V_59' <Predicate = true> <Delay = 0.00>
ST_5 : Operation 154 [1/1] (0.00ns)   --->   "%layer4_out_V_60 = extractvalue i1024 %call_ret2_i_i" [/home/kaxiotis/Vitis_Accel_Projects/vitis_accel_prj/firmware/myproject.cpp:45->/home/kaxiotis/Vitis_Accel_Projects/vitis_accel_prj/kernel_wrapper.cpp:17->/home/kaxiotis/Vitis_Accel_Projects/vitis_accel_prj/kernel_wrapper.cpp:17]   --->   Operation 154 'extractvalue' 'layer4_out_V_60' <Predicate = true> <Delay = 0.00>
ST_5 : Operation 155 [1/1] (0.00ns)   --->   "%layer4_out_V_61 = extractvalue i1024 %call_ret2_i_i" [/home/kaxiotis/Vitis_Accel_Projects/vitis_accel_prj/firmware/myproject.cpp:45->/home/kaxiotis/Vitis_Accel_Projects/vitis_accel_prj/kernel_wrapper.cpp:17->/home/kaxiotis/Vitis_Accel_Projects/vitis_accel_prj/kernel_wrapper.cpp:17]   --->   Operation 155 'extractvalue' 'layer4_out_V_61' <Predicate = true> <Delay = 0.00>
ST_5 : Operation 156 [1/1] (0.00ns)   --->   "%layer4_out_V_62 = extractvalue i1024 %call_ret2_i_i" [/home/kaxiotis/Vitis_Accel_Projects/vitis_accel_prj/firmware/myproject.cpp:45->/home/kaxiotis/Vitis_Accel_Projects/vitis_accel_prj/kernel_wrapper.cpp:17->/home/kaxiotis/Vitis_Accel_Projects/vitis_accel_prj/kernel_wrapper.cpp:17]   --->   Operation 156 'extractvalue' 'layer4_out_V_62' <Predicate = true> <Delay = 0.00>
ST_5 : Operation 157 [1/1] (0.00ns)   --->   "%layer4_out_V_63 = extractvalue i1024 %call_ret2_i_i" [/home/kaxiotis/Vitis_Accel_Projects/vitis_accel_prj/firmware/myproject.cpp:45->/home/kaxiotis/Vitis_Accel_Projects/vitis_accel_prj/kernel_wrapper.cpp:17->/home/kaxiotis/Vitis_Accel_Projects/vitis_accel_prj/kernel_wrapper.cpp:17]   --->   Operation 157 'extractvalue' 'layer4_out_V_63' <Predicate = true> <Delay = 0.00>

State 6 <SV = 5> <Delay = 3.61>
ST_6 : Operation 158 [4/4] (3.61ns)   --->   "%call_ret3_i_i = call i512 @dense_latency<ap_fixed<16, 6, 5, 3, 0>, ap_fixed<16, 6, 5, 3, 0>, config5>, i16 %layer4_out_V, i16 %layer4_out_V_1, i16 %layer4_out_V_2, i16 %layer4_out_V_3, i16 %layer4_out_V_4, i16 %layer4_out_V_5, i16 %layer4_out_V_6, i16 %layer4_out_V_7, i16 %layer4_out_V_8, i16 %layer4_out_V_9, i16 %layer4_out_V_10, i16 %layer4_out_V_11, i16 %layer4_out_V_12, i16 %layer4_out_V_13, i16 %layer4_out_V_14, i16 %layer4_out_V_15, i16 %layer4_out_V_16, i16 %layer4_out_V_17, i16 %layer4_out_V_18, i16 %layer4_out_V_19, i16 %layer4_out_V_20, i16 %layer4_out_V_21, i16 %layer4_out_V_22, i16 %layer4_out_V_23, i16 %layer4_out_V_24, i16 %layer4_out_V_25, i16 %layer4_out_V_26, i16 %layer4_out_V_27, i16 %layer4_out_V_28, i16 %layer4_out_V_29, i16 %layer4_out_V_30, i16 %layer4_out_V_31, i16 %layer4_out_V_32, i16 %layer4_out_V_33, i16 %layer4_out_V_34, i16 %layer4_out_V_35, i16 %layer4_out_V_36, i16 %layer4_out_V_37, i16 %layer4_out_V_38, i16 %layer4_out_V_39, i16 %layer4_out_V_40, i16 %layer4_out_V_41, i16 %layer4_out_V_42, i16 %layer4_out_V_43, i16 %layer4_out_V_44, i16 %layer4_out_V_45, i16 %layer4_out_V_46, i16 %layer4_out_V_47, i16 %layer4_out_V_48, i16 %layer4_out_V_49, i16 %layer4_out_V_50, i16 %layer4_out_V_51, i16 %layer4_out_V_52, i16 %layer4_out_V_53, i16 %layer4_out_V_54, i16 %layer4_out_V_55, i16 %layer4_out_V_56, i16 %layer4_out_V_57, i16 %layer4_out_V_58, i16 %layer4_out_V_59, i16 %layer4_out_V_60, i16 %layer4_out_V_61, i16 %layer4_out_V_62, i16 %layer4_out_V_63" [/home/kaxiotis/Vitis_Accel_Projects/vitis_accel_prj/firmware/nnet_utils/nnet_dense.h:41->/home/kaxiotis/Vitis_Accel_Projects/vitis_accel_prj/kernel_wrapper.cpp:17]   --->   Operation 158 'call' 'call_ret3_i_i' <Predicate = true> <Delay = 3.61> <CoreType = "Generic">   --->   Core 0 '' <Latency = 0> <II = 1> <Delay = 1.00> <Generic> <Opcode : >

State 7 <SV = 6> <Delay = 3.61>
ST_7 : Operation 159 [3/4] (3.61ns)   --->   "%call_ret3_i_i = call i512 @dense_latency<ap_fixed<16, 6, 5, 3, 0>, ap_fixed<16, 6, 5, 3, 0>, config5>, i16 %layer4_out_V, i16 %layer4_out_V_1, i16 %layer4_out_V_2, i16 %layer4_out_V_3, i16 %layer4_out_V_4, i16 %layer4_out_V_5, i16 %layer4_out_V_6, i16 %layer4_out_V_7, i16 %layer4_out_V_8, i16 %layer4_out_V_9, i16 %layer4_out_V_10, i16 %layer4_out_V_11, i16 %layer4_out_V_12, i16 %layer4_out_V_13, i16 %layer4_out_V_14, i16 %layer4_out_V_15, i16 %layer4_out_V_16, i16 %layer4_out_V_17, i16 %layer4_out_V_18, i16 %layer4_out_V_19, i16 %layer4_out_V_20, i16 %layer4_out_V_21, i16 %layer4_out_V_22, i16 %layer4_out_V_23, i16 %layer4_out_V_24, i16 %layer4_out_V_25, i16 %layer4_out_V_26, i16 %layer4_out_V_27, i16 %layer4_out_V_28, i16 %layer4_out_V_29, i16 %layer4_out_V_30, i16 %layer4_out_V_31, i16 %layer4_out_V_32, i16 %layer4_out_V_33, i16 %layer4_out_V_34, i16 %layer4_out_V_35, i16 %layer4_out_V_36, i16 %layer4_out_V_37, i16 %layer4_out_V_38, i16 %layer4_out_V_39, i16 %layer4_out_V_40, i16 %layer4_out_V_41, i16 %layer4_out_V_42, i16 %layer4_out_V_43, i16 %layer4_out_V_44, i16 %layer4_out_V_45, i16 %layer4_out_V_46, i16 %layer4_out_V_47, i16 %layer4_out_V_48, i16 %layer4_out_V_49, i16 %layer4_out_V_50, i16 %layer4_out_V_51, i16 %layer4_out_V_52, i16 %layer4_out_V_53, i16 %layer4_out_V_54, i16 %layer4_out_V_55, i16 %layer4_out_V_56, i16 %layer4_out_V_57, i16 %layer4_out_V_58, i16 %layer4_out_V_59, i16 %layer4_out_V_60, i16 %layer4_out_V_61, i16 %layer4_out_V_62, i16 %layer4_out_V_63" [/home/kaxiotis/Vitis_Accel_Projects/vitis_accel_prj/firmware/nnet_utils/nnet_dense.h:41->/home/kaxiotis/Vitis_Accel_Projects/vitis_accel_prj/kernel_wrapper.cpp:17]   --->   Operation 159 'call' 'call_ret3_i_i' <Predicate = true> <Delay = 3.61> <CoreType = "Generic">   --->   Core 0 '' <Latency = 0> <II = 1> <Delay = 1.00> <Generic> <Opcode : >

State 8 <SV = 7> <Delay = 3.61>
ST_8 : Operation 160 [2/4] (3.61ns)   --->   "%call_ret3_i_i = call i512 @dense_latency<ap_fixed<16, 6, 5, 3, 0>, ap_fixed<16, 6, 5, 3, 0>, config5>, i16 %layer4_out_V, i16 %layer4_out_V_1, i16 %layer4_out_V_2, i16 %layer4_out_V_3, i16 %layer4_out_V_4, i16 %layer4_out_V_5, i16 %layer4_out_V_6, i16 %layer4_out_V_7, i16 %layer4_out_V_8, i16 %layer4_out_V_9, i16 %layer4_out_V_10, i16 %layer4_out_V_11, i16 %layer4_out_V_12, i16 %layer4_out_V_13, i16 %layer4_out_V_14, i16 %layer4_out_V_15, i16 %layer4_out_V_16, i16 %layer4_out_V_17, i16 %layer4_out_V_18, i16 %layer4_out_V_19, i16 %layer4_out_V_20, i16 %layer4_out_V_21, i16 %layer4_out_V_22, i16 %layer4_out_V_23, i16 %layer4_out_V_24, i16 %layer4_out_V_25, i16 %layer4_out_V_26, i16 %layer4_out_V_27, i16 %layer4_out_V_28, i16 %layer4_out_V_29, i16 %layer4_out_V_30, i16 %layer4_out_V_31, i16 %layer4_out_V_32, i16 %layer4_out_V_33, i16 %layer4_out_V_34, i16 %layer4_out_V_35, i16 %layer4_out_V_36, i16 %layer4_out_V_37, i16 %layer4_out_V_38, i16 %layer4_out_V_39, i16 %layer4_out_V_40, i16 %layer4_out_V_41, i16 %layer4_out_V_42, i16 %layer4_out_V_43, i16 %layer4_out_V_44, i16 %layer4_out_V_45, i16 %layer4_out_V_46, i16 %layer4_out_V_47, i16 %layer4_out_V_48, i16 %layer4_out_V_49, i16 %layer4_out_V_50, i16 %layer4_out_V_51, i16 %layer4_out_V_52, i16 %layer4_out_V_53, i16 %layer4_out_V_54, i16 %layer4_out_V_55, i16 %layer4_out_V_56, i16 %layer4_out_V_57, i16 %layer4_out_V_58, i16 %layer4_out_V_59, i16 %layer4_out_V_60, i16 %layer4_out_V_61, i16 %layer4_out_V_62, i16 %layer4_out_V_63" [/home/kaxiotis/Vitis_Accel_Projects/vitis_accel_prj/firmware/nnet_utils/nnet_dense.h:41->/home/kaxiotis/Vitis_Accel_Projects/vitis_accel_prj/kernel_wrapper.cpp:17]   --->   Operation 160 'call' 'call_ret3_i_i' <Predicate = true> <Delay = 3.61> <CoreType = "Generic">   --->   Core 0 '' <Latency = 0> <II = 1> <Delay = 1.00> <Generic> <Opcode : >

State 9 <SV = 8> <Delay = 2.08>
ST_9 : Operation 161 [1/4] (1.01ns)   --->   "%call_ret3_i_i = call i512 @dense_latency<ap_fixed<16, 6, 5, 3, 0>, ap_fixed<16, 6, 5, 3, 0>, config5>, i16 %layer4_out_V, i16 %layer4_out_V_1, i16 %layer4_out_V_2, i16 %layer4_out_V_3, i16 %layer4_out_V_4, i16 %layer4_out_V_5, i16 %layer4_out_V_6, i16 %layer4_out_V_7, i16 %layer4_out_V_8, i16 %layer4_out_V_9, i16 %layer4_out_V_10, i16 %layer4_out_V_11, i16 %layer4_out_V_12, i16 %layer4_out_V_13, i16 %layer4_out_V_14, i16 %layer4_out_V_15, i16 %layer4_out_V_16, i16 %layer4_out_V_17, i16 %layer4_out_V_18, i16 %layer4_out_V_19, i16 %layer4_out_V_20, i16 %layer4_out_V_21, i16 %layer4_out_V_22, i16 %layer4_out_V_23, i16 %layer4_out_V_24, i16 %layer4_out_V_25, i16 %layer4_out_V_26, i16 %layer4_out_V_27, i16 %layer4_out_V_28, i16 %layer4_out_V_29, i16 %layer4_out_V_30, i16 %layer4_out_V_31, i16 %layer4_out_V_32, i16 %layer4_out_V_33, i16 %layer4_out_V_34, i16 %layer4_out_V_35, i16 %layer4_out_V_36, i16 %layer4_out_V_37, i16 %layer4_out_V_38, i16 %layer4_out_V_39, i16 %layer4_out_V_40, i16 %layer4_out_V_41, i16 %layer4_out_V_42, i16 %layer4_out_V_43, i16 %layer4_out_V_44, i16 %layer4_out_V_45, i16 %layer4_out_V_46, i16 %layer4_out_V_47, i16 %layer4_out_V_48, i16 %layer4_out_V_49, i16 %layer4_out_V_50, i16 %layer4_out_V_51, i16 %layer4_out_V_52, i16 %layer4_out_V_53, i16 %layer4_out_V_54, i16 %layer4_out_V_55, i16 %layer4_out_V_56, i16 %layer4_out_V_57, i16 %layer4_out_V_58, i16 %layer4_out_V_59, i16 %layer4_out_V_60, i16 %layer4_out_V_61, i16 %layer4_out_V_62, i16 %layer4_out_V_63" [/home/kaxiotis/Vitis_Accel_Projects/vitis_accel_prj/firmware/nnet_utils/nnet_dense.h:41->/home/kaxiotis/Vitis_Accel_Projects/vitis_accel_prj/kernel_wrapper.cpp:17]   --->   Operation 161 'call' 'call_ret3_i_i' <Predicate = true> <Delay = 1.01> <CoreType = "Generic">   --->   Core 0 '' <Latency = 0> <II = 1> <Delay = 1.00> <Generic> <Opcode : >
ST_9 : Operation 162 [1/1] (0.00ns)   --->   "%layer5_out_V = extractvalue i512 %call_ret3_i_i" [/home/kaxiotis/Vitis_Accel_Projects/vitis_accel_prj/firmware/nnet_utils/nnet_dense.h:41->/home/kaxiotis/Vitis_Accel_Projects/vitis_accel_prj/kernel_wrapper.cpp:17]   --->   Operation 162 'extractvalue' 'layer5_out_V' <Predicate = true> <Delay = 0.00>
ST_9 : Operation 163 [1/1] (0.00ns)   --->   "%layer5_out_V_1 = extractvalue i512 %call_ret3_i_i" [/home/kaxiotis/Vitis_Accel_Projects/vitis_accel_prj/firmware/nnet_utils/nnet_dense.h:41->/home/kaxiotis/Vitis_Accel_Projects/vitis_accel_prj/kernel_wrapper.cpp:17]   --->   Operation 163 'extractvalue' 'layer5_out_V_1' <Predicate = true> <Delay = 0.00>
ST_9 : Operation 164 [1/1] (0.00ns)   --->   "%layer5_out_V_2 = extractvalue i512 %call_ret3_i_i" [/home/kaxiotis/Vitis_Accel_Projects/vitis_accel_prj/firmware/nnet_utils/nnet_dense.h:41->/home/kaxiotis/Vitis_Accel_Projects/vitis_accel_prj/kernel_wrapper.cpp:17]   --->   Operation 164 'extractvalue' 'layer5_out_V_2' <Predicate = true> <Delay = 0.00>
ST_9 : Operation 165 [1/1] (0.00ns)   --->   "%layer5_out_V_3 = extractvalue i512 %call_ret3_i_i" [/home/kaxiotis/Vitis_Accel_Projects/vitis_accel_prj/firmware/nnet_utils/nnet_dense.h:41->/home/kaxiotis/Vitis_Accel_Projects/vitis_accel_prj/kernel_wrapper.cpp:17]   --->   Operation 165 'extractvalue' 'layer5_out_V_3' <Predicate = true> <Delay = 0.00>
ST_9 : Operation 166 [1/1] (0.00ns)   --->   "%layer5_out_V_4 = extractvalue i512 %call_ret3_i_i" [/home/kaxiotis/Vitis_Accel_Projects/vitis_accel_prj/firmware/nnet_utils/nnet_dense.h:41->/home/kaxiotis/Vitis_Accel_Projects/vitis_accel_prj/kernel_wrapper.cpp:17]   --->   Operation 166 'extractvalue' 'layer5_out_V_4' <Predicate = true> <Delay = 0.00>
ST_9 : Operation 167 [1/1] (0.00ns)   --->   "%layer5_out_V_5 = extractvalue i512 %call_ret3_i_i" [/home/kaxiotis/Vitis_Accel_Projects/vitis_accel_prj/firmware/nnet_utils/nnet_dense.h:41->/home/kaxiotis/Vitis_Accel_Projects/vitis_accel_prj/kernel_wrapper.cpp:17]   --->   Operation 167 'extractvalue' 'layer5_out_V_5' <Predicate = true> <Delay = 0.00>
ST_9 : Operation 168 [1/1] (0.00ns)   --->   "%layer5_out_V_6 = extractvalue i512 %call_ret3_i_i" [/home/kaxiotis/Vitis_Accel_Projects/vitis_accel_prj/firmware/nnet_utils/nnet_dense.h:41->/home/kaxiotis/Vitis_Accel_Projects/vitis_accel_prj/kernel_wrapper.cpp:17]   --->   Operation 168 'extractvalue' 'layer5_out_V_6' <Predicate = true> <Delay = 0.00>
ST_9 : Operation 169 [1/1] (0.00ns)   --->   "%layer5_out_V_7 = extractvalue i512 %call_ret3_i_i" [/home/kaxiotis/Vitis_Accel_Projects/vitis_accel_prj/firmware/nnet_utils/nnet_dense.h:41->/home/kaxiotis/Vitis_Accel_Projects/vitis_accel_prj/kernel_wrapper.cpp:17]   --->   Operation 169 'extractvalue' 'layer5_out_V_7' <Predicate = true> <Delay = 0.00>
ST_9 : Operation 170 [1/1] (0.00ns)   --->   "%layer5_out_V_8 = extractvalue i512 %call_ret3_i_i" [/home/kaxiotis/Vitis_Accel_Projects/vitis_accel_prj/firmware/nnet_utils/nnet_dense.h:41->/home/kaxiotis/Vitis_Accel_Projects/vitis_accel_prj/kernel_wrapper.cpp:17]   --->   Operation 170 'extractvalue' 'layer5_out_V_8' <Predicate = true> <Delay = 0.00>
ST_9 : Operation 171 [1/1] (0.00ns)   --->   "%layer5_out_V_9 = extractvalue i512 %call_ret3_i_i" [/home/kaxiotis/Vitis_Accel_Projects/vitis_accel_prj/firmware/nnet_utils/nnet_dense.h:41->/home/kaxiotis/Vitis_Accel_Projects/vitis_accel_prj/kernel_wrapper.cpp:17]   --->   Operation 171 'extractvalue' 'layer5_out_V_9' <Predicate = true> <Delay = 0.00>
ST_9 : Operation 172 [1/1] (0.00ns)   --->   "%layer5_out_V_10 = extractvalue i512 %call_ret3_i_i" [/home/kaxiotis/Vitis_Accel_Projects/vitis_accel_prj/firmware/nnet_utils/nnet_dense.h:41->/home/kaxiotis/Vitis_Accel_Projects/vitis_accel_prj/kernel_wrapper.cpp:17]   --->   Operation 172 'extractvalue' 'layer5_out_V_10' <Predicate = true> <Delay = 0.00>
ST_9 : Operation 173 [1/1] (0.00ns)   --->   "%layer5_out_V_11 = extractvalue i512 %call_ret3_i_i" [/home/kaxiotis/Vitis_Accel_Projects/vitis_accel_prj/firmware/nnet_utils/nnet_dense.h:41->/home/kaxiotis/Vitis_Accel_Projects/vitis_accel_prj/kernel_wrapper.cpp:17]   --->   Operation 173 'extractvalue' 'layer5_out_V_11' <Predicate = true> <Delay = 0.00>
ST_9 : Operation 174 [1/1] (0.00ns)   --->   "%layer5_out_V_12 = extractvalue i512 %call_ret3_i_i" [/home/kaxiotis/Vitis_Accel_Projects/vitis_accel_prj/firmware/nnet_utils/nnet_dense.h:41->/home/kaxiotis/Vitis_Accel_Projects/vitis_accel_prj/kernel_wrapper.cpp:17]   --->   Operation 174 'extractvalue' 'layer5_out_V_12' <Predicate = true> <Delay = 0.00>
ST_9 : Operation 175 [1/1] (0.00ns)   --->   "%layer5_out_V_13 = extractvalue i512 %call_ret3_i_i" [/home/kaxiotis/Vitis_Accel_Projects/vitis_accel_prj/firmware/nnet_utils/nnet_dense.h:41->/home/kaxiotis/Vitis_Accel_Projects/vitis_accel_prj/kernel_wrapper.cpp:17]   --->   Operation 175 'extractvalue' 'layer5_out_V_13' <Predicate = true> <Delay = 0.00>
ST_9 : Operation 176 [1/1] (0.00ns)   --->   "%layer5_out_V_14 = extractvalue i512 %call_ret3_i_i" [/home/kaxiotis/Vitis_Accel_Projects/vitis_accel_prj/firmware/nnet_utils/nnet_dense.h:41->/home/kaxiotis/Vitis_Accel_Projects/vitis_accel_prj/kernel_wrapper.cpp:17]   --->   Operation 176 'extractvalue' 'layer5_out_V_14' <Predicate = true> <Delay = 0.00>
ST_9 : Operation 177 [1/1] (0.00ns)   --->   "%layer5_out_V_15 = extractvalue i512 %call_ret3_i_i" [/home/kaxiotis/Vitis_Accel_Projects/vitis_accel_prj/firmware/nnet_utils/nnet_dense.h:41->/home/kaxiotis/Vitis_Accel_Projects/vitis_accel_prj/kernel_wrapper.cpp:17]   --->   Operation 177 'extractvalue' 'layer5_out_V_15' <Predicate = true> <Delay = 0.00>
ST_9 : Operation 178 [1/1] (0.00ns)   --->   "%layer5_out_V_16 = extractvalue i512 %call_ret3_i_i" [/home/kaxiotis/Vitis_Accel_Projects/vitis_accel_prj/firmware/nnet_utils/nnet_dense.h:41->/home/kaxiotis/Vitis_Accel_Projects/vitis_accel_prj/kernel_wrapper.cpp:17]   --->   Operation 178 'extractvalue' 'layer5_out_V_16' <Predicate = true> <Delay = 0.00>
ST_9 : Operation 179 [1/1] (0.00ns)   --->   "%layer5_out_V_17 = extractvalue i512 %call_ret3_i_i" [/home/kaxiotis/Vitis_Accel_Projects/vitis_accel_prj/firmware/nnet_utils/nnet_dense.h:41->/home/kaxiotis/Vitis_Accel_Projects/vitis_accel_prj/kernel_wrapper.cpp:17]   --->   Operation 179 'extractvalue' 'layer5_out_V_17' <Predicate = true> <Delay = 0.00>
ST_9 : Operation 180 [1/1] (0.00ns)   --->   "%layer5_out_V_18 = extractvalue i512 %call_ret3_i_i" [/home/kaxiotis/Vitis_Accel_Projects/vitis_accel_prj/firmware/nnet_utils/nnet_dense.h:41->/home/kaxiotis/Vitis_Accel_Projects/vitis_accel_prj/kernel_wrapper.cpp:17]   --->   Operation 180 'extractvalue' 'layer5_out_V_18' <Predicate = true> <Delay = 0.00>
ST_9 : Operation 181 [1/1] (0.00ns)   --->   "%layer5_out_V_19 = extractvalue i512 %call_ret3_i_i" [/home/kaxiotis/Vitis_Accel_Projects/vitis_accel_prj/firmware/nnet_utils/nnet_dense.h:41->/home/kaxiotis/Vitis_Accel_Projects/vitis_accel_prj/kernel_wrapper.cpp:17]   --->   Operation 181 'extractvalue' 'layer5_out_V_19' <Predicate = true> <Delay = 0.00>
ST_9 : Operation 182 [1/1] (0.00ns)   --->   "%layer5_out_V_20 = extractvalue i512 %call_ret3_i_i" [/home/kaxiotis/Vitis_Accel_Projects/vitis_accel_prj/firmware/nnet_utils/nnet_dense.h:41->/home/kaxiotis/Vitis_Accel_Projects/vitis_accel_prj/kernel_wrapper.cpp:17]   --->   Operation 182 'extractvalue' 'layer5_out_V_20' <Predicate = true> <Delay = 0.00>
ST_9 : Operation 183 [1/1] (0.00ns)   --->   "%layer5_out_V_21 = extractvalue i512 %call_ret3_i_i" [/home/kaxiotis/Vitis_Accel_Projects/vitis_accel_prj/firmware/nnet_utils/nnet_dense.h:41->/home/kaxiotis/Vitis_Accel_Projects/vitis_accel_prj/kernel_wrapper.cpp:17]   --->   Operation 183 'extractvalue' 'layer5_out_V_21' <Predicate = true> <Delay = 0.00>
ST_9 : Operation 184 [1/1] (0.00ns)   --->   "%layer5_out_V_22 = extractvalue i512 %call_ret3_i_i" [/home/kaxiotis/Vitis_Accel_Projects/vitis_accel_prj/firmware/nnet_utils/nnet_dense.h:41->/home/kaxiotis/Vitis_Accel_Projects/vitis_accel_prj/kernel_wrapper.cpp:17]   --->   Operation 184 'extractvalue' 'layer5_out_V_22' <Predicate = true> <Delay = 0.00>
ST_9 : Operation 185 [1/1] (0.00ns)   --->   "%layer5_out_V_23 = extractvalue i512 %call_ret3_i_i" [/home/kaxiotis/Vitis_Accel_Projects/vitis_accel_prj/firmware/nnet_utils/nnet_dense.h:41->/home/kaxiotis/Vitis_Accel_Projects/vitis_accel_prj/kernel_wrapper.cpp:17]   --->   Operation 185 'extractvalue' 'layer5_out_V_23' <Predicate = true> <Delay = 0.00>
ST_9 : Operation 186 [1/1] (0.00ns)   --->   "%layer5_out_V_24 = extractvalue i512 %call_ret3_i_i" [/home/kaxiotis/Vitis_Accel_Projects/vitis_accel_prj/firmware/nnet_utils/nnet_dense.h:41->/home/kaxiotis/Vitis_Accel_Projects/vitis_accel_prj/kernel_wrapper.cpp:17]   --->   Operation 186 'extractvalue' 'layer5_out_V_24' <Predicate = true> <Delay = 0.00>
ST_9 : Operation 187 [1/1] (0.00ns)   --->   "%layer5_out_V_25 = extractvalue i512 %call_ret3_i_i" [/home/kaxiotis/Vitis_Accel_Projects/vitis_accel_prj/firmware/nnet_utils/nnet_dense.h:41->/home/kaxiotis/Vitis_Accel_Projects/vitis_accel_prj/kernel_wrapper.cpp:17]   --->   Operation 187 'extractvalue' 'layer5_out_V_25' <Predicate = true> <Delay = 0.00>
ST_9 : Operation 188 [1/1] (0.00ns)   --->   "%layer5_out_V_26 = extractvalue i512 %call_ret3_i_i" [/home/kaxiotis/Vitis_Accel_Projects/vitis_accel_prj/firmware/nnet_utils/nnet_dense.h:41->/home/kaxiotis/Vitis_Accel_Projects/vitis_accel_prj/kernel_wrapper.cpp:17]   --->   Operation 188 'extractvalue' 'layer5_out_V_26' <Predicate = true> <Delay = 0.00>
ST_9 : Operation 189 [1/1] (0.00ns)   --->   "%layer5_out_V_27 = extractvalue i512 %call_ret3_i_i" [/home/kaxiotis/Vitis_Accel_Projects/vitis_accel_prj/firmware/nnet_utils/nnet_dense.h:41->/home/kaxiotis/Vitis_Accel_Projects/vitis_accel_prj/kernel_wrapper.cpp:17]   --->   Operation 189 'extractvalue' 'layer5_out_V_27' <Predicate = true> <Delay = 0.00>
ST_9 : Operation 190 [1/1] (0.00ns)   --->   "%layer5_out_V_28 = extractvalue i512 %call_ret3_i_i" [/home/kaxiotis/Vitis_Accel_Projects/vitis_accel_prj/firmware/nnet_utils/nnet_dense.h:41->/home/kaxiotis/Vitis_Accel_Projects/vitis_accel_prj/kernel_wrapper.cpp:17]   --->   Operation 190 'extractvalue' 'layer5_out_V_28' <Predicate = true> <Delay = 0.00>
ST_9 : Operation 191 [1/1] (0.00ns)   --->   "%layer5_out_V_29 = extractvalue i512 %call_ret3_i_i" [/home/kaxiotis/Vitis_Accel_Projects/vitis_accel_prj/firmware/nnet_utils/nnet_dense.h:41->/home/kaxiotis/Vitis_Accel_Projects/vitis_accel_prj/kernel_wrapper.cpp:17]   --->   Operation 191 'extractvalue' 'layer5_out_V_29' <Predicate = true> <Delay = 0.00>
ST_9 : Operation 192 [1/1] (0.00ns)   --->   "%layer5_out_V_30 = extractvalue i512 %call_ret3_i_i" [/home/kaxiotis/Vitis_Accel_Projects/vitis_accel_prj/firmware/nnet_utils/nnet_dense.h:41->/home/kaxiotis/Vitis_Accel_Projects/vitis_accel_prj/kernel_wrapper.cpp:17]   --->   Operation 192 'extractvalue' 'layer5_out_V_30' <Predicate = true> <Delay = 0.00>
ST_9 : Operation 193 [1/1] (0.00ns)   --->   "%layer5_out_V_31 = extractvalue i512 %call_ret3_i_i" [/home/kaxiotis/Vitis_Accel_Projects/vitis_accel_prj/firmware/nnet_utils/nnet_dense.h:41->/home/kaxiotis/Vitis_Accel_Projects/vitis_accel_prj/kernel_wrapper.cpp:17]   --->   Operation 193 'extractvalue' 'layer5_out_V_31' <Predicate = true> <Delay = 0.00>
ST_9 : Operation 194 [1/1] (1.06ns)   --->   "%call_ret4_i_i = call i512 @relu<ap_fixed<16, 6, 5, 3, 0>, ap_fixed<16, 6, 5, 3, 0>, relu_config7>, i16 %layer5_out_V, i16 %layer5_out_V_1, i16 %layer5_out_V_2, i16 %layer5_out_V_3, i16 %layer5_out_V_4, i16 %layer5_out_V_5, i16 %layer5_out_V_6, i16 %layer5_out_V_7, i16 %layer5_out_V_8, i16 %layer5_out_V_9, i16 %layer5_out_V_10, i16 %layer5_out_V_11, i16 %layer5_out_V_12, i16 %layer5_out_V_13, i16 %layer5_out_V_14, i16 %layer5_out_V_15, i16 %layer5_out_V_16, i16 %layer5_out_V_17, i16 %layer5_out_V_18, i16 %layer5_out_V_19, i16 %layer5_out_V_20, i16 %layer5_out_V_21, i16 %layer5_out_V_22, i16 %layer5_out_V_23, i16 %layer5_out_V_24, i16 %layer5_out_V_25, i16 %layer5_out_V_26, i16 %layer5_out_V_27, i16 %layer5_out_V_28, i16 %layer5_out_V_29, i16 %layer5_out_V_30, i16 %layer5_out_V_31" [/home/kaxiotis/Vitis_Accel_Projects/vitis_accel_prj/firmware/myproject.cpp:53->/home/kaxiotis/Vitis_Accel_Projects/vitis_accel_prj/kernel_wrapper.cpp:17->/home/kaxiotis/Vitis_Accel_Projects/vitis_accel_prj/kernel_wrapper.cpp:17]   --->   Operation 194 'call' 'call_ret4_i_i' <Predicate = true> <Delay = 1.06> <CoreType = "Generic">   --->   Core 0 '' <Latency = 0> <II = 1> <Delay = 1.00> <Generic> <Opcode : >
ST_9 : Operation 195 [1/1] (0.00ns)   --->   "%layer7_out_V = extractvalue i512 %call_ret4_i_i" [/home/kaxiotis/Vitis_Accel_Projects/vitis_accel_prj/firmware/myproject.cpp:53->/home/kaxiotis/Vitis_Accel_Projects/vitis_accel_prj/kernel_wrapper.cpp:17->/home/kaxiotis/Vitis_Accel_Projects/vitis_accel_prj/kernel_wrapper.cpp:17]   --->   Operation 195 'extractvalue' 'layer7_out_V' <Predicate = true> <Delay = 0.00>
ST_9 : Operation 196 [1/1] (0.00ns)   --->   "%layer7_out_V_1 = extractvalue i512 %call_ret4_i_i" [/home/kaxiotis/Vitis_Accel_Projects/vitis_accel_prj/firmware/myproject.cpp:53->/home/kaxiotis/Vitis_Accel_Projects/vitis_accel_prj/kernel_wrapper.cpp:17->/home/kaxiotis/Vitis_Accel_Projects/vitis_accel_prj/kernel_wrapper.cpp:17]   --->   Operation 196 'extractvalue' 'layer7_out_V_1' <Predicate = true> <Delay = 0.00>
ST_9 : Operation 197 [1/1] (0.00ns)   --->   "%layer7_out_V_2 = extractvalue i512 %call_ret4_i_i" [/home/kaxiotis/Vitis_Accel_Projects/vitis_accel_prj/firmware/myproject.cpp:53->/home/kaxiotis/Vitis_Accel_Projects/vitis_accel_prj/kernel_wrapper.cpp:17->/home/kaxiotis/Vitis_Accel_Projects/vitis_accel_prj/kernel_wrapper.cpp:17]   --->   Operation 197 'extractvalue' 'layer7_out_V_2' <Predicate = true> <Delay = 0.00>
ST_9 : Operation 198 [1/1] (0.00ns)   --->   "%layer7_out_V_3 = extractvalue i512 %call_ret4_i_i" [/home/kaxiotis/Vitis_Accel_Projects/vitis_accel_prj/firmware/myproject.cpp:53->/home/kaxiotis/Vitis_Accel_Projects/vitis_accel_prj/kernel_wrapper.cpp:17->/home/kaxiotis/Vitis_Accel_Projects/vitis_accel_prj/kernel_wrapper.cpp:17]   --->   Operation 198 'extractvalue' 'layer7_out_V_3' <Predicate = true> <Delay = 0.00>
ST_9 : Operation 199 [1/1] (0.00ns)   --->   "%layer7_out_V_4 = extractvalue i512 %call_ret4_i_i" [/home/kaxiotis/Vitis_Accel_Projects/vitis_accel_prj/firmware/myproject.cpp:53->/home/kaxiotis/Vitis_Accel_Projects/vitis_accel_prj/kernel_wrapper.cpp:17->/home/kaxiotis/Vitis_Accel_Projects/vitis_accel_prj/kernel_wrapper.cpp:17]   --->   Operation 199 'extractvalue' 'layer7_out_V_4' <Predicate = true> <Delay = 0.00>
ST_9 : Operation 200 [1/1] (0.00ns)   --->   "%layer7_out_V_5 = extractvalue i512 %call_ret4_i_i" [/home/kaxiotis/Vitis_Accel_Projects/vitis_accel_prj/firmware/myproject.cpp:53->/home/kaxiotis/Vitis_Accel_Projects/vitis_accel_prj/kernel_wrapper.cpp:17->/home/kaxiotis/Vitis_Accel_Projects/vitis_accel_prj/kernel_wrapper.cpp:17]   --->   Operation 200 'extractvalue' 'layer7_out_V_5' <Predicate = true> <Delay = 0.00>
ST_9 : Operation 201 [1/1] (0.00ns)   --->   "%layer7_out_V_6 = extractvalue i512 %call_ret4_i_i" [/home/kaxiotis/Vitis_Accel_Projects/vitis_accel_prj/firmware/myproject.cpp:53->/home/kaxiotis/Vitis_Accel_Projects/vitis_accel_prj/kernel_wrapper.cpp:17->/home/kaxiotis/Vitis_Accel_Projects/vitis_accel_prj/kernel_wrapper.cpp:17]   --->   Operation 201 'extractvalue' 'layer7_out_V_6' <Predicate = true> <Delay = 0.00>
ST_9 : Operation 202 [1/1] (0.00ns)   --->   "%layer7_out_V_7 = extractvalue i512 %call_ret4_i_i" [/home/kaxiotis/Vitis_Accel_Projects/vitis_accel_prj/firmware/myproject.cpp:53->/home/kaxiotis/Vitis_Accel_Projects/vitis_accel_prj/kernel_wrapper.cpp:17->/home/kaxiotis/Vitis_Accel_Projects/vitis_accel_prj/kernel_wrapper.cpp:17]   --->   Operation 202 'extractvalue' 'layer7_out_V_7' <Predicate = true> <Delay = 0.00>
ST_9 : Operation 203 [1/1] (0.00ns)   --->   "%layer7_out_V_8 = extractvalue i512 %call_ret4_i_i" [/home/kaxiotis/Vitis_Accel_Projects/vitis_accel_prj/firmware/myproject.cpp:53->/home/kaxiotis/Vitis_Accel_Projects/vitis_accel_prj/kernel_wrapper.cpp:17->/home/kaxiotis/Vitis_Accel_Projects/vitis_accel_prj/kernel_wrapper.cpp:17]   --->   Operation 203 'extractvalue' 'layer7_out_V_8' <Predicate = true> <Delay = 0.00>
ST_9 : Operation 204 [1/1] (0.00ns)   --->   "%layer7_out_V_9 = extractvalue i512 %call_ret4_i_i" [/home/kaxiotis/Vitis_Accel_Projects/vitis_accel_prj/firmware/myproject.cpp:53->/home/kaxiotis/Vitis_Accel_Projects/vitis_accel_prj/kernel_wrapper.cpp:17->/home/kaxiotis/Vitis_Accel_Projects/vitis_accel_prj/kernel_wrapper.cpp:17]   --->   Operation 204 'extractvalue' 'layer7_out_V_9' <Predicate = true> <Delay = 0.00>
ST_9 : Operation 205 [1/1] (0.00ns)   --->   "%layer7_out_V_10 = extractvalue i512 %call_ret4_i_i" [/home/kaxiotis/Vitis_Accel_Projects/vitis_accel_prj/firmware/myproject.cpp:53->/home/kaxiotis/Vitis_Accel_Projects/vitis_accel_prj/kernel_wrapper.cpp:17->/home/kaxiotis/Vitis_Accel_Projects/vitis_accel_prj/kernel_wrapper.cpp:17]   --->   Operation 205 'extractvalue' 'layer7_out_V_10' <Predicate = true> <Delay = 0.00>
ST_9 : Operation 206 [1/1] (0.00ns)   --->   "%layer7_out_V_11 = extractvalue i512 %call_ret4_i_i" [/home/kaxiotis/Vitis_Accel_Projects/vitis_accel_prj/firmware/myproject.cpp:53->/home/kaxiotis/Vitis_Accel_Projects/vitis_accel_prj/kernel_wrapper.cpp:17->/home/kaxiotis/Vitis_Accel_Projects/vitis_accel_prj/kernel_wrapper.cpp:17]   --->   Operation 206 'extractvalue' 'layer7_out_V_11' <Predicate = true> <Delay = 0.00>
ST_9 : Operation 207 [1/1] (0.00ns)   --->   "%layer7_out_V_12 = extractvalue i512 %call_ret4_i_i" [/home/kaxiotis/Vitis_Accel_Projects/vitis_accel_prj/firmware/myproject.cpp:53->/home/kaxiotis/Vitis_Accel_Projects/vitis_accel_prj/kernel_wrapper.cpp:17->/home/kaxiotis/Vitis_Accel_Projects/vitis_accel_prj/kernel_wrapper.cpp:17]   --->   Operation 207 'extractvalue' 'layer7_out_V_12' <Predicate = true> <Delay = 0.00>
ST_9 : Operation 208 [1/1] (0.00ns)   --->   "%layer7_out_V_13 = extractvalue i512 %call_ret4_i_i" [/home/kaxiotis/Vitis_Accel_Projects/vitis_accel_prj/firmware/myproject.cpp:53->/home/kaxiotis/Vitis_Accel_Projects/vitis_accel_prj/kernel_wrapper.cpp:17->/home/kaxiotis/Vitis_Accel_Projects/vitis_accel_prj/kernel_wrapper.cpp:17]   --->   Operation 208 'extractvalue' 'layer7_out_V_13' <Predicate = true> <Delay = 0.00>
ST_9 : Operation 209 [1/1] (0.00ns)   --->   "%layer7_out_V_14 = extractvalue i512 %call_ret4_i_i" [/home/kaxiotis/Vitis_Accel_Projects/vitis_accel_prj/firmware/myproject.cpp:53->/home/kaxiotis/Vitis_Accel_Projects/vitis_accel_prj/kernel_wrapper.cpp:17->/home/kaxiotis/Vitis_Accel_Projects/vitis_accel_prj/kernel_wrapper.cpp:17]   --->   Operation 209 'extractvalue' 'layer7_out_V_14' <Predicate = true> <Delay = 0.00>
ST_9 : Operation 210 [1/1] (0.00ns)   --->   "%layer7_out_V_15 = extractvalue i512 %call_ret4_i_i" [/home/kaxiotis/Vitis_Accel_Projects/vitis_accel_prj/firmware/myproject.cpp:53->/home/kaxiotis/Vitis_Accel_Projects/vitis_accel_prj/kernel_wrapper.cpp:17->/home/kaxiotis/Vitis_Accel_Projects/vitis_accel_prj/kernel_wrapper.cpp:17]   --->   Operation 210 'extractvalue' 'layer7_out_V_15' <Predicate = true> <Delay = 0.00>
ST_9 : Operation 211 [1/1] (0.00ns)   --->   "%layer7_out_V_16 = extractvalue i512 %call_ret4_i_i" [/home/kaxiotis/Vitis_Accel_Projects/vitis_accel_prj/firmware/myproject.cpp:53->/home/kaxiotis/Vitis_Accel_Projects/vitis_accel_prj/kernel_wrapper.cpp:17->/home/kaxiotis/Vitis_Accel_Projects/vitis_accel_prj/kernel_wrapper.cpp:17]   --->   Operation 211 'extractvalue' 'layer7_out_V_16' <Predicate = true> <Delay = 0.00>
ST_9 : Operation 212 [1/1] (0.00ns)   --->   "%layer7_out_V_17 = extractvalue i512 %call_ret4_i_i" [/home/kaxiotis/Vitis_Accel_Projects/vitis_accel_prj/firmware/myproject.cpp:53->/home/kaxiotis/Vitis_Accel_Projects/vitis_accel_prj/kernel_wrapper.cpp:17->/home/kaxiotis/Vitis_Accel_Projects/vitis_accel_prj/kernel_wrapper.cpp:17]   --->   Operation 212 'extractvalue' 'layer7_out_V_17' <Predicate = true> <Delay = 0.00>
ST_9 : Operation 213 [1/1] (0.00ns)   --->   "%layer7_out_V_18 = extractvalue i512 %call_ret4_i_i" [/home/kaxiotis/Vitis_Accel_Projects/vitis_accel_prj/firmware/myproject.cpp:53->/home/kaxiotis/Vitis_Accel_Projects/vitis_accel_prj/kernel_wrapper.cpp:17->/home/kaxiotis/Vitis_Accel_Projects/vitis_accel_prj/kernel_wrapper.cpp:17]   --->   Operation 213 'extractvalue' 'layer7_out_V_18' <Predicate = true> <Delay = 0.00>
ST_9 : Operation 214 [1/1] (0.00ns)   --->   "%layer7_out_V_19 = extractvalue i512 %call_ret4_i_i" [/home/kaxiotis/Vitis_Accel_Projects/vitis_accel_prj/firmware/myproject.cpp:53->/home/kaxiotis/Vitis_Accel_Projects/vitis_accel_prj/kernel_wrapper.cpp:17->/home/kaxiotis/Vitis_Accel_Projects/vitis_accel_prj/kernel_wrapper.cpp:17]   --->   Operation 214 'extractvalue' 'layer7_out_V_19' <Predicate = true> <Delay = 0.00>
ST_9 : Operation 215 [1/1] (0.00ns)   --->   "%layer7_out_V_20 = extractvalue i512 %call_ret4_i_i" [/home/kaxiotis/Vitis_Accel_Projects/vitis_accel_prj/firmware/myproject.cpp:53->/home/kaxiotis/Vitis_Accel_Projects/vitis_accel_prj/kernel_wrapper.cpp:17->/home/kaxiotis/Vitis_Accel_Projects/vitis_accel_prj/kernel_wrapper.cpp:17]   --->   Operation 215 'extractvalue' 'layer7_out_V_20' <Predicate = true> <Delay = 0.00>
ST_9 : Operation 216 [1/1] (0.00ns)   --->   "%layer7_out_V_21 = extractvalue i512 %call_ret4_i_i" [/home/kaxiotis/Vitis_Accel_Projects/vitis_accel_prj/firmware/myproject.cpp:53->/home/kaxiotis/Vitis_Accel_Projects/vitis_accel_prj/kernel_wrapper.cpp:17->/home/kaxiotis/Vitis_Accel_Projects/vitis_accel_prj/kernel_wrapper.cpp:17]   --->   Operation 216 'extractvalue' 'layer7_out_V_21' <Predicate = true> <Delay = 0.00>
ST_9 : Operation 217 [1/1] (0.00ns)   --->   "%layer7_out_V_22 = extractvalue i512 %call_ret4_i_i" [/home/kaxiotis/Vitis_Accel_Projects/vitis_accel_prj/firmware/myproject.cpp:53->/home/kaxiotis/Vitis_Accel_Projects/vitis_accel_prj/kernel_wrapper.cpp:17->/home/kaxiotis/Vitis_Accel_Projects/vitis_accel_prj/kernel_wrapper.cpp:17]   --->   Operation 217 'extractvalue' 'layer7_out_V_22' <Predicate = true> <Delay = 0.00>
ST_9 : Operation 218 [1/1] (0.00ns)   --->   "%layer7_out_V_23 = extractvalue i512 %call_ret4_i_i" [/home/kaxiotis/Vitis_Accel_Projects/vitis_accel_prj/firmware/myproject.cpp:53->/home/kaxiotis/Vitis_Accel_Projects/vitis_accel_prj/kernel_wrapper.cpp:17->/home/kaxiotis/Vitis_Accel_Projects/vitis_accel_prj/kernel_wrapper.cpp:17]   --->   Operation 218 'extractvalue' 'layer7_out_V_23' <Predicate = true> <Delay = 0.00>
ST_9 : Operation 219 [1/1] (0.00ns)   --->   "%layer7_out_V_24 = extractvalue i512 %call_ret4_i_i" [/home/kaxiotis/Vitis_Accel_Projects/vitis_accel_prj/firmware/myproject.cpp:53->/home/kaxiotis/Vitis_Accel_Projects/vitis_accel_prj/kernel_wrapper.cpp:17->/home/kaxiotis/Vitis_Accel_Projects/vitis_accel_prj/kernel_wrapper.cpp:17]   --->   Operation 219 'extractvalue' 'layer7_out_V_24' <Predicate = true> <Delay = 0.00>
ST_9 : Operation 220 [1/1] (0.00ns)   --->   "%layer7_out_V_25 = extractvalue i512 %call_ret4_i_i" [/home/kaxiotis/Vitis_Accel_Projects/vitis_accel_prj/firmware/myproject.cpp:53->/home/kaxiotis/Vitis_Accel_Projects/vitis_accel_prj/kernel_wrapper.cpp:17->/home/kaxiotis/Vitis_Accel_Projects/vitis_accel_prj/kernel_wrapper.cpp:17]   --->   Operation 220 'extractvalue' 'layer7_out_V_25' <Predicate = true> <Delay = 0.00>
ST_9 : Operation 221 [1/1] (0.00ns)   --->   "%layer7_out_V_26 = extractvalue i512 %call_ret4_i_i" [/home/kaxiotis/Vitis_Accel_Projects/vitis_accel_prj/firmware/myproject.cpp:53->/home/kaxiotis/Vitis_Accel_Projects/vitis_accel_prj/kernel_wrapper.cpp:17->/home/kaxiotis/Vitis_Accel_Projects/vitis_accel_prj/kernel_wrapper.cpp:17]   --->   Operation 221 'extractvalue' 'layer7_out_V_26' <Predicate = true> <Delay = 0.00>
ST_9 : Operation 222 [1/1] (0.00ns)   --->   "%layer7_out_V_27 = extractvalue i512 %call_ret4_i_i" [/home/kaxiotis/Vitis_Accel_Projects/vitis_accel_prj/firmware/myproject.cpp:53->/home/kaxiotis/Vitis_Accel_Projects/vitis_accel_prj/kernel_wrapper.cpp:17->/home/kaxiotis/Vitis_Accel_Projects/vitis_accel_prj/kernel_wrapper.cpp:17]   --->   Operation 222 'extractvalue' 'layer7_out_V_27' <Predicate = true> <Delay = 0.00>
ST_9 : Operation 223 [1/1] (0.00ns)   --->   "%layer7_out_V_28 = extractvalue i512 %call_ret4_i_i" [/home/kaxiotis/Vitis_Accel_Projects/vitis_accel_prj/firmware/myproject.cpp:53->/home/kaxiotis/Vitis_Accel_Projects/vitis_accel_prj/kernel_wrapper.cpp:17->/home/kaxiotis/Vitis_Accel_Projects/vitis_accel_prj/kernel_wrapper.cpp:17]   --->   Operation 223 'extractvalue' 'layer7_out_V_28' <Predicate = true> <Delay = 0.00>
ST_9 : Operation 224 [1/1] (0.00ns)   --->   "%layer7_out_V_29 = extractvalue i512 %call_ret4_i_i" [/home/kaxiotis/Vitis_Accel_Projects/vitis_accel_prj/firmware/myproject.cpp:53->/home/kaxiotis/Vitis_Accel_Projects/vitis_accel_prj/kernel_wrapper.cpp:17->/home/kaxiotis/Vitis_Accel_Projects/vitis_accel_prj/kernel_wrapper.cpp:17]   --->   Operation 224 'extractvalue' 'layer7_out_V_29' <Predicate = true> <Delay = 0.00>
ST_9 : Operation 225 [1/1] (0.00ns)   --->   "%layer7_out_V_30 = extractvalue i512 %call_ret4_i_i" [/home/kaxiotis/Vitis_Accel_Projects/vitis_accel_prj/firmware/myproject.cpp:53->/home/kaxiotis/Vitis_Accel_Projects/vitis_accel_prj/kernel_wrapper.cpp:17->/home/kaxiotis/Vitis_Accel_Projects/vitis_accel_prj/kernel_wrapper.cpp:17]   --->   Operation 225 'extractvalue' 'layer7_out_V_30' <Predicate = true> <Delay = 0.00>
ST_9 : Operation 226 [1/1] (0.00ns)   --->   "%layer7_out_V_31 = extractvalue i512 %call_ret4_i_i" [/home/kaxiotis/Vitis_Accel_Projects/vitis_accel_prj/firmware/myproject.cpp:53->/home/kaxiotis/Vitis_Accel_Projects/vitis_accel_prj/kernel_wrapper.cpp:17->/home/kaxiotis/Vitis_Accel_Projects/vitis_accel_prj/kernel_wrapper.cpp:17]   --->   Operation 226 'extractvalue' 'layer7_out_V_31' <Predicate = true> <Delay = 0.00>

State 10 <SV = 9> <Delay = 3.62>
ST_10 : Operation 227 [2/2] (3.62ns)   --->   "%call_ret5_i_i = call i512 @dense_latency<ap_fixed<16, 6, 5, 3, 0>, ap_fixed<16, 6, 5, 3, 0>, config8>, i16 %layer7_out_V, i16 %layer7_out_V_1, i16 %layer7_out_V_2, i16 %layer7_out_V_3, i16 %layer7_out_V_4, i16 %layer7_out_V_5, i16 %layer7_out_V_6, i16 %layer7_out_V_7, i16 %layer7_out_V_8, i16 %layer7_out_V_9, i16 %layer7_out_V_10, i16 %layer7_out_V_11, i16 %layer7_out_V_12, i16 %layer7_out_V_13, i16 %layer7_out_V_14, i16 %layer7_out_V_15, i16 %layer7_out_V_16, i16 %layer7_out_V_17, i16 %layer7_out_V_18, i16 %layer7_out_V_19, i16 %layer7_out_V_20, i16 %layer7_out_V_21, i16 %layer7_out_V_22, i16 %layer7_out_V_23, i16 %layer7_out_V_24, i16 %layer7_out_V_25, i16 %layer7_out_V_26, i16 %layer7_out_V_27, i16 %layer7_out_V_28, i16 %layer7_out_V_29, i16 %layer7_out_V_30, i16 %layer7_out_V_31" [/home/kaxiotis/Vitis_Accel_Projects/vitis_accel_prj/firmware/nnet_utils/nnet_dense.h:41->/home/kaxiotis/Vitis_Accel_Projects/vitis_accel_prj/kernel_wrapper.cpp:17]   --->   Operation 227 'call' 'call_ret5_i_i' <Predicate = true> <Delay = 3.62> <CoreType = "Generic">   --->   Core 0 '' <Latency = 0> <II = 1> <Delay = 1.00> <Generic> <Opcode : >

State 11 <SV = 10> <Delay = 3.04>
ST_11 : Operation 228 [1/2] (3.04ns)   --->   "%call_ret5_i_i = call i512 @dense_latency<ap_fixed<16, 6, 5, 3, 0>, ap_fixed<16, 6, 5, 3, 0>, config8>, i16 %layer7_out_V, i16 %layer7_out_V_1, i16 %layer7_out_V_2, i16 %layer7_out_V_3, i16 %layer7_out_V_4, i16 %layer7_out_V_5, i16 %layer7_out_V_6, i16 %layer7_out_V_7, i16 %layer7_out_V_8, i16 %layer7_out_V_9, i16 %layer7_out_V_10, i16 %layer7_out_V_11, i16 %layer7_out_V_12, i16 %layer7_out_V_13, i16 %layer7_out_V_14, i16 %layer7_out_V_15, i16 %layer7_out_V_16, i16 %layer7_out_V_17, i16 %layer7_out_V_18, i16 %layer7_out_V_19, i16 %layer7_out_V_20, i16 %layer7_out_V_21, i16 %layer7_out_V_22, i16 %layer7_out_V_23, i16 %layer7_out_V_24, i16 %layer7_out_V_25, i16 %layer7_out_V_26, i16 %layer7_out_V_27, i16 %layer7_out_V_28, i16 %layer7_out_V_29, i16 %layer7_out_V_30, i16 %layer7_out_V_31" [/home/kaxiotis/Vitis_Accel_Projects/vitis_accel_prj/firmware/nnet_utils/nnet_dense.h:41->/home/kaxiotis/Vitis_Accel_Projects/vitis_accel_prj/kernel_wrapper.cpp:17]   --->   Operation 228 'call' 'call_ret5_i_i' <Predicate = true> <Delay = 3.04> <CoreType = "Generic">   --->   Core 0 '' <Latency = 0> <II = 1> <Delay = 1.00> <Generic> <Opcode : >
ST_11 : Operation 229 [1/1] (0.00ns)   --->   "%layer8_out_V = extractvalue i512 %call_ret5_i_i" [/home/kaxiotis/Vitis_Accel_Projects/vitis_accel_prj/firmware/nnet_utils/nnet_dense.h:41->/home/kaxiotis/Vitis_Accel_Projects/vitis_accel_prj/kernel_wrapper.cpp:17]   --->   Operation 229 'extractvalue' 'layer8_out_V' <Predicate = true> <Delay = 0.00>
ST_11 : Operation 230 [1/1] (0.00ns)   --->   "%layer8_out_V_1 = extractvalue i512 %call_ret5_i_i" [/home/kaxiotis/Vitis_Accel_Projects/vitis_accel_prj/firmware/nnet_utils/nnet_dense.h:41->/home/kaxiotis/Vitis_Accel_Projects/vitis_accel_prj/kernel_wrapper.cpp:17]   --->   Operation 230 'extractvalue' 'layer8_out_V_1' <Predicate = true> <Delay = 0.00>
ST_11 : Operation 231 [1/1] (0.00ns)   --->   "%layer8_out_V_2 = extractvalue i512 %call_ret5_i_i" [/home/kaxiotis/Vitis_Accel_Projects/vitis_accel_prj/firmware/nnet_utils/nnet_dense.h:41->/home/kaxiotis/Vitis_Accel_Projects/vitis_accel_prj/kernel_wrapper.cpp:17]   --->   Operation 231 'extractvalue' 'layer8_out_V_2' <Predicate = true> <Delay = 0.00>
ST_11 : Operation 232 [1/1] (0.00ns)   --->   "%layer8_out_V_3 = extractvalue i512 %call_ret5_i_i" [/home/kaxiotis/Vitis_Accel_Projects/vitis_accel_prj/firmware/nnet_utils/nnet_dense.h:41->/home/kaxiotis/Vitis_Accel_Projects/vitis_accel_prj/kernel_wrapper.cpp:17]   --->   Operation 232 'extractvalue' 'layer8_out_V_3' <Predicate = true> <Delay = 0.00>
ST_11 : Operation 233 [1/1] (0.00ns)   --->   "%layer8_out_V_4 = extractvalue i512 %call_ret5_i_i" [/home/kaxiotis/Vitis_Accel_Projects/vitis_accel_prj/firmware/nnet_utils/nnet_dense.h:41->/home/kaxiotis/Vitis_Accel_Projects/vitis_accel_prj/kernel_wrapper.cpp:17]   --->   Operation 233 'extractvalue' 'layer8_out_V_4' <Predicate = true> <Delay = 0.00>
ST_11 : Operation 234 [1/1] (0.00ns)   --->   "%layer8_out_V_5 = extractvalue i512 %call_ret5_i_i" [/home/kaxiotis/Vitis_Accel_Projects/vitis_accel_prj/firmware/nnet_utils/nnet_dense.h:41->/home/kaxiotis/Vitis_Accel_Projects/vitis_accel_prj/kernel_wrapper.cpp:17]   --->   Operation 234 'extractvalue' 'layer8_out_V_5' <Predicate = true> <Delay = 0.00>
ST_11 : Operation 235 [1/1] (0.00ns)   --->   "%layer8_out_V_6 = extractvalue i512 %call_ret5_i_i" [/home/kaxiotis/Vitis_Accel_Projects/vitis_accel_prj/firmware/nnet_utils/nnet_dense.h:41->/home/kaxiotis/Vitis_Accel_Projects/vitis_accel_prj/kernel_wrapper.cpp:17]   --->   Operation 235 'extractvalue' 'layer8_out_V_6' <Predicate = true> <Delay = 0.00>
ST_11 : Operation 236 [1/1] (0.00ns)   --->   "%layer8_out_V_7 = extractvalue i512 %call_ret5_i_i" [/home/kaxiotis/Vitis_Accel_Projects/vitis_accel_prj/firmware/nnet_utils/nnet_dense.h:41->/home/kaxiotis/Vitis_Accel_Projects/vitis_accel_prj/kernel_wrapper.cpp:17]   --->   Operation 236 'extractvalue' 'layer8_out_V_7' <Predicate = true> <Delay = 0.00>
ST_11 : Operation 237 [1/1] (0.00ns)   --->   "%layer8_out_V_8 = extractvalue i512 %call_ret5_i_i" [/home/kaxiotis/Vitis_Accel_Projects/vitis_accel_prj/firmware/nnet_utils/nnet_dense.h:41->/home/kaxiotis/Vitis_Accel_Projects/vitis_accel_prj/kernel_wrapper.cpp:17]   --->   Operation 237 'extractvalue' 'layer8_out_V_8' <Predicate = true> <Delay = 0.00>
ST_11 : Operation 238 [1/1] (0.00ns)   --->   "%layer8_out_V_9 = extractvalue i512 %call_ret5_i_i" [/home/kaxiotis/Vitis_Accel_Projects/vitis_accel_prj/firmware/nnet_utils/nnet_dense.h:41->/home/kaxiotis/Vitis_Accel_Projects/vitis_accel_prj/kernel_wrapper.cpp:17]   --->   Operation 238 'extractvalue' 'layer8_out_V_9' <Predicate = true> <Delay = 0.00>
ST_11 : Operation 239 [1/1] (0.00ns)   --->   "%layer8_out_V_10 = extractvalue i512 %call_ret5_i_i" [/home/kaxiotis/Vitis_Accel_Projects/vitis_accel_prj/firmware/nnet_utils/nnet_dense.h:41->/home/kaxiotis/Vitis_Accel_Projects/vitis_accel_prj/kernel_wrapper.cpp:17]   --->   Operation 239 'extractvalue' 'layer8_out_V_10' <Predicate = true> <Delay = 0.00>
ST_11 : Operation 240 [1/1] (0.00ns)   --->   "%layer8_out_V_11 = extractvalue i512 %call_ret5_i_i" [/home/kaxiotis/Vitis_Accel_Projects/vitis_accel_prj/firmware/nnet_utils/nnet_dense.h:41->/home/kaxiotis/Vitis_Accel_Projects/vitis_accel_prj/kernel_wrapper.cpp:17]   --->   Operation 240 'extractvalue' 'layer8_out_V_11' <Predicate = true> <Delay = 0.00>
ST_11 : Operation 241 [1/1] (0.00ns)   --->   "%layer8_out_V_12 = extractvalue i512 %call_ret5_i_i" [/home/kaxiotis/Vitis_Accel_Projects/vitis_accel_prj/firmware/nnet_utils/nnet_dense.h:41->/home/kaxiotis/Vitis_Accel_Projects/vitis_accel_prj/kernel_wrapper.cpp:17]   --->   Operation 241 'extractvalue' 'layer8_out_V_12' <Predicate = true> <Delay = 0.00>
ST_11 : Operation 242 [1/1] (0.00ns)   --->   "%layer8_out_V_13 = extractvalue i512 %call_ret5_i_i" [/home/kaxiotis/Vitis_Accel_Projects/vitis_accel_prj/firmware/nnet_utils/nnet_dense.h:41->/home/kaxiotis/Vitis_Accel_Projects/vitis_accel_prj/kernel_wrapper.cpp:17]   --->   Operation 242 'extractvalue' 'layer8_out_V_13' <Predicate = true> <Delay = 0.00>
ST_11 : Operation 243 [1/1] (0.00ns)   --->   "%layer8_out_V_14 = extractvalue i512 %call_ret5_i_i" [/home/kaxiotis/Vitis_Accel_Projects/vitis_accel_prj/firmware/nnet_utils/nnet_dense.h:41->/home/kaxiotis/Vitis_Accel_Projects/vitis_accel_prj/kernel_wrapper.cpp:17]   --->   Operation 243 'extractvalue' 'layer8_out_V_14' <Predicate = true> <Delay = 0.00>
ST_11 : Operation 244 [1/1] (0.00ns)   --->   "%layer8_out_V_15 = extractvalue i512 %call_ret5_i_i" [/home/kaxiotis/Vitis_Accel_Projects/vitis_accel_prj/firmware/nnet_utils/nnet_dense.h:41->/home/kaxiotis/Vitis_Accel_Projects/vitis_accel_prj/kernel_wrapper.cpp:17]   --->   Operation 244 'extractvalue' 'layer8_out_V_15' <Predicate = true> <Delay = 0.00>
ST_11 : Operation 245 [1/1] (0.00ns)   --->   "%layer8_out_V_16 = extractvalue i512 %call_ret5_i_i" [/home/kaxiotis/Vitis_Accel_Projects/vitis_accel_prj/firmware/nnet_utils/nnet_dense.h:41->/home/kaxiotis/Vitis_Accel_Projects/vitis_accel_prj/kernel_wrapper.cpp:17]   --->   Operation 245 'extractvalue' 'layer8_out_V_16' <Predicate = true> <Delay = 0.00>
ST_11 : Operation 246 [1/1] (0.00ns)   --->   "%layer8_out_V_17 = extractvalue i512 %call_ret5_i_i" [/home/kaxiotis/Vitis_Accel_Projects/vitis_accel_prj/firmware/nnet_utils/nnet_dense.h:41->/home/kaxiotis/Vitis_Accel_Projects/vitis_accel_prj/kernel_wrapper.cpp:17]   --->   Operation 246 'extractvalue' 'layer8_out_V_17' <Predicate = true> <Delay = 0.00>
ST_11 : Operation 247 [1/1] (0.00ns)   --->   "%layer8_out_V_18 = extractvalue i512 %call_ret5_i_i" [/home/kaxiotis/Vitis_Accel_Projects/vitis_accel_prj/firmware/nnet_utils/nnet_dense.h:41->/home/kaxiotis/Vitis_Accel_Projects/vitis_accel_prj/kernel_wrapper.cpp:17]   --->   Operation 247 'extractvalue' 'layer8_out_V_18' <Predicate = true> <Delay = 0.00>
ST_11 : Operation 248 [1/1] (0.00ns)   --->   "%layer8_out_V_19 = extractvalue i512 %call_ret5_i_i" [/home/kaxiotis/Vitis_Accel_Projects/vitis_accel_prj/firmware/nnet_utils/nnet_dense.h:41->/home/kaxiotis/Vitis_Accel_Projects/vitis_accel_prj/kernel_wrapper.cpp:17]   --->   Operation 248 'extractvalue' 'layer8_out_V_19' <Predicate = true> <Delay = 0.00>
ST_11 : Operation 249 [1/1] (0.00ns)   --->   "%layer8_out_V_20 = extractvalue i512 %call_ret5_i_i" [/home/kaxiotis/Vitis_Accel_Projects/vitis_accel_prj/firmware/nnet_utils/nnet_dense.h:41->/home/kaxiotis/Vitis_Accel_Projects/vitis_accel_prj/kernel_wrapper.cpp:17]   --->   Operation 249 'extractvalue' 'layer8_out_V_20' <Predicate = true> <Delay = 0.00>
ST_11 : Operation 250 [1/1] (0.00ns)   --->   "%layer8_out_V_21 = extractvalue i512 %call_ret5_i_i" [/home/kaxiotis/Vitis_Accel_Projects/vitis_accel_prj/firmware/nnet_utils/nnet_dense.h:41->/home/kaxiotis/Vitis_Accel_Projects/vitis_accel_prj/kernel_wrapper.cpp:17]   --->   Operation 250 'extractvalue' 'layer8_out_V_21' <Predicate = true> <Delay = 0.00>
ST_11 : Operation 251 [1/1] (0.00ns)   --->   "%layer8_out_V_22 = extractvalue i512 %call_ret5_i_i" [/home/kaxiotis/Vitis_Accel_Projects/vitis_accel_prj/firmware/nnet_utils/nnet_dense.h:41->/home/kaxiotis/Vitis_Accel_Projects/vitis_accel_prj/kernel_wrapper.cpp:17]   --->   Operation 251 'extractvalue' 'layer8_out_V_22' <Predicate = true> <Delay = 0.00>
ST_11 : Operation 252 [1/1] (0.00ns)   --->   "%layer8_out_V_23 = extractvalue i512 %call_ret5_i_i" [/home/kaxiotis/Vitis_Accel_Projects/vitis_accel_prj/firmware/nnet_utils/nnet_dense.h:41->/home/kaxiotis/Vitis_Accel_Projects/vitis_accel_prj/kernel_wrapper.cpp:17]   --->   Operation 252 'extractvalue' 'layer8_out_V_23' <Predicate = true> <Delay = 0.00>
ST_11 : Operation 253 [1/1] (0.00ns)   --->   "%layer8_out_V_24 = extractvalue i512 %call_ret5_i_i" [/home/kaxiotis/Vitis_Accel_Projects/vitis_accel_prj/firmware/nnet_utils/nnet_dense.h:41->/home/kaxiotis/Vitis_Accel_Projects/vitis_accel_prj/kernel_wrapper.cpp:17]   --->   Operation 253 'extractvalue' 'layer8_out_V_24' <Predicate = true> <Delay = 0.00>
ST_11 : Operation 254 [1/1] (0.00ns)   --->   "%layer8_out_V_25 = extractvalue i512 %call_ret5_i_i" [/home/kaxiotis/Vitis_Accel_Projects/vitis_accel_prj/firmware/nnet_utils/nnet_dense.h:41->/home/kaxiotis/Vitis_Accel_Projects/vitis_accel_prj/kernel_wrapper.cpp:17]   --->   Operation 254 'extractvalue' 'layer8_out_V_25' <Predicate = true> <Delay = 0.00>
ST_11 : Operation 255 [1/1] (0.00ns)   --->   "%layer8_out_V_26 = extractvalue i512 %call_ret5_i_i" [/home/kaxiotis/Vitis_Accel_Projects/vitis_accel_prj/firmware/nnet_utils/nnet_dense.h:41->/home/kaxiotis/Vitis_Accel_Projects/vitis_accel_prj/kernel_wrapper.cpp:17]   --->   Operation 255 'extractvalue' 'layer8_out_V_26' <Predicate = true> <Delay = 0.00>
ST_11 : Operation 256 [1/1] (0.00ns)   --->   "%layer8_out_V_27 = extractvalue i512 %call_ret5_i_i" [/home/kaxiotis/Vitis_Accel_Projects/vitis_accel_prj/firmware/nnet_utils/nnet_dense.h:41->/home/kaxiotis/Vitis_Accel_Projects/vitis_accel_prj/kernel_wrapper.cpp:17]   --->   Operation 256 'extractvalue' 'layer8_out_V_27' <Predicate = true> <Delay = 0.00>
ST_11 : Operation 257 [1/1] (0.00ns)   --->   "%layer8_out_V_28 = extractvalue i512 %call_ret5_i_i" [/home/kaxiotis/Vitis_Accel_Projects/vitis_accel_prj/firmware/nnet_utils/nnet_dense.h:41->/home/kaxiotis/Vitis_Accel_Projects/vitis_accel_prj/kernel_wrapper.cpp:17]   --->   Operation 257 'extractvalue' 'layer8_out_V_28' <Predicate = true> <Delay = 0.00>
ST_11 : Operation 258 [1/1] (0.00ns)   --->   "%layer8_out_V_29 = extractvalue i512 %call_ret5_i_i" [/home/kaxiotis/Vitis_Accel_Projects/vitis_accel_prj/firmware/nnet_utils/nnet_dense.h:41->/home/kaxiotis/Vitis_Accel_Projects/vitis_accel_prj/kernel_wrapper.cpp:17]   --->   Operation 258 'extractvalue' 'layer8_out_V_29' <Predicate = true> <Delay = 0.00>
ST_11 : Operation 259 [1/1] (0.00ns)   --->   "%layer8_out_V_30 = extractvalue i512 %call_ret5_i_i" [/home/kaxiotis/Vitis_Accel_Projects/vitis_accel_prj/firmware/nnet_utils/nnet_dense.h:41->/home/kaxiotis/Vitis_Accel_Projects/vitis_accel_prj/kernel_wrapper.cpp:17]   --->   Operation 259 'extractvalue' 'layer8_out_V_30' <Predicate = true> <Delay = 0.00>
ST_11 : Operation 260 [1/1] (0.00ns)   --->   "%layer8_out_V_31 = extractvalue i512 %call_ret5_i_i" [/home/kaxiotis/Vitis_Accel_Projects/vitis_accel_prj/firmware/nnet_utils/nnet_dense.h:41->/home/kaxiotis/Vitis_Accel_Projects/vitis_accel_prj/kernel_wrapper.cpp:17]   --->   Operation 260 'extractvalue' 'layer8_out_V_31' <Predicate = true> <Delay = 0.00>

State 12 <SV = 11> <Delay = 1.06>
ST_12 : Operation 261 [1/1] (1.06ns)   --->   "%call_ret6_i_i = call i512 @relu<ap_fixed<16, 6, 5, 3, 0>, ap_fixed<16, 6, 5, 3, 0>, relu_config10>, i16 %layer8_out_V, i16 %layer8_out_V_1, i16 %layer8_out_V_2, i16 %layer8_out_V_3, i16 %layer8_out_V_4, i16 %layer8_out_V_5, i16 %layer8_out_V_6, i16 %layer8_out_V_7, i16 %layer8_out_V_8, i16 %layer8_out_V_9, i16 %layer8_out_V_10, i16 %layer8_out_V_11, i16 %layer8_out_V_12, i16 %layer8_out_V_13, i16 %layer8_out_V_14, i16 %layer8_out_V_15, i16 %layer8_out_V_16, i16 %layer8_out_V_17, i16 %layer8_out_V_18, i16 %layer8_out_V_19, i16 %layer8_out_V_20, i16 %layer8_out_V_21, i16 %layer8_out_V_22, i16 %layer8_out_V_23, i16 %layer8_out_V_24, i16 %layer8_out_V_25, i16 %layer8_out_V_26, i16 %layer8_out_V_27, i16 %layer8_out_V_28, i16 %layer8_out_V_29, i16 %layer8_out_V_30, i16 %layer8_out_V_31" [/home/kaxiotis/Vitis_Accel_Projects/vitis_accel_prj/firmware/myproject.cpp:61->/home/kaxiotis/Vitis_Accel_Projects/vitis_accel_prj/kernel_wrapper.cpp:17->/home/kaxiotis/Vitis_Accel_Projects/vitis_accel_prj/kernel_wrapper.cpp:17]   --->   Operation 261 'call' 'call_ret6_i_i' <Predicate = true> <Delay = 1.06> <CoreType = "Generic">   --->   Core 0 '' <Latency = 0> <II = 1> <Delay = 1.00> <Generic> <Opcode : >
ST_12 : Operation 262 [1/1] (0.00ns)   --->   "%layer10_out_V = extractvalue i512 %call_ret6_i_i" [/home/kaxiotis/Vitis_Accel_Projects/vitis_accel_prj/firmware/myproject.cpp:61->/home/kaxiotis/Vitis_Accel_Projects/vitis_accel_prj/kernel_wrapper.cpp:17->/home/kaxiotis/Vitis_Accel_Projects/vitis_accel_prj/kernel_wrapper.cpp:17]   --->   Operation 262 'extractvalue' 'layer10_out_V' <Predicate = true> <Delay = 0.00>
ST_12 : Operation 263 [1/1] (0.00ns)   --->   "%layer10_out_V_1 = extractvalue i512 %call_ret6_i_i" [/home/kaxiotis/Vitis_Accel_Projects/vitis_accel_prj/firmware/myproject.cpp:61->/home/kaxiotis/Vitis_Accel_Projects/vitis_accel_prj/kernel_wrapper.cpp:17->/home/kaxiotis/Vitis_Accel_Projects/vitis_accel_prj/kernel_wrapper.cpp:17]   --->   Operation 263 'extractvalue' 'layer10_out_V_1' <Predicate = true> <Delay = 0.00>
ST_12 : Operation 264 [1/1] (0.00ns)   --->   "%layer10_out_V_2 = extractvalue i512 %call_ret6_i_i" [/home/kaxiotis/Vitis_Accel_Projects/vitis_accel_prj/firmware/myproject.cpp:61->/home/kaxiotis/Vitis_Accel_Projects/vitis_accel_prj/kernel_wrapper.cpp:17->/home/kaxiotis/Vitis_Accel_Projects/vitis_accel_prj/kernel_wrapper.cpp:17]   --->   Operation 264 'extractvalue' 'layer10_out_V_2' <Predicate = true> <Delay = 0.00>
ST_12 : Operation 265 [1/1] (0.00ns)   --->   "%layer10_out_V_3 = extractvalue i512 %call_ret6_i_i" [/home/kaxiotis/Vitis_Accel_Projects/vitis_accel_prj/firmware/myproject.cpp:61->/home/kaxiotis/Vitis_Accel_Projects/vitis_accel_prj/kernel_wrapper.cpp:17->/home/kaxiotis/Vitis_Accel_Projects/vitis_accel_prj/kernel_wrapper.cpp:17]   --->   Operation 265 'extractvalue' 'layer10_out_V_3' <Predicate = true> <Delay = 0.00>
ST_12 : Operation 266 [1/1] (0.00ns)   --->   "%layer10_out_V_4 = extractvalue i512 %call_ret6_i_i" [/home/kaxiotis/Vitis_Accel_Projects/vitis_accel_prj/firmware/myproject.cpp:61->/home/kaxiotis/Vitis_Accel_Projects/vitis_accel_prj/kernel_wrapper.cpp:17->/home/kaxiotis/Vitis_Accel_Projects/vitis_accel_prj/kernel_wrapper.cpp:17]   --->   Operation 266 'extractvalue' 'layer10_out_V_4' <Predicate = true> <Delay = 0.00>
ST_12 : Operation 267 [1/1] (0.00ns)   --->   "%layer10_out_V_5 = extractvalue i512 %call_ret6_i_i" [/home/kaxiotis/Vitis_Accel_Projects/vitis_accel_prj/firmware/myproject.cpp:61->/home/kaxiotis/Vitis_Accel_Projects/vitis_accel_prj/kernel_wrapper.cpp:17->/home/kaxiotis/Vitis_Accel_Projects/vitis_accel_prj/kernel_wrapper.cpp:17]   --->   Operation 267 'extractvalue' 'layer10_out_V_5' <Predicate = true> <Delay = 0.00>
ST_12 : Operation 268 [1/1] (0.00ns)   --->   "%layer10_out_V_6 = extractvalue i512 %call_ret6_i_i" [/home/kaxiotis/Vitis_Accel_Projects/vitis_accel_prj/firmware/myproject.cpp:61->/home/kaxiotis/Vitis_Accel_Projects/vitis_accel_prj/kernel_wrapper.cpp:17->/home/kaxiotis/Vitis_Accel_Projects/vitis_accel_prj/kernel_wrapper.cpp:17]   --->   Operation 268 'extractvalue' 'layer10_out_V_6' <Predicate = true> <Delay = 0.00>
ST_12 : Operation 269 [1/1] (0.00ns)   --->   "%layer10_out_V_7 = extractvalue i512 %call_ret6_i_i" [/home/kaxiotis/Vitis_Accel_Projects/vitis_accel_prj/firmware/myproject.cpp:61->/home/kaxiotis/Vitis_Accel_Projects/vitis_accel_prj/kernel_wrapper.cpp:17->/home/kaxiotis/Vitis_Accel_Projects/vitis_accel_prj/kernel_wrapper.cpp:17]   --->   Operation 269 'extractvalue' 'layer10_out_V_7' <Predicate = true> <Delay = 0.00>
ST_12 : Operation 270 [1/1] (0.00ns)   --->   "%layer10_out_V_8 = extractvalue i512 %call_ret6_i_i" [/home/kaxiotis/Vitis_Accel_Projects/vitis_accel_prj/firmware/myproject.cpp:61->/home/kaxiotis/Vitis_Accel_Projects/vitis_accel_prj/kernel_wrapper.cpp:17->/home/kaxiotis/Vitis_Accel_Projects/vitis_accel_prj/kernel_wrapper.cpp:17]   --->   Operation 270 'extractvalue' 'layer10_out_V_8' <Predicate = true> <Delay = 0.00>
ST_12 : Operation 271 [1/1] (0.00ns)   --->   "%layer10_out_V_9 = extractvalue i512 %call_ret6_i_i" [/home/kaxiotis/Vitis_Accel_Projects/vitis_accel_prj/firmware/myproject.cpp:61->/home/kaxiotis/Vitis_Accel_Projects/vitis_accel_prj/kernel_wrapper.cpp:17->/home/kaxiotis/Vitis_Accel_Projects/vitis_accel_prj/kernel_wrapper.cpp:17]   --->   Operation 271 'extractvalue' 'layer10_out_V_9' <Predicate = true> <Delay = 0.00>
ST_12 : Operation 272 [1/1] (0.00ns)   --->   "%layer10_out_V_10 = extractvalue i512 %call_ret6_i_i" [/home/kaxiotis/Vitis_Accel_Projects/vitis_accel_prj/firmware/myproject.cpp:61->/home/kaxiotis/Vitis_Accel_Projects/vitis_accel_prj/kernel_wrapper.cpp:17->/home/kaxiotis/Vitis_Accel_Projects/vitis_accel_prj/kernel_wrapper.cpp:17]   --->   Operation 272 'extractvalue' 'layer10_out_V_10' <Predicate = true> <Delay = 0.00>
ST_12 : Operation 273 [1/1] (0.00ns)   --->   "%layer10_out_V_11 = extractvalue i512 %call_ret6_i_i" [/home/kaxiotis/Vitis_Accel_Projects/vitis_accel_prj/firmware/myproject.cpp:61->/home/kaxiotis/Vitis_Accel_Projects/vitis_accel_prj/kernel_wrapper.cpp:17->/home/kaxiotis/Vitis_Accel_Projects/vitis_accel_prj/kernel_wrapper.cpp:17]   --->   Operation 273 'extractvalue' 'layer10_out_V_11' <Predicate = true> <Delay = 0.00>
ST_12 : Operation 274 [1/1] (0.00ns)   --->   "%layer10_out_V_12 = extractvalue i512 %call_ret6_i_i" [/home/kaxiotis/Vitis_Accel_Projects/vitis_accel_prj/firmware/myproject.cpp:61->/home/kaxiotis/Vitis_Accel_Projects/vitis_accel_prj/kernel_wrapper.cpp:17->/home/kaxiotis/Vitis_Accel_Projects/vitis_accel_prj/kernel_wrapper.cpp:17]   --->   Operation 274 'extractvalue' 'layer10_out_V_12' <Predicate = true> <Delay = 0.00>
ST_12 : Operation 275 [1/1] (0.00ns)   --->   "%layer10_out_V_13 = extractvalue i512 %call_ret6_i_i" [/home/kaxiotis/Vitis_Accel_Projects/vitis_accel_prj/firmware/myproject.cpp:61->/home/kaxiotis/Vitis_Accel_Projects/vitis_accel_prj/kernel_wrapper.cpp:17->/home/kaxiotis/Vitis_Accel_Projects/vitis_accel_prj/kernel_wrapper.cpp:17]   --->   Operation 275 'extractvalue' 'layer10_out_V_13' <Predicate = true> <Delay = 0.00>
ST_12 : Operation 276 [1/1] (0.00ns)   --->   "%layer10_out_V_14 = extractvalue i512 %call_ret6_i_i" [/home/kaxiotis/Vitis_Accel_Projects/vitis_accel_prj/firmware/myproject.cpp:61->/home/kaxiotis/Vitis_Accel_Projects/vitis_accel_prj/kernel_wrapper.cpp:17->/home/kaxiotis/Vitis_Accel_Projects/vitis_accel_prj/kernel_wrapper.cpp:17]   --->   Operation 276 'extractvalue' 'layer10_out_V_14' <Predicate = true> <Delay = 0.00>
ST_12 : Operation 277 [1/1] (0.00ns)   --->   "%layer10_out_V_15 = extractvalue i512 %call_ret6_i_i" [/home/kaxiotis/Vitis_Accel_Projects/vitis_accel_prj/firmware/myproject.cpp:61->/home/kaxiotis/Vitis_Accel_Projects/vitis_accel_prj/kernel_wrapper.cpp:17->/home/kaxiotis/Vitis_Accel_Projects/vitis_accel_prj/kernel_wrapper.cpp:17]   --->   Operation 277 'extractvalue' 'layer10_out_V_15' <Predicate = true> <Delay = 0.00>
ST_12 : Operation 278 [1/1] (0.00ns)   --->   "%layer10_out_V_16 = extractvalue i512 %call_ret6_i_i" [/home/kaxiotis/Vitis_Accel_Projects/vitis_accel_prj/firmware/myproject.cpp:61->/home/kaxiotis/Vitis_Accel_Projects/vitis_accel_prj/kernel_wrapper.cpp:17->/home/kaxiotis/Vitis_Accel_Projects/vitis_accel_prj/kernel_wrapper.cpp:17]   --->   Operation 278 'extractvalue' 'layer10_out_V_16' <Predicate = true> <Delay = 0.00>
ST_12 : Operation 279 [1/1] (0.00ns)   --->   "%layer10_out_V_17 = extractvalue i512 %call_ret6_i_i" [/home/kaxiotis/Vitis_Accel_Projects/vitis_accel_prj/firmware/myproject.cpp:61->/home/kaxiotis/Vitis_Accel_Projects/vitis_accel_prj/kernel_wrapper.cpp:17->/home/kaxiotis/Vitis_Accel_Projects/vitis_accel_prj/kernel_wrapper.cpp:17]   --->   Operation 279 'extractvalue' 'layer10_out_V_17' <Predicate = true> <Delay = 0.00>
ST_12 : Operation 280 [1/1] (0.00ns)   --->   "%layer10_out_V_18 = extractvalue i512 %call_ret6_i_i" [/home/kaxiotis/Vitis_Accel_Projects/vitis_accel_prj/firmware/myproject.cpp:61->/home/kaxiotis/Vitis_Accel_Projects/vitis_accel_prj/kernel_wrapper.cpp:17->/home/kaxiotis/Vitis_Accel_Projects/vitis_accel_prj/kernel_wrapper.cpp:17]   --->   Operation 280 'extractvalue' 'layer10_out_V_18' <Predicate = true> <Delay = 0.00>
ST_12 : Operation 281 [1/1] (0.00ns)   --->   "%layer10_out_V_19 = extractvalue i512 %call_ret6_i_i" [/home/kaxiotis/Vitis_Accel_Projects/vitis_accel_prj/firmware/myproject.cpp:61->/home/kaxiotis/Vitis_Accel_Projects/vitis_accel_prj/kernel_wrapper.cpp:17->/home/kaxiotis/Vitis_Accel_Projects/vitis_accel_prj/kernel_wrapper.cpp:17]   --->   Operation 281 'extractvalue' 'layer10_out_V_19' <Predicate = true> <Delay = 0.00>
ST_12 : Operation 282 [1/1] (0.00ns)   --->   "%layer10_out_V_20 = extractvalue i512 %call_ret6_i_i" [/home/kaxiotis/Vitis_Accel_Projects/vitis_accel_prj/firmware/myproject.cpp:61->/home/kaxiotis/Vitis_Accel_Projects/vitis_accel_prj/kernel_wrapper.cpp:17->/home/kaxiotis/Vitis_Accel_Projects/vitis_accel_prj/kernel_wrapper.cpp:17]   --->   Operation 282 'extractvalue' 'layer10_out_V_20' <Predicate = true> <Delay = 0.00>
ST_12 : Operation 283 [1/1] (0.00ns)   --->   "%layer10_out_V_21 = extractvalue i512 %call_ret6_i_i" [/home/kaxiotis/Vitis_Accel_Projects/vitis_accel_prj/firmware/myproject.cpp:61->/home/kaxiotis/Vitis_Accel_Projects/vitis_accel_prj/kernel_wrapper.cpp:17->/home/kaxiotis/Vitis_Accel_Projects/vitis_accel_prj/kernel_wrapper.cpp:17]   --->   Operation 283 'extractvalue' 'layer10_out_V_21' <Predicate = true> <Delay = 0.00>
ST_12 : Operation 284 [1/1] (0.00ns)   --->   "%layer10_out_V_22 = extractvalue i512 %call_ret6_i_i" [/home/kaxiotis/Vitis_Accel_Projects/vitis_accel_prj/firmware/myproject.cpp:61->/home/kaxiotis/Vitis_Accel_Projects/vitis_accel_prj/kernel_wrapper.cpp:17->/home/kaxiotis/Vitis_Accel_Projects/vitis_accel_prj/kernel_wrapper.cpp:17]   --->   Operation 284 'extractvalue' 'layer10_out_V_22' <Predicate = true> <Delay = 0.00>
ST_12 : Operation 285 [1/1] (0.00ns)   --->   "%layer10_out_V_23 = extractvalue i512 %call_ret6_i_i" [/home/kaxiotis/Vitis_Accel_Projects/vitis_accel_prj/firmware/myproject.cpp:61->/home/kaxiotis/Vitis_Accel_Projects/vitis_accel_prj/kernel_wrapper.cpp:17->/home/kaxiotis/Vitis_Accel_Projects/vitis_accel_prj/kernel_wrapper.cpp:17]   --->   Operation 285 'extractvalue' 'layer10_out_V_23' <Predicate = true> <Delay = 0.00>
ST_12 : Operation 286 [1/1] (0.00ns)   --->   "%layer10_out_V_24 = extractvalue i512 %call_ret6_i_i" [/home/kaxiotis/Vitis_Accel_Projects/vitis_accel_prj/firmware/myproject.cpp:61->/home/kaxiotis/Vitis_Accel_Projects/vitis_accel_prj/kernel_wrapper.cpp:17->/home/kaxiotis/Vitis_Accel_Projects/vitis_accel_prj/kernel_wrapper.cpp:17]   --->   Operation 286 'extractvalue' 'layer10_out_V_24' <Predicate = true> <Delay = 0.00>
ST_12 : Operation 287 [1/1] (0.00ns)   --->   "%layer10_out_V_25 = extractvalue i512 %call_ret6_i_i" [/home/kaxiotis/Vitis_Accel_Projects/vitis_accel_prj/firmware/myproject.cpp:61->/home/kaxiotis/Vitis_Accel_Projects/vitis_accel_prj/kernel_wrapper.cpp:17->/home/kaxiotis/Vitis_Accel_Projects/vitis_accel_prj/kernel_wrapper.cpp:17]   --->   Operation 287 'extractvalue' 'layer10_out_V_25' <Predicate = true> <Delay = 0.00>
ST_12 : Operation 288 [1/1] (0.00ns)   --->   "%layer10_out_V_26 = extractvalue i512 %call_ret6_i_i" [/home/kaxiotis/Vitis_Accel_Projects/vitis_accel_prj/firmware/myproject.cpp:61->/home/kaxiotis/Vitis_Accel_Projects/vitis_accel_prj/kernel_wrapper.cpp:17->/home/kaxiotis/Vitis_Accel_Projects/vitis_accel_prj/kernel_wrapper.cpp:17]   --->   Operation 288 'extractvalue' 'layer10_out_V_26' <Predicate = true> <Delay = 0.00>
ST_12 : Operation 289 [1/1] (0.00ns)   --->   "%layer10_out_V_27 = extractvalue i512 %call_ret6_i_i" [/home/kaxiotis/Vitis_Accel_Projects/vitis_accel_prj/firmware/myproject.cpp:61->/home/kaxiotis/Vitis_Accel_Projects/vitis_accel_prj/kernel_wrapper.cpp:17->/home/kaxiotis/Vitis_Accel_Projects/vitis_accel_prj/kernel_wrapper.cpp:17]   --->   Operation 289 'extractvalue' 'layer10_out_V_27' <Predicate = true> <Delay = 0.00>
ST_12 : Operation 290 [1/1] (0.00ns)   --->   "%layer10_out_V_28 = extractvalue i512 %call_ret6_i_i" [/home/kaxiotis/Vitis_Accel_Projects/vitis_accel_prj/firmware/myproject.cpp:61->/home/kaxiotis/Vitis_Accel_Projects/vitis_accel_prj/kernel_wrapper.cpp:17->/home/kaxiotis/Vitis_Accel_Projects/vitis_accel_prj/kernel_wrapper.cpp:17]   --->   Operation 290 'extractvalue' 'layer10_out_V_28' <Predicate = true> <Delay = 0.00>
ST_12 : Operation 291 [1/1] (0.00ns)   --->   "%layer10_out_V_29 = extractvalue i512 %call_ret6_i_i" [/home/kaxiotis/Vitis_Accel_Projects/vitis_accel_prj/firmware/myproject.cpp:61->/home/kaxiotis/Vitis_Accel_Projects/vitis_accel_prj/kernel_wrapper.cpp:17->/home/kaxiotis/Vitis_Accel_Projects/vitis_accel_prj/kernel_wrapper.cpp:17]   --->   Operation 291 'extractvalue' 'layer10_out_V_29' <Predicate = true> <Delay = 0.00>
ST_12 : Operation 292 [1/1] (0.00ns)   --->   "%layer10_out_V_30 = extractvalue i512 %call_ret6_i_i" [/home/kaxiotis/Vitis_Accel_Projects/vitis_accel_prj/firmware/myproject.cpp:61->/home/kaxiotis/Vitis_Accel_Projects/vitis_accel_prj/kernel_wrapper.cpp:17->/home/kaxiotis/Vitis_Accel_Projects/vitis_accel_prj/kernel_wrapper.cpp:17]   --->   Operation 292 'extractvalue' 'layer10_out_V_30' <Predicate = true> <Delay = 0.00>
ST_12 : Operation 293 [1/1] (0.00ns)   --->   "%layer10_out_V_31 = extractvalue i512 %call_ret6_i_i" [/home/kaxiotis/Vitis_Accel_Projects/vitis_accel_prj/firmware/myproject.cpp:61->/home/kaxiotis/Vitis_Accel_Projects/vitis_accel_prj/kernel_wrapper.cpp:17->/home/kaxiotis/Vitis_Accel_Projects/vitis_accel_prj/kernel_wrapper.cpp:17]   --->   Operation 293 'extractvalue' 'layer10_out_V_31' <Predicate = true> <Delay = 0.00>

State 13 <SV = 12> <Delay = 3.61>
ST_13 : Operation 294 [2/2] (3.61ns)   --->   "%call_ret7_i_i = call i80 @dense_latency<ap_fixed<16, 6, 5, 3, 0>, ap_fixed<16, 6, 5, 3, 0>, config11>, i16 %layer10_out_V, i16 %layer10_out_V_1, i16 %layer10_out_V_2, i16 %layer10_out_V_3, i16 %layer10_out_V_4, i16 %layer10_out_V_5, i16 %layer10_out_V_6, i16 %layer10_out_V_7, i16 %layer10_out_V_8, i16 %layer10_out_V_9, i16 %layer10_out_V_10, i16 %layer10_out_V_11, i16 %layer10_out_V_12, i16 %layer10_out_V_13, i16 %layer10_out_V_14, i16 %layer10_out_V_15, i16 %layer10_out_V_16, i16 %layer10_out_V_17, i16 %layer10_out_V_18, i16 %layer10_out_V_19, i16 %layer10_out_V_20, i16 %layer10_out_V_21, i16 %layer10_out_V_22, i16 %layer10_out_V_23, i16 %layer10_out_V_24, i16 %layer10_out_V_25, i16 %layer10_out_V_26, i16 %layer10_out_V_27, i16 %layer10_out_V_28, i16 %layer10_out_V_29, i16 %layer10_out_V_30, i16 %layer10_out_V_31" [/home/kaxiotis/Vitis_Accel_Projects/vitis_accel_prj/firmware/nnet_utils/nnet_dense.h:41->/home/kaxiotis/Vitis_Accel_Projects/vitis_accel_prj/kernel_wrapper.cpp:17]   --->   Operation 294 'call' 'call_ret7_i_i' <Predicate = true> <Delay = 3.61> <CoreType = "Generic">   --->   Core 0 '' <Latency = 0> <II = 1> <Delay = 1.00> <Generic> <Opcode : >

State 14 <SV = 13> <Delay = 3.04>
ST_14 : Operation 295 [1/2] (3.04ns)   --->   "%call_ret7_i_i = call i80 @dense_latency<ap_fixed<16, 6, 5, 3, 0>, ap_fixed<16, 6, 5, 3, 0>, config11>, i16 %layer10_out_V, i16 %layer10_out_V_1, i16 %layer10_out_V_2, i16 %layer10_out_V_3, i16 %layer10_out_V_4, i16 %layer10_out_V_5, i16 %layer10_out_V_6, i16 %layer10_out_V_7, i16 %layer10_out_V_8, i16 %layer10_out_V_9, i16 %layer10_out_V_10, i16 %layer10_out_V_11, i16 %layer10_out_V_12, i16 %layer10_out_V_13, i16 %layer10_out_V_14, i16 %layer10_out_V_15, i16 %layer10_out_V_16, i16 %layer10_out_V_17, i16 %layer10_out_V_18, i16 %layer10_out_V_19, i16 %layer10_out_V_20, i16 %layer10_out_V_21, i16 %layer10_out_V_22, i16 %layer10_out_V_23, i16 %layer10_out_V_24, i16 %layer10_out_V_25, i16 %layer10_out_V_26, i16 %layer10_out_V_27, i16 %layer10_out_V_28, i16 %layer10_out_V_29, i16 %layer10_out_V_30, i16 %layer10_out_V_31" [/home/kaxiotis/Vitis_Accel_Projects/vitis_accel_prj/firmware/nnet_utils/nnet_dense.h:41->/home/kaxiotis/Vitis_Accel_Projects/vitis_accel_prj/kernel_wrapper.cpp:17]   --->   Operation 295 'call' 'call_ret7_i_i' <Predicate = true> <Delay = 3.04> <CoreType = "Generic">   --->   Core 0 '' <Latency = 0> <II = 1> <Delay = 1.00> <Generic> <Opcode : >
ST_14 : Operation 296 [1/1] (0.00ns)   --->   "%layer11_out_V = extractvalue i80 %call_ret7_i_i" [/home/kaxiotis/Vitis_Accel_Projects/vitis_accel_prj/firmware/nnet_utils/nnet_dense.h:41->/home/kaxiotis/Vitis_Accel_Projects/vitis_accel_prj/kernel_wrapper.cpp:17]   --->   Operation 296 'extractvalue' 'layer11_out_V' <Predicate = true> <Delay = 0.00>
ST_14 : Operation 297 [1/1] (0.00ns)   --->   "%layer11_out_V_1 = extractvalue i80 %call_ret7_i_i" [/home/kaxiotis/Vitis_Accel_Projects/vitis_accel_prj/firmware/nnet_utils/nnet_dense.h:41->/home/kaxiotis/Vitis_Accel_Projects/vitis_accel_prj/kernel_wrapper.cpp:17]   --->   Operation 297 'extractvalue' 'layer11_out_V_1' <Predicate = true> <Delay = 0.00>
ST_14 : Operation 298 [1/1] (0.00ns)   --->   "%layer11_out_V_2 = extractvalue i80 %call_ret7_i_i" [/home/kaxiotis/Vitis_Accel_Projects/vitis_accel_prj/firmware/nnet_utils/nnet_dense.h:41->/home/kaxiotis/Vitis_Accel_Projects/vitis_accel_prj/kernel_wrapper.cpp:17]   --->   Operation 298 'extractvalue' 'layer11_out_V_2' <Predicate = true> <Delay = 0.00>
ST_14 : Operation 299 [1/1] (0.00ns)   --->   "%layer11_out_V_3 = extractvalue i80 %call_ret7_i_i" [/home/kaxiotis/Vitis_Accel_Projects/vitis_accel_prj/firmware/nnet_utils/nnet_dense.h:41->/home/kaxiotis/Vitis_Accel_Projects/vitis_accel_prj/kernel_wrapper.cpp:17]   --->   Operation 299 'extractvalue' 'layer11_out_V_3' <Predicate = true> <Delay = 0.00>
ST_14 : Operation 300 [1/1] (0.00ns)   --->   "%layer11_out_V_4 = extractvalue i80 %call_ret7_i_i" [/home/kaxiotis/Vitis_Accel_Projects/vitis_accel_prj/firmware/nnet_utils/nnet_dense.h:41->/home/kaxiotis/Vitis_Accel_Projects/vitis_accel_prj/kernel_wrapper.cpp:17]   --->   Operation 300 'extractvalue' 'layer11_out_V_4' <Predicate = true> <Delay = 0.00>

State 15 <SV = 14> <Delay = 2.02>
ST_15 : Operation 301 [7/7] (2.02ns)   --->   "%call_ret_i_i = call i80 @softmax_stable<ap_fixed,ap_fixed<16,6,5,3,0>,softmax_config13>, i16 %layer11_out_V, i16 %layer11_out_V_1, i16 %layer11_out_V_2, i16 %layer11_out_V_3, i16 %layer11_out_V_4, i18 %exp_table, i18 %invert_table" [/home/kaxiotis/Vitis_Accel_Projects/vitis_accel_prj/firmware/nnet_utils/nnet_activation.h:386->/home/kaxiotis/Vitis_Accel_Projects/vitis_accel_prj/kernel_wrapper.cpp:17]   --->   Operation 301 'call' 'call_ret_i_i' <Predicate = true> <Delay = 2.02> <CoreType = "Generic">   --->   Core 0 '' <Latency = 0> <II = 1> <Delay = 1.00> <Generic> <Opcode : >

State 16 <SV = 15> <Delay = 3.55>
ST_16 : Operation 302 [6/7] (3.55ns)   --->   "%call_ret_i_i = call i80 @softmax_stable<ap_fixed,ap_fixed<16,6,5,3,0>,softmax_config13>, i16 %layer11_out_V, i16 %layer11_out_V_1, i16 %layer11_out_V_2, i16 %layer11_out_V_3, i16 %layer11_out_V_4, i18 %exp_table, i18 %invert_table" [/home/kaxiotis/Vitis_Accel_Projects/vitis_accel_prj/firmware/nnet_utils/nnet_activation.h:386->/home/kaxiotis/Vitis_Accel_Projects/vitis_accel_prj/kernel_wrapper.cpp:17]   --->   Operation 302 'call' 'call_ret_i_i' <Predicate = true> <Delay = 3.55> <CoreType = "Generic">   --->   Core 0 '' <Latency = 0> <II = 1> <Delay = 1.00> <Generic> <Opcode : >

State 17 <SV = 16> <Delay = 3.55>
ST_17 : Operation 303 [5/7] (3.55ns)   --->   "%call_ret_i_i = call i80 @softmax_stable<ap_fixed,ap_fixed<16,6,5,3,0>,softmax_config13>, i16 %layer11_out_V, i16 %layer11_out_V_1, i16 %layer11_out_V_2, i16 %layer11_out_V_3, i16 %layer11_out_V_4, i18 %exp_table, i18 %invert_table" [/home/kaxiotis/Vitis_Accel_Projects/vitis_accel_prj/firmware/nnet_utils/nnet_activation.h:386->/home/kaxiotis/Vitis_Accel_Projects/vitis_accel_prj/kernel_wrapper.cpp:17]   --->   Operation 303 'call' 'call_ret_i_i' <Predicate = true> <Delay = 3.55> <CoreType = "Generic">   --->   Core 0 '' <Latency = 0> <II = 1> <Delay = 1.00> <Generic> <Opcode : >

State 18 <SV = 17> <Delay = 3.55>
ST_18 : Operation 304 [4/7] (3.55ns)   --->   "%call_ret_i_i = call i80 @softmax_stable<ap_fixed,ap_fixed<16,6,5,3,0>,softmax_config13>, i16 %layer11_out_V, i16 %layer11_out_V_1, i16 %layer11_out_V_2, i16 %layer11_out_V_3, i16 %layer11_out_V_4, i18 %exp_table, i18 %invert_table" [/home/kaxiotis/Vitis_Accel_Projects/vitis_accel_prj/firmware/nnet_utils/nnet_activation.h:386->/home/kaxiotis/Vitis_Accel_Projects/vitis_accel_prj/kernel_wrapper.cpp:17]   --->   Operation 304 'call' 'call_ret_i_i' <Predicate = true> <Delay = 3.55> <CoreType = "Generic">   --->   Core 0 '' <Latency = 0> <II = 1> <Delay = 1.00> <Generic> <Opcode : >

State 19 <SV = 18> <Delay = 3.55>
ST_19 : Operation 305 [3/7] (3.55ns)   --->   "%call_ret_i_i = call i80 @softmax_stable<ap_fixed,ap_fixed<16,6,5,3,0>,softmax_config13>, i16 %layer11_out_V, i16 %layer11_out_V_1, i16 %layer11_out_V_2, i16 %layer11_out_V_3, i16 %layer11_out_V_4, i18 %exp_table, i18 %invert_table" [/home/kaxiotis/Vitis_Accel_Projects/vitis_accel_prj/firmware/nnet_utils/nnet_activation.h:386->/home/kaxiotis/Vitis_Accel_Projects/vitis_accel_prj/kernel_wrapper.cpp:17]   --->   Operation 305 'call' 'call_ret_i_i' <Predicate = true> <Delay = 3.55> <CoreType = "Generic">   --->   Core 0 '' <Latency = 0> <II = 1> <Delay = 1.00> <Generic> <Opcode : >

State 20 <SV = 19> <Delay = 3.55>
ST_20 : Operation 306 [2/7] (3.55ns)   --->   "%call_ret_i_i = call i80 @softmax_stable<ap_fixed,ap_fixed<16,6,5,3,0>,softmax_config13>, i16 %layer11_out_V, i16 %layer11_out_V_1, i16 %layer11_out_V_2, i16 %layer11_out_V_3, i16 %layer11_out_V_4, i18 %exp_table, i18 %invert_table" [/home/kaxiotis/Vitis_Accel_Projects/vitis_accel_prj/firmware/nnet_utils/nnet_activation.h:386->/home/kaxiotis/Vitis_Accel_Projects/vitis_accel_prj/kernel_wrapper.cpp:17]   --->   Operation 306 'call' 'call_ret_i_i' <Predicate = true> <Delay = 3.55> <CoreType = "Generic">   --->   Core 0 '' <Latency = 0> <II = 1> <Delay = 1.00> <Generic> <Opcode : >

State 21 <SV = 20> <Delay = 1.19>
ST_21 : Operation 307 [1/1] (0.00ns)   --->   "%out_buf_4_addr = getelementptr i16 %out_buf_4, i64 0, i64 %zext_ln386" [/home/kaxiotis/Vitis_Accel_Projects/vitis_accel_prj/firmware/nnet_utils/nnet_activation.h:386->/home/kaxiotis/Vitis_Accel_Projects/vitis_accel_prj/kernel_wrapper.cpp:17]   --->   Operation 307 'getelementptr' 'out_buf_4_addr' <Predicate = true> <Delay = 0.00>
ST_21 : Operation 308 [1/1] (0.00ns)   --->   "%out_buf_3_addr = getelementptr i16 %out_buf_3, i64 0, i64 %zext_ln386" [/home/kaxiotis/Vitis_Accel_Projects/vitis_accel_prj/firmware/nnet_utils/nnet_activation.h:386->/home/kaxiotis/Vitis_Accel_Projects/vitis_accel_prj/kernel_wrapper.cpp:17]   --->   Operation 308 'getelementptr' 'out_buf_3_addr' <Predicate = true> <Delay = 0.00>
ST_21 : Operation 309 [1/1] (0.00ns)   --->   "%out_buf_2_addr = getelementptr i16 %out_buf_2, i64 0, i64 %zext_ln386" [/home/kaxiotis/Vitis_Accel_Projects/vitis_accel_prj/firmware/nnet_utils/nnet_activation.h:386->/home/kaxiotis/Vitis_Accel_Projects/vitis_accel_prj/kernel_wrapper.cpp:17]   --->   Operation 309 'getelementptr' 'out_buf_2_addr' <Predicate = true> <Delay = 0.00>
ST_21 : Operation 310 [1/1] (0.00ns)   --->   "%out_buf_1_addr = getelementptr i16 %out_buf_1, i64 0, i64 %zext_ln386" [/home/kaxiotis/Vitis_Accel_Projects/vitis_accel_prj/firmware/nnet_utils/nnet_activation.h:386->/home/kaxiotis/Vitis_Accel_Projects/vitis_accel_prj/kernel_wrapper.cpp:17]   --->   Operation 310 'getelementptr' 'out_buf_1_addr' <Predicate = true> <Delay = 0.00>
ST_21 : Operation 311 [1/1] (0.00ns)   --->   "%out_buf_0_addr = getelementptr i16 %out_buf_0, i64 0, i64 %zext_ln386" [/home/kaxiotis/Vitis_Accel_Projects/vitis_accel_prj/firmware/nnet_utils/nnet_activation.h:386->/home/kaxiotis/Vitis_Accel_Projects/vitis_accel_prj/kernel_wrapper.cpp:17]   --->   Operation 311 'getelementptr' 'out_buf_0_addr' <Predicate = true> <Delay = 0.00>
ST_21 : Operation 312 [1/1] (0.00ns)   --->   "%specpipeline_ln0 = specpipeline void @_ssdm_op_SpecPipeline, i32 4294967295, i32 0, i32 0, i32 0, void @empty_1"   --->   Operation 312 'specpipeline' 'specpipeline_ln0' <Predicate = true> <Delay = 0.00>
ST_21 : Operation 313 [1/7] (0.53ns)   --->   "%call_ret_i_i = call i80 @softmax_stable<ap_fixed,ap_fixed<16,6,5,3,0>,softmax_config13>, i16 %layer11_out_V, i16 %layer11_out_V_1, i16 %layer11_out_V_2, i16 %layer11_out_V_3, i16 %layer11_out_V_4, i18 %exp_table, i18 %invert_table" [/home/kaxiotis/Vitis_Accel_Projects/vitis_accel_prj/firmware/nnet_utils/nnet_activation.h:386->/home/kaxiotis/Vitis_Accel_Projects/vitis_accel_prj/kernel_wrapper.cpp:17]   --->   Operation 313 'call' 'call_ret_i_i' <Predicate = true> <Delay = 0.53> <CoreType = "Generic">   --->   Core 0 '' <Latency = 0> <II = 1> <Delay = 1.00> <Generic> <Opcode : >
ST_21 : Operation 314 [1/1] (0.00ns)   --->   "%layer13_out_0_ret_i_i = extractvalue i80 %call_ret_i_i" [/home/kaxiotis/Vitis_Accel_Projects/vitis_accel_prj/firmware/nnet_utils/nnet_activation.h:386->/home/kaxiotis/Vitis_Accel_Projects/vitis_accel_prj/kernel_wrapper.cpp:17]   --->   Operation 314 'extractvalue' 'layer13_out_0_ret_i_i' <Predicate = true> <Delay = 0.00>
ST_21 : Operation 315 [1/1] (0.65ns)   --->   "%store_ln386 = store i16 %layer13_out_0_ret_i_i, i14 %out_buf_0_addr" [/home/kaxiotis/Vitis_Accel_Projects/vitis_accel_prj/firmware/nnet_utils/nnet_activation.h:386->/home/kaxiotis/Vitis_Accel_Projects/vitis_accel_prj/kernel_wrapper.cpp:17]   --->   Operation 315 'store' 'store_ln386' <Predicate = true> <Delay = 0.65> <CoreInst = "RAM">   --->   Core 87 'RAM' <Latency = 1> <II = 1> <Delay = 1.24> <Storage> <Opcode : 'load' 'store'> <Ports = 2> <Width = 16> <Depth = 16384> <RAM>
ST_21 : Operation 316 [1/1] (0.00ns)   --->   "%layer13_out_1_ret_i_i = extractvalue i80 %call_ret_i_i" [/home/kaxiotis/Vitis_Accel_Projects/vitis_accel_prj/firmware/nnet_utils/nnet_activation.h:386->/home/kaxiotis/Vitis_Accel_Projects/vitis_accel_prj/kernel_wrapper.cpp:17]   --->   Operation 316 'extractvalue' 'layer13_out_1_ret_i_i' <Predicate = true> <Delay = 0.00>
ST_21 : Operation 317 [1/1] (0.65ns)   --->   "%store_ln386 = store i16 %layer13_out_1_ret_i_i, i14 %out_buf_1_addr" [/home/kaxiotis/Vitis_Accel_Projects/vitis_accel_prj/firmware/nnet_utils/nnet_activation.h:386->/home/kaxiotis/Vitis_Accel_Projects/vitis_accel_prj/kernel_wrapper.cpp:17]   --->   Operation 317 'store' 'store_ln386' <Predicate = true> <Delay = 0.65> <CoreInst = "RAM">   --->   Core 87 'RAM' <Latency = 1> <II = 1> <Delay = 1.24> <Storage> <Opcode : 'load' 'store'> <Ports = 2> <Width = 16> <Depth = 16384> <RAM>
ST_21 : Operation 318 [1/1] (0.00ns)   --->   "%layer13_out_2_ret_i_i = extractvalue i80 %call_ret_i_i" [/home/kaxiotis/Vitis_Accel_Projects/vitis_accel_prj/firmware/nnet_utils/nnet_activation.h:386->/home/kaxiotis/Vitis_Accel_Projects/vitis_accel_prj/kernel_wrapper.cpp:17]   --->   Operation 318 'extractvalue' 'layer13_out_2_ret_i_i' <Predicate = true> <Delay = 0.00>
ST_21 : Operation 319 [1/1] (0.65ns)   --->   "%store_ln386 = store i16 %layer13_out_2_ret_i_i, i14 %out_buf_2_addr" [/home/kaxiotis/Vitis_Accel_Projects/vitis_accel_prj/firmware/nnet_utils/nnet_activation.h:386->/home/kaxiotis/Vitis_Accel_Projects/vitis_accel_prj/kernel_wrapper.cpp:17]   --->   Operation 319 'store' 'store_ln386' <Predicate = true> <Delay = 0.65> <CoreInst = "RAM">   --->   Core 87 'RAM' <Latency = 1> <II = 1> <Delay = 1.24> <Storage> <Opcode : 'load' 'store'> <Ports = 2> <Width = 16> <Depth = 16384> <RAM>
ST_21 : Operation 320 [1/1] (0.00ns)   --->   "%layer13_out_3_ret_i_i = extractvalue i80 %call_ret_i_i" [/home/kaxiotis/Vitis_Accel_Projects/vitis_accel_prj/firmware/nnet_utils/nnet_activation.h:386->/home/kaxiotis/Vitis_Accel_Projects/vitis_accel_prj/kernel_wrapper.cpp:17]   --->   Operation 320 'extractvalue' 'layer13_out_3_ret_i_i' <Predicate = true> <Delay = 0.00>
ST_21 : Operation 321 [1/1] (0.65ns)   --->   "%store_ln386 = store i16 %layer13_out_3_ret_i_i, i14 %out_buf_3_addr" [/home/kaxiotis/Vitis_Accel_Projects/vitis_accel_prj/firmware/nnet_utils/nnet_activation.h:386->/home/kaxiotis/Vitis_Accel_Projects/vitis_accel_prj/kernel_wrapper.cpp:17]   --->   Operation 321 'store' 'store_ln386' <Predicate = true> <Delay = 0.65> <CoreInst = "RAM">   --->   Core 87 'RAM' <Latency = 1> <II = 1> <Delay = 1.24> <Storage> <Opcode : 'load' 'store'> <Ports = 2> <Width = 16> <Depth = 16384> <RAM>
ST_21 : Operation 322 [1/1] (0.00ns)   --->   "%layer13_out_4_ret_i_i = extractvalue i80 %call_ret_i_i" [/home/kaxiotis/Vitis_Accel_Projects/vitis_accel_prj/firmware/nnet_utils/nnet_activation.h:386->/home/kaxiotis/Vitis_Accel_Projects/vitis_accel_prj/kernel_wrapper.cpp:17]   --->   Operation 322 'extractvalue' 'layer13_out_4_ret_i_i' <Predicate = true> <Delay = 0.00>
ST_21 : Operation 323 [1/1] (0.65ns)   --->   "%store_ln386 = store i16 %layer13_out_4_ret_i_i, i14 %out_buf_4_addr" [/home/kaxiotis/Vitis_Accel_Projects/vitis_accel_prj/firmware/nnet_utils/nnet_activation.h:386->/home/kaxiotis/Vitis_Accel_Projects/vitis_accel_prj/kernel_wrapper.cpp:17]   --->   Operation 323 'store' 'store_ln386' <Predicate = true> <Delay = 0.65> <CoreInst = "RAM">   --->   Core 87 'RAM' <Latency = 1> <II = 1> <Delay = 1.24> <Storage> <Opcode : 'load' 'store'> <Ports = 2> <Width = 16> <Depth = 16384> <RAM>
ST_21 : Operation 324 [1/1] (0.00ns)   --->   "%ret_ln17 = ret" [/home/kaxiotis/Vitis_Accel_Projects/vitis_accel_prj/kernel_wrapper.cpp:17]   --->   Operation 324 'ret' 'ret_ln17' <Predicate = true> <Delay = 0.00>


============================================================
+ Verbose Summary: Binding
============================================================
STG Binding: 
---------------- STG Properties BEGIN ----------------
- Is combinational: 0
- Is one-state seq: 0
- Is datapath-only: 0
- Is pipelined: 1
- Is top level: 0
Port [ Return ] is wired: 1; IO mode=ap_ctrl_hs:ce=0
Port [ in_buf]:  wired=1; compound=1; hidden=0; nouse=0; global=0; static=0; extern=0; dir=0; type=1; pingpong=1; private_global=0; MemPort=[13]; IO mode=ap_memory:ce=0
Port [ i]:  wired=1; compound=0; hidden=0; nouse=0; global=0; static=0; extern=0; dir=0; type=0; pingpong=0; private_global=0; IO mode=ap_none:ce=0
Port [ out_buf_0]:  wired=1; compound=1; hidden=0; nouse=0; global=0; static=0; extern=0; dir=1; type=1; pingpong=1; private_global=0; MemPort=[03]; IO mode=ap_memory:ce=0
Port [ out_buf_1]:  wired=1; compound=1; hidden=0; nouse=0; global=0; static=0; extern=0; dir=1; type=1; pingpong=1; private_global=0; MemPort=[03]; IO mode=ap_memory:ce=0
Port [ out_buf_2]:  wired=1; compound=1; hidden=0; nouse=0; global=0; static=0; extern=0; dir=1; type=1; pingpong=1; private_global=0; MemPort=[03]; IO mode=ap_memory:ce=0
Port [ out_buf_3]:  wired=1; compound=1; hidden=0; nouse=0; global=0; static=0; extern=0; dir=1; type=1; pingpong=1; private_global=0; MemPort=[03]; IO mode=ap_memory:ce=0
Port [ out_buf_4]:  wired=1; compound=1; hidden=0; nouse=0; global=0; static=0; extern=0; dir=1; type=1; pingpong=1; private_global=0; MemPort=[03]; IO mode=ap_memory:ce=0
Port [ exp_table]:  wired=0; compound=1; hidden=1; nouse=1; global=1; static=1; extern=0; dir=0; type=1; pingpong=0; private_global=0; MemPort=[11111]; IO mode=ap_memory:ce=0
Port [ invert_table]:  wired=0; compound=1; hidden=1; nouse=1; global=1; static=1; extern=0; dir=0; type=1; pingpong=0; private_global=0; MemPort=[1]; IO mode=ap_memory:ce=0
---------------- STG Properties END ------------------

---------------- Datapath Model BEGIN ----------------

<LifeTime>
<method=bitvector/>
i_read                (read         ) [ 0000000000000000000000]
zext_ln386            (zext         ) [ 0111111111111111111111]
in_buf_addr           (getelementptr) [ 0110000000000000000000]
in_buf_load           (load         ) [ 0101000000000000000000]
call_ret1_i_i         (call         ) [ 0000000000000000000000]
layer2_out_V          (extractvalue ) [ 0100010000000000000000]
layer2_out_V_1        (extractvalue ) [ 0100010000000000000000]
layer2_out_V_2        (extractvalue ) [ 0100010000000000000000]
layer2_out_V_3        (extractvalue ) [ 0100010000000000000000]
layer2_out_V_4        (extractvalue ) [ 0100010000000000000000]
layer2_out_V_5        (extractvalue ) [ 0100010000000000000000]
layer2_out_V_6        (extractvalue ) [ 0100010000000000000000]
layer2_out_V_7        (extractvalue ) [ 0100010000000000000000]
layer2_out_V_8        (extractvalue ) [ 0100010000000000000000]
layer2_out_V_9        (extractvalue ) [ 0100010000000000000000]
layer2_out_V_10       (extractvalue ) [ 0100010000000000000000]
layer2_out_V_11       (extractvalue ) [ 0100010000000000000000]
layer2_out_V_12       (extractvalue ) [ 0100010000000000000000]
layer2_out_V_13       (extractvalue ) [ 0100010000000000000000]
layer2_out_V_14       (extractvalue ) [ 0100010000000000000000]
layer2_out_V_15       (extractvalue ) [ 0100010000000000000000]
layer2_out_V_16       (extractvalue ) [ 0100010000000000000000]
layer2_out_V_17       (extractvalue ) [ 0100010000000000000000]
layer2_out_V_18       (extractvalue ) [ 0100010000000000000000]
layer2_out_V_19       (extractvalue ) [ 0100010000000000000000]
layer2_out_V_20       (extractvalue ) [ 0100010000000000000000]
layer2_out_V_21       (extractvalue ) [ 0100010000000000000000]
layer2_out_V_22       (extractvalue ) [ 0100010000000000000000]
layer2_out_V_23       (extractvalue ) [ 0100010000000000000000]
layer2_out_V_24       (extractvalue ) [ 0100010000000000000000]
layer2_out_V_25       (extractvalue ) [ 0100010000000000000000]
layer2_out_V_26       (extractvalue ) [ 0100010000000000000000]
layer2_out_V_27       (extractvalue ) [ 0100010000000000000000]
layer2_out_V_28       (extractvalue ) [ 0100010000000000000000]
layer2_out_V_29       (extractvalue ) [ 0100010000000000000000]
layer2_out_V_30       (extractvalue ) [ 0100010000000000000000]
layer2_out_V_31       (extractvalue ) [ 0100010000000000000000]
layer2_out_V_32       (extractvalue ) [ 0100010000000000000000]
layer2_out_V_33       (extractvalue ) [ 0100010000000000000000]
layer2_out_V_34       (extractvalue ) [ 0100010000000000000000]
layer2_out_V_35       (extractvalue ) [ 0100010000000000000000]
layer2_out_V_36       (extractvalue ) [ 0100010000000000000000]
layer2_out_V_37       (extractvalue ) [ 0100010000000000000000]
layer2_out_V_38       (extractvalue ) [ 0100010000000000000000]
layer2_out_V_39       (extractvalue ) [ 0100010000000000000000]
layer2_out_V_40       (extractvalue ) [ 0100010000000000000000]
layer2_out_V_41       (extractvalue ) [ 0100010000000000000000]
layer2_out_V_42       (extractvalue ) [ 0100010000000000000000]
layer2_out_V_43       (extractvalue ) [ 0100010000000000000000]
layer2_out_V_44       (extractvalue ) [ 0100010000000000000000]
layer2_out_V_45       (extractvalue ) [ 0100010000000000000000]
layer2_out_V_46       (extractvalue ) [ 0100010000000000000000]
layer2_out_V_47       (extractvalue ) [ 0100010000000000000000]
layer2_out_V_48       (extractvalue ) [ 0100010000000000000000]
layer2_out_V_49       (extractvalue ) [ 0100010000000000000000]
layer2_out_V_50       (extractvalue ) [ 0100010000000000000000]
layer2_out_V_51       (extractvalue ) [ 0100010000000000000000]
layer2_out_V_52       (extractvalue ) [ 0100010000000000000000]
layer2_out_V_53       (extractvalue ) [ 0100010000000000000000]
layer2_out_V_54       (extractvalue ) [ 0100010000000000000000]
layer2_out_V_55       (extractvalue ) [ 0100010000000000000000]
layer2_out_V_56       (extractvalue ) [ 0100010000000000000000]
layer2_out_V_57       (extractvalue ) [ 0100010000000000000000]
layer2_out_V_58       (extractvalue ) [ 0100010000000000000000]
layer2_out_V_59       (extractvalue ) [ 0100010000000000000000]
layer2_out_V_60       (extractvalue ) [ 0100010000000000000000]
layer2_out_V_61       (extractvalue ) [ 0100010000000000000000]
layer2_out_V_62       (extractvalue ) [ 0100010000000000000000]
layer2_out_V_63       (extractvalue ) [ 0100010000000000000000]
call_ret2_i_i         (call         ) [ 0000000000000000000000]
layer4_out_V          (extractvalue ) [ 0100001111000000000000]
layer4_out_V_1        (extractvalue ) [ 0100001111000000000000]
layer4_out_V_2        (extractvalue ) [ 0100001111000000000000]
layer4_out_V_3        (extractvalue ) [ 0100001111000000000000]
layer4_out_V_4        (extractvalue ) [ 0100001111000000000000]
layer4_out_V_5        (extractvalue ) [ 0100001111000000000000]
layer4_out_V_6        (extractvalue ) [ 0100001111000000000000]
layer4_out_V_7        (extractvalue ) [ 0100001111000000000000]
layer4_out_V_8        (extractvalue ) [ 0100001111000000000000]
layer4_out_V_9        (extractvalue ) [ 0100001111000000000000]
layer4_out_V_10       (extractvalue ) [ 0100001111000000000000]
layer4_out_V_11       (extractvalue ) [ 0100001111000000000000]
layer4_out_V_12       (extractvalue ) [ 0100001111000000000000]
layer4_out_V_13       (extractvalue ) [ 0100001111000000000000]
layer4_out_V_14       (extractvalue ) [ 0100001111000000000000]
layer4_out_V_15       (extractvalue ) [ 0100001111000000000000]
layer4_out_V_16       (extractvalue ) [ 0100001111000000000000]
layer4_out_V_17       (extractvalue ) [ 0100001111000000000000]
layer4_out_V_18       (extractvalue ) [ 0100001111000000000000]
layer4_out_V_19       (extractvalue ) [ 0100001111000000000000]
layer4_out_V_20       (extractvalue ) [ 0100001111000000000000]
layer4_out_V_21       (extractvalue ) [ 0100001111000000000000]
layer4_out_V_22       (extractvalue ) [ 0100001111000000000000]
layer4_out_V_23       (extractvalue ) [ 0100001111000000000000]
layer4_out_V_24       (extractvalue ) [ 0100001111000000000000]
layer4_out_V_25       (extractvalue ) [ 0100001111000000000000]
layer4_out_V_26       (extractvalue ) [ 0100001111000000000000]
layer4_out_V_27       (extractvalue ) [ 0100001111000000000000]
layer4_out_V_28       (extractvalue ) [ 0100001111000000000000]
layer4_out_V_29       (extractvalue ) [ 0100001111000000000000]
layer4_out_V_30       (extractvalue ) [ 0100001111000000000000]
layer4_out_V_31       (extractvalue ) [ 0100001111000000000000]
layer4_out_V_32       (extractvalue ) [ 0100001111000000000000]
layer4_out_V_33       (extractvalue ) [ 0100001111000000000000]
layer4_out_V_34       (extractvalue ) [ 0100001111000000000000]
layer4_out_V_35       (extractvalue ) [ 0100001111000000000000]
layer4_out_V_36       (extractvalue ) [ 0100001111000000000000]
layer4_out_V_37       (extractvalue ) [ 0100001111000000000000]
layer4_out_V_38       (extractvalue ) [ 0100001111000000000000]
layer4_out_V_39       (extractvalue ) [ 0100001111000000000000]
layer4_out_V_40       (extractvalue ) [ 0100001111000000000000]
layer4_out_V_41       (extractvalue ) [ 0100001111000000000000]
layer4_out_V_42       (extractvalue ) [ 0100001111000000000000]
layer4_out_V_43       (extractvalue ) [ 0100001111000000000000]
layer4_out_V_44       (extractvalue ) [ 0100001111000000000000]
layer4_out_V_45       (extractvalue ) [ 0100001111000000000000]
layer4_out_V_46       (extractvalue ) [ 0100001111000000000000]
layer4_out_V_47       (extractvalue ) [ 0100001111000000000000]
layer4_out_V_48       (extractvalue ) [ 0100001111000000000000]
layer4_out_V_49       (extractvalue ) [ 0100001111000000000000]
layer4_out_V_50       (extractvalue ) [ 0100001111000000000000]
layer4_out_V_51       (extractvalue ) [ 0100001111000000000000]
layer4_out_V_52       (extractvalue ) [ 0100001111000000000000]
layer4_out_V_53       (extractvalue ) [ 0100001111000000000000]
layer4_out_V_54       (extractvalue ) [ 0100001111000000000000]
layer4_out_V_55       (extractvalue ) [ 0100001111000000000000]
layer4_out_V_56       (extractvalue ) [ 0100001111000000000000]
layer4_out_V_57       (extractvalue ) [ 0100001111000000000000]
layer4_out_V_58       (extractvalue ) [ 0100001111000000000000]
layer4_out_V_59       (extractvalue ) [ 0100001111000000000000]
layer4_out_V_60       (extractvalue ) [ 0100001111000000000000]
layer4_out_V_61       (extractvalue ) [ 0100001111000000000000]
layer4_out_V_62       (extractvalue ) [ 0100001111000000000000]
layer4_out_V_63       (extractvalue ) [ 0100001111000000000000]
call_ret3_i_i         (call         ) [ 0000000000000000000000]
layer5_out_V          (extractvalue ) [ 0000000000000000000000]
layer5_out_V_1        (extractvalue ) [ 0000000000000000000000]
layer5_out_V_2        (extractvalue ) [ 0000000000000000000000]
layer5_out_V_3        (extractvalue ) [ 0000000000000000000000]
layer5_out_V_4        (extractvalue ) [ 0000000000000000000000]
layer5_out_V_5        (extractvalue ) [ 0000000000000000000000]
layer5_out_V_6        (extractvalue ) [ 0000000000000000000000]
layer5_out_V_7        (extractvalue ) [ 0000000000000000000000]
layer5_out_V_8        (extractvalue ) [ 0000000000000000000000]
layer5_out_V_9        (extractvalue ) [ 0000000000000000000000]
layer5_out_V_10       (extractvalue ) [ 0000000000000000000000]
layer5_out_V_11       (extractvalue ) [ 0000000000000000000000]
layer5_out_V_12       (extractvalue ) [ 0000000000000000000000]
layer5_out_V_13       (extractvalue ) [ 0000000000000000000000]
layer5_out_V_14       (extractvalue ) [ 0000000000000000000000]
layer5_out_V_15       (extractvalue ) [ 0000000000000000000000]
layer5_out_V_16       (extractvalue ) [ 0000000000000000000000]
layer5_out_V_17       (extractvalue ) [ 0000000000000000000000]
layer5_out_V_18       (extractvalue ) [ 0000000000000000000000]
layer5_out_V_19       (extractvalue ) [ 0000000000000000000000]
layer5_out_V_20       (extractvalue ) [ 0000000000000000000000]
layer5_out_V_21       (extractvalue ) [ 0000000000000000000000]
layer5_out_V_22       (extractvalue ) [ 0000000000000000000000]
layer5_out_V_23       (extractvalue ) [ 0000000000000000000000]
layer5_out_V_24       (extractvalue ) [ 0000000000000000000000]
layer5_out_V_25       (extractvalue ) [ 0000000000000000000000]
layer5_out_V_26       (extractvalue ) [ 0000000000000000000000]
layer5_out_V_27       (extractvalue ) [ 0000000000000000000000]
layer5_out_V_28       (extractvalue ) [ 0000000000000000000000]
layer5_out_V_29       (extractvalue ) [ 0000000000000000000000]
layer5_out_V_30       (extractvalue ) [ 0000000000000000000000]
layer5_out_V_31       (extractvalue ) [ 0000000000000000000000]
call_ret4_i_i         (call         ) [ 0000000000000000000000]
layer7_out_V          (extractvalue ) [ 0100000000100000000000]
layer7_out_V_1        (extractvalue ) [ 0100000000100000000000]
layer7_out_V_2        (extractvalue ) [ 0100000000100000000000]
layer7_out_V_3        (extractvalue ) [ 0100000000100000000000]
layer7_out_V_4        (extractvalue ) [ 0100000000100000000000]
layer7_out_V_5        (extractvalue ) [ 0100000000100000000000]
layer7_out_V_6        (extractvalue ) [ 0100000000100000000000]
layer7_out_V_7        (extractvalue ) [ 0100000000100000000000]
layer7_out_V_8        (extractvalue ) [ 0100000000100000000000]
layer7_out_V_9        (extractvalue ) [ 0100000000100000000000]
layer7_out_V_10       (extractvalue ) [ 0100000000100000000000]
layer7_out_V_11       (extractvalue ) [ 0100000000100000000000]
layer7_out_V_12       (extractvalue ) [ 0100000000100000000000]
layer7_out_V_13       (extractvalue ) [ 0100000000100000000000]
layer7_out_V_14       (extractvalue ) [ 0100000000100000000000]
layer7_out_V_15       (extractvalue ) [ 0100000000100000000000]
layer7_out_V_16       (extractvalue ) [ 0100000000100000000000]
layer7_out_V_17       (extractvalue ) [ 0100000000100000000000]
layer7_out_V_18       (extractvalue ) [ 0100000000100000000000]
layer7_out_V_19       (extractvalue ) [ 0100000000100000000000]
layer7_out_V_20       (extractvalue ) [ 0100000000100000000000]
layer7_out_V_21       (extractvalue ) [ 0100000000100000000000]
layer7_out_V_22       (extractvalue ) [ 0100000000100000000000]
layer7_out_V_23       (extractvalue ) [ 0100000000100000000000]
layer7_out_V_24       (extractvalue ) [ 0100000000100000000000]
layer7_out_V_25       (extractvalue ) [ 0100000000100000000000]
layer7_out_V_26       (extractvalue ) [ 0100000000100000000000]
layer7_out_V_27       (extractvalue ) [ 0100000000100000000000]
layer7_out_V_28       (extractvalue ) [ 0100000000100000000000]
layer7_out_V_29       (extractvalue ) [ 0100000000100000000000]
layer7_out_V_30       (extractvalue ) [ 0100000000100000000000]
layer7_out_V_31       (extractvalue ) [ 0100000000100000000000]
call_ret5_i_i         (call         ) [ 0000000000000000000000]
layer8_out_V          (extractvalue ) [ 0100000000001000000000]
layer8_out_V_1        (extractvalue ) [ 0100000000001000000000]
layer8_out_V_2        (extractvalue ) [ 0100000000001000000000]
layer8_out_V_3        (extractvalue ) [ 0100000000001000000000]
layer8_out_V_4        (extractvalue ) [ 0100000000001000000000]
layer8_out_V_5        (extractvalue ) [ 0100000000001000000000]
layer8_out_V_6        (extractvalue ) [ 0100000000001000000000]
layer8_out_V_7        (extractvalue ) [ 0100000000001000000000]
layer8_out_V_8        (extractvalue ) [ 0100000000001000000000]
layer8_out_V_9        (extractvalue ) [ 0100000000001000000000]
layer8_out_V_10       (extractvalue ) [ 0100000000001000000000]
layer8_out_V_11       (extractvalue ) [ 0100000000001000000000]
layer8_out_V_12       (extractvalue ) [ 0100000000001000000000]
layer8_out_V_13       (extractvalue ) [ 0100000000001000000000]
layer8_out_V_14       (extractvalue ) [ 0100000000001000000000]
layer8_out_V_15       (extractvalue ) [ 0100000000001000000000]
layer8_out_V_16       (extractvalue ) [ 0100000000001000000000]
layer8_out_V_17       (extractvalue ) [ 0100000000001000000000]
layer8_out_V_18       (extractvalue ) [ 0100000000001000000000]
layer8_out_V_19       (extractvalue ) [ 0100000000001000000000]
layer8_out_V_20       (extractvalue ) [ 0100000000001000000000]
layer8_out_V_21       (extractvalue ) [ 0100000000001000000000]
layer8_out_V_22       (extractvalue ) [ 0100000000001000000000]
layer8_out_V_23       (extractvalue ) [ 0100000000001000000000]
layer8_out_V_24       (extractvalue ) [ 0100000000001000000000]
layer8_out_V_25       (extractvalue ) [ 0100000000001000000000]
layer8_out_V_26       (extractvalue ) [ 0100000000001000000000]
layer8_out_V_27       (extractvalue ) [ 0100000000001000000000]
layer8_out_V_28       (extractvalue ) [ 0100000000001000000000]
layer8_out_V_29       (extractvalue ) [ 0100000000001000000000]
layer8_out_V_30       (extractvalue ) [ 0100000000001000000000]
layer8_out_V_31       (extractvalue ) [ 0100000000001000000000]
call_ret6_i_i         (call         ) [ 0000000000000000000000]
layer10_out_V         (extractvalue ) [ 0100000000000100000000]
layer10_out_V_1       (extractvalue ) [ 0100000000000100000000]
layer10_out_V_2       (extractvalue ) [ 0100000000000100000000]
layer10_out_V_3       (extractvalue ) [ 0100000000000100000000]
layer10_out_V_4       (extractvalue ) [ 0100000000000100000000]
layer10_out_V_5       (extractvalue ) [ 0100000000000100000000]
layer10_out_V_6       (extractvalue ) [ 0100000000000100000000]
layer10_out_V_7       (extractvalue ) [ 0100000000000100000000]
layer10_out_V_8       (extractvalue ) [ 0100000000000100000000]
layer10_out_V_9       (extractvalue ) [ 0100000000000100000000]
layer10_out_V_10      (extractvalue ) [ 0100000000000100000000]
layer10_out_V_11      (extractvalue ) [ 0100000000000100000000]
layer10_out_V_12      (extractvalue ) [ 0100000000000100000000]
layer10_out_V_13      (extractvalue ) [ 0100000000000100000000]
layer10_out_V_14      (extractvalue ) [ 0100000000000100000000]
layer10_out_V_15      (extractvalue ) [ 0100000000000100000000]
layer10_out_V_16      (extractvalue ) [ 0100000000000100000000]
layer10_out_V_17      (extractvalue ) [ 0100000000000100000000]
layer10_out_V_18      (extractvalue ) [ 0100000000000100000000]
layer10_out_V_19      (extractvalue ) [ 0100000000000100000000]
layer10_out_V_20      (extractvalue ) [ 0100000000000100000000]
layer10_out_V_21      (extractvalue ) [ 0100000000000100000000]
layer10_out_V_22      (extractvalue ) [ 0100000000000100000000]
layer10_out_V_23      (extractvalue ) [ 0100000000000100000000]
layer10_out_V_24      (extractvalue ) [ 0100000000000100000000]
layer10_out_V_25      (extractvalue ) [ 0100000000000100000000]
layer10_out_V_26      (extractvalue ) [ 0100000000000100000000]
layer10_out_V_27      (extractvalue ) [ 0100000000000100000000]
layer10_out_V_28      (extractvalue ) [ 0100000000000100000000]
layer10_out_V_29      (extractvalue ) [ 0100000000000100000000]
layer10_out_V_30      (extractvalue ) [ 0100000000000100000000]
layer10_out_V_31      (extractvalue ) [ 0100000000000100000000]
call_ret7_i_i         (call         ) [ 0000000000000000000000]
layer11_out_V         (extractvalue ) [ 0100000000000001000000]
layer11_out_V_1       (extractvalue ) [ 0100000000000001000000]
layer11_out_V_2       (extractvalue ) [ 0100000000000001000000]
layer11_out_V_3       (extractvalue ) [ 0100000000000001000000]
layer11_out_V_4       (extractvalue ) [ 0100000000000001000000]
out_buf_4_addr        (getelementptr) [ 0000000000000000000000]
out_buf_3_addr        (getelementptr) [ 0000000000000000000000]
out_buf_2_addr        (getelementptr) [ 0000000000000000000000]
out_buf_1_addr        (getelementptr) [ 0000000000000000000000]
out_buf_0_addr        (getelementptr) [ 0000000000000000000000]
specpipeline_ln0      (specpipeline ) [ 0000000000000000000000]
call_ret_i_i          (call         ) [ 0000000000000000000000]
layer13_out_0_ret_i_i (extractvalue ) [ 0000000000000000000000]
store_ln386           (store        ) [ 0000000000000000000000]
layer13_out_1_ret_i_i (extractvalue ) [ 0000000000000000000000]
store_ln386           (store        ) [ 0000000000000000000000]
layer13_out_2_ret_i_i (extractvalue ) [ 0000000000000000000000]
store_ln386           (store        ) [ 0000000000000000000000]
layer13_out_3_ret_i_i (extractvalue ) [ 0000000000000000000000]
store_ln386           (store        ) [ 0000000000000000000000]
layer13_out_4_ret_i_i (extractvalue ) [ 0000000000000000000000]
store_ln386           (store        ) [ 0000000000000000000000]
ret_ln17              (ret          ) [ 0000000000000000000000]
</LifeTime>

<model>

<comp_list>
<comp id="0" class="1000" name="in_buf">
<pin_list>
<pin id="1" dir="1" index="0" bw="1" slack="0"/>
</pin_list>
<bind>
<StgValue><ssdm name="in_buf"/><MemPortTyVec>1 3 </MemPortTyVec>
</StgValue>
</bind>
</comp>

<comp id="2" class="1000" name="i">
<pin_list>
<pin id="3" dir="1" index="0" bw="1" slack="0"/>
</pin_list>
<bind>
<StgValue><ssdm name="i"/></StgValue>
</bind>
</comp>

<comp id="4" class="1000" name="out_buf_0">
<pin_list>
<pin id="5" dir="1" index="0" bw="1" slack="0"/>
</pin_list>
<bind>
<StgValue><ssdm name="out_buf_0"/><MemPortTyVec>0 3 </MemPortTyVec>
</StgValue>
</bind>
</comp>

<comp id="6" class="1000" name="out_buf_1">
<pin_list>
<pin id="7" dir="1" index="0" bw="1" slack="0"/>
</pin_list>
<bind>
<StgValue><ssdm name="out_buf_1"/><MemPortTyVec>0 3 </MemPortTyVec>
</StgValue>
</bind>
</comp>

<comp id="8" class="1000" name="out_buf_2">
<pin_list>
<pin id="9" dir="1" index="0" bw="1" slack="0"/>
</pin_list>
<bind>
<StgValue><ssdm name="out_buf_2"/><MemPortTyVec>0 3 </MemPortTyVec>
</StgValue>
</bind>
</comp>

<comp id="10" class="1000" name="out_buf_3">
<pin_list>
<pin id="11" dir="1" index="0" bw="1" slack="0"/>
</pin_list>
<bind>
<StgValue><ssdm name="out_buf_3"/><MemPortTyVec>0 3 </MemPortTyVec>
</StgValue>
</bind>
</comp>

<comp id="12" class="1000" name="out_buf_4">
<pin_list>
<pin id="13" dir="1" index="0" bw="1" slack="0"/>
</pin_list>
<bind>
<StgValue><ssdm name="out_buf_4"/><MemPortTyVec>0 3 </MemPortTyVec>
</StgValue>
</bind>
</comp>

<comp id="14" class="1000" name="exp_table">
<pin_list>
<pin id="15" dir="1" index="0" bw="1" slack="0"/>
</pin_list>
<bind>
<StgValue><ssdm name="exp_table"/><MemPortTyVec>1 1 1 1 1 </MemPortTyVec>
</StgValue>
</bind>
</comp>

<comp id="16" class="1000" name="invert_table">
<pin_list>
<pin id="17" dir="1" index="0" bw="1" slack="0"/>
</pin_list>
<bind>
<StgValue><ssdm name="invert_table"/><MemPortTyVec>1 </MemPortTyVec>
</StgValue>
</bind>
</comp>

<comp id="18" class="1001" name="const_18">
<pin_list>
<pin id="19" dir="1" index="0" bw="1" slack="0"/>
</pin_list>
<bind>
<StgValue><ssdm name="_ssdm_op_Read.ap_auto.i14"/></StgValue>
</bind>
</comp>

<comp id="20" class="1001" name="const_20">
<pin_list>
<pin id="21" dir="1" index="0" bw="1" slack="0"/>
</pin_list>
<bind>
<StgValue><ssdm name=""/></StgValue>
</bind>
</comp>

<comp id="22" class="1001" name="const_22">
<pin_list>
<pin id="23" dir="1" index="0" bw="1" slack="0"/>
</pin_list>
<bind>
<StgValue><ssdm name="dense_latency<ap_fixed<16, 6, 5, 3, 0>, ap_fixed<16, 6, 5, 3, 0>, config2>"/></StgValue>
</bind>
</comp>

<comp id="24" class="1001" name="const_24">
<pin_list>
<pin id="25" dir="1" index="0" bw="1" slack="0"/>
</pin_list>
<bind>
<StgValue><ssdm name="relu<ap_fixed<16, 6, 5, 3, 0>, ap_fixed<16, 6, 5, 3, 0>, relu_config4>"/></StgValue>
</bind>
</comp>

<comp id="26" class="1001" name="const_26">
<pin_list>
<pin id="27" dir="1" index="0" bw="1" slack="0"/>
</pin_list>
<bind>
<StgValue><ssdm name="dense_latency<ap_fixed<16, 6, 5, 3, 0>, ap_fixed<16, 6, 5, 3, 0>, config5>"/></StgValue>
</bind>
</comp>

<comp id="28" class="1001" name="const_28">
<pin_list>
<pin id="29" dir="1" index="0" bw="1" slack="0"/>
</pin_list>
<bind>
<StgValue><ssdm name="relu<ap_fixed<16, 6, 5, 3, 0>, ap_fixed<16, 6, 5, 3, 0>, relu_config7>"/></StgValue>
</bind>
</comp>

<comp id="30" class="1001" name="const_30">
<pin_list>
<pin id="31" dir="1" index="0" bw="1" slack="0"/>
</pin_list>
<bind>
<StgValue><ssdm name="dense_latency<ap_fixed<16, 6, 5, 3, 0>, ap_fixed<16, 6, 5, 3, 0>, config8>"/></StgValue>
</bind>
</comp>

<comp id="32" class="1001" name="const_32">
<pin_list>
<pin id="33" dir="1" index="0" bw="1" slack="0"/>
</pin_list>
<bind>
<StgValue><ssdm name="relu<ap_fixed<16, 6, 5, 3, 0>, ap_fixed<16, 6, 5, 3, 0>, relu_config10>"/></StgValue>
</bind>
</comp>

<comp id="34" class="1001" name="const_34">
<pin_list>
<pin id="35" dir="1" index="0" bw="1" slack="0"/>
</pin_list>
<bind>
<StgValue><ssdm name="dense_latency<ap_fixed<16, 6, 5, 3, 0>, ap_fixed<16, 6, 5, 3, 0>, config11>"/></StgValue>
</bind>
</comp>

<comp id="36" class="1001" name="const_36">
<pin_list>
<pin id="37" dir="1" index="0" bw="1" slack="0"/>
</pin_list>
<bind>
<StgValue><ssdm name="softmax_stable<ap_fixed,ap_fixed<16,6,5,3,0>,softmax_config13>"/></StgValue>
</bind>
</comp>

<comp id="38" class="1001" name="const_38">
<pin_list>
<pin id="39" dir="1" index="0" bw="1" slack="2147483647"/>
</pin_list>
<bind>
<StgValue><ssdm name="_ssdm_op_SpecPipeline"/></StgValue>
</bind>
</comp>

<comp id="40" class="1001" name="const_40">
<pin_list>
<pin id="41" dir="1" index="0" bw="1" slack="2147483647"/>
</pin_list>
<bind>
<StgValue><ssdm name=""/></StgValue>
</bind>
</comp>

<comp id="42" class="1001" name="const_42">
<pin_list>
<pin id="43" dir="1" index="0" bw="1" slack="2147483647"/>
</pin_list>
<bind>
<StgValue><ssdm name=""/></StgValue>
</bind>
</comp>

<comp id="44" class="1001" name="const_44">
<pin_list>
<pin id="45" dir="1" index="0" bw="1" slack="2147483647"/>
</pin_list>
<bind>
<StgValue><ssdm name="empty_1"/></StgValue>
</bind>
</comp>

<comp id="46" class="1004" name="i_read_read_fu_46">
<pin_list>
<pin id="47" dir="0" index="0" bw="14" slack="0"/>
<pin id="48" dir="0" index="1" bw="14" slack="0"/>
<pin id="49" dir="1" index="2" bw="14" slack="0"/>
</pin_list>
<bind>
<opcode="read(1150) " fcode="read"/>
<opset="i_read/1 "/>
</bind>
</comp>

<comp id="52" class="1004" name="in_buf_addr_gep_fu_52">
<pin_list>
<pin id="53" dir="0" index="0" bw="256" slack="0"/>
<pin id="54" dir="0" index="1" bw="1" slack="0"/>
<pin id="55" dir="0" index="2" bw="14" slack="0"/>
<pin id="56" dir="1" index="3" bw="14" slack="0"/>
</pin_list>
<bind>
<opcode="getelementptr(29) " fcode="getelementptr"/>
<opset="in_buf_addr/1 "/>
</bind>
</comp>

<comp id="59" class="1004" name="grp_access_fu_59">
<pin_list>
<pin id="60" dir="0" index="0" bw="14" slack="0"/>
<pin id="61" dir="0" index="1" bw="256" slack="2147483647"/>
<pin id="62" dir="0" index="2" bw="0" slack="2147483647"/>
<pin id="63" dir="1" index="3" bw="256" slack="1"/>
</pin_list>
<bind>
<opcode="load(27) " fcode="load"/>
<opset="in_buf_load/1 "/>
</bind>
</comp>

<comp id="65" class="1004" name="out_buf_4_addr_gep_fu_65">
<pin_list>
<pin id="66" dir="0" index="0" bw="16" slack="0"/>
<pin id="67" dir="0" index="1" bw="1" slack="0"/>
<pin id="68" dir="0" index="2" bw="14" slack="20"/>
<pin id="69" dir="1" index="3" bw="14" slack="0"/>
</pin_list>
<bind>
<opcode="getelementptr(29) " fcode="getelementptr"/>
<opset="out_buf_4_addr/21 "/>
</bind>
</comp>

<comp id="72" class="1004" name="out_buf_3_addr_gep_fu_72">
<pin_list>
<pin id="73" dir="0" index="0" bw="16" slack="0"/>
<pin id="74" dir="0" index="1" bw="1" slack="0"/>
<pin id="75" dir="0" index="2" bw="14" slack="20"/>
<pin id="76" dir="1" index="3" bw="14" slack="0"/>
</pin_list>
<bind>
<opcode="getelementptr(29) " fcode="getelementptr"/>
<opset="out_buf_3_addr/21 "/>
</bind>
</comp>

<comp id="79" class="1004" name="out_buf_2_addr_gep_fu_79">
<pin_list>
<pin id="80" dir="0" index="0" bw="16" slack="0"/>
<pin id="81" dir="0" index="1" bw="1" slack="0"/>
<pin id="82" dir="0" index="2" bw="14" slack="20"/>
<pin id="83" dir="1" index="3" bw="14" slack="0"/>
</pin_list>
<bind>
<opcode="getelementptr(29) " fcode="getelementptr"/>
<opset="out_buf_2_addr/21 "/>
</bind>
</comp>

<comp id="86" class="1004" name="out_buf_1_addr_gep_fu_86">
<pin_list>
<pin id="87" dir="0" index="0" bw="16" slack="0"/>
<pin id="88" dir="0" index="1" bw="1" slack="0"/>
<pin id="89" dir="0" index="2" bw="14" slack="20"/>
<pin id="90" dir="1" index="3" bw="14" slack="0"/>
</pin_list>
<bind>
<opcode="getelementptr(29) " fcode="getelementptr"/>
<opset="out_buf_1_addr/21 "/>
</bind>
</comp>

<comp id="93" class="1004" name="out_buf_0_addr_gep_fu_93">
<pin_list>
<pin id="94" dir="0" index="0" bw="16" slack="0"/>
<pin id="95" dir="0" index="1" bw="1" slack="0"/>
<pin id="96" dir="0" index="2" bw="14" slack="20"/>
<pin id="97" dir="1" index="3" bw="14" slack="0"/>
</pin_list>
<bind>
<opcode="getelementptr(29) " fcode="getelementptr"/>
<opset="out_buf_0_addr/21 "/>
</bind>
</comp>

<comp id="100" class="1004" name="store_ln386_access_fu_100">
<pin_list>
<pin id="101" dir="0" index="0" bw="14" slack="0"/>
<pin id="102" dir="0" index="1" bw="16" slack="0"/>
<pin id="103" dir="0" index="2" bw="0" slack="2147483647"/>
<pin id="104" dir="1" index="3" bw="16" slack="2147483647"/>
</pin_list>
<bind>
<opcode="store(28) " fcode="store"/>
<opset="store_ln386/21 "/>
</bind>
</comp>

<comp id="106" class="1004" name="store_ln386_access_fu_106">
<pin_list>
<pin id="107" dir="0" index="0" bw="14" slack="0"/>
<pin id="108" dir="0" index="1" bw="16" slack="0"/>
<pin id="109" dir="0" index="2" bw="0" slack="2147483647"/>
<pin id="110" dir="1" index="3" bw="16" slack="2147483647"/>
</pin_list>
<bind>
<opcode="store(28) " fcode="store"/>
<opset="store_ln386/21 "/>
</bind>
</comp>

<comp id="112" class="1004" name="store_ln386_access_fu_112">
<pin_list>
<pin id="113" dir="0" index="0" bw="14" slack="0"/>
<pin id="114" dir="0" index="1" bw="16" slack="0"/>
<pin id="115" dir="0" index="2" bw="0" slack="2147483647"/>
<pin id="116" dir="1" index="3" bw="16" slack="2147483647"/>
</pin_list>
<bind>
<opcode="store(28) " fcode="store"/>
<opset="store_ln386/21 "/>
</bind>
</comp>

<comp id="118" class="1004" name="store_ln386_access_fu_118">
<pin_list>
<pin id="119" dir="0" index="0" bw="14" slack="0"/>
<pin id="120" dir="0" index="1" bw="16" slack="0"/>
<pin id="121" dir="0" index="2" bw="0" slack="2147483647"/>
<pin id="122" dir="1" index="3" bw="16" slack="2147483647"/>
</pin_list>
<bind>
<opcode="store(28) " fcode="store"/>
<opset="store_ln386/21 "/>
</bind>
</comp>

<comp id="124" class="1004" name="store_ln386_access_fu_124">
<pin_list>
<pin id="125" dir="0" index="0" bw="14" slack="0"/>
<pin id="126" dir="0" index="1" bw="16" slack="0"/>
<pin id="127" dir="0" index="2" bw="0" slack="2147483647"/>
<pin id="128" dir="1" index="3" bw="16" slack="2147483647"/>
</pin_list>
<bind>
<opcode="store(28) " fcode="store"/>
<opset="store_ln386/21 "/>
</bind>
</comp>

<comp id="130" class="1004" name="grp_dense_latency_ap_fixed_16_6_5_3_0_ap_fixed_16_6_5_3_0_config2_s_fu_130">
<pin_list>
<pin id="131" dir="0" index="0" bw="1024" slack="0"/>
<pin id="132" dir="0" index="1" bw="256" slack="1"/>
<pin id="133" dir="1" index="2" bw="1024" slack="0"/>
</pin_list>
<bind>
<opcode="call(48) " fcode="call"/>
<opset="call_ret1_i_i/3 "/>
</bind>
</comp>

<comp id="135" class="1004" name="call_ret2_i_i_relu_ap_fixed_16_6_5_3_0_ap_fixed_16_6_5_3_0_relu_config4_s_fu_135">
<pin_list>
<pin id="136" dir="0" index="0" bw="1024" slack="0"/>
<pin id="137" dir="0" index="1" bw="16" slack="1"/>
<pin id="138" dir="0" index="2" bw="16" slack="1"/>
<pin id="139" dir="0" index="3" bw="16" slack="1"/>
<pin id="140" dir="0" index="4" bw="16" slack="1"/>
<pin id="141" dir="0" index="5" bw="16" slack="1"/>
<pin id="142" dir="0" index="6" bw="16" slack="1"/>
<pin id="143" dir="0" index="7" bw="16" slack="1"/>
<pin id="144" dir="0" index="8" bw="16" slack="1"/>
<pin id="145" dir="0" index="9" bw="16" slack="1"/>
<pin id="146" dir="0" index="10" bw="16" slack="1"/>
<pin id="147" dir="0" index="11" bw="16" slack="1"/>
<pin id="148" dir="0" index="12" bw="16" slack="1"/>
<pin id="149" dir="0" index="13" bw="16" slack="1"/>
<pin id="150" dir="0" index="14" bw="16" slack="1"/>
<pin id="151" dir="0" index="15" bw="16" slack="1"/>
<pin id="152" dir="0" index="16" bw="16" slack="1"/>
<pin id="153" dir="0" index="17" bw="16" slack="1"/>
<pin id="154" dir="0" index="18" bw="16" slack="1"/>
<pin id="155" dir="0" index="19" bw="16" slack="1"/>
<pin id="156" dir="0" index="20" bw="16" slack="1"/>
<pin id="157" dir="0" index="21" bw="16" slack="1"/>
<pin id="158" dir="0" index="22" bw="16" slack="1"/>
<pin id="159" dir="0" index="23" bw="16" slack="1"/>
<pin id="160" dir="0" index="24" bw="16" slack="1"/>
<pin id="161" dir="0" index="25" bw="16" slack="1"/>
<pin id="162" dir="0" index="26" bw="16" slack="1"/>
<pin id="163" dir="0" index="27" bw="16" slack="1"/>
<pin id="164" dir="0" index="28" bw="16" slack="1"/>
<pin id="165" dir="0" index="29" bw="16" slack="1"/>
<pin id="166" dir="0" index="30" bw="16" slack="1"/>
<pin id="167" dir="0" index="31" bw="16" slack="1"/>
<pin id="168" dir="0" index="32" bw="16" slack="1"/>
<pin id="169" dir="0" index="33" bw="16" slack="1"/>
<pin id="170" dir="0" index="34" bw="16" slack="1"/>
<pin id="171" dir="0" index="35" bw="16" slack="1"/>
<pin id="172" dir="0" index="36" bw="16" slack="1"/>
<pin id="173" dir="0" index="37" bw="16" slack="1"/>
<pin id="174" dir="0" index="38" bw="16" slack="1"/>
<pin id="175" dir="0" index="39" bw="16" slack="1"/>
<pin id="176" dir="0" index="40" bw="16" slack="1"/>
<pin id="177" dir="0" index="41" bw="16" slack="1"/>
<pin id="178" dir="0" index="42" bw="16" slack="1"/>
<pin id="179" dir="0" index="43" bw="16" slack="1"/>
<pin id="180" dir="0" index="44" bw="16" slack="1"/>
<pin id="181" dir="0" index="45" bw="16" slack="1"/>
<pin id="182" dir="0" index="46" bw="16" slack="1"/>
<pin id="183" dir="0" index="47" bw="16" slack="1"/>
<pin id="184" dir="0" index="48" bw="16" slack="1"/>
<pin id="185" dir="0" index="49" bw="16" slack="1"/>
<pin id="186" dir="0" index="50" bw="16" slack="1"/>
<pin id="187" dir="0" index="51" bw="16" slack="1"/>
<pin id="188" dir="0" index="52" bw="16" slack="1"/>
<pin id="189" dir="0" index="53" bw="16" slack="1"/>
<pin id="190" dir="0" index="54" bw="16" slack="1"/>
<pin id="191" dir="0" index="55" bw="16" slack="1"/>
<pin id="192" dir="0" index="56" bw="16" slack="1"/>
<pin id="193" dir="0" index="57" bw="16" slack="1"/>
<pin id="194" dir="0" index="58" bw="16" slack="1"/>
<pin id="195" dir="0" index="59" bw="16" slack="1"/>
<pin id="196" dir="0" index="60" bw="16" slack="1"/>
<pin id="197" dir="0" index="61" bw="16" slack="1"/>
<pin id="198" dir="0" index="62" bw="16" slack="1"/>
<pin id="199" dir="0" index="63" bw="16" slack="1"/>
<pin id="200" dir="0" index="64" bw="16" slack="1"/>
<pin id="201" dir="1" index="65" bw="1024" slack="0"/>
</pin_list>
<bind>
<opcode="call(48) " fcode="call"/>
<opset="call_ret2_i_i/5 "/>
</bind>
</comp>

<comp id="203" class="1004" name="grp_dense_latency_ap_fixed_16_6_5_3_0_ap_fixed_16_6_5_3_0_config5_s_fu_203">
<pin_list>
<pin id="204" dir="0" index="0" bw="512" slack="0"/>
<pin id="205" dir="0" index="1" bw="16" slack="1"/>
<pin id="206" dir="0" index="2" bw="16" slack="1"/>
<pin id="207" dir="0" index="3" bw="16" slack="1"/>
<pin id="208" dir="0" index="4" bw="16" slack="1"/>
<pin id="209" dir="0" index="5" bw="16" slack="1"/>
<pin id="210" dir="0" index="6" bw="16" slack="1"/>
<pin id="211" dir="0" index="7" bw="16" slack="1"/>
<pin id="212" dir="0" index="8" bw="16" slack="1"/>
<pin id="213" dir="0" index="9" bw="16" slack="1"/>
<pin id="214" dir="0" index="10" bw="16" slack="1"/>
<pin id="215" dir="0" index="11" bw="16" slack="1"/>
<pin id="216" dir="0" index="12" bw="16" slack="1"/>
<pin id="217" dir="0" index="13" bw="16" slack="1"/>
<pin id="218" dir="0" index="14" bw="16" slack="1"/>
<pin id="219" dir="0" index="15" bw="16" slack="1"/>
<pin id="220" dir="0" index="16" bw="16" slack="1"/>
<pin id="221" dir="0" index="17" bw="16" slack="1"/>
<pin id="222" dir="0" index="18" bw="16" slack="1"/>
<pin id="223" dir="0" index="19" bw="16" slack="1"/>
<pin id="224" dir="0" index="20" bw="16" slack="1"/>
<pin id="225" dir="0" index="21" bw="16" slack="1"/>
<pin id="226" dir="0" index="22" bw="16" slack="1"/>
<pin id="227" dir="0" index="23" bw="16" slack="1"/>
<pin id="228" dir="0" index="24" bw="16" slack="1"/>
<pin id="229" dir="0" index="25" bw="16" slack="1"/>
<pin id="230" dir="0" index="26" bw="16" slack="1"/>
<pin id="231" dir="0" index="27" bw="16" slack="1"/>
<pin id="232" dir="0" index="28" bw="16" slack="1"/>
<pin id="233" dir="0" index="29" bw="16" slack="1"/>
<pin id="234" dir="0" index="30" bw="16" slack="1"/>
<pin id="235" dir="0" index="31" bw="16" slack="1"/>
<pin id="236" dir="0" index="32" bw="16" slack="1"/>
<pin id="237" dir="0" index="33" bw="16" slack="1"/>
<pin id="238" dir="0" index="34" bw="16" slack="1"/>
<pin id="239" dir="0" index="35" bw="16" slack="1"/>
<pin id="240" dir="0" index="36" bw="16" slack="1"/>
<pin id="241" dir="0" index="37" bw="16" slack="1"/>
<pin id="242" dir="0" index="38" bw="16" slack="1"/>
<pin id="243" dir="0" index="39" bw="16" slack="1"/>
<pin id="244" dir="0" index="40" bw="16" slack="1"/>
<pin id="245" dir="0" index="41" bw="16" slack="1"/>
<pin id="246" dir="0" index="42" bw="16" slack="1"/>
<pin id="247" dir="0" index="43" bw="16" slack="1"/>
<pin id="248" dir="0" index="44" bw="16" slack="1"/>
<pin id="249" dir="0" index="45" bw="16" slack="1"/>
<pin id="250" dir="0" index="46" bw="16" slack="1"/>
<pin id="251" dir="0" index="47" bw="16" slack="1"/>
<pin id="252" dir="0" index="48" bw="16" slack="1"/>
<pin id="253" dir="0" index="49" bw="16" slack="1"/>
<pin id="254" dir="0" index="50" bw="16" slack="1"/>
<pin id="255" dir="0" index="51" bw="16" slack="1"/>
<pin id="256" dir="0" index="52" bw="16" slack="1"/>
<pin id="257" dir="0" index="53" bw="16" slack="1"/>
<pin id="258" dir="0" index="54" bw="16" slack="1"/>
<pin id="259" dir="0" index="55" bw="16" slack="1"/>
<pin id="260" dir="0" index="56" bw="16" slack="1"/>
<pin id="261" dir="0" index="57" bw="16" slack="1"/>
<pin id="262" dir="0" index="58" bw="16" slack="1"/>
<pin id="263" dir="0" index="59" bw="16" slack="1"/>
<pin id="264" dir="0" index="60" bw="16" slack="1"/>
<pin id="265" dir="0" index="61" bw="16" slack="1"/>
<pin id="266" dir="0" index="62" bw="16" slack="1"/>
<pin id="267" dir="0" index="63" bw="16" slack="1"/>
<pin id="268" dir="0" index="64" bw="16" slack="1"/>
<pin id="269" dir="1" index="65" bw="512" slack="0"/>
</pin_list>
<bind>
<opcode="call(48) " fcode="call"/>
<opset="call_ret3_i_i/6 "/>
</bind>
</comp>

<comp id="271" class="1004" name="call_ret4_i_i_relu_ap_fixed_16_6_5_3_0_ap_fixed_16_6_5_3_0_relu_config7_s_fu_271">
<pin_list>
<pin id="272" dir="0" index="0" bw="512" slack="0"/>
<pin id="273" dir="0" index="1" bw="16" slack="0"/>
<pin id="274" dir="0" index="2" bw="16" slack="0"/>
<pin id="275" dir="0" index="3" bw="16" slack="0"/>
<pin id="276" dir="0" index="4" bw="16" slack="0"/>
<pin id="277" dir="0" index="5" bw="16" slack="0"/>
<pin id="278" dir="0" index="6" bw="16" slack="0"/>
<pin id="279" dir="0" index="7" bw="16" slack="0"/>
<pin id="280" dir="0" index="8" bw="16" slack="0"/>
<pin id="281" dir="0" index="9" bw="16" slack="0"/>
<pin id="282" dir="0" index="10" bw="16" slack="0"/>
<pin id="283" dir="0" index="11" bw="16" slack="0"/>
<pin id="284" dir="0" index="12" bw="16" slack="0"/>
<pin id="285" dir="0" index="13" bw="16" slack="0"/>
<pin id="286" dir="0" index="14" bw="16" slack="0"/>
<pin id="287" dir="0" index="15" bw="16" slack="0"/>
<pin id="288" dir="0" index="16" bw="16" slack="0"/>
<pin id="289" dir="0" index="17" bw="16" slack="0"/>
<pin id="290" dir="0" index="18" bw="16" slack="0"/>
<pin id="291" dir="0" index="19" bw="16" slack="0"/>
<pin id="292" dir="0" index="20" bw="16" slack="0"/>
<pin id="293" dir="0" index="21" bw="16" slack="0"/>
<pin id="294" dir="0" index="22" bw="16" slack="0"/>
<pin id="295" dir="0" index="23" bw="16" slack="0"/>
<pin id="296" dir="0" index="24" bw="16" slack="0"/>
<pin id="297" dir="0" index="25" bw="16" slack="0"/>
<pin id="298" dir="0" index="26" bw="16" slack="0"/>
<pin id="299" dir="0" index="27" bw="16" slack="0"/>
<pin id="300" dir="0" index="28" bw="16" slack="0"/>
<pin id="301" dir="0" index="29" bw="16" slack="0"/>
<pin id="302" dir="0" index="30" bw="16" slack="0"/>
<pin id="303" dir="0" index="31" bw="16" slack="0"/>
<pin id="304" dir="0" index="32" bw="16" slack="0"/>
<pin id="305" dir="1" index="33" bw="512" slack="0"/>
</pin_list>
<bind>
<opcode="call(48) " fcode="call"/>
<opset="call_ret4_i_i/9 "/>
</bind>
</comp>

<comp id="307" class="1004" name="grp_dense_latency_ap_fixed_16_6_5_3_0_ap_fixed_16_6_5_3_0_config8_s_fu_307">
<pin_list>
<pin id="308" dir="0" index="0" bw="512" slack="0"/>
<pin id="309" dir="0" index="1" bw="16" slack="1"/>
<pin id="310" dir="0" index="2" bw="16" slack="1"/>
<pin id="311" dir="0" index="3" bw="16" slack="1"/>
<pin id="312" dir="0" index="4" bw="16" slack="1"/>
<pin id="313" dir="0" index="5" bw="16" slack="1"/>
<pin id="314" dir="0" index="6" bw="16" slack="1"/>
<pin id="315" dir="0" index="7" bw="16" slack="1"/>
<pin id="316" dir="0" index="8" bw="16" slack="1"/>
<pin id="317" dir="0" index="9" bw="16" slack="1"/>
<pin id="318" dir="0" index="10" bw="16" slack="1"/>
<pin id="319" dir="0" index="11" bw="16" slack="1"/>
<pin id="320" dir="0" index="12" bw="16" slack="1"/>
<pin id="321" dir="0" index="13" bw="16" slack="1"/>
<pin id="322" dir="0" index="14" bw="16" slack="1"/>
<pin id="323" dir="0" index="15" bw="16" slack="1"/>
<pin id="324" dir="0" index="16" bw="16" slack="1"/>
<pin id="325" dir="0" index="17" bw="16" slack="1"/>
<pin id="326" dir="0" index="18" bw="16" slack="1"/>
<pin id="327" dir="0" index="19" bw="16" slack="1"/>
<pin id="328" dir="0" index="20" bw="16" slack="1"/>
<pin id="329" dir="0" index="21" bw="16" slack="1"/>
<pin id="330" dir="0" index="22" bw="16" slack="1"/>
<pin id="331" dir="0" index="23" bw="16" slack="1"/>
<pin id="332" dir="0" index="24" bw="16" slack="1"/>
<pin id="333" dir="0" index="25" bw="16" slack="1"/>
<pin id="334" dir="0" index="26" bw="16" slack="1"/>
<pin id="335" dir="0" index="27" bw="16" slack="1"/>
<pin id="336" dir="0" index="28" bw="16" slack="1"/>
<pin id="337" dir="0" index="29" bw="16" slack="1"/>
<pin id="338" dir="0" index="30" bw="16" slack="1"/>
<pin id="339" dir="0" index="31" bw="16" slack="1"/>
<pin id="340" dir="0" index="32" bw="16" slack="1"/>
<pin id="341" dir="1" index="33" bw="512" slack="0"/>
</pin_list>
<bind>
<opcode="call(48) " fcode="call"/>
<opset="call_ret5_i_i/10 "/>
</bind>
</comp>

<comp id="343" class="1004" name="call_ret6_i_i_relu_ap_fixed_16_6_5_3_0_ap_fixed_16_6_5_3_0_relu_config10_s_fu_343">
<pin_list>
<pin id="344" dir="0" index="0" bw="512" slack="0"/>
<pin id="345" dir="0" index="1" bw="16" slack="1"/>
<pin id="346" dir="0" index="2" bw="16" slack="1"/>
<pin id="347" dir="0" index="3" bw="16" slack="1"/>
<pin id="348" dir="0" index="4" bw="16" slack="1"/>
<pin id="349" dir="0" index="5" bw="16" slack="1"/>
<pin id="350" dir="0" index="6" bw="16" slack="1"/>
<pin id="351" dir="0" index="7" bw="16" slack="1"/>
<pin id="352" dir="0" index="8" bw="16" slack="1"/>
<pin id="353" dir="0" index="9" bw="16" slack="1"/>
<pin id="354" dir="0" index="10" bw="16" slack="1"/>
<pin id="355" dir="0" index="11" bw="16" slack="1"/>
<pin id="356" dir="0" index="12" bw="16" slack="1"/>
<pin id="357" dir="0" index="13" bw="16" slack="1"/>
<pin id="358" dir="0" index="14" bw="16" slack="1"/>
<pin id="359" dir="0" index="15" bw="16" slack="1"/>
<pin id="360" dir="0" index="16" bw="16" slack="1"/>
<pin id="361" dir="0" index="17" bw="16" slack="1"/>
<pin id="362" dir="0" index="18" bw="16" slack="1"/>
<pin id="363" dir="0" index="19" bw="16" slack="1"/>
<pin id="364" dir="0" index="20" bw="16" slack="1"/>
<pin id="365" dir="0" index="21" bw="16" slack="1"/>
<pin id="366" dir="0" index="22" bw="16" slack="1"/>
<pin id="367" dir="0" index="23" bw="16" slack="1"/>
<pin id="368" dir="0" index="24" bw="16" slack="1"/>
<pin id="369" dir="0" index="25" bw="16" slack="1"/>
<pin id="370" dir="0" index="26" bw="16" slack="1"/>
<pin id="371" dir="0" index="27" bw="16" slack="1"/>
<pin id="372" dir="0" index="28" bw="16" slack="1"/>
<pin id="373" dir="0" index="29" bw="16" slack="1"/>
<pin id="374" dir="0" index="30" bw="16" slack="1"/>
<pin id="375" dir="0" index="31" bw="16" slack="1"/>
<pin id="376" dir="0" index="32" bw="16" slack="1"/>
<pin id="377" dir="1" index="33" bw="512" slack="0"/>
</pin_list>
<bind>
<opcode="call(48) " fcode="call"/>
<opset="call_ret6_i_i/12 "/>
</bind>
</comp>

<comp id="379" class="1004" name="grp_dense_latency_ap_fixed_16_6_5_3_0_ap_fixed_16_6_5_3_0_config11_s_fu_379">
<pin_list>
<pin id="380" dir="0" index="0" bw="80" slack="0"/>
<pin id="381" dir="0" index="1" bw="16" slack="1"/>
<pin id="382" dir="0" index="2" bw="16" slack="1"/>
<pin id="383" dir="0" index="3" bw="16" slack="1"/>
<pin id="384" dir="0" index="4" bw="16" slack="1"/>
<pin id="385" dir="0" index="5" bw="16" slack="1"/>
<pin id="386" dir="0" index="6" bw="16" slack="1"/>
<pin id="387" dir="0" index="7" bw="16" slack="1"/>
<pin id="388" dir="0" index="8" bw="16" slack="1"/>
<pin id="389" dir="0" index="9" bw="16" slack="1"/>
<pin id="390" dir="0" index="10" bw="16" slack="1"/>
<pin id="391" dir="0" index="11" bw="16" slack="1"/>
<pin id="392" dir="0" index="12" bw="16" slack="1"/>
<pin id="393" dir="0" index="13" bw="16" slack="1"/>
<pin id="394" dir="0" index="14" bw="16" slack="1"/>
<pin id="395" dir="0" index="15" bw="16" slack="1"/>
<pin id="396" dir="0" index="16" bw="16" slack="1"/>
<pin id="397" dir="0" index="17" bw="16" slack="1"/>
<pin id="398" dir="0" index="18" bw="16" slack="1"/>
<pin id="399" dir="0" index="19" bw="16" slack="1"/>
<pin id="400" dir="0" index="20" bw="16" slack="1"/>
<pin id="401" dir="0" index="21" bw="16" slack="1"/>
<pin id="402" dir="0" index="22" bw="16" slack="1"/>
<pin id="403" dir="0" index="23" bw="16" slack="1"/>
<pin id="404" dir="0" index="24" bw="16" slack="1"/>
<pin id="405" dir="0" index="25" bw="16" slack="1"/>
<pin id="406" dir="0" index="26" bw="16" slack="1"/>
<pin id="407" dir="0" index="27" bw="16" slack="1"/>
<pin id="408" dir="0" index="28" bw="16" slack="1"/>
<pin id="409" dir="0" index="29" bw="16" slack="1"/>
<pin id="410" dir="0" index="30" bw="16" slack="1"/>
<pin id="411" dir="0" index="31" bw="16" slack="1"/>
<pin id="412" dir="0" index="32" bw="16" slack="1"/>
<pin id="413" dir="1" index="33" bw="80" slack="0"/>
</pin_list>
<bind>
<opcode="call(48) " fcode="call"/>
<opset="call_ret7_i_i/13 "/>
</bind>
</comp>

<comp id="415" class="1004" name="grp_softmax_stable_ap_fixed_ap_fixed_16_6_5_3_0_softmax_config13_s_fu_415">
<pin_list>
<pin id="416" dir="0" index="0" bw="80" slack="0"/>
<pin id="417" dir="0" index="1" bw="16" slack="1"/>
<pin id="418" dir="0" index="2" bw="16" slack="1"/>
<pin id="419" dir="0" index="3" bw="16" slack="1"/>
<pin id="420" dir="0" index="4" bw="16" slack="1"/>
<pin id="421" dir="0" index="5" bw="16" slack="1"/>
<pin id="422" dir="0" index="6" bw="18" slack="0"/>
<pin id="423" dir="0" index="7" bw="18" slack="0"/>
<pin id="424" dir="1" index="8" bw="80" slack="0"/>
</pin_list>
<bind>
<opcode="call(48) " fcode="call"/>
<opset="call_ret_i_i/15 "/>
</bind>
</comp>

<comp id="428" class="1004" name="zext_ln386_fu_428">
<pin_list>
<pin id="429" dir="0" index="0" bw="14" slack="0"/>
<pin id="430" dir="1" index="1" bw="64" slack="0"/>
</pin_list>
<bind>
<opcode="zext(34) " fcode="zext"/>
<opset="zext_ln386/1 "/>
</bind>
</comp>

<comp id="433" class="1004" name="layer2_out_V_fu_433">
<pin_list>
<pin id="434" dir="0" index="0" bw="1024" slack="0"/>
<pin id="435" dir="1" index="1" bw="16" slack="1"/>
</pin_list>
<bind>
<opcode="extractvalue(56) " fcode="extractvalue"/>
<opset="layer2_out_V/4 "/>
</bind>
</comp>

<comp id="437" class="1004" name="layer2_out_V_1_fu_437">
<pin_list>
<pin id="438" dir="0" index="0" bw="1024" slack="0"/>
<pin id="439" dir="1" index="1" bw="16" slack="1"/>
</pin_list>
<bind>
<opcode="extractvalue(56) " fcode="extractvalue"/>
<opset="layer2_out_V_1/4 "/>
</bind>
</comp>

<comp id="441" class="1004" name="layer2_out_V_2_fu_441">
<pin_list>
<pin id="442" dir="0" index="0" bw="1024" slack="0"/>
<pin id="443" dir="1" index="1" bw="16" slack="1"/>
</pin_list>
<bind>
<opcode="extractvalue(56) " fcode="extractvalue"/>
<opset="layer2_out_V_2/4 "/>
</bind>
</comp>

<comp id="445" class="1004" name="layer2_out_V_3_fu_445">
<pin_list>
<pin id="446" dir="0" index="0" bw="1024" slack="0"/>
<pin id="447" dir="1" index="1" bw="16" slack="1"/>
</pin_list>
<bind>
<opcode="extractvalue(56) " fcode="extractvalue"/>
<opset="layer2_out_V_3/4 "/>
</bind>
</comp>

<comp id="449" class="1004" name="layer2_out_V_4_fu_449">
<pin_list>
<pin id="450" dir="0" index="0" bw="1024" slack="0"/>
<pin id="451" dir="1" index="1" bw="16" slack="1"/>
</pin_list>
<bind>
<opcode="extractvalue(56) " fcode="extractvalue"/>
<opset="layer2_out_V_4/4 "/>
</bind>
</comp>

<comp id="453" class="1004" name="layer2_out_V_5_fu_453">
<pin_list>
<pin id="454" dir="0" index="0" bw="1024" slack="0"/>
<pin id="455" dir="1" index="1" bw="16" slack="1"/>
</pin_list>
<bind>
<opcode="extractvalue(56) " fcode="extractvalue"/>
<opset="layer2_out_V_5/4 "/>
</bind>
</comp>

<comp id="457" class="1004" name="layer2_out_V_6_fu_457">
<pin_list>
<pin id="458" dir="0" index="0" bw="1024" slack="0"/>
<pin id="459" dir="1" index="1" bw="16" slack="1"/>
</pin_list>
<bind>
<opcode="extractvalue(56) " fcode="extractvalue"/>
<opset="layer2_out_V_6/4 "/>
</bind>
</comp>

<comp id="461" class="1004" name="layer2_out_V_7_fu_461">
<pin_list>
<pin id="462" dir="0" index="0" bw="1024" slack="0"/>
<pin id="463" dir="1" index="1" bw="16" slack="1"/>
</pin_list>
<bind>
<opcode="extractvalue(56) " fcode="extractvalue"/>
<opset="layer2_out_V_7/4 "/>
</bind>
</comp>

<comp id="465" class="1004" name="layer2_out_V_8_fu_465">
<pin_list>
<pin id="466" dir="0" index="0" bw="1024" slack="0"/>
<pin id="467" dir="1" index="1" bw="16" slack="1"/>
</pin_list>
<bind>
<opcode="extractvalue(56) " fcode="extractvalue"/>
<opset="layer2_out_V_8/4 "/>
</bind>
</comp>

<comp id="469" class="1004" name="layer2_out_V_9_fu_469">
<pin_list>
<pin id="470" dir="0" index="0" bw="1024" slack="0"/>
<pin id="471" dir="1" index="1" bw="16" slack="1"/>
</pin_list>
<bind>
<opcode="extractvalue(56) " fcode="extractvalue"/>
<opset="layer2_out_V_9/4 "/>
</bind>
</comp>

<comp id="473" class="1004" name="layer2_out_V_10_fu_473">
<pin_list>
<pin id="474" dir="0" index="0" bw="1024" slack="0"/>
<pin id="475" dir="1" index="1" bw="16" slack="1"/>
</pin_list>
<bind>
<opcode="extractvalue(56) " fcode="extractvalue"/>
<opset="layer2_out_V_10/4 "/>
</bind>
</comp>

<comp id="477" class="1004" name="layer2_out_V_11_fu_477">
<pin_list>
<pin id="478" dir="0" index="0" bw="1024" slack="0"/>
<pin id="479" dir="1" index="1" bw="16" slack="1"/>
</pin_list>
<bind>
<opcode="extractvalue(56) " fcode="extractvalue"/>
<opset="layer2_out_V_11/4 "/>
</bind>
</comp>

<comp id="481" class="1004" name="layer2_out_V_12_fu_481">
<pin_list>
<pin id="482" dir="0" index="0" bw="1024" slack="0"/>
<pin id="483" dir="1" index="1" bw="16" slack="1"/>
</pin_list>
<bind>
<opcode="extractvalue(56) " fcode="extractvalue"/>
<opset="layer2_out_V_12/4 "/>
</bind>
</comp>

<comp id="485" class="1004" name="layer2_out_V_13_fu_485">
<pin_list>
<pin id="486" dir="0" index="0" bw="1024" slack="0"/>
<pin id="487" dir="1" index="1" bw="16" slack="1"/>
</pin_list>
<bind>
<opcode="extractvalue(56) " fcode="extractvalue"/>
<opset="layer2_out_V_13/4 "/>
</bind>
</comp>

<comp id="489" class="1004" name="layer2_out_V_14_fu_489">
<pin_list>
<pin id="490" dir="0" index="0" bw="1024" slack="0"/>
<pin id="491" dir="1" index="1" bw="16" slack="1"/>
</pin_list>
<bind>
<opcode="extractvalue(56) " fcode="extractvalue"/>
<opset="layer2_out_V_14/4 "/>
</bind>
</comp>

<comp id="493" class="1004" name="layer2_out_V_15_fu_493">
<pin_list>
<pin id="494" dir="0" index="0" bw="1024" slack="0"/>
<pin id="495" dir="1" index="1" bw="16" slack="1"/>
</pin_list>
<bind>
<opcode="extractvalue(56) " fcode="extractvalue"/>
<opset="layer2_out_V_15/4 "/>
</bind>
</comp>

<comp id="497" class="1004" name="layer2_out_V_16_fu_497">
<pin_list>
<pin id="498" dir="0" index="0" bw="1024" slack="0"/>
<pin id="499" dir="1" index="1" bw="16" slack="1"/>
</pin_list>
<bind>
<opcode="extractvalue(56) " fcode="extractvalue"/>
<opset="layer2_out_V_16/4 "/>
</bind>
</comp>

<comp id="501" class="1004" name="layer2_out_V_17_fu_501">
<pin_list>
<pin id="502" dir="0" index="0" bw="1024" slack="0"/>
<pin id="503" dir="1" index="1" bw="16" slack="1"/>
</pin_list>
<bind>
<opcode="extractvalue(56) " fcode="extractvalue"/>
<opset="layer2_out_V_17/4 "/>
</bind>
</comp>

<comp id="505" class="1004" name="layer2_out_V_18_fu_505">
<pin_list>
<pin id="506" dir="0" index="0" bw="1024" slack="0"/>
<pin id="507" dir="1" index="1" bw="16" slack="1"/>
</pin_list>
<bind>
<opcode="extractvalue(56) " fcode="extractvalue"/>
<opset="layer2_out_V_18/4 "/>
</bind>
</comp>

<comp id="509" class="1004" name="layer2_out_V_19_fu_509">
<pin_list>
<pin id="510" dir="0" index="0" bw="1024" slack="0"/>
<pin id="511" dir="1" index="1" bw="16" slack="1"/>
</pin_list>
<bind>
<opcode="extractvalue(56) " fcode="extractvalue"/>
<opset="layer2_out_V_19/4 "/>
</bind>
</comp>

<comp id="513" class="1004" name="layer2_out_V_20_fu_513">
<pin_list>
<pin id="514" dir="0" index="0" bw="1024" slack="0"/>
<pin id="515" dir="1" index="1" bw="16" slack="1"/>
</pin_list>
<bind>
<opcode="extractvalue(56) " fcode="extractvalue"/>
<opset="layer2_out_V_20/4 "/>
</bind>
</comp>

<comp id="517" class="1004" name="layer2_out_V_21_fu_517">
<pin_list>
<pin id="518" dir="0" index="0" bw="1024" slack="0"/>
<pin id="519" dir="1" index="1" bw="16" slack="1"/>
</pin_list>
<bind>
<opcode="extractvalue(56) " fcode="extractvalue"/>
<opset="layer2_out_V_21/4 "/>
</bind>
</comp>

<comp id="521" class="1004" name="layer2_out_V_22_fu_521">
<pin_list>
<pin id="522" dir="0" index="0" bw="1024" slack="0"/>
<pin id="523" dir="1" index="1" bw="16" slack="1"/>
</pin_list>
<bind>
<opcode="extractvalue(56) " fcode="extractvalue"/>
<opset="layer2_out_V_22/4 "/>
</bind>
</comp>

<comp id="525" class="1004" name="layer2_out_V_23_fu_525">
<pin_list>
<pin id="526" dir="0" index="0" bw="1024" slack="0"/>
<pin id="527" dir="1" index="1" bw="16" slack="1"/>
</pin_list>
<bind>
<opcode="extractvalue(56) " fcode="extractvalue"/>
<opset="layer2_out_V_23/4 "/>
</bind>
</comp>

<comp id="529" class="1004" name="layer2_out_V_24_fu_529">
<pin_list>
<pin id="530" dir="0" index="0" bw="1024" slack="0"/>
<pin id="531" dir="1" index="1" bw="16" slack="1"/>
</pin_list>
<bind>
<opcode="extractvalue(56) " fcode="extractvalue"/>
<opset="layer2_out_V_24/4 "/>
</bind>
</comp>

<comp id="533" class="1004" name="layer2_out_V_25_fu_533">
<pin_list>
<pin id="534" dir="0" index="0" bw="1024" slack="0"/>
<pin id="535" dir="1" index="1" bw="16" slack="1"/>
</pin_list>
<bind>
<opcode="extractvalue(56) " fcode="extractvalue"/>
<opset="layer2_out_V_25/4 "/>
</bind>
</comp>

<comp id="537" class="1004" name="layer2_out_V_26_fu_537">
<pin_list>
<pin id="538" dir="0" index="0" bw="1024" slack="0"/>
<pin id="539" dir="1" index="1" bw="16" slack="1"/>
</pin_list>
<bind>
<opcode="extractvalue(56) " fcode="extractvalue"/>
<opset="layer2_out_V_26/4 "/>
</bind>
</comp>

<comp id="541" class="1004" name="layer2_out_V_27_fu_541">
<pin_list>
<pin id="542" dir="0" index="0" bw="1024" slack="0"/>
<pin id="543" dir="1" index="1" bw="16" slack="1"/>
</pin_list>
<bind>
<opcode="extractvalue(56) " fcode="extractvalue"/>
<opset="layer2_out_V_27/4 "/>
</bind>
</comp>

<comp id="545" class="1004" name="layer2_out_V_28_fu_545">
<pin_list>
<pin id="546" dir="0" index="0" bw="1024" slack="0"/>
<pin id="547" dir="1" index="1" bw="16" slack="1"/>
</pin_list>
<bind>
<opcode="extractvalue(56) " fcode="extractvalue"/>
<opset="layer2_out_V_28/4 "/>
</bind>
</comp>

<comp id="549" class="1004" name="layer2_out_V_29_fu_549">
<pin_list>
<pin id="550" dir="0" index="0" bw="1024" slack="0"/>
<pin id="551" dir="1" index="1" bw="16" slack="1"/>
</pin_list>
<bind>
<opcode="extractvalue(56) " fcode="extractvalue"/>
<opset="layer2_out_V_29/4 "/>
</bind>
</comp>

<comp id="553" class="1004" name="layer2_out_V_30_fu_553">
<pin_list>
<pin id="554" dir="0" index="0" bw="1024" slack="0"/>
<pin id="555" dir="1" index="1" bw="16" slack="1"/>
</pin_list>
<bind>
<opcode="extractvalue(56) " fcode="extractvalue"/>
<opset="layer2_out_V_30/4 "/>
</bind>
</comp>

<comp id="557" class="1004" name="layer2_out_V_31_fu_557">
<pin_list>
<pin id="558" dir="0" index="0" bw="1024" slack="0"/>
<pin id="559" dir="1" index="1" bw="16" slack="1"/>
</pin_list>
<bind>
<opcode="extractvalue(56) " fcode="extractvalue"/>
<opset="layer2_out_V_31/4 "/>
</bind>
</comp>

<comp id="561" class="1004" name="layer2_out_V_32_fu_561">
<pin_list>
<pin id="562" dir="0" index="0" bw="1024" slack="0"/>
<pin id="563" dir="1" index="1" bw="16" slack="1"/>
</pin_list>
<bind>
<opcode="extractvalue(56) " fcode="extractvalue"/>
<opset="layer2_out_V_32/4 "/>
</bind>
</comp>

<comp id="565" class="1004" name="layer2_out_V_33_fu_565">
<pin_list>
<pin id="566" dir="0" index="0" bw="1024" slack="0"/>
<pin id="567" dir="1" index="1" bw="16" slack="1"/>
</pin_list>
<bind>
<opcode="extractvalue(56) " fcode="extractvalue"/>
<opset="layer2_out_V_33/4 "/>
</bind>
</comp>

<comp id="569" class="1004" name="layer2_out_V_34_fu_569">
<pin_list>
<pin id="570" dir="0" index="0" bw="1024" slack="0"/>
<pin id="571" dir="1" index="1" bw="16" slack="1"/>
</pin_list>
<bind>
<opcode="extractvalue(56) " fcode="extractvalue"/>
<opset="layer2_out_V_34/4 "/>
</bind>
</comp>

<comp id="573" class="1004" name="layer2_out_V_35_fu_573">
<pin_list>
<pin id="574" dir="0" index="0" bw="1024" slack="0"/>
<pin id="575" dir="1" index="1" bw="16" slack="1"/>
</pin_list>
<bind>
<opcode="extractvalue(56) " fcode="extractvalue"/>
<opset="layer2_out_V_35/4 "/>
</bind>
</comp>

<comp id="577" class="1004" name="layer2_out_V_36_fu_577">
<pin_list>
<pin id="578" dir="0" index="0" bw="1024" slack="0"/>
<pin id="579" dir="1" index="1" bw="16" slack="1"/>
</pin_list>
<bind>
<opcode="extractvalue(56) " fcode="extractvalue"/>
<opset="layer2_out_V_36/4 "/>
</bind>
</comp>

<comp id="581" class="1004" name="layer2_out_V_37_fu_581">
<pin_list>
<pin id="582" dir="0" index="0" bw="1024" slack="0"/>
<pin id="583" dir="1" index="1" bw="16" slack="1"/>
</pin_list>
<bind>
<opcode="extractvalue(56) " fcode="extractvalue"/>
<opset="layer2_out_V_37/4 "/>
</bind>
</comp>

<comp id="585" class="1004" name="layer2_out_V_38_fu_585">
<pin_list>
<pin id="586" dir="0" index="0" bw="1024" slack="0"/>
<pin id="587" dir="1" index="1" bw="16" slack="1"/>
</pin_list>
<bind>
<opcode="extractvalue(56) " fcode="extractvalue"/>
<opset="layer2_out_V_38/4 "/>
</bind>
</comp>

<comp id="589" class="1004" name="layer2_out_V_39_fu_589">
<pin_list>
<pin id="590" dir="0" index="0" bw="1024" slack="0"/>
<pin id="591" dir="1" index="1" bw="16" slack="1"/>
</pin_list>
<bind>
<opcode="extractvalue(56) " fcode="extractvalue"/>
<opset="layer2_out_V_39/4 "/>
</bind>
</comp>

<comp id="593" class="1004" name="layer2_out_V_40_fu_593">
<pin_list>
<pin id="594" dir="0" index="0" bw="1024" slack="0"/>
<pin id="595" dir="1" index="1" bw="16" slack="1"/>
</pin_list>
<bind>
<opcode="extractvalue(56) " fcode="extractvalue"/>
<opset="layer2_out_V_40/4 "/>
</bind>
</comp>

<comp id="597" class="1004" name="layer2_out_V_41_fu_597">
<pin_list>
<pin id="598" dir="0" index="0" bw="1024" slack="0"/>
<pin id="599" dir="1" index="1" bw="16" slack="1"/>
</pin_list>
<bind>
<opcode="extractvalue(56) " fcode="extractvalue"/>
<opset="layer2_out_V_41/4 "/>
</bind>
</comp>

<comp id="601" class="1004" name="layer2_out_V_42_fu_601">
<pin_list>
<pin id="602" dir="0" index="0" bw="1024" slack="0"/>
<pin id="603" dir="1" index="1" bw="16" slack="1"/>
</pin_list>
<bind>
<opcode="extractvalue(56) " fcode="extractvalue"/>
<opset="layer2_out_V_42/4 "/>
</bind>
</comp>

<comp id="605" class="1004" name="layer2_out_V_43_fu_605">
<pin_list>
<pin id="606" dir="0" index="0" bw="1024" slack="0"/>
<pin id="607" dir="1" index="1" bw="16" slack="1"/>
</pin_list>
<bind>
<opcode="extractvalue(56) " fcode="extractvalue"/>
<opset="layer2_out_V_43/4 "/>
</bind>
</comp>

<comp id="609" class="1004" name="layer2_out_V_44_fu_609">
<pin_list>
<pin id="610" dir="0" index="0" bw="1024" slack="0"/>
<pin id="611" dir="1" index="1" bw="16" slack="1"/>
</pin_list>
<bind>
<opcode="extractvalue(56) " fcode="extractvalue"/>
<opset="layer2_out_V_44/4 "/>
</bind>
</comp>

<comp id="613" class="1004" name="layer2_out_V_45_fu_613">
<pin_list>
<pin id="614" dir="0" index="0" bw="1024" slack="0"/>
<pin id="615" dir="1" index="1" bw="16" slack="1"/>
</pin_list>
<bind>
<opcode="extractvalue(56) " fcode="extractvalue"/>
<opset="layer2_out_V_45/4 "/>
</bind>
</comp>

<comp id="617" class="1004" name="layer2_out_V_46_fu_617">
<pin_list>
<pin id="618" dir="0" index="0" bw="1024" slack="0"/>
<pin id="619" dir="1" index="1" bw="16" slack="1"/>
</pin_list>
<bind>
<opcode="extractvalue(56) " fcode="extractvalue"/>
<opset="layer2_out_V_46/4 "/>
</bind>
</comp>

<comp id="621" class="1004" name="layer2_out_V_47_fu_621">
<pin_list>
<pin id="622" dir="0" index="0" bw="1024" slack="0"/>
<pin id="623" dir="1" index="1" bw="16" slack="1"/>
</pin_list>
<bind>
<opcode="extractvalue(56) " fcode="extractvalue"/>
<opset="layer2_out_V_47/4 "/>
</bind>
</comp>

<comp id="625" class="1004" name="layer2_out_V_48_fu_625">
<pin_list>
<pin id="626" dir="0" index="0" bw="1024" slack="0"/>
<pin id="627" dir="1" index="1" bw="16" slack="1"/>
</pin_list>
<bind>
<opcode="extractvalue(56) " fcode="extractvalue"/>
<opset="layer2_out_V_48/4 "/>
</bind>
</comp>

<comp id="629" class="1004" name="layer2_out_V_49_fu_629">
<pin_list>
<pin id="630" dir="0" index="0" bw="1024" slack="0"/>
<pin id="631" dir="1" index="1" bw="16" slack="1"/>
</pin_list>
<bind>
<opcode="extractvalue(56) " fcode="extractvalue"/>
<opset="layer2_out_V_49/4 "/>
</bind>
</comp>

<comp id="633" class="1004" name="layer2_out_V_50_fu_633">
<pin_list>
<pin id="634" dir="0" index="0" bw="1024" slack="0"/>
<pin id="635" dir="1" index="1" bw="16" slack="1"/>
</pin_list>
<bind>
<opcode="extractvalue(56) " fcode="extractvalue"/>
<opset="layer2_out_V_50/4 "/>
</bind>
</comp>

<comp id="637" class="1004" name="layer2_out_V_51_fu_637">
<pin_list>
<pin id="638" dir="0" index="0" bw="1024" slack="0"/>
<pin id="639" dir="1" index="1" bw="16" slack="1"/>
</pin_list>
<bind>
<opcode="extractvalue(56) " fcode="extractvalue"/>
<opset="layer2_out_V_51/4 "/>
</bind>
</comp>

<comp id="641" class="1004" name="layer2_out_V_52_fu_641">
<pin_list>
<pin id="642" dir="0" index="0" bw="1024" slack="0"/>
<pin id="643" dir="1" index="1" bw="16" slack="1"/>
</pin_list>
<bind>
<opcode="extractvalue(56) " fcode="extractvalue"/>
<opset="layer2_out_V_52/4 "/>
</bind>
</comp>

<comp id="645" class="1004" name="layer2_out_V_53_fu_645">
<pin_list>
<pin id="646" dir="0" index="0" bw="1024" slack="0"/>
<pin id="647" dir="1" index="1" bw="16" slack="1"/>
</pin_list>
<bind>
<opcode="extractvalue(56) " fcode="extractvalue"/>
<opset="layer2_out_V_53/4 "/>
</bind>
</comp>

<comp id="649" class="1004" name="layer2_out_V_54_fu_649">
<pin_list>
<pin id="650" dir="0" index="0" bw="1024" slack="0"/>
<pin id="651" dir="1" index="1" bw="16" slack="1"/>
</pin_list>
<bind>
<opcode="extractvalue(56) " fcode="extractvalue"/>
<opset="layer2_out_V_54/4 "/>
</bind>
</comp>

<comp id="653" class="1004" name="layer2_out_V_55_fu_653">
<pin_list>
<pin id="654" dir="0" index="0" bw="1024" slack="0"/>
<pin id="655" dir="1" index="1" bw="16" slack="1"/>
</pin_list>
<bind>
<opcode="extractvalue(56) " fcode="extractvalue"/>
<opset="layer2_out_V_55/4 "/>
</bind>
</comp>

<comp id="657" class="1004" name="layer2_out_V_56_fu_657">
<pin_list>
<pin id="658" dir="0" index="0" bw="1024" slack="0"/>
<pin id="659" dir="1" index="1" bw="16" slack="1"/>
</pin_list>
<bind>
<opcode="extractvalue(56) " fcode="extractvalue"/>
<opset="layer2_out_V_56/4 "/>
</bind>
</comp>

<comp id="661" class="1004" name="layer2_out_V_57_fu_661">
<pin_list>
<pin id="662" dir="0" index="0" bw="1024" slack="0"/>
<pin id="663" dir="1" index="1" bw="16" slack="1"/>
</pin_list>
<bind>
<opcode="extractvalue(56) " fcode="extractvalue"/>
<opset="layer2_out_V_57/4 "/>
</bind>
</comp>

<comp id="665" class="1004" name="layer2_out_V_58_fu_665">
<pin_list>
<pin id="666" dir="0" index="0" bw="1024" slack="0"/>
<pin id="667" dir="1" index="1" bw="16" slack="1"/>
</pin_list>
<bind>
<opcode="extractvalue(56) " fcode="extractvalue"/>
<opset="layer2_out_V_58/4 "/>
</bind>
</comp>

<comp id="669" class="1004" name="layer2_out_V_59_fu_669">
<pin_list>
<pin id="670" dir="0" index="0" bw="1024" slack="0"/>
<pin id="671" dir="1" index="1" bw="16" slack="1"/>
</pin_list>
<bind>
<opcode="extractvalue(56) " fcode="extractvalue"/>
<opset="layer2_out_V_59/4 "/>
</bind>
</comp>

<comp id="673" class="1004" name="layer2_out_V_60_fu_673">
<pin_list>
<pin id="674" dir="0" index="0" bw="1024" slack="0"/>
<pin id="675" dir="1" index="1" bw="16" slack="1"/>
</pin_list>
<bind>
<opcode="extractvalue(56) " fcode="extractvalue"/>
<opset="layer2_out_V_60/4 "/>
</bind>
</comp>

<comp id="677" class="1004" name="layer2_out_V_61_fu_677">
<pin_list>
<pin id="678" dir="0" index="0" bw="1024" slack="0"/>
<pin id="679" dir="1" index="1" bw="16" slack="1"/>
</pin_list>
<bind>
<opcode="extractvalue(56) " fcode="extractvalue"/>
<opset="layer2_out_V_61/4 "/>
</bind>
</comp>

<comp id="681" class="1004" name="layer2_out_V_62_fu_681">
<pin_list>
<pin id="682" dir="0" index="0" bw="1024" slack="0"/>
<pin id="683" dir="1" index="1" bw="16" slack="1"/>
</pin_list>
<bind>
<opcode="extractvalue(56) " fcode="extractvalue"/>
<opset="layer2_out_V_62/4 "/>
</bind>
</comp>

<comp id="685" class="1004" name="layer2_out_V_63_fu_685">
<pin_list>
<pin id="686" dir="0" index="0" bw="1024" slack="0"/>
<pin id="687" dir="1" index="1" bw="16" slack="1"/>
</pin_list>
<bind>
<opcode="extractvalue(56) " fcode="extractvalue"/>
<opset="layer2_out_V_63/4 "/>
</bind>
</comp>

<comp id="689" class="1004" name="layer4_out_V_fu_689">
<pin_list>
<pin id="690" dir="0" index="0" bw="1024" slack="0"/>
<pin id="691" dir="1" index="1" bw="16" slack="1"/>
</pin_list>
<bind>
<opcode="extractvalue(56) " fcode="extractvalue"/>
<opset="layer4_out_V/5 "/>
</bind>
</comp>

<comp id="693" class="1004" name="layer4_out_V_1_fu_693">
<pin_list>
<pin id="694" dir="0" index="0" bw="1024" slack="0"/>
<pin id="695" dir="1" index="1" bw="16" slack="1"/>
</pin_list>
<bind>
<opcode="extractvalue(56) " fcode="extractvalue"/>
<opset="layer4_out_V_1/5 "/>
</bind>
</comp>

<comp id="697" class="1004" name="layer4_out_V_2_fu_697">
<pin_list>
<pin id="698" dir="0" index="0" bw="1024" slack="0"/>
<pin id="699" dir="1" index="1" bw="16" slack="1"/>
</pin_list>
<bind>
<opcode="extractvalue(56) " fcode="extractvalue"/>
<opset="layer4_out_V_2/5 "/>
</bind>
</comp>

<comp id="701" class="1004" name="layer4_out_V_3_fu_701">
<pin_list>
<pin id="702" dir="0" index="0" bw="1024" slack="0"/>
<pin id="703" dir="1" index="1" bw="16" slack="1"/>
</pin_list>
<bind>
<opcode="extractvalue(56) " fcode="extractvalue"/>
<opset="layer4_out_V_3/5 "/>
</bind>
</comp>

<comp id="705" class="1004" name="layer4_out_V_4_fu_705">
<pin_list>
<pin id="706" dir="0" index="0" bw="1024" slack="0"/>
<pin id="707" dir="1" index="1" bw="16" slack="1"/>
</pin_list>
<bind>
<opcode="extractvalue(56) " fcode="extractvalue"/>
<opset="layer4_out_V_4/5 "/>
</bind>
</comp>

<comp id="709" class="1004" name="layer4_out_V_5_fu_709">
<pin_list>
<pin id="710" dir="0" index="0" bw="1024" slack="0"/>
<pin id="711" dir="1" index="1" bw="16" slack="1"/>
</pin_list>
<bind>
<opcode="extractvalue(56) " fcode="extractvalue"/>
<opset="layer4_out_V_5/5 "/>
</bind>
</comp>

<comp id="713" class="1004" name="layer4_out_V_6_fu_713">
<pin_list>
<pin id="714" dir="0" index="0" bw="1024" slack="0"/>
<pin id="715" dir="1" index="1" bw="16" slack="1"/>
</pin_list>
<bind>
<opcode="extractvalue(56) " fcode="extractvalue"/>
<opset="layer4_out_V_6/5 "/>
</bind>
</comp>

<comp id="717" class="1004" name="layer4_out_V_7_fu_717">
<pin_list>
<pin id="718" dir="0" index="0" bw="1024" slack="0"/>
<pin id="719" dir="1" index="1" bw="16" slack="1"/>
</pin_list>
<bind>
<opcode="extractvalue(56) " fcode="extractvalue"/>
<opset="layer4_out_V_7/5 "/>
</bind>
</comp>

<comp id="721" class="1004" name="layer4_out_V_8_fu_721">
<pin_list>
<pin id="722" dir="0" index="0" bw="1024" slack="0"/>
<pin id="723" dir="1" index="1" bw="16" slack="1"/>
</pin_list>
<bind>
<opcode="extractvalue(56) " fcode="extractvalue"/>
<opset="layer4_out_V_8/5 "/>
</bind>
</comp>

<comp id="725" class="1004" name="layer4_out_V_9_fu_725">
<pin_list>
<pin id="726" dir="0" index="0" bw="1024" slack="0"/>
<pin id="727" dir="1" index="1" bw="16" slack="1"/>
</pin_list>
<bind>
<opcode="extractvalue(56) " fcode="extractvalue"/>
<opset="layer4_out_V_9/5 "/>
</bind>
</comp>

<comp id="729" class="1004" name="layer4_out_V_10_fu_729">
<pin_list>
<pin id="730" dir="0" index="0" bw="1024" slack="0"/>
<pin id="731" dir="1" index="1" bw="16" slack="1"/>
</pin_list>
<bind>
<opcode="extractvalue(56) " fcode="extractvalue"/>
<opset="layer4_out_V_10/5 "/>
</bind>
</comp>

<comp id="733" class="1004" name="layer4_out_V_11_fu_733">
<pin_list>
<pin id="734" dir="0" index="0" bw="1024" slack="0"/>
<pin id="735" dir="1" index="1" bw="16" slack="1"/>
</pin_list>
<bind>
<opcode="extractvalue(56) " fcode="extractvalue"/>
<opset="layer4_out_V_11/5 "/>
</bind>
</comp>

<comp id="737" class="1004" name="layer4_out_V_12_fu_737">
<pin_list>
<pin id="738" dir="0" index="0" bw="1024" slack="0"/>
<pin id="739" dir="1" index="1" bw="16" slack="1"/>
</pin_list>
<bind>
<opcode="extractvalue(56) " fcode="extractvalue"/>
<opset="layer4_out_V_12/5 "/>
</bind>
</comp>

<comp id="741" class="1004" name="layer4_out_V_13_fu_741">
<pin_list>
<pin id="742" dir="0" index="0" bw="1024" slack="0"/>
<pin id="743" dir="1" index="1" bw="16" slack="1"/>
</pin_list>
<bind>
<opcode="extractvalue(56) " fcode="extractvalue"/>
<opset="layer4_out_V_13/5 "/>
</bind>
</comp>

<comp id="745" class="1004" name="layer4_out_V_14_fu_745">
<pin_list>
<pin id="746" dir="0" index="0" bw="1024" slack="0"/>
<pin id="747" dir="1" index="1" bw="16" slack="1"/>
</pin_list>
<bind>
<opcode="extractvalue(56) " fcode="extractvalue"/>
<opset="layer4_out_V_14/5 "/>
</bind>
</comp>

<comp id="749" class="1004" name="layer4_out_V_15_fu_749">
<pin_list>
<pin id="750" dir="0" index="0" bw="1024" slack="0"/>
<pin id="751" dir="1" index="1" bw="16" slack="1"/>
</pin_list>
<bind>
<opcode="extractvalue(56) " fcode="extractvalue"/>
<opset="layer4_out_V_15/5 "/>
</bind>
</comp>

<comp id="753" class="1004" name="layer4_out_V_16_fu_753">
<pin_list>
<pin id="754" dir="0" index="0" bw="1024" slack="0"/>
<pin id="755" dir="1" index="1" bw="16" slack="1"/>
</pin_list>
<bind>
<opcode="extractvalue(56) " fcode="extractvalue"/>
<opset="layer4_out_V_16/5 "/>
</bind>
</comp>

<comp id="757" class="1004" name="layer4_out_V_17_fu_757">
<pin_list>
<pin id="758" dir="0" index="0" bw="1024" slack="0"/>
<pin id="759" dir="1" index="1" bw="16" slack="1"/>
</pin_list>
<bind>
<opcode="extractvalue(56) " fcode="extractvalue"/>
<opset="layer4_out_V_17/5 "/>
</bind>
</comp>

<comp id="761" class="1004" name="layer4_out_V_18_fu_761">
<pin_list>
<pin id="762" dir="0" index="0" bw="1024" slack="0"/>
<pin id="763" dir="1" index="1" bw="16" slack="1"/>
</pin_list>
<bind>
<opcode="extractvalue(56) " fcode="extractvalue"/>
<opset="layer4_out_V_18/5 "/>
</bind>
</comp>

<comp id="765" class="1004" name="layer4_out_V_19_fu_765">
<pin_list>
<pin id="766" dir="0" index="0" bw="1024" slack="0"/>
<pin id="767" dir="1" index="1" bw="16" slack="1"/>
</pin_list>
<bind>
<opcode="extractvalue(56) " fcode="extractvalue"/>
<opset="layer4_out_V_19/5 "/>
</bind>
</comp>

<comp id="769" class="1004" name="layer4_out_V_20_fu_769">
<pin_list>
<pin id="770" dir="0" index="0" bw="1024" slack="0"/>
<pin id="771" dir="1" index="1" bw="16" slack="1"/>
</pin_list>
<bind>
<opcode="extractvalue(56) " fcode="extractvalue"/>
<opset="layer4_out_V_20/5 "/>
</bind>
</comp>

<comp id="773" class="1004" name="layer4_out_V_21_fu_773">
<pin_list>
<pin id="774" dir="0" index="0" bw="1024" slack="0"/>
<pin id="775" dir="1" index="1" bw="16" slack="1"/>
</pin_list>
<bind>
<opcode="extractvalue(56) " fcode="extractvalue"/>
<opset="layer4_out_V_21/5 "/>
</bind>
</comp>

<comp id="777" class="1004" name="layer4_out_V_22_fu_777">
<pin_list>
<pin id="778" dir="0" index="0" bw="1024" slack="0"/>
<pin id="779" dir="1" index="1" bw="16" slack="1"/>
</pin_list>
<bind>
<opcode="extractvalue(56) " fcode="extractvalue"/>
<opset="layer4_out_V_22/5 "/>
</bind>
</comp>

<comp id="781" class="1004" name="layer4_out_V_23_fu_781">
<pin_list>
<pin id="782" dir="0" index="0" bw="1024" slack="0"/>
<pin id="783" dir="1" index="1" bw="16" slack="1"/>
</pin_list>
<bind>
<opcode="extractvalue(56) " fcode="extractvalue"/>
<opset="layer4_out_V_23/5 "/>
</bind>
</comp>

<comp id="785" class="1004" name="layer4_out_V_24_fu_785">
<pin_list>
<pin id="786" dir="0" index="0" bw="1024" slack="0"/>
<pin id="787" dir="1" index="1" bw="16" slack="1"/>
</pin_list>
<bind>
<opcode="extractvalue(56) " fcode="extractvalue"/>
<opset="layer4_out_V_24/5 "/>
</bind>
</comp>

<comp id="789" class="1004" name="layer4_out_V_25_fu_789">
<pin_list>
<pin id="790" dir="0" index="0" bw="1024" slack="0"/>
<pin id="791" dir="1" index="1" bw="16" slack="1"/>
</pin_list>
<bind>
<opcode="extractvalue(56) " fcode="extractvalue"/>
<opset="layer4_out_V_25/5 "/>
</bind>
</comp>

<comp id="793" class="1004" name="layer4_out_V_26_fu_793">
<pin_list>
<pin id="794" dir="0" index="0" bw="1024" slack="0"/>
<pin id="795" dir="1" index="1" bw="16" slack="1"/>
</pin_list>
<bind>
<opcode="extractvalue(56) " fcode="extractvalue"/>
<opset="layer4_out_V_26/5 "/>
</bind>
</comp>

<comp id="797" class="1004" name="layer4_out_V_27_fu_797">
<pin_list>
<pin id="798" dir="0" index="0" bw="1024" slack="0"/>
<pin id="799" dir="1" index="1" bw="16" slack="1"/>
</pin_list>
<bind>
<opcode="extractvalue(56) " fcode="extractvalue"/>
<opset="layer4_out_V_27/5 "/>
</bind>
</comp>

<comp id="801" class="1004" name="layer4_out_V_28_fu_801">
<pin_list>
<pin id="802" dir="0" index="0" bw="1024" slack="0"/>
<pin id="803" dir="1" index="1" bw="16" slack="1"/>
</pin_list>
<bind>
<opcode="extractvalue(56) " fcode="extractvalue"/>
<opset="layer4_out_V_28/5 "/>
</bind>
</comp>

<comp id="805" class="1004" name="layer4_out_V_29_fu_805">
<pin_list>
<pin id="806" dir="0" index="0" bw="1024" slack="0"/>
<pin id="807" dir="1" index="1" bw="16" slack="1"/>
</pin_list>
<bind>
<opcode="extractvalue(56) " fcode="extractvalue"/>
<opset="layer4_out_V_29/5 "/>
</bind>
</comp>

<comp id="809" class="1004" name="layer4_out_V_30_fu_809">
<pin_list>
<pin id="810" dir="0" index="0" bw="1024" slack="0"/>
<pin id="811" dir="1" index="1" bw="16" slack="1"/>
</pin_list>
<bind>
<opcode="extractvalue(56) " fcode="extractvalue"/>
<opset="layer4_out_V_30/5 "/>
</bind>
</comp>

<comp id="813" class="1004" name="layer4_out_V_31_fu_813">
<pin_list>
<pin id="814" dir="0" index="0" bw="1024" slack="0"/>
<pin id="815" dir="1" index="1" bw="16" slack="1"/>
</pin_list>
<bind>
<opcode="extractvalue(56) " fcode="extractvalue"/>
<opset="layer4_out_V_31/5 "/>
</bind>
</comp>

<comp id="817" class="1004" name="layer4_out_V_32_fu_817">
<pin_list>
<pin id="818" dir="0" index="0" bw="1024" slack="0"/>
<pin id="819" dir="1" index="1" bw="16" slack="1"/>
</pin_list>
<bind>
<opcode="extractvalue(56) " fcode="extractvalue"/>
<opset="layer4_out_V_32/5 "/>
</bind>
</comp>

<comp id="821" class="1004" name="layer4_out_V_33_fu_821">
<pin_list>
<pin id="822" dir="0" index="0" bw="1024" slack="0"/>
<pin id="823" dir="1" index="1" bw="16" slack="1"/>
</pin_list>
<bind>
<opcode="extractvalue(56) " fcode="extractvalue"/>
<opset="layer4_out_V_33/5 "/>
</bind>
</comp>

<comp id="825" class="1004" name="layer4_out_V_34_fu_825">
<pin_list>
<pin id="826" dir="0" index="0" bw="1024" slack="0"/>
<pin id="827" dir="1" index="1" bw="16" slack="1"/>
</pin_list>
<bind>
<opcode="extractvalue(56) " fcode="extractvalue"/>
<opset="layer4_out_V_34/5 "/>
</bind>
</comp>

<comp id="829" class="1004" name="layer4_out_V_35_fu_829">
<pin_list>
<pin id="830" dir="0" index="0" bw="1024" slack="0"/>
<pin id="831" dir="1" index="1" bw="16" slack="1"/>
</pin_list>
<bind>
<opcode="extractvalue(56) " fcode="extractvalue"/>
<opset="layer4_out_V_35/5 "/>
</bind>
</comp>

<comp id="833" class="1004" name="layer4_out_V_36_fu_833">
<pin_list>
<pin id="834" dir="0" index="0" bw="1024" slack="0"/>
<pin id="835" dir="1" index="1" bw="16" slack="1"/>
</pin_list>
<bind>
<opcode="extractvalue(56) " fcode="extractvalue"/>
<opset="layer4_out_V_36/5 "/>
</bind>
</comp>

<comp id="837" class="1004" name="layer4_out_V_37_fu_837">
<pin_list>
<pin id="838" dir="0" index="0" bw="1024" slack="0"/>
<pin id="839" dir="1" index="1" bw="16" slack="1"/>
</pin_list>
<bind>
<opcode="extractvalue(56) " fcode="extractvalue"/>
<opset="layer4_out_V_37/5 "/>
</bind>
</comp>

<comp id="841" class="1004" name="layer4_out_V_38_fu_841">
<pin_list>
<pin id="842" dir="0" index="0" bw="1024" slack="0"/>
<pin id="843" dir="1" index="1" bw="16" slack="1"/>
</pin_list>
<bind>
<opcode="extractvalue(56) " fcode="extractvalue"/>
<opset="layer4_out_V_38/5 "/>
</bind>
</comp>

<comp id="845" class="1004" name="layer4_out_V_39_fu_845">
<pin_list>
<pin id="846" dir="0" index="0" bw="1024" slack="0"/>
<pin id="847" dir="1" index="1" bw="16" slack="1"/>
</pin_list>
<bind>
<opcode="extractvalue(56) " fcode="extractvalue"/>
<opset="layer4_out_V_39/5 "/>
</bind>
</comp>

<comp id="849" class="1004" name="layer4_out_V_40_fu_849">
<pin_list>
<pin id="850" dir="0" index="0" bw="1024" slack="0"/>
<pin id="851" dir="1" index="1" bw="16" slack="1"/>
</pin_list>
<bind>
<opcode="extractvalue(56) " fcode="extractvalue"/>
<opset="layer4_out_V_40/5 "/>
</bind>
</comp>

<comp id="853" class="1004" name="layer4_out_V_41_fu_853">
<pin_list>
<pin id="854" dir="0" index="0" bw="1024" slack="0"/>
<pin id="855" dir="1" index="1" bw="16" slack="1"/>
</pin_list>
<bind>
<opcode="extractvalue(56) " fcode="extractvalue"/>
<opset="layer4_out_V_41/5 "/>
</bind>
</comp>

<comp id="857" class="1004" name="layer4_out_V_42_fu_857">
<pin_list>
<pin id="858" dir="0" index="0" bw="1024" slack="0"/>
<pin id="859" dir="1" index="1" bw="16" slack="1"/>
</pin_list>
<bind>
<opcode="extractvalue(56) " fcode="extractvalue"/>
<opset="layer4_out_V_42/5 "/>
</bind>
</comp>

<comp id="861" class="1004" name="layer4_out_V_43_fu_861">
<pin_list>
<pin id="862" dir="0" index="0" bw="1024" slack="0"/>
<pin id="863" dir="1" index="1" bw="16" slack="1"/>
</pin_list>
<bind>
<opcode="extractvalue(56) " fcode="extractvalue"/>
<opset="layer4_out_V_43/5 "/>
</bind>
</comp>

<comp id="865" class="1004" name="layer4_out_V_44_fu_865">
<pin_list>
<pin id="866" dir="0" index="0" bw="1024" slack="0"/>
<pin id="867" dir="1" index="1" bw="16" slack="1"/>
</pin_list>
<bind>
<opcode="extractvalue(56) " fcode="extractvalue"/>
<opset="layer4_out_V_44/5 "/>
</bind>
</comp>

<comp id="869" class="1004" name="layer4_out_V_45_fu_869">
<pin_list>
<pin id="870" dir="0" index="0" bw="1024" slack="0"/>
<pin id="871" dir="1" index="1" bw="16" slack="1"/>
</pin_list>
<bind>
<opcode="extractvalue(56) " fcode="extractvalue"/>
<opset="layer4_out_V_45/5 "/>
</bind>
</comp>

<comp id="873" class="1004" name="layer4_out_V_46_fu_873">
<pin_list>
<pin id="874" dir="0" index="0" bw="1024" slack="0"/>
<pin id="875" dir="1" index="1" bw="16" slack="1"/>
</pin_list>
<bind>
<opcode="extractvalue(56) " fcode="extractvalue"/>
<opset="layer4_out_V_46/5 "/>
</bind>
</comp>

<comp id="877" class="1004" name="layer4_out_V_47_fu_877">
<pin_list>
<pin id="878" dir="0" index="0" bw="1024" slack="0"/>
<pin id="879" dir="1" index="1" bw="16" slack="1"/>
</pin_list>
<bind>
<opcode="extractvalue(56) " fcode="extractvalue"/>
<opset="layer4_out_V_47/5 "/>
</bind>
</comp>

<comp id="881" class="1004" name="layer4_out_V_48_fu_881">
<pin_list>
<pin id="882" dir="0" index="0" bw="1024" slack="0"/>
<pin id="883" dir="1" index="1" bw="16" slack="1"/>
</pin_list>
<bind>
<opcode="extractvalue(56) " fcode="extractvalue"/>
<opset="layer4_out_V_48/5 "/>
</bind>
</comp>

<comp id="885" class="1004" name="layer4_out_V_49_fu_885">
<pin_list>
<pin id="886" dir="0" index="0" bw="1024" slack="0"/>
<pin id="887" dir="1" index="1" bw="16" slack="1"/>
</pin_list>
<bind>
<opcode="extractvalue(56) " fcode="extractvalue"/>
<opset="layer4_out_V_49/5 "/>
</bind>
</comp>

<comp id="889" class="1004" name="layer4_out_V_50_fu_889">
<pin_list>
<pin id="890" dir="0" index="0" bw="1024" slack="0"/>
<pin id="891" dir="1" index="1" bw="16" slack="1"/>
</pin_list>
<bind>
<opcode="extractvalue(56) " fcode="extractvalue"/>
<opset="layer4_out_V_50/5 "/>
</bind>
</comp>

<comp id="893" class="1004" name="layer4_out_V_51_fu_893">
<pin_list>
<pin id="894" dir="0" index="0" bw="1024" slack="0"/>
<pin id="895" dir="1" index="1" bw="16" slack="1"/>
</pin_list>
<bind>
<opcode="extractvalue(56) " fcode="extractvalue"/>
<opset="layer4_out_V_51/5 "/>
</bind>
</comp>

<comp id="897" class="1004" name="layer4_out_V_52_fu_897">
<pin_list>
<pin id="898" dir="0" index="0" bw="1024" slack="0"/>
<pin id="899" dir="1" index="1" bw="16" slack="1"/>
</pin_list>
<bind>
<opcode="extractvalue(56) " fcode="extractvalue"/>
<opset="layer4_out_V_52/5 "/>
</bind>
</comp>

<comp id="901" class="1004" name="layer4_out_V_53_fu_901">
<pin_list>
<pin id="902" dir="0" index="0" bw="1024" slack="0"/>
<pin id="903" dir="1" index="1" bw="16" slack="1"/>
</pin_list>
<bind>
<opcode="extractvalue(56) " fcode="extractvalue"/>
<opset="layer4_out_V_53/5 "/>
</bind>
</comp>

<comp id="905" class="1004" name="layer4_out_V_54_fu_905">
<pin_list>
<pin id="906" dir="0" index="0" bw="1024" slack="0"/>
<pin id="907" dir="1" index="1" bw="16" slack="1"/>
</pin_list>
<bind>
<opcode="extractvalue(56) " fcode="extractvalue"/>
<opset="layer4_out_V_54/5 "/>
</bind>
</comp>

<comp id="909" class="1004" name="layer4_out_V_55_fu_909">
<pin_list>
<pin id="910" dir="0" index="0" bw="1024" slack="0"/>
<pin id="911" dir="1" index="1" bw="16" slack="1"/>
</pin_list>
<bind>
<opcode="extractvalue(56) " fcode="extractvalue"/>
<opset="layer4_out_V_55/5 "/>
</bind>
</comp>

<comp id="913" class="1004" name="layer4_out_V_56_fu_913">
<pin_list>
<pin id="914" dir="0" index="0" bw="1024" slack="0"/>
<pin id="915" dir="1" index="1" bw="16" slack="1"/>
</pin_list>
<bind>
<opcode="extractvalue(56) " fcode="extractvalue"/>
<opset="layer4_out_V_56/5 "/>
</bind>
</comp>

<comp id="917" class="1004" name="layer4_out_V_57_fu_917">
<pin_list>
<pin id="918" dir="0" index="0" bw="1024" slack="0"/>
<pin id="919" dir="1" index="1" bw="16" slack="1"/>
</pin_list>
<bind>
<opcode="extractvalue(56) " fcode="extractvalue"/>
<opset="layer4_out_V_57/5 "/>
</bind>
</comp>

<comp id="921" class="1004" name="layer4_out_V_58_fu_921">
<pin_list>
<pin id="922" dir="0" index="0" bw="1024" slack="0"/>
<pin id="923" dir="1" index="1" bw="16" slack="1"/>
</pin_list>
<bind>
<opcode="extractvalue(56) " fcode="extractvalue"/>
<opset="layer4_out_V_58/5 "/>
</bind>
</comp>

<comp id="925" class="1004" name="layer4_out_V_59_fu_925">
<pin_list>
<pin id="926" dir="0" index="0" bw="1024" slack="0"/>
<pin id="927" dir="1" index="1" bw="16" slack="1"/>
</pin_list>
<bind>
<opcode="extractvalue(56) " fcode="extractvalue"/>
<opset="layer4_out_V_59/5 "/>
</bind>
</comp>

<comp id="929" class="1004" name="layer4_out_V_60_fu_929">
<pin_list>
<pin id="930" dir="0" index="0" bw="1024" slack="0"/>
<pin id="931" dir="1" index="1" bw="16" slack="1"/>
</pin_list>
<bind>
<opcode="extractvalue(56) " fcode="extractvalue"/>
<opset="layer4_out_V_60/5 "/>
</bind>
</comp>

<comp id="933" class="1004" name="layer4_out_V_61_fu_933">
<pin_list>
<pin id="934" dir="0" index="0" bw="1024" slack="0"/>
<pin id="935" dir="1" index="1" bw="16" slack="1"/>
</pin_list>
<bind>
<opcode="extractvalue(56) " fcode="extractvalue"/>
<opset="layer4_out_V_61/5 "/>
</bind>
</comp>

<comp id="937" class="1004" name="layer4_out_V_62_fu_937">
<pin_list>
<pin id="938" dir="0" index="0" bw="1024" slack="0"/>
<pin id="939" dir="1" index="1" bw="16" slack="1"/>
</pin_list>
<bind>
<opcode="extractvalue(56) " fcode="extractvalue"/>
<opset="layer4_out_V_62/5 "/>
</bind>
</comp>

<comp id="941" class="1004" name="layer4_out_V_63_fu_941">
<pin_list>
<pin id="942" dir="0" index="0" bw="1024" slack="0"/>
<pin id="943" dir="1" index="1" bw="16" slack="1"/>
</pin_list>
<bind>
<opcode="extractvalue(56) " fcode="extractvalue"/>
<opset="layer4_out_V_63/5 "/>
</bind>
</comp>

<comp id="945" class="1004" name="layer5_out_V_fu_945">
<pin_list>
<pin id="946" dir="0" index="0" bw="512" slack="0"/>
<pin id="947" dir="1" index="1" bw="16" slack="0"/>
</pin_list>
<bind>
<opcode="extractvalue(56) " fcode="extractvalue"/>
<opset="layer5_out_V/9 "/>
</bind>
</comp>

<comp id="950" class="1004" name="layer5_out_V_1_fu_950">
<pin_list>
<pin id="951" dir="0" index="0" bw="512" slack="0"/>
<pin id="952" dir="1" index="1" bw="16" slack="0"/>
</pin_list>
<bind>
<opcode="extractvalue(56) " fcode="extractvalue"/>
<opset="layer5_out_V_1/9 "/>
</bind>
</comp>

<comp id="955" class="1004" name="layer5_out_V_2_fu_955">
<pin_list>
<pin id="956" dir="0" index="0" bw="512" slack="0"/>
<pin id="957" dir="1" index="1" bw="16" slack="0"/>
</pin_list>
<bind>
<opcode="extractvalue(56) " fcode="extractvalue"/>
<opset="layer5_out_V_2/9 "/>
</bind>
</comp>

<comp id="960" class="1004" name="layer5_out_V_3_fu_960">
<pin_list>
<pin id="961" dir="0" index="0" bw="512" slack="0"/>
<pin id="962" dir="1" index="1" bw="16" slack="0"/>
</pin_list>
<bind>
<opcode="extractvalue(56) " fcode="extractvalue"/>
<opset="layer5_out_V_3/9 "/>
</bind>
</comp>

<comp id="965" class="1004" name="layer5_out_V_4_fu_965">
<pin_list>
<pin id="966" dir="0" index="0" bw="512" slack="0"/>
<pin id="967" dir="1" index="1" bw="16" slack="0"/>
</pin_list>
<bind>
<opcode="extractvalue(56) " fcode="extractvalue"/>
<opset="layer5_out_V_4/9 "/>
</bind>
</comp>

<comp id="970" class="1004" name="layer5_out_V_5_fu_970">
<pin_list>
<pin id="971" dir="0" index="0" bw="512" slack="0"/>
<pin id="972" dir="1" index="1" bw="16" slack="0"/>
</pin_list>
<bind>
<opcode="extractvalue(56) " fcode="extractvalue"/>
<opset="layer5_out_V_5/9 "/>
</bind>
</comp>

<comp id="975" class="1004" name="layer5_out_V_6_fu_975">
<pin_list>
<pin id="976" dir="0" index="0" bw="512" slack="0"/>
<pin id="977" dir="1" index="1" bw="16" slack="0"/>
</pin_list>
<bind>
<opcode="extractvalue(56) " fcode="extractvalue"/>
<opset="layer5_out_V_6/9 "/>
</bind>
</comp>

<comp id="980" class="1004" name="layer5_out_V_7_fu_980">
<pin_list>
<pin id="981" dir="0" index="0" bw="512" slack="0"/>
<pin id="982" dir="1" index="1" bw="16" slack="0"/>
</pin_list>
<bind>
<opcode="extractvalue(56) " fcode="extractvalue"/>
<opset="layer5_out_V_7/9 "/>
</bind>
</comp>

<comp id="985" class="1004" name="layer5_out_V_8_fu_985">
<pin_list>
<pin id="986" dir="0" index="0" bw="512" slack="0"/>
<pin id="987" dir="1" index="1" bw="16" slack="0"/>
</pin_list>
<bind>
<opcode="extractvalue(56) " fcode="extractvalue"/>
<opset="layer5_out_V_8/9 "/>
</bind>
</comp>

<comp id="990" class="1004" name="layer5_out_V_9_fu_990">
<pin_list>
<pin id="991" dir="0" index="0" bw="512" slack="0"/>
<pin id="992" dir="1" index="1" bw="16" slack="0"/>
</pin_list>
<bind>
<opcode="extractvalue(56) " fcode="extractvalue"/>
<opset="layer5_out_V_9/9 "/>
</bind>
</comp>

<comp id="995" class="1004" name="layer5_out_V_10_fu_995">
<pin_list>
<pin id="996" dir="0" index="0" bw="512" slack="0"/>
<pin id="997" dir="1" index="1" bw="16" slack="0"/>
</pin_list>
<bind>
<opcode="extractvalue(56) " fcode="extractvalue"/>
<opset="layer5_out_V_10/9 "/>
</bind>
</comp>

<comp id="1000" class="1004" name="layer5_out_V_11_fu_1000">
<pin_list>
<pin id="1001" dir="0" index="0" bw="512" slack="0"/>
<pin id="1002" dir="1" index="1" bw="16" slack="0"/>
</pin_list>
<bind>
<opcode="extractvalue(56) " fcode="extractvalue"/>
<opset="layer5_out_V_11/9 "/>
</bind>
</comp>

<comp id="1005" class="1004" name="layer5_out_V_12_fu_1005">
<pin_list>
<pin id="1006" dir="0" index="0" bw="512" slack="0"/>
<pin id="1007" dir="1" index="1" bw="16" slack="0"/>
</pin_list>
<bind>
<opcode="extractvalue(56) " fcode="extractvalue"/>
<opset="layer5_out_V_12/9 "/>
</bind>
</comp>

<comp id="1010" class="1004" name="layer5_out_V_13_fu_1010">
<pin_list>
<pin id="1011" dir="0" index="0" bw="512" slack="0"/>
<pin id="1012" dir="1" index="1" bw="16" slack="0"/>
</pin_list>
<bind>
<opcode="extractvalue(56) " fcode="extractvalue"/>
<opset="layer5_out_V_13/9 "/>
</bind>
</comp>

<comp id="1015" class="1004" name="layer5_out_V_14_fu_1015">
<pin_list>
<pin id="1016" dir="0" index="0" bw="512" slack="0"/>
<pin id="1017" dir="1" index="1" bw="16" slack="0"/>
</pin_list>
<bind>
<opcode="extractvalue(56) " fcode="extractvalue"/>
<opset="layer5_out_V_14/9 "/>
</bind>
</comp>

<comp id="1020" class="1004" name="layer5_out_V_15_fu_1020">
<pin_list>
<pin id="1021" dir="0" index="0" bw="512" slack="0"/>
<pin id="1022" dir="1" index="1" bw="16" slack="0"/>
</pin_list>
<bind>
<opcode="extractvalue(56) " fcode="extractvalue"/>
<opset="layer5_out_V_15/9 "/>
</bind>
</comp>

<comp id="1025" class="1004" name="layer5_out_V_16_fu_1025">
<pin_list>
<pin id="1026" dir="0" index="0" bw="512" slack="0"/>
<pin id="1027" dir="1" index="1" bw="16" slack="0"/>
</pin_list>
<bind>
<opcode="extractvalue(56) " fcode="extractvalue"/>
<opset="layer5_out_V_16/9 "/>
</bind>
</comp>

<comp id="1030" class="1004" name="layer5_out_V_17_fu_1030">
<pin_list>
<pin id="1031" dir="0" index="0" bw="512" slack="0"/>
<pin id="1032" dir="1" index="1" bw="16" slack="0"/>
</pin_list>
<bind>
<opcode="extractvalue(56) " fcode="extractvalue"/>
<opset="layer5_out_V_17/9 "/>
</bind>
</comp>

<comp id="1035" class="1004" name="layer5_out_V_18_fu_1035">
<pin_list>
<pin id="1036" dir="0" index="0" bw="512" slack="0"/>
<pin id="1037" dir="1" index="1" bw="16" slack="0"/>
</pin_list>
<bind>
<opcode="extractvalue(56) " fcode="extractvalue"/>
<opset="layer5_out_V_18/9 "/>
</bind>
</comp>

<comp id="1040" class="1004" name="layer5_out_V_19_fu_1040">
<pin_list>
<pin id="1041" dir="0" index="0" bw="512" slack="0"/>
<pin id="1042" dir="1" index="1" bw="16" slack="0"/>
</pin_list>
<bind>
<opcode="extractvalue(56) " fcode="extractvalue"/>
<opset="layer5_out_V_19/9 "/>
</bind>
</comp>

<comp id="1045" class="1004" name="layer5_out_V_20_fu_1045">
<pin_list>
<pin id="1046" dir="0" index="0" bw="512" slack="0"/>
<pin id="1047" dir="1" index="1" bw="16" slack="0"/>
</pin_list>
<bind>
<opcode="extractvalue(56) " fcode="extractvalue"/>
<opset="layer5_out_V_20/9 "/>
</bind>
</comp>

<comp id="1050" class="1004" name="layer5_out_V_21_fu_1050">
<pin_list>
<pin id="1051" dir="0" index="0" bw="512" slack="0"/>
<pin id="1052" dir="1" index="1" bw="16" slack="0"/>
</pin_list>
<bind>
<opcode="extractvalue(56) " fcode="extractvalue"/>
<opset="layer5_out_V_21/9 "/>
</bind>
</comp>

<comp id="1055" class="1004" name="layer5_out_V_22_fu_1055">
<pin_list>
<pin id="1056" dir="0" index="0" bw="512" slack="0"/>
<pin id="1057" dir="1" index="1" bw="16" slack="0"/>
</pin_list>
<bind>
<opcode="extractvalue(56) " fcode="extractvalue"/>
<opset="layer5_out_V_22/9 "/>
</bind>
</comp>

<comp id="1060" class="1004" name="layer5_out_V_23_fu_1060">
<pin_list>
<pin id="1061" dir="0" index="0" bw="512" slack="0"/>
<pin id="1062" dir="1" index="1" bw="16" slack="0"/>
</pin_list>
<bind>
<opcode="extractvalue(56) " fcode="extractvalue"/>
<opset="layer5_out_V_23/9 "/>
</bind>
</comp>

<comp id="1065" class="1004" name="layer5_out_V_24_fu_1065">
<pin_list>
<pin id="1066" dir="0" index="0" bw="512" slack="0"/>
<pin id="1067" dir="1" index="1" bw="16" slack="0"/>
</pin_list>
<bind>
<opcode="extractvalue(56) " fcode="extractvalue"/>
<opset="layer5_out_V_24/9 "/>
</bind>
</comp>

<comp id="1070" class="1004" name="layer5_out_V_25_fu_1070">
<pin_list>
<pin id="1071" dir="0" index="0" bw="512" slack="0"/>
<pin id="1072" dir="1" index="1" bw="16" slack="0"/>
</pin_list>
<bind>
<opcode="extractvalue(56) " fcode="extractvalue"/>
<opset="layer5_out_V_25/9 "/>
</bind>
</comp>

<comp id="1075" class="1004" name="layer5_out_V_26_fu_1075">
<pin_list>
<pin id="1076" dir="0" index="0" bw="512" slack="0"/>
<pin id="1077" dir="1" index="1" bw="16" slack="0"/>
</pin_list>
<bind>
<opcode="extractvalue(56) " fcode="extractvalue"/>
<opset="layer5_out_V_26/9 "/>
</bind>
</comp>

<comp id="1080" class="1004" name="layer5_out_V_27_fu_1080">
<pin_list>
<pin id="1081" dir="0" index="0" bw="512" slack="0"/>
<pin id="1082" dir="1" index="1" bw="16" slack="0"/>
</pin_list>
<bind>
<opcode="extractvalue(56) " fcode="extractvalue"/>
<opset="layer5_out_V_27/9 "/>
</bind>
</comp>

<comp id="1085" class="1004" name="layer5_out_V_28_fu_1085">
<pin_list>
<pin id="1086" dir="0" index="0" bw="512" slack="0"/>
<pin id="1087" dir="1" index="1" bw="16" slack="0"/>
</pin_list>
<bind>
<opcode="extractvalue(56) " fcode="extractvalue"/>
<opset="layer5_out_V_28/9 "/>
</bind>
</comp>

<comp id="1090" class="1004" name="layer5_out_V_29_fu_1090">
<pin_list>
<pin id="1091" dir="0" index="0" bw="512" slack="0"/>
<pin id="1092" dir="1" index="1" bw="16" slack="0"/>
</pin_list>
<bind>
<opcode="extractvalue(56) " fcode="extractvalue"/>
<opset="layer5_out_V_29/9 "/>
</bind>
</comp>

<comp id="1095" class="1004" name="layer5_out_V_30_fu_1095">
<pin_list>
<pin id="1096" dir="0" index="0" bw="512" slack="0"/>
<pin id="1097" dir="1" index="1" bw="16" slack="0"/>
</pin_list>
<bind>
<opcode="extractvalue(56) " fcode="extractvalue"/>
<opset="layer5_out_V_30/9 "/>
</bind>
</comp>

<comp id="1100" class="1004" name="layer5_out_V_31_fu_1100">
<pin_list>
<pin id="1101" dir="0" index="0" bw="512" slack="0"/>
<pin id="1102" dir="1" index="1" bw="16" slack="0"/>
</pin_list>
<bind>
<opcode="extractvalue(56) " fcode="extractvalue"/>
<opset="layer5_out_V_31/9 "/>
</bind>
</comp>

<comp id="1105" class="1004" name="layer7_out_V_fu_1105">
<pin_list>
<pin id="1106" dir="0" index="0" bw="512" slack="0"/>
<pin id="1107" dir="1" index="1" bw="16" slack="1"/>
</pin_list>
<bind>
<opcode="extractvalue(56) " fcode="extractvalue"/>
<opset="layer7_out_V/9 "/>
</bind>
</comp>

<comp id="1109" class="1004" name="layer7_out_V_1_fu_1109">
<pin_list>
<pin id="1110" dir="0" index="0" bw="512" slack="0"/>
<pin id="1111" dir="1" index="1" bw="16" slack="1"/>
</pin_list>
<bind>
<opcode="extractvalue(56) " fcode="extractvalue"/>
<opset="layer7_out_V_1/9 "/>
</bind>
</comp>

<comp id="1113" class="1004" name="layer7_out_V_2_fu_1113">
<pin_list>
<pin id="1114" dir="0" index="0" bw="512" slack="0"/>
<pin id="1115" dir="1" index="1" bw="16" slack="1"/>
</pin_list>
<bind>
<opcode="extractvalue(56) " fcode="extractvalue"/>
<opset="layer7_out_V_2/9 "/>
</bind>
</comp>

<comp id="1117" class="1004" name="layer7_out_V_3_fu_1117">
<pin_list>
<pin id="1118" dir="0" index="0" bw="512" slack="0"/>
<pin id="1119" dir="1" index="1" bw="16" slack="1"/>
</pin_list>
<bind>
<opcode="extractvalue(56) " fcode="extractvalue"/>
<opset="layer7_out_V_3/9 "/>
</bind>
</comp>

<comp id="1121" class="1004" name="layer7_out_V_4_fu_1121">
<pin_list>
<pin id="1122" dir="0" index="0" bw="512" slack="0"/>
<pin id="1123" dir="1" index="1" bw="16" slack="1"/>
</pin_list>
<bind>
<opcode="extractvalue(56) " fcode="extractvalue"/>
<opset="layer7_out_V_4/9 "/>
</bind>
</comp>

<comp id="1125" class="1004" name="layer7_out_V_5_fu_1125">
<pin_list>
<pin id="1126" dir="0" index="0" bw="512" slack="0"/>
<pin id="1127" dir="1" index="1" bw="16" slack="1"/>
</pin_list>
<bind>
<opcode="extractvalue(56) " fcode="extractvalue"/>
<opset="layer7_out_V_5/9 "/>
</bind>
</comp>

<comp id="1129" class="1004" name="layer7_out_V_6_fu_1129">
<pin_list>
<pin id="1130" dir="0" index="0" bw="512" slack="0"/>
<pin id="1131" dir="1" index="1" bw="16" slack="1"/>
</pin_list>
<bind>
<opcode="extractvalue(56) " fcode="extractvalue"/>
<opset="layer7_out_V_6/9 "/>
</bind>
</comp>

<comp id="1133" class="1004" name="layer7_out_V_7_fu_1133">
<pin_list>
<pin id="1134" dir="0" index="0" bw="512" slack="0"/>
<pin id="1135" dir="1" index="1" bw="16" slack="1"/>
</pin_list>
<bind>
<opcode="extractvalue(56) " fcode="extractvalue"/>
<opset="layer7_out_V_7/9 "/>
</bind>
</comp>

<comp id="1137" class="1004" name="layer7_out_V_8_fu_1137">
<pin_list>
<pin id="1138" dir="0" index="0" bw="512" slack="0"/>
<pin id="1139" dir="1" index="1" bw="16" slack="1"/>
</pin_list>
<bind>
<opcode="extractvalue(56) " fcode="extractvalue"/>
<opset="layer7_out_V_8/9 "/>
</bind>
</comp>

<comp id="1141" class="1004" name="layer7_out_V_9_fu_1141">
<pin_list>
<pin id="1142" dir="0" index="0" bw="512" slack="0"/>
<pin id="1143" dir="1" index="1" bw="16" slack="1"/>
</pin_list>
<bind>
<opcode="extractvalue(56) " fcode="extractvalue"/>
<opset="layer7_out_V_9/9 "/>
</bind>
</comp>

<comp id="1145" class="1004" name="layer7_out_V_10_fu_1145">
<pin_list>
<pin id="1146" dir="0" index="0" bw="512" slack="0"/>
<pin id="1147" dir="1" index="1" bw="16" slack="1"/>
</pin_list>
<bind>
<opcode="extractvalue(56) " fcode="extractvalue"/>
<opset="layer7_out_V_10/9 "/>
</bind>
</comp>

<comp id="1149" class="1004" name="layer7_out_V_11_fu_1149">
<pin_list>
<pin id="1150" dir="0" index="0" bw="512" slack="0"/>
<pin id="1151" dir="1" index="1" bw="16" slack="1"/>
</pin_list>
<bind>
<opcode="extractvalue(56) " fcode="extractvalue"/>
<opset="layer7_out_V_11/9 "/>
</bind>
</comp>

<comp id="1153" class="1004" name="layer7_out_V_12_fu_1153">
<pin_list>
<pin id="1154" dir="0" index="0" bw="512" slack="0"/>
<pin id="1155" dir="1" index="1" bw="16" slack="1"/>
</pin_list>
<bind>
<opcode="extractvalue(56) " fcode="extractvalue"/>
<opset="layer7_out_V_12/9 "/>
</bind>
</comp>

<comp id="1157" class="1004" name="layer7_out_V_13_fu_1157">
<pin_list>
<pin id="1158" dir="0" index="0" bw="512" slack="0"/>
<pin id="1159" dir="1" index="1" bw="16" slack="1"/>
</pin_list>
<bind>
<opcode="extractvalue(56) " fcode="extractvalue"/>
<opset="layer7_out_V_13/9 "/>
</bind>
</comp>

<comp id="1161" class="1004" name="layer7_out_V_14_fu_1161">
<pin_list>
<pin id="1162" dir="0" index="0" bw="512" slack="0"/>
<pin id="1163" dir="1" index="1" bw="16" slack="1"/>
</pin_list>
<bind>
<opcode="extractvalue(56) " fcode="extractvalue"/>
<opset="layer7_out_V_14/9 "/>
</bind>
</comp>

<comp id="1165" class="1004" name="layer7_out_V_15_fu_1165">
<pin_list>
<pin id="1166" dir="0" index="0" bw="512" slack="0"/>
<pin id="1167" dir="1" index="1" bw="16" slack="1"/>
</pin_list>
<bind>
<opcode="extractvalue(56) " fcode="extractvalue"/>
<opset="layer7_out_V_15/9 "/>
</bind>
</comp>

<comp id="1169" class="1004" name="layer7_out_V_16_fu_1169">
<pin_list>
<pin id="1170" dir="0" index="0" bw="512" slack="0"/>
<pin id="1171" dir="1" index="1" bw="16" slack="1"/>
</pin_list>
<bind>
<opcode="extractvalue(56) " fcode="extractvalue"/>
<opset="layer7_out_V_16/9 "/>
</bind>
</comp>

<comp id="1173" class="1004" name="layer7_out_V_17_fu_1173">
<pin_list>
<pin id="1174" dir="0" index="0" bw="512" slack="0"/>
<pin id="1175" dir="1" index="1" bw="16" slack="1"/>
</pin_list>
<bind>
<opcode="extractvalue(56) " fcode="extractvalue"/>
<opset="layer7_out_V_17/9 "/>
</bind>
</comp>

<comp id="1177" class="1004" name="layer7_out_V_18_fu_1177">
<pin_list>
<pin id="1178" dir="0" index="0" bw="512" slack="0"/>
<pin id="1179" dir="1" index="1" bw="16" slack="1"/>
</pin_list>
<bind>
<opcode="extractvalue(56) " fcode="extractvalue"/>
<opset="layer7_out_V_18/9 "/>
</bind>
</comp>

<comp id="1181" class="1004" name="layer7_out_V_19_fu_1181">
<pin_list>
<pin id="1182" dir="0" index="0" bw="512" slack="0"/>
<pin id="1183" dir="1" index="1" bw="16" slack="1"/>
</pin_list>
<bind>
<opcode="extractvalue(56) " fcode="extractvalue"/>
<opset="layer7_out_V_19/9 "/>
</bind>
</comp>

<comp id="1185" class="1004" name="layer7_out_V_20_fu_1185">
<pin_list>
<pin id="1186" dir="0" index="0" bw="512" slack="0"/>
<pin id="1187" dir="1" index="1" bw="16" slack="1"/>
</pin_list>
<bind>
<opcode="extractvalue(56) " fcode="extractvalue"/>
<opset="layer7_out_V_20/9 "/>
</bind>
</comp>

<comp id="1189" class="1004" name="layer7_out_V_21_fu_1189">
<pin_list>
<pin id="1190" dir="0" index="0" bw="512" slack="0"/>
<pin id="1191" dir="1" index="1" bw="16" slack="1"/>
</pin_list>
<bind>
<opcode="extractvalue(56) " fcode="extractvalue"/>
<opset="layer7_out_V_21/9 "/>
</bind>
</comp>

<comp id="1193" class="1004" name="layer7_out_V_22_fu_1193">
<pin_list>
<pin id="1194" dir="0" index="0" bw="512" slack="0"/>
<pin id="1195" dir="1" index="1" bw="16" slack="1"/>
</pin_list>
<bind>
<opcode="extractvalue(56) " fcode="extractvalue"/>
<opset="layer7_out_V_22/9 "/>
</bind>
</comp>

<comp id="1197" class="1004" name="layer7_out_V_23_fu_1197">
<pin_list>
<pin id="1198" dir="0" index="0" bw="512" slack="0"/>
<pin id="1199" dir="1" index="1" bw="16" slack="1"/>
</pin_list>
<bind>
<opcode="extractvalue(56) " fcode="extractvalue"/>
<opset="layer7_out_V_23/9 "/>
</bind>
</comp>

<comp id="1201" class="1004" name="layer7_out_V_24_fu_1201">
<pin_list>
<pin id="1202" dir="0" index="0" bw="512" slack="0"/>
<pin id="1203" dir="1" index="1" bw="16" slack="1"/>
</pin_list>
<bind>
<opcode="extractvalue(56) " fcode="extractvalue"/>
<opset="layer7_out_V_24/9 "/>
</bind>
</comp>

<comp id="1205" class="1004" name="layer7_out_V_25_fu_1205">
<pin_list>
<pin id="1206" dir="0" index="0" bw="512" slack="0"/>
<pin id="1207" dir="1" index="1" bw="16" slack="1"/>
</pin_list>
<bind>
<opcode="extractvalue(56) " fcode="extractvalue"/>
<opset="layer7_out_V_25/9 "/>
</bind>
</comp>

<comp id="1209" class="1004" name="layer7_out_V_26_fu_1209">
<pin_list>
<pin id="1210" dir="0" index="0" bw="512" slack="0"/>
<pin id="1211" dir="1" index="1" bw="16" slack="1"/>
</pin_list>
<bind>
<opcode="extractvalue(56) " fcode="extractvalue"/>
<opset="layer7_out_V_26/9 "/>
</bind>
</comp>

<comp id="1213" class="1004" name="layer7_out_V_27_fu_1213">
<pin_list>
<pin id="1214" dir="0" index="0" bw="512" slack="0"/>
<pin id="1215" dir="1" index="1" bw="16" slack="1"/>
</pin_list>
<bind>
<opcode="extractvalue(56) " fcode="extractvalue"/>
<opset="layer7_out_V_27/9 "/>
</bind>
</comp>

<comp id="1217" class="1004" name="layer7_out_V_28_fu_1217">
<pin_list>
<pin id="1218" dir="0" index="0" bw="512" slack="0"/>
<pin id="1219" dir="1" index="1" bw="16" slack="1"/>
</pin_list>
<bind>
<opcode="extractvalue(56) " fcode="extractvalue"/>
<opset="layer7_out_V_28/9 "/>
</bind>
</comp>

<comp id="1221" class="1004" name="layer7_out_V_29_fu_1221">
<pin_list>
<pin id="1222" dir="0" index="0" bw="512" slack="0"/>
<pin id="1223" dir="1" index="1" bw="16" slack="1"/>
</pin_list>
<bind>
<opcode="extractvalue(56) " fcode="extractvalue"/>
<opset="layer7_out_V_29/9 "/>
</bind>
</comp>

<comp id="1225" class="1004" name="layer7_out_V_30_fu_1225">
<pin_list>
<pin id="1226" dir="0" index="0" bw="512" slack="0"/>
<pin id="1227" dir="1" index="1" bw="16" slack="1"/>
</pin_list>
<bind>
<opcode="extractvalue(56) " fcode="extractvalue"/>
<opset="layer7_out_V_30/9 "/>
</bind>
</comp>

<comp id="1229" class="1004" name="layer7_out_V_31_fu_1229">
<pin_list>
<pin id="1230" dir="0" index="0" bw="512" slack="0"/>
<pin id="1231" dir="1" index="1" bw="16" slack="1"/>
</pin_list>
<bind>
<opcode="extractvalue(56) " fcode="extractvalue"/>
<opset="layer7_out_V_31/9 "/>
</bind>
</comp>

<comp id="1233" class="1004" name="layer8_out_V_fu_1233">
<pin_list>
<pin id="1234" dir="0" index="0" bw="512" slack="0"/>
<pin id="1235" dir="1" index="1" bw="16" slack="1"/>
</pin_list>
<bind>
<opcode="extractvalue(56) " fcode="extractvalue"/>
<opset="layer8_out_V/11 "/>
</bind>
</comp>

<comp id="1237" class="1004" name="layer8_out_V_1_fu_1237">
<pin_list>
<pin id="1238" dir="0" index="0" bw="512" slack="0"/>
<pin id="1239" dir="1" index="1" bw="16" slack="1"/>
</pin_list>
<bind>
<opcode="extractvalue(56) " fcode="extractvalue"/>
<opset="layer8_out_V_1/11 "/>
</bind>
</comp>

<comp id="1241" class="1004" name="layer8_out_V_2_fu_1241">
<pin_list>
<pin id="1242" dir="0" index="0" bw="512" slack="0"/>
<pin id="1243" dir="1" index="1" bw="16" slack="1"/>
</pin_list>
<bind>
<opcode="extractvalue(56) " fcode="extractvalue"/>
<opset="layer8_out_V_2/11 "/>
</bind>
</comp>

<comp id="1245" class="1004" name="layer8_out_V_3_fu_1245">
<pin_list>
<pin id="1246" dir="0" index="0" bw="512" slack="0"/>
<pin id="1247" dir="1" index="1" bw="16" slack="1"/>
</pin_list>
<bind>
<opcode="extractvalue(56) " fcode="extractvalue"/>
<opset="layer8_out_V_3/11 "/>
</bind>
</comp>

<comp id="1249" class="1004" name="layer8_out_V_4_fu_1249">
<pin_list>
<pin id="1250" dir="0" index="0" bw="512" slack="0"/>
<pin id="1251" dir="1" index="1" bw="16" slack="1"/>
</pin_list>
<bind>
<opcode="extractvalue(56) " fcode="extractvalue"/>
<opset="layer8_out_V_4/11 "/>
</bind>
</comp>

<comp id="1253" class="1004" name="layer8_out_V_5_fu_1253">
<pin_list>
<pin id="1254" dir="0" index="0" bw="512" slack="0"/>
<pin id="1255" dir="1" index="1" bw="16" slack="1"/>
</pin_list>
<bind>
<opcode="extractvalue(56) " fcode="extractvalue"/>
<opset="layer8_out_V_5/11 "/>
</bind>
</comp>

<comp id="1257" class="1004" name="layer8_out_V_6_fu_1257">
<pin_list>
<pin id="1258" dir="0" index="0" bw="512" slack="0"/>
<pin id="1259" dir="1" index="1" bw="16" slack="1"/>
</pin_list>
<bind>
<opcode="extractvalue(56) " fcode="extractvalue"/>
<opset="layer8_out_V_6/11 "/>
</bind>
</comp>

<comp id="1261" class="1004" name="layer8_out_V_7_fu_1261">
<pin_list>
<pin id="1262" dir="0" index="0" bw="512" slack="0"/>
<pin id="1263" dir="1" index="1" bw="16" slack="1"/>
</pin_list>
<bind>
<opcode="extractvalue(56) " fcode="extractvalue"/>
<opset="layer8_out_V_7/11 "/>
</bind>
</comp>

<comp id="1265" class="1004" name="layer8_out_V_8_fu_1265">
<pin_list>
<pin id="1266" dir="0" index="0" bw="512" slack="0"/>
<pin id="1267" dir="1" index="1" bw="16" slack="1"/>
</pin_list>
<bind>
<opcode="extractvalue(56) " fcode="extractvalue"/>
<opset="layer8_out_V_8/11 "/>
</bind>
</comp>

<comp id="1269" class="1004" name="layer8_out_V_9_fu_1269">
<pin_list>
<pin id="1270" dir="0" index="0" bw="512" slack="0"/>
<pin id="1271" dir="1" index="1" bw="16" slack="1"/>
</pin_list>
<bind>
<opcode="extractvalue(56) " fcode="extractvalue"/>
<opset="layer8_out_V_9/11 "/>
</bind>
</comp>

<comp id="1273" class="1004" name="layer8_out_V_10_fu_1273">
<pin_list>
<pin id="1274" dir="0" index="0" bw="512" slack="0"/>
<pin id="1275" dir="1" index="1" bw="16" slack="1"/>
</pin_list>
<bind>
<opcode="extractvalue(56) " fcode="extractvalue"/>
<opset="layer8_out_V_10/11 "/>
</bind>
</comp>

<comp id="1277" class="1004" name="layer8_out_V_11_fu_1277">
<pin_list>
<pin id="1278" dir="0" index="0" bw="512" slack="0"/>
<pin id="1279" dir="1" index="1" bw="16" slack="1"/>
</pin_list>
<bind>
<opcode="extractvalue(56) " fcode="extractvalue"/>
<opset="layer8_out_V_11/11 "/>
</bind>
</comp>

<comp id="1281" class="1004" name="layer8_out_V_12_fu_1281">
<pin_list>
<pin id="1282" dir="0" index="0" bw="512" slack="0"/>
<pin id="1283" dir="1" index="1" bw="16" slack="1"/>
</pin_list>
<bind>
<opcode="extractvalue(56) " fcode="extractvalue"/>
<opset="layer8_out_V_12/11 "/>
</bind>
</comp>

<comp id="1285" class="1004" name="layer8_out_V_13_fu_1285">
<pin_list>
<pin id="1286" dir="0" index="0" bw="512" slack="0"/>
<pin id="1287" dir="1" index="1" bw="16" slack="1"/>
</pin_list>
<bind>
<opcode="extractvalue(56) " fcode="extractvalue"/>
<opset="layer8_out_V_13/11 "/>
</bind>
</comp>

<comp id="1289" class="1004" name="layer8_out_V_14_fu_1289">
<pin_list>
<pin id="1290" dir="0" index="0" bw="512" slack="0"/>
<pin id="1291" dir="1" index="1" bw="16" slack="1"/>
</pin_list>
<bind>
<opcode="extractvalue(56) " fcode="extractvalue"/>
<opset="layer8_out_V_14/11 "/>
</bind>
</comp>

<comp id="1293" class="1004" name="layer8_out_V_15_fu_1293">
<pin_list>
<pin id="1294" dir="0" index="0" bw="512" slack="0"/>
<pin id="1295" dir="1" index="1" bw="16" slack="1"/>
</pin_list>
<bind>
<opcode="extractvalue(56) " fcode="extractvalue"/>
<opset="layer8_out_V_15/11 "/>
</bind>
</comp>

<comp id="1297" class="1004" name="layer8_out_V_16_fu_1297">
<pin_list>
<pin id="1298" dir="0" index="0" bw="512" slack="0"/>
<pin id="1299" dir="1" index="1" bw="16" slack="1"/>
</pin_list>
<bind>
<opcode="extractvalue(56) " fcode="extractvalue"/>
<opset="layer8_out_V_16/11 "/>
</bind>
</comp>

<comp id="1301" class="1004" name="layer8_out_V_17_fu_1301">
<pin_list>
<pin id="1302" dir="0" index="0" bw="512" slack="0"/>
<pin id="1303" dir="1" index="1" bw="16" slack="1"/>
</pin_list>
<bind>
<opcode="extractvalue(56) " fcode="extractvalue"/>
<opset="layer8_out_V_17/11 "/>
</bind>
</comp>

<comp id="1305" class="1004" name="layer8_out_V_18_fu_1305">
<pin_list>
<pin id="1306" dir="0" index="0" bw="512" slack="0"/>
<pin id="1307" dir="1" index="1" bw="16" slack="1"/>
</pin_list>
<bind>
<opcode="extractvalue(56) " fcode="extractvalue"/>
<opset="layer8_out_V_18/11 "/>
</bind>
</comp>

<comp id="1309" class="1004" name="layer8_out_V_19_fu_1309">
<pin_list>
<pin id="1310" dir="0" index="0" bw="512" slack="0"/>
<pin id="1311" dir="1" index="1" bw="16" slack="1"/>
</pin_list>
<bind>
<opcode="extractvalue(56) " fcode="extractvalue"/>
<opset="layer8_out_V_19/11 "/>
</bind>
</comp>

<comp id="1313" class="1004" name="layer8_out_V_20_fu_1313">
<pin_list>
<pin id="1314" dir="0" index="0" bw="512" slack="0"/>
<pin id="1315" dir="1" index="1" bw="16" slack="1"/>
</pin_list>
<bind>
<opcode="extractvalue(56) " fcode="extractvalue"/>
<opset="layer8_out_V_20/11 "/>
</bind>
</comp>

<comp id="1317" class="1004" name="layer8_out_V_21_fu_1317">
<pin_list>
<pin id="1318" dir="0" index="0" bw="512" slack="0"/>
<pin id="1319" dir="1" index="1" bw="16" slack="1"/>
</pin_list>
<bind>
<opcode="extractvalue(56) " fcode="extractvalue"/>
<opset="layer8_out_V_21/11 "/>
</bind>
</comp>

<comp id="1321" class="1004" name="layer8_out_V_22_fu_1321">
<pin_list>
<pin id="1322" dir="0" index="0" bw="512" slack="0"/>
<pin id="1323" dir="1" index="1" bw="16" slack="1"/>
</pin_list>
<bind>
<opcode="extractvalue(56) " fcode="extractvalue"/>
<opset="layer8_out_V_22/11 "/>
</bind>
</comp>

<comp id="1325" class="1004" name="layer8_out_V_23_fu_1325">
<pin_list>
<pin id="1326" dir="0" index="0" bw="512" slack="0"/>
<pin id="1327" dir="1" index="1" bw="16" slack="1"/>
</pin_list>
<bind>
<opcode="extractvalue(56) " fcode="extractvalue"/>
<opset="layer8_out_V_23/11 "/>
</bind>
</comp>

<comp id="1329" class="1004" name="layer8_out_V_24_fu_1329">
<pin_list>
<pin id="1330" dir="0" index="0" bw="512" slack="0"/>
<pin id="1331" dir="1" index="1" bw="16" slack="1"/>
</pin_list>
<bind>
<opcode="extractvalue(56) " fcode="extractvalue"/>
<opset="layer8_out_V_24/11 "/>
</bind>
</comp>

<comp id="1333" class="1004" name="layer8_out_V_25_fu_1333">
<pin_list>
<pin id="1334" dir="0" index="0" bw="512" slack="0"/>
<pin id="1335" dir="1" index="1" bw="16" slack="1"/>
</pin_list>
<bind>
<opcode="extractvalue(56) " fcode="extractvalue"/>
<opset="layer8_out_V_25/11 "/>
</bind>
</comp>

<comp id="1337" class="1004" name="layer8_out_V_26_fu_1337">
<pin_list>
<pin id="1338" dir="0" index="0" bw="512" slack="0"/>
<pin id="1339" dir="1" index="1" bw="16" slack="1"/>
</pin_list>
<bind>
<opcode="extractvalue(56) " fcode="extractvalue"/>
<opset="layer8_out_V_26/11 "/>
</bind>
</comp>

<comp id="1341" class="1004" name="layer8_out_V_27_fu_1341">
<pin_list>
<pin id="1342" dir="0" index="0" bw="512" slack="0"/>
<pin id="1343" dir="1" index="1" bw="16" slack="1"/>
</pin_list>
<bind>
<opcode="extractvalue(56) " fcode="extractvalue"/>
<opset="layer8_out_V_27/11 "/>
</bind>
</comp>

<comp id="1345" class="1004" name="layer8_out_V_28_fu_1345">
<pin_list>
<pin id="1346" dir="0" index="0" bw="512" slack="0"/>
<pin id="1347" dir="1" index="1" bw="16" slack="1"/>
</pin_list>
<bind>
<opcode="extractvalue(56) " fcode="extractvalue"/>
<opset="layer8_out_V_28/11 "/>
</bind>
</comp>

<comp id="1349" class="1004" name="layer8_out_V_29_fu_1349">
<pin_list>
<pin id="1350" dir="0" index="0" bw="512" slack="0"/>
<pin id="1351" dir="1" index="1" bw="16" slack="1"/>
</pin_list>
<bind>
<opcode="extractvalue(56) " fcode="extractvalue"/>
<opset="layer8_out_V_29/11 "/>
</bind>
</comp>

<comp id="1353" class="1004" name="layer8_out_V_30_fu_1353">
<pin_list>
<pin id="1354" dir="0" index="0" bw="512" slack="0"/>
<pin id="1355" dir="1" index="1" bw="16" slack="1"/>
</pin_list>
<bind>
<opcode="extractvalue(56) " fcode="extractvalue"/>
<opset="layer8_out_V_30/11 "/>
</bind>
</comp>

<comp id="1357" class="1004" name="layer8_out_V_31_fu_1357">
<pin_list>
<pin id="1358" dir="0" index="0" bw="512" slack="0"/>
<pin id="1359" dir="1" index="1" bw="16" slack="1"/>
</pin_list>
<bind>
<opcode="extractvalue(56) " fcode="extractvalue"/>
<opset="layer8_out_V_31/11 "/>
</bind>
</comp>

<comp id="1361" class="1004" name="layer10_out_V_fu_1361">
<pin_list>
<pin id="1362" dir="0" index="0" bw="512" slack="0"/>
<pin id="1363" dir="1" index="1" bw="16" slack="1"/>
</pin_list>
<bind>
<opcode="extractvalue(56) " fcode="extractvalue"/>
<opset="layer10_out_V/12 "/>
</bind>
</comp>

<comp id="1365" class="1004" name="layer10_out_V_1_fu_1365">
<pin_list>
<pin id="1366" dir="0" index="0" bw="512" slack="0"/>
<pin id="1367" dir="1" index="1" bw="16" slack="1"/>
</pin_list>
<bind>
<opcode="extractvalue(56) " fcode="extractvalue"/>
<opset="layer10_out_V_1/12 "/>
</bind>
</comp>

<comp id="1369" class="1004" name="layer10_out_V_2_fu_1369">
<pin_list>
<pin id="1370" dir="0" index="0" bw="512" slack="0"/>
<pin id="1371" dir="1" index="1" bw="16" slack="1"/>
</pin_list>
<bind>
<opcode="extractvalue(56) " fcode="extractvalue"/>
<opset="layer10_out_V_2/12 "/>
</bind>
</comp>

<comp id="1373" class="1004" name="layer10_out_V_3_fu_1373">
<pin_list>
<pin id="1374" dir="0" index="0" bw="512" slack="0"/>
<pin id="1375" dir="1" index="1" bw="16" slack="1"/>
</pin_list>
<bind>
<opcode="extractvalue(56) " fcode="extractvalue"/>
<opset="layer10_out_V_3/12 "/>
</bind>
</comp>

<comp id="1377" class="1004" name="layer10_out_V_4_fu_1377">
<pin_list>
<pin id="1378" dir="0" index="0" bw="512" slack="0"/>
<pin id="1379" dir="1" index="1" bw="16" slack="1"/>
</pin_list>
<bind>
<opcode="extractvalue(56) " fcode="extractvalue"/>
<opset="layer10_out_V_4/12 "/>
</bind>
</comp>

<comp id="1381" class="1004" name="layer10_out_V_5_fu_1381">
<pin_list>
<pin id="1382" dir="0" index="0" bw="512" slack="0"/>
<pin id="1383" dir="1" index="1" bw="16" slack="1"/>
</pin_list>
<bind>
<opcode="extractvalue(56) " fcode="extractvalue"/>
<opset="layer10_out_V_5/12 "/>
</bind>
</comp>

<comp id="1385" class="1004" name="layer10_out_V_6_fu_1385">
<pin_list>
<pin id="1386" dir="0" index="0" bw="512" slack="0"/>
<pin id="1387" dir="1" index="1" bw="16" slack="1"/>
</pin_list>
<bind>
<opcode="extractvalue(56) " fcode="extractvalue"/>
<opset="layer10_out_V_6/12 "/>
</bind>
</comp>

<comp id="1389" class="1004" name="layer10_out_V_7_fu_1389">
<pin_list>
<pin id="1390" dir="0" index="0" bw="512" slack="0"/>
<pin id="1391" dir="1" index="1" bw="16" slack="1"/>
</pin_list>
<bind>
<opcode="extractvalue(56) " fcode="extractvalue"/>
<opset="layer10_out_V_7/12 "/>
</bind>
</comp>

<comp id="1393" class="1004" name="layer10_out_V_8_fu_1393">
<pin_list>
<pin id="1394" dir="0" index="0" bw="512" slack="0"/>
<pin id="1395" dir="1" index="1" bw="16" slack="1"/>
</pin_list>
<bind>
<opcode="extractvalue(56) " fcode="extractvalue"/>
<opset="layer10_out_V_8/12 "/>
</bind>
</comp>

<comp id="1397" class="1004" name="layer10_out_V_9_fu_1397">
<pin_list>
<pin id="1398" dir="0" index="0" bw="512" slack="0"/>
<pin id="1399" dir="1" index="1" bw="16" slack="1"/>
</pin_list>
<bind>
<opcode="extractvalue(56) " fcode="extractvalue"/>
<opset="layer10_out_V_9/12 "/>
</bind>
</comp>

<comp id="1401" class="1004" name="layer10_out_V_10_fu_1401">
<pin_list>
<pin id="1402" dir="0" index="0" bw="512" slack="0"/>
<pin id="1403" dir="1" index="1" bw="16" slack="1"/>
</pin_list>
<bind>
<opcode="extractvalue(56) " fcode="extractvalue"/>
<opset="layer10_out_V_10/12 "/>
</bind>
</comp>

<comp id="1405" class="1004" name="layer10_out_V_11_fu_1405">
<pin_list>
<pin id="1406" dir="0" index="0" bw="512" slack="0"/>
<pin id="1407" dir="1" index="1" bw="16" slack="1"/>
</pin_list>
<bind>
<opcode="extractvalue(56) " fcode="extractvalue"/>
<opset="layer10_out_V_11/12 "/>
</bind>
</comp>

<comp id="1409" class="1004" name="layer10_out_V_12_fu_1409">
<pin_list>
<pin id="1410" dir="0" index="0" bw="512" slack="0"/>
<pin id="1411" dir="1" index="1" bw="16" slack="1"/>
</pin_list>
<bind>
<opcode="extractvalue(56) " fcode="extractvalue"/>
<opset="layer10_out_V_12/12 "/>
</bind>
</comp>

<comp id="1413" class="1004" name="layer10_out_V_13_fu_1413">
<pin_list>
<pin id="1414" dir="0" index="0" bw="512" slack="0"/>
<pin id="1415" dir="1" index="1" bw="16" slack="1"/>
</pin_list>
<bind>
<opcode="extractvalue(56) " fcode="extractvalue"/>
<opset="layer10_out_V_13/12 "/>
</bind>
</comp>

<comp id="1417" class="1004" name="layer10_out_V_14_fu_1417">
<pin_list>
<pin id="1418" dir="0" index="0" bw="512" slack="0"/>
<pin id="1419" dir="1" index="1" bw="16" slack="1"/>
</pin_list>
<bind>
<opcode="extractvalue(56) " fcode="extractvalue"/>
<opset="layer10_out_V_14/12 "/>
</bind>
</comp>

<comp id="1421" class="1004" name="layer10_out_V_15_fu_1421">
<pin_list>
<pin id="1422" dir="0" index="0" bw="512" slack="0"/>
<pin id="1423" dir="1" index="1" bw="16" slack="1"/>
</pin_list>
<bind>
<opcode="extractvalue(56) " fcode="extractvalue"/>
<opset="layer10_out_V_15/12 "/>
</bind>
</comp>

<comp id="1425" class="1004" name="layer10_out_V_16_fu_1425">
<pin_list>
<pin id="1426" dir="0" index="0" bw="512" slack="0"/>
<pin id="1427" dir="1" index="1" bw="16" slack="1"/>
</pin_list>
<bind>
<opcode="extractvalue(56) " fcode="extractvalue"/>
<opset="layer10_out_V_16/12 "/>
</bind>
</comp>

<comp id="1429" class="1004" name="layer10_out_V_17_fu_1429">
<pin_list>
<pin id="1430" dir="0" index="0" bw="512" slack="0"/>
<pin id="1431" dir="1" index="1" bw="16" slack="1"/>
</pin_list>
<bind>
<opcode="extractvalue(56) " fcode="extractvalue"/>
<opset="layer10_out_V_17/12 "/>
</bind>
</comp>

<comp id="1433" class="1004" name="layer10_out_V_18_fu_1433">
<pin_list>
<pin id="1434" dir="0" index="0" bw="512" slack="0"/>
<pin id="1435" dir="1" index="1" bw="16" slack="1"/>
</pin_list>
<bind>
<opcode="extractvalue(56) " fcode="extractvalue"/>
<opset="layer10_out_V_18/12 "/>
</bind>
</comp>

<comp id="1437" class="1004" name="layer10_out_V_19_fu_1437">
<pin_list>
<pin id="1438" dir="0" index="0" bw="512" slack="0"/>
<pin id="1439" dir="1" index="1" bw="16" slack="1"/>
</pin_list>
<bind>
<opcode="extractvalue(56) " fcode="extractvalue"/>
<opset="layer10_out_V_19/12 "/>
</bind>
</comp>

<comp id="1441" class="1004" name="layer10_out_V_20_fu_1441">
<pin_list>
<pin id="1442" dir="0" index="0" bw="512" slack="0"/>
<pin id="1443" dir="1" index="1" bw="16" slack="1"/>
</pin_list>
<bind>
<opcode="extractvalue(56) " fcode="extractvalue"/>
<opset="layer10_out_V_20/12 "/>
</bind>
</comp>

<comp id="1445" class="1004" name="layer10_out_V_21_fu_1445">
<pin_list>
<pin id="1446" dir="0" index="0" bw="512" slack="0"/>
<pin id="1447" dir="1" index="1" bw="16" slack="1"/>
</pin_list>
<bind>
<opcode="extractvalue(56) " fcode="extractvalue"/>
<opset="layer10_out_V_21/12 "/>
</bind>
</comp>

<comp id="1449" class="1004" name="layer10_out_V_22_fu_1449">
<pin_list>
<pin id="1450" dir="0" index="0" bw="512" slack="0"/>
<pin id="1451" dir="1" index="1" bw="16" slack="1"/>
</pin_list>
<bind>
<opcode="extractvalue(56) " fcode="extractvalue"/>
<opset="layer10_out_V_22/12 "/>
</bind>
</comp>

<comp id="1453" class="1004" name="layer10_out_V_23_fu_1453">
<pin_list>
<pin id="1454" dir="0" index="0" bw="512" slack="0"/>
<pin id="1455" dir="1" index="1" bw="16" slack="1"/>
</pin_list>
<bind>
<opcode="extractvalue(56) " fcode="extractvalue"/>
<opset="layer10_out_V_23/12 "/>
</bind>
</comp>

<comp id="1457" class="1004" name="layer10_out_V_24_fu_1457">
<pin_list>
<pin id="1458" dir="0" index="0" bw="512" slack="0"/>
<pin id="1459" dir="1" index="1" bw="16" slack="1"/>
</pin_list>
<bind>
<opcode="extractvalue(56) " fcode="extractvalue"/>
<opset="layer10_out_V_24/12 "/>
</bind>
</comp>

<comp id="1461" class="1004" name="layer10_out_V_25_fu_1461">
<pin_list>
<pin id="1462" dir="0" index="0" bw="512" slack="0"/>
<pin id="1463" dir="1" index="1" bw="16" slack="1"/>
</pin_list>
<bind>
<opcode="extractvalue(56) " fcode="extractvalue"/>
<opset="layer10_out_V_25/12 "/>
</bind>
</comp>

<comp id="1465" class="1004" name="layer10_out_V_26_fu_1465">
<pin_list>
<pin id="1466" dir="0" index="0" bw="512" slack="0"/>
<pin id="1467" dir="1" index="1" bw="16" slack="1"/>
</pin_list>
<bind>
<opcode="extractvalue(56) " fcode="extractvalue"/>
<opset="layer10_out_V_26/12 "/>
</bind>
</comp>

<comp id="1469" class="1004" name="layer10_out_V_27_fu_1469">
<pin_list>
<pin id="1470" dir="0" index="0" bw="512" slack="0"/>
<pin id="1471" dir="1" index="1" bw="16" slack="1"/>
</pin_list>
<bind>
<opcode="extractvalue(56) " fcode="extractvalue"/>
<opset="layer10_out_V_27/12 "/>
</bind>
</comp>

<comp id="1473" class="1004" name="layer10_out_V_28_fu_1473">
<pin_list>
<pin id="1474" dir="0" index="0" bw="512" slack="0"/>
<pin id="1475" dir="1" index="1" bw="16" slack="1"/>
</pin_list>
<bind>
<opcode="extractvalue(56) " fcode="extractvalue"/>
<opset="layer10_out_V_28/12 "/>
</bind>
</comp>

<comp id="1477" class="1004" name="layer10_out_V_29_fu_1477">
<pin_list>
<pin id="1478" dir="0" index="0" bw="512" slack="0"/>
<pin id="1479" dir="1" index="1" bw="16" slack="1"/>
</pin_list>
<bind>
<opcode="extractvalue(56) " fcode="extractvalue"/>
<opset="layer10_out_V_29/12 "/>
</bind>
</comp>

<comp id="1481" class="1004" name="layer10_out_V_30_fu_1481">
<pin_list>
<pin id="1482" dir="0" index="0" bw="512" slack="0"/>
<pin id="1483" dir="1" index="1" bw="16" slack="1"/>
</pin_list>
<bind>
<opcode="extractvalue(56) " fcode="extractvalue"/>
<opset="layer10_out_V_30/12 "/>
</bind>
</comp>

<comp id="1485" class="1004" name="layer10_out_V_31_fu_1485">
<pin_list>
<pin id="1486" dir="0" index="0" bw="512" slack="0"/>
<pin id="1487" dir="1" index="1" bw="16" slack="1"/>
</pin_list>
<bind>
<opcode="extractvalue(56) " fcode="extractvalue"/>
<opset="layer10_out_V_31/12 "/>
</bind>
</comp>

<comp id="1489" class="1004" name="layer11_out_V_fu_1489">
<pin_list>
<pin id="1490" dir="0" index="0" bw="80" slack="0"/>
<pin id="1491" dir="1" index="1" bw="16" slack="1"/>
</pin_list>
<bind>
<opcode="extractvalue(56) " fcode="extractvalue"/>
<opset="layer11_out_V/14 "/>
</bind>
</comp>

<comp id="1493" class="1004" name="layer11_out_V_1_fu_1493">
<pin_list>
<pin id="1494" dir="0" index="0" bw="80" slack="0"/>
<pin id="1495" dir="1" index="1" bw="16" slack="1"/>
</pin_list>
<bind>
<opcode="extractvalue(56) " fcode="extractvalue"/>
<opset="layer11_out_V_1/14 "/>
</bind>
</comp>

<comp id="1497" class="1004" name="layer11_out_V_2_fu_1497">
<pin_list>
<pin id="1498" dir="0" index="0" bw="80" slack="0"/>
<pin id="1499" dir="1" index="1" bw="16" slack="1"/>
</pin_list>
<bind>
<opcode="extractvalue(56) " fcode="extractvalue"/>
<opset="layer11_out_V_2/14 "/>
</bind>
</comp>

<comp id="1501" class="1004" name="layer11_out_V_3_fu_1501">
<pin_list>
<pin id="1502" dir="0" index="0" bw="80" slack="0"/>
<pin id="1503" dir="1" index="1" bw="16" slack="1"/>
</pin_list>
<bind>
<opcode="extractvalue(56) " fcode="extractvalue"/>
<opset="layer11_out_V_3/14 "/>
</bind>
</comp>

<comp id="1505" class="1004" name="layer11_out_V_4_fu_1505">
<pin_list>
<pin id="1506" dir="0" index="0" bw="80" slack="0"/>
<pin id="1507" dir="1" index="1" bw="16" slack="1"/>
</pin_list>
<bind>
<opcode="extractvalue(56) " fcode="extractvalue"/>
<opset="layer11_out_V_4/14 "/>
</bind>
</comp>

<comp id="1509" class="1004" name="layer13_out_0_ret_i_i_fu_1509">
<pin_list>
<pin id="1510" dir="0" index="0" bw="80" slack="0"/>
<pin id="1511" dir="1" index="1" bw="16" slack="0"/>
</pin_list>
<bind>
<opcode="extractvalue(56) " fcode="extractvalue"/>
<opset="layer13_out_0_ret_i_i/21 "/>
</bind>
</comp>

<comp id="1514" class="1004" name="layer13_out_1_ret_i_i_fu_1514">
<pin_list>
<pin id="1515" dir="0" index="0" bw="80" slack="0"/>
<pin id="1516" dir="1" index="1" bw="16" slack="0"/>
</pin_list>
<bind>
<opcode="extractvalue(56) " fcode="extractvalue"/>
<opset="layer13_out_1_ret_i_i/21 "/>
</bind>
</comp>

<comp id="1519" class="1004" name="layer13_out_2_ret_i_i_fu_1519">
<pin_list>
<pin id="1520" dir="0" index="0" bw="80" slack="0"/>
<pin id="1521" dir="1" index="1" bw="16" slack="0"/>
</pin_list>
<bind>
<opcode="extractvalue(56) " fcode="extractvalue"/>
<opset="layer13_out_2_ret_i_i/21 "/>
</bind>
</comp>

<comp id="1524" class="1004" name="layer13_out_3_ret_i_i_fu_1524">
<pin_list>
<pin id="1525" dir="0" index="0" bw="80" slack="0"/>
<pin id="1526" dir="1" index="1" bw="16" slack="0"/>
</pin_list>
<bind>
<opcode="extractvalue(56) " fcode="extractvalue"/>
<opset="layer13_out_3_ret_i_i/21 "/>
</bind>
</comp>

<comp id="1529" class="1004" name="layer13_out_4_ret_i_i_fu_1529">
<pin_list>
<pin id="1530" dir="0" index="0" bw="80" slack="0"/>
<pin id="1531" dir="1" index="1" bw="16" slack="0"/>
</pin_list>
<bind>
<opcode="extractvalue(56) " fcode="extractvalue"/>
<opset="layer13_out_4_ret_i_i/21 "/>
</bind>
</comp>

<comp id="1534" class="1005" name="zext_ln386_reg_1534">
<pin_list>
<pin id="1535" dir="0" index="0" bw="64" slack="20"/>
<pin id="1536" dir="1" index="1" bw="64" slack="20"/>
</pin_list>
<bind>
<opset="zext_ln386 "/>
</bind>
</comp>

<comp id="1543" class="1005" name="in_buf_addr_reg_1543">
<pin_list>
<pin id="1544" dir="0" index="0" bw="14" slack="1"/>
<pin id="1545" dir="1" index="1" bw="14" slack="1"/>
</pin_list>
<bind>
<opset="in_buf_addr "/>
</bind>
</comp>

<comp id="1548" class="1005" name="in_buf_load_reg_1548">
<pin_list>
<pin id="1549" dir="0" index="0" bw="256" slack="1"/>
<pin id="1550" dir="1" index="1" bw="256" slack="1"/>
</pin_list>
<bind>
<opset="in_buf_load "/>
</bind>
</comp>

<comp id="1553" class="1005" name="layer2_out_V_reg_1553">
<pin_list>
<pin id="1554" dir="0" index="0" bw="16" slack="1"/>
<pin id="1555" dir="1" index="1" bw="16" slack="1"/>
</pin_list>
<bind>
<opset="layer2_out_V "/>
</bind>
</comp>

<comp id="1558" class="1005" name="layer2_out_V_1_reg_1558">
<pin_list>
<pin id="1559" dir="0" index="0" bw="16" slack="1"/>
<pin id="1560" dir="1" index="1" bw="16" slack="1"/>
</pin_list>
<bind>
<opset="layer2_out_V_1 "/>
</bind>
</comp>

<comp id="1563" class="1005" name="layer2_out_V_2_reg_1563">
<pin_list>
<pin id="1564" dir="0" index="0" bw="16" slack="1"/>
<pin id="1565" dir="1" index="1" bw="16" slack="1"/>
</pin_list>
<bind>
<opset="layer2_out_V_2 "/>
</bind>
</comp>

<comp id="1568" class="1005" name="layer2_out_V_3_reg_1568">
<pin_list>
<pin id="1569" dir="0" index="0" bw="16" slack="1"/>
<pin id="1570" dir="1" index="1" bw="16" slack="1"/>
</pin_list>
<bind>
<opset="layer2_out_V_3 "/>
</bind>
</comp>

<comp id="1573" class="1005" name="layer2_out_V_4_reg_1573">
<pin_list>
<pin id="1574" dir="0" index="0" bw="16" slack="1"/>
<pin id="1575" dir="1" index="1" bw="16" slack="1"/>
</pin_list>
<bind>
<opset="layer2_out_V_4 "/>
</bind>
</comp>

<comp id="1578" class="1005" name="layer2_out_V_5_reg_1578">
<pin_list>
<pin id="1579" dir="0" index="0" bw="16" slack="1"/>
<pin id="1580" dir="1" index="1" bw="16" slack="1"/>
</pin_list>
<bind>
<opset="layer2_out_V_5 "/>
</bind>
</comp>

<comp id="1583" class="1005" name="layer2_out_V_6_reg_1583">
<pin_list>
<pin id="1584" dir="0" index="0" bw="16" slack="1"/>
<pin id="1585" dir="1" index="1" bw="16" slack="1"/>
</pin_list>
<bind>
<opset="layer2_out_V_6 "/>
</bind>
</comp>

<comp id="1588" class="1005" name="layer2_out_V_7_reg_1588">
<pin_list>
<pin id="1589" dir="0" index="0" bw="16" slack="1"/>
<pin id="1590" dir="1" index="1" bw="16" slack="1"/>
</pin_list>
<bind>
<opset="layer2_out_V_7 "/>
</bind>
</comp>

<comp id="1593" class="1005" name="layer2_out_V_8_reg_1593">
<pin_list>
<pin id="1594" dir="0" index="0" bw="16" slack="1"/>
<pin id="1595" dir="1" index="1" bw="16" slack="1"/>
</pin_list>
<bind>
<opset="layer2_out_V_8 "/>
</bind>
</comp>

<comp id="1598" class="1005" name="layer2_out_V_9_reg_1598">
<pin_list>
<pin id="1599" dir="0" index="0" bw="16" slack="1"/>
<pin id="1600" dir="1" index="1" bw="16" slack="1"/>
</pin_list>
<bind>
<opset="layer2_out_V_9 "/>
</bind>
</comp>

<comp id="1603" class="1005" name="layer2_out_V_10_reg_1603">
<pin_list>
<pin id="1604" dir="0" index="0" bw="16" slack="1"/>
<pin id="1605" dir="1" index="1" bw="16" slack="1"/>
</pin_list>
<bind>
<opset="layer2_out_V_10 "/>
</bind>
</comp>

<comp id="1608" class="1005" name="layer2_out_V_11_reg_1608">
<pin_list>
<pin id="1609" dir="0" index="0" bw="16" slack="1"/>
<pin id="1610" dir="1" index="1" bw="16" slack="1"/>
</pin_list>
<bind>
<opset="layer2_out_V_11 "/>
</bind>
</comp>

<comp id="1613" class="1005" name="layer2_out_V_12_reg_1613">
<pin_list>
<pin id="1614" dir="0" index="0" bw="16" slack="1"/>
<pin id="1615" dir="1" index="1" bw="16" slack="1"/>
</pin_list>
<bind>
<opset="layer2_out_V_12 "/>
</bind>
</comp>

<comp id="1618" class="1005" name="layer2_out_V_13_reg_1618">
<pin_list>
<pin id="1619" dir="0" index="0" bw="16" slack="1"/>
<pin id="1620" dir="1" index="1" bw="16" slack="1"/>
</pin_list>
<bind>
<opset="layer2_out_V_13 "/>
</bind>
</comp>

<comp id="1623" class="1005" name="layer2_out_V_14_reg_1623">
<pin_list>
<pin id="1624" dir="0" index="0" bw="16" slack="1"/>
<pin id="1625" dir="1" index="1" bw="16" slack="1"/>
</pin_list>
<bind>
<opset="layer2_out_V_14 "/>
</bind>
</comp>

<comp id="1628" class="1005" name="layer2_out_V_15_reg_1628">
<pin_list>
<pin id="1629" dir="0" index="0" bw="16" slack="1"/>
<pin id="1630" dir="1" index="1" bw="16" slack="1"/>
</pin_list>
<bind>
<opset="layer2_out_V_15 "/>
</bind>
</comp>

<comp id="1633" class="1005" name="layer2_out_V_16_reg_1633">
<pin_list>
<pin id="1634" dir="0" index="0" bw="16" slack="1"/>
<pin id="1635" dir="1" index="1" bw="16" slack="1"/>
</pin_list>
<bind>
<opset="layer2_out_V_16 "/>
</bind>
</comp>

<comp id="1638" class="1005" name="layer2_out_V_17_reg_1638">
<pin_list>
<pin id="1639" dir="0" index="0" bw="16" slack="1"/>
<pin id="1640" dir="1" index="1" bw="16" slack="1"/>
</pin_list>
<bind>
<opset="layer2_out_V_17 "/>
</bind>
</comp>

<comp id="1643" class="1005" name="layer2_out_V_18_reg_1643">
<pin_list>
<pin id="1644" dir="0" index="0" bw="16" slack="1"/>
<pin id="1645" dir="1" index="1" bw="16" slack="1"/>
</pin_list>
<bind>
<opset="layer2_out_V_18 "/>
</bind>
</comp>

<comp id="1648" class="1005" name="layer2_out_V_19_reg_1648">
<pin_list>
<pin id="1649" dir="0" index="0" bw="16" slack="1"/>
<pin id="1650" dir="1" index="1" bw="16" slack="1"/>
</pin_list>
<bind>
<opset="layer2_out_V_19 "/>
</bind>
</comp>

<comp id="1653" class="1005" name="layer2_out_V_20_reg_1653">
<pin_list>
<pin id="1654" dir="0" index="0" bw="16" slack="1"/>
<pin id="1655" dir="1" index="1" bw="16" slack="1"/>
</pin_list>
<bind>
<opset="layer2_out_V_20 "/>
</bind>
</comp>

<comp id="1658" class="1005" name="layer2_out_V_21_reg_1658">
<pin_list>
<pin id="1659" dir="0" index="0" bw="16" slack="1"/>
<pin id="1660" dir="1" index="1" bw="16" slack="1"/>
</pin_list>
<bind>
<opset="layer2_out_V_21 "/>
</bind>
</comp>

<comp id="1663" class="1005" name="layer2_out_V_22_reg_1663">
<pin_list>
<pin id="1664" dir="0" index="0" bw="16" slack="1"/>
<pin id="1665" dir="1" index="1" bw="16" slack="1"/>
</pin_list>
<bind>
<opset="layer2_out_V_22 "/>
</bind>
</comp>

<comp id="1668" class="1005" name="layer2_out_V_23_reg_1668">
<pin_list>
<pin id="1669" dir="0" index="0" bw="16" slack="1"/>
<pin id="1670" dir="1" index="1" bw="16" slack="1"/>
</pin_list>
<bind>
<opset="layer2_out_V_23 "/>
</bind>
</comp>

<comp id="1673" class="1005" name="layer2_out_V_24_reg_1673">
<pin_list>
<pin id="1674" dir="0" index="0" bw="16" slack="1"/>
<pin id="1675" dir="1" index="1" bw="16" slack="1"/>
</pin_list>
<bind>
<opset="layer2_out_V_24 "/>
</bind>
</comp>

<comp id="1678" class="1005" name="layer2_out_V_25_reg_1678">
<pin_list>
<pin id="1679" dir="0" index="0" bw="16" slack="1"/>
<pin id="1680" dir="1" index="1" bw="16" slack="1"/>
</pin_list>
<bind>
<opset="layer2_out_V_25 "/>
</bind>
</comp>

<comp id="1683" class="1005" name="layer2_out_V_26_reg_1683">
<pin_list>
<pin id="1684" dir="0" index="0" bw="16" slack="1"/>
<pin id="1685" dir="1" index="1" bw="16" slack="1"/>
</pin_list>
<bind>
<opset="layer2_out_V_26 "/>
</bind>
</comp>

<comp id="1688" class="1005" name="layer2_out_V_27_reg_1688">
<pin_list>
<pin id="1689" dir="0" index="0" bw="16" slack="1"/>
<pin id="1690" dir="1" index="1" bw="16" slack="1"/>
</pin_list>
<bind>
<opset="layer2_out_V_27 "/>
</bind>
</comp>

<comp id="1693" class="1005" name="layer2_out_V_28_reg_1693">
<pin_list>
<pin id="1694" dir="0" index="0" bw="16" slack="1"/>
<pin id="1695" dir="1" index="1" bw="16" slack="1"/>
</pin_list>
<bind>
<opset="layer2_out_V_28 "/>
</bind>
</comp>

<comp id="1698" class="1005" name="layer2_out_V_29_reg_1698">
<pin_list>
<pin id="1699" dir="0" index="0" bw="16" slack="1"/>
<pin id="1700" dir="1" index="1" bw="16" slack="1"/>
</pin_list>
<bind>
<opset="layer2_out_V_29 "/>
</bind>
</comp>

<comp id="1703" class="1005" name="layer2_out_V_30_reg_1703">
<pin_list>
<pin id="1704" dir="0" index="0" bw="16" slack="1"/>
<pin id="1705" dir="1" index="1" bw="16" slack="1"/>
</pin_list>
<bind>
<opset="layer2_out_V_30 "/>
</bind>
</comp>

<comp id="1708" class="1005" name="layer2_out_V_31_reg_1708">
<pin_list>
<pin id="1709" dir="0" index="0" bw="16" slack="1"/>
<pin id="1710" dir="1" index="1" bw="16" slack="1"/>
</pin_list>
<bind>
<opset="layer2_out_V_31 "/>
</bind>
</comp>

<comp id="1713" class="1005" name="layer2_out_V_32_reg_1713">
<pin_list>
<pin id="1714" dir="0" index="0" bw="16" slack="1"/>
<pin id="1715" dir="1" index="1" bw="16" slack="1"/>
</pin_list>
<bind>
<opset="layer2_out_V_32 "/>
</bind>
</comp>

<comp id="1718" class="1005" name="layer2_out_V_33_reg_1718">
<pin_list>
<pin id="1719" dir="0" index="0" bw="16" slack="1"/>
<pin id="1720" dir="1" index="1" bw="16" slack="1"/>
</pin_list>
<bind>
<opset="layer2_out_V_33 "/>
</bind>
</comp>

<comp id="1723" class="1005" name="layer2_out_V_34_reg_1723">
<pin_list>
<pin id="1724" dir="0" index="0" bw="16" slack="1"/>
<pin id="1725" dir="1" index="1" bw="16" slack="1"/>
</pin_list>
<bind>
<opset="layer2_out_V_34 "/>
</bind>
</comp>

<comp id="1728" class="1005" name="layer2_out_V_35_reg_1728">
<pin_list>
<pin id="1729" dir="0" index="0" bw="16" slack="1"/>
<pin id="1730" dir="1" index="1" bw="16" slack="1"/>
</pin_list>
<bind>
<opset="layer2_out_V_35 "/>
</bind>
</comp>

<comp id="1733" class="1005" name="layer2_out_V_36_reg_1733">
<pin_list>
<pin id="1734" dir="0" index="0" bw="16" slack="1"/>
<pin id="1735" dir="1" index="1" bw="16" slack="1"/>
</pin_list>
<bind>
<opset="layer2_out_V_36 "/>
</bind>
</comp>

<comp id="1738" class="1005" name="layer2_out_V_37_reg_1738">
<pin_list>
<pin id="1739" dir="0" index="0" bw="16" slack="1"/>
<pin id="1740" dir="1" index="1" bw="16" slack="1"/>
</pin_list>
<bind>
<opset="layer2_out_V_37 "/>
</bind>
</comp>

<comp id="1743" class="1005" name="layer2_out_V_38_reg_1743">
<pin_list>
<pin id="1744" dir="0" index="0" bw="16" slack="1"/>
<pin id="1745" dir="1" index="1" bw="16" slack="1"/>
</pin_list>
<bind>
<opset="layer2_out_V_38 "/>
</bind>
</comp>

<comp id="1748" class="1005" name="layer2_out_V_39_reg_1748">
<pin_list>
<pin id="1749" dir="0" index="0" bw="16" slack="1"/>
<pin id="1750" dir="1" index="1" bw="16" slack="1"/>
</pin_list>
<bind>
<opset="layer2_out_V_39 "/>
</bind>
</comp>

<comp id="1753" class="1005" name="layer2_out_V_40_reg_1753">
<pin_list>
<pin id="1754" dir="0" index="0" bw="16" slack="1"/>
<pin id="1755" dir="1" index="1" bw="16" slack="1"/>
</pin_list>
<bind>
<opset="layer2_out_V_40 "/>
</bind>
</comp>

<comp id="1758" class="1005" name="layer2_out_V_41_reg_1758">
<pin_list>
<pin id="1759" dir="0" index="0" bw="16" slack="1"/>
<pin id="1760" dir="1" index="1" bw="16" slack="1"/>
</pin_list>
<bind>
<opset="layer2_out_V_41 "/>
</bind>
</comp>

<comp id="1763" class="1005" name="layer2_out_V_42_reg_1763">
<pin_list>
<pin id="1764" dir="0" index="0" bw="16" slack="1"/>
<pin id="1765" dir="1" index="1" bw="16" slack="1"/>
</pin_list>
<bind>
<opset="layer2_out_V_42 "/>
</bind>
</comp>

<comp id="1768" class="1005" name="layer2_out_V_43_reg_1768">
<pin_list>
<pin id="1769" dir="0" index="0" bw="16" slack="1"/>
<pin id="1770" dir="1" index="1" bw="16" slack="1"/>
</pin_list>
<bind>
<opset="layer2_out_V_43 "/>
</bind>
</comp>

<comp id="1773" class="1005" name="layer2_out_V_44_reg_1773">
<pin_list>
<pin id="1774" dir="0" index="0" bw="16" slack="1"/>
<pin id="1775" dir="1" index="1" bw="16" slack="1"/>
</pin_list>
<bind>
<opset="layer2_out_V_44 "/>
</bind>
</comp>

<comp id="1778" class="1005" name="layer2_out_V_45_reg_1778">
<pin_list>
<pin id="1779" dir="0" index="0" bw="16" slack="1"/>
<pin id="1780" dir="1" index="1" bw="16" slack="1"/>
</pin_list>
<bind>
<opset="layer2_out_V_45 "/>
</bind>
</comp>

<comp id="1783" class="1005" name="layer2_out_V_46_reg_1783">
<pin_list>
<pin id="1784" dir="0" index="0" bw="16" slack="1"/>
<pin id="1785" dir="1" index="1" bw="16" slack="1"/>
</pin_list>
<bind>
<opset="layer2_out_V_46 "/>
</bind>
</comp>

<comp id="1788" class="1005" name="layer2_out_V_47_reg_1788">
<pin_list>
<pin id="1789" dir="0" index="0" bw="16" slack="1"/>
<pin id="1790" dir="1" index="1" bw="16" slack="1"/>
</pin_list>
<bind>
<opset="layer2_out_V_47 "/>
</bind>
</comp>

<comp id="1793" class="1005" name="layer2_out_V_48_reg_1793">
<pin_list>
<pin id="1794" dir="0" index="0" bw="16" slack="1"/>
<pin id="1795" dir="1" index="1" bw="16" slack="1"/>
</pin_list>
<bind>
<opset="layer2_out_V_48 "/>
</bind>
</comp>

<comp id="1798" class="1005" name="layer2_out_V_49_reg_1798">
<pin_list>
<pin id="1799" dir="0" index="0" bw="16" slack="1"/>
<pin id="1800" dir="1" index="1" bw="16" slack="1"/>
</pin_list>
<bind>
<opset="layer2_out_V_49 "/>
</bind>
</comp>

<comp id="1803" class="1005" name="layer2_out_V_50_reg_1803">
<pin_list>
<pin id="1804" dir="0" index="0" bw="16" slack="1"/>
<pin id="1805" dir="1" index="1" bw="16" slack="1"/>
</pin_list>
<bind>
<opset="layer2_out_V_50 "/>
</bind>
</comp>

<comp id="1808" class="1005" name="layer2_out_V_51_reg_1808">
<pin_list>
<pin id="1809" dir="0" index="0" bw="16" slack="1"/>
<pin id="1810" dir="1" index="1" bw="16" slack="1"/>
</pin_list>
<bind>
<opset="layer2_out_V_51 "/>
</bind>
</comp>

<comp id="1813" class="1005" name="layer2_out_V_52_reg_1813">
<pin_list>
<pin id="1814" dir="0" index="0" bw="16" slack="1"/>
<pin id="1815" dir="1" index="1" bw="16" slack="1"/>
</pin_list>
<bind>
<opset="layer2_out_V_52 "/>
</bind>
</comp>

<comp id="1818" class="1005" name="layer2_out_V_53_reg_1818">
<pin_list>
<pin id="1819" dir="0" index="0" bw="16" slack="1"/>
<pin id="1820" dir="1" index="1" bw="16" slack="1"/>
</pin_list>
<bind>
<opset="layer2_out_V_53 "/>
</bind>
</comp>

<comp id="1823" class="1005" name="layer2_out_V_54_reg_1823">
<pin_list>
<pin id="1824" dir="0" index="0" bw="16" slack="1"/>
<pin id="1825" dir="1" index="1" bw="16" slack="1"/>
</pin_list>
<bind>
<opset="layer2_out_V_54 "/>
</bind>
</comp>

<comp id="1828" class="1005" name="layer2_out_V_55_reg_1828">
<pin_list>
<pin id="1829" dir="0" index="0" bw="16" slack="1"/>
<pin id="1830" dir="1" index="1" bw="16" slack="1"/>
</pin_list>
<bind>
<opset="layer2_out_V_55 "/>
</bind>
</comp>

<comp id="1833" class="1005" name="layer2_out_V_56_reg_1833">
<pin_list>
<pin id="1834" dir="0" index="0" bw="16" slack="1"/>
<pin id="1835" dir="1" index="1" bw="16" slack="1"/>
</pin_list>
<bind>
<opset="layer2_out_V_56 "/>
</bind>
</comp>

<comp id="1838" class="1005" name="layer2_out_V_57_reg_1838">
<pin_list>
<pin id="1839" dir="0" index="0" bw="16" slack="1"/>
<pin id="1840" dir="1" index="1" bw="16" slack="1"/>
</pin_list>
<bind>
<opset="layer2_out_V_57 "/>
</bind>
</comp>

<comp id="1843" class="1005" name="layer2_out_V_58_reg_1843">
<pin_list>
<pin id="1844" dir="0" index="0" bw="16" slack="1"/>
<pin id="1845" dir="1" index="1" bw="16" slack="1"/>
</pin_list>
<bind>
<opset="layer2_out_V_58 "/>
</bind>
</comp>

<comp id="1848" class="1005" name="layer2_out_V_59_reg_1848">
<pin_list>
<pin id="1849" dir="0" index="0" bw="16" slack="1"/>
<pin id="1850" dir="1" index="1" bw="16" slack="1"/>
</pin_list>
<bind>
<opset="layer2_out_V_59 "/>
</bind>
</comp>

<comp id="1853" class="1005" name="layer2_out_V_60_reg_1853">
<pin_list>
<pin id="1854" dir="0" index="0" bw="16" slack="1"/>
<pin id="1855" dir="1" index="1" bw="16" slack="1"/>
</pin_list>
<bind>
<opset="layer2_out_V_60 "/>
</bind>
</comp>

<comp id="1858" class="1005" name="layer2_out_V_61_reg_1858">
<pin_list>
<pin id="1859" dir="0" index="0" bw="16" slack="1"/>
<pin id="1860" dir="1" index="1" bw="16" slack="1"/>
</pin_list>
<bind>
<opset="layer2_out_V_61 "/>
</bind>
</comp>

<comp id="1863" class="1005" name="layer2_out_V_62_reg_1863">
<pin_list>
<pin id="1864" dir="0" index="0" bw="16" slack="1"/>
<pin id="1865" dir="1" index="1" bw="16" slack="1"/>
</pin_list>
<bind>
<opset="layer2_out_V_62 "/>
</bind>
</comp>

<comp id="1868" class="1005" name="layer2_out_V_63_reg_1868">
<pin_list>
<pin id="1869" dir="0" index="0" bw="16" slack="1"/>
<pin id="1870" dir="1" index="1" bw="16" slack="1"/>
</pin_list>
<bind>
<opset="layer2_out_V_63 "/>
</bind>
</comp>

<comp id="1873" class="1005" name="layer4_out_V_reg_1873">
<pin_list>
<pin id="1874" dir="0" index="0" bw="16" slack="1"/>
<pin id="1875" dir="1" index="1" bw="16" slack="1"/>
</pin_list>
<bind>
<opset="layer4_out_V "/>
</bind>
</comp>

<comp id="1878" class="1005" name="layer4_out_V_1_reg_1878">
<pin_list>
<pin id="1879" dir="0" index="0" bw="16" slack="1"/>
<pin id="1880" dir="1" index="1" bw="16" slack="1"/>
</pin_list>
<bind>
<opset="layer4_out_V_1 "/>
</bind>
</comp>

<comp id="1883" class="1005" name="layer4_out_V_2_reg_1883">
<pin_list>
<pin id="1884" dir="0" index="0" bw="16" slack="1"/>
<pin id="1885" dir="1" index="1" bw="16" slack="1"/>
</pin_list>
<bind>
<opset="layer4_out_V_2 "/>
</bind>
</comp>

<comp id="1888" class="1005" name="layer4_out_V_3_reg_1888">
<pin_list>
<pin id="1889" dir="0" index="0" bw="16" slack="1"/>
<pin id="1890" dir="1" index="1" bw="16" slack="1"/>
</pin_list>
<bind>
<opset="layer4_out_V_3 "/>
</bind>
</comp>

<comp id="1893" class="1005" name="layer4_out_V_4_reg_1893">
<pin_list>
<pin id="1894" dir="0" index="0" bw="16" slack="1"/>
<pin id="1895" dir="1" index="1" bw="16" slack="1"/>
</pin_list>
<bind>
<opset="layer4_out_V_4 "/>
</bind>
</comp>

<comp id="1898" class="1005" name="layer4_out_V_5_reg_1898">
<pin_list>
<pin id="1899" dir="0" index="0" bw="16" slack="1"/>
<pin id="1900" dir="1" index="1" bw="16" slack="1"/>
</pin_list>
<bind>
<opset="layer4_out_V_5 "/>
</bind>
</comp>

<comp id="1903" class="1005" name="layer4_out_V_6_reg_1903">
<pin_list>
<pin id="1904" dir="0" index="0" bw="16" slack="1"/>
<pin id="1905" dir="1" index="1" bw="16" slack="1"/>
</pin_list>
<bind>
<opset="layer4_out_V_6 "/>
</bind>
</comp>

<comp id="1908" class="1005" name="layer4_out_V_7_reg_1908">
<pin_list>
<pin id="1909" dir="0" index="0" bw="16" slack="1"/>
<pin id="1910" dir="1" index="1" bw="16" slack="1"/>
</pin_list>
<bind>
<opset="layer4_out_V_7 "/>
</bind>
</comp>

<comp id="1913" class="1005" name="layer4_out_V_8_reg_1913">
<pin_list>
<pin id="1914" dir="0" index="0" bw="16" slack="1"/>
<pin id="1915" dir="1" index="1" bw="16" slack="1"/>
</pin_list>
<bind>
<opset="layer4_out_V_8 "/>
</bind>
</comp>

<comp id="1918" class="1005" name="layer4_out_V_9_reg_1918">
<pin_list>
<pin id="1919" dir="0" index="0" bw="16" slack="1"/>
<pin id="1920" dir="1" index="1" bw="16" slack="1"/>
</pin_list>
<bind>
<opset="layer4_out_V_9 "/>
</bind>
</comp>

<comp id="1923" class="1005" name="layer4_out_V_10_reg_1923">
<pin_list>
<pin id="1924" dir="0" index="0" bw="16" slack="1"/>
<pin id="1925" dir="1" index="1" bw="16" slack="1"/>
</pin_list>
<bind>
<opset="layer4_out_V_10 "/>
</bind>
</comp>

<comp id="1928" class="1005" name="layer4_out_V_11_reg_1928">
<pin_list>
<pin id="1929" dir="0" index="0" bw="16" slack="1"/>
<pin id="1930" dir="1" index="1" bw="16" slack="1"/>
</pin_list>
<bind>
<opset="layer4_out_V_11 "/>
</bind>
</comp>

<comp id="1933" class="1005" name="layer4_out_V_12_reg_1933">
<pin_list>
<pin id="1934" dir="0" index="0" bw="16" slack="1"/>
<pin id="1935" dir="1" index="1" bw="16" slack="1"/>
</pin_list>
<bind>
<opset="layer4_out_V_12 "/>
</bind>
</comp>

<comp id="1938" class="1005" name="layer4_out_V_13_reg_1938">
<pin_list>
<pin id="1939" dir="0" index="0" bw="16" slack="1"/>
<pin id="1940" dir="1" index="1" bw="16" slack="1"/>
</pin_list>
<bind>
<opset="layer4_out_V_13 "/>
</bind>
</comp>

<comp id="1943" class="1005" name="layer4_out_V_14_reg_1943">
<pin_list>
<pin id="1944" dir="0" index="0" bw="16" slack="1"/>
<pin id="1945" dir="1" index="1" bw="16" slack="1"/>
</pin_list>
<bind>
<opset="layer4_out_V_14 "/>
</bind>
</comp>

<comp id="1948" class="1005" name="layer4_out_V_15_reg_1948">
<pin_list>
<pin id="1949" dir="0" index="0" bw="16" slack="1"/>
<pin id="1950" dir="1" index="1" bw="16" slack="1"/>
</pin_list>
<bind>
<opset="layer4_out_V_15 "/>
</bind>
</comp>

<comp id="1953" class="1005" name="layer4_out_V_16_reg_1953">
<pin_list>
<pin id="1954" dir="0" index="0" bw="16" slack="1"/>
<pin id="1955" dir="1" index="1" bw="16" slack="1"/>
</pin_list>
<bind>
<opset="layer4_out_V_16 "/>
</bind>
</comp>

<comp id="1958" class="1005" name="layer4_out_V_17_reg_1958">
<pin_list>
<pin id="1959" dir="0" index="0" bw="16" slack="1"/>
<pin id="1960" dir="1" index="1" bw="16" slack="1"/>
</pin_list>
<bind>
<opset="layer4_out_V_17 "/>
</bind>
</comp>

<comp id="1963" class="1005" name="layer4_out_V_18_reg_1963">
<pin_list>
<pin id="1964" dir="0" index="0" bw="16" slack="1"/>
<pin id="1965" dir="1" index="1" bw="16" slack="1"/>
</pin_list>
<bind>
<opset="layer4_out_V_18 "/>
</bind>
</comp>

<comp id="1968" class="1005" name="layer4_out_V_19_reg_1968">
<pin_list>
<pin id="1969" dir="0" index="0" bw="16" slack="1"/>
<pin id="1970" dir="1" index="1" bw="16" slack="1"/>
</pin_list>
<bind>
<opset="layer4_out_V_19 "/>
</bind>
</comp>

<comp id="1973" class="1005" name="layer4_out_V_20_reg_1973">
<pin_list>
<pin id="1974" dir="0" index="0" bw="16" slack="1"/>
<pin id="1975" dir="1" index="1" bw="16" slack="1"/>
</pin_list>
<bind>
<opset="layer4_out_V_20 "/>
</bind>
</comp>

<comp id="1978" class="1005" name="layer4_out_V_21_reg_1978">
<pin_list>
<pin id="1979" dir="0" index="0" bw="16" slack="1"/>
<pin id="1980" dir="1" index="1" bw="16" slack="1"/>
</pin_list>
<bind>
<opset="layer4_out_V_21 "/>
</bind>
</comp>

<comp id="1983" class="1005" name="layer4_out_V_22_reg_1983">
<pin_list>
<pin id="1984" dir="0" index="0" bw="16" slack="1"/>
<pin id="1985" dir="1" index="1" bw="16" slack="1"/>
</pin_list>
<bind>
<opset="layer4_out_V_22 "/>
</bind>
</comp>

<comp id="1988" class="1005" name="layer4_out_V_23_reg_1988">
<pin_list>
<pin id="1989" dir="0" index="0" bw="16" slack="1"/>
<pin id="1990" dir="1" index="1" bw="16" slack="1"/>
</pin_list>
<bind>
<opset="layer4_out_V_23 "/>
</bind>
</comp>

<comp id="1993" class="1005" name="layer4_out_V_24_reg_1993">
<pin_list>
<pin id="1994" dir="0" index="0" bw="16" slack="1"/>
<pin id="1995" dir="1" index="1" bw="16" slack="1"/>
</pin_list>
<bind>
<opset="layer4_out_V_24 "/>
</bind>
</comp>

<comp id="1998" class="1005" name="layer4_out_V_25_reg_1998">
<pin_list>
<pin id="1999" dir="0" index="0" bw="16" slack="1"/>
<pin id="2000" dir="1" index="1" bw="16" slack="1"/>
</pin_list>
<bind>
<opset="layer4_out_V_25 "/>
</bind>
</comp>

<comp id="2003" class="1005" name="layer4_out_V_26_reg_2003">
<pin_list>
<pin id="2004" dir="0" index="0" bw="16" slack="1"/>
<pin id="2005" dir="1" index="1" bw="16" slack="1"/>
</pin_list>
<bind>
<opset="layer4_out_V_26 "/>
</bind>
</comp>

<comp id="2008" class="1005" name="layer4_out_V_27_reg_2008">
<pin_list>
<pin id="2009" dir="0" index="0" bw="16" slack="1"/>
<pin id="2010" dir="1" index="1" bw="16" slack="1"/>
</pin_list>
<bind>
<opset="layer4_out_V_27 "/>
</bind>
</comp>

<comp id="2013" class="1005" name="layer4_out_V_28_reg_2013">
<pin_list>
<pin id="2014" dir="0" index="0" bw="16" slack="1"/>
<pin id="2015" dir="1" index="1" bw="16" slack="1"/>
</pin_list>
<bind>
<opset="layer4_out_V_28 "/>
</bind>
</comp>

<comp id="2018" class="1005" name="layer4_out_V_29_reg_2018">
<pin_list>
<pin id="2019" dir="0" index="0" bw="16" slack="1"/>
<pin id="2020" dir="1" index="1" bw="16" slack="1"/>
</pin_list>
<bind>
<opset="layer4_out_V_29 "/>
</bind>
</comp>

<comp id="2023" class="1005" name="layer4_out_V_30_reg_2023">
<pin_list>
<pin id="2024" dir="0" index="0" bw="16" slack="1"/>
<pin id="2025" dir="1" index="1" bw="16" slack="1"/>
</pin_list>
<bind>
<opset="layer4_out_V_30 "/>
</bind>
</comp>

<comp id="2028" class="1005" name="layer4_out_V_31_reg_2028">
<pin_list>
<pin id="2029" dir="0" index="0" bw="16" slack="1"/>
<pin id="2030" dir="1" index="1" bw="16" slack="1"/>
</pin_list>
<bind>
<opset="layer4_out_V_31 "/>
</bind>
</comp>

<comp id="2033" class="1005" name="layer4_out_V_32_reg_2033">
<pin_list>
<pin id="2034" dir="0" index="0" bw="16" slack="1"/>
<pin id="2035" dir="1" index="1" bw="16" slack="1"/>
</pin_list>
<bind>
<opset="layer4_out_V_32 "/>
</bind>
</comp>

<comp id="2038" class="1005" name="layer4_out_V_33_reg_2038">
<pin_list>
<pin id="2039" dir="0" index="0" bw="16" slack="1"/>
<pin id="2040" dir="1" index="1" bw="16" slack="1"/>
</pin_list>
<bind>
<opset="layer4_out_V_33 "/>
</bind>
</comp>

<comp id="2043" class="1005" name="layer4_out_V_34_reg_2043">
<pin_list>
<pin id="2044" dir="0" index="0" bw="16" slack="1"/>
<pin id="2045" dir="1" index="1" bw="16" slack="1"/>
</pin_list>
<bind>
<opset="layer4_out_V_34 "/>
</bind>
</comp>

<comp id="2048" class="1005" name="layer4_out_V_35_reg_2048">
<pin_list>
<pin id="2049" dir="0" index="0" bw="16" slack="1"/>
<pin id="2050" dir="1" index="1" bw="16" slack="1"/>
</pin_list>
<bind>
<opset="layer4_out_V_35 "/>
</bind>
</comp>

<comp id="2053" class="1005" name="layer4_out_V_36_reg_2053">
<pin_list>
<pin id="2054" dir="0" index="0" bw="16" slack="1"/>
<pin id="2055" dir="1" index="1" bw="16" slack="1"/>
</pin_list>
<bind>
<opset="layer4_out_V_36 "/>
</bind>
</comp>

<comp id="2058" class="1005" name="layer4_out_V_37_reg_2058">
<pin_list>
<pin id="2059" dir="0" index="0" bw="16" slack="1"/>
<pin id="2060" dir="1" index="1" bw="16" slack="1"/>
</pin_list>
<bind>
<opset="layer4_out_V_37 "/>
</bind>
</comp>

<comp id="2063" class="1005" name="layer4_out_V_38_reg_2063">
<pin_list>
<pin id="2064" dir="0" index="0" bw="16" slack="1"/>
<pin id="2065" dir="1" index="1" bw="16" slack="1"/>
</pin_list>
<bind>
<opset="layer4_out_V_38 "/>
</bind>
</comp>

<comp id="2068" class="1005" name="layer4_out_V_39_reg_2068">
<pin_list>
<pin id="2069" dir="0" index="0" bw="16" slack="1"/>
<pin id="2070" dir="1" index="1" bw="16" slack="1"/>
</pin_list>
<bind>
<opset="layer4_out_V_39 "/>
</bind>
</comp>

<comp id="2073" class="1005" name="layer4_out_V_40_reg_2073">
<pin_list>
<pin id="2074" dir="0" index="0" bw="16" slack="1"/>
<pin id="2075" dir="1" index="1" bw="16" slack="1"/>
</pin_list>
<bind>
<opset="layer4_out_V_40 "/>
</bind>
</comp>

<comp id="2078" class="1005" name="layer4_out_V_41_reg_2078">
<pin_list>
<pin id="2079" dir="0" index="0" bw="16" slack="1"/>
<pin id="2080" dir="1" index="1" bw="16" slack="1"/>
</pin_list>
<bind>
<opset="layer4_out_V_41 "/>
</bind>
</comp>

<comp id="2083" class="1005" name="layer4_out_V_42_reg_2083">
<pin_list>
<pin id="2084" dir="0" index="0" bw="16" slack="1"/>
<pin id="2085" dir="1" index="1" bw="16" slack="1"/>
</pin_list>
<bind>
<opset="layer4_out_V_42 "/>
</bind>
</comp>

<comp id="2088" class="1005" name="layer4_out_V_43_reg_2088">
<pin_list>
<pin id="2089" dir="0" index="0" bw="16" slack="1"/>
<pin id="2090" dir="1" index="1" bw="16" slack="1"/>
</pin_list>
<bind>
<opset="layer4_out_V_43 "/>
</bind>
</comp>

<comp id="2093" class="1005" name="layer4_out_V_44_reg_2093">
<pin_list>
<pin id="2094" dir="0" index="0" bw="16" slack="1"/>
<pin id="2095" dir="1" index="1" bw="16" slack="1"/>
</pin_list>
<bind>
<opset="layer4_out_V_44 "/>
</bind>
</comp>

<comp id="2098" class="1005" name="layer4_out_V_45_reg_2098">
<pin_list>
<pin id="2099" dir="0" index="0" bw="16" slack="1"/>
<pin id="2100" dir="1" index="1" bw="16" slack="1"/>
</pin_list>
<bind>
<opset="layer4_out_V_45 "/>
</bind>
</comp>

<comp id="2103" class="1005" name="layer4_out_V_46_reg_2103">
<pin_list>
<pin id="2104" dir="0" index="0" bw="16" slack="1"/>
<pin id="2105" dir="1" index="1" bw="16" slack="1"/>
</pin_list>
<bind>
<opset="layer4_out_V_46 "/>
</bind>
</comp>

<comp id="2108" class="1005" name="layer4_out_V_47_reg_2108">
<pin_list>
<pin id="2109" dir="0" index="0" bw="16" slack="1"/>
<pin id="2110" dir="1" index="1" bw="16" slack="1"/>
</pin_list>
<bind>
<opset="layer4_out_V_47 "/>
</bind>
</comp>

<comp id="2113" class="1005" name="layer4_out_V_48_reg_2113">
<pin_list>
<pin id="2114" dir="0" index="0" bw="16" slack="1"/>
<pin id="2115" dir="1" index="1" bw="16" slack="1"/>
</pin_list>
<bind>
<opset="layer4_out_V_48 "/>
</bind>
</comp>

<comp id="2118" class="1005" name="layer4_out_V_49_reg_2118">
<pin_list>
<pin id="2119" dir="0" index="0" bw="16" slack="1"/>
<pin id="2120" dir="1" index="1" bw="16" slack="1"/>
</pin_list>
<bind>
<opset="layer4_out_V_49 "/>
</bind>
</comp>

<comp id="2123" class="1005" name="layer4_out_V_50_reg_2123">
<pin_list>
<pin id="2124" dir="0" index="0" bw="16" slack="1"/>
<pin id="2125" dir="1" index="1" bw="16" slack="1"/>
</pin_list>
<bind>
<opset="layer4_out_V_50 "/>
</bind>
</comp>

<comp id="2128" class="1005" name="layer4_out_V_51_reg_2128">
<pin_list>
<pin id="2129" dir="0" index="0" bw="16" slack="1"/>
<pin id="2130" dir="1" index="1" bw="16" slack="1"/>
</pin_list>
<bind>
<opset="layer4_out_V_51 "/>
</bind>
</comp>

<comp id="2133" class="1005" name="layer4_out_V_52_reg_2133">
<pin_list>
<pin id="2134" dir="0" index="0" bw="16" slack="1"/>
<pin id="2135" dir="1" index="1" bw="16" slack="1"/>
</pin_list>
<bind>
<opset="layer4_out_V_52 "/>
</bind>
</comp>

<comp id="2138" class="1005" name="layer4_out_V_53_reg_2138">
<pin_list>
<pin id="2139" dir="0" index="0" bw="16" slack="1"/>
<pin id="2140" dir="1" index="1" bw="16" slack="1"/>
</pin_list>
<bind>
<opset="layer4_out_V_53 "/>
</bind>
</comp>

<comp id="2143" class="1005" name="layer4_out_V_54_reg_2143">
<pin_list>
<pin id="2144" dir="0" index="0" bw="16" slack="1"/>
<pin id="2145" dir="1" index="1" bw="16" slack="1"/>
</pin_list>
<bind>
<opset="layer4_out_V_54 "/>
</bind>
</comp>

<comp id="2148" class="1005" name="layer4_out_V_55_reg_2148">
<pin_list>
<pin id="2149" dir="0" index="0" bw="16" slack="1"/>
<pin id="2150" dir="1" index="1" bw="16" slack="1"/>
</pin_list>
<bind>
<opset="layer4_out_V_55 "/>
</bind>
</comp>

<comp id="2153" class="1005" name="layer4_out_V_56_reg_2153">
<pin_list>
<pin id="2154" dir="0" index="0" bw="16" slack="1"/>
<pin id="2155" dir="1" index="1" bw="16" slack="1"/>
</pin_list>
<bind>
<opset="layer4_out_V_56 "/>
</bind>
</comp>

<comp id="2158" class="1005" name="layer4_out_V_57_reg_2158">
<pin_list>
<pin id="2159" dir="0" index="0" bw="16" slack="1"/>
<pin id="2160" dir="1" index="1" bw="16" slack="1"/>
</pin_list>
<bind>
<opset="layer4_out_V_57 "/>
</bind>
</comp>

<comp id="2163" class="1005" name="layer4_out_V_58_reg_2163">
<pin_list>
<pin id="2164" dir="0" index="0" bw="16" slack="1"/>
<pin id="2165" dir="1" index="1" bw="16" slack="1"/>
</pin_list>
<bind>
<opset="layer4_out_V_58 "/>
</bind>
</comp>

<comp id="2168" class="1005" name="layer4_out_V_59_reg_2168">
<pin_list>
<pin id="2169" dir="0" index="0" bw="16" slack="1"/>
<pin id="2170" dir="1" index="1" bw="16" slack="1"/>
</pin_list>
<bind>
<opset="layer4_out_V_59 "/>
</bind>
</comp>

<comp id="2173" class="1005" name="layer4_out_V_60_reg_2173">
<pin_list>
<pin id="2174" dir="0" index="0" bw="16" slack="1"/>
<pin id="2175" dir="1" index="1" bw="16" slack="1"/>
</pin_list>
<bind>
<opset="layer4_out_V_60 "/>
</bind>
</comp>

<comp id="2178" class="1005" name="layer4_out_V_61_reg_2178">
<pin_list>
<pin id="2179" dir="0" index="0" bw="16" slack="1"/>
<pin id="2180" dir="1" index="1" bw="16" slack="1"/>
</pin_list>
<bind>
<opset="layer4_out_V_61 "/>
</bind>
</comp>

<comp id="2183" class="1005" name="layer4_out_V_62_reg_2183">
<pin_list>
<pin id="2184" dir="0" index="0" bw="16" slack="1"/>
<pin id="2185" dir="1" index="1" bw="16" slack="1"/>
</pin_list>
<bind>
<opset="layer4_out_V_62 "/>
</bind>
</comp>

<comp id="2188" class="1005" name="layer4_out_V_63_reg_2188">
<pin_list>
<pin id="2189" dir="0" index="0" bw="16" slack="1"/>
<pin id="2190" dir="1" index="1" bw="16" slack="1"/>
</pin_list>
<bind>
<opset="layer4_out_V_63 "/>
</bind>
</comp>

<comp id="2193" class="1005" name="layer7_out_V_reg_2193">
<pin_list>
<pin id="2194" dir="0" index="0" bw="16" slack="1"/>
<pin id="2195" dir="1" index="1" bw="16" slack="1"/>
</pin_list>
<bind>
<opset="layer7_out_V "/>
</bind>
</comp>

<comp id="2198" class="1005" name="layer7_out_V_1_reg_2198">
<pin_list>
<pin id="2199" dir="0" index="0" bw="16" slack="1"/>
<pin id="2200" dir="1" index="1" bw="16" slack="1"/>
</pin_list>
<bind>
<opset="layer7_out_V_1 "/>
</bind>
</comp>

<comp id="2203" class="1005" name="layer7_out_V_2_reg_2203">
<pin_list>
<pin id="2204" dir="0" index="0" bw="16" slack="1"/>
<pin id="2205" dir="1" index="1" bw="16" slack="1"/>
</pin_list>
<bind>
<opset="layer7_out_V_2 "/>
</bind>
</comp>

<comp id="2208" class="1005" name="layer7_out_V_3_reg_2208">
<pin_list>
<pin id="2209" dir="0" index="0" bw="16" slack="1"/>
<pin id="2210" dir="1" index="1" bw="16" slack="1"/>
</pin_list>
<bind>
<opset="layer7_out_V_3 "/>
</bind>
</comp>

<comp id="2213" class="1005" name="layer7_out_V_4_reg_2213">
<pin_list>
<pin id="2214" dir="0" index="0" bw="16" slack="1"/>
<pin id="2215" dir="1" index="1" bw="16" slack="1"/>
</pin_list>
<bind>
<opset="layer7_out_V_4 "/>
</bind>
</comp>

<comp id="2218" class="1005" name="layer7_out_V_5_reg_2218">
<pin_list>
<pin id="2219" dir="0" index="0" bw="16" slack="1"/>
<pin id="2220" dir="1" index="1" bw="16" slack="1"/>
</pin_list>
<bind>
<opset="layer7_out_V_5 "/>
</bind>
</comp>

<comp id="2223" class="1005" name="layer7_out_V_6_reg_2223">
<pin_list>
<pin id="2224" dir="0" index="0" bw="16" slack="1"/>
<pin id="2225" dir="1" index="1" bw="16" slack="1"/>
</pin_list>
<bind>
<opset="layer7_out_V_6 "/>
</bind>
</comp>

<comp id="2228" class="1005" name="layer7_out_V_7_reg_2228">
<pin_list>
<pin id="2229" dir="0" index="0" bw="16" slack="1"/>
<pin id="2230" dir="1" index="1" bw="16" slack="1"/>
</pin_list>
<bind>
<opset="layer7_out_V_7 "/>
</bind>
</comp>

<comp id="2233" class="1005" name="layer7_out_V_8_reg_2233">
<pin_list>
<pin id="2234" dir="0" index="0" bw="16" slack="1"/>
<pin id="2235" dir="1" index="1" bw="16" slack="1"/>
</pin_list>
<bind>
<opset="layer7_out_V_8 "/>
</bind>
</comp>

<comp id="2238" class="1005" name="layer7_out_V_9_reg_2238">
<pin_list>
<pin id="2239" dir="0" index="0" bw="16" slack="1"/>
<pin id="2240" dir="1" index="1" bw="16" slack="1"/>
</pin_list>
<bind>
<opset="layer7_out_V_9 "/>
</bind>
</comp>

<comp id="2243" class="1005" name="layer7_out_V_10_reg_2243">
<pin_list>
<pin id="2244" dir="0" index="0" bw="16" slack="1"/>
<pin id="2245" dir="1" index="1" bw="16" slack="1"/>
</pin_list>
<bind>
<opset="layer7_out_V_10 "/>
</bind>
</comp>

<comp id="2248" class="1005" name="layer7_out_V_11_reg_2248">
<pin_list>
<pin id="2249" dir="0" index="0" bw="16" slack="1"/>
<pin id="2250" dir="1" index="1" bw="16" slack="1"/>
</pin_list>
<bind>
<opset="layer7_out_V_11 "/>
</bind>
</comp>

<comp id="2253" class="1005" name="layer7_out_V_12_reg_2253">
<pin_list>
<pin id="2254" dir="0" index="0" bw="16" slack="1"/>
<pin id="2255" dir="1" index="1" bw="16" slack="1"/>
</pin_list>
<bind>
<opset="layer7_out_V_12 "/>
</bind>
</comp>

<comp id="2258" class="1005" name="layer7_out_V_13_reg_2258">
<pin_list>
<pin id="2259" dir="0" index="0" bw="16" slack="1"/>
<pin id="2260" dir="1" index="1" bw="16" slack="1"/>
</pin_list>
<bind>
<opset="layer7_out_V_13 "/>
</bind>
</comp>

<comp id="2263" class="1005" name="layer7_out_V_14_reg_2263">
<pin_list>
<pin id="2264" dir="0" index="0" bw="16" slack="1"/>
<pin id="2265" dir="1" index="1" bw="16" slack="1"/>
</pin_list>
<bind>
<opset="layer7_out_V_14 "/>
</bind>
</comp>

<comp id="2268" class="1005" name="layer7_out_V_15_reg_2268">
<pin_list>
<pin id="2269" dir="0" index="0" bw="16" slack="1"/>
<pin id="2270" dir="1" index="1" bw="16" slack="1"/>
</pin_list>
<bind>
<opset="layer7_out_V_15 "/>
</bind>
</comp>

<comp id="2273" class="1005" name="layer7_out_V_16_reg_2273">
<pin_list>
<pin id="2274" dir="0" index="0" bw="16" slack="1"/>
<pin id="2275" dir="1" index="1" bw="16" slack="1"/>
</pin_list>
<bind>
<opset="layer7_out_V_16 "/>
</bind>
</comp>

<comp id="2278" class="1005" name="layer7_out_V_17_reg_2278">
<pin_list>
<pin id="2279" dir="0" index="0" bw="16" slack="1"/>
<pin id="2280" dir="1" index="1" bw="16" slack="1"/>
</pin_list>
<bind>
<opset="layer7_out_V_17 "/>
</bind>
</comp>

<comp id="2283" class="1005" name="layer7_out_V_18_reg_2283">
<pin_list>
<pin id="2284" dir="0" index="0" bw="16" slack="1"/>
<pin id="2285" dir="1" index="1" bw="16" slack="1"/>
</pin_list>
<bind>
<opset="layer7_out_V_18 "/>
</bind>
</comp>

<comp id="2288" class="1005" name="layer7_out_V_19_reg_2288">
<pin_list>
<pin id="2289" dir="0" index="0" bw="16" slack="1"/>
<pin id="2290" dir="1" index="1" bw="16" slack="1"/>
</pin_list>
<bind>
<opset="layer7_out_V_19 "/>
</bind>
</comp>

<comp id="2293" class="1005" name="layer7_out_V_20_reg_2293">
<pin_list>
<pin id="2294" dir="0" index="0" bw="16" slack="1"/>
<pin id="2295" dir="1" index="1" bw="16" slack="1"/>
</pin_list>
<bind>
<opset="layer7_out_V_20 "/>
</bind>
</comp>

<comp id="2298" class="1005" name="layer7_out_V_21_reg_2298">
<pin_list>
<pin id="2299" dir="0" index="0" bw="16" slack="1"/>
<pin id="2300" dir="1" index="1" bw="16" slack="1"/>
</pin_list>
<bind>
<opset="layer7_out_V_21 "/>
</bind>
</comp>

<comp id="2303" class="1005" name="layer7_out_V_22_reg_2303">
<pin_list>
<pin id="2304" dir="0" index="0" bw="16" slack="1"/>
<pin id="2305" dir="1" index="1" bw="16" slack="1"/>
</pin_list>
<bind>
<opset="layer7_out_V_22 "/>
</bind>
</comp>

<comp id="2308" class="1005" name="layer7_out_V_23_reg_2308">
<pin_list>
<pin id="2309" dir="0" index="0" bw="16" slack="1"/>
<pin id="2310" dir="1" index="1" bw="16" slack="1"/>
</pin_list>
<bind>
<opset="layer7_out_V_23 "/>
</bind>
</comp>

<comp id="2313" class="1005" name="layer7_out_V_24_reg_2313">
<pin_list>
<pin id="2314" dir="0" index="0" bw="16" slack="1"/>
<pin id="2315" dir="1" index="1" bw="16" slack="1"/>
</pin_list>
<bind>
<opset="layer7_out_V_24 "/>
</bind>
</comp>

<comp id="2318" class="1005" name="layer7_out_V_25_reg_2318">
<pin_list>
<pin id="2319" dir="0" index="0" bw="16" slack="1"/>
<pin id="2320" dir="1" index="1" bw="16" slack="1"/>
</pin_list>
<bind>
<opset="layer7_out_V_25 "/>
</bind>
</comp>

<comp id="2323" class="1005" name="layer7_out_V_26_reg_2323">
<pin_list>
<pin id="2324" dir="0" index="0" bw="16" slack="1"/>
<pin id="2325" dir="1" index="1" bw="16" slack="1"/>
</pin_list>
<bind>
<opset="layer7_out_V_26 "/>
</bind>
</comp>

<comp id="2328" class="1005" name="layer7_out_V_27_reg_2328">
<pin_list>
<pin id="2329" dir="0" index="0" bw="16" slack="1"/>
<pin id="2330" dir="1" index="1" bw="16" slack="1"/>
</pin_list>
<bind>
<opset="layer7_out_V_27 "/>
</bind>
</comp>

<comp id="2333" class="1005" name="layer7_out_V_28_reg_2333">
<pin_list>
<pin id="2334" dir="0" index="0" bw="16" slack="1"/>
<pin id="2335" dir="1" index="1" bw="16" slack="1"/>
</pin_list>
<bind>
<opset="layer7_out_V_28 "/>
</bind>
</comp>

<comp id="2338" class="1005" name="layer7_out_V_29_reg_2338">
<pin_list>
<pin id="2339" dir="0" index="0" bw="16" slack="1"/>
<pin id="2340" dir="1" index="1" bw="16" slack="1"/>
</pin_list>
<bind>
<opset="layer7_out_V_29 "/>
</bind>
</comp>

<comp id="2343" class="1005" name="layer7_out_V_30_reg_2343">
<pin_list>
<pin id="2344" dir="0" index="0" bw="16" slack="1"/>
<pin id="2345" dir="1" index="1" bw="16" slack="1"/>
</pin_list>
<bind>
<opset="layer7_out_V_30 "/>
</bind>
</comp>

<comp id="2348" class="1005" name="layer7_out_V_31_reg_2348">
<pin_list>
<pin id="2349" dir="0" index="0" bw="16" slack="1"/>
<pin id="2350" dir="1" index="1" bw="16" slack="1"/>
</pin_list>
<bind>
<opset="layer7_out_V_31 "/>
</bind>
</comp>

<comp id="2353" class="1005" name="layer8_out_V_reg_2353">
<pin_list>
<pin id="2354" dir="0" index="0" bw="16" slack="1"/>
<pin id="2355" dir="1" index="1" bw="16" slack="1"/>
</pin_list>
<bind>
<opset="layer8_out_V "/>
</bind>
</comp>

<comp id="2358" class="1005" name="layer8_out_V_1_reg_2358">
<pin_list>
<pin id="2359" dir="0" index="0" bw="16" slack="1"/>
<pin id="2360" dir="1" index="1" bw="16" slack="1"/>
</pin_list>
<bind>
<opset="layer8_out_V_1 "/>
</bind>
</comp>

<comp id="2363" class="1005" name="layer8_out_V_2_reg_2363">
<pin_list>
<pin id="2364" dir="0" index="0" bw="16" slack="1"/>
<pin id="2365" dir="1" index="1" bw="16" slack="1"/>
</pin_list>
<bind>
<opset="layer8_out_V_2 "/>
</bind>
</comp>

<comp id="2368" class="1005" name="layer8_out_V_3_reg_2368">
<pin_list>
<pin id="2369" dir="0" index="0" bw="16" slack="1"/>
<pin id="2370" dir="1" index="1" bw="16" slack="1"/>
</pin_list>
<bind>
<opset="layer8_out_V_3 "/>
</bind>
</comp>

<comp id="2373" class="1005" name="layer8_out_V_4_reg_2373">
<pin_list>
<pin id="2374" dir="0" index="0" bw="16" slack="1"/>
<pin id="2375" dir="1" index="1" bw="16" slack="1"/>
</pin_list>
<bind>
<opset="layer8_out_V_4 "/>
</bind>
</comp>

<comp id="2378" class="1005" name="layer8_out_V_5_reg_2378">
<pin_list>
<pin id="2379" dir="0" index="0" bw="16" slack="1"/>
<pin id="2380" dir="1" index="1" bw="16" slack="1"/>
</pin_list>
<bind>
<opset="layer8_out_V_5 "/>
</bind>
</comp>

<comp id="2383" class="1005" name="layer8_out_V_6_reg_2383">
<pin_list>
<pin id="2384" dir="0" index="0" bw="16" slack="1"/>
<pin id="2385" dir="1" index="1" bw="16" slack="1"/>
</pin_list>
<bind>
<opset="layer8_out_V_6 "/>
</bind>
</comp>

<comp id="2388" class="1005" name="layer8_out_V_7_reg_2388">
<pin_list>
<pin id="2389" dir="0" index="0" bw="16" slack="1"/>
<pin id="2390" dir="1" index="1" bw="16" slack="1"/>
</pin_list>
<bind>
<opset="layer8_out_V_7 "/>
</bind>
</comp>

<comp id="2393" class="1005" name="layer8_out_V_8_reg_2393">
<pin_list>
<pin id="2394" dir="0" index="0" bw="16" slack="1"/>
<pin id="2395" dir="1" index="1" bw="16" slack="1"/>
</pin_list>
<bind>
<opset="layer8_out_V_8 "/>
</bind>
</comp>

<comp id="2398" class="1005" name="layer8_out_V_9_reg_2398">
<pin_list>
<pin id="2399" dir="0" index="0" bw="16" slack="1"/>
<pin id="2400" dir="1" index="1" bw="16" slack="1"/>
</pin_list>
<bind>
<opset="layer8_out_V_9 "/>
</bind>
</comp>

<comp id="2403" class="1005" name="layer8_out_V_10_reg_2403">
<pin_list>
<pin id="2404" dir="0" index="0" bw="16" slack="1"/>
<pin id="2405" dir="1" index="1" bw="16" slack="1"/>
</pin_list>
<bind>
<opset="layer8_out_V_10 "/>
</bind>
</comp>

<comp id="2408" class="1005" name="layer8_out_V_11_reg_2408">
<pin_list>
<pin id="2409" dir="0" index="0" bw="16" slack="1"/>
<pin id="2410" dir="1" index="1" bw="16" slack="1"/>
</pin_list>
<bind>
<opset="layer8_out_V_11 "/>
</bind>
</comp>

<comp id="2413" class="1005" name="layer8_out_V_12_reg_2413">
<pin_list>
<pin id="2414" dir="0" index="0" bw="16" slack="1"/>
<pin id="2415" dir="1" index="1" bw="16" slack="1"/>
</pin_list>
<bind>
<opset="layer8_out_V_12 "/>
</bind>
</comp>

<comp id="2418" class="1005" name="layer8_out_V_13_reg_2418">
<pin_list>
<pin id="2419" dir="0" index="0" bw="16" slack="1"/>
<pin id="2420" dir="1" index="1" bw="16" slack="1"/>
</pin_list>
<bind>
<opset="layer8_out_V_13 "/>
</bind>
</comp>

<comp id="2423" class="1005" name="layer8_out_V_14_reg_2423">
<pin_list>
<pin id="2424" dir="0" index="0" bw="16" slack="1"/>
<pin id="2425" dir="1" index="1" bw="16" slack="1"/>
</pin_list>
<bind>
<opset="layer8_out_V_14 "/>
</bind>
</comp>

<comp id="2428" class="1005" name="layer8_out_V_15_reg_2428">
<pin_list>
<pin id="2429" dir="0" index="0" bw="16" slack="1"/>
<pin id="2430" dir="1" index="1" bw="16" slack="1"/>
</pin_list>
<bind>
<opset="layer8_out_V_15 "/>
</bind>
</comp>

<comp id="2433" class="1005" name="layer8_out_V_16_reg_2433">
<pin_list>
<pin id="2434" dir="0" index="0" bw="16" slack="1"/>
<pin id="2435" dir="1" index="1" bw="16" slack="1"/>
</pin_list>
<bind>
<opset="layer8_out_V_16 "/>
</bind>
</comp>

<comp id="2438" class="1005" name="layer8_out_V_17_reg_2438">
<pin_list>
<pin id="2439" dir="0" index="0" bw="16" slack="1"/>
<pin id="2440" dir="1" index="1" bw="16" slack="1"/>
</pin_list>
<bind>
<opset="layer8_out_V_17 "/>
</bind>
</comp>

<comp id="2443" class="1005" name="layer8_out_V_18_reg_2443">
<pin_list>
<pin id="2444" dir="0" index="0" bw="16" slack="1"/>
<pin id="2445" dir="1" index="1" bw="16" slack="1"/>
</pin_list>
<bind>
<opset="layer8_out_V_18 "/>
</bind>
</comp>

<comp id="2448" class="1005" name="layer8_out_V_19_reg_2448">
<pin_list>
<pin id="2449" dir="0" index="0" bw="16" slack="1"/>
<pin id="2450" dir="1" index="1" bw="16" slack="1"/>
</pin_list>
<bind>
<opset="layer8_out_V_19 "/>
</bind>
</comp>

<comp id="2453" class="1005" name="layer8_out_V_20_reg_2453">
<pin_list>
<pin id="2454" dir="0" index="0" bw="16" slack="1"/>
<pin id="2455" dir="1" index="1" bw="16" slack="1"/>
</pin_list>
<bind>
<opset="layer8_out_V_20 "/>
</bind>
</comp>

<comp id="2458" class="1005" name="layer8_out_V_21_reg_2458">
<pin_list>
<pin id="2459" dir="0" index="0" bw="16" slack="1"/>
<pin id="2460" dir="1" index="1" bw="16" slack="1"/>
</pin_list>
<bind>
<opset="layer8_out_V_21 "/>
</bind>
</comp>

<comp id="2463" class="1005" name="layer8_out_V_22_reg_2463">
<pin_list>
<pin id="2464" dir="0" index="0" bw="16" slack="1"/>
<pin id="2465" dir="1" index="1" bw="16" slack="1"/>
</pin_list>
<bind>
<opset="layer8_out_V_22 "/>
</bind>
</comp>

<comp id="2468" class="1005" name="layer8_out_V_23_reg_2468">
<pin_list>
<pin id="2469" dir="0" index="0" bw="16" slack="1"/>
<pin id="2470" dir="1" index="1" bw="16" slack="1"/>
</pin_list>
<bind>
<opset="layer8_out_V_23 "/>
</bind>
</comp>

<comp id="2473" class="1005" name="layer8_out_V_24_reg_2473">
<pin_list>
<pin id="2474" dir="0" index="0" bw="16" slack="1"/>
<pin id="2475" dir="1" index="1" bw="16" slack="1"/>
</pin_list>
<bind>
<opset="layer8_out_V_24 "/>
</bind>
</comp>

<comp id="2478" class="1005" name="layer8_out_V_25_reg_2478">
<pin_list>
<pin id="2479" dir="0" index="0" bw="16" slack="1"/>
<pin id="2480" dir="1" index="1" bw="16" slack="1"/>
</pin_list>
<bind>
<opset="layer8_out_V_25 "/>
</bind>
</comp>

<comp id="2483" class="1005" name="layer8_out_V_26_reg_2483">
<pin_list>
<pin id="2484" dir="0" index="0" bw="16" slack="1"/>
<pin id="2485" dir="1" index="1" bw="16" slack="1"/>
</pin_list>
<bind>
<opset="layer8_out_V_26 "/>
</bind>
</comp>

<comp id="2488" class="1005" name="layer8_out_V_27_reg_2488">
<pin_list>
<pin id="2489" dir="0" index="0" bw="16" slack="1"/>
<pin id="2490" dir="1" index="1" bw="16" slack="1"/>
</pin_list>
<bind>
<opset="layer8_out_V_27 "/>
</bind>
</comp>

<comp id="2493" class="1005" name="layer8_out_V_28_reg_2493">
<pin_list>
<pin id="2494" dir="0" index="0" bw="16" slack="1"/>
<pin id="2495" dir="1" index="1" bw="16" slack="1"/>
</pin_list>
<bind>
<opset="layer8_out_V_28 "/>
</bind>
</comp>

<comp id="2498" class="1005" name="layer8_out_V_29_reg_2498">
<pin_list>
<pin id="2499" dir="0" index="0" bw="16" slack="1"/>
<pin id="2500" dir="1" index="1" bw="16" slack="1"/>
</pin_list>
<bind>
<opset="layer8_out_V_29 "/>
</bind>
</comp>

<comp id="2503" class="1005" name="layer8_out_V_30_reg_2503">
<pin_list>
<pin id="2504" dir="0" index="0" bw="16" slack="1"/>
<pin id="2505" dir="1" index="1" bw="16" slack="1"/>
</pin_list>
<bind>
<opset="layer8_out_V_30 "/>
</bind>
</comp>

<comp id="2508" class="1005" name="layer8_out_V_31_reg_2508">
<pin_list>
<pin id="2509" dir="0" index="0" bw="16" slack="1"/>
<pin id="2510" dir="1" index="1" bw="16" slack="1"/>
</pin_list>
<bind>
<opset="layer8_out_V_31 "/>
</bind>
</comp>

<comp id="2513" class="1005" name="layer10_out_V_reg_2513">
<pin_list>
<pin id="2514" dir="0" index="0" bw="16" slack="1"/>
<pin id="2515" dir="1" index="1" bw="16" slack="1"/>
</pin_list>
<bind>
<opset="layer10_out_V "/>
</bind>
</comp>

<comp id="2518" class="1005" name="layer10_out_V_1_reg_2518">
<pin_list>
<pin id="2519" dir="0" index="0" bw="16" slack="1"/>
<pin id="2520" dir="1" index="1" bw="16" slack="1"/>
</pin_list>
<bind>
<opset="layer10_out_V_1 "/>
</bind>
</comp>

<comp id="2523" class="1005" name="layer10_out_V_2_reg_2523">
<pin_list>
<pin id="2524" dir="0" index="0" bw="16" slack="1"/>
<pin id="2525" dir="1" index="1" bw="16" slack="1"/>
</pin_list>
<bind>
<opset="layer10_out_V_2 "/>
</bind>
</comp>

<comp id="2528" class="1005" name="layer10_out_V_3_reg_2528">
<pin_list>
<pin id="2529" dir="0" index="0" bw="16" slack="1"/>
<pin id="2530" dir="1" index="1" bw="16" slack="1"/>
</pin_list>
<bind>
<opset="layer10_out_V_3 "/>
</bind>
</comp>

<comp id="2533" class="1005" name="layer10_out_V_4_reg_2533">
<pin_list>
<pin id="2534" dir="0" index="0" bw="16" slack="1"/>
<pin id="2535" dir="1" index="1" bw="16" slack="1"/>
</pin_list>
<bind>
<opset="layer10_out_V_4 "/>
</bind>
</comp>

<comp id="2538" class="1005" name="layer10_out_V_5_reg_2538">
<pin_list>
<pin id="2539" dir="0" index="0" bw="16" slack="1"/>
<pin id="2540" dir="1" index="1" bw="16" slack="1"/>
</pin_list>
<bind>
<opset="layer10_out_V_5 "/>
</bind>
</comp>

<comp id="2543" class="1005" name="layer10_out_V_6_reg_2543">
<pin_list>
<pin id="2544" dir="0" index="0" bw="16" slack="1"/>
<pin id="2545" dir="1" index="1" bw="16" slack="1"/>
</pin_list>
<bind>
<opset="layer10_out_V_6 "/>
</bind>
</comp>

<comp id="2548" class="1005" name="layer10_out_V_7_reg_2548">
<pin_list>
<pin id="2549" dir="0" index="0" bw="16" slack="1"/>
<pin id="2550" dir="1" index="1" bw="16" slack="1"/>
</pin_list>
<bind>
<opset="layer10_out_V_7 "/>
</bind>
</comp>

<comp id="2553" class="1005" name="layer10_out_V_8_reg_2553">
<pin_list>
<pin id="2554" dir="0" index="0" bw="16" slack="1"/>
<pin id="2555" dir="1" index="1" bw="16" slack="1"/>
</pin_list>
<bind>
<opset="layer10_out_V_8 "/>
</bind>
</comp>

<comp id="2558" class="1005" name="layer10_out_V_9_reg_2558">
<pin_list>
<pin id="2559" dir="0" index="0" bw="16" slack="1"/>
<pin id="2560" dir="1" index="1" bw="16" slack="1"/>
</pin_list>
<bind>
<opset="layer10_out_V_9 "/>
</bind>
</comp>

<comp id="2563" class="1005" name="layer10_out_V_10_reg_2563">
<pin_list>
<pin id="2564" dir="0" index="0" bw="16" slack="1"/>
<pin id="2565" dir="1" index="1" bw="16" slack="1"/>
</pin_list>
<bind>
<opset="layer10_out_V_10 "/>
</bind>
</comp>

<comp id="2568" class="1005" name="layer10_out_V_11_reg_2568">
<pin_list>
<pin id="2569" dir="0" index="0" bw="16" slack="1"/>
<pin id="2570" dir="1" index="1" bw="16" slack="1"/>
</pin_list>
<bind>
<opset="layer10_out_V_11 "/>
</bind>
</comp>

<comp id="2573" class="1005" name="layer10_out_V_12_reg_2573">
<pin_list>
<pin id="2574" dir="0" index="0" bw="16" slack="1"/>
<pin id="2575" dir="1" index="1" bw="16" slack="1"/>
</pin_list>
<bind>
<opset="layer10_out_V_12 "/>
</bind>
</comp>

<comp id="2578" class="1005" name="layer10_out_V_13_reg_2578">
<pin_list>
<pin id="2579" dir="0" index="0" bw="16" slack="1"/>
<pin id="2580" dir="1" index="1" bw="16" slack="1"/>
</pin_list>
<bind>
<opset="layer10_out_V_13 "/>
</bind>
</comp>

<comp id="2583" class="1005" name="layer10_out_V_14_reg_2583">
<pin_list>
<pin id="2584" dir="0" index="0" bw="16" slack="1"/>
<pin id="2585" dir="1" index="1" bw="16" slack="1"/>
</pin_list>
<bind>
<opset="layer10_out_V_14 "/>
</bind>
</comp>

<comp id="2588" class="1005" name="layer10_out_V_15_reg_2588">
<pin_list>
<pin id="2589" dir="0" index="0" bw="16" slack="1"/>
<pin id="2590" dir="1" index="1" bw="16" slack="1"/>
</pin_list>
<bind>
<opset="layer10_out_V_15 "/>
</bind>
</comp>

<comp id="2593" class="1005" name="layer10_out_V_16_reg_2593">
<pin_list>
<pin id="2594" dir="0" index="0" bw="16" slack="1"/>
<pin id="2595" dir="1" index="1" bw="16" slack="1"/>
</pin_list>
<bind>
<opset="layer10_out_V_16 "/>
</bind>
</comp>

<comp id="2598" class="1005" name="layer10_out_V_17_reg_2598">
<pin_list>
<pin id="2599" dir="0" index="0" bw="16" slack="1"/>
<pin id="2600" dir="1" index="1" bw="16" slack="1"/>
</pin_list>
<bind>
<opset="layer10_out_V_17 "/>
</bind>
</comp>

<comp id="2603" class="1005" name="layer10_out_V_18_reg_2603">
<pin_list>
<pin id="2604" dir="0" index="0" bw="16" slack="1"/>
<pin id="2605" dir="1" index="1" bw="16" slack="1"/>
</pin_list>
<bind>
<opset="layer10_out_V_18 "/>
</bind>
</comp>

<comp id="2608" class="1005" name="layer10_out_V_19_reg_2608">
<pin_list>
<pin id="2609" dir="0" index="0" bw="16" slack="1"/>
<pin id="2610" dir="1" index="1" bw="16" slack="1"/>
</pin_list>
<bind>
<opset="layer10_out_V_19 "/>
</bind>
</comp>

<comp id="2613" class="1005" name="layer10_out_V_20_reg_2613">
<pin_list>
<pin id="2614" dir="0" index="0" bw="16" slack="1"/>
<pin id="2615" dir="1" index="1" bw="16" slack="1"/>
</pin_list>
<bind>
<opset="layer10_out_V_20 "/>
</bind>
</comp>

<comp id="2618" class="1005" name="layer10_out_V_21_reg_2618">
<pin_list>
<pin id="2619" dir="0" index="0" bw="16" slack="1"/>
<pin id="2620" dir="1" index="1" bw="16" slack="1"/>
</pin_list>
<bind>
<opset="layer10_out_V_21 "/>
</bind>
</comp>

<comp id="2623" class="1005" name="layer10_out_V_22_reg_2623">
<pin_list>
<pin id="2624" dir="0" index="0" bw="16" slack="1"/>
<pin id="2625" dir="1" index="1" bw="16" slack="1"/>
</pin_list>
<bind>
<opset="layer10_out_V_22 "/>
</bind>
</comp>

<comp id="2628" class="1005" name="layer10_out_V_23_reg_2628">
<pin_list>
<pin id="2629" dir="0" index="0" bw="16" slack="1"/>
<pin id="2630" dir="1" index="1" bw="16" slack="1"/>
</pin_list>
<bind>
<opset="layer10_out_V_23 "/>
</bind>
</comp>

<comp id="2633" class="1005" name="layer10_out_V_24_reg_2633">
<pin_list>
<pin id="2634" dir="0" index="0" bw="16" slack="1"/>
<pin id="2635" dir="1" index="1" bw="16" slack="1"/>
</pin_list>
<bind>
<opset="layer10_out_V_24 "/>
</bind>
</comp>

<comp id="2638" class="1005" name="layer10_out_V_25_reg_2638">
<pin_list>
<pin id="2639" dir="0" index="0" bw="16" slack="1"/>
<pin id="2640" dir="1" index="1" bw="16" slack="1"/>
</pin_list>
<bind>
<opset="layer10_out_V_25 "/>
</bind>
</comp>

<comp id="2643" class="1005" name="layer10_out_V_26_reg_2643">
<pin_list>
<pin id="2644" dir="0" index="0" bw="16" slack="1"/>
<pin id="2645" dir="1" index="1" bw="16" slack="1"/>
</pin_list>
<bind>
<opset="layer10_out_V_26 "/>
</bind>
</comp>

<comp id="2648" class="1005" name="layer10_out_V_27_reg_2648">
<pin_list>
<pin id="2649" dir="0" index="0" bw="16" slack="1"/>
<pin id="2650" dir="1" index="1" bw="16" slack="1"/>
</pin_list>
<bind>
<opset="layer10_out_V_27 "/>
</bind>
</comp>

<comp id="2653" class="1005" name="layer10_out_V_28_reg_2653">
<pin_list>
<pin id="2654" dir="0" index="0" bw="16" slack="1"/>
<pin id="2655" dir="1" index="1" bw="16" slack="1"/>
</pin_list>
<bind>
<opset="layer10_out_V_28 "/>
</bind>
</comp>

<comp id="2658" class="1005" name="layer10_out_V_29_reg_2658">
<pin_list>
<pin id="2659" dir="0" index="0" bw="16" slack="1"/>
<pin id="2660" dir="1" index="1" bw="16" slack="1"/>
</pin_list>
<bind>
<opset="layer10_out_V_29 "/>
</bind>
</comp>

<comp id="2663" class="1005" name="layer10_out_V_30_reg_2663">
<pin_list>
<pin id="2664" dir="0" index="0" bw="16" slack="1"/>
<pin id="2665" dir="1" index="1" bw="16" slack="1"/>
</pin_list>
<bind>
<opset="layer10_out_V_30 "/>
</bind>
</comp>

<comp id="2668" class="1005" name="layer10_out_V_31_reg_2668">
<pin_list>
<pin id="2669" dir="0" index="0" bw="16" slack="1"/>
<pin id="2670" dir="1" index="1" bw="16" slack="1"/>
</pin_list>
<bind>
<opset="layer10_out_V_31 "/>
</bind>
</comp>

<comp id="2673" class="1005" name="layer11_out_V_reg_2673">
<pin_list>
<pin id="2674" dir="0" index="0" bw="16" slack="1"/>
<pin id="2675" dir="1" index="1" bw="16" slack="1"/>
</pin_list>
<bind>
<opset="layer11_out_V "/>
</bind>
</comp>

<comp id="2678" class="1005" name="layer11_out_V_1_reg_2678">
<pin_list>
<pin id="2679" dir="0" index="0" bw="16" slack="1"/>
<pin id="2680" dir="1" index="1" bw="16" slack="1"/>
</pin_list>
<bind>
<opset="layer11_out_V_1 "/>
</bind>
</comp>

<comp id="2683" class="1005" name="layer11_out_V_2_reg_2683">
<pin_list>
<pin id="2684" dir="0" index="0" bw="16" slack="1"/>
<pin id="2685" dir="1" index="1" bw="16" slack="1"/>
</pin_list>
<bind>
<opset="layer11_out_V_2 "/>
</bind>
</comp>

<comp id="2688" class="1005" name="layer11_out_V_3_reg_2688">
<pin_list>
<pin id="2689" dir="0" index="0" bw="16" slack="1"/>
<pin id="2690" dir="1" index="1" bw="16" slack="1"/>
</pin_list>
<bind>
<opset="layer11_out_V_3 "/>
</bind>
</comp>

<comp id="2693" class="1005" name="layer11_out_V_4_reg_2693">
<pin_list>
<pin id="2694" dir="0" index="0" bw="16" slack="1"/>
<pin id="2695" dir="1" index="1" bw="16" slack="1"/>
</pin_list>
<bind>
<opset="layer11_out_V_4 "/>
</bind>
</comp>

</comp_list>

<net_list>
<net id="50"><net_src comp="18" pin="0"/><net_sink comp="46" pin=0"/></net>

<net id="51"><net_src comp="2" pin="0"/><net_sink comp="46" pin=1"/></net>

<net id="57"><net_src comp="0" pin="0"/><net_sink comp="52" pin=0"/></net>

<net id="58"><net_src comp="20" pin="0"/><net_sink comp="52" pin=1"/></net>

<net id="64"><net_src comp="52" pin="3"/><net_sink comp="59" pin=0"/></net>

<net id="70"><net_src comp="12" pin="0"/><net_sink comp="65" pin=0"/></net>

<net id="71"><net_src comp="20" pin="0"/><net_sink comp="65" pin=1"/></net>

<net id="77"><net_src comp="10" pin="0"/><net_sink comp="72" pin=0"/></net>

<net id="78"><net_src comp="20" pin="0"/><net_sink comp="72" pin=1"/></net>

<net id="84"><net_src comp="8" pin="0"/><net_sink comp="79" pin=0"/></net>

<net id="85"><net_src comp="20" pin="0"/><net_sink comp="79" pin=1"/></net>

<net id="91"><net_src comp="6" pin="0"/><net_sink comp="86" pin=0"/></net>

<net id="92"><net_src comp="20" pin="0"/><net_sink comp="86" pin=1"/></net>

<net id="98"><net_src comp="4" pin="0"/><net_sink comp="93" pin=0"/></net>

<net id="99"><net_src comp="20" pin="0"/><net_sink comp="93" pin=1"/></net>

<net id="105"><net_src comp="93" pin="3"/><net_sink comp="100" pin=0"/></net>

<net id="111"><net_src comp="86" pin="3"/><net_sink comp="106" pin=0"/></net>

<net id="117"><net_src comp="79" pin="3"/><net_sink comp="112" pin=0"/></net>

<net id="123"><net_src comp="72" pin="3"/><net_sink comp="118" pin=0"/></net>

<net id="129"><net_src comp="65" pin="3"/><net_sink comp="124" pin=0"/></net>

<net id="134"><net_src comp="22" pin="0"/><net_sink comp="130" pin=0"/></net>

<net id="202"><net_src comp="24" pin="0"/><net_sink comp="135" pin=0"/></net>

<net id="270"><net_src comp="26" pin="0"/><net_sink comp="203" pin=0"/></net>

<net id="306"><net_src comp="28" pin="0"/><net_sink comp="271" pin=0"/></net>

<net id="342"><net_src comp="30" pin="0"/><net_sink comp="307" pin=0"/></net>

<net id="378"><net_src comp="32" pin="0"/><net_sink comp="343" pin=0"/></net>

<net id="414"><net_src comp="34" pin="0"/><net_sink comp="379" pin=0"/></net>

<net id="425"><net_src comp="36" pin="0"/><net_sink comp="415" pin=0"/></net>

<net id="426"><net_src comp="14" pin="0"/><net_sink comp="415" pin=6"/></net>

<net id="427"><net_src comp="16" pin="0"/><net_sink comp="415" pin=7"/></net>

<net id="431"><net_src comp="46" pin="2"/><net_sink comp="428" pin=0"/></net>

<net id="432"><net_src comp="428" pin="1"/><net_sink comp="52" pin=2"/></net>

<net id="436"><net_src comp="130" pin="2"/><net_sink comp="433" pin=0"/></net>

<net id="440"><net_src comp="130" pin="2"/><net_sink comp="437" pin=0"/></net>

<net id="444"><net_src comp="130" pin="2"/><net_sink comp="441" pin=0"/></net>

<net id="448"><net_src comp="130" pin="2"/><net_sink comp="445" pin=0"/></net>

<net id="452"><net_src comp="130" pin="2"/><net_sink comp="449" pin=0"/></net>

<net id="456"><net_src comp="130" pin="2"/><net_sink comp="453" pin=0"/></net>

<net id="460"><net_src comp="130" pin="2"/><net_sink comp="457" pin=0"/></net>

<net id="464"><net_src comp="130" pin="2"/><net_sink comp="461" pin=0"/></net>

<net id="468"><net_src comp="130" pin="2"/><net_sink comp="465" pin=0"/></net>

<net id="472"><net_src comp="130" pin="2"/><net_sink comp="469" pin=0"/></net>

<net id="476"><net_src comp="130" pin="2"/><net_sink comp="473" pin=0"/></net>

<net id="480"><net_src comp="130" pin="2"/><net_sink comp="477" pin=0"/></net>

<net id="484"><net_src comp="130" pin="2"/><net_sink comp="481" pin=0"/></net>

<net id="488"><net_src comp="130" pin="2"/><net_sink comp="485" pin=0"/></net>

<net id="492"><net_src comp="130" pin="2"/><net_sink comp="489" pin=0"/></net>

<net id="496"><net_src comp="130" pin="2"/><net_sink comp="493" pin=0"/></net>

<net id="500"><net_src comp="130" pin="2"/><net_sink comp="497" pin=0"/></net>

<net id="504"><net_src comp="130" pin="2"/><net_sink comp="501" pin=0"/></net>

<net id="508"><net_src comp="130" pin="2"/><net_sink comp="505" pin=0"/></net>

<net id="512"><net_src comp="130" pin="2"/><net_sink comp="509" pin=0"/></net>

<net id="516"><net_src comp="130" pin="2"/><net_sink comp="513" pin=0"/></net>

<net id="520"><net_src comp="130" pin="2"/><net_sink comp="517" pin=0"/></net>

<net id="524"><net_src comp="130" pin="2"/><net_sink comp="521" pin=0"/></net>

<net id="528"><net_src comp="130" pin="2"/><net_sink comp="525" pin=0"/></net>

<net id="532"><net_src comp="130" pin="2"/><net_sink comp="529" pin=0"/></net>

<net id="536"><net_src comp="130" pin="2"/><net_sink comp="533" pin=0"/></net>

<net id="540"><net_src comp="130" pin="2"/><net_sink comp="537" pin=0"/></net>

<net id="544"><net_src comp="130" pin="2"/><net_sink comp="541" pin=0"/></net>

<net id="548"><net_src comp="130" pin="2"/><net_sink comp="545" pin=0"/></net>

<net id="552"><net_src comp="130" pin="2"/><net_sink comp="549" pin=0"/></net>

<net id="556"><net_src comp="130" pin="2"/><net_sink comp="553" pin=0"/></net>

<net id="560"><net_src comp="130" pin="2"/><net_sink comp="557" pin=0"/></net>

<net id="564"><net_src comp="130" pin="2"/><net_sink comp="561" pin=0"/></net>

<net id="568"><net_src comp="130" pin="2"/><net_sink comp="565" pin=0"/></net>

<net id="572"><net_src comp="130" pin="2"/><net_sink comp="569" pin=0"/></net>

<net id="576"><net_src comp="130" pin="2"/><net_sink comp="573" pin=0"/></net>

<net id="580"><net_src comp="130" pin="2"/><net_sink comp="577" pin=0"/></net>

<net id="584"><net_src comp="130" pin="2"/><net_sink comp="581" pin=0"/></net>

<net id="588"><net_src comp="130" pin="2"/><net_sink comp="585" pin=0"/></net>

<net id="592"><net_src comp="130" pin="2"/><net_sink comp="589" pin=0"/></net>

<net id="596"><net_src comp="130" pin="2"/><net_sink comp="593" pin=0"/></net>

<net id="600"><net_src comp="130" pin="2"/><net_sink comp="597" pin=0"/></net>

<net id="604"><net_src comp="130" pin="2"/><net_sink comp="601" pin=0"/></net>

<net id="608"><net_src comp="130" pin="2"/><net_sink comp="605" pin=0"/></net>

<net id="612"><net_src comp="130" pin="2"/><net_sink comp="609" pin=0"/></net>

<net id="616"><net_src comp="130" pin="2"/><net_sink comp="613" pin=0"/></net>

<net id="620"><net_src comp="130" pin="2"/><net_sink comp="617" pin=0"/></net>

<net id="624"><net_src comp="130" pin="2"/><net_sink comp="621" pin=0"/></net>

<net id="628"><net_src comp="130" pin="2"/><net_sink comp="625" pin=0"/></net>

<net id="632"><net_src comp="130" pin="2"/><net_sink comp="629" pin=0"/></net>

<net id="636"><net_src comp="130" pin="2"/><net_sink comp="633" pin=0"/></net>

<net id="640"><net_src comp="130" pin="2"/><net_sink comp="637" pin=0"/></net>

<net id="644"><net_src comp="130" pin="2"/><net_sink comp="641" pin=0"/></net>

<net id="648"><net_src comp="130" pin="2"/><net_sink comp="645" pin=0"/></net>

<net id="652"><net_src comp="130" pin="2"/><net_sink comp="649" pin=0"/></net>

<net id="656"><net_src comp="130" pin="2"/><net_sink comp="653" pin=0"/></net>

<net id="660"><net_src comp="130" pin="2"/><net_sink comp="657" pin=0"/></net>

<net id="664"><net_src comp="130" pin="2"/><net_sink comp="661" pin=0"/></net>

<net id="668"><net_src comp="130" pin="2"/><net_sink comp="665" pin=0"/></net>

<net id="672"><net_src comp="130" pin="2"/><net_sink comp="669" pin=0"/></net>

<net id="676"><net_src comp="130" pin="2"/><net_sink comp="673" pin=0"/></net>

<net id="680"><net_src comp="130" pin="2"/><net_sink comp="677" pin=0"/></net>

<net id="684"><net_src comp="130" pin="2"/><net_sink comp="681" pin=0"/></net>

<net id="688"><net_src comp="130" pin="2"/><net_sink comp="685" pin=0"/></net>

<net id="692"><net_src comp="135" pin="65"/><net_sink comp="689" pin=0"/></net>

<net id="696"><net_src comp="135" pin="65"/><net_sink comp="693" pin=0"/></net>

<net id="700"><net_src comp="135" pin="65"/><net_sink comp="697" pin=0"/></net>

<net id="704"><net_src comp="135" pin="65"/><net_sink comp="701" pin=0"/></net>

<net id="708"><net_src comp="135" pin="65"/><net_sink comp="705" pin=0"/></net>

<net id="712"><net_src comp="135" pin="65"/><net_sink comp="709" pin=0"/></net>

<net id="716"><net_src comp="135" pin="65"/><net_sink comp="713" pin=0"/></net>

<net id="720"><net_src comp="135" pin="65"/><net_sink comp="717" pin=0"/></net>

<net id="724"><net_src comp="135" pin="65"/><net_sink comp="721" pin=0"/></net>

<net id="728"><net_src comp="135" pin="65"/><net_sink comp="725" pin=0"/></net>

<net id="732"><net_src comp="135" pin="65"/><net_sink comp="729" pin=0"/></net>

<net id="736"><net_src comp="135" pin="65"/><net_sink comp="733" pin=0"/></net>

<net id="740"><net_src comp="135" pin="65"/><net_sink comp="737" pin=0"/></net>

<net id="744"><net_src comp="135" pin="65"/><net_sink comp="741" pin=0"/></net>

<net id="748"><net_src comp="135" pin="65"/><net_sink comp="745" pin=0"/></net>

<net id="752"><net_src comp="135" pin="65"/><net_sink comp="749" pin=0"/></net>

<net id="756"><net_src comp="135" pin="65"/><net_sink comp="753" pin=0"/></net>

<net id="760"><net_src comp="135" pin="65"/><net_sink comp="757" pin=0"/></net>

<net id="764"><net_src comp="135" pin="65"/><net_sink comp="761" pin=0"/></net>

<net id="768"><net_src comp="135" pin="65"/><net_sink comp="765" pin=0"/></net>

<net id="772"><net_src comp="135" pin="65"/><net_sink comp="769" pin=0"/></net>

<net id="776"><net_src comp="135" pin="65"/><net_sink comp="773" pin=0"/></net>

<net id="780"><net_src comp="135" pin="65"/><net_sink comp="777" pin=0"/></net>

<net id="784"><net_src comp="135" pin="65"/><net_sink comp="781" pin=0"/></net>

<net id="788"><net_src comp="135" pin="65"/><net_sink comp="785" pin=0"/></net>

<net id="792"><net_src comp="135" pin="65"/><net_sink comp="789" pin=0"/></net>

<net id="796"><net_src comp="135" pin="65"/><net_sink comp="793" pin=0"/></net>

<net id="800"><net_src comp="135" pin="65"/><net_sink comp="797" pin=0"/></net>

<net id="804"><net_src comp="135" pin="65"/><net_sink comp="801" pin=0"/></net>

<net id="808"><net_src comp="135" pin="65"/><net_sink comp="805" pin=0"/></net>

<net id="812"><net_src comp="135" pin="65"/><net_sink comp="809" pin=0"/></net>

<net id="816"><net_src comp="135" pin="65"/><net_sink comp="813" pin=0"/></net>

<net id="820"><net_src comp="135" pin="65"/><net_sink comp="817" pin=0"/></net>

<net id="824"><net_src comp="135" pin="65"/><net_sink comp="821" pin=0"/></net>

<net id="828"><net_src comp="135" pin="65"/><net_sink comp="825" pin=0"/></net>

<net id="832"><net_src comp="135" pin="65"/><net_sink comp="829" pin=0"/></net>

<net id="836"><net_src comp="135" pin="65"/><net_sink comp="833" pin=0"/></net>

<net id="840"><net_src comp="135" pin="65"/><net_sink comp="837" pin=0"/></net>

<net id="844"><net_src comp="135" pin="65"/><net_sink comp="841" pin=0"/></net>

<net id="848"><net_src comp="135" pin="65"/><net_sink comp="845" pin=0"/></net>

<net id="852"><net_src comp="135" pin="65"/><net_sink comp="849" pin=0"/></net>

<net id="856"><net_src comp="135" pin="65"/><net_sink comp="853" pin=0"/></net>

<net id="860"><net_src comp="135" pin="65"/><net_sink comp="857" pin=0"/></net>

<net id="864"><net_src comp="135" pin="65"/><net_sink comp="861" pin=0"/></net>

<net id="868"><net_src comp="135" pin="65"/><net_sink comp="865" pin=0"/></net>

<net id="872"><net_src comp="135" pin="65"/><net_sink comp="869" pin=0"/></net>

<net id="876"><net_src comp="135" pin="65"/><net_sink comp="873" pin=0"/></net>

<net id="880"><net_src comp="135" pin="65"/><net_sink comp="877" pin=0"/></net>

<net id="884"><net_src comp="135" pin="65"/><net_sink comp="881" pin=0"/></net>

<net id="888"><net_src comp="135" pin="65"/><net_sink comp="885" pin=0"/></net>

<net id="892"><net_src comp="135" pin="65"/><net_sink comp="889" pin=0"/></net>

<net id="896"><net_src comp="135" pin="65"/><net_sink comp="893" pin=0"/></net>

<net id="900"><net_src comp="135" pin="65"/><net_sink comp="897" pin=0"/></net>

<net id="904"><net_src comp="135" pin="65"/><net_sink comp="901" pin=0"/></net>

<net id="908"><net_src comp="135" pin="65"/><net_sink comp="905" pin=0"/></net>

<net id="912"><net_src comp="135" pin="65"/><net_sink comp="909" pin=0"/></net>

<net id="916"><net_src comp="135" pin="65"/><net_sink comp="913" pin=0"/></net>

<net id="920"><net_src comp="135" pin="65"/><net_sink comp="917" pin=0"/></net>

<net id="924"><net_src comp="135" pin="65"/><net_sink comp="921" pin=0"/></net>

<net id="928"><net_src comp="135" pin="65"/><net_sink comp="925" pin=0"/></net>

<net id="932"><net_src comp="135" pin="65"/><net_sink comp="929" pin=0"/></net>

<net id="936"><net_src comp="135" pin="65"/><net_sink comp="933" pin=0"/></net>

<net id="940"><net_src comp="135" pin="65"/><net_sink comp="937" pin=0"/></net>

<net id="944"><net_src comp="135" pin="65"/><net_sink comp="941" pin=0"/></net>

<net id="948"><net_src comp="203" pin="65"/><net_sink comp="945" pin=0"/></net>

<net id="949"><net_src comp="945" pin="1"/><net_sink comp="271" pin=1"/></net>

<net id="953"><net_src comp="203" pin="65"/><net_sink comp="950" pin=0"/></net>

<net id="954"><net_src comp="950" pin="1"/><net_sink comp="271" pin=2"/></net>

<net id="958"><net_src comp="203" pin="65"/><net_sink comp="955" pin=0"/></net>

<net id="959"><net_src comp="955" pin="1"/><net_sink comp="271" pin=3"/></net>

<net id="963"><net_src comp="203" pin="65"/><net_sink comp="960" pin=0"/></net>

<net id="964"><net_src comp="960" pin="1"/><net_sink comp="271" pin=4"/></net>

<net id="968"><net_src comp="203" pin="65"/><net_sink comp="965" pin=0"/></net>

<net id="969"><net_src comp="965" pin="1"/><net_sink comp="271" pin=5"/></net>

<net id="973"><net_src comp="203" pin="65"/><net_sink comp="970" pin=0"/></net>

<net id="974"><net_src comp="970" pin="1"/><net_sink comp="271" pin=6"/></net>

<net id="978"><net_src comp="203" pin="65"/><net_sink comp="975" pin=0"/></net>

<net id="979"><net_src comp="975" pin="1"/><net_sink comp="271" pin=7"/></net>

<net id="983"><net_src comp="203" pin="65"/><net_sink comp="980" pin=0"/></net>

<net id="984"><net_src comp="980" pin="1"/><net_sink comp="271" pin=8"/></net>

<net id="988"><net_src comp="203" pin="65"/><net_sink comp="985" pin=0"/></net>

<net id="989"><net_src comp="985" pin="1"/><net_sink comp="271" pin=9"/></net>

<net id="993"><net_src comp="203" pin="65"/><net_sink comp="990" pin=0"/></net>

<net id="994"><net_src comp="990" pin="1"/><net_sink comp="271" pin=10"/></net>

<net id="998"><net_src comp="203" pin="65"/><net_sink comp="995" pin=0"/></net>

<net id="999"><net_src comp="995" pin="1"/><net_sink comp="271" pin=11"/></net>

<net id="1003"><net_src comp="203" pin="65"/><net_sink comp="1000" pin=0"/></net>

<net id="1004"><net_src comp="1000" pin="1"/><net_sink comp="271" pin=12"/></net>

<net id="1008"><net_src comp="203" pin="65"/><net_sink comp="1005" pin=0"/></net>

<net id="1009"><net_src comp="1005" pin="1"/><net_sink comp="271" pin=13"/></net>

<net id="1013"><net_src comp="203" pin="65"/><net_sink comp="1010" pin=0"/></net>

<net id="1014"><net_src comp="1010" pin="1"/><net_sink comp="271" pin=14"/></net>

<net id="1018"><net_src comp="203" pin="65"/><net_sink comp="1015" pin=0"/></net>

<net id="1019"><net_src comp="1015" pin="1"/><net_sink comp="271" pin=15"/></net>

<net id="1023"><net_src comp="203" pin="65"/><net_sink comp="1020" pin=0"/></net>

<net id="1024"><net_src comp="1020" pin="1"/><net_sink comp="271" pin=16"/></net>

<net id="1028"><net_src comp="203" pin="65"/><net_sink comp="1025" pin=0"/></net>

<net id="1029"><net_src comp="1025" pin="1"/><net_sink comp="271" pin=17"/></net>

<net id="1033"><net_src comp="203" pin="65"/><net_sink comp="1030" pin=0"/></net>

<net id="1034"><net_src comp="1030" pin="1"/><net_sink comp="271" pin=18"/></net>

<net id="1038"><net_src comp="203" pin="65"/><net_sink comp="1035" pin=0"/></net>

<net id="1039"><net_src comp="1035" pin="1"/><net_sink comp="271" pin=19"/></net>

<net id="1043"><net_src comp="203" pin="65"/><net_sink comp="1040" pin=0"/></net>

<net id="1044"><net_src comp="1040" pin="1"/><net_sink comp="271" pin=20"/></net>

<net id="1048"><net_src comp="203" pin="65"/><net_sink comp="1045" pin=0"/></net>

<net id="1049"><net_src comp="1045" pin="1"/><net_sink comp="271" pin=21"/></net>

<net id="1053"><net_src comp="203" pin="65"/><net_sink comp="1050" pin=0"/></net>

<net id="1054"><net_src comp="1050" pin="1"/><net_sink comp="271" pin=22"/></net>

<net id="1058"><net_src comp="203" pin="65"/><net_sink comp="1055" pin=0"/></net>

<net id="1059"><net_src comp="1055" pin="1"/><net_sink comp="271" pin=23"/></net>

<net id="1063"><net_src comp="203" pin="65"/><net_sink comp="1060" pin=0"/></net>

<net id="1064"><net_src comp="1060" pin="1"/><net_sink comp="271" pin=24"/></net>

<net id="1068"><net_src comp="203" pin="65"/><net_sink comp="1065" pin=0"/></net>

<net id="1069"><net_src comp="1065" pin="1"/><net_sink comp="271" pin=25"/></net>

<net id="1073"><net_src comp="203" pin="65"/><net_sink comp="1070" pin=0"/></net>

<net id="1074"><net_src comp="1070" pin="1"/><net_sink comp="271" pin=26"/></net>

<net id="1078"><net_src comp="203" pin="65"/><net_sink comp="1075" pin=0"/></net>

<net id="1079"><net_src comp="1075" pin="1"/><net_sink comp="271" pin=27"/></net>

<net id="1083"><net_src comp="203" pin="65"/><net_sink comp="1080" pin=0"/></net>

<net id="1084"><net_src comp="1080" pin="1"/><net_sink comp="271" pin=28"/></net>

<net id="1088"><net_src comp="203" pin="65"/><net_sink comp="1085" pin=0"/></net>

<net id="1089"><net_src comp="1085" pin="1"/><net_sink comp="271" pin=29"/></net>

<net id="1093"><net_src comp="203" pin="65"/><net_sink comp="1090" pin=0"/></net>

<net id="1094"><net_src comp="1090" pin="1"/><net_sink comp="271" pin=30"/></net>

<net id="1098"><net_src comp="203" pin="65"/><net_sink comp="1095" pin=0"/></net>

<net id="1099"><net_src comp="1095" pin="1"/><net_sink comp="271" pin=31"/></net>

<net id="1103"><net_src comp="203" pin="65"/><net_sink comp="1100" pin=0"/></net>

<net id="1104"><net_src comp="1100" pin="1"/><net_sink comp="271" pin=32"/></net>

<net id="1108"><net_src comp="271" pin="33"/><net_sink comp="1105" pin=0"/></net>

<net id="1112"><net_src comp="271" pin="33"/><net_sink comp="1109" pin=0"/></net>

<net id="1116"><net_src comp="271" pin="33"/><net_sink comp="1113" pin=0"/></net>

<net id="1120"><net_src comp="271" pin="33"/><net_sink comp="1117" pin=0"/></net>

<net id="1124"><net_src comp="271" pin="33"/><net_sink comp="1121" pin=0"/></net>

<net id="1128"><net_src comp="271" pin="33"/><net_sink comp="1125" pin=0"/></net>

<net id="1132"><net_src comp="271" pin="33"/><net_sink comp="1129" pin=0"/></net>

<net id="1136"><net_src comp="271" pin="33"/><net_sink comp="1133" pin=0"/></net>

<net id="1140"><net_src comp="271" pin="33"/><net_sink comp="1137" pin=0"/></net>

<net id="1144"><net_src comp="271" pin="33"/><net_sink comp="1141" pin=0"/></net>

<net id="1148"><net_src comp="271" pin="33"/><net_sink comp="1145" pin=0"/></net>

<net id="1152"><net_src comp="271" pin="33"/><net_sink comp="1149" pin=0"/></net>

<net id="1156"><net_src comp="271" pin="33"/><net_sink comp="1153" pin=0"/></net>

<net id="1160"><net_src comp="271" pin="33"/><net_sink comp="1157" pin=0"/></net>

<net id="1164"><net_src comp="271" pin="33"/><net_sink comp="1161" pin=0"/></net>

<net id="1168"><net_src comp="271" pin="33"/><net_sink comp="1165" pin=0"/></net>

<net id="1172"><net_src comp="271" pin="33"/><net_sink comp="1169" pin=0"/></net>

<net id="1176"><net_src comp="271" pin="33"/><net_sink comp="1173" pin=0"/></net>

<net id="1180"><net_src comp="271" pin="33"/><net_sink comp="1177" pin=0"/></net>

<net id="1184"><net_src comp="271" pin="33"/><net_sink comp="1181" pin=0"/></net>

<net id="1188"><net_src comp="271" pin="33"/><net_sink comp="1185" pin=0"/></net>

<net id="1192"><net_src comp="271" pin="33"/><net_sink comp="1189" pin=0"/></net>

<net id="1196"><net_src comp="271" pin="33"/><net_sink comp="1193" pin=0"/></net>

<net id="1200"><net_src comp="271" pin="33"/><net_sink comp="1197" pin=0"/></net>

<net id="1204"><net_src comp="271" pin="33"/><net_sink comp="1201" pin=0"/></net>

<net id="1208"><net_src comp="271" pin="33"/><net_sink comp="1205" pin=0"/></net>

<net id="1212"><net_src comp="271" pin="33"/><net_sink comp="1209" pin=0"/></net>

<net id="1216"><net_src comp="271" pin="33"/><net_sink comp="1213" pin=0"/></net>

<net id="1220"><net_src comp="271" pin="33"/><net_sink comp="1217" pin=0"/></net>

<net id="1224"><net_src comp="271" pin="33"/><net_sink comp="1221" pin=0"/></net>

<net id="1228"><net_src comp="271" pin="33"/><net_sink comp="1225" pin=0"/></net>

<net id="1232"><net_src comp="271" pin="33"/><net_sink comp="1229" pin=0"/></net>

<net id="1236"><net_src comp="307" pin="33"/><net_sink comp="1233" pin=0"/></net>

<net id="1240"><net_src comp="307" pin="33"/><net_sink comp="1237" pin=0"/></net>

<net id="1244"><net_src comp="307" pin="33"/><net_sink comp="1241" pin=0"/></net>

<net id="1248"><net_src comp="307" pin="33"/><net_sink comp="1245" pin=0"/></net>

<net id="1252"><net_src comp="307" pin="33"/><net_sink comp="1249" pin=0"/></net>

<net id="1256"><net_src comp="307" pin="33"/><net_sink comp="1253" pin=0"/></net>

<net id="1260"><net_src comp="307" pin="33"/><net_sink comp="1257" pin=0"/></net>

<net id="1264"><net_src comp="307" pin="33"/><net_sink comp="1261" pin=0"/></net>

<net id="1268"><net_src comp="307" pin="33"/><net_sink comp="1265" pin=0"/></net>

<net id="1272"><net_src comp="307" pin="33"/><net_sink comp="1269" pin=0"/></net>

<net id="1276"><net_src comp="307" pin="33"/><net_sink comp="1273" pin=0"/></net>

<net id="1280"><net_src comp="307" pin="33"/><net_sink comp="1277" pin=0"/></net>

<net id="1284"><net_src comp="307" pin="33"/><net_sink comp="1281" pin=0"/></net>

<net id="1288"><net_src comp="307" pin="33"/><net_sink comp="1285" pin=0"/></net>

<net id="1292"><net_src comp="307" pin="33"/><net_sink comp="1289" pin=0"/></net>

<net id="1296"><net_src comp="307" pin="33"/><net_sink comp="1293" pin=0"/></net>

<net id="1300"><net_src comp="307" pin="33"/><net_sink comp="1297" pin=0"/></net>

<net id="1304"><net_src comp="307" pin="33"/><net_sink comp="1301" pin=0"/></net>

<net id="1308"><net_src comp="307" pin="33"/><net_sink comp="1305" pin=0"/></net>

<net id="1312"><net_src comp="307" pin="33"/><net_sink comp="1309" pin=0"/></net>

<net id="1316"><net_src comp="307" pin="33"/><net_sink comp="1313" pin=0"/></net>

<net id="1320"><net_src comp="307" pin="33"/><net_sink comp="1317" pin=0"/></net>

<net id="1324"><net_src comp="307" pin="33"/><net_sink comp="1321" pin=0"/></net>

<net id="1328"><net_src comp="307" pin="33"/><net_sink comp="1325" pin=0"/></net>

<net id="1332"><net_src comp="307" pin="33"/><net_sink comp="1329" pin=0"/></net>

<net id="1336"><net_src comp="307" pin="33"/><net_sink comp="1333" pin=0"/></net>

<net id="1340"><net_src comp="307" pin="33"/><net_sink comp="1337" pin=0"/></net>

<net id="1344"><net_src comp="307" pin="33"/><net_sink comp="1341" pin=0"/></net>

<net id="1348"><net_src comp="307" pin="33"/><net_sink comp="1345" pin=0"/></net>

<net id="1352"><net_src comp="307" pin="33"/><net_sink comp="1349" pin=0"/></net>

<net id="1356"><net_src comp="307" pin="33"/><net_sink comp="1353" pin=0"/></net>

<net id="1360"><net_src comp="307" pin="33"/><net_sink comp="1357" pin=0"/></net>

<net id="1364"><net_src comp="343" pin="33"/><net_sink comp="1361" pin=0"/></net>

<net id="1368"><net_src comp="343" pin="33"/><net_sink comp="1365" pin=0"/></net>

<net id="1372"><net_src comp="343" pin="33"/><net_sink comp="1369" pin=0"/></net>

<net id="1376"><net_src comp="343" pin="33"/><net_sink comp="1373" pin=0"/></net>

<net id="1380"><net_src comp="343" pin="33"/><net_sink comp="1377" pin=0"/></net>

<net id="1384"><net_src comp="343" pin="33"/><net_sink comp="1381" pin=0"/></net>

<net id="1388"><net_src comp="343" pin="33"/><net_sink comp="1385" pin=0"/></net>

<net id="1392"><net_src comp="343" pin="33"/><net_sink comp="1389" pin=0"/></net>

<net id="1396"><net_src comp="343" pin="33"/><net_sink comp="1393" pin=0"/></net>

<net id="1400"><net_src comp="343" pin="33"/><net_sink comp="1397" pin=0"/></net>

<net id="1404"><net_src comp="343" pin="33"/><net_sink comp="1401" pin=0"/></net>

<net id="1408"><net_src comp="343" pin="33"/><net_sink comp="1405" pin=0"/></net>

<net id="1412"><net_src comp="343" pin="33"/><net_sink comp="1409" pin=0"/></net>

<net id="1416"><net_src comp="343" pin="33"/><net_sink comp="1413" pin=0"/></net>

<net id="1420"><net_src comp="343" pin="33"/><net_sink comp="1417" pin=0"/></net>

<net id="1424"><net_src comp="343" pin="33"/><net_sink comp="1421" pin=0"/></net>

<net id="1428"><net_src comp="343" pin="33"/><net_sink comp="1425" pin=0"/></net>

<net id="1432"><net_src comp="343" pin="33"/><net_sink comp="1429" pin=0"/></net>

<net id="1436"><net_src comp="343" pin="33"/><net_sink comp="1433" pin=0"/></net>

<net id="1440"><net_src comp="343" pin="33"/><net_sink comp="1437" pin=0"/></net>

<net id="1444"><net_src comp="343" pin="33"/><net_sink comp="1441" pin=0"/></net>

<net id="1448"><net_src comp="343" pin="33"/><net_sink comp="1445" pin=0"/></net>

<net id="1452"><net_src comp="343" pin="33"/><net_sink comp="1449" pin=0"/></net>

<net id="1456"><net_src comp="343" pin="33"/><net_sink comp="1453" pin=0"/></net>

<net id="1460"><net_src comp="343" pin="33"/><net_sink comp="1457" pin=0"/></net>

<net id="1464"><net_src comp="343" pin="33"/><net_sink comp="1461" pin=0"/></net>

<net id="1468"><net_src comp="343" pin="33"/><net_sink comp="1465" pin=0"/></net>

<net id="1472"><net_src comp="343" pin="33"/><net_sink comp="1469" pin=0"/></net>

<net id="1476"><net_src comp="343" pin="33"/><net_sink comp="1473" pin=0"/></net>

<net id="1480"><net_src comp="343" pin="33"/><net_sink comp="1477" pin=0"/></net>

<net id="1484"><net_src comp="343" pin="33"/><net_sink comp="1481" pin=0"/></net>

<net id="1488"><net_src comp="343" pin="33"/><net_sink comp="1485" pin=0"/></net>

<net id="1492"><net_src comp="379" pin="33"/><net_sink comp="1489" pin=0"/></net>

<net id="1496"><net_src comp="379" pin="33"/><net_sink comp="1493" pin=0"/></net>

<net id="1500"><net_src comp="379" pin="33"/><net_sink comp="1497" pin=0"/></net>

<net id="1504"><net_src comp="379" pin="33"/><net_sink comp="1501" pin=0"/></net>

<net id="1508"><net_src comp="379" pin="33"/><net_sink comp="1505" pin=0"/></net>

<net id="1512"><net_src comp="415" pin="8"/><net_sink comp="1509" pin=0"/></net>

<net id="1513"><net_src comp="1509" pin="1"/><net_sink comp="100" pin=1"/></net>

<net id="1517"><net_src comp="415" pin="8"/><net_sink comp="1514" pin=0"/></net>

<net id="1518"><net_src comp="1514" pin="1"/><net_sink comp="106" pin=1"/></net>

<net id="1522"><net_src comp="415" pin="8"/><net_sink comp="1519" pin=0"/></net>

<net id="1523"><net_src comp="1519" pin="1"/><net_sink comp="112" pin=1"/></net>

<net id="1527"><net_src comp="415" pin="8"/><net_sink comp="1524" pin=0"/></net>

<net id="1528"><net_src comp="1524" pin="1"/><net_sink comp="118" pin=1"/></net>

<net id="1532"><net_src comp="415" pin="8"/><net_sink comp="1529" pin=0"/></net>

<net id="1533"><net_src comp="1529" pin="1"/><net_sink comp="124" pin=1"/></net>

<net id="1537"><net_src comp="428" pin="1"/><net_sink comp="1534" pin=0"/></net>

<net id="1538"><net_src comp="1534" pin="1"/><net_sink comp="65" pin=2"/></net>

<net id="1539"><net_src comp="1534" pin="1"/><net_sink comp="72" pin=2"/></net>

<net id="1540"><net_src comp="1534" pin="1"/><net_sink comp="79" pin=2"/></net>

<net id="1541"><net_src comp="1534" pin="1"/><net_sink comp="86" pin=2"/></net>

<net id="1542"><net_src comp="1534" pin="1"/><net_sink comp="93" pin=2"/></net>

<net id="1546"><net_src comp="52" pin="3"/><net_sink comp="1543" pin=0"/></net>

<net id="1547"><net_src comp="1543" pin="1"/><net_sink comp="59" pin=0"/></net>

<net id="1551"><net_src comp="59" pin="3"/><net_sink comp="1548" pin=0"/></net>

<net id="1552"><net_src comp="1548" pin="1"/><net_sink comp="130" pin=1"/></net>

<net id="1556"><net_src comp="433" pin="1"/><net_sink comp="1553" pin=0"/></net>

<net id="1557"><net_src comp="1553" pin="1"/><net_sink comp="135" pin=1"/></net>

<net id="1561"><net_src comp="437" pin="1"/><net_sink comp="1558" pin=0"/></net>

<net id="1562"><net_src comp="1558" pin="1"/><net_sink comp="135" pin=2"/></net>

<net id="1566"><net_src comp="441" pin="1"/><net_sink comp="1563" pin=0"/></net>

<net id="1567"><net_src comp="1563" pin="1"/><net_sink comp="135" pin=3"/></net>

<net id="1571"><net_src comp="445" pin="1"/><net_sink comp="1568" pin=0"/></net>

<net id="1572"><net_src comp="1568" pin="1"/><net_sink comp="135" pin=4"/></net>

<net id="1576"><net_src comp="449" pin="1"/><net_sink comp="1573" pin=0"/></net>

<net id="1577"><net_src comp="1573" pin="1"/><net_sink comp="135" pin=5"/></net>

<net id="1581"><net_src comp="453" pin="1"/><net_sink comp="1578" pin=0"/></net>

<net id="1582"><net_src comp="1578" pin="1"/><net_sink comp="135" pin=6"/></net>

<net id="1586"><net_src comp="457" pin="1"/><net_sink comp="1583" pin=0"/></net>

<net id="1587"><net_src comp="1583" pin="1"/><net_sink comp="135" pin=7"/></net>

<net id="1591"><net_src comp="461" pin="1"/><net_sink comp="1588" pin=0"/></net>

<net id="1592"><net_src comp="1588" pin="1"/><net_sink comp="135" pin=8"/></net>

<net id="1596"><net_src comp="465" pin="1"/><net_sink comp="1593" pin=0"/></net>

<net id="1597"><net_src comp="1593" pin="1"/><net_sink comp="135" pin=9"/></net>

<net id="1601"><net_src comp="469" pin="1"/><net_sink comp="1598" pin=0"/></net>

<net id="1602"><net_src comp="1598" pin="1"/><net_sink comp="135" pin=10"/></net>

<net id="1606"><net_src comp="473" pin="1"/><net_sink comp="1603" pin=0"/></net>

<net id="1607"><net_src comp="1603" pin="1"/><net_sink comp="135" pin=11"/></net>

<net id="1611"><net_src comp="477" pin="1"/><net_sink comp="1608" pin=0"/></net>

<net id="1612"><net_src comp="1608" pin="1"/><net_sink comp="135" pin=12"/></net>

<net id="1616"><net_src comp="481" pin="1"/><net_sink comp="1613" pin=0"/></net>

<net id="1617"><net_src comp="1613" pin="1"/><net_sink comp="135" pin=13"/></net>

<net id="1621"><net_src comp="485" pin="1"/><net_sink comp="1618" pin=0"/></net>

<net id="1622"><net_src comp="1618" pin="1"/><net_sink comp="135" pin=14"/></net>

<net id="1626"><net_src comp="489" pin="1"/><net_sink comp="1623" pin=0"/></net>

<net id="1627"><net_src comp="1623" pin="1"/><net_sink comp="135" pin=15"/></net>

<net id="1631"><net_src comp="493" pin="1"/><net_sink comp="1628" pin=0"/></net>

<net id="1632"><net_src comp="1628" pin="1"/><net_sink comp="135" pin=16"/></net>

<net id="1636"><net_src comp="497" pin="1"/><net_sink comp="1633" pin=0"/></net>

<net id="1637"><net_src comp="1633" pin="1"/><net_sink comp="135" pin=17"/></net>

<net id="1641"><net_src comp="501" pin="1"/><net_sink comp="1638" pin=0"/></net>

<net id="1642"><net_src comp="1638" pin="1"/><net_sink comp="135" pin=18"/></net>

<net id="1646"><net_src comp="505" pin="1"/><net_sink comp="1643" pin=0"/></net>

<net id="1647"><net_src comp="1643" pin="1"/><net_sink comp="135" pin=19"/></net>

<net id="1651"><net_src comp="509" pin="1"/><net_sink comp="1648" pin=0"/></net>

<net id="1652"><net_src comp="1648" pin="1"/><net_sink comp="135" pin=20"/></net>

<net id="1656"><net_src comp="513" pin="1"/><net_sink comp="1653" pin=0"/></net>

<net id="1657"><net_src comp="1653" pin="1"/><net_sink comp="135" pin=21"/></net>

<net id="1661"><net_src comp="517" pin="1"/><net_sink comp="1658" pin=0"/></net>

<net id="1662"><net_src comp="1658" pin="1"/><net_sink comp="135" pin=22"/></net>

<net id="1666"><net_src comp="521" pin="1"/><net_sink comp="1663" pin=0"/></net>

<net id="1667"><net_src comp="1663" pin="1"/><net_sink comp="135" pin=23"/></net>

<net id="1671"><net_src comp="525" pin="1"/><net_sink comp="1668" pin=0"/></net>

<net id="1672"><net_src comp="1668" pin="1"/><net_sink comp="135" pin=24"/></net>

<net id="1676"><net_src comp="529" pin="1"/><net_sink comp="1673" pin=0"/></net>

<net id="1677"><net_src comp="1673" pin="1"/><net_sink comp="135" pin=25"/></net>

<net id="1681"><net_src comp="533" pin="1"/><net_sink comp="1678" pin=0"/></net>

<net id="1682"><net_src comp="1678" pin="1"/><net_sink comp="135" pin=26"/></net>

<net id="1686"><net_src comp="537" pin="1"/><net_sink comp="1683" pin=0"/></net>

<net id="1687"><net_src comp="1683" pin="1"/><net_sink comp="135" pin=27"/></net>

<net id="1691"><net_src comp="541" pin="1"/><net_sink comp="1688" pin=0"/></net>

<net id="1692"><net_src comp="1688" pin="1"/><net_sink comp="135" pin=28"/></net>

<net id="1696"><net_src comp="545" pin="1"/><net_sink comp="1693" pin=0"/></net>

<net id="1697"><net_src comp="1693" pin="1"/><net_sink comp="135" pin=29"/></net>

<net id="1701"><net_src comp="549" pin="1"/><net_sink comp="1698" pin=0"/></net>

<net id="1702"><net_src comp="1698" pin="1"/><net_sink comp="135" pin=30"/></net>

<net id="1706"><net_src comp="553" pin="1"/><net_sink comp="1703" pin=0"/></net>

<net id="1707"><net_src comp="1703" pin="1"/><net_sink comp="135" pin=31"/></net>

<net id="1711"><net_src comp="557" pin="1"/><net_sink comp="1708" pin=0"/></net>

<net id="1712"><net_src comp="1708" pin="1"/><net_sink comp="135" pin=32"/></net>

<net id="1716"><net_src comp="561" pin="1"/><net_sink comp="1713" pin=0"/></net>

<net id="1717"><net_src comp="1713" pin="1"/><net_sink comp="135" pin=33"/></net>

<net id="1721"><net_src comp="565" pin="1"/><net_sink comp="1718" pin=0"/></net>

<net id="1722"><net_src comp="1718" pin="1"/><net_sink comp="135" pin=34"/></net>

<net id="1726"><net_src comp="569" pin="1"/><net_sink comp="1723" pin=0"/></net>

<net id="1727"><net_src comp="1723" pin="1"/><net_sink comp="135" pin=35"/></net>

<net id="1731"><net_src comp="573" pin="1"/><net_sink comp="1728" pin=0"/></net>

<net id="1732"><net_src comp="1728" pin="1"/><net_sink comp="135" pin=36"/></net>

<net id="1736"><net_src comp="577" pin="1"/><net_sink comp="1733" pin=0"/></net>

<net id="1737"><net_src comp="1733" pin="1"/><net_sink comp="135" pin=37"/></net>

<net id="1741"><net_src comp="581" pin="1"/><net_sink comp="1738" pin=0"/></net>

<net id="1742"><net_src comp="1738" pin="1"/><net_sink comp="135" pin=38"/></net>

<net id="1746"><net_src comp="585" pin="1"/><net_sink comp="1743" pin=0"/></net>

<net id="1747"><net_src comp="1743" pin="1"/><net_sink comp="135" pin=39"/></net>

<net id="1751"><net_src comp="589" pin="1"/><net_sink comp="1748" pin=0"/></net>

<net id="1752"><net_src comp="1748" pin="1"/><net_sink comp="135" pin=40"/></net>

<net id="1756"><net_src comp="593" pin="1"/><net_sink comp="1753" pin=0"/></net>

<net id="1757"><net_src comp="1753" pin="1"/><net_sink comp="135" pin=41"/></net>

<net id="1761"><net_src comp="597" pin="1"/><net_sink comp="1758" pin=0"/></net>

<net id="1762"><net_src comp="1758" pin="1"/><net_sink comp="135" pin=42"/></net>

<net id="1766"><net_src comp="601" pin="1"/><net_sink comp="1763" pin=0"/></net>

<net id="1767"><net_src comp="1763" pin="1"/><net_sink comp="135" pin=43"/></net>

<net id="1771"><net_src comp="605" pin="1"/><net_sink comp="1768" pin=0"/></net>

<net id="1772"><net_src comp="1768" pin="1"/><net_sink comp="135" pin=44"/></net>

<net id="1776"><net_src comp="609" pin="1"/><net_sink comp="1773" pin=0"/></net>

<net id="1777"><net_src comp="1773" pin="1"/><net_sink comp="135" pin=45"/></net>

<net id="1781"><net_src comp="613" pin="1"/><net_sink comp="1778" pin=0"/></net>

<net id="1782"><net_src comp="1778" pin="1"/><net_sink comp="135" pin=46"/></net>

<net id="1786"><net_src comp="617" pin="1"/><net_sink comp="1783" pin=0"/></net>

<net id="1787"><net_src comp="1783" pin="1"/><net_sink comp="135" pin=47"/></net>

<net id="1791"><net_src comp="621" pin="1"/><net_sink comp="1788" pin=0"/></net>

<net id="1792"><net_src comp="1788" pin="1"/><net_sink comp="135" pin=48"/></net>

<net id="1796"><net_src comp="625" pin="1"/><net_sink comp="1793" pin=0"/></net>

<net id="1797"><net_src comp="1793" pin="1"/><net_sink comp="135" pin=49"/></net>

<net id="1801"><net_src comp="629" pin="1"/><net_sink comp="1798" pin=0"/></net>

<net id="1802"><net_src comp="1798" pin="1"/><net_sink comp="135" pin=50"/></net>

<net id="1806"><net_src comp="633" pin="1"/><net_sink comp="1803" pin=0"/></net>

<net id="1807"><net_src comp="1803" pin="1"/><net_sink comp="135" pin=51"/></net>

<net id="1811"><net_src comp="637" pin="1"/><net_sink comp="1808" pin=0"/></net>

<net id="1812"><net_src comp="1808" pin="1"/><net_sink comp="135" pin=52"/></net>

<net id="1816"><net_src comp="641" pin="1"/><net_sink comp="1813" pin=0"/></net>

<net id="1817"><net_src comp="1813" pin="1"/><net_sink comp="135" pin=53"/></net>

<net id="1821"><net_src comp="645" pin="1"/><net_sink comp="1818" pin=0"/></net>

<net id="1822"><net_src comp="1818" pin="1"/><net_sink comp="135" pin=54"/></net>

<net id="1826"><net_src comp="649" pin="1"/><net_sink comp="1823" pin=0"/></net>

<net id="1827"><net_src comp="1823" pin="1"/><net_sink comp="135" pin=55"/></net>

<net id="1831"><net_src comp="653" pin="1"/><net_sink comp="1828" pin=0"/></net>

<net id="1832"><net_src comp="1828" pin="1"/><net_sink comp="135" pin=56"/></net>

<net id="1836"><net_src comp="657" pin="1"/><net_sink comp="1833" pin=0"/></net>

<net id="1837"><net_src comp="1833" pin="1"/><net_sink comp="135" pin=57"/></net>

<net id="1841"><net_src comp="661" pin="1"/><net_sink comp="1838" pin=0"/></net>

<net id="1842"><net_src comp="1838" pin="1"/><net_sink comp="135" pin=58"/></net>

<net id="1846"><net_src comp="665" pin="1"/><net_sink comp="1843" pin=0"/></net>

<net id="1847"><net_src comp="1843" pin="1"/><net_sink comp="135" pin=59"/></net>

<net id="1851"><net_src comp="669" pin="1"/><net_sink comp="1848" pin=0"/></net>

<net id="1852"><net_src comp="1848" pin="1"/><net_sink comp="135" pin=60"/></net>

<net id="1856"><net_src comp="673" pin="1"/><net_sink comp="1853" pin=0"/></net>

<net id="1857"><net_src comp="1853" pin="1"/><net_sink comp="135" pin=61"/></net>

<net id="1861"><net_src comp="677" pin="1"/><net_sink comp="1858" pin=0"/></net>

<net id="1862"><net_src comp="1858" pin="1"/><net_sink comp="135" pin=62"/></net>

<net id="1866"><net_src comp="681" pin="1"/><net_sink comp="1863" pin=0"/></net>

<net id="1867"><net_src comp="1863" pin="1"/><net_sink comp="135" pin=63"/></net>

<net id="1871"><net_src comp="685" pin="1"/><net_sink comp="1868" pin=0"/></net>

<net id="1872"><net_src comp="1868" pin="1"/><net_sink comp="135" pin=64"/></net>

<net id="1876"><net_src comp="689" pin="1"/><net_sink comp="1873" pin=0"/></net>

<net id="1877"><net_src comp="1873" pin="1"/><net_sink comp="203" pin=1"/></net>

<net id="1881"><net_src comp="693" pin="1"/><net_sink comp="1878" pin=0"/></net>

<net id="1882"><net_src comp="1878" pin="1"/><net_sink comp="203" pin=2"/></net>

<net id="1886"><net_src comp="697" pin="1"/><net_sink comp="1883" pin=0"/></net>

<net id="1887"><net_src comp="1883" pin="1"/><net_sink comp="203" pin=3"/></net>

<net id="1891"><net_src comp="701" pin="1"/><net_sink comp="1888" pin=0"/></net>

<net id="1892"><net_src comp="1888" pin="1"/><net_sink comp="203" pin=4"/></net>

<net id="1896"><net_src comp="705" pin="1"/><net_sink comp="1893" pin=0"/></net>

<net id="1897"><net_src comp="1893" pin="1"/><net_sink comp="203" pin=5"/></net>

<net id="1901"><net_src comp="709" pin="1"/><net_sink comp="1898" pin=0"/></net>

<net id="1902"><net_src comp="1898" pin="1"/><net_sink comp="203" pin=6"/></net>

<net id="1906"><net_src comp="713" pin="1"/><net_sink comp="1903" pin=0"/></net>

<net id="1907"><net_src comp="1903" pin="1"/><net_sink comp="203" pin=7"/></net>

<net id="1911"><net_src comp="717" pin="1"/><net_sink comp="1908" pin=0"/></net>

<net id="1912"><net_src comp="1908" pin="1"/><net_sink comp="203" pin=8"/></net>

<net id="1916"><net_src comp="721" pin="1"/><net_sink comp="1913" pin=0"/></net>

<net id="1917"><net_src comp="1913" pin="1"/><net_sink comp="203" pin=9"/></net>

<net id="1921"><net_src comp="725" pin="1"/><net_sink comp="1918" pin=0"/></net>

<net id="1922"><net_src comp="1918" pin="1"/><net_sink comp="203" pin=10"/></net>

<net id="1926"><net_src comp="729" pin="1"/><net_sink comp="1923" pin=0"/></net>

<net id="1927"><net_src comp="1923" pin="1"/><net_sink comp="203" pin=11"/></net>

<net id="1931"><net_src comp="733" pin="1"/><net_sink comp="1928" pin=0"/></net>

<net id="1932"><net_src comp="1928" pin="1"/><net_sink comp="203" pin=12"/></net>

<net id="1936"><net_src comp="737" pin="1"/><net_sink comp="1933" pin=0"/></net>

<net id="1937"><net_src comp="1933" pin="1"/><net_sink comp="203" pin=13"/></net>

<net id="1941"><net_src comp="741" pin="1"/><net_sink comp="1938" pin=0"/></net>

<net id="1942"><net_src comp="1938" pin="1"/><net_sink comp="203" pin=14"/></net>

<net id="1946"><net_src comp="745" pin="1"/><net_sink comp="1943" pin=0"/></net>

<net id="1947"><net_src comp="1943" pin="1"/><net_sink comp="203" pin=15"/></net>

<net id="1951"><net_src comp="749" pin="1"/><net_sink comp="1948" pin=0"/></net>

<net id="1952"><net_src comp="1948" pin="1"/><net_sink comp="203" pin=16"/></net>

<net id="1956"><net_src comp="753" pin="1"/><net_sink comp="1953" pin=0"/></net>

<net id="1957"><net_src comp="1953" pin="1"/><net_sink comp="203" pin=17"/></net>

<net id="1961"><net_src comp="757" pin="1"/><net_sink comp="1958" pin=0"/></net>

<net id="1962"><net_src comp="1958" pin="1"/><net_sink comp="203" pin=18"/></net>

<net id="1966"><net_src comp="761" pin="1"/><net_sink comp="1963" pin=0"/></net>

<net id="1967"><net_src comp="1963" pin="1"/><net_sink comp="203" pin=19"/></net>

<net id="1971"><net_src comp="765" pin="1"/><net_sink comp="1968" pin=0"/></net>

<net id="1972"><net_src comp="1968" pin="1"/><net_sink comp="203" pin=20"/></net>

<net id="1976"><net_src comp="769" pin="1"/><net_sink comp="1973" pin=0"/></net>

<net id="1977"><net_src comp="1973" pin="1"/><net_sink comp="203" pin=21"/></net>

<net id="1981"><net_src comp="773" pin="1"/><net_sink comp="1978" pin=0"/></net>

<net id="1982"><net_src comp="1978" pin="1"/><net_sink comp="203" pin=22"/></net>

<net id="1986"><net_src comp="777" pin="1"/><net_sink comp="1983" pin=0"/></net>

<net id="1987"><net_src comp="1983" pin="1"/><net_sink comp="203" pin=23"/></net>

<net id="1991"><net_src comp="781" pin="1"/><net_sink comp="1988" pin=0"/></net>

<net id="1992"><net_src comp="1988" pin="1"/><net_sink comp="203" pin=24"/></net>

<net id="1996"><net_src comp="785" pin="1"/><net_sink comp="1993" pin=0"/></net>

<net id="1997"><net_src comp="1993" pin="1"/><net_sink comp="203" pin=25"/></net>

<net id="2001"><net_src comp="789" pin="1"/><net_sink comp="1998" pin=0"/></net>

<net id="2002"><net_src comp="1998" pin="1"/><net_sink comp="203" pin=26"/></net>

<net id="2006"><net_src comp="793" pin="1"/><net_sink comp="2003" pin=0"/></net>

<net id="2007"><net_src comp="2003" pin="1"/><net_sink comp="203" pin=27"/></net>

<net id="2011"><net_src comp="797" pin="1"/><net_sink comp="2008" pin=0"/></net>

<net id="2012"><net_src comp="2008" pin="1"/><net_sink comp="203" pin=28"/></net>

<net id="2016"><net_src comp="801" pin="1"/><net_sink comp="2013" pin=0"/></net>

<net id="2017"><net_src comp="2013" pin="1"/><net_sink comp="203" pin=29"/></net>

<net id="2021"><net_src comp="805" pin="1"/><net_sink comp="2018" pin=0"/></net>

<net id="2022"><net_src comp="2018" pin="1"/><net_sink comp="203" pin=30"/></net>

<net id="2026"><net_src comp="809" pin="1"/><net_sink comp="2023" pin=0"/></net>

<net id="2027"><net_src comp="2023" pin="1"/><net_sink comp="203" pin=31"/></net>

<net id="2031"><net_src comp="813" pin="1"/><net_sink comp="2028" pin=0"/></net>

<net id="2032"><net_src comp="2028" pin="1"/><net_sink comp="203" pin=32"/></net>

<net id="2036"><net_src comp="817" pin="1"/><net_sink comp="2033" pin=0"/></net>

<net id="2037"><net_src comp="2033" pin="1"/><net_sink comp="203" pin=33"/></net>

<net id="2041"><net_src comp="821" pin="1"/><net_sink comp="2038" pin=0"/></net>

<net id="2042"><net_src comp="2038" pin="1"/><net_sink comp="203" pin=34"/></net>

<net id="2046"><net_src comp="825" pin="1"/><net_sink comp="2043" pin=0"/></net>

<net id="2047"><net_src comp="2043" pin="1"/><net_sink comp="203" pin=35"/></net>

<net id="2051"><net_src comp="829" pin="1"/><net_sink comp="2048" pin=0"/></net>

<net id="2052"><net_src comp="2048" pin="1"/><net_sink comp="203" pin=36"/></net>

<net id="2056"><net_src comp="833" pin="1"/><net_sink comp="2053" pin=0"/></net>

<net id="2057"><net_src comp="2053" pin="1"/><net_sink comp="203" pin=37"/></net>

<net id="2061"><net_src comp="837" pin="1"/><net_sink comp="2058" pin=0"/></net>

<net id="2062"><net_src comp="2058" pin="1"/><net_sink comp="203" pin=38"/></net>

<net id="2066"><net_src comp="841" pin="1"/><net_sink comp="2063" pin=0"/></net>

<net id="2067"><net_src comp="2063" pin="1"/><net_sink comp="203" pin=39"/></net>

<net id="2071"><net_src comp="845" pin="1"/><net_sink comp="2068" pin=0"/></net>

<net id="2072"><net_src comp="2068" pin="1"/><net_sink comp="203" pin=40"/></net>

<net id="2076"><net_src comp="849" pin="1"/><net_sink comp="2073" pin=0"/></net>

<net id="2077"><net_src comp="2073" pin="1"/><net_sink comp="203" pin=41"/></net>

<net id="2081"><net_src comp="853" pin="1"/><net_sink comp="2078" pin=0"/></net>

<net id="2082"><net_src comp="2078" pin="1"/><net_sink comp="203" pin=42"/></net>

<net id="2086"><net_src comp="857" pin="1"/><net_sink comp="2083" pin=0"/></net>

<net id="2087"><net_src comp="2083" pin="1"/><net_sink comp="203" pin=43"/></net>

<net id="2091"><net_src comp="861" pin="1"/><net_sink comp="2088" pin=0"/></net>

<net id="2092"><net_src comp="2088" pin="1"/><net_sink comp="203" pin=44"/></net>

<net id="2096"><net_src comp="865" pin="1"/><net_sink comp="2093" pin=0"/></net>

<net id="2097"><net_src comp="2093" pin="1"/><net_sink comp="203" pin=45"/></net>

<net id="2101"><net_src comp="869" pin="1"/><net_sink comp="2098" pin=0"/></net>

<net id="2102"><net_src comp="2098" pin="1"/><net_sink comp="203" pin=46"/></net>

<net id="2106"><net_src comp="873" pin="1"/><net_sink comp="2103" pin=0"/></net>

<net id="2107"><net_src comp="2103" pin="1"/><net_sink comp="203" pin=47"/></net>

<net id="2111"><net_src comp="877" pin="1"/><net_sink comp="2108" pin=0"/></net>

<net id="2112"><net_src comp="2108" pin="1"/><net_sink comp="203" pin=48"/></net>

<net id="2116"><net_src comp="881" pin="1"/><net_sink comp="2113" pin=0"/></net>

<net id="2117"><net_src comp="2113" pin="1"/><net_sink comp="203" pin=49"/></net>

<net id="2121"><net_src comp="885" pin="1"/><net_sink comp="2118" pin=0"/></net>

<net id="2122"><net_src comp="2118" pin="1"/><net_sink comp="203" pin=50"/></net>

<net id="2126"><net_src comp="889" pin="1"/><net_sink comp="2123" pin=0"/></net>

<net id="2127"><net_src comp="2123" pin="1"/><net_sink comp="203" pin=51"/></net>

<net id="2131"><net_src comp="893" pin="1"/><net_sink comp="2128" pin=0"/></net>

<net id="2132"><net_src comp="2128" pin="1"/><net_sink comp="203" pin=52"/></net>

<net id="2136"><net_src comp="897" pin="1"/><net_sink comp="2133" pin=0"/></net>

<net id="2137"><net_src comp="2133" pin="1"/><net_sink comp="203" pin=53"/></net>

<net id="2141"><net_src comp="901" pin="1"/><net_sink comp="2138" pin=0"/></net>

<net id="2142"><net_src comp="2138" pin="1"/><net_sink comp="203" pin=54"/></net>

<net id="2146"><net_src comp="905" pin="1"/><net_sink comp="2143" pin=0"/></net>

<net id="2147"><net_src comp="2143" pin="1"/><net_sink comp="203" pin=55"/></net>

<net id="2151"><net_src comp="909" pin="1"/><net_sink comp="2148" pin=0"/></net>

<net id="2152"><net_src comp="2148" pin="1"/><net_sink comp="203" pin=56"/></net>

<net id="2156"><net_src comp="913" pin="1"/><net_sink comp="2153" pin=0"/></net>

<net id="2157"><net_src comp="2153" pin="1"/><net_sink comp="203" pin=57"/></net>

<net id="2161"><net_src comp="917" pin="1"/><net_sink comp="2158" pin=0"/></net>

<net id="2162"><net_src comp="2158" pin="1"/><net_sink comp="203" pin=58"/></net>

<net id="2166"><net_src comp="921" pin="1"/><net_sink comp="2163" pin=0"/></net>

<net id="2167"><net_src comp="2163" pin="1"/><net_sink comp="203" pin=59"/></net>

<net id="2171"><net_src comp="925" pin="1"/><net_sink comp="2168" pin=0"/></net>

<net id="2172"><net_src comp="2168" pin="1"/><net_sink comp="203" pin=60"/></net>

<net id="2176"><net_src comp="929" pin="1"/><net_sink comp="2173" pin=0"/></net>

<net id="2177"><net_src comp="2173" pin="1"/><net_sink comp="203" pin=61"/></net>

<net id="2181"><net_src comp="933" pin="1"/><net_sink comp="2178" pin=0"/></net>

<net id="2182"><net_src comp="2178" pin="1"/><net_sink comp="203" pin=62"/></net>

<net id="2186"><net_src comp="937" pin="1"/><net_sink comp="2183" pin=0"/></net>

<net id="2187"><net_src comp="2183" pin="1"/><net_sink comp="203" pin=63"/></net>

<net id="2191"><net_src comp="941" pin="1"/><net_sink comp="2188" pin=0"/></net>

<net id="2192"><net_src comp="2188" pin="1"/><net_sink comp="203" pin=64"/></net>

<net id="2196"><net_src comp="1105" pin="1"/><net_sink comp="2193" pin=0"/></net>

<net id="2197"><net_src comp="2193" pin="1"/><net_sink comp="307" pin=1"/></net>

<net id="2201"><net_src comp="1109" pin="1"/><net_sink comp="2198" pin=0"/></net>

<net id="2202"><net_src comp="2198" pin="1"/><net_sink comp="307" pin=2"/></net>

<net id="2206"><net_src comp="1113" pin="1"/><net_sink comp="2203" pin=0"/></net>

<net id="2207"><net_src comp="2203" pin="1"/><net_sink comp="307" pin=3"/></net>

<net id="2211"><net_src comp="1117" pin="1"/><net_sink comp="2208" pin=0"/></net>

<net id="2212"><net_src comp="2208" pin="1"/><net_sink comp="307" pin=4"/></net>

<net id="2216"><net_src comp="1121" pin="1"/><net_sink comp="2213" pin=0"/></net>

<net id="2217"><net_src comp="2213" pin="1"/><net_sink comp="307" pin=5"/></net>

<net id="2221"><net_src comp="1125" pin="1"/><net_sink comp="2218" pin=0"/></net>

<net id="2222"><net_src comp="2218" pin="1"/><net_sink comp="307" pin=6"/></net>

<net id="2226"><net_src comp="1129" pin="1"/><net_sink comp="2223" pin=0"/></net>

<net id="2227"><net_src comp="2223" pin="1"/><net_sink comp="307" pin=7"/></net>

<net id="2231"><net_src comp="1133" pin="1"/><net_sink comp="2228" pin=0"/></net>

<net id="2232"><net_src comp="2228" pin="1"/><net_sink comp="307" pin=8"/></net>

<net id="2236"><net_src comp="1137" pin="1"/><net_sink comp="2233" pin=0"/></net>

<net id="2237"><net_src comp="2233" pin="1"/><net_sink comp="307" pin=9"/></net>

<net id="2241"><net_src comp="1141" pin="1"/><net_sink comp="2238" pin=0"/></net>

<net id="2242"><net_src comp="2238" pin="1"/><net_sink comp="307" pin=10"/></net>

<net id="2246"><net_src comp="1145" pin="1"/><net_sink comp="2243" pin=0"/></net>

<net id="2247"><net_src comp="2243" pin="1"/><net_sink comp="307" pin=11"/></net>

<net id="2251"><net_src comp="1149" pin="1"/><net_sink comp="2248" pin=0"/></net>

<net id="2252"><net_src comp="2248" pin="1"/><net_sink comp="307" pin=12"/></net>

<net id="2256"><net_src comp="1153" pin="1"/><net_sink comp="2253" pin=0"/></net>

<net id="2257"><net_src comp="2253" pin="1"/><net_sink comp="307" pin=13"/></net>

<net id="2261"><net_src comp="1157" pin="1"/><net_sink comp="2258" pin=0"/></net>

<net id="2262"><net_src comp="2258" pin="1"/><net_sink comp="307" pin=14"/></net>

<net id="2266"><net_src comp="1161" pin="1"/><net_sink comp="2263" pin=0"/></net>

<net id="2267"><net_src comp="2263" pin="1"/><net_sink comp="307" pin=15"/></net>

<net id="2271"><net_src comp="1165" pin="1"/><net_sink comp="2268" pin=0"/></net>

<net id="2272"><net_src comp="2268" pin="1"/><net_sink comp="307" pin=16"/></net>

<net id="2276"><net_src comp="1169" pin="1"/><net_sink comp="2273" pin=0"/></net>

<net id="2277"><net_src comp="2273" pin="1"/><net_sink comp="307" pin=17"/></net>

<net id="2281"><net_src comp="1173" pin="1"/><net_sink comp="2278" pin=0"/></net>

<net id="2282"><net_src comp="2278" pin="1"/><net_sink comp="307" pin=18"/></net>

<net id="2286"><net_src comp="1177" pin="1"/><net_sink comp="2283" pin=0"/></net>

<net id="2287"><net_src comp="2283" pin="1"/><net_sink comp="307" pin=19"/></net>

<net id="2291"><net_src comp="1181" pin="1"/><net_sink comp="2288" pin=0"/></net>

<net id="2292"><net_src comp="2288" pin="1"/><net_sink comp="307" pin=20"/></net>

<net id="2296"><net_src comp="1185" pin="1"/><net_sink comp="2293" pin=0"/></net>

<net id="2297"><net_src comp="2293" pin="1"/><net_sink comp="307" pin=21"/></net>

<net id="2301"><net_src comp="1189" pin="1"/><net_sink comp="2298" pin=0"/></net>

<net id="2302"><net_src comp="2298" pin="1"/><net_sink comp="307" pin=22"/></net>

<net id="2306"><net_src comp="1193" pin="1"/><net_sink comp="2303" pin=0"/></net>

<net id="2307"><net_src comp="2303" pin="1"/><net_sink comp="307" pin=23"/></net>

<net id="2311"><net_src comp="1197" pin="1"/><net_sink comp="2308" pin=0"/></net>

<net id="2312"><net_src comp="2308" pin="1"/><net_sink comp="307" pin=24"/></net>

<net id="2316"><net_src comp="1201" pin="1"/><net_sink comp="2313" pin=0"/></net>

<net id="2317"><net_src comp="2313" pin="1"/><net_sink comp="307" pin=25"/></net>

<net id="2321"><net_src comp="1205" pin="1"/><net_sink comp="2318" pin=0"/></net>

<net id="2322"><net_src comp="2318" pin="1"/><net_sink comp="307" pin=26"/></net>

<net id="2326"><net_src comp="1209" pin="1"/><net_sink comp="2323" pin=0"/></net>

<net id="2327"><net_src comp="2323" pin="1"/><net_sink comp="307" pin=27"/></net>

<net id="2331"><net_src comp="1213" pin="1"/><net_sink comp="2328" pin=0"/></net>

<net id="2332"><net_src comp="2328" pin="1"/><net_sink comp="307" pin=28"/></net>

<net id="2336"><net_src comp="1217" pin="1"/><net_sink comp="2333" pin=0"/></net>

<net id="2337"><net_src comp="2333" pin="1"/><net_sink comp="307" pin=29"/></net>

<net id="2341"><net_src comp="1221" pin="1"/><net_sink comp="2338" pin=0"/></net>

<net id="2342"><net_src comp="2338" pin="1"/><net_sink comp="307" pin=30"/></net>

<net id="2346"><net_src comp="1225" pin="1"/><net_sink comp="2343" pin=0"/></net>

<net id="2347"><net_src comp="2343" pin="1"/><net_sink comp="307" pin=31"/></net>

<net id="2351"><net_src comp="1229" pin="1"/><net_sink comp="2348" pin=0"/></net>

<net id="2352"><net_src comp="2348" pin="1"/><net_sink comp="307" pin=32"/></net>

<net id="2356"><net_src comp="1233" pin="1"/><net_sink comp="2353" pin=0"/></net>

<net id="2357"><net_src comp="2353" pin="1"/><net_sink comp="343" pin=1"/></net>

<net id="2361"><net_src comp="1237" pin="1"/><net_sink comp="2358" pin=0"/></net>

<net id="2362"><net_src comp="2358" pin="1"/><net_sink comp="343" pin=2"/></net>

<net id="2366"><net_src comp="1241" pin="1"/><net_sink comp="2363" pin=0"/></net>

<net id="2367"><net_src comp="2363" pin="1"/><net_sink comp="343" pin=3"/></net>

<net id="2371"><net_src comp="1245" pin="1"/><net_sink comp="2368" pin=0"/></net>

<net id="2372"><net_src comp="2368" pin="1"/><net_sink comp="343" pin=4"/></net>

<net id="2376"><net_src comp="1249" pin="1"/><net_sink comp="2373" pin=0"/></net>

<net id="2377"><net_src comp="2373" pin="1"/><net_sink comp="343" pin=5"/></net>

<net id="2381"><net_src comp="1253" pin="1"/><net_sink comp="2378" pin=0"/></net>

<net id="2382"><net_src comp="2378" pin="1"/><net_sink comp="343" pin=6"/></net>

<net id="2386"><net_src comp="1257" pin="1"/><net_sink comp="2383" pin=0"/></net>

<net id="2387"><net_src comp="2383" pin="1"/><net_sink comp="343" pin=7"/></net>

<net id="2391"><net_src comp="1261" pin="1"/><net_sink comp="2388" pin=0"/></net>

<net id="2392"><net_src comp="2388" pin="1"/><net_sink comp="343" pin=8"/></net>

<net id="2396"><net_src comp="1265" pin="1"/><net_sink comp="2393" pin=0"/></net>

<net id="2397"><net_src comp="2393" pin="1"/><net_sink comp="343" pin=9"/></net>

<net id="2401"><net_src comp="1269" pin="1"/><net_sink comp="2398" pin=0"/></net>

<net id="2402"><net_src comp="2398" pin="1"/><net_sink comp="343" pin=10"/></net>

<net id="2406"><net_src comp="1273" pin="1"/><net_sink comp="2403" pin=0"/></net>

<net id="2407"><net_src comp="2403" pin="1"/><net_sink comp="343" pin=11"/></net>

<net id="2411"><net_src comp="1277" pin="1"/><net_sink comp="2408" pin=0"/></net>

<net id="2412"><net_src comp="2408" pin="1"/><net_sink comp="343" pin=12"/></net>

<net id="2416"><net_src comp="1281" pin="1"/><net_sink comp="2413" pin=0"/></net>

<net id="2417"><net_src comp="2413" pin="1"/><net_sink comp="343" pin=13"/></net>

<net id="2421"><net_src comp="1285" pin="1"/><net_sink comp="2418" pin=0"/></net>

<net id="2422"><net_src comp="2418" pin="1"/><net_sink comp="343" pin=14"/></net>

<net id="2426"><net_src comp="1289" pin="1"/><net_sink comp="2423" pin=0"/></net>

<net id="2427"><net_src comp="2423" pin="1"/><net_sink comp="343" pin=15"/></net>

<net id="2431"><net_src comp="1293" pin="1"/><net_sink comp="2428" pin=0"/></net>

<net id="2432"><net_src comp="2428" pin="1"/><net_sink comp="343" pin=16"/></net>

<net id="2436"><net_src comp="1297" pin="1"/><net_sink comp="2433" pin=0"/></net>

<net id="2437"><net_src comp="2433" pin="1"/><net_sink comp="343" pin=17"/></net>

<net id="2441"><net_src comp="1301" pin="1"/><net_sink comp="2438" pin=0"/></net>

<net id="2442"><net_src comp="2438" pin="1"/><net_sink comp="343" pin=18"/></net>

<net id="2446"><net_src comp="1305" pin="1"/><net_sink comp="2443" pin=0"/></net>

<net id="2447"><net_src comp="2443" pin="1"/><net_sink comp="343" pin=19"/></net>

<net id="2451"><net_src comp="1309" pin="1"/><net_sink comp="2448" pin=0"/></net>

<net id="2452"><net_src comp="2448" pin="1"/><net_sink comp="343" pin=20"/></net>

<net id="2456"><net_src comp="1313" pin="1"/><net_sink comp="2453" pin=0"/></net>

<net id="2457"><net_src comp="2453" pin="1"/><net_sink comp="343" pin=21"/></net>

<net id="2461"><net_src comp="1317" pin="1"/><net_sink comp="2458" pin=0"/></net>

<net id="2462"><net_src comp="2458" pin="1"/><net_sink comp="343" pin=22"/></net>

<net id="2466"><net_src comp="1321" pin="1"/><net_sink comp="2463" pin=0"/></net>

<net id="2467"><net_src comp="2463" pin="1"/><net_sink comp="343" pin=23"/></net>

<net id="2471"><net_src comp="1325" pin="1"/><net_sink comp="2468" pin=0"/></net>

<net id="2472"><net_src comp="2468" pin="1"/><net_sink comp="343" pin=24"/></net>

<net id="2476"><net_src comp="1329" pin="1"/><net_sink comp="2473" pin=0"/></net>

<net id="2477"><net_src comp="2473" pin="1"/><net_sink comp="343" pin=25"/></net>

<net id="2481"><net_src comp="1333" pin="1"/><net_sink comp="2478" pin=0"/></net>

<net id="2482"><net_src comp="2478" pin="1"/><net_sink comp="343" pin=26"/></net>

<net id="2486"><net_src comp="1337" pin="1"/><net_sink comp="2483" pin=0"/></net>

<net id="2487"><net_src comp="2483" pin="1"/><net_sink comp="343" pin=27"/></net>

<net id="2491"><net_src comp="1341" pin="1"/><net_sink comp="2488" pin=0"/></net>

<net id="2492"><net_src comp="2488" pin="1"/><net_sink comp="343" pin=28"/></net>

<net id="2496"><net_src comp="1345" pin="1"/><net_sink comp="2493" pin=0"/></net>

<net id="2497"><net_src comp="2493" pin="1"/><net_sink comp="343" pin=29"/></net>

<net id="2501"><net_src comp="1349" pin="1"/><net_sink comp="2498" pin=0"/></net>

<net id="2502"><net_src comp="2498" pin="1"/><net_sink comp="343" pin=30"/></net>

<net id="2506"><net_src comp="1353" pin="1"/><net_sink comp="2503" pin=0"/></net>

<net id="2507"><net_src comp="2503" pin="1"/><net_sink comp="343" pin=31"/></net>

<net id="2511"><net_src comp="1357" pin="1"/><net_sink comp="2508" pin=0"/></net>

<net id="2512"><net_src comp="2508" pin="1"/><net_sink comp="343" pin=32"/></net>

<net id="2516"><net_src comp="1361" pin="1"/><net_sink comp="2513" pin=0"/></net>

<net id="2517"><net_src comp="2513" pin="1"/><net_sink comp="379" pin=1"/></net>

<net id="2521"><net_src comp="1365" pin="1"/><net_sink comp="2518" pin=0"/></net>

<net id="2522"><net_src comp="2518" pin="1"/><net_sink comp="379" pin=2"/></net>

<net id="2526"><net_src comp="1369" pin="1"/><net_sink comp="2523" pin=0"/></net>

<net id="2527"><net_src comp="2523" pin="1"/><net_sink comp="379" pin=3"/></net>

<net id="2531"><net_src comp="1373" pin="1"/><net_sink comp="2528" pin=0"/></net>

<net id="2532"><net_src comp="2528" pin="1"/><net_sink comp="379" pin=4"/></net>

<net id="2536"><net_src comp="1377" pin="1"/><net_sink comp="2533" pin=0"/></net>

<net id="2537"><net_src comp="2533" pin="1"/><net_sink comp="379" pin=5"/></net>

<net id="2541"><net_src comp="1381" pin="1"/><net_sink comp="2538" pin=0"/></net>

<net id="2542"><net_src comp="2538" pin="1"/><net_sink comp="379" pin=6"/></net>

<net id="2546"><net_src comp="1385" pin="1"/><net_sink comp="2543" pin=0"/></net>

<net id="2547"><net_src comp="2543" pin="1"/><net_sink comp="379" pin=7"/></net>

<net id="2551"><net_src comp="1389" pin="1"/><net_sink comp="2548" pin=0"/></net>

<net id="2552"><net_src comp="2548" pin="1"/><net_sink comp="379" pin=8"/></net>

<net id="2556"><net_src comp="1393" pin="1"/><net_sink comp="2553" pin=0"/></net>

<net id="2557"><net_src comp="2553" pin="1"/><net_sink comp="379" pin=9"/></net>

<net id="2561"><net_src comp="1397" pin="1"/><net_sink comp="2558" pin=0"/></net>

<net id="2562"><net_src comp="2558" pin="1"/><net_sink comp="379" pin=10"/></net>

<net id="2566"><net_src comp="1401" pin="1"/><net_sink comp="2563" pin=0"/></net>

<net id="2567"><net_src comp="2563" pin="1"/><net_sink comp="379" pin=11"/></net>

<net id="2571"><net_src comp="1405" pin="1"/><net_sink comp="2568" pin=0"/></net>

<net id="2572"><net_src comp="2568" pin="1"/><net_sink comp="379" pin=12"/></net>

<net id="2576"><net_src comp="1409" pin="1"/><net_sink comp="2573" pin=0"/></net>

<net id="2577"><net_src comp="2573" pin="1"/><net_sink comp="379" pin=13"/></net>

<net id="2581"><net_src comp="1413" pin="1"/><net_sink comp="2578" pin=0"/></net>

<net id="2582"><net_src comp="2578" pin="1"/><net_sink comp="379" pin=14"/></net>

<net id="2586"><net_src comp="1417" pin="1"/><net_sink comp="2583" pin=0"/></net>

<net id="2587"><net_src comp="2583" pin="1"/><net_sink comp="379" pin=15"/></net>

<net id="2591"><net_src comp="1421" pin="1"/><net_sink comp="2588" pin=0"/></net>

<net id="2592"><net_src comp="2588" pin="1"/><net_sink comp="379" pin=16"/></net>

<net id="2596"><net_src comp="1425" pin="1"/><net_sink comp="2593" pin=0"/></net>

<net id="2597"><net_src comp="2593" pin="1"/><net_sink comp="379" pin=17"/></net>

<net id="2601"><net_src comp="1429" pin="1"/><net_sink comp="2598" pin=0"/></net>

<net id="2602"><net_src comp="2598" pin="1"/><net_sink comp="379" pin=18"/></net>

<net id="2606"><net_src comp="1433" pin="1"/><net_sink comp="2603" pin=0"/></net>

<net id="2607"><net_src comp="2603" pin="1"/><net_sink comp="379" pin=19"/></net>

<net id="2611"><net_src comp="1437" pin="1"/><net_sink comp="2608" pin=0"/></net>

<net id="2612"><net_src comp="2608" pin="1"/><net_sink comp="379" pin=20"/></net>

<net id="2616"><net_src comp="1441" pin="1"/><net_sink comp="2613" pin=0"/></net>

<net id="2617"><net_src comp="2613" pin="1"/><net_sink comp="379" pin=21"/></net>

<net id="2621"><net_src comp="1445" pin="1"/><net_sink comp="2618" pin=0"/></net>

<net id="2622"><net_src comp="2618" pin="1"/><net_sink comp="379" pin=22"/></net>

<net id="2626"><net_src comp="1449" pin="1"/><net_sink comp="2623" pin=0"/></net>

<net id="2627"><net_src comp="2623" pin="1"/><net_sink comp="379" pin=23"/></net>

<net id="2631"><net_src comp="1453" pin="1"/><net_sink comp="2628" pin=0"/></net>

<net id="2632"><net_src comp="2628" pin="1"/><net_sink comp="379" pin=24"/></net>

<net id="2636"><net_src comp="1457" pin="1"/><net_sink comp="2633" pin=0"/></net>

<net id="2637"><net_src comp="2633" pin="1"/><net_sink comp="379" pin=25"/></net>

<net id="2641"><net_src comp="1461" pin="1"/><net_sink comp="2638" pin=0"/></net>

<net id="2642"><net_src comp="2638" pin="1"/><net_sink comp="379" pin=26"/></net>

<net id="2646"><net_src comp="1465" pin="1"/><net_sink comp="2643" pin=0"/></net>

<net id="2647"><net_src comp="2643" pin="1"/><net_sink comp="379" pin=27"/></net>

<net id="2651"><net_src comp="1469" pin="1"/><net_sink comp="2648" pin=0"/></net>

<net id="2652"><net_src comp="2648" pin="1"/><net_sink comp="379" pin=28"/></net>

<net id="2656"><net_src comp="1473" pin="1"/><net_sink comp="2653" pin=0"/></net>

<net id="2657"><net_src comp="2653" pin="1"/><net_sink comp="379" pin=29"/></net>

<net id="2661"><net_src comp="1477" pin="1"/><net_sink comp="2658" pin=0"/></net>

<net id="2662"><net_src comp="2658" pin="1"/><net_sink comp="379" pin=30"/></net>

<net id="2666"><net_src comp="1481" pin="1"/><net_sink comp="2663" pin=0"/></net>

<net id="2667"><net_src comp="2663" pin="1"/><net_sink comp="379" pin=31"/></net>

<net id="2671"><net_src comp="1485" pin="1"/><net_sink comp="2668" pin=0"/></net>

<net id="2672"><net_src comp="2668" pin="1"/><net_sink comp="379" pin=32"/></net>

<net id="2676"><net_src comp="1489" pin="1"/><net_sink comp="2673" pin=0"/></net>

<net id="2677"><net_src comp="2673" pin="1"/><net_sink comp="415" pin=1"/></net>

<net id="2681"><net_src comp="1493" pin="1"/><net_sink comp="2678" pin=0"/></net>

<net id="2682"><net_src comp="2678" pin="1"/><net_sink comp="415" pin=2"/></net>

<net id="2686"><net_src comp="1497" pin="1"/><net_sink comp="2683" pin=0"/></net>

<net id="2687"><net_src comp="2683" pin="1"/><net_sink comp="415" pin=3"/></net>

<net id="2691"><net_src comp="1501" pin="1"/><net_sink comp="2688" pin=0"/></net>

<net id="2692"><net_src comp="2688" pin="1"/><net_sink comp="415" pin=4"/></net>

<net id="2696"><net_src comp="1505" pin="1"/><net_sink comp="2693" pin=0"/></net>

<net id="2697"><net_src comp="2693" pin="1"/><net_sink comp="415" pin=5"/></net>

</net_list>

</model> 
---------------- Datapath Model END ------------------

* FSMD analyzer results:
  - Output states:
	Port: in_buf | {}
	Port: i | {}
	Port: out_buf_0 | {21 }
	Port: out_buf_1 | {21 }
	Port: out_buf_2 | {21 }
	Port: out_buf_3 | {21 }
	Port: out_buf_4 | {21 }
	Port: exp_table | {}
	Port: invert_table | {}
 - Input state : 
	Port: myproject : in_buf | {1 2 }
	Port: myproject : i | {1 }
	Port: myproject : out_buf_0 | {}
	Port: myproject : out_buf_1 | {}
	Port: myproject : out_buf_2 | {}
	Port: myproject : out_buf_3 | {}
	Port: myproject : out_buf_4 | {}
	Port: myproject : exp_table | {16 17 }
	Port: myproject : invert_table | {17 18 }
  - Chain level:
	State 1
		in_buf_addr : 1
		in_buf_load : 2
	State 2
	State 3
	State 4
		layer2_out_V : 1
		layer2_out_V_1 : 1
		layer2_out_V_2 : 1
		layer2_out_V_3 : 1
		layer2_out_V_4 : 1
		layer2_out_V_5 : 1
		layer2_out_V_6 : 1
		layer2_out_V_7 : 1
		layer2_out_V_8 : 1
		layer2_out_V_9 : 1
		layer2_out_V_10 : 1
		layer2_out_V_11 : 1
		layer2_out_V_12 : 1
		layer2_out_V_13 : 1
		layer2_out_V_14 : 1
		layer2_out_V_15 : 1
		layer2_out_V_16 : 1
		layer2_out_V_17 : 1
		layer2_out_V_18 : 1
		layer2_out_V_19 : 1
		layer2_out_V_20 : 1
		layer2_out_V_21 : 1
		layer2_out_V_22 : 1
		layer2_out_V_23 : 1
		layer2_out_V_24 : 1
		layer2_out_V_25 : 1
		layer2_out_V_26 : 1
		layer2_out_V_27 : 1
		layer2_out_V_28 : 1
		layer2_out_V_29 : 1
		layer2_out_V_30 : 1
		layer2_out_V_31 : 1
		layer2_out_V_32 : 1
		layer2_out_V_33 : 1
		layer2_out_V_34 : 1
		layer2_out_V_35 : 1
		layer2_out_V_36 : 1
		layer2_out_V_37 : 1
		layer2_out_V_38 : 1
		layer2_out_V_39 : 1
		layer2_out_V_40 : 1
		layer2_out_V_41 : 1
		layer2_out_V_42 : 1
		layer2_out_V_43 : 1
		layer2_out_V_44 : 1
		layer2_out_V_45 : 1
		layer2_out_V_46 : 1
		layer2_out_V_47 : 1
		layer2_out_V_48 : 1
		layer2_out_V_49 : 1
		layer2_out_V_50 : 1
		layer2_out_V_51 : 1
		layer2_out_V_52 : 1
		layer2_out_V_53 : 1
		layer2_out_V_54 : 1
		layer2_out_V_55 : 1
		layer2_out_V_56 : 1
		layer2_out_V_57 : 1
		layer2_out_V_58 : 1
		layer2_out_V_59 : 1
		layer2_out_V_60 : 1
		layer2_out_V_61 : 1
		layer2_out_V_62 : 1
		layer2_out_V_63 : 1
	State 5
		layer4_out_V : 1
		layer4_out_V_1 : 1
		layer4_out_V_2 : 1
		layer4_out_V_3 : 1
		layer4_out_V_4 : 1
		layer4_out_V_5 : 1
		layer4_out_V_6 : 1
		layer4_out_V_7 : 1
		layer4_out_V_8 : 1
		layer4_out_V_9 : 1
		layer4_out_V_10 : 1
		layer4_out_V_11 : 1
		layer4_out_V_12 : 1
		layer4_out_V_13 : 1
		layer4_out_V_14 : 1
		layer4_out_V_15 : 1
		layer4_out_V_16 : 1
		layer4_out_V_17 : 1
		layer4_out_V_18 : 1
		layer4_out_V_19 : 1
		layer4_out_V_20 : 1
		layer4_out_V_21 : 1
		layer4_out_V_22 : 1
		layer4_out_V_23 : 1
		layer4_out_V_24 : 1
		layer4_out_V_25 : 1
		layer4_out_V_26 : 1
		layer4_out_V_27 : 1
		layer4_out_V_28 : 1
		layer4_out_V_29 : 1
		layer4_out_V_30 : 1
		layer4_out_V_31 : 1
		layer4_out_V_32 : 1
		layer4_out_V_33 : 1
		layer4_out_V_34 : 1
		layer4_out_V_35 : 1
		layer4_out_V_36 : 1
		layer4_out_V_37 : 1
		layer4_out_V_38 : 1
		layer4_out_V_39 : 1
		layer4_out_V_40 : 1
		layer4_out_V_41 : 1
		layer4_out_V_42 : 1
		layer4_out_V_43 : 1
		layer4_out_V_44 : 1
		layer4_out_V_45 : 1
		layer4_out_V_46 : 1
		layer4_out_V_47 : 1
		layer4_out_V_48 : 1
		layer4_out_V_49 : 1
		layer4_out_V_50 : 1
		layer4_out_V_51 : 1
		layer4_out_V_52 : 1
		layer4_out_V_53 : 1
		layer4_out_V_54 : 1
		layer4_out_V_55 : 1
		layer4_out_V_56 : 1
		layer4_out_V_57 : 1
		layer4_out_V_58 : 1
		layer4_out_V_59 : 1
		layer4_out_V_60 : 1
		layer4_out_V_61 : 1
		layer4_out_V_62 : 1
		layer4_out_V_63 : 1
	State 6
	State 7
	State 8
	State 9
		layer5_out_V : 1
		layer5_out_V_1 : 1
		layer5_out_V_2 : 1
		layer5_out_V_3 : 1
		layer5_out_V_4 : 1
		layer5_out_V_5 : 1
		layer5_out_V_6 : 1
		layer5_out_V_7 : 1
		layer5_out_V_8 : 1
		layer5_out_V_9 : 1
		layer5_out_V_10 : 1
		layer5_out_V_11 : 1
		layer5_out_V_12 : 1
		layer5_out_V_13 : 1
		layer5_out_V_14 : 1
		layer5_out_V_15 : 1
		layer5_out_V_16 : 1
		layer5_out_V_17 : 1
		layer5_out_V_18 : 1
		layer5_out_V_19 : 1
		layer5_out_V_20 : 1
		layer5_out_V_21 : 1
		layer5_out_V_22 : 1
		layer5_out_V_23 : 1
		layer5_out_V_24 : 1
		layer5_out_V_25 : 1
		layer5_out_V_26 : 1
		layer5_out_V_27 : 1
		layer5_out_V_28 : 1
		layer5_out_V_29 : 1
		layer5_out_V_30 : 1
		layer5_out_V_31 : 1
		call_ret4_i_i : 2
		layer7_out_V : 3
		layer7_out_V_1 : 3
		layer7_out_V_2 : 3
		layer7_out_V_3 : 3
		layer7_out_V_4 : 3
		layer7_out_V_5 : 3
		layer7_out_V_6 : 3
		layer7_out_V_7 : 3
		layer7_out_V_8 : 3
		layer7_out_V_9 : 3
		layer7_out_V_10 : 3
		layer7_out_V_11 : 3
		layer7_out_V_12 : 3
		layer7_out_V_13 : 3
		layer7_out_V_14 : 3
		layer7_out_V_15 : 3
		layer7_out_V_16 : 3
		layer7_out_V_17 : 3
		layer7_out_V_18 : 3
		layer7_out_V_19 : 3
		layer7_out_V_20 : 3
		layer7_out_V_21 : 3
		layer7_out_V_22 : 3
		layer7_out_V_23 : 3
		layer7_out_V_24 : 3
		layer7_out_V_25 : 3
		layer7_out_V_26 : 3
		layer7_out_V_27 : 3
		layer7_out_V_28 : 3
		layer7_out_V_29 : 3
		layer7_out_V_30 : 3
		layer7_out_V_31 : 3
	State 10
	State 11
		layer8_out_V : 1
		layer8_out_V_1 : 1
		layer8_out_V_2 : 1
		layer8_out_V_3 : 1
		layer8_out_V_4 : 1
		layer8_out_V_5 : 1
		layer8_out_V_6 : 1
		layer8_out_V_7 : 1
		layer8_out_V_8 : 1
		layer8_out_V_9 : 1
		layer8_out_V_10 : 1
		layer8_out_V_11 : 1
		layer8_out_V_12 : 1
		layer8_out_V_13 : 1
		layer8_out_V_14 : 1
		layer8_out_V_15 : 1
		layer8_out_V_16 : 1
		layer8_out_V_17 : 1
		layer8_out_V_18 : 1
		layer8_out_V_19 : 1
		layer8_out_V_20 : 1
		layer8_out_V_21 : 1
		layer8_out_V_22 : 1
		layer8_out_V_23 : 1
		layer8_out_V_24 : 1
		layer8_out_V_25 : 1
		layer8_out_V_26 : 1
		layer8_out_V_27 : 1
		layer8_out_V_28 : 1
		layer8_out_V_29 : 1
		layer8_out_V_30 : 1
		layer8_out_V_31 : 1
	State 12
		layer10_out_V : 1
		layer10_out_V_1 : 1
		layer10_out_V_2 : 1
		layer10_out_V_3 : 1
		layer10_out_V_4 : 1
		layer10_out_V_5 : 1
		layer10_out_V_6 : 1
		layer10_out_V_7 : 1
		layer10_out_V_8 : 1
		layer10_out_V_9 : 1
		layer10_out_V_10 : 1
		layer10_out_V_11 : 1
		layer10_out_V_12 : 1
		layer10_out_V_13 : 1
		layer10_out_V_14 : 1
		layer10_out_V_15 : 1
		layer10_out_V_16 : 1
		layer10_out_V_17 : 1
		layer10_out_V_18 : 1
		layer10_out_V_19 : 1
		layer10_out_V_20 : 1
		layer10_out_V_21 : 1
		layer10_out_V_22 : 1
		layer10_out_V_23 : 1
		layer10_out_V_24 : 1
		layer10_out_V_25 : 1
		layer10_out_V_26 : 1
		layer10_out_V_27 : 1
		layer10_out_V_28 : 1
		layer10_out_V_29 : 1
		layer10_out_V_30 : 1
		layer10_out_V_31 : 1
	State 13
	State 14
		layer11_out_V : 1
		layer11_out_V_1 : 1
		layer11_out_V_2 : 1
		layer11_out_V_3 : 1
		layer11_out_V_4 : 1
	State 15
	State 16
	State 17
	State 18
	State 19
	State 20
	State 21
		layer13_out_0_ret_i_i : 1
		store_ln386 : 2
		layer13_out_1_ret_i_i : 1
		store_ln386 : 2
		layer13_out_2_ret_i_i : 1
		store_ln386 : 2
		layer13_out_3_ret_i_i : 1
		store_ln386 : 2
		layer13_out_4_ret_i_i : 1
		store_ln386 : 2


============================================================
+ Verbose Summary: Datapath Resource usage 
============================================================

* Functional unit list:
|----------|-----------------------------------------------------------------------------------|---------|---------|---------|---------|
| Operation|                                  Functional Unit                                  |   DSP   |  Delay  |    FF   |   LUT   |
|----------|-----------------------------------------------------------------------------------|---------|---------|---------|---------|
|          |     grp_dense_latency_ap_fixed_16_6_5_3_0_ap_fixed_16_6_5_3_0_config2_s_fu_130    |    0    |    0    |   8606  |  181521 |
|          |  call_ret2_i_i_relu_ap_fixed_16_6_5_3_0_ap_fixed_16_6_5_3_0_relu_config4_s_fu_135 |    0    |    0    |    0    |   1408  |
|          |     grp_dense_latency_ap_fixed_16_6_5_3_0_ap_fixed_16_6_5_3_0_config5_s_fu_203    |    0    |    0    |  11685  |  266970 |
|   call   |  call_ret4_i_i_relu_ap_fixed_16_6_5_3_0_ap_fixed_16_6_5_3_0_relu_config7_s_fu_271 |    0    |    0    |    0    |   704   |
|          |     grp_dense_latency_ap_fixed_16_6_5_3_0_ap_fixed_16_6_5_3_0_config8_s_fu_307    |    0    |    0    |   6302  |  152402 |
|          | call_ret6_i_i_relu_ap_fixed_16_6_5_3_0_ap_fixed_16_6_5_3_0_relu_config10_s_fu_343 |    0    |    0    |    0    |   704   |
|          |    grp_dense_latency_ap_fixed_16_6_5_3_0_ap_fixed_16_6_5_3_0_config11_s_fu_379    |    0    |    0    |   1420  |  32843  |
|          |     grp_softmax_stable_ap_fixed_ap_fixed_16_6_5_3_0_softmax_config13_s_fu_415     |    5    |  6.167  |   426   |   680   |
|----------|-----------------------------------------------------------------------------------|---------|---------|---------|---------|
|   read   |                                 i_read_read_fu_46                                 |    0    |    0    |    0    |    0    |
|----------|-----------------------------------------------------------------------------------|---------|---------|---------|---------|
|   zext   |                                 zext_ln386_fu_428                                 |    0    |    0    |    0    |    0    |
|----------|-----------------------------------------------------------------------------------|---------|---------|---------|---------|
|          |                                layer2_out_V_fu_433                                |    0    |    0    |    0    |    0    |
|          |                               layer2_out_V_1_fu_437                               |    0    |    0    |    0    |    0    |
|          |                               layer2_out_V_2_fu_441                               |    0    |    0    |    0    |    0    |
|          |                               layer2_out_V_3_fu_445                               |    0    |    0    |    0    |    0    |
|          |                               layer2_out_V_4_fu_449                               |    0    |    0    |    0    |    0    |
|          |                               layer2_out_V_5_fu_453                               |    0    |    0    |    0    |    0    |
|          |                               layer2_out_V_6_fu_457                               |    0    |    0    |    0    |    0    |
|          |                               layer2_out_V_7_fu_461                               |    0    |    0    |    0    |    0    |
|          |                               layer2_out_V_8_fu_465                               |    0    |    0    |    0    |    0    |
|          |                               layer2_out_V_9_fu_469                               |    0    |    0    |    0    |    0    |
|          |                               layer2_out_V_10_fu_473                              |    0    |    0    |    0    |    0    |
|          |                               layer2_out_V_11_fu_477                              |    0    |    0    |    0    |    0    |
|          |                               layer2_out_V_12_fu_481                              |    0    |    0    |    0    |    0    |
|          |                               layer2_out_V_13_fu_485                              |    0    |    0    |    0    |    0    |
|          |                               layer2_out_V_14_fu_489                              |    0    |    0    |    0    |    0    |
|          |                               layer2_out_V_15_fu_493                              |    0    |    0    |    0    |    0    |
|          |                               layer2_out_V_16_fu_497                              |    0    |    0    |    0    |    0    |
|          |                               layer2_out_V_17_fu_501                              |    0    |    0    |    0    |    0    |
|          |                               layer2_out_V_18_fu_505                              |    0    |    0    |    0    |    0    |
|          |                               layer2_out_V_19_fu_509                              |    0    |    0    |    0    |    0    |
|          |                               layer2_out_V_20_fu_513                              |    0    |    0    |    0    |    0    |
|          |                               layer2_out_V_21_fu_517                              |    0    |    0    |    0    |    0    |
|          |                               layer2_out_V_22_fu_521                              |    0    |    0    |    0    |    0    |
|          |                               layer2_out_V_23_fu_525                              |    0    |    0    |    0    |    0    |
|          |                               layer2_out_V_24_fu_529                              |    0    |    0    |    0    |    0    |
|          |                               layer2_out_V_25_fu_533                              |    0    |    0    |    0    |    0    |
|          |                               layer2_out_V_26_fu_537                              |    0    |    0    |    0    |    0    |
|          |                               layer2_out_V_27_fu_541                              |    0    |    0    |    0    |    0    |
|          |                               layer2_out_V_28_fu_545                              |    0    |    0    |    0    |    0    |
|          |                               layer2_out_V_29_fu_549                              |    0    |    0    |    0    |    0    |
|          |                               layer2_out_V_30_fu_553                              |    0    |    0    |    0    |    0    |
|          |                               layer2_out_V_31_fu_557                              |    0    |    0    |    0    |    0    |
|          |                               layer2_out_V_32_fu_561                              |    0    |    0    |    0    |    0    |
|          |                               layer2_out_V_33_fu_565                              |    0    |    0    |    0    |    0    |
|          |                               layer2_out_V_34_fu_569                              |    0    |    0    |    0    |    0    |
|          |                               layer2_out_V_35_fu_573                              |    0    |    0    |    0    |    0    |
|          |                               layer2_out_V_36_fu_577                              |    0    |    0    |    0    |    0    |
|          |                               layer2_out_V_37_fu_581                              |    0    |    0    |    0    |    0    |
|          |                               layer2_out_V_38_fu_585                              |    0    |    0    |    0    |    0    |
|          |                               layer2_out_V_39_fu_589                              |    0    |    0    |    0    |    0    |
|          |                               layer2_out_V_40_fu_593                              |    0    |    0    |    0    |    0    |
|          |                               layer2_out_V_41_fu_597                              |    0    |    0    |    0    |    0    |
|          |                               layer2_out_V_42_fu_601                              |    0    |    0    |    0    |    0    |
|          |                               layer2_out_V_43_fu_605                              |    0    |    0    |    0    |    0    |
|          |                               layer2_out_V_44_fu_609                              |    0    |    0    |    0    |    0    |
|          |                               layer2_out_V_45_fu_613                              |    0    |    0    |    0    |    0    |
|          |                               layer2_out_V_46_fu_617                              |    0    |    0    |    0    |    0    |
|          |                               layer2_out_V_47_fu_621                              |    0    |    0    |    0    |    0    |
|          |                               layer2_out_V_48_fu_625                              |    0    |    0    |    0    |    0    |
|          |                               layer2_out_V_49_fu_629                              |    0    |    0    |    0    |    0    |
|          |                               layer2_out_V_50_fu_633                              |    0    |    0    |    0    |    0    |
|          |                               layer2_out_V_51_fu_637                              |    0    |    0    |    0    |    0    |
|          |                               layer2_out_V_52_fu_641                              |    0    |    0    |    0    |    0    |
|          |                               layer2_out_V_53_fu_645                              |    0    |    0    |    0    |    0    |
|          |                               layer2_out_V_54_fu_649                              |    0    |    0    |    0    |    0    |
|          |                               layer2_out_V_55_fu_653                              |    0    |    0    |    0    |    0    |
|          |                               layer2_out_V_56_fu_657                              |    0    |    0    |    0    |    0    |
|          |                               layer2_out_V_57_fu_661                              |    0    |    0    |    0    |    0    |
|          |                               layer2_out_V_58_fu_665                              |    0    |    0    |    0    |    0    |
|          |                               layer2_out_V_59_fu_669                              |    0    |    0    |    0    |    0    |
|          |                               layer2_out_V_60_fu_673                              |    0    |    0    |    0    |    0    |
|          |                               layer2_out_V_61_fu_677                              |    0    |    0    |    0    |    0    |
|          |                               layer2_out_V_62_fu_681                              |    0    |    0    |    0    |    0    |
|          |                               layer2_out_V_63_fu_685                              |    0    |    0    |    0    |    0    |
|          |                                layer4_out_V_fu_689                                |    0    |    0    |    0    |    0    |
|          |                               layer4_out_V_1_fu_693                               |    0    |    0    |    0    |    0    |
|          |                               layer4_out_V_2_fu_697                               |    0    |    0    |    0    |    0    |
|          |                               layer4_out_V_3_fu_701                               |    0    |    0    |    0    |    0    |
|          |                               layer4_out_V_4_fu_705                               |    0    |    0    |    0    |    0    |
|          |                               layer4_out_V_5_fu_709                               |    0    |    0    |    0    |    0    |
|          |                               layer4_out_V_6_fu_713                               |    0    |    0    |    0    |    0    |
|          |                               layer4_out_V_7_fu_717                               |    0    |    0    |    0    |    0    |
|          |                               layer4_out_V_8_fu_721                               |    0    |    0    |    0    |    0    |
|          |                               layer4_out_V_9_fu_725                               |    0    |    0    |    0    |    0    |
|          |                               layer4_out_V_10_fu_729                              |    0    |    0    |    0    |    0    |
|          |                               layer4_out_V_11_fu_733                              |    0    |    0    |    0    |    0    |
|          |                               layer4_out_V_12_fu_737                              |    0    |    0    |    0    |    0    |
|          |                               layer4_out_V_13_fu_741                              |    0    |    0    |    0    |    0    |
|          |                               layer4_out_V_14_fu_745                              |    0    |    0    |    0    |    0    |
|          |                               layer4_out_V_15_fu_749                              |    0    |    0    |    0    |    0    |
|          |                               layer4_out_V_16_fu_753                              |    0    |    0    |    0    |    0    |
|          |                               layer4_out_V_17_fu_757                              |    0    |    0    |    0    |    0    |
|          |                               layer4_out_V_18_fu_761                              |    0    |    0    |    0    |    0    |
|          |                               layer4_out_V_19_fu_765                              |    0    |    0    |    0    |    0    |
|          |                               layer4_out_V_20_fu_769                              |    0    |    0    |    0    |    0    |
|          |                               layer4_out_V_21_fu_773                              |    0    |    0    |    0    |    0    |
|          |                               layer4_out_V_22_fu_777                              |    0    |    0    |    0    |    0    |
|          |                               layer4_out_V_23_fu_781                              |    0    |    0    |    0    |    0    |
|          |                               layer4_out_V_24_fu_785                              |    0    |    0    |    0    |    0    |
|          |                               layer4_out_V_25_fu_789                              |    0    |    0    |    0    |    0    |
|          |                               layer4_out_V_26_fu_793                              |    0    |    0    |    0    |    0    |
|          |                               layer4_out_V_27_fu_797                              |    0    |    0    |    0    |    0    |
|          |                               layer4_out_V_28_fu_801                              |    0    |    0    |    0    |    0    |
|          |                               layer4_out_V_29_fu_805                              |    0    |    0    |    0    |    0    |
|          |                               layer4_out_V_30_fu_809                              |    0    |    0    |    0    |    0    |
|          |                               layer4_out_V_31_fu_813                              |    0    |    0    |    0    |    0    |
|          |                               layer4_out_V_32_fu_817                              |    0    |    0    |    0    |    0    |
|          |                               layer4_out_V_33_fu_821                              |    0    |    0    |    0    |    0    |
|          |                               layer4_out_V_34_fu_825                              |    0    |    0    |    0    |    0    |
|          |                               layer4_out_V_35_fu_829                              |    0    |    0    |    0    |    0    |
|          |                               layer4_out_V_36_fu_833                              |    0    |    0    |    0    |    0    |
|          |                               layer4_out_V_37_fu_837                              |    0    |    0    |    0    |    0    |
|          |                               layer4_out_V_38_fu_841                              |    0    |    0    |    0    |    0    |
|          |                               layer4_out_V_39_fu_845                              |    0    |    0    |    0    |    0    |
|          |                               layer4_out_V_40_fu_849                              |    0    |    0    |    0    |    0    |
|          |                               layer4_out_V_41_fu_853                              |    0    |    0    |    0    |    0    |
|          |                               layer4_out_V_42_fu_857                              |    0    |    0    |    0    |    0    |
|          |                               layer4_out_V_43_fu_861                              |    0    |    0    |    0    |    0    |
|          |                               layer4_out_V_44_fu_865                              |    0    |    0    |    0    |    0    |
|          |                               layer4_out_V_45_fu_869                              |    0    |    0    |    0    |    0    |
|          |                               layer4_out_V_46_fu_873                              |    0    |    0    |    0    |    0    |
|          |                               layer4_out_V_47_fu_877                              |    0    |    0    |    0    |    0    |
|          |                               layer4_out_V_48_fu_881                              |    0    |    0    |    0    |    0    |
|          |                               layer4_out_V_49_fu_885                              |    0    |    0    |    0    |    0    |
|          |                               layer4_out_V_50_fu_889                              |    0    |    0    |    0    |    0    |
|          |                               layer4_out_V_51_fu_893                              |    0    |    0    |    0    |    0    |
|          |                               layer4_out_V_52_fu_897                              |    0    |    0    |    0    |    0    |
|          |                               layer4_out_V_53_fu_901                              |    0    |    0    |    0    |    0    |
|          |                               layer4_out_V_54_fu_905                              |    0    |    0    |    0    |    0    |
|          |                               layer4_out_V_55_fu_909                              |    0    |    0    |    0    |    0    |
|          |                               layer4_out_V_56_fu_913                              |    0    |    0    |    0    |    0    |
|          |                               layer4_out_V_57_fu_917                              |    0    |    0    |    0    |    0    |
|          |                               layer4_out_V_58_fu_921                              |    0    |    0    |    0    |    0    |
|          |                               layer4_out_V_59_fu_925                              |    0    |    0    |    0    |    0    |
|          |                               layer4_out_V_60_fu_929                              |    0    |    0    |    0    |    0    |
|          |                               layer4_out_V_61_fu_933                              |    0    |    0    |    0    |    0    |
|          |                               layer4_out_V_62_fu_937                              |    0    |    0    |    0    |    0    |
|          |                               layer4_out_V_63_fu_941                              |    0    |    0    |    0    |    0    |
|          |                                layer5_out_V_fu_945                                |    0    |    0    |    0    |    0    |
|          |                               layer5_out_V_1_fu_950                               |    0    |    0    |    0    |    0    |
|          |                               layer5_out_V_2_fu_955                               |    0    |    0    |    0    |    0    |
|          |                               layer5_out_V_3_fu_960                               |    0    |    0    |    0    |    0    |
|extractvalue|                               layer5_out_V_4_fu_965                               |    0    |    0    |    0    |    0    |
|          |                               layer5_out_V_5_fu_970                               |    0    |    0    |    0    |    0    |
|          |                               layer5_out_V_6_fu_975                               |    0    |    0    |    0    |    0    |
|          |                               layer5_out_V_7_fu_980                               |    0    |    0    |    0    |    0    |
|          |                               layer5_out_V_8_fu_985                               |    0    |    0    |    0    |    0    |
|          |                               layer5_out_V_9_fu_990                               |    0    |    0    |    0    |    0    |
|          |                               layer5_out_V_10_fu_995                              |    0    |    0    |    0    |    0    |
|          |                              layer5_out_V_11_fu_1000                              |    0    |    0    |    0    |    0    |
|          |                              layer5_out_V_12_fu_1005                              |    0    |    0    |    0    |    0    |
|          |                              layer5_out_V_13_fu_1010                              |    0    |    0    |    0    |    0    |
|          |                              layer5_out_V_14_fu_1015                              |    0    |    0    |    0    |    0    |
|          |                              layer5_out_V_15_fu_1020                              |    0    |    0    |    0    |    0    |
|          |                              layer5_out_V_16_fu_1025                              |    0    |    0    |    0    |    0    |
|          |                              layer5_out_V_17_fu_1030                              |    0    |    0    |    0    |    0    |
|          |                              layer5_out_V_18_fu_1035                              |    0    |    0    |    0    |    0    |
|          |                              layer5_out_V_19_fu_1040                              |    0    |    0    |    0    |    0    |
|          |                              layer5_out_V_20_fu_1045                              |    0    |    0    |    0    |    0    |
|          |                              layer5_out_V_21_fu_1050                              |    0    |    0    |    0    |    0    |
|          |                              layer5_out_V_22_fu_1055                              |    0    |    0    |    0    |    0    |
|          |                              layer5_out_V_23_fu_1060                              |    0    |    0    |    0    |    0    |
|          |                              layer5_out_V_24_fu_1065                              |    0    |    0    |    0    |    0    |
|          |                              layer5_out_V_25_fu_1070                              |    0    |    0    |    0    |    0    |
|          |                              layer5_out_V_26_fu_1075                              |    0    |    0    |    0    |    0    |
|          |                              layer5_out_V_27_fu_1080                              |    0    |    0    |    0    |    0    |
|          |                              layer5_out_V_28_fu_1085                              |    0    |    0    |    0    |    0    |
|          |                              layer5_out_V_29_fu_1090                              |    0    |    0    |    0    |    0    |
|          |                              layer5_out_V_30_fu_1095                              |    0    |    0    |    0    |    0    |
|          |                              layer5_out_V_31_fu_1100                              |    0    |    0    |    0    |    0    |
|          |                                layer7_out_V_fu_1105                               |    0    |    0    |    0    |    0    |
|          |                               layer7_out_V_1_fu_1109                              |    0    |    0    |    0    |    0    |
|          |                               layer7_out_V_2_fu_1113                              |    0    |    0    |    0    |    0    |
|          |                               layer7_out_V_3_fu_1117                              |    0    |    0    |    0    |    0    |
|          |                               layer7_out_V_4_fu_1121                              |    0    |    0    |    0    |    0    |
|          |                               layer7_out_V_5_fu_1125                              |    0    |    0    |    0    |    0    |
|          |                               layer7_out_V_6_fu_1129                              |    0    |    0    |    0    |    0    |
|          |                               layer7_out_V_7_fu_1133                              |    0    |    0    |    0    |    0    |
|          |                               layer7_out_V_8_fu_1137                              |    0    |    0    |    0    |    0    |
|          |                               layer7_out_V_9_fu_1141                              |    0    |    0    |    0    |    0    |
|          |                              layer7_out_V_10_fu_1145                              |    0    |    0    |    0    |    0    |
|          |                              layer7_out_V_11_fu_1149                              |    0    |    0    |    0    |    0    |
|          |                              layer7_out_V_12_fu_1153                              |    0    |    0    |    0    |    0    |
|          |                              layer7_out_V_13_fu_1157                              |    0    |    0    |    0    |    0    |
|          |                              layer7_out_V_14_fu_1161                              |    0    |    0    |    0    |    0    |
|          |                              layer7_out_V_15_fu_1165                              |    0    |    0    |    0    |    0    |
|          |                              layer7_out_V_16_fu_1169                              |    0    |    0    |    0    |    0    |
|          |                              layer7_out_V_17_fu_1173                              |    0    |    0    |    0    |    0    |
|          |                              layer7_out_V_18_fu_1177                              |    0    |    0    |    0    |    0    |
|          |                              layer7_out_V_19_fu_1181                              |    0    |    0    |    0    |    0    |
|          |                              layer7_out_V_20_fu_1185                              |    0    |    0    |    0    |    0    |
|          |                              layer7_out_V_21_fu_1189                              |    0    |    0    |    0    |    0    |
|          |                              layer7_out_V_22_fu_1193                              |    0    |    0    |    0    |    0    |
|          |                              layer7_out_V_23_fu_1197                              |    0    |    0    |    0    |    0    |
|          |                              layer7_out_V_24_fu_1201                              |    0    |    0    |    0    |    0    |
|          |                              layer7_out_V_25_fu_1205                              |    0    |    0    |    0    |    0    |
|          |                              layer7_out_V_26_fu_1209                              |    0    |    0    |    0    |    0    |
|          |                              layer7_out_V_27_fu_1213                              |    0    |    0    |    0    |    0    |
|          |                              layer7_out_V_28_fu_1217                              |    0    |    0    |    0    |    0    |
|          |                              layer7_out_V_29_fu_1221                              |    0    |    0    |    0    |    0    |
|          |                              layer7_out_V_30_fu_1225                              |    0    |    0    |    0    |    0    |
|          |                              layer7_out_V_31_fu_1229                              |    0    |    0    |    0    |    0    |
|          |                                layer8_out_V_fu_1233                               |    0    |    0    |    0    |    0    |
|          |                               layer8_out_V_1_fu_1237                              |    0    |    0    |    0    |    0    |
|          |                               layer8_out_V_2_fu_1241                              |    0    |    0    |    0    |    0    |
|          |                               layer8_out_V_3_fu_1245                              |    0    |    0    |    0    |    0    |
|          |                               layer8_out_V_4_fu_1249                              |    0    |    0    |    0    |    0    |
|          |                               layer8_out_V_5_fu_1253                              |    0    |    0    |    0    |    0    |
|          |                               layer8_out_V_6_fu_1257                              |    0    |    0    |    0    |    0    |
|          |                               layer8_out_V_7_fu_1261                              |    0    |    0    |    0    |    0    |
|          |                               layer8_out_V_8_fu_1265                              |    0    |    0    |    0    |    0    |
|          |                               layer8_out_V_9_fu_1269                              |    0    |    0    |    0    |    0    |
|          |                              layer8_out_V_10_fu_1273                              |    0    |    0    |    0    |    0    |
|          |                              layer8_out_V_11_fu_1277                              |    0    |    0    |    0    |    0    |
|          |                              layer8_out_V_12_fu_1281                              |    0    |    0    |    0    |    0    |
|          |                              layer8_out_V_13_fu_1285                              |    0    |    0    |    0    |    0    |
|          |                              layer8_out_V_14_fu_1289                              |    0    |    0    |    0    |    0    |
|          |                              layer8_out_V_15_fu_1293                              |    0    |    0    |    0    |    0    |
|          |                              layer8_out_V_16_fu_1297                              |    0    |    0    |    0    |    0    |
|          |                              layer8_out_V_17_fu_1301                              |    0    |    0    |    0    |    0    |
|          |                              layer8_out_V_18_fu_1305                              |    0    |    0    |    0    |    0    |
|          |                              layer8_out_V_19_fu_1309                              |    0    |    0    |    0    |    0    |
|          |                              layer8_out_V_20_fu_1313                              |    0    |    0    |    0    |    0    |
|          |                              layer8_out_V_21_fu_1317                              |    0    |    0    |    0    |    0    |
|          |                              layer8_out_V_22_fu_1321                              |    0    |    0    |    0    |    0    |
|          |                              layer8_out_V_23_fu_1325                              |    0    |    0    |    0    |    0    |
|          |                              layer8_out_V_24_fu_1329                              |    0    |    0    |    0    |    0    |
|          |                              layer8_out_V_25_fu_1333                              |    0    |    0    |    0    |    0    |
|          |                              layer8_out_V_26_fu_1337                              |    0    |    0    |    0    |    0    |
|          |                              layer8_out_V_27_fu_1341                              |    0    |    0    |    0    |    0    |
|          |                              layer8_out_V_28_fu_1345                              |    0    |    0    |    0    |    0    |
|          |                              layer8_out_V_29_fu_1349                              |    0    |    0    |    0    |    0    |
|          |                              layer8_out_V_30_fu_1353                              |    0    |    0    |    0    |    0    |
|          |                              layer8_out_V_31_fu_1357                              |    0    |    0    |    0    |    0    |
|          |                               layer10_out_V_fu_1361                               |    0    |    0    |    0    |    0    |
|          |                              layer10_out_V_1_fu_1365                              |    0    |    0    |    0    |    0    |
|          |                              layer10_out_V_2_fu_1369                              |    0    |    0    |    0    |    0    |
|          |                              layer10_out_V_3_fu_1373                              |    0    |    0    |    0    |    0    |
|          |                              layer10_out_V_4_fu_1377                              |    0    |    0    |    0    |    0    |
|          |                              layer10_out_V_5_fu_1381                              |    0    |    0    |    0    |    0    |
|          |                              layer10_out_V_6_fu_1385                              |    0    |    0    |    0    |    0    |
|          |                              layer10_out_V_7_fu_1389                              |    0    |    0    |    0    |    0    |
|          |                              layer10_out_V_8_fu_1393                              |    0    |    0    |    0    |    0    |
|          |                              layer10_out_V_9_fu_1397                              |    0    |    0    |    0    |    0    |
|          |                              layer10_out_V_10_fu_1401                             |    0    |    0    |    0    |    0    |
|          |                              layer10_out_V_11_fu_1405                             |    0    |    0    |    0    |    0    |
|          |                              layer10_out_V_12_fu_1409                             |    0    |    0    |    0    |    0    |
|          |                              layer10_out_V_13_fu_1413                             |    0    |    0    |    0    |    0    |
|          |                              layer10_out_V_14_fu_1417                             |    0    |    0    |    0    |    0    |
|          |                              layer10_out_V_15_fu_1421                             |    0    |    0    |    0    |    0    |
|          |                              layer10_out_V_16_fu_1425                             |    0    |    0    |    0    |    0    |
|          |                              layer10_out_V_17_fu_1429                             |    0    |    0    |    0    |    0    |
|          |                              layer10_out_V_18_fu_1433                             |    0    |    0    |    0    |    0    |
|          |                              layer10_out_V_19_fu_1437                             |    0    |    0    |    0    |    0    |
|          |                              layer10_out_V_20_fu_1441                             |    0    |    0    |    0    |    0    |
|          |                              layer10_out_V_21_fu_1445                             |    0    |    0    |    0    |    0    |
|          |                              layer10_out_V_22_fu_1449                             |    0    |    0    |    0    |    0    |
|          |                              layer10_out_V_23_fu_1453                             |    0    |    0    |    0    |    0    |
|          |                              layer10_out_V_24_fu_1457                             |    0    |    0    |    0    |    0    |
|          |                              layer10_out_V_25_fu_1461                             |    0    |    0    |    0    |    0    |
|          |                              layer10_out_V_26_fu_1465                             |    0    |    0    |    0    |    0    |
|          |                              layer10_out_V_27_fu_1469                             |    0    |    0    |    0    |    0    |
|          |                              layer10_out_V_28_fu_1473                             |    0    |    0    |    0    |    0    |
|          |                              layer10_out_V_29_fu_1477                             |    0    |    0    |    0    |    0    |
|          |                              layer10_out_V_30_fu_1481                             |    0    |    0    |    0    |    0    |
|          |                              layer10_out_V_31_fu_1485                             |    0    |    0    |    0    |    0    |
|          |                               layer11_out_V_fu_1489                               |    0    |    0    |    0    |    0    |
|          |                              layer11_out_V_1_fu_1493                              |    0    |    0    |    0    |    0    |
|          |                              layer11_out_V_2_fu_1497                              |    0    |    0    |    0    |    0    |
|          |                              layer11_out_V_3_fu_1501                              |    0    |    0    |    0    |    0    |
|          |                              layer11_out_V_4_fu_1505                              |    0    |    0    |    0    |    0    |
|          |                           layer13_out_0_ret_i_i_fu_1509                           |    0    |    0    |    0    |    0    |
|          |                           layer13_out_1_ret_i_i_fu_1514                           |    0    |    0    |    0    |    0    |
|          |                           layer13_out_2_ret_i_i_fu_1519                           |    0    |    0    |    0    |    0    |
|          |                           layer13_out_3_ret_i_i_fu_1524                           |    0    |    0    |    0    |    0    |
|          |                           layer13_out_4_ret_i_i_fu_1529                           |    0    |    0    |    0    |    0    |
|----------|-----------------------------------------------------------------------------------|---------|---------|---------|---------|
|   Total  |                                                                                   |    5    |  6.167  |  28439  |  637232 |
|----------|-----------------------------------------------------------------------------------|---------|---------|---------|---------|

Memories:
N/A

* Register list:
+-------------------------+--------+
|                         |   FF   |
+-------------------------+--------+
|   in_buf_addr_reg_1543  |   14   |
|   in_buf_load_reg_1548  |   256  |
|layer10_out_V_10_reg_2563|   16   |
|layer10_out_V_11_reg_2568|   16   |
|layer10_out_V_12_reg_2573|   16   |
|layer10_out_V_13_reg_2578|   16   |
|layer10_out_V_14_reg_2583|   16   |
|layer10_out_V_15_reg_2588|   16   |
|layer10_out_V_16_reg_2593|   16   |
|layer10_out_V_17_reg_2598|   16   |
|layer10_out_V_18_reg_2603|   16   |
|layer10_out_V_19_reg_2608|   16   |
| layer10_out_V_1_reg_2518|   16   |
|layer10_out_V_20_reg_2613|   16   |
|layer10_out_V_21_reg_2618|   16   |
|layer10_out_V_22_reg_2623|   16   |
|layer10_out_V_23_reg_2628|   16   |
|layer10_out_V_24_reg_2633|   16   |
|layer10_out_V_25_reg_2638|   16   |
|layer10_out_V_26_reg_2643|   16   |
|layer10_out_V_27_reg_2648|   16   |
|layer10_out_V_28_reg_2653|   16   |
|layer10_out_V_29_reg_2658|   16   |
| layer10_out_V_2_reg_2523|   16   |
|layer10_out_V_30_reg_2663|   16   |
|layer10_out_V_31_reg_2668|   16   |
| layer10_out_V_3_reg_2528|   16   |
| layer10_out_V_4_reg_2533|   16   |
| layer10_out_V_5_reg_2538|   16   |
| layer10_out_V_6_reg_2543|   16   |
| layer10_out_V_7_reg_2548|   16   |
| layer10_out_V_8_reg_2553|   16   |
| layer10_out_V_9_reg_2558|   16   |
|  layer10_out_V_reg_2513 |   16   |
| layer11_out_V_1_reg_2678|   16   |
| layer11_out_V_2_reg_2683|   16   |
| layer11_out_V_3_reg_2688|   16   |
| layer11_out_V_4_reg_2693|   16   |
|  layer11_out_V_reg_2673 |   16   |
| layer2_out_V_10_reg_1603|   16   |
| layer2_out_V_11_reg_1608|   16   |
| layer2_out_V_12_reg_1613|   16   |
| layer2_out_V_13_reg_1618|   16   |
| layer2_out_V_14_reg_1623|   16   |
| layer2_out_V_15_reg_1628|   16   |
| layer2_out_V_16_reg_1633|   16   |
| layer2_out_V_17_reg_1638|   16   |
| layer2_out_V_18_reg_1643|   16   |
| layer2_out_V_19_reg_1648|   16   |
| layer2_out_V_1_reg_1558 |   16   |
| layer2_out_V_20_reg_1653|   16   |
| layer2_out_V_21_reg_1658|   16   |
| layer2_out_V_22_reg_1663|   16   |
| layer2_out_V_23_reg_1668|   16   |
| layer2_out_V_24_reg_1673|   16   |
| layer2_out_V_25_reg_1678|   16   |
| layer2_out_V_26_reg_1683|   16   |
| layer2_out_V_27_reg_1688|   16   |
| layer2_out_V_28_reg_1693|   16   |
| layer2_out_V_29_reg_1698|   16   |
| layer2_out_V_2_reg_1563 |   16   |
| layer2_out_V_30_reg_1703|   16   |
| layer2_out_V_31_reg_1708|   16   |
| layer2_out_V_32_reg_1713|   16   |
| layer2_out_V_33_reg_1718|   16   |
| layer2_out_V_34_reg_1723|   16   |
| layer2_out_V_35_reg_1728|   16   |
| layer2_out_V_36_reg_1733|   16   |
| layer2_out_V_37_reg_1738|   16   |
| layer2_out_V_38_reg_1743|   16   |
| layer2_out_V_39_reg_1748|   16   |
| layer2_out_V_3_reg_1568 |   16   |
| layer2_out_V_40_reg_1753|   16   |
| layer2_out_V_41_reg_1758|   16   |
| layer2_out_V_42_reg_1763|   16   |
| layer2_out_V_43_reg_1768|   16   |
| layer2_out_V_44_reg_1773|   16   |
| layer2_out_V_45_reg_1778|   16   |
| layer2_out_V_46_reg_1783|   16   |
| layer2_out_V_47_reg_1788|   16   |
| layer2_out_V_48_reg_1793|   16   |
| layer2_out_V_49_reg_1798|   16   |
| layer2_out_V_4_reg_1573 |   16   |
| layer2_out_V_50_reg_1803|   16   |
| layer2_out_V_51_reg_1808|   16   |
| layer2_out_V_52_reg_1813|   16   |
| layer2_out_V_53_reg_1818|   16   |
| layer2_out_V_54_reg_1823|   16   |
| layer2_out_V_55_reg_1828|   16   |
| layer2_out_V_56_reg_1833|   16   |
| layer2_out_V_57_reg_1838|   16   |
| layer2_out_V_58_reg_1843|   16   |
| layer2_out_V_59_reg_1848|   16   |
| layer2_out_V_5_reg_1578 |   16   |
| layer2_out_V_60_reg_1853|   16   |
| layer2_out_V_61_reg_1858|   16   |
| layer2_out_V_62_reg_1863|   16   |
| layer2_out_V_63_reg_1868|   16   |
| layer2_out_V_6_reg_1583 |   16   |
| layer2_out_V_7_reg_1588 |   16   |
| layer2_out_V_8_reg_1593 |   16   |
| layer2_out_V_9_reg_1598 |   16   |
|  layer2_out_V_reg_1553  |   16   |
| layer4_out_V_10_reg_1923|   16   |
| layer4_out_V_11_reg_1928|   16   |
| layer4_out_V_12_reg_1933|   16   |
| layer4_out_V_13_reg_1938|   16   |
| layer4_out_V_14_reg_1943|   16   |
| layer4_out_V_15_reg_1948|   16   |
| layer4_out_V_16_reg_1953|   16   |
| layer4_out_V_17_reg_1958|   16   |
| layer4_out_V_18_reg_1963|   16   |
| layer4_out_V_19_reg_1968|   16   |
| layer4_out_V_1_reg_1878 |   16   |
| layer4_out_V_20_reg_1973|   16   |
| layer4_out_V_21_reg_1978|   16   |
| layer4_out_V_22_reg_1983|   16   |
| layer4_out_V_23_reg_1988|   16   |
| layer4_out_V_24_reg_1993|   16   |
| layer4_out_V_25_reg_1998|   16   |
| layer4_out_V_26_reg_2003|   16   |
| layer4_out_V_27_reg_2008|   16   |
| layer4_out_V_28_reg_2013|   16   |
| layer4_out_V_29_reg_2018|   16   |
| layer4_out_V_2_reg_1883 |   16   |
| layer4_out_V_30_reg_2023|   16   |
| layer4_out_V_31_reg_2028|   16   |
| layer4_out_V_32_reg_2033|   16   |
| layer4_out_V_33_reg_2038|   16   |
| layer4_out_V_34_reg_2043|   16   |
| layer4_out_V_35_reg_2048|   16   |
| layer4_out_V_36_reg_2053|   16   |
| layer4_out_V_37_reg_2058|   16   |
| layer4_out_V_38_reg_2063|   16   |
| layer4_out_V_39_reg_2068|   16   |
| layer4_out_V_3_reg_1888 |   16   |
| layer4_out_V_40_reg_2073|   16   |
| layer4_out_V_41_reg_2078|   16   |
| layer4_out_V_42_reg_2083|   16   |
| layer4_out_V_43_reg_2088|   16   |
| layer4_out_V_44_reg_2093|   16   |
| layer4_out_V_45_reg_2098|   16   |
| layer4_out_V_46_reg_2103|   16   |
| layer4_out_V_47_reg_2108|   16   |
| layer4_out_V_48_reg_2113|   16   |
| layer4_out_V_49_reg_2118|   16   |
| layer4_out_V_4_reg_1893 |   16   |
| layer4_out_V_50_reg_2123|   16   |
| layer4_out_V_51_reg_2128|   16   |
| layer4_out_V_52_reg_2133|   16   |
| layer4_out_V_53_reg_2138|   16   |
| layer4_out_V_54_reg_2143|   16   |
| layer4_out_V_55_reg_2148|   16   |
| layer4_out_V_56_reg_2153|   16   |
| layer4_out_V_57_reg_2158|   16   |
| layer4_out_V_58_reg_2163|   16   |
| layer4_out_V_59_reg_2168|   16   |
| layer4_out_V_5_reg_1898 |   16   |
| layer4_out_V_60_reg_2173|   16   |
| layer4_out_V_61_reg_2178|   16   |
| layer4_out_V_62_reg_2183|   16   |
| layer4_out_V_63_reg_2188|   16   |
| layer4_out_V_6_reg_1903 |   16   |
| layer4_out_V_7_reg_1908 |   16   |
| layer4_out_V_8_reg_1913 |   16   |
| layer4_out_V_9_reg_1918 |   16   |
|  layer4_out_V_reg_1873  |   16   |
| layer7_out_V_10_reg_2243|   16   |
| layer7_out_V_11_reg_2248|   16   |
| layer7_out_V_12_reg_2253|   16   |
| layer7_out_V_13_reg_2258|   16   |
| layer7_out_V_14_reg_2263|   16   |
| layer7_out_V_15_reg_2268|   16   |
| layer7_out_V_16_reg_2273|   16   |
| layer7_out_V_17_reg_2278|   16   |
| layer7_out_V_18_reg_2283|   16   |
| layer7_out_V_19_reg_2288|   16   |
| layer7_out_V_1_reg_2198 |   16   |
| layer7_out_V_20_reg_2293|   16   |
| layer7_out_V_21_reg_2298|   16   |
| layer7_out_V_22_reg_2303|   16   |
| layer7_out_V_23_reg_2308|   16   |
| layer7_out_V_24_reg_2313|   16   |
| layer7_out_V_25_reg_2318|   16   |
| layer7_out_V_26_reg_2323|   16   |
| layer7_out_V_27_reg_2328|   16   |
| layer7_out_V_28_reg_2333|   16   |
| layer7_out_V_29_reg_2338|   16   |
| layer7_out_V_2_reg_2203 |   16   |
| layer7_out_V_30_reg_2343|   16   |
| layer7_out_V_31_reg_2348|   16   |
| layer7_out_V_3_reg_2208 |   16   |
| layer7_out_V_4_reg_2213 |   16   |
| layer7_out_V_5_reg_2218 |   16   |
| layer7_out_V_6_reg_2223 |   16   |
| layer7_out_V_7_reg_2228 |   16   |
| layer7_out_V_8_reg_2233 |   16   |
| layer7_out_V_9_reg_2238 |   16   |
|  layer7_out_V_reg_2193  |   16   |
| layer8_out_V_10_reg_2403|   16   |
| layer8_out_V_11_reg_2408|   16   |
| layer8_out_V_12_reg_2413|   16   |
| layer8_out_V_13_reg_2418|   16   |
| layer8_out_V_14_reg_2423|   16   |
| layer8_out_V_15_reg_2428|   16   |
| layer8_out_V_16_reg_2433|   16   |
| layer8_out_V_17_reg_2438|   16   |
| layer8_out_V_18_reg_2443|   16   |
| layer8_out_V_19_reg_2448|   16   |
| layer8_out_V_1_reg_2358 |   16   |
| layer8_out_V_20_reg_2453|   16   |
| layer8_out_V_21_reg_2458|   16   |
| layer8_out_V_22_reg_2463|   16   |
| layer8_out_V_23_reg_2468|   16   |
| layer8_out_V_24_reg_2473|   16   |
| layer8_out_V_25_reg_2478|   16   |
| layer8_out_V_26_reg_2483|   16   |
| layer8_out_V_27_reg_2488|   16   |
| layer8_out_V_28_reg_2493|   16   |
| layer8_out_V_29_reg_2498|   16   |
| layer8_out_V_2_reg_2363 |   16   |
| layer8_out_V_30_reg_2503|   16   |
| layer8_out_V_31_reg_2508|   16   |
| layer8_out_V_3_reg_2368 |   16   |
| layer8_out_V_4_reg_2373 |   16   |
| layer8_out_V_5_reg_2378 |   16   |
| layer8_out_V_6_reg_2383 |   16   |
| layer8_out_V_7_reg_2388 |   16   |
| layer8_out_V_8_reg_2393 |   16   |
| layer8_out_V_9_reg_2398 |   16   |
|  layer8_out_V_reg_2353  |   16   |
|   zext_ln386_reg_1534   |   64   |
+-------------------------+--------+
|          Total          |  3998  |
+-------------------------+--------+

* Multiplexer (MUX) list: 
|------------------|------|------|------|--------||---------||---------|
|       Comp       |  Pin | Size |  BW  | S x BW ||  Delay  ||   LUT   |
|------------------|------|------|------|--------||---------||---------|
| grp_access_fu_59 |  p0  |   2  |  14  |   28   ||    12   |
|------------------|------|------|------|--------||---------||---------|
|       Total      |      |      |      |   28   ||  0.466  ||    12   |
|------------------|------|------|------|--------||---------||---------|



* Summary:
+-----------+--------+--------+--------+--------+
|           |   DSP  |  Delay |   FF   |   LUT  |
+-----------+--------+--------+--------+--------+
|  Function |    5   |    6   |  28439 | 637232 |
|   Memory  |    -   |    -   |    -   |    -   |
|Multiplexer|    -   |    0   |    -   |   12   |
|  Register |    -   |    -   |  3998  |    -   |
+-----------+--------+--------+--------+--------+
|   Total   |    5   |    6   |  32437 | 637244 |
+-----------+--------+--------+--------+--------+
