

================================================================
== Vitis HLS Report for 'normalize_array_ap_fixed_42u_array_ap_fixed_16_6_5_3_0_42u_config17_s'
================================================================
* Date:           Fri Aug  2 18:49:17 2024

* Version:        2022.2 (Build 3670227 on Oct 13 2022)
* Project:        kernel_wrapper
* Solution:       solution (Vitis Kernel Flow Target)
* Product family: virtexuplus
* Target device:  xcu55c-fsvh2892-2L-e


================================================================
== Performance Estimates
================================================================
+ Timing: 
    * Summary: 
    +--------+---------+----------+------------+
    |  Clock |  Target | Estimated| Uncertainty|
    +--------+---------+----------+------------+
    |ap_clk  |  5.00 ns|  3.275 ns|     1.35 ns|
    +--------+---------+----------+------------+

+ Latency: 
    * Summary: 
    +---------+---------+----------+----------+-----+-----+---------+
    |  Latency (cycles) |  Latency (absolute) |  Interval | Pipeline|
    |   min   |   max   |    min   |    max   | min | max |   Type  |
    +---------+---------+----------+----------+-----+-----+---------+
    |        1|        1|  5.000 ns|  5.000 ns|    1|    1|       no|
    +---------+---------+----------+----------+-----+-----+---------+

    + Detail: 
        * Instance: 
        N/A

        * Loop: 
        N/A

============================================================
+ Verbose Summary: Synthesis Manager
============================================================
InlineROM: 1
ExposeGlobal: 0
============================================================
+ Verbose Summary: CDFG Model
============================================================
IsTopModel: 0
ResetActiveHigh: 1
IsCombinational: 2
IsDatapathOnly: 0
HasWiredReturn: 1
HasMFsm: 0
HasVarLatency: 1
IsPipeline: 0
IsRtlPipelined: 0
IsInstanceOverlapped: 0
IsDontTouch: 0
HasImplIP: 0
IsGatedGlobalClock: 0


============================================================
+ Verbose Summary: Schedule
============================================================
* Number of FSM states : 2
* Pipeline : 0
* Dataflow Pipeline: 0

* FSM state transitions: 
1 --> 2 
2 --> 

* FSM state operations: 

State 1 <SV = 0> <Delay = 3.27>
ST_1 : Operation 3 [1/1] (1.33ns)   --->   "%layer15_out_read = read i672 @_ssdm_op_Read.ap_fifo.volatile.i672P0A, i672 %layer15_out" [/home/ayvol/vitis-accel-CNN/vitis_accel_prj/firmware/nnet_utils/nnet_batchnorm_stream.h:28]   --->   Operation 3 'read' 'layer15_out_read' <Predicate = true> <Delay = 1.33> <CoreInst = "FIFO_SRL">   --->   Core 81 'FIFO_SRL' <Latency = 0> <II = 1> <Delay = 1.33> <Storage> <Opcode : 'read' 'write' 'nbread' 'nbwrite'> <Ports = 0> <Width = 672> <Depth = 1> <FIFO>
ST_1 : Operation 4 [1/1] (0.00ns)   --->   "%a_V = trunc i672 %layer15_out_read" [/home/ayvol/vitis-accel-CNN/vitis_accel_prj/firmware/nnet_utils/nnet_batchnorm_stream.h:28]   --->   Operation 4 'trunc' 'a_V' <Predicate = true> <Delay = 0.00>
ST_1 : Operation 5 [1/1] (0.00ns)   --->   "%a_V_102 = partselect i16 @_ssdm_op_PartSelect.i16.i672.i32.i32, i672 %layer15_out_read, i32 640, i32 655" [/home/ayvol/vitis-accel-CNN/vitis_accel_prj/firmware/nnet_utils/nnet_batchnorm_stream.h:28]   --->   Operation 5 'partselect' 'a_V_102' <Predicate = true> <Delay = 0.00>
ST_1 : Operation 6 [1/1] (0.00ns)   --->   "%a_V_103 = partselect i16 @_ssdm_op_PartSelect.i16.i672.i32.i32, i672 %layer15_out_read, i32 656, i32 671" [/home/ayvol/vitis-accel-CNN/vitis_accel_prj/firmware/nnet_utils/nnet_batchnorm_stream.h:28]   --->   Operation 6 'partselect' 'a_V_103' <Predicate = true> <Delay = 0.00>
ST_1 : Operation 7 [1/1] (0.00ns)   --->   "%a_V_63 = partselect i16 @_ssdm_op_PartSelect.i16.i672.i32.i32, i672 %layer15_out_read, i32 16, i32 31" [/home/ayvol/vitis-accel-CNN/vitis_accel_prj/firmware/nnet_utils/nnet_batchnorm_stream.h:28]   --->   Operation 7 'partselect' 'a_V_63' <Predicate = true> <Delay = 0.00>
ST_1 : Operation 8 [1/1] (0.00ns)   --->   "%a_V_64 = partselect i16 @_ssdm_op_PartSelect.i16.i672.i32.i32, i672 %layer15_out_read, i32 32, i32 47" [/home/ayvol/vitis-accel-CNN/vitis_accel_prj/firmware/nnet_utils/nnet_batchnorm_stream.h:28]   --->   Operation 8 'partselect' 'a_V_64' <Predicate = true> <Delay = 0.00>
ST_1 : Operation 9 [1/1] (0.00ns)   --->   "%a_V_65 = partselect i16 @_ssdm_op_PartSelect.i16.i672.i32.i32, i672 %layer15_out_read, i32 48, i32 63" [/home/ayvol/vitis-accel-CNN/vitis_accel_prj/firmware/nnet_utils/nnet_batchnorm_stream.h:28]   --->   Operation 9 'partselect' 'a_V_65' <Predicate = true> <Delay = 0.00>
ST_1 : Operation 10 [1/1] (0.00ns)   --->   "%a_V_66 = partselect i16 @_ssdm_op_PartSelect.i16.i672.i32.i32, i672 %layer15_out_read, i32 64, i32 79" [/home/ayvol/vitis-accel-CNN/vitis_accel_prj/firmware/nnet_utils/nnet_batchnorm_stream.h:28]   --->   Operation 10 'partselect' 'a_V_66' <Predicate = true> <Delay = 0.00>
ST_1 : Operation 11 [1/1] (0.00ns)   --->   "%a_V_67 = partselect i16 @_ssdm_op_PartSelect.i16.i672.i32.i32, i672 %layer15_out_read, i32 80, i32 95" [/home/ayvol/vitis-accel-CNN/vitis_accel_prj/firmware/nnet_utils/nnet_batchnorm_stream.h:28]   --->   Operation 11 'partselect' 'a_V_67' <Predicate = true> <Delay = 0.00>
ST_1 : Operation 12 [1/1] (0.00ns)   --->   "%a_V_68 = partselect i16 @_ssdm_op_PartSelect.i16.i672.i32.i32, i672 %layer15_out_read, i32 96, i32 111" [/home/ayvol/vitis-accel-CNN/vitis_accel_prj/firmware/nnet_utils/nnet_batchnorm_stream.h:28]   --->   Operation 12 'partselect' 'a_V_68' <Predicate = true> <Delay = 0.00>
ST_1 : Operation 13 [1/1] (0.00ns)   --->   "%a_V_69 = partselect i16 @_ssdm_op_PartSelect.i16.i672.i32.i32, i672 %layer15_out_read, i32 112, i32 127" [/home/ayvol/vitis-accel-CNN/vitis_accel_prj/firmware/nnet_utils/nnet_batchnorm_stream.h:28]   --->   Operation 13 'partselect' 'a_V_69' <Predicate = true> <Delay = 0.00>
ST_1 : Operation 14 [1/1] (0.00ns)   --->   "%a_V_70 = partselect i16 @_ssdm_op_PartSelect.i16.i672.i32.i32, i672 %layer15_out_read, i32 128, i32 143" [/home/ayvol/vitis-accel-CNN/vitis_accel_prj/firmware/nnet_utils/nnet_batchnorm_stream.h:28]   --->   Operation 14 'partselect' 'a_V_70' <Predicate = true> <Delay = 0.00>
ST_1 : Operation 15 [1/1] (0.00ns)   --->   "%a_V_71 = partselect i16 @_ssdm_op_PartSelect.i16.i672.i32.i32, i672 %layer15_out_read, i32 144, i32 159" [/home/ayvol/vitis-accel-CNN/vitis_accel_prj/firmware/nnet_utils/nnet_batchnorm_stream.h:28]   --->   Operation 15 'partselect' 'a_V_71' <Predicate = true> <Delay = 0.00>
ST_1 : Operation 16 [1/1] (0.00ns)   --->   "%a_V_72 = partselect i16 @_ssdm_op_PartSelect.i16.i672.i32.i32, i672 %layer15_out_read, i32 160, i32 175" [/home/ayvol/vitis-accel-CNN/vitis_accel_prj/firmware/nnet_utils/nnet_batchnorm_stream.h:28]   --->   Operation 16 'partselect' 'a_V_72' <Predicate = true> <Delay = 0.00>
ST_1 : Operation 17 [1/1] (0.00ns)   --->   "%a_V_73 = partselect i16 @_ssdm_op_PartSelect.i16.i672.i32.i32, i672 %layer15_out_read, i32 176, i32 191" [/home/ayvol/vitis-accel-CNN/vitis_accel_prj/firmware/nnet_utils/nnet_batchnorm_stream.h:28]   --->   Operation 17 'partselect' 'a_V_73' <Predicate = true> <Delay = 0.00>
ST_1 : Operation 18 [1/1] (0.00ns)   --->   "%a_V_74 = partselect i16 @_ssdm_op_PartSelect.i16.i672.i32.i32, i672 %layer15_out_read, i32 192, i32 207" [/home/ayvol/vitis-accel-CNN/vitis_accel_prj/firmware/nnet_utils/nnet_batchnorm_stream.h:28]   --->   Operation 18 'partselect' 'a_V_74' <Predicate = true> <Delay = 0.00>
ST_1 : Operation 19 [1/1] (0.00ns)   --->   "%a_V_75 = partselect i16 @_ssdm_op_PartSelect.i16.i672.i32.i32, i672 %layer15_out_read, i32 208, i32 223" [/home/ayvol/vitis-accel-CNN/vitis_accel_prj/firmware/nnet_utils/nnet_batchnorm_stream.h:28]   --->   Operation 19 'partselect' 'a_V_75' <Predicate = true> <Delay = 0.00>
ST_1 : Operation 20 [1/1] (0.00ns)   --->   "%a_V_76 = partselect i16 @_ssdm_op_PartSelect.i16.i672.i32.i32, i672 %layer15_out_read, i32 224, i32 239" [/home/ayvol/vitis-accel-CNN/vitis_accel_prj/firmware/nnet_utils/nnet_batchnorm_stream.h:28]   --->   Operation 20 'partselect' 'a_V_76' <Predicate = true> <Delay = 0.00>
ST_1 : Operation 21 [1/1] (0.00ns)   --->   "%a_V_77 = partselect i16 @_ssdm_op_PartSelect.i16.i672.i32.i32, i672 %layer15_out_read, i32 240, i32 255" [/home/ayvol/vitis-accel-CNN/vitis_accel_prj/firmware/nnet_utils/nnet_batchnorm_stream.h:28]   --->   Operation 21 'partselect' 'a_V_77' <Predicate = true> <Delay = 0.00>
ST_1 : Operation 22 [1/1] (0.00ns)   --->   "%a_V_78 = partselect i16 @_ssdm_op_PartSelect.i16.i672.i32.i32, i672 %layer15_out_read, i32 256, i32 271" [/home/ayvol/vitis-accel-CNN/vitis_accel_prj/firmware/nnet_utils/nnet_batchnorm_stream.h:28]   --->   Operation 22 'partselect' 'a_V_78' <Predicate = true> <Delay = 0.00>
ST_1 : Operation 23 [1/1] (0.00ns)   --->   "%a_V_79 = partselect i16 @_ssdm_op_PartSelect.i16.i672.i32.i32, i672 %layer15_out_read, i32 272, i32 287" [/home/ayvol/vitis-accel-CNN/vitis_accel_prj/firmware/nnet_utils/nnet_batchnorm_stream.h:28]   --->   Operation 23 'partselect' 'a_V_79' <Predicate = true> <Delay = 0.00>
ST_1 : Operation 24 [1/1] (0.00ns)   --->   "%a_V_80 = partselect i16 @_ssdm_op_PartSelect.i16.i672.i32.i32, i672 %layer15_out_read, i32 288, i32 303" [/home/ayvol/vitis-accel-CNN/vitis_accel_prj/firmware/nnet_utils/nnet_batchnorm_stream.h:28]   --->   Operation 24 'partselect' 'a_V_80' <Predicate = true> <Delay = 0.00>
ST_1 : Operation 25 [1/1] (0.00ns)   --->   "%a_V_81 = partselect i16 @_ssdm_op_PartSelect.i16.i672.i32.i32, i672 %layer15_out_read, i32 304, i32 319" [/home/ayvol/vitis-accel-CNN/vitis_accel_prj/firmware/nnet_utils/nnet_batchnorm_stream.h:28]   --->   Operation 25 'partselect' 'a_V_81' <Predicate = true> <Delay = 0.00>
ST_1 : Operation 26 [1/1] (0.00ns)   --->   "%a_V_82 = partselect i16 @_ssdm_op_PartSelect.i16.i672.i32.i32, i672 %layer15_out_read, i32 320, i32 335" [/home/ayvol/vitis-accel-CNN/vitis_accel_prj/firmware/nnet_utils/nnet_batchnorm_stream.h:28]   --->   Operation 26 'partselect' 'a_V_82' <Predicate = true> <Delay = 0.00>
ST_1 : Operation 27 [1/1] (0.00ns)   --->   "%a_V_83 = partselect i16 @_ssdm_op_PartSelect.i16.i672.i32.i32, i672 %layer15_out_read, i32 336, i32 351" [/home/ayvol/vitis-accel-CNN/vitis_accel_prj/firmware/nnet_utils/nnet_batchnorm_stream.h:28]   --->   Operation 27 'partselect' 'a_V_83' <Predicate = true> <Delay = 0.00>
ST_1 : Operation 28 [1/1] (0.00ns)   --->   "%a_V_84 = partselect i16 @_ssdm_op_PartSelect.i16.i672.i32.i32, i672 %layer15_out_read, i32 352, i32 367" [/home/ayvol/vitis-accel-CNN/vitis_accel_prj/firmware/nnet_utils/nnet_batchnorm_stream.h:28]   --->   Operation 28 'partselect' 'a_V_84' <Predicate = true> <Delay = 0.00>
ST_1 : Operation 29 [1/1] (0.00ns)   --->   "%a_V_85 = partselect i16 @_ssdm_op_PartSelect.i16.i672.i32.i32, i672 %layer15_out_read, i32 368, i32 383" [/home/ayvol/vitis-accel-CNN/vitis_accel_prj/firmware/nnet_utils/nnet_batchnorm_stream.h:28]   --->   Operation 29 'partselect' 'a_V_85' <Predicate = true> <Delay = 0.00>
ST_1 : Operation 30 [1/1] (0.00ns)   --->   "%a_V_86 = partselect i16 @_ssdm_op_PartSelect.i16.i672.i32.i32, i672 %layer15_out_read, i32 384, i32 399" [/home/ayvol/vitis-accel-CNN/vitis_accel_prj/firmware/nnet_utils/nnet_batchnorm_stream.h:28]   --->   Operation 30 'partselect' 'a_V_86' <Predicate = true> <Delay = 0.00>
ST_1 : Operation 31 [1/1] (0.00ns)   --->   "%a_V_87 = partselect i16 @_ssdm_op_PartSelect.i16.i672.i32.i32, i672 %layer15_out_read, i32 400, i32 415" [/home/ayvol/vitis-accel-CNN/vitis_accel_prj/firmware/nnet_utils/nnet_batchnorm_stream.h:28]   --->   Operation 31 'partselect' 'a_V_87' <Predicate = true> <Delay = 0.00>
ST_1 : Operation 32 [1/1] (0.00ns)   --->   "%a_V_88 = partselect i16 @_ssdm_op_PartSelect.i16.i672.i32.i32, i672 %layer15_out_read, i32 416, i32 431" [/home/ayvol/vitis-accel-CNN/vitis_accel_prj/firmware/nnet_utils/nnet_batchnorm_stream.h:28]   --->   Operation 32 'partselect' 'a_V_88' <Predicate = true> <Delay = 0.00>
ST_1 : Operation 33 [1/1] (0.00ns)   --->   "%a_V_89 = partselect i16 @_ssdm_op_PartSelect.i16.i672.i32.i32, i672 %layer15_out_read, i32 432, i32 447" [/home/ayvol/vitis-accel-CNN/vitis_accel_prj/firmware/nnet_utils/nnet_batchnorm_stream.h:28]   --->   Operation 33 'partselect' 'a_V_89' <Predicate = true> <Delay = 0.00>
ST_1 : Operation 34 [1/1] (0.00ns)   --->   "%a_V_90 = partselect i16 @_ssdm_op_PartSelect.i16.i672.i32.i32, i672 %layer15_out_read, i32 448, i32 463" [/home/ayvol/vitis-accel-CNN/vitis_accel_prj/firmware/nnet_utils/nnet_batchnorm_stream.h:28]   --->   Operation 34 'partselect' 'a_V_90' <Predicate = true> <Delay = 0.00>
ST_1 : Operation 35 [1/1] (0.00ns)   --->   "%a_V_91 = partselect i16 @_ssdm_op_PartSelect.i16.i672.i32.i32, i672 %layer15_out_read, i32 464, i32 479" [/home/ayvol/vitis-accel-CNN/vitis_accel_prj/firmware/nnet_utils/nnet_batchnorm_stream.h:28]   --->   Operation 35 'partselect' 'a_V_91' <Predicate = true> <Delay = 0.00>
ST_1 : Operation 36 [1/1] (0.00ns)   --->   "%a_V_92 = partselect i16 @_ssdm_op_PartSelect.i16.i672.i32.i32, i672 %layer15_out_read, i32 480, i32 495" [/home/ayvol/vitis-accel-CNN/vitis_accel_prj/firmware/nnet_utils/nnet_batchnorm_stream.h:28]   --->   Operation 36 'partselect' 'a_V_92' <Predicate = true> <Delay = 0.00>
ST_1 : Operation 37 [1/1] (0.00ns)   --->   "%a_V_93 = partselect i16 @_ssdm_op_PartSelect.i16.i672.i32.i32, i672 %layer15_out_read, i32 496, i32 511" [/home/ayvol/vitis-accel-CNN/vitis_accel_prj/firmware/nnet_utils/nnet_batchnorm_stream.h:28]   --->   Operation 37 'partselect' 'a_V_93' <Predicate = true> <Delay = 0.00>
ST_1 : Operation 38 [1/1] (0.00ns)   --->   "%a_V_94 = partselect i16 @_ssdm_op_PartSelect.i16.i672.i32.i32, i672 %layer15_out_read, i32 512, i32 527" [/home/ayvol/vitis-accel-CNN/vitis_accel_prj/firmware/nnet_utils/nnet_batchnorm_stream.h:28]   --->   Operation 38 'partselect' 'a_V_94' <Predicate = true> <Delay = 0.00>
ST_1 : Operation 39 [1/1] (0.00ns)   --->   "%a_V_95 = partselect i16 @_ssdm_op_PartSelect.i16.i672.i32.i32, i672 %layer15_out_read, i32 528, i32 543" [/home/ayvol/vitis-accel-CNN/vitis_accel_prj/firmware/nnet_utils/nnet_batchnorm_stream.h:28]   --->   Operation 39 'partselect' 'a_V_95' <Predicate = true> <Delay = 0.00>
ST_1 : Operation 40 [1/1] (0.00ns)   --->   "%a_V_96 = partselect i16 @_ssdm_op_PartSelect.i16.i672.i32.i32, i672 %layer15_out_read, i32 544, i32 559" [/home/ayvol/vitis-accel-CNN/vitis_accel_prj/firmware/nnet_utils/nnet_batchnorm_stream.h:28]   --->   Operation 40 'partselect' 'a_V_96' <Predicate = true> <Delay = 0.00>
ST_1 : Operation 41 [1/1] (0.00ns)   --->   "%a_V_97 = partselect i16 @_ssdm_op_PartSelect.i16.i672.i32.i32, i672 %layer15_out_read, i32 560, i32 575" [/home/ayvol/vitis-accel-CNN/vitis_accel_prj/firmware/nnet_utils/nnet_batchnorm_stream.h:28]   --->   Operation 41 'partselect' 'a_V_97' <Predicate = true> <Delay = 0.00>
ST_1 : Operation 42 [1/1] (0.00ns)   --->   "%a_V_98 = partselect i16 @_ssdm_op_PartSelect.i16.i672.i32.i32, i672 %layer15_out_read, i32 576, i32 591" [/home/ayvol/vitis-accel-CNN/vitis_accel_prj/firmware/nnet_utils/nnet_batchnorm_stream.h:28]   --->   Operation 42 'partselect' 'a_V_98' <Predicate = true> <Delay = 0.00>
ST_1 : Operation 43 [1/1] (0.00ns)   --->   "%a_V_99 = partselect i16 @_ssdm_op_PartSelect.i16.i672.i32.i32, i672 %layer15_out_read, i32 592, i32 607" [/home/ayvol/vitis-accel-CNN/vitis_accel_prj/firmware/nnet_utils/nnet_batchnorm_stream.h:28]   --->   Operation 43 'partselect' 'a_V_99' <Predicate = true> <Delay = 0.00>
ST_1 : Operation 44 [1/1] (0.00ns)   --->   "%a_V_100 = partselect i16 @_ssdm_op_PartSelect.i16.i672.i32.i32, i672 %layer15_out_read, i32 608, i32 623" [/home/ayvol/vitis-accel-CNN/vitis_accel_prj/firmware/nnet_utils/nnet_batchnorm_stream.h:28]   --->   Operation 44 'partselect' 'a_V_100' <Predicate = true> <Delay = 0.00>
ST_1 : Operation 45 [1/1] (0.00ns)   --->   "%a_V_101 = partselect i16 @_ssdm_op_PartSelect.i16.i672.i32.i32, i672 %layer15_out_read, i32 624, i32 639" [/home/ayvol/vitis-accel-CNN/vitis_accel_prj/firmware/nnet_utils/nnet_batchnorm_stream.h:28]   --->   Operation 45 'partselect' 'a_V_101' <Predicate = true> <Delay = 0.00>
ST_1 : Operation 46 [1/1] (0.00ns)   --->   "%sext_ln1347 = sext i16 %a_V"   --->   Operation 46 'sext' 'sext_ln1347' <Predicate = true> <Delay = 0.00>
ST_1 : Operation 47 [1/1] (1.94ns)   --->   "%mul_ln1347 = mul i26 %sext_ln1347, i26 1578"   --->   Operation 47 'mul' 'mul_ln1347' <Predicate = true> <Delay = 1.94> <CoreInst = "Multiplier">   --->   Core 3 'Multiplier' <Latency = 0> <II = 1> <Delay = 1.94> <FuncUnit> <Opcode : 'mul'> <InPorts = 2> <OutPorts = 1>
ST_1 : Operation 48 [1/1] (0.00ns)   --->   "%sext_ln1347_63 = sext i16 %a_V_63"   --->   Operation 48 'sext' 'sext_ln1347_63' <Predicate = true> <Delay = 0.00>
ST_1 : Operation 49 [1/1] (1.94ns)   --->   "%mul_ln1347_63 = mul i26 %sext_ln1347_63, i26 1422"   --->   Operation 49 'mul' 'mul_ln1347_63' <Predicate = true> <Delay = 1.94> <CoreInst = "Multiplier">   --->   Core 3 'Multiplier' <Latency = 0> <II = 1> <Delay = 1.94> <FuncUnit> <Opcode : 'mul'> <InPorts = 2> <OutPorts = 1>
ST_1 : Operation 50 [1/1] (0.00ns)   --->   "%sext_ln1347_64 = sext i16 %a_V_64"   --->   Operation 50 'sext' 'sext_ln1347_64' <Predicate = true> <Delay = 0.00>
ST_1 : Operation 51 [1/1] (1.94ns)   --->   "%mul_ln1347_64 = mul i26 %sext_ln1347_64, i26 1419"   --->   Operation 51 'mul' 'mul_ln1347_64' <Predicate = true> <Delay = 1.94> <CoreInst = "Multiplier">   --->   Core 3 'Multiplier' <Latency = 0> <II = 1> <Delay = 1.94> <FuncUnit> <Opcode : 'mul'> <InPorts = 2> <OutPorts = 1>
ST_1 : Operation 52 [1/1] (0.00ns)   --->   "%sext_ln1347_65 = sext i16 %a_V_65"   --->   Operation 52 'sext' 'sext_ln1347_65' <Predicate = true> <Delay = 0.00>
ST_1 : Operation 53 [1/1] (1.94ns)   --->   "%mul_ln1347_65 = mul i26 %sext_ln1347_65, i26 1712"   --->   Operation 53 'mul' 'mul_ln1347_65' <Predicate = true> <Delay = 1.94> <CoreInst = "Multiplier">   --->   Core 3 'Multiplier' <Latency = 0> <II = 1> <Delay = 1.94> <FuncUnit> <Opcode : 'mul'> <InPorts = 2> <OutPorts = 1>
ST_1 : Operation 54 [1/1] (0.00ns)   --->   "%sext_ln1347_66 = sext i16 %a_V_66"   --->   Operation 54 'sext' 'sext_ln1347_66' <Predicate = true> <Delay = 0.00>
ST_1 : Operation 55 [1/1] (1.94ns)   --->   "%mul_ln1347_66 = mul i26 %sext_ln1347_66, i26 1535"   --->   Operation 55 'mul' 'mul_ln1347_66' <Predicate = true> <Delay = 1.94> <CoreInst = "Multiplier">   --->   Core 3 'Multiplier' <Latency = 0> <II = 1> <Delay = 1.94> <FuncUnit> <Opcode : 'mul'> <InPorts = 2> <OutPorts = 1>
ST_1 : Operation 56 [1/1] (0.00ns)   --->   "%sext_ln1347_67 = sext i16 %a_V_67"   --->   Operation 56 'sext' 'sext_ln1347_67' <Predicate = true> <Delay = 0.00>
ST_1 : Operation 57 [1/1] (1.94ns)   --->   "%mul_ln1347_67 = mul i26 %sext_ln1347_67, i26 1505"   --->   Operation 57 'mul' 'mul_ln1347_67' <Predicate = true> <Delay = 1.94> <CoreInst = "Multiplier">   --->   Core 3 'Multiplier' <Latency = 0> <II = 1> <Delay = 1.94> <FuncUnit> <Opcode : 'mul'> <InPorts = 2> <OutPorts = 1>
ST_1 : Operation 58 [1/1] (0.00ns)   --->   "%sext_ln1347_68 = sext i16 %a_V_68"   --->   Operation 58 'sext' 'sext_ln1347_68' <Predicate = true> <Delay = 0.00>
ST_1 : Operation 59 [1/1] (1.94ns)   --->   "%mul_ln1347_68 = mul i26 %sext_ln1347_68, i26 1153"   --->   Operation 59 'mul' 'mul_ln1347_68' <Predicate = true> <Delay = 1.94> <CoreInst = "Multiplier">   --->   Core 3 'Multiplier' <Latency = 0> <II = 1> <Delay = 1.94> <FuncUnit> <Opcode : 'mul'> <InPorts = 2> <OutPorts = 1>
ST_1 : Operation 60 [1/1] (0.00ns)   --->   "%sext_ln1347_69 = sext i16 %a_V_69"   --->   Operation 60 'sext' 'sext_ln1347_69' <Predicate = true> <Delay = 0.00>
ST_1 : Operation 61 [1/1] (1.94ns)   --->   "%mul_ln1347_69 = mul i26 %sext_ln1347_69, i26 1110"   --->   Operation 61 'mul' 'mul_ln1347_69' <Predicate = true> <Delay = 1.94> <CoreInst = "Multiplier">   --->   Core 3 'Multiplier' <Latency = 0> <II = 1> <Delay = 1.94> <FuncUnit> <Opcode : 'mul'> <InPorts = 2> <OutPorts = 1>
ST_1 : Operation 62 [1/1] (0.00ns)   --->   "%sext_ln1347_70 = sext i16 %a_V_70"   --->   Operation 62 'sext' 'sext_ln1347_70' <Predicate = true> <Delay = 0.00>
ST_1 : Operation 63 [1/1] (1.94ns)   --->   "%mul_ln1347_70 = mul i26 %sext_ln1347_70, i26 1491"   --->   Operation 63 'mul' 'mul_ln1347_70' <Predicate = true> <Delay = 1.94> <CoreInst = "Multiplier">   --->   Core 3 'Multiplier' <Latency = 0> <II = 1> <Delay = 1.94> <FuncUnit> <Opcode : 'mul'> <InPorts = 2> <OutPorts = 1>
ST_1 : Operation 64 [1/1] (0.00ns)   --->   "%sext_ln1347_71 = sext i16 %a_V_71"   --->   Operation 64 'sext' 'sext_ln1347_71' <Predicate = true> <Delay = 0.00>
ST_1 : Operation 65 [1/1] (1.94ns)   --->   "%mul_ln1347_71 = mul i26 %sext_ln1347_71, i26 1306"   --->   Operation 65 'mul' 'mul_ln1347_71' <Predicate = true> <Delay = 1.94> <CoreInst = "Multiplier">   --->   Core 3 'Multiplier' <Latency = 0> <II = 1> <Delay = 1.94> <FuncUnit> <Opcode : 'mul'> <InPorts = 2> <OutPorts = 1>
ST_1 : Operation 66 [1/1] (0.00ns)   --->   "%sext_ln1347_72 = sext i16 %a_V_72"   --->   Operation 66 'sext' 'sext_ln1347_72' <Predicate = true> <Delay = 0.00>
ST_1 : Operation 67 [1/1] (1.94ns)   --->   "%mul_ln1347_72 = mul i26 %sext_ln1347_72, i26 1253"   --->   Operation 67 'mul' 'mul_ln1347_72' <Predicate = true> <Delay = 1.94> <CoreInst = "Multiplier">   --->   Core 3 'Multiplier' <Latency = 0> <II = 1> <Delay = 1.94> <FuncUnit> <Opcode : 'mul'> <InPorts = 2> <OutPorts = 1>
ST_1 : Operation 68 [1/1] (0.00ns)   --->   "%sext_ln1347_73 = sext i16 %a_V_73"   --->   Operation 68 'sext' 'sext_ln1347_73' <Predicate = true> <Delay = 0.00>
ST_1 : Operation 69 [1/1] (1.94ns)   --->   "%mul_ln1347_73 = mul i26 %sext_ln1347_73, i26 1510"   --->   Operation 69 'mul' 'mul_ln1347_73' <Predicate = true> <Delay = 1.94> <CoreInst = "Multiplier">   --->   Core 3 'Multiplier' <Latency = 0> <II = 1> <Delay = 1.94> <FuncUnit> <Opcode : 'mul'> <InPorts = 2> <OutPorts = 1>
ST_1 : Operation 70 [1/1] (0.00ns)   --->   "%sext_ln1347_74 = sext i16 %a_V_74"   --->   Operation 70 'sext' 'sext_ln1347_74' <Predicate = true> <Delay = 0.00>
ST_1 : Operation 71 [1/1] (1.94ns)   --->   "%mul_ln1347_74 = mul i26 %sext_ln1347_74, i26 1418"   --->   Operation 71 'mul' 'mul_ln1347_74' <Predicate = true> <Delay = 1.94> <CoreInst = "Multiplier">   --->   Core 3 'Multiplier' <Latency = 0> <II = 1> <Delay = 1.94> <FuncUnit> <Opcode : 'mul'> <InPorts = 2> <OutPorts = 1>
ST_1 : Operation 72 [1/1] (0.00ns)   --->   "%sext_ln1347_75 = sext i16 %a_V_75"   --->   Operation 72 'sext' 'sext_ln1347_75' <Predicate = true> <Delay = 0.00>
ST_1 : Operation 73 [1/1] (1.94ns)   --->   "%mul_ln1347_75 = mul i26 %sext_ln1347_75, i26 1340"   --->   Operation 73 'mul' 'mul_ln1347_75' <Predicate = true> <Delay = 1.94> <CoreInst = "Multiplier">   --->   Core 3 'Multiplier' <Latency = 0> <II = 1> <Delay = 1.94> <FuncUnit> <Opcode : 'mul'> <InPorts = 2> <OutPorts = 1>
ST_1 : Operation 74 [1/1] (0.00ns)   --->   "%sext_ln1347_76 = sext i16 %a_V_76"   --->   Operation 74 'sext' 'sext_ln1347_76' <Predicate = true> <Delay = 0.00>
ST_1 : Operation 75 [1/1] (1.94ns)   --->   "%mul_ln1347_76 = mul i26 %sext_ln1347_76, i26 1957"   --->   Operation 75 'mul' 'mul_ln1347_76' <Predicate = true> <Delay = 1.94> <CoreInst = "Multiplier">   --->   Core 3 'Multiplier' <Latency = 0> <II = 1> <Delay = 1.94> <FuncUnit> <Opcode : 'mul'> <InPorts = 2> <OutPorts = 1>
ST_1 : Operation 76 [1/1] (0.00ns)   --->   "%sext_ln1347_77 = sext i16 %a_V_77"   --->   Operation 76 'sext' 'sext_ln1347_77' <Predicate = true> <Delay = 0.00>
ST_1 : Operation 77 [1/1] (1.94ns)   --->   "%mul_ln1347_77 = mul i26 %sext_ln1347_77, i26 1448"   --->   Operation 77 'mul' 'mul_ln1347_77' <Predicate = true> <Delay = 1.94> <CoreInst = "Multiplier">   --->   Core 3 'Multiplier' <Latency = 0> <II = 1> <Delay = 1.94> <FuncUnit> <Opcode : 'mul'> <InPorts = 2> <OutPorts = 1>
ST_1 : Operation 78 [1/1] (0.00ns)   --->   "%sext_ln1347_78 = sext i16 %a_V_78"   --->   Operation 78 'sext' 'sext_ln1347_78' <Predicate = true> <Delay = 0.00>
ST_1 : Operation 79 [1/1] (1.94ns)   --->   "%mul_ln1347_78 = mul i26 %sext_ln1347_78, i26 1369"   --->   Operation 79 'mul' 'mul_ln1347_78' <Predicate = true> <Delay = 1.94> <CoreInst = "Multiplier">   --->   Core 3 'Multiplier' <Latency = 0> <II = 1> <Delay = 1.94> <FuncUnit> <Opcode : 'mul'> <InPorts = 2> <OutPorts = 1>
ST_1 : Operation 80 [1/1] (0.00ns)   --->   "%sext_ln1347_79 = sext i16 %a_V_79"   --->   Operation 80 'sext' 'sext_ln1347_79' <Predicate = true> <Delay = 0.00>
ST_1 : Operation 81 [1/1] (1.94ns)   --->   "%mul_ln1347_79 = mul i26 %sext_ln1347_79, i26 1311"   --->   Operation 81 'mul' 'mul_ln1347_79' <Predicate = true> <Delay = 1.94> <CoreInst = "Multiplier">   --->   Core 3 'Multiplier' <Latency = 0> <II = 1> <Delay = 1.94> <FuncUnit> <Opcode : 'mul'> <InPorts = 2> <OutPorts = 1>
ST_1 : Operation 82 [1/1] (0.00ns)   --->   "%sext_ln1347_80 = sext i16 %a_V_80"   --->   Operation 82 'sext' 'sext_ln1347_80' <Predicate = true> <Delay = 0.00>
ST_1 : Operation 83 [1/1] (1.94ns)   --->   "%mul_ln1347_80 = mul i26 %sext_ln1347_80, i26 1936"   --->   Operation 83 'mul' 'mul_ln1347_80' <Predicate = true> <Delay = 1.94> <CoreInst = "Multiplier">   --->   Core 3 'Multiplier' <Latency = 0> <II = 1> <Delay = 1.94> <FuncUnit> <Opcode : 'mul'> <InPorts = 2> <OutPorts = 1>
ST_1 : Operation 84 [1/1] (0.00ns)   --->   "%sext_ln1347_81 = sext i16 %a_V_81"   --->   Operation 84 'sext' 'sext_ln1347_81' <Predicate = true> <Delay = 0.00>
ST_1 : Operation 85 [1/1] (1.94ns)   --->   "%mul_ln1347_81 = mul i26 %sext_ln1347_81, i26 1556"   --->   Operation 85 'mul' 'mul_ln1347_81' <Predicate = true> <Delay = 1.94> <CoreInst = "Multiplier">   --->   Core 3 'Multiplier' <Latency = 0> <II = 1> <Delay = 1.94> <FuncUnit> <Opcode : 'mul'> <InPorts = 2> <OutPorts = 1>
ST_1 : Operation 86 [1/1] (0.00ns)   --->   "%sext_ln1347_82 = sext i16 %a_V_82"   --->   Operation 86 'sext' 'sext_ln1347_82' <Predicate = true> <Delay = 0.00>
ST_1 : Operation 87 [1/1] (1.94ns)   --->   "%mul_ln1347_82 = mul i26 %sext_ln1347_82, i26 2160"   --->   Operation 87 'mul' 'mul_ln1347_82' <Predicate = true> <Delay = 1.94> <CoreInst = "Multiplier">   --->   Core 3 'Multiplier' <Latency = 0> <II = 1> <Delay = 1.94> <FuncUnit> <Opcode : 'mul'> <InPorts = 2> <OutPorts = 1>
ST_1 : Operation 88 [1/1] (0.00ns)   --->   "%sext_ln1347_83 = sext i16 %a_V_83"   --->   Operation 88 'sext' 'sext_ln1347_83' <Predicate = true> <Delay = 0.00>
ST_1 : Operation 89 [1/1] (1.94ns)   --->   "%mul_ln1347_83 = mul i26 %sext_ln1347_83, i26 1559"   --->   Operation 89 'mul' 'mul_ln1347_83' <Predicate = true> <Delay = 1.94> <CoreInst = "Multiplier">   --->   Core 3 'Multiplier' <Latency = 0> <II = 1> <Delay = 1.94> <FuncUnit> <Opcode : 'mul'> <InPorts = 2> <OutPorts = 1>
ST_1 : Operation 90 [1/1] (0.00ns)   --->   "%sext_ln1347_84 = sext i16 %a_V_84"   --->   Operation 90 'sext' 'sext_ln1347_84' <Predicate = true> <Delay = 0.00>
ST_1 : Operation 91 [1/1] (1.94ns)   --->   "%mul_ln1347_84 = mul i26 %sext_ln1347_84, i26 1578"   --->   Operation 91 'mul' 'mul_ln1347_84' <Predicate = true> <Delay = 1.94> <CoreInst = "Multiplier">   --->   Core 3 'Multiplier' <Latency = 0> <II = 1> <Delay = 1.94> <FuncUnit> <Opcode : 'mul'> <InPorts = 2> <OutPorts = 1>
ST_1 : Operation 92 [1/1] (0.00ns)   --->   "%sext_ln1347_85 = sext i16 %a_V_85"   --->   Operation 92 'sext' 'sext_ln1347_85' <Predicate = true> <Delay = 0.00>
ST_1 : Operation 93 [1/1] (1.94ns)   --->   "%mul_ln1347_85 = mul i26 %sext_ln1347_85, i26 1264"   --->   Operation 93 'mul' 'mul_ln1347_85' <Predicate = true> <Delay = 1.94> <CoreInst = "Multiplier">   --->   Core 3 'Multiplier' <Latency = 0> <II = 1> <Delay = 1.94> <FuncUnit> <Opcode : 'mul'> <InPorts = 2> <OutPorts = 1>
ST_1 : Operation 94 [1/1] (0.00ns)   --->   "%sext_ln1347_86 = sext i16 %a_V_86"   --->   Operation 94 'sext' 'sext_ln1347_86' <Predicate = true> <Delay = 0.00>
ST_1 : Operation 95 [1/1] (1.94ns)   --->   "%mul_ln1347_86 = mul i26 %sext_ln1347_86, i26 1600"   --->   Operation 95 'mul' 'mul_ln1347_86' <Predicate = true> <Delay = 1.94> <CoreInst = "Multiplier">   --->   Core 3 'Multiplier' <Latency = 0> <II = 1> <Delay = 1.94> <FuncUnit> <Opcode : 'mul'> <InPorts = 2> <OutPorts = 1>
ST_1 : Operation 96 [1/1] (0.00ns)   --->   "%sext_ln1347_87 = sext i16 %a_V_87"   --->   Operation 96 'sext' 'sext_ln1347_87' <Predicate = true> <Delay = 0.00>
ST_1 : Operation 97 [1/1] (1.94ns)   --->   "%mul_ln1347_87 = mul i26 %sext_ln1347_87, i26 1857"   --->   Operation 97 'mul' 'mul_ln1347_87' <Predicate = true> <Delay = 1.94> <CoreInst = "Multiplier">   --->   Core 3 'Multiplier' <Latency = 0> <II = 1> <Delay = 1.94> <FuncUnit> <Opcode : 'mul'> <InPorts = 2> <OutPorts = 1>
ST_1 : Operation 98 [1/1] (0.00ns)   --->   "%sext_ln1347_88 = sext i16 %a_V_88"   --->   Operation 98 'sext' 'sext_ln1347_88' <Predicate = true> <Delay = 0.00>
ST_1 : Operation 99 [1/1] (1.94ns)   --->   "%mul_ln1347_88 = mul i26 %sext_ln1347_88, i26 1698"   --->   Operation 99 'mul' 'mul_ln1347_88' <Predicate = true> <Delay = 1.94> <CoreInst = "Multiplier">   --->   Core 3 'Multiplier' <Latency = 0> <II = 1> <Delay = 1.94> <FuncUnit> <Opcode : 'mul'> <InPorts = 2> <OutPorts = 1>
ST_1 : Operation 100 [1/1] (0.00ns)   --->   "%sext_ln1347_89 = sext i16 %a_V_89"   --->   Operation 100 'sext' 'sext_ln1347_89' <Predicate = true> <Delay = 0.00>
ST_1 : Operation 101 [1/1] (1.94ns)   --->   "%mul_ln1347_89 = mul i26 %sext_ln1347_89, i26 1592"   --->   Operation 101 'mul' 'mul_ln1347_89' <Predicate = true> <Delay = 1.94> <CoreInst = "Multiplier">   --->   Core 3 'Multiplier' <Latency = 0> <II = 1> <Delay = 1.94> <FuncUnit> <Opcode : 'mul'> <InPorts = 2> <OutPorts = 1>
ST_1 : Operation 102 [1/1] (0.00ns)   --->   "%sext_ln1347_90 = sext i16 %a_V_90"   --->   Operation 102 'sext' 'sext_ln1347_90' <Predicate = true> <Delay = 0.00>
ST_1 : Operation 103 [1/1] (1.94ns)   --->   "%mul_ln1347_90 = mul i26 %sext_ln1347_90, i26 1440"   --->   Operation 103 'mul' 'mul_ln1347_90' <Predicate = true> <Delay = 1.94> <CoreInst = "Multiplier">   --->   Core 3 'Multiplier' <Latency = 0> <II = 1> <Delay = 1.94> <FuncUnit> <Opcode : 'mul'> <InPorts = 2> <OutPorts = 1>
ST_1 : Operation 104 [1/1] (0.00ns)   --->   "%sext_ln1347_91 = sext i16 %a_V_91"   --->   Operation 104 'sext' 'sext_ln1347_91' <Predicate = true> <Delay = 0.00>
ST_1 : Operation 105 [1/1] (1.94ns)   --->   "%mul_ln1347_91 = mul i26 %sext_ln1347_91, i26 1320"   --->   Operation 105 'mul' 'mul_ln1347_91' <Predicate = true> <Delay = 1.94> <CoreInst = "Multiplier">   --->   Core 3 'Multiplier' <Latency = 0> <II = 1> <Delay = 1.94> <FuncUnit> <Opcode : 'mul'> <InPorts = 2> <OutPorts = 1>
ST_1 : Operation 106 [1/1] (0.00ns)   --->   "%sext_ln1347_92 = sext i16 %a_V_92"   --->   Operation 106 'sext' 'sext_ln1347_92' <Predicate = true> <Delay = 0.00>
ST_1 : Operation 107 [1/1] (1.94ns)   --->   "%mul_ln1347_92 = mul i26 %sext_ln1347_92, i26 1527"   --->   Operation 107 'mul' 'mul_ln1347_92' <Predicate = true> <Delay = 1.94> <CoreInst = "Multiplier">   --->   Core 3 'Multiplier' <Latency = 0> <II = 1> <Delay = 1.94> <FuncUnit> <Opcode : 'mul'> <InPorts = 2> <OutPorts = 1>
ST_1 : Operation 108 [1/1] (0.00ns)   --->   "%sext_ln1347_93 = sext i16 %a_V_93"   --->   Operation 108 'sext' 'sext_ln1347_93' <Predicate = true> <Delay = 0.00>
ST_1 : Operation 109 [1/1] (1.94ns)   --->   "%mul_ln1347_93 = mul i26 %sext_ln1347_93, i26 1368"   --->   Operation 109 'mul' 'mul_ln1347_93' <Predicate = true> <Delay = 1.94> <CoreInst = "Multiplier">   --->   Core 3 'Multiplier' <Latency = 0> <II = 1> <Delay = 1.94> <FuncUnit> <Opcode : 'mul'> <InPorts = 2> <OutPorts = 1>
ST_1 : Operation 110 [1/1] (0.00ns)   --->   "%sext_ln1347_94 = sext i16 %a_V_94"   --->   Operation 110 'sext' 'sext_ln1347_94' <Predicate = true> <Delay = 0.00>
ST_1 : Operation 111 [1/1] (1.94ns)   --->   "%mul_ln1347_94 = mul i26 %sext_ln1347_94, i26 1707"   --->   Operation 111 'mul' 'mul_ln1347_94' <Predicate = true> <Delay = 1.94> <CoreInst = "Multiplier">   --->   Core 3 'Multiplier' <Latency = 0> <II = 1> <Delay = 1.94> <FuncUnit> <Opcode : 'mul'> <InPorts = 2> <OutPorts = 1>
ST_1 : Operation 112 [1/1] (0.00ns)   --->   "%sext_ln1347_95 = sext i16 %a_V_95"   --->   Operation 112 'sext' 'sext_ln1347_95' <Predicate = true> <Delay = 0.00>
ST_1 : Operation 113 [1/1] (1.94ns)   --->   "%mul_ln1347_95 = mul i26 %sext_ln1347_95, i26 1583"   --->   Operation 113 'mul' 'mul_ln1347_95' <Predicate = true> <Delay = 1.94> <CoreInst = "Multiplier">   --->   Core 3 'Multiplier' <Latency = 0> <II = 1> <Delay = 1.94> <FuncUnit> <Opcode : 'mul'> <InPorts = 2> <OutPorts = 1>
ST_1 : Operation 114 [1/1] (0.00ns)   --->   "%sext_ln1347_96 = sext i16 %a_V_96"   --->   Operation 114 'sext' 'sext_ln1347_96' <Predicate = true> <Delay = 0.00>
ST_1 : Operation 115 [1/1] (1.94ns)   --->   "%mul_ln1347_96 = mul i26 %sext_ln1347_96, i26 1828"   --->   Operation 115 'mul' 'mul_ln1347_96' <Predicate = true> <Delay = 1.94> <CoreInst = "Multiplier">   --->   Core 3 'Multiplier' <Latency = 0> <II = 1> <Delay = 1.94> <FuncUnit> <Opcode : 'mul'> <InPorts = 2> <OutPorts = 1>
ST_1 : Operation 116 [1/1] (0.00ns)   --->   "%sext_ln1347_97 = sext i16 %a_V_97"   --->   Operation 116 'sext' 'sext_ln1347_97' <Predicate = true> <Delay = 0.00>
ST_1 : Operation 117 [1/1] (1.94ns)   --->   "%mul_ln1347_97 = mul i26 %sext_ln1347_97, i26 1325"   --->   Operation 117 'mul' 'mul_ln1347_97' <Predicate = true> <Delay = 1.94> <CoreInst = "Multiplier">   --->   Core 3 'Multiplier' <Latency = 0> <II = 1> <Delay = 1.94> <FuncUnit> <Opcode : 'mul'> <InPorts = 2> <OutPorts = 1>
ST_1 : Operation 118 [1/1] (0.00ns)   --->   "%sext_ln1347_98 = sext i16 %a_V_98"   --->   Operation 118 'sext' 'sext_ln1347_98' <Predicate = true> <Delay = 0.00>
ST_1 : Operation 119 [1/1] (1.94ns)   --->   "%mul_ln1347_98 = mul i26 %sext_ln1347_98, i26 1650"   --->   Operation 119 'mul' 'mul_ln1347_98' <Predicate = true> <Delay = 1.94> <CoreInst = "Multiplier">   --->   Core 3 'Multiplier' <Latency = 0> <II = 1> <Delay = 1.94> <FuncUnit> <Opcode : 'mul'> <InPorts = 2> <OutPorts = 1>
ST_1 : Operation 120 [1/1] (0.00ns)   --->   "%sext_ln1347_99 = sext i16 %a_V_99"   --->   Operation 120 'sext' 'sext_ln1347_99' <Predicate = true> <Delay = 0.00>
ST_1 : Operation 121 [1/1] (1.94ns)   --->   "%mul_ln1347_99 = mul i26 %sext_ln1347_99, i26 1787"   --->   Operation 121 'mul' 'mul_ln1347_99' <Predicate = true> <Delay = 1.94> <CoreInst = "Multiplier">   --->   Core 3 'Multiplier' <Latency = 0> <II = 1> <Delay = 1.94> <FuncUnit> <Opcode : 'mul'> <InPorts = 2> <OutPorts = 1>
ST_1 : Operation 122 [1/1] (0.00ns)   --->   "%sext_ln1347_100 = sext i16 %a_V_100"   --->   Operation 122 'sext' 'sext_ln1347_100' <Predicate = true> <Delay = 0.00>
ST_1 : Operation 123 [1/1] (1.94ns)   --->   "%mul_ln1347_100 = mul i26 %sext_ln1347_100, i26 1183"   --->   Operation 123 'mul' 'mul_ln1347_100' <Predicate = true> <Delay = 1.94> <CoreInst = "Multiplier">   --->   Core 3 'Multiplier' <Latency = 0> <II = 1> <Delay = 1.94> <FuncUnit> <Opcode : 'mul'> <InPorts = 2> <OutPorts = 1>
ST_1 : Operation 124 [1/1] (0.00ns)   --->   "%sext_ln1347_101 = sext i16 %a_V_101"   --->   Operation 124 'sext' 'sext_ln1347_101' <Predicate = true> <Delay = 0.00>
ST_1 : Operation 125 [1/1] (1.94ns)   --->   "%mul_ln1347_101 = mul i26 %sext_ln1347_101, i26 1381"   --->   Operation 125 'mul' 'mul_ln1347_101' <Predicate = true> <Delay = 1.94> <CoreInst = "Multiplier">   --->   Core 3 'Multiplier' <Latency = 0> <II = 1> <Delay = 1.94> <FuncUnit> <Opcode : 'mul'> <InPorts = 2> <OutPorts = 1>
ST_1 : Operation 126 [1/1] (0.00ns)   --->   "%sext_ln1347_102 = sext i16 %a_V_102"   --->   Operation 126 'sext' 'sext_ln1347_102' <Predicate = true> <Delay = 0.00>
ST_1 : Operation 127 [1/1] (1.94ns)   --->   "%mul_ln1347_102 = mul i26 %sext_ln1347_102, i26 1522"   --->   Operation 127 'mul' 'mul_ln1347_102' <Predicate = true> <Delay = 1.94> <CoreInst = "Multiplier">   --->   Core 3 'Multiplier' <Latency = 0> <II = 1> <Delay = 1.94> <FuncUnit> <Opcode : 'mul'> <InPorts = 2> <OutPorts = 1>
ST_1 : Operation 128 [1/1] (0.00ns)   --->   "%sext_ln1347_103 = sext i16 %a_V_103"   --->   Operation 128 'sext' 'sext_ln1347_103' <Predicate = true> <Delay = 0.00>
ST_1 : Operation 129 [1/1] (1.94ns)   --->   "%mul_ln1347_103 = mul i26 %sext_ln1347_103, i26 1628"   --->   Operation 129 'mul' 'mul_ln1347_103' <Predicate = true> <Delay = 1.94> <CoreInst = "Multiplier">   --->   Core 3 'Multiplier' <Latency = 0> <II = 1> <Delay = 1.94> <FuncUnit> <Opcode : 'mul'> <InPorts = 2> <OutPorts = 1>

State 2 <SV = 1> <Delay = 2.17>
ST_2 : Operation 130 [1/1] (0.00ns)   --->   "%specinterface_ln0 = specinterface void @_ssdm_op_SpecInterface, i672 %layer17_out, void @empty_0, i32 0, i32 0, void @empty_7, i32 0, i32 0, void @empty_7, void @empty_7, void @empty_7, i32 0, i32 0, i32 0, i32 0, void @empty_7, void @empty_7, i32 4294967295, i32 0"   --->   Operation 130 'specinterface' 'specinterface_ln0' <Predicate = true> <Delay = 0.00>
ST_2 : Operation 131 [1/1] (0.00ns)   --->   "%specinterface_ln0 = specinterface void @_ssdm_op_SpecInterface, i672 %layer15_out, void @empty_0, i32 0, i32 0, void @empty_7, i32 0, i32 0, void @empty_7, void @empty_7, void @empty_7, i32 0, i32 0, i32 0, i32 0, void @empty_7, void @empty_7, i32 4294967295, i32 0"   --->   Operation 131 'specinterface' 'specinterface_ln0' <Predicate = true> <Delay = 0.00>
ST_2 : Operation 132 [1/1] (0.00ns)   --->   "%specresourcelimit_ln22 = specresourcelimit void @_ssdm_op_SpecResourceLimit, i64 42, void @empty_11, void @empty_7, void @empty_7, void @empty_7" [/home/ayvol/vitis-accel-CNN/vitis_accel_prj/firmware/nnet_utils/nnet_batchnorm_stream.h:22]   --->   Operation 132 'specresourcelimit' 'specresourcelimit_ln22' <Predicate = true> <Delay = 0.00>
ST_2 : Operation 133 [1/1] (0.84ns)   --->   "%ret_V = add i26 %mul_ln1347, i26 936960"   --->   Operation 133 'add' 'ret_V' <Predicate = true> <Delay = 0.84> <CoreInst = "Adder">   --->   Core 1 'Adder' <Latency = 0> <II = 1> <Delay = 0.84> <FuncUnit> <Opcode : 'add' 'sub'> <InPorts = 2> <OutPorts = 1>
ST_2 : Operation 134 [1/1] (0.00ns)   --->   "%trunc_ln = partselect i16 @_ssdm_op_PartSelect.i16.i26.i32.i32, i26 %ret_V, i32 10, i32 25"   --->   Operation 134 'partselect' 'trunc_ln' <Predicate = true> <Delay = 0.00>
ST_2 : Operation 135 [1/1] (0.84ns)   --->   "%ret_V_77 = add i26 %mul_ln1347_63, i26 70656"   --->   Operation 135 'add' 'ret_V_77' <Predicate = true> <Delay = 0.84> <CoreInst = "Adder">   --->   Core 1 'Adder' <Latency = 0> <II = 1> <Delay = 0.84> <FuncUnit> <Opcode : 'add' 'sub'> <InPorts = 2> <OutPorts = 1>
ST_2 : Operation 136 [1/1] (0.00ns)   --->   "%trunc_ln818_s = partselect i16 @_ssdm_op_PartSelect.i16.i26.i32.i32, i26 %ret_V_77, i32 10, i32 25"   --->   Operation 136 'partselect' 'trunc_ln818_s' <Predicate = true> <Delay = 0.00>
ST_2 : Operation 137 [1/1] (0.84ns)   --->   "%ret_V_78 = add i26 %mul_ln1347_64, i26 31744"   --->   Operation 137 'add' 'ret_V_78' <Predicate = true> <Delay = 0.84> <CoreInst = "Adder">   --->   Core 1 'Adder' <Latency = 0> <II = 1> <Delay = 0.84> <FuncUnit> <Opcode : 'add' 'sub'> <InPorts = 2> <OutPorts = 1>
ST_2 : Operation 138 [1/1] (0.00ns)   --->   "%trunc_ln818_63 = partselect i16 @_ssdm_op_PartSelect.i16.i26.i32.i32, i26 %ret_V_78, i32 10, i32 25"   --->   Operation 138 'partselect' 'trunc_ln818_63' <Predicate = true> <Delay = 0.00>
ST_2 : Operation 139 [1/1] (0.84ns)   --->   "%ret_V_79 = add i26 %mul_ln1347_65, i26 66971648"   --->   Operation 139 'add' 'ret_V_79' <Predicate = true> <Delay = 0.84> <CoreInst = "Adder">   --->   Core 1 'Adder' <Latency = 0> <II = 1> <Delay = 0.84> <FuncUnit> <Opcode : 'add' 'sub'> <InPorts = 2> <OutPorts = 1>
ST_2 : Operation 140 [1/1] (0.00ns)   --->   "%trunc_ln818_64 = partselect i16 @_ssdm_op_PartSelect.i16.i26.i32.i32, i26 %ret_V_79, i32 10, i32 25"   --->   Operation 140 'partselect' 'trunc_ln818_64' <Predicate = true> <Delay = 0.00>
ST_2 : Operation 141 [1/1] (0.84ns)   --->   "%ret_V_80 = add i26 %mul_ln1347_66, i26 777216"   --->   Operation 141 'add' 'ret_V_80' <Predicate = true> <Delay = 0.84> <CoreInst = "Adder">   --->   Core 1 'Adder' <Latency = 0> <II = 1> <Delay = 0.84> <FuncUnit> <Opcode : 'add' 'sub'> <InPorts = 2> <OutPorts = 1>
ST_2 : Operation 142 [1/1] (0.00ns)   --->   "%trunc_ln818_65 = partselect i16 @_ssdm_op_PartSelect.i16.i26.i32.i32, i26 %ret_V_80, i32 10, i32 25"   --->   Operation 142 'partselect' 'trunc_ln818_65' <Predicate = true> <Delay = 0.00>
ST_2 : Operation 143 [1/1] (0.84ns)   --->   "%ret_V_81 = add i26 %mul_ln1347_67, i26 280576"   --->   Operation 143 'add' 'ret_V_81' <Predicate = true> <Delay = 0.84> <CoreInst = "Adder">   --->   Core 1 'Adder' <Latency = 0> <II = 1> <Delay = 0.84> <FuncUnit> <Opcode : 'add' 'sub'> <InPorts = 2> <OutPorts = 1>
ST_2 : Operation 144 [1/1] (0.00ns)   --->   "%trunc_ln818_66 = partselect i16 @_ssdm_op_PartSelect.i16.i26.i32.i32, i26 %ret_V_81, i32 10, i32 25"   --->   Operation 144 'partselect' 'trunc_ln818_66' <Predicate = true> <Delay = 0.00>
ST_2 : Operation 145 [1/1] (0.84ns)   --->   "%ret_V_82 = add i26 %mul_ln1347_68, i26 67086336"   --->   Operation 145 'add' 'ret_V_82' <Predicate = true> <Delay = 0.84> <CoreInst = "Adder">   --->   Core 1 'Adder' <Latency = 0> <II = 1> <Delay = 0.84> <FuncUnit> <Opcode : 'add' 'sub'> <InPorts = 2> <OutPorts = 1>
ST_2 : Operation 146 [1/1] (0.00ns)   --->   "%trunc_ln818_67 = partselect i16 @_ssdm_op_PartSelect.i16.i26.i32.i32, i26 %ret_V_82, i32 10, i32 25"   --->   Operation 146 'partselect' 'trunc_ln818_67' <Predicate = true> <Delay = 0.00>
ST_2 : Operation 147 [1/1] (0.84ns)   --->   "%ret_V_83 = add i26 %mul_ln1347_69, i26 104448"   --->   Operation 147 'add' 'ret_V_83' <Predicate = true> <Delay = 0.84> <CoreInst = "Adder">   --->   Core 1 'Adder' <Latency = 0> <II = 1> <Delay = 0.84> <FuncUnit> <Opcode : 'add' 'sub'> <InPorts = 2> <OutPorts = 1>
ST_2 : Operation 148 [1/1] (0.00ns)   --->   "%trunc_ln818_68 = partselect i16 @_ssdm_op_PartSelect.i16.i26.i32.i32, i26 %ret_V_83, i32 10, i32 25"   --->   Operation 148 'partselect' 'trunc_ln818_68' <Predicate = true> <Delay = 0.00>
ST_2 : Operation 149 [1/1] (0.84ns)   --->   "%ret_V_84 = add i26 %mul_ln1347_70, i26 66686976"   --->   Operation 149 'add' 'ret_V_84' <Predicate = true> <Delay = 0.84> <CoreInst = "Adder">   --->   Core 1 'Adder' <Latency = 0> <II = 1> <Delay = 0.84> <FuncUnit> <Opcode : 'add' 'sub'> <InPorts = 2> <OutPorts = 1>
ST_2 : Operation 150 [1/1] (0.00ns)   --->   "%trunc_ln818_69 = partselect i16 @_ssdm_op_PartSelect.i16.i26.i32.i32, i26 %ret_V_84, i32 10, i32 25"   --->   Operation 150 'partselect' 'trunc_ln818_69' <Predicate = true> <Delay = 0.00>
ST_2 : Operation 151 [1/1] (0.84ns)   --->   "%ret_V_85 = add i26 %mul_ln1347_71, i26 302080"   --->   Operation 151 'add' 'ret_V_85' <Predicate = true> <Delay = 0.84> <CoreInst = "Adder">   --->   Core 1 'Adder' <Latency = 0> <II = 1> <Delay = 0.84> <FuncUnit> <Opcode : 'add' 'sub'> <InPorts = 2> <OutPorts = 1>
ST_2 : Operation 152 [1/1] (0.00ns)   --->   "%trunc_ln818_70 = partselect i16 @_ssdm_op_PartSelect.i16.i26.i32.i32, i26 %ret_V_85, i32 10, i32 25"   --->   Operation 152 'partselect' 'trunc_ln818_70' <Predicate = true> <Delay = 0.00>
ST_2 : Operation 153 [1/1] (0.84ns)   --->   "%ret_V_86 = add i26 %mul_ln1347_72, i26 117760"   --->   Operation 153 'add' 'ret_V_86' <Predicate = true> <Delay = 0.84> <CoreInst = "Adder">   --->   Core 1 'Adder' <Latency = 0> <II = 1> <Delay = 0.84> <FuncUnit> <Opcode : 'add' 'sub'> <InPorts = 2> <OutPorts = 1>
ST_2 : Operation 154 [1/1] (0.00ns)   --->   "%trunc_ln818_71 = partselect i16 @_ssdm_op_PartSelect.i16.i26.i32.i32, i26 %ret_V_86, i32 10, i32 25"   --->   Operation 154 'partselect' 'trunc_ln818_71' <Predicate = true> <Delay = 0.00>
ST_2 : Operation 155 [1/1] (0.84ns)   --->   "%ret_V_87 = add i26 %mul_ln1347_73, i26 322560"   --->   Operation 155 'add' 'ret_V_87' <Predicate = true> <Delay = 0.84> <CoreInst = "Adder">   --->   Core 1 'Adder' <Latency = 0> <II = 1> <Delay = 0.84> <FuncUnit> <Opcode : 'add' 'sub'> <InPorts = 2> <OutPorts = 1>
ST_2 : Operation 156 [1/1] (0.00ns)   --->   "%trunc_ln818_72 = partselect i16 @_ssdm_op_PartSelect.i16.i26.i32.i32, i26 %ret_V_87, i32 10, i32 25"   --->   Operation 156 'partselect' 'trunc_ln818_72' <Predicate = true> <Delay = 0.00>
ST_2 : Operation 157 [1/1] (0.84ns)   --->   "%ret_V_88 = add i26 %mul_ln1347_74, i26 66840576"   --->   Operation 157 'add' 'ret_V_88' <Predicate = true> <Delay = 0.84> <CoreInst = "Adder">   --->   Core 1 'Adder' <Latency = 0> <II = 1> <Delay = 0.84> <FuncUnit> <Opcode : 'add' 'sub'> <InPorts = 2> <OutPorts = 1>
ST_2 : Operation 158 [1/1] (0.00ns)   --->   "%trunc_ln818_73 = partselect i16 @_ssdm_op_PartSelect.i16.i26.i32.i32, i26 %ret_V_88, i32 10, i32 25"   --->   Operation 158 'partselect' 'trunc_ln818_73' <Predicate = true> <Delay = 0.00>
ST_2 : Operation 159 [1/1] (0.84ns)   --->   "%ret_V_89 = add i26 %mul_ln1347_75, i26 56320"   --->   Operation 159 'add' 'ret_V_89' <Predicate = true> <Delay = 0.84> <CoreInst = "Adder">   --->   Core 1 'Adder' <Latency = 0> <II = 1> <Delay = 0.84> <FuncUnit> <Opcode : 'add' 'sub'> <InPorts = 2> <OutPorts = 1>
ST_2 : Operation 160 [1/1] (0.00ns)   --->   "%trunc_ln818_74 = partselect i16 @_ssdm_op_PartSelect.i16.i26.i32.i32, i26 %ret_V_89, i32 10, i32 25"   --->   Operation 160 'partselect' 'trunc_ln818_74' <Predicate = true> <Delay = 0.00>
ST_2 : Operation 161 [1/1] (0.84ns)   --->   "%ret_V_90 = add i26 %mul_ln1347_76, i26 427008"   --->   Operation 161 'add' 'ret_V_90' <Predicate = true> <Delay = 0.84> <CoreInst = "Adder">   --->   Core 1 'Adder' <Latency = 0> <II = 1> <Delay = 0.84> <FuncUnit> <Opcode : 'add' 'sub'> <InPorts = 2> <OutPorts = 1>
ST_2 : Operation 162 [1/1] (0.00ns)   --->   "%trunc_ln818_75 = partselect i16 @_ssdm_op_PartSelect.i16.i26.i32.i32, i26 %ret_V_90, i32 10, i32 25"   --->   Operation 162 'partselect' 'trunc_ln818_75' <Predicate = true> <Delay = 0.00>
ST_2 : Operation 163 [1/1] (0.84ns)   --->   "%ret_V_91 = add i26 %mul_ln1347_77, i26 40960"   --->   Operation 163 'add' 'ret_V_91' <Predicate = true> <Delay = 0.84> <CoreInst = "Adder">   --->   Core 1 'Adder' <Latency = 0> <II = 1> <Delay = 0.84> <FuncUnit> <Opcode : 'add' 'sub'> <InPorts = 2> <OutPorts = 1>
ST_2 : Operation 164 [1/1] (0.00ns)   --->   "%trunc_ln818_76 = partselect i16 @_ssdm_op_PartSelect.i16.i26.i32.i32, i26 %ret_V_91, i32 10, i32 25"   --->   Operation 164 'partselect' 'trunc_ln818_76' <Predicate = true> <Delay = 0.00>
ST_2 : Operation 165 [1/1] (0.84ns)   --->   "%ret_V_92 = add i26 %mul_ln1347_78, i26 67102720"   --->   Operation 165 'add' 'ret_V_92' <Predicate = true> <Delay = 0.84> <CoreInst = "Adder">   --->   Core 1 'Adder' <Latency = 0> <II = 1> <Delay = 0.84> <FuncUnit> <Opcode : 'add' 'sub'> <InPorts = 2> <OutPorts = 1>
ST_2 : Operation 166 [1/1] (0.00ns)   --->   "%trunc_ln818_77 = partselect i16 @_ssdm_op_PartSelect.i16.i26.i32.i32, i26 %ret_V_92, i32 10, i32 25"   --->   Operation 166 'partselect' 'trunc_ln818_77' <Predicate = true> <Delay = 0.00>
ST_2 : Operation 167 [1/1] (0.84ns)   --->   "%ret_V_93 = add i26 %mul_ln1347_79, i26 67037184"   --->   Operation 167 'add' 'ret_V_93' <Predicate = true> <Delay = 0.84> <CoreInst = "Adder">   --->   Core 1 'Adder' <Latency = 0> <II = 1> <Delay = 0.84> <FuncUnit> <Opcode : 'add' 'sub'> <InPorts = 2> <OutPorts = 1>
ST_2 : Operation 168 [1/1] (0.00ns)   --->   "%trunc_ln818_78 = partselect i16 @_ssdm_op_PartSelect.i16.i26.i32.i32, i26 %ret_V_93, i32 10, i32 25"   --->   Operation 168 'partselect' 'trunc_ln818_78' <Predicate = true> <Delay = 0.00>
ST_2 : Operation 169 [1/1] (0.84ns)   --->   "%ret_V_94 = add i26 %mul_ln1347_80, i26 184320"   --->   Operation 169 'add' 'ret_V_94' <Predicate = true> <Delay = 0.84> <CoreInst = "Adder">   --->   Core 1 'Adder' <Latency = 0> <II = 1> <Delay = 0.84> <FuncUnit> <Opcode : 'add' 'sub'> <InPorts = 2> <OutPorts = 1>
ST_2 : Operation 170 [1/1] (0.00ns)   --->   "%trunc_ln818_79 = partselect i16 @_ssdm_op_PartSelect.i16.i26.i32.i32, i26 %ret_V_94, i32 10, i32 25"   --->   Operation 170 'partselect' 'trunc_ln818_79' <Predicate = true> <Delay = 0.00>
ST_2 : Operation 171 [1/1] (0.84ns)   --->   "%ret_V_95 = add i26 %mul_ln1347_81, i26 66965504"   --->   Operation 171 'add' 'ret_V_95' <Predicate = true> <Delay = 0.84> <CoreInst = "Adder">   --->   Core 1 'Adder' <Latency = 0> <II = 1> <Delay = 0.84> <FuncUnit> <Opcode : 'add' 'sub'> <InPorts = 2> <OutPorts = 1>
ST_2 : Operation 172 [1/1] (0.00ns)   --->   "%trunc_ln818_80 = partselect i16 @_ssdm_op_PartSelect.i16.i26.i32.i32, i26 %ret_V_95, i32 10, i32 25"   --->   Operation 172 'partselect' 'trunc_ln818_80' <Predicate = true> <Delay = 0.00>
ST_2 : Operation 173 [1/1] (0.84ns)   --->   "%ret_V_96 = add i26 %mul_ln1347_82, i26 31744"   --->   Operation 173 'add' 'ret_V_96' <Predicate = true> <Delay = 0.84> <CoreInst = "Adder">   --->   Core 1 'Adder' <Latency = 0> <II = 1> <Delay = 0.84> <FuncUnit> <Opcode : 'add' 'sub'> <InPorts = 2> <OutPorts = 1>
ST_2 : Operation 174 [1/1] (0.00ns)   --->   "%trunc_ln818_81 = partselect i16 @_ssdm_op_PartSelect.i16.i26.i32.i32, i26 %ret_V_96, i32 10, i32 25"   --->   Operation 174 'partselect' 'trunc_ln818_81' <Predicate = true> <Delay = 0.00>
ST_2 : Operation 175 [1/1] (0.84ns)   --->   "%ret_V_97 = add i26 %mul_ln1347_83, i26 66657280"   --->   Operation 175 'add' 'ret_V_97' <Predicate = true> <Delay = 0.84> <CoreInst = "Adder">   --->   Core 1 'Adder' <Latency = 0> <II = 1> <Delay = 0.84> <FuncUnit> <Opcode : 'add' 'sub'> <InPorts = 2> <OutPorts = 1>
ST_2 : Operation 176 [1/1] (0.00ns)   --->   "%trunc_ln818_82 = partselect i16 @_ssdm_op_PartSelect.i16.i26.i32.i32, i26 %ret_V_97, i32 10, i32 25"   --->   Operation 176 'partselect' 'trunc_ln818_82' <Predicate = true> <Delay = 0.00>
ST_2 : Operation 177 [1/1] (0.84ns)   --->   "%ret_V_98 = add i26 %mul_ln1347_84, i26 402432"   --->   Operation 177 'add' 'ret_V_98' <Predicate = true> <Delay = 0.84> <CoreInst = "Adder">   --->   Core 1 'Adder' <Latency = 0> <II = 1> <Delay = 0.84> <FuncUnit> <Opcode : 'add' 'sub'> <InPorts = 2> <OutPorts = 1>
ST_2 : Operation 178 [1/1] (0.00ns)   --->   "%trunc_ln818_83 = partselect i16 @_ssdm_op_PartSelect.i16.i26.i32.i32, i26 %ret_V_98, i32 10, i32 25"   --->   Operation 178 'partselect' 'trunc_ln818_83' <Predicate = true> <Delay = 0.00>
ST_2 : Operation 179 [1/1] (0.84ns)   --->   "%ret_V_99 = add i26 %mul_ln1347_85, i26 316416"   --->   Operation 179 'add' 'ret_V_99' <Predicate = true> <Delay = 0.84> <CoreInst = "Adder">   --->   Core 1 'Adder' <Latency = 0> <II = 1> <Delay = 0.84> <FuncUnit> <Opcode : 'add' 'sub'> <InPorts = 2> <OutPorts = 1>
ST_2 : Operation 180 [1/1] (0.00ns)   --->   "%trunc_ln818_84 = partselect i16 @_ssdm_op_PartSelect.i16.i26.i32.i32, i26 %ret_V_99, i32 10, i32 25"   --->   Operation 180 'partselect' 'trunc_ln818_84' <Predicate = true> <Delay = 0.00>
ST_2 : Operation 181 [1/1] (0.84ns)   --->   "%ret_V_100 = add i26 %mul_ln1347_86, i26 698368"   --->   Operation 181 'add' 'ret_V_100' <Predicate = true> <Delay = 0.84> <CoreInst = "Adder">   --->   Core 1 'Adder' <Latency = 0> <II = 1> <Delay = 0.84> <FuncUnit> <Opcode : 'add' 'sub'> <InPorts = 2> <OutPorts = 1>
ST_2 : Operation 182 [1/1] (0.00ns)   --->   "%trunc_ln818_85 = partselect i16 @_ssdm_op_PartSelect.i16.i26.i32.i32, i26 %ret_V_100, i32 10, i32 25"   --->   Operation 182 'partselect' 'trunc_ln818_85' <Predicate = true> <Delay = 0.00>
ST_2 : Operation 183 [1/1] (0.84ns)   --->   "%ret_V_101 = add i26 %mul_ln1347_87, i26 551936"   --->   Operation 183 'add' 'ret_V_101' <Predicate = true> <Delay = 0.84> <CoreInst = "Adder">   --->   Core 1 'Adder' <Latency = 0> <II = 1> <Delay = 0.84> <FuncUnit> <Opcode : 'add' 'sub'> <InPorts = 2> <OutPorts = 1>
ST_2 : Operation 184 [1/1] (0.00ns)   --->   "%trunc_ln818_86 = partselect i16 @_ssdm_op_PartSelect.i16.i26.i32.i32, i26 %ret_V_101, i32 10, i32 25"   --->   Operation 184 'partselect' 'trunc_ln818_86' <Predicate = true> <Delay = 0.00>
ST_2 : Operation 185 [1/1] (0.84ns)   --->   "%ret_V_102 = add i26 %mul_ln1347_88, i26 271360"   --->   Operation 185 'add' 'ret_V_102' <Predicate = true> <Delay = 0.84> <CoreInst = "Adder">   --->   Core 1 'Adder' <Latency = 0> <II = 1> <Delay = 0.84> <FuncUnit> <Opcode : 'add' 'sub'> <InPorts = 2> <OutPorts = 1>
ST_2 : Operation 186 [1/1] (0.00ns)   --->   "%trunc_ln818_87 = partselect i16 @_ssdm_op_PartSelect.i16.i26.i32.i32, i26 %ret_V_102, i32 10, i32 25"   --->   Operation 186 'partselect' 'trunc_ln818_87' <Predicate = true> <Delay = 0.00>
ST_2 : Operation 187 [1/1] (0.84ns)   --->   "%ret_V_103 = add i26 %mul_ln1347_89, i26 66701312"   --->   Operation 187 'add' 'ret_V_103' <Predicate = true> <Delay = 0.84> <CoreInst = "Adder">   --->   Core 1 'Adder' <Latency = 0> <II = 1> <Delay = 0.84> <FuncUnit> <Opcode : 'add' 'sub'> <InPorts = 2> <OutPorts = 1>
ST_2 : Operation 188 [1/1] (0.00ns)   --->   "%trunc_ln818_88 = partselect i16 @_ssdm_op_PartSelect.i16.i26.i32.i32, i26 %ret_V_103, i32 10, i32 25"   --->   Operation 188 'partselect' 'trunc_ln818_88' <Predicate = true> <Delay = 0.00>
ST_2 : Operation 189 [1/1] (0.84ns)   --->   "%ret_V_104 = add i26 %mul_ln1347_90, i26 513024"   --->   Operation 189 'add' 'ret_V_104' <Predicate = true> <Delay = 0.84> <CoreInst = "Adder">   --->   Core 1 'Adder' <Latency = 0> <II = 1> <Delay = 0.84> <FuncUnit> <Opcode : 'add' 'sub'> <InPorts = 2> <OutPorts = 1>
ST_2 : Operation 190 [1/1] (0.00ns)   --->   "%trunc_ln818_89 = partselect i16 @_ssdm_op_PartSelect.i16.i26.i32.i32, i26 %ret_V_104, i32 10, i32 25"   --->   Operation 190 'partselect' 'trunc_ln818_89' <Predicate = true> <Delay = 0.00>
ST_2 : Operation 191 [1/1] (0.84ns)   --->   "%ret_V_105 = add i26 %mul_ln1347_91, i26 77824"   --->   Operation 191 'add' 'ret_V_105' <Predicate = true> <Delay = 0.84> <CoreInst = "Adder">   --->   Core 1 'Adder' <Latency = 0> <II = 1> <Delay = 0.84> <FuncUnit> <Opcode : 'add' 'sub'> <InPorts = 2> <OutPorts = 1>
ST_2 : Operation 192 [1/1] (0.00ns)   --->   "%trunc_ln818_90 = partselect i16 @_ssdm_op_PartSelect.i16.i26.i32.i32, i26 %ret_V_105, i32 10, i32 25"   --->   Operation 192 'partselect' 'trunc_ln818_90' <Predicate = true> <Delay = 0.00>
ST_2 : Operation 193 [1/1] (0.84ns)   --->   "%ret_V_106 = add i26 %mul_ln1347_92, i26 148480"   --->   Operation 193 'add' 'ret_V_106' <Predicate = true> <Delay = 0.84> <CoreInst = "Adder">   --->   Core 1 'Adder' <Latency = 0> <II = 1> <Delay = 0.84> <FuncUnit> <Opcode : 'add' 'sub'> <InPorts = 2> <OutPorts = 1>
ST_2 : Operation 194 [1/1] (0.00ns)   --->   "%trunc_ln818_91 = partselect i16 @_ssdm_op_PartSelect.i16.i26.i32.i32, i26 %ret_V_106, i32 10, i32 25"   --->   Operation 194 'partselect' 'trunc_ln818_91' <Predicate = true> <Delay = 0.00>
ST_2 : Operation 195 [1/1] (0.84ns)   --->   "%ret_V_107 = add i26 %mul_ln1347_93, i26 527360"   --->   Operation 195 'add' 'ret_V_107' <Predicate = true> <Delay = 0.84> <CoreInst = "Adder">   --->   Core 1 'Adder' <Latency = 0> <II = 1> <Delay = 0.84> <FuncUnit> <Opcode : 'add' 'sub'> <InPorts = 2> <OutPorts = 1>
ST_2 : Operation 196 [1/1] (0.00ns)   --->   "%trunc_ln818_92 = partselect i16 @_ssdm_op_PartSelect.i16.i26.i32.i32, i26 %ret_V_107, i32 10, i32 25"   --->   Operation 196 'partselect' 'trunc_ln818_92' <Predicate = true> <Delay = 0.00>
ST_2 : Operation 197 [1/1] (0.84ns)   --->   "%ret_V_108 = add i26 %mul_ln1347_94, i26 786432"   --->   Operation 197 'add' 'ret_V_108' <Predicate = true> <Delay = 0.84> <CoreInst = "Adder">   --->   Core 1 'Adder' <Latency = 0> <II = 1> <Delay = 0.84> <FuncUnit> <Opcode : 'add' 'sub'> <InPorts = 2> <OutPorts = 1>
ST_2 : Operation 198 [1/1] (0.00ns)   --->   "%trunc_ln818_93 = partselect i16 @_ssdm_op_PartSelect.i16.i26.i32.i32, i26 %ret_V_108, i32 10, i32 25"   --->   Operation 198 'partselect' 'trunc_ln818_93' <Predicate = true> <Delay = 0.00>
ST_2 : Operation 199 [1/1] (0.84ns)   --->   "%ret_V_109 = add i26 %mul_ln1347_95, i26 67036160"   --->   Operation 199 'add' 'ret_V_109' <Predicate = true> <Delay = 0.84> <CoreInst = "Adder">   --->   Core 1 'Adder' <Latency = 0> <II = 1> <Delay = 0.84> <FuncUnit> <Opcode : 'add' 'sub'> <InPorts = 2> <OutPorts = 1>
ST_2 : Operation 200 [1/1] (0.00ns)   --->   "%trunc_ln818_94 = partselect i16 @_ssdm_op_PartSelect.i16.i26.i32.i32, i26 %ret_V_109, i32 10, i32 25"   --->   Operation 200 'partselect' 'trunc_ln818_94' <Predicate = true> <Delay = 0.00>
ST_2 : Operation 201 [1/1] (0.84ns)   --->   "%ret_V_110 = add i26 %mul_ln1347_96, i26 933888"   --->   Operation 201 'add' 'ret_V_110' <Predicate = true> <Delay = 0.84> <CoreInst = "Adder">   --->   Core 1 'Adder' <Latency = 0> <II = 1> <Delay = 0.84> <FuncUnit> <Opcode : 'add' 'sub'> <InPorts = 2> <OutPorts = 1>
ST_2 : Operation 202 [1/1] (0.00ns)   --->   "%trunc_ln818_95 = partselect i16 @_ssdm_op_PartSelect.i16.i26.i32.i32, i26 %ret_V_110, i32 10, i32 25"   --->   Operation 202 'partselect' 'trunc_ln818_95' <Predicate = true> <Delay = 0.00>
ST_2 : Operation 203 [1/1] (0.84ns)   --->   "%ret_V_111 = add i26 %mul_ln1347_97, i26 67107840"   --->   Operation 203 'add' 'ret_V_111' <Predicate = true> <Delay = 0.84> <CoreInst = "Adder">   --->   Core 1 'Adder' <Latency = 0> <II = 1> <Delay = 0.84> <FuncUnit> <Opcode : 'add' 'sub'> <InPorts = 2> <OutPorts = 1>
ST_2 : Operation 204 [1/1] (0.00ns)   --->   "%trunc_ln818_96 = partselect i16 @_ssdm_op_PartSelect.i16.i26.i32.i32, i26 %ret_V_111, i32 10, i32 25"   --->   Operation 204 'partselect' 'trunc_ln818_96' <Predicate = true> <Delay = 0.00>
ST_2 : Operation 205 [1/1] (0.84ns)   --->   "%ret_V_112 = add i26 %mul_ln1347_98, i26 67028992"   --->   Operation 205 'add' 'ret_V_112' <Predicate = true> <Delay = 0.84> <CoreInst = "Adder">   --->   Core 1 'Adder' <Latency = 0> <II = 1> <Delay = 0.84> <FuncUnit> <Opcode : 'add' 'sub'> <InPorts = 2> <OutPorts = 1>
ST_2 : Operation 206 [1/1] (0.00ns)   --->   "%trunc_ln818_97 = partselect i16 @_ssdm_op_PartSelect.i16.i26.i32.i32, i26 %ret_V_112, i32 10, i32 25"   --->   Operation 206 'partselect' 'trunc_ln818_97' <Predicate = true> <Delay = 0.00>
ST_2 : Operation 207 [1/1] (0.84ns)   --->   "%ret_V_113 = add i26 %mul_ln1347_99, i26 66936832"   --->   Operation 207 'add' 'ret_V_113' <Predicate = true> <Delay = 0.84> <CoreInst = "Adder">   --->   Core 1 'Adder' <Latency = 0> <II = 1> <Delay = 0.84> <FuncUnit> <Opcode : 'add' 'sub'> <InPorts = 2> <OutPorts = 1>
ST_2 : Operation 208 [1/1] (0.00ns)   --->   "%trunc_ln818_98 = partselect i16 @_ssdm_op_PartSelect.i16.i26.i32.i32, i26 %ret_V_113, i32 10, i32 25"   --->   Operation 208 'partselect' 'trunc_ln818_98' <Predicate = true> <Delay = 0.00>
ST_2 : Operation 209 [1/1] (0.84ns)   --->   "%ret_V_114 = add i26 %mul_ln1347_100, i26 321536"   --->   Operation 209 'add' 'ret_V_114' <Predicate = true> <Delay = 0.84> <CoreInst = "Adder">   --->   Core 1 'Adder' <Latency = 0> <II = 1> <Delay = 0.84> <FuncUnit> <Opcode : 'add' 'sub'> <InPorts = 2> <OutPorts = 1>
ST_2 : Operation 210 [1/1] (0.00ns)   --->   "%trunc_ln818_99 = partselect i16 @_ssdm_op_PartSelect.i16.i26.i32.i32, i26 %ret_V_114, i32 10, i32 25"   --->   Operation 210 'partselect' 'trunc_ln818_99' <Predicate = true> <Delay = 0.00>
ST_2 : Operation 211 [1/1] (0.84ns)   --->   "%ret_V_115 = add i26 %mul_ln1347_101, i26 185344"   --->   Operation 211 'add' 'ret_V_115' <Predicate = true> <Delay = 0.84> <CoreInst = "Adder">   --->   Core 1 'Adder' <Latency = 0> <II = 1> <Delay = 0.84> <FuncUnit> <Opcode : 'add' 'sub'> <InPorts = 2> <OutPorts = 1>
ST_2 : Operation 212 [1/1] (0.00ns)   --->   "%trunc_ln818_100 = partselect i16 @_ssdm_op_PartSelect.i16.i26.i32.i32, i26 %ret_V_115, i32 10, i32 25"   --->   Operation 212 'partselect' 'trunc_ln818_100' <Predicate = true> <Delay = 0.00>
ST_2 : Operation 213 [1/1] (0.84ns)   --->   "%ret_V_116 = add i26 %mul_ln1347_102, i26 66575360"   --->   Operation 213 'add' 'ret_V_116' <Predicate = true> <Delay = 0.84> <CoreInst = "Adder">   --->   Core 1 'Adder' <Latency = 0> <II = 1> <Delay = 0.84> <FuncUnit> <Opcode : 'add' 'sub'> <InPorts = 2> <OutPorts = 1>
ST_2 : Operation 214 [1/1] (0.00ns)   --->   "%trunc_ln818_101 = partselect i16 @_ssdm_op_PartSelect.i16.i26.i32.i32, i26 %ret_V_116, i32 10, i32 25"   --->   Operation 214 'partselect' 'trunc_ln818_101' <Predicate = true> <Delay = 0.00>
ST_2 : Operation 215 [1/1] (0.84ns)   --->   "%ret_V_117 = add i26 %mul_ln1347_103, i26 232448"   --->   Operation 215 'add' 'ret_V_117' <Predicate = true> <Delay = 0.84> <CoreInst = "Adder">   --->   Core 1 'Adder' <Latency = 0> <II = 1> <Delay = 0.84> <FuncUnit> <Opcode : 'add' 'sub'> <InPorts = 2> <OutPorts = 1>
ST_2 : Operation 216 [1/1] (0.00ns)   --->   "%trunc_ln818_102 = partselect i16 @_ssdm_op_PartSelect.i16.i26.i32.i32, i26 %ret_V_117, i32 10, i32 25"   --->   Operation 216 'partselect' 'trunc_ln818_102' <Predicate = true> <Delay = 0.00>
ST_2 : Operation 217 [1/1] (0.00ns)   --->   "%p_0 = bitconcatenate i672 @_ssdm_op_BitConcatenate.i672.i16.i16.i16.i16.i16.i16.i16.i16.i16.i16.i16.i16.i16.i16.i16.i16.i16.i16.i16.i16.i16.i16.i16.i16.i16.i16.i16.i16.i16.i16.i16.i16.i16.i16.i16.i16.i16.i16.i16.i16.i16.i16, i16 %trunc_ln818_102, i16 %trunc_ln818_101, i16 %trunc_ln818_100, i16 %trunc_ln818_99, i16 %trunc_ln818_98, i16 %trunc_ln818_97, i16 %trunc_ln818_96, i16 %trunc_ln818_95, i16 %trunc_ln818_94, i16 %trunc_ln818_93, i16 %trunc_ln818_92, i16 %trunc_ln818_91, i16 %trunc_ln818_90, i16 %trunc_ln818_89, i16 %trunc_ln818_88, i16 %trunc_ln818_87, i16 %trunc_ln818_86, i16 %trunc_ln818_85, i16 %trunc_ln818_84, i16 %trunc_ln818_83, i16 %trunc_ln818_82, i16 %trunc_ln818_81, i16 %trunc_ln818_80, i16 %trunc_ln818_79, i16 %trunc_ln818_78, i16 %trunc_ln818_77, i16 %trunc_ln818_76, i16 %trunc_ln818_75, i16 %trunc_ln818_74, i16 %trunc_ln818_73, i16 %trunc_ln818_72, i16 %trunc_ln818_71, i16 %trunc_ln818_70, i16 %trunc_ln818_69, i16 %trunc_ln818_68, i16 %trunc_ln818_67, i16 %trunc_ln818_66, i16 %trunc_ln818_65, i16 %trunc_ln818_64, i16 %trunc_ln818_63, i16 %trunc_ln818_s, i16 %trunc_ln" [/home/ayvol/vitis-accel-CNN/vitis_accel_prj/firmware/nnet_utils/nnet_batchnorm_stream.h:46]   --->   Operation 217 'bitconcatenate' 'p_0' <Predicate = true> <Delay = 0.00>
ST_2 : Operation 218 [1/1] (1.33ns)   --->   "%write_ln46 = write void @_ssdm_op_Write.ap_fifo.volatile.i672P0A, i672 %layer17_out, i672 %p_0" [/home/ayvol/vitis-accel-CNN/vitis_accel_prj/firmware/nnet_utils/nnet_batchnorm_stream.h:46]   --->   Operation 218 'write' 'write_ln46' <Predicate = true> <Delay = 1.33> <CoreInst = "FIFO_SRL">   --->   Core 81 'FIFO_SRL' <Latency = 0> <II = 1> <Delay = 1.33> <Storage> <Opcode : 'read' 'write' 'nbread' 'nbwrite'> <Ports = 0> <Width = 672> <Depth = 1> <FIFO>
ST_2 : Operation 219 [1/1] (0.00ns)   --->   "%ret_ln48 = ret" [/home/ayvol/vitis-accel-CNN/vitis_accel_prj/firmware/nnet_utils/nnet_batchnorm_stream.h:48]   --->   Operation 219 'ret' 'ret_ln48' <Predicate = true> <Delay = 0.00>


============================================================
+ Verbose Summary: Binding
============================================================
STG Binding: 
---------------- STG Properties BEGIN ----------------
- Is combinational: 0
- Is one-state seq: 0
- Is datapath-only: 0
- Is pipelined: 0
- Is top level: 0
Port [ Return ] is wired: 1; IO mode=ap_ctrl_hs:ce=0
Port [ layer15_out]:  wired=1; compound=1; hidden=0; nouse=0; global=0; static=0; extern=0; dir=0; type=3; pingpong=0; private_global=0; IO mode=ap_fifo:ce=0
Port [ layer17_out]:  wired=1; compound=1; hidden=0; nouse=0; global=0; static=0; extern=0; dir=1; type=3; pingpong=0; private_global=0; IO mode=ap_fifo:ce=0
---------------- STG Properties END ------------------

---------------- Datapath Model BEGIN ----------------

<LifeTime>
<method=bitvector/>
layer15_out_read       (read             ) [ 000]
a_V                    (trunc            ) [ 000]
a_V_102                (partselect       ) [ 000]
a_V_103                (partselect       ) [ 000]
a_V_63                 (partselect       ) [ 000]
a_V_64                 (partselect       ) [ 000]
a_V_65                 (partselect       ) [ 000]
a_V_66                 (partselect       ) [ 000]
a_V_67                 (partselect       ) [ 000]
a_V_68                 (partselect       ) [ 000]
a_V_69                 (partselect       ) [ 000]
a_V_70                 (partselect       ) [ 000]
a_V_71                 (partselect       ) [ 000]
a_V_72                 (partselect       ) [ 000]
a_V_73                 (partselect       ) [ 000]
a_V_74                 (partselect       ) [ 000]
a_V_75                 (partselect       ) [ 000]
a_V_76                 (partselect       ) [ 000]
a_V_77                 (partselect       ) [ 000]
a_V_78                 (partselect       ) [ 000]
a_V_79                 (partselect       ) [ 000]
a_V_80                 (partselect       ) [ 000]
a_V_81                 (partselect       ) [ 000]
a_V_82                 (partselect       ) [ 000]
a_V_83                 (partselect       ) [ 000]
a_V_84                 (partselect       ) [ 000]
a_V_85                 (partselect       ) [ 000]
a_V_86                 (partselect       ) [ 000]
a_V_87                 (partselect       ) [ 000]
a_V_88                 (partselect       ) [ 000]
a_V_89                 (partselect       ) [ 000]
a_V_90                 (partselect       ) [ 000]
a_V_91                 (partselect       ) [ 000]
a_V_92                 (partselect       ) [ 000]
a_V_93                 (partselect       ) [ 000]
a_V_94                 (partselect       ) [ 000]
a_V_95                 (partselect       ) [ 000]
a_V_96                 (partselect       ) [ 000]
a_V_97                 (partselect       ) [ 000]
a_V_98                 (partselect       ) [ 000]
a_V_99                 (partselect       ) [ 000]
a_V_100                (partselect       ) [ 000]
a_V_101                (partselect       ) [ 000]
sext_ln1347            (sext             ) [ 000]
mul_ln1347             (mul              ) [ 001]
sext_ln1347_63         (sext             ) [ 000]
mul_ln1347_63          (mul              ) [ 001]
sext_ln1347_64         (sext             ) [ 000]
mul_ln1347_64          (mul              ) [ 001]
sext_ln1347_65         (sext             ) [ 000]
mul_ln1347_65          (mul              ) [ 001]
sext_ln1347_66         (sext             ) [ 000]
mul_ln1347_66          (mul              ) [ 001]
sext_ln1347_67         (sext             ) [ 000]
mul_ln1347_67          (mul              ) [ 001]
sext_ln1347_68         (sext             ) [ 000]
mul_ln1347_68          (mul              ) [ 001]
sext_ln1347_69         (sext             ) [ 000]
mul_ln1347_69          (mul              ) [ 001]
sext_ln1347_70         (sext             ) [ 000]
mul_ln1347_70          (mul              ) [ 001]
sext_ln1347_71         (sext             ) [ 000]
mul_ln1347_71          (mul              ) [ 001]
sext_ln1347_72         (sext             ) [ 000]
mul_ln1347_72          (mul              ) [ 001]
sext_ln1347_73         (sext             ) [ 000]
mul_ln1347_73          (mul              ) [ 001]
sext_ln1347_74         (sext             ) [ 000]
mul_ln1347_74          (mul              ) [ 001]
sext_ln1347_75         (sext             ) [ 000]
mul_ln1347_75          (mul              ) [ 001]
sext_ln1347_76         (sext             ) [ 000]
mul_ln1347_76          (mul              ) [ 001]
sext_ln1347_77         (sext             ) [ 000]
mul_ln1347_77          (mul              ) [ 001]
sext_ln1347_78         (sext             ) [ 000]
mul_ln1347_78          (mul              ) [ 001]
sext_ln1347_79         (sext             ) [ 000]
mul_ln1347_79          (mul              ) [ 001]
sext_ln1347_80         (sext             ) [ 000]
mul_ln1347_80          (mul              ) [ 001]
sext_ln1347_81         (sext             ) [ 000]
mul_ln1347_81          (mul              ) [ 001]
sext_ln1347_82         (sext             ) [ 000]
mul_ln1347_82          (mul              ) [ 001]
sext_ln1347_83         (sext             ) [ 000]
mul_ln1347_83          (mul              ) [ 001]
sext_ln1347_84         (sext             ) [ 000]
mul_ln1347_84          (mul              ) [ 001]
sext_ln1347_85         (sext             ) [ 000]
mul_ln1347_85          (mul              ) [ 001]
sext_ln1347_86         (sext             ) [ 000]
mul_ln1347_86          (mul              ) [ 001]
sext_ln1347_87         (sext             ) [ 000]
mul_ln1347_87          (mul              ) [ 001]
sext_ln1347_88         (sext             ) [ 000]
mul_ln1347_88          (mul              ) [ 001]
sext_ln1347_89         (sext             ) [ 000]
mul_ln1347_89          (mul              ) [ 001]
sext_ln1347_90         (sext             ) [ 000]
mul_ln1347_90          (mul              ) [ 001]
sext_ln1347_91         (sext             ) [ 000]
mul_ln1347_91          (mul              ) [ 001]
sext_ln1347_92         (sext             ) [ 000]
mul_ln1347_92          (mul              ) [ 001]
sext_ln1347_93         (sext             ) [ 000]
mul_ln1347_93          (mul              ) [ 001]
sext_ln1347_94         (sext             ) [ 000]
mul_ln1347_94          (mul              ) [ 001]
sext_ln1347_95         (sext             ) [ 000]
mul_ln1347_95          (mul              ) [ 001]
sext_ln1347_96         (sext             ) [ 000]
mul_ln1347_96          (mul              ) [ 001]
sext_ln1347_97         (sext             ) [ 000]
mul_ln1347_97          (mul              ) [ 001]
sext_ln1347_98         (sext             ) [ 000]
mul_ln1347_98          (mul              ) [ 001]
sext_ln1347_99         (sext             ) [ 000]
mul_ln1347_99          (mul              ) [ 001]
sext_ln1347_100        (sext             ) [ 000]
mul_ln1347_100         (mul              ) [ 001]
sext_ln1347_101        (sext             ) [ 000]
mul_ln1347_101         (mul              ) [ 001]
sext_ln1347_102        (sext             ) [ 000]
mul_ln1347_102         (mul              ) [ 001]
sext_ln1347_103        (sext             ) [ 000]
mul_ln1347_103         (mul              ) [ 001]
specinterface_ln0      (specinterface    ) [ 000]
specinterface_ln0      (specinterface    ) [ 000]
specresourcelimit_ln22 (specresourcelimit) [ 000]
ret_V                  (add              ) [ 000]
trunc_ln               (partselect       ) [ 000]
ret_V_77               (add              ) [ 000]
trunc_ln818_s          (partselect       ) [ 000]
ret_V_78               (add              ) [ 000]
trunc_ln818_63         (partselect       ) [ 000]
ret_V_79               (add              ) [ 000]
trunc_ln818_64         (partselect       ) [ 000]
ret_V_80               (add              ) [ 000]
trunc_ln818_65         (partselect       ) [ 000]
ret_V_81               (add              ) [ 000]
trunc_ln818_66         (partselect       ) [ 000]
ret_V_82               (add              ) [ 000]
trunc_ln818_67         (partselect       ) [ 000]
ret_V_83               (add              ) [ 000]
trunc_ln818_68         (partselect       ) [ 000]
ret_V_84               (add              ) [ 000]
trunc_ln818_69         (partselect       ) [ 000]
ret_V_85               (add              ) [ 000]
trunc_ln818_70         (partselect       ) [ 000]
ret_V_86               (add              ) [ 000]
trunc_ln818_71         (partselect       ) [ 000]
ret_V_87               (add              ) [ 000]
trunc_ln818_72         (partselect       ) [ 000]
ret_V_88               (add              ) [ 000]
trunc_ln818_73         (partselect       ) [ 000]
ret_V_89               (add              ) [ 000]
trunc_ln818_74         (partselect       ) [ 000]
ret_V_90               (add              ) [ 000]
trunc_ln818_75         (partselect       ) [ 000]
ret_V_91               (add              ) [ 000]
trunc_ln818_76         (partselect       ) [ 000]
ret_V_92               (add              ) [ 000]
trunc_ln818_77         (partselect       ) [ 000]
ret_V_93               (add              ) [ 000]
trunc_ln818_78         (partselect       ) [ 000]
ret_V_94               (add              ) [ 000]
trunc_ln818_79         (partselect       ) [ 000]
ret_V_95               (add              ) [ 000]
trunc_ln818_80         (partselect       ) [ 000]
ret_V_96               (add              ) [ 000]
trunc_ln818_81         (partselect       ) [ 000]
ret_V_97               (add              ) [ 000]
trunc_ln818_82         (partselect       ) [ 000]
ret_V_98               (add              ) [ 000]
trunc_ln818_83         (partselect       ) [ 000]
ret_V_99               (add              ) [ 000]
trunc_ln818_84         (partselect       ) [ 000]
ret_V_100              (add              ) [ 000]
trunc_ln818_85         (partselect       ) [ 000]
ret_V_101              (add              ) [ 000]
trunc_ln818_86         (partselect       ) [ 000]
ret_V_102              (add              ) [ 000]
trunc_ln818_87         (partselect       ) [ 000]
ret_V_103              (add              ) [ 000]
trunc_ln818_88         (partselect       ) [ 000]
ret_V_104              (add              ) [ 000]
trunc_ln818_89         (partselect       ) [ 000]
ret_V_105              (add              ) [ 000]
trunc_ln818_90         (partselect       ) [ 000]
ret_V_106              (add              ) [ 000]
trunc_ln818_91         (partselect       ) [ 000]
ret_V_107              (add              ) [ 000]
trunc_ln818_92         (partselect       ) [ 000]
ret_V_108              (add              ) [ 000]
trunc_ln818_93         (partselect       ) [ 000]
ret_V_109              (add              ) [ 000]
trunc_ln818_94         (partselect       ) [ 000]
ret_V_110              (add              ) [ 000]
trunc_ln818_95         (partselect       ) [ 000]
ret_V_111              (add              ) [ 000]
trunc_ln818_96         (partselect       ) [ 000]
ret_V_112              (add              ) [ 000]
trunc_ln818_97         (partselect       ) [ 000]
ret_V_113              (add              ) [ 000]
trunc_ln818_98         (partselect       ) [ 000]
ret_V_114              (add              ) [ 000]
trunc_ln818_99         (partselect       ) [ 000]
ret_V_115              (add              ) [ 000]
trunc_ln818_100        (partselect       ) [ 000]
ret_V_116              (add              ) [ 000]
trunc_ln818_101        (partselect       ) [ 000]
ret_V_117              (add              ) [ 000]
trunc_ln818_102        (partselect       ) [ 000]
p_0                    (bitconcatenate   ) [ 000]
write_ln46             (write            ) [ 000]
ret_ln48               (ret              ) [ 000]
</LifeTime>

<model>

<comp_list>
<comp id="0" class="1000" name="layer15_out">
<pin_list>
<pin id="1" dir="1" index="0" bw="1" slack="0"/>
</pin_list>
<bind>
<StgValue><ssdm name="layer15_out"/></StgValue>
</bind>
</comp>

<comp id="2" class="1000" name="layer17_out">
<pin_list>
<pin id="3" dir="1" index="0" bw="1" slack="0"/>
</pin_list>
<bind>
<StgValue><ssdm name="layer17_out"/></StgValue>
</bind>
</comp>

<comp id="4" class="1001" name="const_4">
<pin_list>
<pin id="5" dir="1" index="0" bw="1" slack="0"/>
</pin_list>
<bind>
<StgValue><ssdm name="_ssdm_op_Read.ap_fifo.volatile.i672P0A"/></StgValue>
</bind>
</comp>

<comp id="6" class="1001" name="const_6">
<pin_list>
<pin id="7" dir="1" index="0" bw="1" slack="0"/>
</pin_list>
<bind>
<StgValue><ssdm name="_ssdm_op_PartSelect.i16.i672.i32.i32"/></StgValue>
</bind>
</comp>

<comp id="8" class="1001" name="const_8">
<pin_list>
<pin id="9" dir="1" index="0" bw="1" slack="0"/>
</pin_list>
<bind>
<StgValue><ssdm name=""/></StgValue>
</bind>
</comp>

<comp id="10" class="1001" name="const_10">
<pin_list>
<pin id="11" dir="1" index="0" bw="1" slack="0"/>
</pin_list>
<bind>
<StgValue><ssdm name=""/></StgValue>
</bind>
</comp>

<comp id="12" class="1001" name="const_12">
<pin_list>
<pin id="13" dir="1" index="0" bw="1" slack="0"/>
</pin_list>
<bind>
<StgValue><ssdm name=""/></StgValue>
</bind>
</comp>

<comp id="14" class="1001" name="const_14">
<pin_list>
<pin id="15" dir="1" index="0" bw="1" slack="0"/>
</pin_list>
<bind>
<StgValue><ssdm name=""/></StgValue>
</bind>
</comp>

<comp id="16" class="1001" name="const_16">
<pin_list>
<pin id="17" dir="1" index="0" bw="1" slack="0"/>
</pin_list>
<bind>
<StgValue><ssdm name=""/></StgValue>
</bind>
</comp>

<comp id="18" class="1001" name="const_18">
<pin_list>
<pin id="19" dir="1" index="0" bw="1" slack="0"/>
</pin_list>
<bind>
<StgValue><ssdm name=""/></StgValue>
</bind>
</comp>

<comp id="20" class="1001" name="const_20">
<pin_list>
<pin id="21" dir="1" index="0" bw="1" slack="0"/>
</pin_list>
<bind>
<StgValue><ssdm name=""/></StgValue>
</bind>
</comp>

<comp id="22" class="1001" name="const_22">
<pin_list>
<pin id="23" dir="1" index="0" bw="1" slack="0"/>
</pin_list>
<bind>
<StgValue><ssdm name=""/></StgValue>
</bind>
</comp>

<comp id="24" class="1001" name="const_24">
<pin_list>
<pin id="25" dir="1" index="0" bw="1" slack="0"/>
</pin_list>
<bind>
<StgValue><ssdm name=""/></StgValue>
</bind>
</comp>

<comp id="26" class="1001" name="const_26">
<pin_list>
<pin id="27" dir="1" index="0" bw="1" slack="0"/>
</pin_list>
<bind>
<StgValue><ssdm name=""/></StgValue>
</bind>
</comp>

<comp id="28" class="1001" name="const_28">
<pin_list>
<pin id="29" dir="1" index="0" bw="1" slack="0"/>
</pin_list>
<bind>
<StgValue><ssdm name=""/></StgValue>
</bind>
</comp>

<comp id="30" class="1001" name="const_30">
<pin_list>
<pin id="31" dir="1" index="0" bw="1" slack="0"/>
</pin_list>
<bind>
<StgValue><ssdm name=""/></StgValue>
</bind>
</comp>

<comp id="32" class="1001" name="const_32">
<pin_list>
<pin id="33" dir="1" index="0" bw="1" slack="0"/>
</pin_list>
<bind>
<StgValue><ssdm name=""/></StgValue>
</bind>
</comp>

<comp id="34" class="1001" name="const_34">
<pin_list>
<pin id="35" dir="1" index="0" bw="1" slack="0"/>
</pin_list>
<bind>
<StgValue><ssdm name=""/></StgValue>
</bind>
</comp>

<comp id="36" class="1001" name="const_36">
<pin_list>
<pin id="37" dir="1" index="0" bw="1" slack="0"/>
</pin_list>
<bind>
<StgValue><ssdm name=""/></StgValue>
</bind>
</comp>

<comp id="38" class="1001" name="const_38">
<pin_list>
<pin id="39" dir="1" index="0" bw="1" slack="0"/>
</pin_list>
<bind>
<StgValue><ssdm name=""/></StgValue>
</bind>
</comp>

<comp id="40" class="1001" name="const_40">
<pin_list>
<pin id="41" dir="1" index="0" bw="1" slack="0"/>
</pin_list>
<bind>
<StgValue><ssdm name=""/></StgValue>
</bind>
</comp>

<comp id="42" class="1001" name="const_42">
<pin_list>
<pin id="43" dir="1" index="0" bw="1" slack="0"/>
</pin_list>
<bind>
<StgValue><ssdm name=""/></StgValue>
</bind>
</comp>

<comp id="44" class="1001" name="const_44">
<pin_list>
<pin id="45" dir="1" index="0" bw="1" slack="0"/>
</pin_list>
<bind>
<StgValue><ssdm name=""/></StgValue>
</bind>
</comp>

<comp id="46" class="1001" name="const_46">
<pin_list>
<pin id="47" dir="1" index="0" bw="1" slack="0"/>
</pin_list>
<bind>
<StgValue><ssdm name=""/></StgValue>
</bind>
</comp>

<comp id="48" class="1001" name="const_48">
<pin_list>
<pin id="49" dir="1" index="0" bw="1" slack="0"/>
</pin_list>
<bind>
<StgValue><ssdm name=""/></StgValue>
</bind>
</comp>

<comp id="50" class="1001" name="const_50">
<pin_list>
<pin id="51" dir="1" index="0" bw="1" slack="0"/>
</pin_list>
<bind>
<StgValue><ssdm name=""/></StgValue>
</bind>
</comp>

<comp id="52" class="1001" name="const_52">
<pin_list>
<pin id="53" dir="1" index="0" bw="1" slack="0"/>
</pin_list>
<bind>
<StgValue><ssdm name=""/></StgValue>
</bind>
</comp>

<comp id="54" class="1001" name="const_54">
<pin_list>
<pin id="55" dir="1" index="0" bw="1" slack="0"/>
</pin_list>
<bind>
<StgValue><ssdm name=""/></StgValue>
</bind>
</comp>

<comp id="56" class="1001" name="const_56">
<pin_list>
<pin id="57" dir="1" index="0" bw="1" slack="0"/>
</pin_list>
<bind>
<StgValue><ssdm name=""/></StgValue>
</bind>
</comp>

<comp id="58" class="1001" name="const_58">
<pin_list>
<pin id="59" dir="1" index="0" bw="1" slack="0"/>
</pin_list>
<bind>
<StgValue><ssdm name=""/></StgValue>
</bind>
</comp>

<comp id="60" class="1001" name="const_60">
<pin_list>
<pin id="61" dir="1" index="0" bw="1" slack="0"/>
</pin_list>
<bind>
<StgValue><ssdm name=""/></StgValue>
</bind>
</comp>

<comp id="62" class="1001" name="const_62">
<pin_list>
<pin id="63" dir="1" index="0" bw="1" slack="0"/>
</pin_list>
<bind>
<StgValue><ssdm name=""/></StgValue>
</bind>
</comp>

<comp id="64" class="1001" name="const_64">
<pin_list>
<pin id="65" dir="1" index="0" bw="1" slack="0"/>
</pin_list>
<bind>
<StgValue><ssdm name=""/></StgValue>
</bind>
</comp>

<comp id="66" class="1001" name="const_66">
<pin_list>
<pin id="67" dir="1" index="0" bw="1" slack="0"/>
</pin_list>
<bind>
<StgValue><ssdm name=""/></StgValue>
</bind>
</comp>

<comp id="68" class="1001" name="const_68">
<pin_list>
<pin id="69" dir="1" index="0" bw="1" slack="0"/>
</pin_list>
<bind>
<StgValue><ssdm name=""/></StgValue>
</bind>
</comp>

<comp id="70" class="1001" name="const_70">
<pin_list>
<pin id="71" dir="1" index="0" bw="1" slack="0"/>
</pin_list>
<bind>
<StgValue><ssdm name=""/></StgValue>
</bind>
</comp>

<comp id="72" class="1001" name="const_72">
<pin_list>
<pin id="73" dir="1" index="0" bw="1" slack="0"/>
</pin_list>
<bind>
<StgValue><ssdm name=""/></StgValue>
</bind>
</comp>

<comp id="74" class="1001" name="const_74">
<pin_list>
<pin id="75" dir="1" index="0" bw="1" slack="0"/>
</pin_list>
<bind>
<StgValue><ssdm name=""/></StgValue>
</bind>
</comp>

<comp id="76" class="1001" name="const_76">
<pin_list>
<pin id="77" dir="1" index="0" bw="1" slack="0"/>
</pin_list>
<bind>
<StgValue><ssdm name=""/></StgValue>
</bind>
</comp>

<comp id="78" class="1001" name="const_78">
<pin_list>
<pin id="79" dir="1" index="0" bw="1" slack="0"/>
</pin_list>
<bind>
<StgValue><ssdm name=""/></StgValue>
</bind>
</comp>

<comp id="80" class="1001" name="const_80">
<pin_list>
<pin id="81" dir="1" index="0" bw="1" slack="0"/>
</pin_list>
<bind>
<StgValue><ssdm name=""/></StgValue>
</bind>
</comp>

<comp id="82" class="1001" name="const_82">
<pin_list>
<pin id="83" dir="1" index="0" bw="1" slack="0"/>
</pin_list>
<bind>
<StgValue><ssdm name=""/></StgValue>
</bind>
</comp>

<comp id="84" class="1001" name="const_84">
<pin_list>
<pin id="85" dir="1" index="0" bw="1" slack="0"/>
</pin_list>
<bind>
<StgValue><ssdm name=""/></StgValue>
</bind>
</comp>

<comp id="86" class="1001" name="const_86">
<pin_list>
<pin id="87" dir="1" index="0" bw="1" slack="0"/>
</pin_list>
<bind>
<StgValue><ssdm name=""/></StgValue>
</bind>
</comp>

<comp id="88" class="1001" name="const_88">
<pin_list>
<pin id="89" dir="1" index="0" bw="1" slack="0"/>
</pin_list>
<bind>
<StgValue><ssdm name=""/></StgValue>
</bind>
</comp>

<comp id="90" class="1001" name="const_90">
<pin_list>
<pin id="91" dir="1" index="0" bw="1" slack="0"/>
</pin_list>
<bind>
<StgValue><ssdm name=""/></StgValue>
</bind>
</comp>

<comp id="92" class="1001" name="const_92">
<pin_list>
<pin id="93" dir="1" index="0" bw="1" slack="0"/>
</pin_list>
<bind>
<StgValue><ssdm name=""/></StgValue>
</bind>
</comp>

<comp id="94" class="1001" name="const_94">
<pin_list>
<pin id="95" dir="1" index="0" bw="1" slack="0"/>
</pin_list>
<bind>
<StgValue><ssdm name=""/></StgValue>
</bind>
</comp>

<comp id="96" class="1001" name="const_96">
<pin_list>
<pin id="97" dir="1" index="0" bw="1" slack="0"/>
</pin_list>
<bind>
<StgValue><ssdm name=""/></StgValue>
</bind>
</comp>

<comp id="98" class="1001" name="const_98">
<pin_list>
<pin id="99" dir="1" index="0" bw="1" slack="0"/>
</pin_list>
<bind>
<StgValue><ssdm name=""/></StgValue>
</bind>
</comp>

<comp id="100" class="1001" name="const_100">
<pin_list>
<pin id="101" dir="1" index="0" bw="1" slack="0"/>
</pin_list>
<bind>
<StgValue><ssdm name=""/></StgValue>
</bind>
</comp>

<comp id="102" class="1001" name="const_102">
<pin_list>
<pin id="103" dir="1" index="0" bw="1" slack="0"/>
</pin_list>
<bind>
<StgValue><ssdm name=""/></StgValue>
</bind>
</comp>

<comp id="104" class="1001" name="const_104">
<pin_list>
<pin id="105" dir="1" index="0" bw="1" slack="0"/>
</pin_list>
<bind>
<StgValue><ssdm name=""/></StgValue>
</bind>
</comp>

<comp id="106" class="1001" name="const_106">
<pin_list>
<pin id="107" dir="1" index="0" bw="1" slack="0"/>
</pin_list>
<bind>
<StgValue><ssdm name=""/></StgValue>
</bind>
</comp>

<comp id="108" class="1001" name="const_108">
<pin_list>
<pin id="109" dir="1" index="0" bw="1" slack="0"/>
</pin_list>
<bind>
<StgValue><ssdm name=""/></StgValue>
</bind>
</comp>

<comp id="110" class="1001" name="const_110">
<pin_list>
<pin id="111" dir="1" index="0" bw="1" slack="0"/>
</pin_list>
<bind>
<StgValue><ssdm name=""/></StgValue>
</bind>
</comp>

<comp id="112" class="1001" name="const_112">
<pin_list>
<pin id="113" dir="1" index="0" bw="1" slack="0"/>
</pin_list>
<bind>
<StgValue><ssdm name=""/></StgValue>
</bind>
</comp>

<comp id="114" class="1001" name="const_114">
<pin_list>
<pin id="115" dir="1" index="0" bw="1" slack="0"/>
</pin_list>
<bind>
<StgValue><ssdm name=""/></StgValue>
</bind>
</comp>

<comp id="116" class="1001" name="const_116">
<pin_list>
<pin id="117" dir="1" index="0" bw="1" slack="0"/>
</pin_list>
<bind>
<StgValue><ssdm name=""/></StgValue>
</bind>
</comp>

<comp id="118" class="1001" name="const_118">
<pin_list>
<pin id="119" dir="1" index="0" bw="1" slack="0"/>
</pin_list>
<bind>
<StgValue><ssdm name=""/></StgValue>
</bind>
</comp>

<comp id="120" class="1001" name="const_120">
<pin_list>
<pin id="121" dir="1" index="0" bw="1" slack="0"/>
</pin_list>
<bind>
<StgValue><ssdm name=""/></StgValue>
</bind>
</comp>

<comp id="122" class="1001" name="const_122">
<pin_list>
<pin id="123" dir="1" index="0" bw="1" slack="0"/>
</pin_list>
<bind>
<StgValue><ssdm name=""/></StgValue>
</bind>
</comp>

<comp id="124" class="1001" name="const_124">
<pin_list>
<pin id="125" dir="1" index="0" bw="1" slack="0"/>
</pin_list>
<bind>
<StgValue><ssdm name=""/></StgValue>
</bind>
</comp>

<comp id="126" class="1001" name="const_126">
<pin_list>
<pin id="127" dir="1" index="0" bw="1" slack="0"/>
</pin_list>
<bind>
<StgValue><ssdm name=""/></StgValue>
</bind>
</comp>

<comp id="128" class="1001" name="const_128">
<pin_list>
<pin id="129" dir="1" index="0" bw="1" slack="0"/>
</pin_list>
<bind>
<StgValue><ssdm name=""/></StgValue>
</bind>
</comp>

<comp id="130" class="1001" name="const_130">
<pin_list>
<pin id="131" dir="1" index="0" bw="1" slack="0"/>
</pin_list>
<bind>
<StgValue><ssdm name=""/></StgValue>
</bind>
</comp>

<comp id="132" class="1001" name="const_132">
<pin_list>
<pin id="133" dir="1" index="0" bw="1" slack="0"/>
</pin_list>
<bind>
<StgValue><ssdm name=""/></StgValue>
</bind>
</comp>

<comp id="134" class="1001" name="const_134">
<pin_list>
<pin id="135" dir="1" index="0" bw="1" slack="0"/>
</pin_list>
<bind>
<StgValue><ssdm name=""/></StgValue>
</bind>
</comp>

<comp id="136" class="1001" name="const_136">
<pin_list>
<pin id="137" dir="1" index="0" bw="1" slack="0"/>
</pin_list>
<bind>
<StgValue><ssdm name=""/></StgValue>
</bind>
</comp>

<comp id="138" class="1001" name="const_138">
<pin_list>
<pin id="139" dir="1" index="0" bw="1" slack="0"/>
</pin_list>
<bind>
<StgValue><ssdm name=""/></StgValue>
</bind>
</comp>

<comp id="140" class="1001" name="const_140">
<pin_list>
<pin id="141" dir="1" index="0" bw="1" slack="0"/>
</pin_list>
<bind>
<StgValue><ssdm name=""/></StgValue>
</bind>
</comp>

<comp id="142" class="1001" name="const_142">
<pin_list>
<pin id="143" dir="1" index="0" bw="1" slack="0"/>
</pin_list>
<bind>
<StgValue><ssdm name=""/></StgValue>
</bind>
</comp>

<comp id="144" class="1001" name="const_144">
<pin_list>
<pin id="145" dir="1" index="0" bw="1" slack="0"/>
</pin_list>
<bind>
<StgValue><ssdm name=""/></StgValue>
</bind>
</comp>

<comp id="146" class="1001" name="const_146">
<pin_list>
<pin id="147" dir="1" index="0" bw="1" slack="0"/>
</pin_list>
<bind>
<StgValue><ssdm name=""/></StgValue>
</bind>
</comp>

<comp id="148" class="1001" name="const_148">
<pin_list>
<pin id="149" dir="1" index="0" bw="1" slack="0"/>
</pin_list>
<bind>
<StgValue><ssdm name=""/></StgValue>
</bind>
</comp>

<comp id="150" class="1001" name="const_150">
<pin_list>
<pin id="151" dir="1" index="0" bw="1" slack="0"/>
</pin_list>
<bind>
<StgValue><ssdm name=""/></StgValue>
</bind>
</comp>

<comp id="152" class="1001" name="const_152">
<pin_list>
<pin id="153" dir="1" index="0" bw="1" slack="0"/>
</pin_list>
<bind>
<StgValue><ssdm name=""/></StgValue>
</bind>
</comp>

<comp id="154" class="1001" name="const_154">
<pin_list>
<pin id="155" dir="1" index="0" bw="1" slack="0"/>
</pin_list>
<bind>
<StgValue><ssdm name=""/></StgValue>
</bind>
</comp>

<comp id="156" class="1001" name="const_156">
<pin_list>
<pin id="157" dir="1" index="0" bw="1" slack="0"/>
</pin_list>
<bind>
<StgValue><ssdm name=""/></StgValue>
</bind>
</comp>

<comp id="158" class="1001" name="const_158">
<pin_list>
<pin id="159" dir="1" index="0" bw="1" slack="0"/>
</pin_list>
<bind>
<StgValue><ssdm name=""/></StgValue>
</bind>
</comp>

<comp id="160" class="1001" name="const_160">
<pin_list>
<pin id="161" dir="1" index="0" bw="1" slack="0"/>
</pin_list>
<bind>
<StgValue><ssdm name=""/></StgValue>
</bind>
</comp>

<comp id="162" class="1001" name="const_162">
<pin_list>
<pin id="163" dir="1" index="0" bw="1" slack="0"/>
</pin_list>
<bind>
<StgValue><ssdm name=""/></StgValue>
</bind>
</comp>

<comp id="164" class="1001" name="const_164">
<pin_list>
<pin id="165" dir="1" index="0" bw="1" slack="0"/>
</pin_list>
<bind>
<StgValue><ssdm name=""/></StgValue>
</bind>
</comp>

<comp id="166" class="1001" name="const_166">
<pin_list>
<pin id="167" dir="1" index="0" bw="1" slack="0"/>
</pin_list>
<bind>
<StgValue><ssdm name=""/></StgValue>
</bind>
</comp>

<comp id="168" class="1001" name="const_168">
<pin_list>
<pin id="169" dir="1" index="0" bw="1" slack="0"/>
</pin_list>
<bind>
<StgValue><ssdm name=""/></StgValue>
</bind>
</comp>

<comp id="170" class="1001" name="const_170">
<pin_list>
<pin id="171" dir="1" index="0" bw="1" slack="0"/>
</pin_list>
<bind>
<StgValue><ssdm name=""/></StgValue>
</bind>
</comp>

<comp id="172" class="1001" name="const_172">
<pin_list>
<pin id="173" dir="1" index="0" bw="1" slack="0"/>
</pin_list>
<bind>
<StgValue><ssdm name=""/></StgValue>
</bind>
</comp>

<comp id="174" class="1001" name="const_174">
<pin_list>
<pin id="175" dir="1" index="0" bw="1" slack="0"/>
</pin_list>
<bind>
<StgValue><ssdm name=""/></StgValue>
</bind>
</comp>

<comp id="176" class="1001" name="const_176">
<pin_list>
<pin id="177" dir="1" index="0" bw="1" slack="0"/>
</pin_list>
<bind>
<StgValue><ssdm name=""/></StgValue>
</bind>
</comp>

<comp id="178" class="1001" name="const_178">
<pin_list>
<pin id="179" dir="1" index="0" bw="1" slack="0"/>
</pin_list>
<bind>
<StgValue><ssdm name=""/></StgValue>
</bind>
</comp>

<comp id="180" class="1001" name="const_180">
<pin_list>
<pin id="181" dir="1" index="0" bw="1" slack="0"/>
</pin_list>
<bind>
<StgValue><ssdm name=""/></StgValue>
</bind>
</comp>

<comp id="182" class="1001" name="const_182">
<pin_list>
<pin id="183" dir="1" index="0" bw="1" slack="0"/>
</pin_list>
<bind>
<StgValue><ssdm name=""/></StgValue>
</bind>
</comp>

<comp id="184" class="1001" name="const_184">
<pin_list>
<pin id="185" dir="1" index="0" bw="1" slack="0"/>
</pin_list>
<bind>
<StgValue><ssdm name=""/></StgValue>
</bind>
</comp>

<comp id="186" class="1001" name="const_186">
<pin_list>
<pin id="187" dir="1" index="0" bw="1" slack="0"/>
</pin_list>
<bind>
<StgValue><ssdm name=""/></StgValue>
</bind>
</comp>

<comp id="188" class="1001" name="const_188">
<pin_list>
<pin id="189" dir="1" index="0" bw="1" slack="0"/>
</pin_list>
<bind>
<StgValue><ssdm name=""/></StgValue>
</bind>
</comp>

<comp id="190" class="1001" name="const_190">
<pin_list>
<pin id="191" dir="1" index="0" bw="1" slack="0"/>
</pin_list>
<bind>
<StgValue><ssdm name=""/></StgValue>
</bind>
</comp>

<comp id="192" class="1001" name="const_192">
<pin_list>
<pin id="193" dir="1" index="0" bw="1" slack="0"/>
</pin_list>
<bind>
<StgValue><ssdm name=""/></StgValue>
</bind>
</comp>

<comp id="194" class="1001" name="const_194">
<pin_list>
<pin id="195" dir="1" index="0" bw="1" slack="0"/>
</pin_list>
<bind>
<StgValue><ssdm name=""/></StgValue>
</bind>
</comp>

<comp id="196" class="1001" name="const_196">
<pin_list>
<pin id="197" dir="1" index="0" bw="1" slack="0"/>
</pin_list>
<bind>
<StgValue><ssdm name=""/></StgValue>
</bind>
</comp>

<comp id="198" class="1001" name="const_198">
<pin_list>
<pin id="199" dir="1" index="0" bw="1" slack="0"/>
</pin_list>
<bind>
<StgValue><ssdm name=""/></StgValue>
</bind>
</comp>

<comp id="200" class="1001" name="const_200">
<pin_list>
<pin id="201" dir="1" index="0" bw="1" slack="0"/>
</pin_list>
<bind>
<StgValue><ssdm name=""/></StgValue>
</bind>
</comp>

<comp id="202" class="1001" name="const_202">
<pin_list>
<pin id="203" dir="1" index="0" bw="1" slack="0"/>
</pin_list>
<bind>
<StgValue><ssdm name=""/></StgValue>
</bind>
</comp>

<comp id="204" class="1001" name="const_204">
<pin_list>
<pin id="205" dir="1" index="0" bw="1" slack="0"/>
</pin_list>
<bind>
<StgValue><ssdm name=""/></StgValue>
</bind>
</comp>

<comp id="206" class="1001" name="const_206">
<pin_list>
<pin id="207" dir="1" index="0" bw="1" slack="0"/>
</pin_list>
<bind>
<StgValue><ssdm name=""/></StgValue>
</bind>
</comp>

<comp id="208" class="1001" name="const_208">
<pin_list>
<pin id="209" dir="1" index="0" bw="1" slack="0"/>
</pin_list>
<bind>
<StgValue><ssdm name=""/></StgValue>
</bind>
</comp>

<comp id="210" class="1001" name="const_210">
<pin_list>
<pin id="211" dir="1" index="0" bw="1" slack="0"/>
</pin_list>
<bind>
<StgValue><ssdm name=""/></StgValue>
</bind>
</comp>

<comp id="212" class="1001" name="const_212">
<pin_list>
<pin id="213" dir="1" index="0" bw="1" slack="0"/>
</pin_list>
<bind>
<StgValue><ssdm name=""/></StgValue>
</bind>
</comp>

<comp id="214" class="1001" name="const_214">
<pin_list>
<pin id="215" dir="1" index="0" bw="1" slack="0"/>
</pin_list>
<bind>
<StgValue><ssdm name=""/></StgValue>
</bind>
</comp>

<comp id="216" class="1001" name="const_216">
<pin_list>
<pin id="217" dir="1" index="0" bw="1" slack="0"/>
</pin_list>
<bind>
<StgValue><ssdm name=""/></StgValue>
</bind>
</comp>

<comp id="218" class="1001" name="const_218">
<pin_list>
<pin id="219" dir="1" index="0" bw="1" slack="0"/>
</pin_list>
<bind>
<StgValue><ssdm name=""/></StgValue>
</bind>
</comp>

<comp id="220" class="1001" name="const_220">
<pin_list>
<pin id="221" dir="1" index="0" bw="1" slack="0"/>
</pin_list>
<bind>
<StgValue><ssdm name=""/></StgValue>
</bind>
</comp>

<comp id="222" class="1001" name="const_222">
<pin_list>
<pin id="223" dir="1" index="0" bw="1" slack="0"/>
</pin_list>
<bind>
<StgValue><ssdm name=""/></StgValue>
</bind>
</comp>

<comp id="224" class="1001" name="const_224">
<pin_list>
<pin id="225" dir="1" index="0" bw="1" slack="0"/>
</pin_list>
<bind>
<StgValue><ssdm name=""/></StgValue>
</bind>
</comp>

<comp id="226" class="1001" name="const_226">
<pin_list>
<pin id="227" dir="1" index="0" bw="1" slack="0"/>
</pin_list>
<bind>
<StgValue><ssdm name=""/></StgValue>
</bind>
</comp>

<comp id="228" class="1001" name="const_228">
<pin_list>
<pin id="229" dir="1" index="0" bw="1" slack="0"/>
</pin_list>
<bind>
<StgValue><ssdm name=""/></StgValue>
</bind>
</comp>

<comp id="230" class="1001" name="const_230">
<pin_list>
<pin id="231" dir="1" index="0" bw="1" slack="0"/>
</pin_list>
<bind>
<StgValue><ssdm name=""/></StgValue>
</bind>
</comp>

<comp id="232" class="1001" name="const_232">
<pin_list>
<pin id="233" dir="1" index="0" bw="1" slack="0"/>
</pin_list>
<bind>
<StgValue><ssdm name=""/></StgValue>
</bind>
</comp>

<comp id="234" class="1001" name="const_234">
<pin_list>
<pin id="235" dir="1" index="0" bw="1" slack="0"/>
</pin_list>
<bind>
<StgValue><ssdm name=""/></StgValue>
</bind>
</comp>

<comp id="236" class="1001" name="const_236">
<pin_list>
<pin id="237" dir="1" index="0" bw="1" slack="0"/>
</pin_list>
<bind>
<StgValue><ssdm name=""/></StgValue>
</bind>
</comp>

<comp id="238" class="1001" name="const_238">
<pin_list>
<pin id="239" dir="1" index="0" bw="1" slack="0"/>
</pin_list>
<bind>
<StgValue><ssdm name=""/></StgValue>
</bind>
</comp>

<comp id="240" class="1001" name="const_240">
<pin_list>
<pin id="241" dir="1" index="0" bw="1" slack="0"/>
</pin_list>
<bind>
<StgValue><ssdm name=""/></StgValue>
</bind>
</comp>

<comp id="242" class="1001" name="const_242">
<pin_list>
<pin id="243" dir="1" index="0" bw="1" slack="0"/>
</pin_list>
<bind>
<StgValue><ssdm name=""/></StgValue>
</bind>
</comp>

<comp id="244" class="1001" name="const_244">
<pin_list>
<pin id="245" dir="1" index="0" bw="1" slack="0"/>
</pin_list>
<bind>
<StgValue><ssdm name=""/></StgValue>
</bind>
</comp>

<comp id="246" class="1001" name="const_246">
<pin_list>
<pin id="247" dir="1" index="0" bw="1" slack="0"/>
</pin_list>
<bind>
<StgValue><ssdm name=""/></StgValue>
</bind>
</comp>

<comp id="248" class="1001" name="const_248">
<pin_list>
<pin id="249" dir="1" index="0" bw="1" slack="0"/>
</pin_list>
<bind>
<StgValue><ssdm name=""/></StgValue>
</bind>
</comp>

<comp id="250" class="1001" name="const_250">
<pin_list>
<pin id="251" dir="1" index="0" bw="1" slack="0"/>
</pin_list>
<bind>
<StgValue><ssdm name=""/></StgValue>
</bind>
</comp>

<comp id="252" class="1001" name="const_252">
<pin_list>
<pin id="253" dir="1" index="0" bw="1" slack="0"/>
</pin_list>
<bind>
<StgValue><ssdm name=""/></StgValue>
</bind>
</comp>

<comp id="254" class="1001" name="const_254">
<pin_list>
<pin id="255" dir="1" index="0" bw="1" slack="2147483647"/>
</pin_list>
<bind>
<StgValue><ssdm name="_ssdm_op_SpecInterface"/></StgValue>
</bind>
</comp>

<comp id="256" class="1001" name="const_256">
<pin_list>
<pin id="257" dir="1" index="0" bw="1" slack="2147483647"/>
</pin_list>
<bind>
<StgValue><ssdm name="empty_0"/></StgValue>
</bind>
</comp>

<comp id="258" class="1001" name="const_258">
<pin_list>
<pin id="259" dir="1" index="0" bw="1" slack="2147483647"/>
</pin_list>
<bind>
<StgValue><ssdm name=""/></StgValue>
</bind>
</comp>

<comp id="260" class="1001" name="const_260">
<pin_list>
<pin id="261" dir="1" index="0" bw="1" slack="2147483647"/>
</pin_list>
<bind>
<StgValue><ssdm name="empty_7"/></StgValue>
</bind>
</comp>

<comp id="262" class="1001" name="const_262">
<pin_list>
<pin id="263" dir="1" index="0" bw="1" slack="2147483647"/>
</pin_list>
<bind>
<StgValue><ssdm name=""/></StgValue>
</bind>
</comp>

<comp id="264" class="1001" name="const_264">
<pin_list>
<pin id="265" dir="1" index="0" bw="1" slack="2147483647"/>
</pin_list>
<bind>
<StgValue><ssdm name="_ssdm_op_SpecResourceLimit"/></StgValue>
</bind>
</comp>

<comp id="266" class="1001" name="const_266">
<pin_list>
<pin id="267" dir="1" index="0" bw="1" slack="2147483647"/>
</pin_list>
<bind>
<StgValue><ssdm name=""/></StgValue>
</bind>
</comp>

<comp id="268" class="1001" name="const_268">
<pin_list>
<pin id="269" dir="1" index="0" bw="1" slack="2147483647"/>
</pin_list>
<bind>
<StgValue><ssdm name="empty_11"/></StgValue>
</bind>
</comp>

<comp id="270" class="1001" name="const_270">
<pin_list>
<pin id="271" dir="1" index="0" bw="1" slack="0"/>
</pin_list>
<bind>
<StgValue><ssdm name=""/></StgValue>
</bind>
</comp>

<comp id="272" class="1001" name="const_272">
<pin_list>
<pin id="273" dir="1" index="0" bw="1" slack="0"/>
</pin_list>
<bind>
<StgValue><ssdm name="_ssdm_op_PartSelect.i16.i26.i32.i32"/></StgValue>
</bind>
</comp>

<comp id="274" class="1001" name="const_274">
<pin_list>
<pin id="275" dir="1" index="0" bw="1" slack="0"/>
</pin_list>
<bind>
<StgValue><ssdm name=""/></StgValue>
</bind>
</comp>

<comp id="276" class="1001" name="const_276">
<pin_list>
<pin id="277" dir="1" index="0" bw="1" slack="0"/>
</pin_list>
<bind>
<StgValue><ssdm name=""/></StgValue>
</bind>
</comp>

<comp id="278" class="1001" name="const_278">
<pin_list>
<pin id="279" dir="1" index="0" bw="1" slack="0"/>
</pin_list>
<bind>
<StgValue><ssdm name=""/></StgValue>
</bind>
</comp>

<comp id="280" class="1001" name="const_280">
<pin_list>
<pin id="281" dir="1" index="0" bw="1" slack="0"/>
</pin_list>
<bind>
<StgValue><ssdm name=""/></StgValue>
</bind>
</comp>

<comp id="282" class="1001" name="const_282">
<pin_list>
<pin id="283" dir="1" index="0" bw="1" slack="0"/>
</pin_list>
<bind>
<StgValue><ssdm name=""/></StgValue>
</bind>
</comp>

<comp id="284" class="1001" name="const_284">
<pin_list>
<pin id="285" dir="1" index="0" bw="1" slack="0"/>
</pin_list>
<bind>
<StgValue><ssdm name=""/></StgValue>
</bind>
</comp>

<comp id="286" class="1001" name="const_286">
<pin_list>
<pin id="287" dir="1" index="0" bw="1" slack="0"/>
</pin_list>
<bind>
<StgValue><ssdm name=""/></StgValue>
</bind>
</comp>

<comp id="288" class="1001" name="const_288">
<pin_list>
<pin id="289" dir="1" index="0" bw="1" slack="0"/>
</pin_list>
<bind>
<StgValue><ssdm name=""/></StgValue>
</bind>
</comp>

<comp id="290" class="1001" name="const_290">
<pin_list>
<pin id="291" dir="1" index="0" bw="1" slack="0"/>
</pin_list>
<bind>
<StgValue><ssdm name=""/></StgValue>
</bind>
</comp>

<comp id="292" class="1001" name="const_292">
<pin_list>
<pin id="293" dir="1" index="0" bw="1" slack="0"/>
</pin_list>
<bind>
<StgValue><ssdm name=""/></StgValue>
</bind>
</comp>

<comp id="294" class="1001" name="const_294">
<pin_list>
<pin id="295" dir="1" index="0" bw="1" slack="0"/>
</pin_list>
<bind>
<StgValue><ssdm name=""/></StgValue>
</bind>
</comp>

<comp id="296" class="1001" name="const_296">
<pin_list>
<pin id="297" dir="1" index="0" bw="1" slack="0"/>
</pin_list>
<bind>
<StgValue><ssdm name=""/></StgValue>
</bind>
</comp>

<comp id="298" class="1001" name="const_298">
<pin_list>
<pin id="299" dir="1" index="0" bw="1" slack="0"/>
</pin_list>
<bind>
<StgValue><ssdm name=""/></StgValue>
</bind>
</comp>

<comp id="300" class="1001" name="const_300">
<pin_list>
<pin id="301" dir="1" index="0" bw="1" slack="0"/>
</pin_list>
<bind>
<StgValue><ssdm name=""/></StgValue>
</bind>
</comp>

<comp id="302" class="1001" name="const_302">
<pin_list>
<pin id="303" dir="1" index="0" bw="1" slack="0"/>
</pin_list>
<bind>
<StgValue><ssdm name=""/></StgValue>
</bind>
</comp>

<comp id="304" class="1001" name="const_304">
<pin_list>
<pin id="305" dir="1" index="0" bw="1" slack="0"/>
</pin_list>
<bind>
<StgValue><ssdm name=""/></StgValue>
</bind>
</comp>

<comp id="306" class="1001" name="const_306">
<pin_list>
<pin id="307" dir="1" index="0" bw="1" slack="0"/>
</pin_list>
<bind>
<StgValue><ssdm name=""/></StgValue>
</bind>
</comp>

<comp id="308" class="1001" name="const_308">
<pin_list>
<pin id="309" dir="1" index="0" bw="1" slack="0"/>
</pin_list>
<bind>
<StgValue><ssdm name=""/></StgValue>
</bind>
</comp>

<comp id="310" class="1001" name="const_310">
<pin_list>
<pin id="311" dir="1" index="0" bw="1" slack="0"/>
</pin_list>
<bind>
<StgValue><ssdm name=""/></StgValue>
</bind>
</comp>

<comp id="312" class="1001" name="const_312">
<pin_list>
<pin id="313" dir="1" index="0" bw="1" slack="0"/>
</pin_list>
<bind>
<StgValue><ssdm name=""/></StgValue>
</bind>
</comp>

<comp id="314" class="1001" name="const_314">
<pin_list>
<pin id="315" dir="1" index="0" bw="1" slack="0"/>
</pin_list>
<bind>
<StgValue><ssdm name=""/></StgValue>
</bind>
</comp>

<comp id="316" class="1001" name="const_316">
<pin_list>
<pin id="317" dir="1" index="0" bw="1" slack="0"/>
</pin_list>
<bind>
<StgValue><ssdm name=""/></StgValue>
</bind>
</comp>

<comp id="318" class="1001" name="const_318">
<pin_list>
<pin id="319" dir="1" index="0" bw="1" slack="0"/>
</pin_list>
<bind>
<StgValue><ssdm name=""/></StgValue>
</bind>
</comp>

<comp id="320" class="1001" name="const_320">
<pin_list>
<pin id="321" dir="1" index="0" bw="1" slack="0"/>
</pin_list>
<bind>
<StgValue><ssdm name=""/></StgValue>
</bind>
</comp>

<comp id="322" class="1001" name="const_322">
<pin_list>
<pin id="323" dir="1" index="0" bw="1" slack="0"/>
</pin_list>
<bind>
<StgValue><ssdm name=""/></StgValue>
</bind>
</comp>

<comp id="324" class="1001" name="const_324">
<pin_list>
<pin id="325" dir="1" index="0" bw="1" slack="0"/>
</pin_list>
<bind>
<StgValue><ssdm name=""/></StgValue>
</bind>
</comp>

<comp id="326" class="1001" name="const_326">
<pin_list>
<pin id="327" dir="1" index="0" bw="1" slack="0"/>
</pin_list>
<bind>
<StgValue><ssdm name=""/></StgValue>
</bind>
</comp>

<comp id="328" class="1001" name="const_328">
<pin_list>
<pin id="329" dir="1" index="0" bw="1" slack="0"/>
</pin_list>
<bind>
<StgValue><ssdm name=""/></StgValue>
</bind>
</comp>

<comp id="330" class="1001" name="const_330">
<pin_list>
<pin id="331" dir="1" index="0" bw="1" slack="0"/>
</pin_list>
<bind>
<StgValue><ssdm name=""/></StgValue>
</bind>
</comp>

<comp id="332" class="1001" name="const_332">
<pin_list>
<pin id="333" dir="1" index="0" bw="1" slack="0"/>
</pin_list>
<bind>
<StgValue><ssdm name=""/></StgValue>
</bind>
</comp>

<comp id="334" class="1001" name="const_334">
<pin_list>
<pin id="335" dir="1" index="0" bw="1" slack="0"/>
</pin_list>
<bind>
<StgValue><ssdm name=""/></StgValue>
</bind>
</comp>

<comp id="336" class="1001" name="const_336">
<pin_list>
<pin id="337" dir="1" index="0" bw="1" slack="0"/>
</pin_list>
<bind>
<StgValue><ssdm name=""/></StgValue>
</bind>
</comp>

<comp id="338" class="1001" name="const_338">
<pin_list>
<pin id="339" dir="1" index="0" bw="1" slack="0"/>
</pin_list>
<bind>
<StgValue><ssdm name=""/></StgValue>
</bind>
</comp>

<comp id="340" class="1001" name="const_340">
<pin_list>
<pin id="341" dir="1" index="0" bw="1" slack="0"/>
</pin_list>
<bind>
<StgValue><ssdm name=""/></StgValue>
</bind>
</comp>

<comp id="342" class="1001" name="const_342">
<pin_list>
<pin id="343" dir="1" index="0" bw="1" slack="0"/>
</pin_list>
<bind>
<StgValue><ssdm name=""/></StgValue>
</bind>
</comp>

<comp id="344" class="1001" name="const_344">
<pin_list>
<pin id="345" dir="1" index="0" bw="1" slack="0"/>
</pin_list>
<bind>
<StgValue><ssdm name=""/></StgValue>
</bind>
</comp>

<comp id="346" class="1001" name="const_346">
<pin_list>
<pin id="347" dir="1" index="0" bw="1" slack="0"/>
</pin_list>
<bind>
<StgValue><ssdm name=""/></StgValue>
</bind>
</comp>

<comp id="348" class="1001" name="const_348">
<pin_list>
<pin id="349" dir="1" index="0" bw="1" slack="0"/>
</pin_list>
<bind>
<StgValue><ssdm name=""/></StgValue>
</bind>
</comp>

<comp id="350" class="1001" name="const_350">
<pin_list>
<pin id="351" dir="1" index="0" bw="1" slack="0"/>
</pin_list>
<bind>
<StgValue><ssdm name=""/></StgValue>
</bind>
</comp>

<comp id="352" class="1001" name="const_352">
<pin_list>
<pin id="353" dir="1" index="0" bw="1" slack="0"/>
</pin_list>
<bind>
<StgValue><ssdm name=""/></StgValue>
</bind>
</comp>

<comp id="354" class="1001" name="const_354">
<pin_list>
<pin id="355" dir="1" index="0" bw="1" slack="0"/>
</pin_list>
<bind>
<StgValue><ssdm name=""/></StgValue>
</bind>
</comp>

<comp id="356" class="1001" name="const_356">
<pin_list>
<pin id="357" dir="1" index="0" bw="1" slack="0"/>
</pin_list>
<bind>
<StgValue><ssdm name=""/></StgValue>
</bind>
</comp>

<comp id="358" class="1001" name="const_358">
<pin_list>
<pin id="359" dir="1" index="0" bw="1" slack="0"/>
</pin_list>
<bind>
<StgValue><ssdm name="_ssdm_op_BitConcatenate.i672.i16.i16.i16.i16.i16.i16.i16.i16.i16.i16.i16.i16.i16.i16.i16.i16.i16.i16.i16.i16.i16.i16.i16.i16.i16.i16.i16.i16.i16.i16.i16.i16.i16.i16.i16.i16.i16.i16.i16.i16.i16.i16"/></StgValue>
</bind>
</comp>

<comp id="360" class="1001" name="const_360">
<pin_list>
<pin id="361" dir="1" index="0" bw="1" slack="0"/>
</pin_list>
<bind>
<StgValue><ssdm name="_ssdm_op_Write.ap_fifo.volatile.i672P0A"/></StgValue>
</bind>
</comp>

<comp id="362" class="1004" name="layer15_out_read_read_fu_362">
<pin_list>
<pin id="363" dir="0" index="0" bw="672" slack="0"/>
<pin id="364" dir="0" index="1" bw="672" slack="0"/>
<pin id="365" dir="1" index="2" bw="672" slack="0"/>
</pin_list>
<bind>
<opcode="read(1150) " fcode="read"/>
<opset="layer15_out_read/1 "/>
</bind>
</comp>

<comp id="368" class="1004" name="write_ln46_write_fu_368">
<pin_list>
<pin id="369" dir="0" index="0" bw="0" slack="0"/>
<pin id="370" dir="0" index="1" bw="672" slack="0"/>
<pin id="371" dir="0" index="2" bw="672" slack="0"/>
<pin id="372" dir="1" index="3" bw="0" slack="2147483647"/>
</pin_list>
<bind>
<opcode="write(1151) " fcode="write"/>
<opset="write_ln46/2 "/>
</bind>
</comp>

<comp id="375" class="1004" name="mul_ln1347_98_fu_375">
<pin_list>
<pin id="7617" dir="0" index="0" bw="16" slack="0"/>
<pin id="7618" dir="0" index="1" bw="12" slack="0"/>
<pin id="7619" dir="1" index="2" bw="26" slack="1"/>
</pin_list>
<bind>
<opcode="mul(12) " fcode="mul"/>
<opset="mul_ln1347_98/1 "/>
</bind>
</comp>

<comp id="376" class="1004" name="mul_ln1347_86_fu_376">
<pin_list>
<pin id="7569" dir="0" index="0" bw="16" slack="0"/>
<pin id="7570" dir="0" index="1" bw="12" slack="0"/>
<pin id="7571" dir="1" index="2" bw="26" slack="1"/>
</pin_list>
<bind>
<opcode="mul(12) " fcode="mul"/>
<opset="mul_ln1347_86/1 "/>
</bind>
</comp>

<comp id="377" class="1004" name="mul_ln1347_71_fu_377">
<pin_list>
<pin id="7509" dir="0" index="0" bw="16" slack="0"/>
<pin id="7510" dir="0" index="1" bw="12" slack="0"/>
<pin id="7511" dir="1" index="2" bw="26" slack="1"/>
</pin_list>
<bind>
<opcode="mul(12) " fcode="mul"/>
<opset="mul_ln1347_71/1 "/>
</bind>
</comp>

<comp id="378" class="1004" name="mul_ln1347_81_fu_378">
<pin_list>
<pin id="7549" dir="0" index="0" bw="16" slack="0"/>
<pin id="7550" dir="0" index="1" bw="12" slack="0"/>
<pin id="7551" dir="1" index="2" bw="26" slack="1"/>
</pin_list>
<bind>
<opcode="mul(12) " fcode="mul"/>
<opset="mul_ln1347_81/1 "/>
</bind>
</comp>

<comp id="379" class="1004" name="mul_ln1347_72_fu_379">
<pin_list>
<pin id="7513" dir="0" index="0" bw="16" slack="0"/>
<pin id="7514" dir="0" index="1" bw="12" slack="0"/>
<pin id="7515" dir="1" index="2" bw="26" slack="1"/>
</pin_list>
<bind>
<opcode="mul(12) " fcode="mul"/>
<opset="mul_ln1347_72/1 "/>
</bind>
</comp>

<comp id="380" class="1004" name="mul_ln1347_79_fu_380">
<pin_list>
<pin id="7541" dir="0" index="0" bw="16" slack="0"/>
<pin id="7542" dir="0" index="1" bw="12" slack="0"/>
<pin id="7543" dir="1" index="2" bw="26" slack="1"/>
</pin_list>
<bind>
<opcode="mul(12) " fcode="mul"/>
<opset="mul_ln1347_79/1 "/>
</bind>
</comp>

<comp id="381" class="1004" name="mul_ln1347_99_fu_381">
<pin_list>
<pin id="7621" dir="0" index="0" bw="16" slack="0"/>
<pin id="7622" dir="0" index="1" bw="12" slack="0"/>
<pin id="7623" dir="1" index="2" bw="26" slack="1"/>
</pin_list>
<bind>
<opcode="mul(12) " fcode="mul"/>
<opset="mul_ln1347_99/1 "/>
</bind>
</comp>

<comp id="382" class="1004" name="mul_ln1347_73_fu_382">
<pin_list>
<pin id="7517" dir="0" index="0" bw="16" slack="0"/>
<pin id="7518" dir="0" index="1" bw="12" slack="0"/>
<pin id="7519" dir="1" index="2" bw="26" slack="1"/>
</pin_list>
<bind>
<opcode="mul(12) " fcode="mul"/>
<opset="mul_ln1347_73/1 "/>
</bind>
</comp>

<comp id="383" class="1004" name="mul_ln1347_94_fu_383">
<pin_list>
<pin id="7601" dir="0" index="0" bw="16" slack="0"/>
<pin id="7602" dir="0" index="1" bw="12" slack="0"/>
<pin id="7603" dir="1" index="2" bw="26" slack="1"/>
</pin_list>
<bind>
<opcode="mul(12) " fcode="mul"/>
<opset="mul_ln1347_94/1 "/>
</bind>
</comp>

<comp id="384" class="1004" name="mul_ln1347_100_fu_384">
<pin_list>
<pin id="7625" dir="0" index="0" bw="16" slack="0"/>
<pin id="7626" dir="0" index="1" bw="12" slack="0"/>
<pin id="7627" dir="1" index="2" bw="26" slack="1"/>
</pin_list>
<bind>
<opcode="mul(12) " fcode="mul"/>
<opset="mul_ln1347_100/1 "/>
</bind>
</comp>

<comp id="385" class="1004" name="mul_ln1347_63_fu_385">
<pin_list>
<pin id="7477" dir="0" index="0" bw="16" slack="0"/>
<pin id="7478" dir="0" index="1" bw="12" slack="0"/>
<pin id="7479" dir="1" index="2" bw="26" slack="1"/>
</pin_list>
<bind>
<opcode="mul(12) " fcode="mul"/>
<opset="mul_ln1347_63/1 "/>
</bind>
</comp>

<comp id="386" class="1004" name="mul_ln1347_76_fu_386">
<pin_list>
<pin id="7529" dir="0" index="0" bw="16" slack="0"/>
<pin id="7530" dir="0" index="1" bw="12" slack="0"/>
<pin id="7531" dir="1" index="2" bw="26" slack="1"/>
</pin_list>
<bind>
<opcode="mul(12) " fcode="mul"/>
<opset="mul_ln1347_76/1 "/>
</bind>
</comp>

<comp id="387" class="1004" name="mul_ln1347_65_fu_387">
<pin_list>
<pin id="7485" dir="0" index="0" bw="16" slack="0"/>
<pin id="7486" dir="0" index="1" bw="12" slack="0"/>
<pin id="7487" dir="1" index="2" bw="26" slack="1"/>
</pin_list>
<bind>
<opcode="mul(12) " fcode="mul"/>
<opset="mul_ln1347_65/1 "/>
</bind>
</comp>

<comp id="388" class="1004" name="mul_ln1347_64_fu_388">
<pin_list>
<pin id="7481" dir="0" index="0" bw="16" slack="0"/>
<pin id="7482" dir="0" index="1" bw="12" slack="0"/>
<pin id="7483" dir="1" index="2" bw="26" slack="1"/>
</pin_list>
<bind>
<opcode="mul(12) " fcode="mul"/>
<opset="mul_ln1347_64/1 "/>
</bind>
</comp>

<comp id="389" class="1004" name="mul_ln1347_fu_389">
<pin_list>
<pin id="7473" dir="0" index="0" bw="16" slack="0"/>
<pin id="7474" dir="0" index="1" bw="12" slack="0"/>
<pin id="7475" dir="1" index="2" bw="26" slack="1"/>
</pin_list>
<bind>
<opcode="mul(12) " fcode="mul"/>
<opset="mul_ln1347/1 "/>
</bind>
</comp>

<comp id="390" class="1004" name="mul_ln1347_89_fu_390">
<pin_list>
<pin id="7581" dir="0" index="0" bw="16" slack="0"/>
<pin id="7582" dir="0" index="1" bw="12" slack="0"/>
<pin id="7583" dir="1" index="2" bw="26" slack="1"/>
</pin_list>
<bind>
<opcode="mul(12) " fcode="mul"/>
<opset="mul_ln1347_89/1 "/>
</bind>
</comp>

<comp id="391" class="1004" name="mul_ln1347_78_fu_391">
<pin_list>
<pin id="7537" dir="0" index="0" bw="16" slack="0"/>
<pin id="7538" dir="0" index="1" bw="12" slack="0"/>
<pin id="7539" dir="1" index="2" bw="26" slack="1"/>
</pin_list>
<bind>
<opcode="mul(12) " fcode="mul"/>
<opset="mul_ln1347_78/1 "/>
</bind>
</comp>

<comp id="392" class="1004" name="mul_ln1347_68_fu_392">
<pin_list>
<pin id="7497" dir="0" index="0" bw="16" slack="0"/>
<pin id="7498" dir="0" index="1" bw="12" slack="0"/>
<pin id="7499" dir="1" index="2" bw="26" slack="1"/>
</pin_list>
<bind>
<opcode="mul(12) " fcode="mul"/>
<opset="mul_ln1347_68/1 "/>
</bind>
</comp>

<comp id="393" class="1004" name="mul_ln1347_74_fu_393">
<pin_list>
<pin id="7521" dir="0" index="0" bw="16" slack="0"/>
<pin id="7522" dir="0" index="1" bw="12" slack="0"/>
<pin id="7523" dir="1" index="2" bw="26" slack="1"/>
</pin_list>
<bind>
<opcode="mul(12) " fcode="mul"/>
<opset="mul_ln1347_74/1 "/>
</bind>
</comp>

<comp id="394" class="1004" name="mul_ln1347_93_fu_394">
<pin_list>
<pin id="7597" dir="0" index="0" bw="16" slack="0"/>
<pin id="7598" dir="0" index="1" bw="12" slack="0"/>
<pin id="7599" dir="1" index="2" bw="26" slack="1"/>
</pin_list>
<bind>
<opcode="mul(12) " fcode="mul"/>
<opset="mul_ln1347_93/1 "/>
</bind>
</comp>

<comp id="395" class="1004" name="mul_ln1347_82_fu_395">
<pin_list>
<pin id="7553" dir="0" index="0" bw="16" slack="0"/>
<pin id="7554" dir="0" index="1" bw="13" slack="0"/>
<pin id="7555" dir="1" index="2" bw="26" slack="1"/>
</pin_list>
<bind>
<opcode="mul(12) " fcode="mul"/>
<opset="mul_ln1347_82/1 "/>
</bind>
</comp>

<comp id="396" class="1004" name="mul_ln1347_88_fu_396">
<pin_list>
<pin id="7577" dir="0" index="0" bw="16" slack="0"/>
<pin id="7578" dir="0" index="1" bw="12" slack="0"/>
<pin id="7579" dir="1" index="2" bw="26" slack="1"/>
</pin_list>
<bind>
<opcode="mul(12) " fcode="mul"/>
<opset="mul_ln1347_88/1 "/>
</bind>
</comp>

<comp id="397" class="1004" name="mul_ln1347_95_fu_397">
<pin_list>
<pin id="7605" dir="0" index="0" bw="16" slack="0"/>
<pin id="7606" dir="0" index="1" bw="12" slack="0"/>
<pin id="7607" dir="1" index="2" bw="26" slack="1"/>
</pin_list>
<bind>
<opcode="mul(12) " fcode="mul"/>
<opset="mul_ln1347_95/1 "/>
</bind>
</comp>

<comp id="398" class="1004" name="mul_ln1347_83_fu_398">
<pin_list>
<pin id="7557" dir="0" index="0" bw="16" slack="0"/>
<pin id="7558" dir="0" index="1" bw="12" slack="0"/>
<pin id="7559" dir="1" index="2" bw="26" slack="1"/>
</pin_list>
<bind>
<opcode="mul(12) " fcode="mul"/>
<opset="mul_ln1347_83/1 "/>
</bind>
</comp>

<comp id="399" class="1004" name="mul_ln1347_87_fu_399">
<pin_list>
<pin id="7573" dir="0" index="0" bw="16" slack="0"/>
<pin id="7574" dir="0" index="1" bw="12" slack="0"/>
<pin id="7575" dir="1" index="2" bw="26" slack="1"/>
</pin_list>
<bind>
<opcode="mul(12) " fcode="mul"/>
<opset="mul_ln1347_87/1 "/>
</bind>
</comp>

<comp id="400" class="1004" name="mul_ln1347_92_fu_400">
<pin_list>
<pin id="7593" dir="0" index="0" bw="16" slack="0"/>
<pin id="7594" dir="0" index="1" bw="12" slack="0"/>
<pin id="7595" dir="1" index="2" bw="26" slack="1"/>
</pin_list>
<bind>
<opcode="mul(12) " fcode="mul"/>
<opset="mul_ln1347_92/1 "/>
</bind>
</comp>

<comp id="401" class="1004" name="mul_ln1347_70_fu_401">
<pin_list>
<pin id="7505" dir="0" index="0" bw="16" slack="0"/>
<pin id="7506" dir="0" index="1" bw="12" slack="0"/>
<pin id="7507" dir="1" index="2" bw="26" slack="1"/>
</pin_list>
<bind>
<opcode="mul(12) " fcode="mul"/>
<opset="mul_ln1347_70/1 "/>
</bind>
</comp>

<comp id="402" class="1004" name="mul_ln1347_66_fu_402">
<pin_list>
<pin id="7489" dir="0" index="0" bw="16" slack="0"/>
<pin id="7490" dir="0" index="1" bw="12" slack="0"/>
<pin id="7491" dir="1" index="2" bw="26" slack="1"/>
</pin_list>
<bind>
<opcode="mul(12) " fcode="mul"/>
<opset="mul_ln1347_66/1 "/>
</bind>
</comp>

<comp id="403" class="1004" name="mul_ln1347_90_fu_403">
<pin_list>
<pin id="7585" dir="0" index="0" bw="16" slack="0"/>
<pin id="7586" dir="0" index="1" bw="12" slack="0"/>
<pin id="7587" dir="1" index="2" bw="26" slack="1"/>
</pin_list>
<bind>
<opcode="mul(12) " fcode="mul"/>
<opset="mul_ln1347_90/1 "/>
</bind>
</comp>

<comp id="404" class="1004" name="mul_ln1347_80_fu_404">
<pin_list>
<pin id="7545" dir="0" index="0" bw="16" slack="0"/>
<pin id="7546" dir="0" index="1" bw="12" slack="0"/>
<pin id="7547" dir="1" index="2" bw="26" slack="1"/>
</pin_list>
<bind>
<opcode="mul(12) " fcode="mul"/>
<opset="mul_ln1347_80/1 "/>
</bind>
</comp>

<comp id="405" class="1004" name="mul_ln1347_85_fu_405">
<pin_list>
<pin id="7565" dir="0" index="0" bw="16" slack="0"/>
<pin id="7566" dir="0" index="1" bw="12" slack="0"/>
<pin id="7567" dir="1" index="2" bw="26" slack="1"/>
</pin_list>
<bind>
<opcode="mul(12) " fcode="mul"/>
<opset="mul_ln1347_85/1 "/>
</bind>
</comp>

<comp id="406" class="1004" name="mul_ln1347_75_fu_406">
<pin_list>
<pin id="7525" dir="0" index="0" bw="16" slack="0"/>
<pin id="7526" dir="0" index="1" bw="12" slack="0"/>
<pin id="7527" dir="1" index="2" bw="26" slack="1"/>
</pin_list>
<bind>
<opcode="mul(12) " fcode="mul"/>
<opset="mul_ln1347_75/1 "/>
</bind>
</comp>

<comp id="407" class="1004" name="mul_ln1347_84_fu_407">
<pin_list>
<pin id="7561" dir="0" index="0" bw="16" slack="0"/>
<pin id="7562" dir="0" index="1" bw="12" slack="0"/>
<pin id="7563" dir="1" index="2" bw="26" slack="1"/>
</pin_list>
<bind>
<opcode="mul(12) " fcode="mul"/>
<opset="mul_ln1347_84/1 "/>
</bind>
</comp>

<comp id="408" class="1004" name="mul_ln1347_69_fu_408">
<pin_list>
<pin id="7501" dir="0" index="0" bw="16" slack="0"/>
<pin id="7502" dir="0" index="1" bw="12" slack="0"/>
<pin id="7503" dir="1" index="2" bw="26" slack="1"/>
</pin_list>
<bind>
<opcode="mul(12) " fcode="mul"/>
<opset="mul_ln1347_69/1 "/>
</bind>
</comp>

<comp id="409" class="1004" name="mul_ln1347_101_fu_409">
<pin_list>
<pin id="7629" dir="0" index="0" bw="16" slack="0"/>
<pin id="7630" dir="0" index="1" bw="12" slack="0"/>
<pin id="7631" dir="1" index="2" bw="26" slack="1"/>
</pin_list>
<bind>
<opcode="mul(12) " fcode="mul"/>
<opset="mul_ln1347_101/1 "/>
</bind>
</comp>

<comp id="410" class="1004" name="mul_ln1347_102_fu_410">
<pin_list>
<pin id="7633" dir="0" index="0" bw="16" slack="0"/>
<pin id="7634" dir="0" index="1" bw="12" slack="0"/>
<pin id="7635" dir="1" index="2" bw="26" slack="1"/>
</pin_list>
<bind>
<opcode="mul(12) " fcode="mul"/>
<opset="mul_ln1347_102/1 "/>
</bind>
</comp>

<comp id="411" class="1004" name="mul_ln1347_96_fu_411">
<pin_list>
<pin id="7609" dir="0" index="0" bw="16" slack="0"/>
<pin id="7610" dir="0" index="1" bw="12" slack="0"/>
<pin id="7611" dir="1" index="2" bw="26" slack="1"/>
</pin_list>
<bind>
<opcode="mul(12) " fcode="mul"/>
<opset="mul_ln1347_96/1 "/>
</bind>
</comp>

<comp id="412" class="1004" name="mul_ln1347_97_fu_412">
<pin_list>
<pin id="7613" dir="0" index="0" bw="16" slack="0"/>
<pin id="7614" dir="0" index="1" bw="12" slack="0"/>
<pin id="7615" dir="1" index="2" bw="26" slack="1"/>
</pin_list>
<bind>
<opcode="mul(12) " fcode="mul"/>
<opset="mul_ln1347_97/1 "/>
</bind>
</comp>

<comp id="413" class="1004" name="mul_ln1347_103_fu_413">
<pin_list>
<pin id="7637" dir="0" index="0" bw="16" slack="0"/>
<pin id="7638" dir="0" index="1" bw="12" slack="0"/>
<pin id="7639" dir="1" index="2" bw="26" slack="1"/>
</pin_list>
<bind>
<opcode="mul(12) " fcode="mul"/>
<opset="mul_ln1347_103/1 "/>
</bind>
</comp>

<comp id="414" class="1004" name="mul_ln1347_77_fu_414">
<pin_list>
<pin id="7533" dir="0" index="0" bw="16" slack="0"/>
<pin id="7534" dir="0" index="1" bw="12" slack="0"/>
<pin id="7535" dir="1" index="2" bw="26" slack="1"/>
</pin_list>
<bind>
<opcode="mul(12) " fcode="mul"/>
<opset="mul_ln1347_77/1 "/>
</bind>
</comp>

<comp id="415" class="1004" name="mul_ln1347_67_fu_415">
<pin_list>
<pin id="7493" dir="0" index="0" bw="16" slack="0"/>
<pin id="7494" dir="0" index="1" bw="12" slack="0"/>
<pin id="7495" dir="1" index="2" bw="26" slack="1"/>
</pin_list>
<bind>
<opcode="mul(12) " fcode="mul"/>
<opset="mul_ln1347_67/1 "/>
</bind>
</comp>

<comp id="416" class="1004" name="mul_ln1347_91_fu_416">
<pin_list>
<pin id="7589" dir="0" index="0" bw="16" slack="0"/>
<pin id="7590" dir="0" index="1" bw="12" slack="0"/>
<pin id="7591" dir="1" index="2" bw="26" slack="1"/>
</pin_list>
<bind>
<opcode="mul(12) " fcode="mul"/>
<opset="mul_ln1347_91/1 "/>
</bind>
</comp>

<comp id="7641" class="1005" name="mul_ln1347_reg_7641">
<pin_list>
<pin id="7642" dir="0" index="0" bw="26" slack="1"/>
<pin id="7643" dir="1" index="1" bw="26" slack="1"/>
</pin_list>
<bind>
<opset="mul_ln1347 "/>
</bind>
</comp>

<comp id="7645" class="1005" name="mul_ln1347_63_reg_7645">
<pin_list>
<pin id="7646" dir="0" index="0" bw="26" slack="1"/>
<pin id="7647" dir="1" index="1" bw="26" slack="1"/>
</pin_list>
<bind>
<opset="mul_ln1347_63 "/>
</bind>
</comp>

<comp id="7649" class="1005" name="mul_ln1347_64_reg_7649">
<pin_list>
<pin id="7650" dir="0" index="0" bw="26" slack="1"/>
<pin id="7651" dir="1" index="1" bw="26" slack="1"/>
</pin_list>
<bind>
<opset="mul_ln1347_64 "/>
</bind>
</comp>

<comp id="7653" class="1005" name="mul_ln1347_65_reg_7653">
<pin_list>
<pin id="7654" dir="0" index="0" bw="26" slack="1"/>
<pin id="7655" dir="1" index="1" bw="26" slack="1"/>
</pin_list>
<bind>
<opset="mul_ln1347_65 "/>
</bind>
</comp>

<comp id="7657" class="1005" name="mul_ln1347_66_reg_7657">
<pin_list>
<pin id="7658" dir="0" index="0" bw="26" slack="1"/>
<pin id="7659" dir="1" index="1" bw="26" slack="1"/>
</pin_list>
<bind>
<opset="mul_ln1347_66 "/>
</bind>
</comp>

<comp id="7661" class="1005" name="mul_ln1347_67_reg_7661">
<pin_list>
<pin id="7662" dir="0" index="0" bw="26" slack="1"/>
<pin id="7663" dir="1" index="1" bw="26" slack="1"/>
</pin_list>
<bind>
<opset="mul_ln1347_67 "/>
</bind>
</comp>

<comp id="7665" class="1005" name="mul_ln1347_68_reg_7665">
<pin_list>
<pin id="7666" dir="0" index="0" bw="26" slack="1"/>
<pin id="7667" dir="1" index="1" bw="26" slack="1"/>
</pin_list>
<bind>
<opset="mul_ln1347_68 "/>
</bind>
</comp>

<comp id="7669" class="1005" name="mul_ln1347_69_reg_7669">
<pin_list>
<pin id="7670" dir="0" index="0" bw="26" slack="1"/>
<pin id="7671" dir="1" index="1" bw="26" slack="1"/>
</pin_list>
<bind>
<opset="mul_ln1347_69 "/>
</bind>
</comp>

<comp id="7673" class="1005" name="mul_ln1347_70_reg_7673">
<pin_list>
<pin id="7674" dir="0" index="0" bw="26" slack="1"/>
<pin id="7675" dir="1" index="1" bw="26" slack="1"/>
</pin_list>
<bind>
<opset="mul_ln1347_70 "/>
</bind>
</comp>

<comp id="7677" class="1005" name="mul_ln1347_71_reg_7677">
<pin_list>
<pin id="7678" dir="0" index="0" bw="26" slack="1"/>
<pin id="7679" dir="1" index="1" bw="26" slack="1"/>
</pin_list>
<bind>
<opset="mul_ln1347_71 "/>
</bind>
</comp>

<comp id="7681" class="1005" name="mul_ln1347_72_reg_7681">
<pin_list>
<pin id="7682" dir="0" index="0" bw="26" slack="1"/>
<pin id="7683" dir="1" index="1" bw="26" slack="1"/>
</pin_list>
<bind>
<opset="mul_ln1347_72 "/>
</bind>
</comp>

<comp id="7685" class="1005" name="mul_ln1347_73_reg_7685">
<pin_list>
<pin id="7686" dir="0" index="0" bw="26" slack="1"/>
<pin id="7687" dir="1" index="1" bw="26" slack="1"/>
</pin_list>
<bind>
<opset="mul_ln1347_73 "/>
</bind>
</comp>

<comp id="7689" class="1005" name="mul_ln1347_74_reg_7689">
<pin_list>
<pin id="7690" dir="0" index="0" bw="26" slack="1"/>
<pin id="7691" dir="1" index="1" bw="26" slack="1"/>
</pin_list>
<bind>
<opset="mul_ln1347_74 "/>
</bind>
</comp>

<comp id="7693" class="1005" name="mul_ln1347_75_reg_7693">
<pin_list>
<pin id="7694" dir="0" index="0" bw="26" slack="1"/>
<pin id="7695" dir="1" index="1" bw="26" slack="1"/>
</pin_list>
<bind>
<opset="mul_ln1347_75 "/>
</bind>
</comp>

<comp id="7697" class="1005" name="mul_ln1347_76_reg_7697">
<pin_list>
<pin id="7698" dir="0" index="0" bw="26" slack="1"/>
<pin id="7699" dir="1" index="1" bw="26" slack="1"/>
</pin_list>
<bind>
<opset="mul_ln1347_76 "/>
</bind>
</comp>

<comp id="7701" class="1005" name="mul_ln1347_77_reg_7701">
<pin_list>
<pin id="7702" dir="0" index="0" bw="26" slack="1"/>
<pin id="7703" dir="1" index="1" bw="26" slack="1"/>
</pin_list>
<bind>
<opset="mul_ln1347_77 "/>
</bind>
</comp>

<comp id="7705" class="1005" name="mul_ln1347_78_reg_7705">
<pin_list>
<pin id="7706" dir="0" index="0" bw="26" slack="1"/>
<pin id="7707" dir="1" index="1" bw="26" slack="1"/>
</pin_list>
<bind>
<opset="mul_ln1347_78 "/>
</bind>
</comp>

<comp id="7709" class="1005" name="mul_ln1347_79_reg_7709">
<pin_list>
<pin id="7710" dir="0" index="0" bw="26" slack="1"/>
<pin id="7711" dir="1" index="1" bw="26" slack="1"/>
</pin_list>
<bind>
<opset="mul_ln1347_79 "/>
</bind>
</comp>

<comp id="7713" class="1005" name="mul_ln1347_80_reg_7713">
<pin_list>
<pin id="7714" dir="0" index="0" bw="26" slack="1"/>
<pin id="7715" dir="1" index="1" bw="26" slack="1"/>
</pin_list>
<bind>
<opset="mul_ln1347_80 "/>
</bind>
</comp>

<comp id="7717" class="1005" name="mul_ln1347_81_reg_7717">
<pin_list>
<pin id="7718" dir="0" index="0" bw="26" slack="1"/>
<pin id="7719" dir="1" index="1" bw="26" slack="1"/>
</pin_list>
<bind>
<opset="mul_ln1347_81 "/>
</bind>
</comp>

<comp id="7721" class="1005" name="mul_ln1347_82_reg_7721">
<pin_list>
<pin id="7722" dir="0" index="0" bw="26" slack="1"/>
<pin id="7723" dir="1" index="1" bw="26" slack="1"/>
</pin_list>
<bind>
<opset="mul_ln1347_82 "/>
</bind>
</comp>

<comp id="7725" class="1005" name="mul_ln1347_83_reg_7725">
<pin_list>
<pin id="7726" dir="0" index="0" bw="26" slack="1"/>
<pin id="7727" dir="1" index="1" bw="26" slack="1"/>
</pin_list>
<bind>
<opset="mul_ln1347_83 "/>
</bind>
</comp>

<comp id="7729" class="1005" name="mul_ln1347_84_reg_7729">
<pin_list>
<pin id="7730" dir="0" index="0" bw="26" slack="1"/>
<pin id="7731" dir="1" index="1" bw="26" slack="1"/>
</pin_list>
<bind>
<opset="mul_ln1347_84 "/>
</bind>
</comp>

<comp id="7733" class="1005" name="mul_ln1347_85_reg_7733">
<pin_list>
<pin id="7734" dir="0" index="0" bw="26" slack="1"/>
<pin id="7735" dir="1" index="1" bw="26" slack="1"/>
</pin_list>
<bind>
<opset="mul_ln1347_85 "/>
</bind>
</comp>

<comp id="7737" class="1005" name="mul_ln1347_86_reg_7737">
<pin_list>
<pin id="7738" dir="0" index="0" bw="26" slack="1"/>
<pin id="7739" dir="1" index="1" bw="26" slack="1"/>
</pin_list>
<bind>
<opset="mul_ln1347_86 "/>
</bind>
</comp>

<comp id="7741" class="1005" name="mul_ln1347_87_reg_7741">
<pin_list>
<pin id="7742" dir="0" index="0" bw="26" slack="1"/>
<pin id="7743" dir="1" index="1" bw="26" slack="1"/>
</pin_list>
<bind>
<opset="mul_ln1347_87 "/>
</bind>
</comp>

<comp id="7745" class="1005" name="mul_ln1347_88_reg_7745">
<pin_list>
<pin id="7746" dir="0" index="0" bw="26" slack="1"/>
<pin id="7747" dir="1" index="1" bw="26" slack="1"/>
</pin_list>
<bind>
<opset="mul_ln1347_88 "/>
</bind>
</comp>

<comp id="7749" class="1005" name="mul_ln1347_89_reg_7749">
<pin_list>
<pin id="7750" dir="0" index="0" bw="26" slack="1"/>
<pin id="7751" dir="1" index="1" bw="26" slack="1"/>
</pin_list>
<bind>
<opset="mul_ln1347_89 "/>
</bind>
</comp>

<comp id="7753" class="1005" name="mul_ln1347_90_reg_7753">
<pin_list>
<pin id="7754" dir="0" index="0" bw="26" slack="1"/>
<pin id="7755" dir="1" index="1" bw="26" slack="1"/>
</pin_list>
<bind>
<opset="mul_ln1347_90 "/>
</bind>
</comp>

<comp id="7757" class="1005" name="mul_ln1347_91_reg_7757">
<pin_list>
<pin id="7758" dir="0" index="0" bw="26" slack="1"/>
<pin id="7759" dir="1" index="1" bw="26" slack="1"/>
</pin_list>
<bind>
<opset="mul_ln1347_91 "/>
</bind>
</comp>

<comp id="7761" class="1005" name="mul_ln1347_92_reg_7761">
<pin_list>
<pin id="7762" dir="0" index="0" bw="26" slack="1"/>
<pin id="7763" dir="1" index="1" bw="26" slack="1"/>
</pin_list>
<bind>
<opset="mul_ln1347_92 "/>
</bind>
</comp>

<comp id="7765" class="1005" name="mul_ln1347_93_reg_7765">
<pin_list>
<pin id="7766" dir="0" index="0" bw="26" slack="1"/>
<pin id="7767" dir="1" index="1" bw="26" slack="1"/>
</pin_list>
<bind>
<opset="mul_ln1347_93 "/>
</bind>
</comp>

<comp id="7769" class="1005" name="mul_ln1347_94_reg_7769">
<pin_list>
<pin id="7770" dir="0" index="0" bw="26" slack="1"/>
<pin id="7771" dir="1" index="1" bw="26" slack="1"/>
</pin_list>
<bind>
<opset="mul_ln1347_94 "/>
</bind>
</comp>

<comp id="7773" class="1005" name="mul_ln1347_95_reg_7773">
<pin_list>
<pin id="7774" dir="0" index="0" bw="26" slack="1"/>
<pin id="7775" dir="1" index="1" bw="26" slack="1"/>
</pin_list>
<bind>
<opset="mul_ln1347_95 "/>
</bind>
</comp>

<comp id="7777" class="1005" name="mul_ln1347_96_reg_7777">
<pin_list>
<pin id="7778" dir="0" index="0" bw="26" slack="1"/>
<pin id="7779" dir="1" index="1" bw="26" slack="1"/>
</pin_list>
<bind>
<opset="mul_ln1347_96 "/>
</bind>
</comp>

<comp id="7781" class="1005" name="mul_ln1347_97_reg_7781">
<pin_list>
<pin id="7782" dir="0" index="0" bw="26" slack="1"/>
<pin id="7783" dir="1" index="1" bw="26" slack="1"/>
</pin_list>
<bind>
<opset="mul_ln1347_97 "/>
</bind>
</comp>

<comp id="7785" class="1005" name="mul_ln1347_98_reg_7785">
<pin_list>
<pin id="7786" dir="0" index="0" bw="26" slack="1"/>
<pin id="7787" dir="1" index="1" bw="26" slack="1"/>
</pin_list>
<bind>
<opset="mul_ln1347_98 "/>
</bind>
</comp>

<comp id="7789" class="1005" name="mul_ln1347_99_reg_7789">
<pin_list>
<pin id="7790" dir="0" index="0" bw="26" slack="1"/>
<pin id="7791" dir="1" index="1" bw="26" slack="1"/>
</pin_list>
<bind>
<opset="mul_ln1347_99 "/>
</bind>
</comp>

<comp id="7793" class="1005" name="mul_ln1347_100_reg_7793">
<pin_list>
<pin id="7794" dir="0" index="0" bw="26" slack="1"/>
<pin id="7795" dir="1" index="1" bw="26" slack="1"/>
</pin_list>
<bind>
<opset="mul_ln1347_100 "/>
</bind>
</comp>

<comp id="7797" class="1005" name="mul_ln1347_101_reg_7797">
<pin_list>
<pin id="7798" dir="0" index="0" bw="26" slack="1"/>
<pin id="7799" dir="1" index="1" bw="26" slack="1"/>
</pin_list>
<bind>
<opset="mul_ln1347_101 "/>
</bind>
</comp>

<comp id="7801" class="1005" name="mul_ln1347_102_reg_7801">
<pin_list>
<pin id="7802" dir="0" index="0" bw="26" slack="1"/>
<pin id="7803" dir="1" index="1" bw="26" slack="1"/>
</pin_list>
<bind>
<opset="mul_ln1347_102 "/>
</bind>
</comp>

<comp id="7805" class="1005" name="mul_ln1347_103_reg_7805">
<pin_list>
<pin id="7806" dir="0" index="0" bw="26" slack="1"/>
<pin id="7807" dir="1" index="1" bw="26" slack="1"/>
</pin_list>
<bind>
<opset="mul_ln1347_103 "/>
</bind>
</comp>

<comp id="7810" class="1004" name="a_V_fu_7810">
<pin_list>
<pin id="7811" dir="0" index="0" bw="672" slack="0"/>
<pin id="7812" dir="1" index="1" bw="16" slack="0"/>
</pin_list>
<bind>
<opcode="trunc(33) " fcode="trunc"/>
<opset="a_V/1 "/>
</bind>
</comp>

<comp id="7814" class="1004" name="a_V_102_fu_7814">
<pin_list>
<pin id="7815" dir="0" index="0" bw="16" slack="0"/>
<pin id="7816" dir="0" index="1" bw="672" slack="0"/>
<pin id="7817" dir="0" index="2" bw="11" slack="0"/>
<pin id="7818" dir="0" index="3" bw="11" slack="0"/>
<pin id="7819" dir="1" index="4" bw="16" slack="0"/>
</pin_list>
<bind>
<opcode="partselect(1002) " fcode="partselect"/>
<opset="a_V_102/1 "/>
</bind>
</comp>

<comp id="7824" class="1004" name="a_V_103_fu_7824">
<pin_list>
<pin id="7825" dir="0" index="0" bw="16" slack="0"/>
<pin id="7826" dir="0" index="1" bw="672" slack="0"/>
<pin id="7827" dir="0" index="2" bw="11" slack="0"/>
<pin id="7828" dir="0" index="3" bw="11" slack="0"/>
<pin id="7829" dir="1" index="4" bw="16" slack="0"/>
</pin_list>
<bind>
<opcode="partselect(1002) " fcode="partselect"/>
<opset="a_V_103/1 "/>
</bind>
</comp>

<comp id="7834" class="1004" name="a_V_63_fu_7834">
<pin_list>
<pin id="7835" dir="0" index="0" bw="16" slack="0"/>
<pin id="7836" dir="0" index="1" bw="672" slack="0"/>
<pin id="7837" dir="0" index="2" bw="6" slack="0"/>
<pin id="7838" dir="0" index="3" bw="6" slack="0"/>
<pin id="7839" dir="1" index="4" bw="16" slack="0"/>
</pin_list>
<bind>
<opcode="partselect(1002) " fcode="partselect"/>
<opset="a_V_63/1 "/>
</bind>
</comp>

<comp id="7844" class="1004" name="a_V_64_fu_7844">
<pin_list>
<pin id="7845" dir="0" index="0" bw="16" slack="0"/>
<pin id="7846" dir="0" index="1" bw="672" slack="0"/>
<pin id="7847" dir="0" index="2" bw="7" slack="0"/>
<pin id="7848" dir="0" index="3" bw="7" slack="0"/>
<pin id="7849" dir="1" index="4" bw="16" slack="0"/>
</pin_list>
<bind>
<opcode="partselect(1002) " fcode="partselect"/>
<opset="a_V_64/1 "/>
</bind>
</comp>

<comp id="7854" class="1004" name="a_V_65_fu_7854">
<pin_list>
<pin id="7855" dir="0" index="0" bw="16" slack="0"/>
<pin id="7856" dir="0" index="1" bw="672" slack="0"/>
<pin id="7857" dir="0" index="2" bw="7" slack="0"/>
<pin id="7858" dir="0" index="3" bw="7" slack="0"/>
<pin id="7859" dir="1" index="4" bw="16" slack="0"/>
</pin_list>
<bind>
<opcode="partselect(1002) " fcode="partselect"/>
<opset="a_V_65/1 "/>
</bind>
</comp>

<comp id="7864" class="1004" name="a_V_66_fu_7864">
<pin_list>
<pin id="7865" dir="0" index="0" bw="16" slack="0"/>
<pin id="7866" dir="0" index="1" bw="672" slack="0"/>
<pin id="7867" dir="0" index="2" bw="8" slack="0"/>
<pin id="7868" dir="0" index="3" bw="8" slack="0"/>
<pin id="7869" dir="1" index="4" bw="16" slack="0"/>
</pin_list>
<bind>
<opcode="partselect(1002) " fcode="partselect"/>
<opset="a_V_66/1 "/>
</bind>
</comp>

<comp id="7874" class="1004" name="a_V_67_fu_7874">
<pin_list>
<pin id="7875" dir="0" index="0" bw="16" slack="0"/>
<pin id="7876" dir="0" index="1" bw="672" slack="0"/>
<pin id="7877" dir="0" index="2" bw="8" slack="0"/>
<pin id="7878" dir="0" index="3" bw="8" slack="0"/>
<pin id="7879" dir="1" index="4" bw="16" slack="0"/>
</pin_list>
<bind>
<opcode="partselect(1002) " fcode="partselect"/>
<opset="a_V_67/1 "/>
</bind>
</comp>

<comp id="7884" class="1004" name="a_V_68_fu_7884">
<pin_list>
<pin id="7885" dir="0" index="0" bw="16" slack="0"/>
<pin id="7886" dir="0" index="1" bw="672" slack="0"/>
<pin id="7887" dir="0" index="2" bw="8" slack="0"/>
<pin id="7888" dir="0" index="3" bw="8" slack="0"/>
<pin id="7889" dir="1" index="4" bw="16" slack="0"/>
</pin_list>
<bind>
<opcode="partselect(1002) " fcode="partselect"/>
<opset="a_V_68/1 "/>
</bind>
</comp>

<comp id="7894" class="1004" name="a_V_69_fu_7894">
<pin_list>
<pin id="7895" dir="0" index="0" bw="16" slack="0"/>
<pin id="7896" dir="0" index="1" bw="672" slack="0"/>
<pin id="7897" dir="0" index="2" bw="8" slack="0"/>
<pin id="7898" dir="0" index="3" bw="8" slack="0"/>
<pin id="7899" dir="1" index="4" bw="16" slack="0"/>
</pin_list>
<bind>
<opcode="partselect(1002) " fcode="partselect"/>
<opset="a_V_69/1 "/>
</bind>
</comp>

<comp id="7904" class="1004" name="a_V_70_fu_7904">
<pin_list>
<pin id="7905" dir="0" index="0" bw="16" slack="0"/>
<pin id="7906" dir="0" index="1" bw="672" slack="0"/>
<pin id="7907" dir="0" index="2" bw="9" slack="0"/>
<pin id="7908" dir="0" index="3" bw="9" slack="0"/>
<pin id="7909" dir="1" index="4" bw="16" slack="0"/>
</pin_list>
<bind>
<opcode="partselect(1002) " fcode="partselect"/>
<opset="a_V_70/1 "/>
</bind>
</comp>

<comp id="7914" class="1004" name="a_V_71_fu_7914">
<pin_list>
<pin id="7915" dir="0" index="0" bw="16" slack="0"/>
<pin id="7916" dir="0" index="1" bw="672" slack="0"/>
<pin id="7917" dir="0" index="2" bw="9" slack="0"/>
<pin id="7918" dir="0" index="3" bw="9" slack="0"/>
<pin id="7919" dir="1" index="4" bw="16" slack="0"/>
</pin_list>
<bind>
<opcode="partselect(1002) " fcode="partselect"/>
<opset="a_V_71/1 "/>
</bind>
</comp>

<comp id="7924" class="1004" name="a_V_72_fu_7924">
<pin_list>
<pin id="7925" dir="0" index="0" bw="16" slack="0"/>
<pin id="7926" dir="0" index="1" bw="672" slack="0"/>
<pin id="7927" dir="0" index="2" bw="9" slack="0"/>
<pin id="7928" dir="0" index="3" bw="9" slack="0"/>
<pin id="7929" dir="1" index="4" bw="16" slack="0"/>
</pin_list>
<bind>
<opcode="partselect(1002) " fcode="partselect"/>
<opset="a_V_72/1 "/>
</bind>
</comp>

<comp id="7934" class="1004" name="a_V_73_fu_7934">
<pin_list>
<pin id="7935" dir="0" index="0" bw="16" slack="0"/>
<pin id="7936" dir="0" index="1" bw="672" slack="0"/>
<pin id="7937" dir="0" index="2" bw="9" slack="0"/>
<pin id="7938" dir="0" index="3" bw="9" slack="0"/>
<pin id="7939" dir="1" index="4" bw="16" slack="0"/>
</pin_list>
<bind>
<opcode="partselect(1002) " fcode="partselect"/>
<opset="a_V_73/1 "/>
</bind>
</comp>

<comp id="7944" class="1004" name="a_V_74_fu_7944">
<pin_list>
<pin id="7945" dir="0" index="0" bw="16" slack="0"/>
<pin id="7946" dir="0" index="1" bw="672" slack="0"/>
<pin id="7947" dir="0" index="2" bw="9" slack="0"/>
<pin id="7948" dir="0" index="3" bw="9" slack="0"/>
<pin id="7949" dir="1" index="4" bw="16" slack="0"/>
</pin_list>
<bind>
<opcode="partselect(1002) " fcode="partselect"/>
<opset="a_V_74/1 "/>
</bind>
</comp>

<comp id="7954" class="1004" name="a_V_75_fu_7954">
<pin_list>
<pin id="7955" dir="0" index="0" bw="16" slack="0"/>
<pin id="7956" dir="0" index="1" bw="672" slack="0"/>
<pin id="7957" dir="0" index="2" bw="9" slack="0"/>
<pin id="7958" dir="0" index="3" bw="9" slack="0"/>
<pin id="7959" dir="1" index="4" bw="16" slack="0"/>
</pin_list>
<bind>
<opcode="partselect(1002) " fcode="partselect"/>
<opset="a_V_75/1 "/>
</bind>
</comp>

<comp id="7964" class="1004" name="a_V_76_fu_7964">
<pin_list>
<pin id="7965" dir="0" index="0" bw="16" slack="0"/>
<pin id="7966" dir="0" index="1" bw="672" slack="0"/>
<pin id="7967" dir="0" index="2" bw="9" slack="0"/>
<pin id="7968" dir="0" index="3" bw="9" slack="0"/>
<pin id="7969" dir="1" index="4" bw="16" slack="0"/>
</pin_list>
<bind>
<opcode="partselect(1002) " fcode="partselect"/>
<opset="a_V_76/1 "/>
</bind>
</comp>

<comp id="7974" class="1004" name="a_V_77_fu_7974">
<pin_list>
<pin id="7975" dir="0" index="0" bw="16" slack="0"/>
<pin id="7976" dir="0" index="1" bw="672" slack="0"/>
<pin id="7977" dir="0" index="2" bw="9" slack="0"/>
<pin id="7978" dir="0" index="3" bw="9" slack="0"/>
<pin id="7979" dir="1" index="4" bw="16" slack="0"/>
</pin_list>
<bind>
<opcode="partselect(1002) " fcode="partselect"/>
<opset="a_V_77/1 "/>
</bind>
</comp>

<comp id="7984" class="1004" name="a_V_78_fu_7984">
<pin_list>
<pin id="7985" dir="0" index="0" bw="16" slack="0"/>
<pin id="7986" dir="0" index="1" bw="672" slack="0"/>
<pin id="7987" dir="0" index="2" bw="10" slack="0"/>
<pin id="7988" dir="0" index="3" bw="10" slack="0"/>
<pin id="7989" dir="1" index="4" bw="16" slack="0"/>
</pin_list>
<bind>
<opcode="partselect(1002) " fcode="partselect"/>
<opset="a_V_78/1 "/>
</bind>
</comp>

<comp id="7994" class="1004" name="a_V_79_fu_7994">
<pin_list>
<pin id="7995" dir="0" index="0" bw="16" slack="0"/>
<pin id="7996" dir="0" index="1" bw="672" slack="0"/>
<pin id="7997" dir="0" index="2" bw="10" slack="0"/>
<pin id="7998" dir="0" index="3" bw="10" slack="0"/>
<pin id="7999" dir="1" index="4" bw="16" slack="0"/>
</pin_list>
<bind>
<opcode="partselect(1002) " fcode="partselect"/>
<opset="a_V_79/1 "/>
</bind>
</comp>

<comp id="8004" class="1004" name="a_V_80_fu_8004">
<pin_list>
<pin id="8005" dir="0" index="0" bw="16" slack="0"/>
<pin id="8006" dir="0" index="1" bw="672" slack="0"/>
<pin id="8007" dir="0" index="2" bw="10" slack="0"/>
<pin id="8008" dir="0" index="3" bw="10" slack="0"/>
<pin id="8009" dir="1" index="4" bw="16" slack="0"/>
</pin_list>
<bind>
<opcode="partselect(1002) " fcode="partselect"/>
<opset="a_V_80/1 "/>
</bind>
</comp>

<comp id="8014" class="1004" name="a_V_81_fu_8014">
<pin_list>
<pin id="8015" dir="0" index="0" bw="16" slack="0"/>
<pin id="8016" dir="0" index="1" bw="672" slack="0"/>
<pin id="8017" dir="0" index="2" bw="10" slack="0"/>
<pin id="8018" dir="0" index="3" bw="10" slack="0"/>
<pin id="8019" dir="1" index="4" bw="16" slack="0"/>
</pin_list>
<bind>
<opcode="partselect(1002) " fcode="partselect"/>
<opset="a_V_81/1 "/>
</bind>
</comp>

<comp id="8024" class="1004" name="a_V_82_fu_8024">
<pin_list>
<pin id="8025" dir="0" index="0" bw="16" slack="0"/>
<pin id="8026" dir="0" index="1" bw="672" slack="0"/>
<pin id="8027" dir="0" index="2" bw="10" slack="0"/>
<pin id="8028" dir="0" index="3" bw="10" slack="0"/>
<pin id="8029" dir="1" index="4" bw="16" slack="0"/>
</pin_list>
<bind>
<opcode="partselect(1002) " fcode="partselect"/>
<opset="a_V_82/1 "/>
</bind>
</comp>

<comp id="8034" class="1004" name="a_V_83_fu_8034">
<pin_list>
<pin id="8035" dir="0" index="0" bw="16" slack="0"/>
<pin id="8036" dir="0" index="1" bw="672" slack="0"/>
<pin id="8037" dir="0" index="2" bw="10" slack="0"/>
<pin id="8038" dir="0" index="3" bw="10" slack="0"/>
<pin id="8039" dir="1" index="4" bw="16" slack="0"/>
</pin_list>
<bind>
<opcode="partselect(1002) " fcode="partselect"/>
<opset="a_V_83/1 "/>
</bind>
</comp>

<comp id="8044" class="1004" name="a_V_84_fu_8044">
<pin_list>
<pin id="8045" dir="0" index="0" bw="16" slack="0"/>
<pin id="8046" dir="0" index="1" bw="672" slack="0"/>
<pin id="8047" dir="0" index="2" bw="10" slack="0"/>
<pin id="8048" dir="0" index="3" bw="10" slack="0"/>
<pin id="8049" dir="1" index="4" bw="16" slack="0"/>
</pin_list>
<bind>
<opcode="partselect(1002) " fcode="partselect"/>
<opset="a_V_84/1 "/>
</bind>
</comp>

<comp id="8054" class="1004" name="a_V_85_fu_8054">
<pin_list>
<pin id="8055" dir="0" index="0" bw="16" slack="0"/>
<pin id="8056" dir="0" index="1" bw="672" slack="0"/>
<pin id="8057" dir="0" index="2" bw="10" slack="0"/>
<pin id="8058" dir="0" index="3" bw="10" slack="0"/>
<pin id="8059" dir="1" index="4" bw="16" slack="0"/>
</pin_list>
<bind>
<opcode="partselect(1002) " fcode="partselect"/>
<opset="a_V_85/1 "/>
</bind>
</comp>

<comp id="8064" class="1004" name="a_V_86_fu_8064">
<pin_list>
<pin id="8065" dir="0" index="0" bw="16" slack="0"/>
<pin id="8066" dir="0" index="1" bw="672" slack="0"/>
<pin id="8067" dir="0" index="2" bw="10" slack="0"/>
<pin id="8068" dir="0" index="3" bw="10" slack="0"/>
<pin id="8069" dir="1" index="4" bw="16" slack="0"/>
</pin_list>
<bind>
<opcode="partselect(1002) " fcode="partselect"/>
<opset="a_V_86/1 "/>
</bind>
</comp>

<comp id="8074" class="1004" name="a_V_87_fu_8074">
<pin_list>
<pin id="8075" dir="0" index="0" bw="16" slack="0"/>
<pin id="8076" dir="0" index="1" bw="672" slack="0"/>
<pin id="8077" dir="0" index="2" bw="10" slack="0"/>
<pin id="8078" dir="0" index="3" bw="10" slack="0"/>
<pin id="8079" dir="1" index="4" bw="16" slack="0"/>
</pin_list>
<bind>
<opcode="partselect(1002) " fcode="partselect"/>
<opset="a_V_87/1 "/>
</bind>
</comp>

<comp id="8084" class="1004" name="a_V_88_fu_8084">
<pin_list>
<pin id="8085" dir="0" index="0" bw="16" slack="0"/>
<pin id="8086" dir="0" index="1" bw="672" slack="0"/>
<pin id="8087" dir="0" index="2" bw="10" slack="0"/>
<pin id="8088" dir="0" index="3" bw="10" slack="0"/>
<pin id="8089" dir="1" index="4" bw="16" slack="0"/>
</pin_list>
<bind>
<opcode="partselect(1002) " fcode="partselect"/>
<opset="a_V_88/1 "/>
</bind>
</comp>

<comp id="8094" class="1004" name="a_V_89_fu_8094">
<pin_list>
<pin id="8095" dir="0" index="0" bw="16" slack="0"/>
<pin id="8096" dir="0" index="1" bw="672" slack="0"/>
<pin id="8097" dir="0" index="2" bw="10" slack="0"/>
<pin id="8098" dir="0" index="3" bw="10" slack="0"/>
<pin id="8099" dir="1" index="4" bw="16" slack="0"/>
</pin_list>
<bind>
<opcode="partselect(1002) " fcode="partselect"/>
<opset="a_V_89/1 "/>
</bind>
</comp>

<comp id="8104" class="1004" name="a_V_90_fu_8104">
<pin_list>
<pin id="8105" dir="0" index="0" bw="16" slack="0"/>
<pin id="8106" dir="0" index="1" bw="672" slack="0"/>
<pin id="8107" dir="0" index="2" bw="10" slack="0"/>
<pin id="8108" dir="0" index="3" bw="10" slack="0"/>
<pin id="8109" dir="1" index="4" bw="16" slack="0"/>
</pin_list>
<bind>
<opcode="partselect(1002) " fcode="partselect"/>
<opset="a_V_90/1 "/>
</bind>
</comp>

<comp id="8114" class="1004" name="a_V_91_fu_8114">
<pin_list>
<pin id="8115" dir="0" index="0" bw="16" slack="0"/>
<pin id="8116" dir="0" index="1" bw="672" slack="0"/>
<pin id="8117" dir="0" index="2" bw="10" slack="0"/>
<pin id="8118" dir="0" index="3" bw="10" slack="0"/>
<pin id="8119" dir="1" index="4" bw="16" slack="0"/>
</pin_list>
<bind>
<opcode="partselect(1002) " fcode="partselect"/>
<opset="a_V_91/1 "/>
</bind>
</comp>

<comp id="8124" class="1004" name="a_V_92_fu_8124">
<pin_list>
<pin id="8125" dir="0" index="0" bw="16" slack="0"/>
<pin id="8126" dir="0" index="1" bw="672" slack="0"/>
<pin id="8127" dir="0" index="2" bw="10" slack="0"/>
<pin id="8128" dir="0" index="3" bw="10" slack="0"/>
<pin id="8129" dir="1" index="4" bw="16" slack="0"/>
</pin_list>
<bind>
<opcode="partselect(1002) " fcode="partselect"/>
<opset="a_V_92/1 "/>
</bind>
</comp>

<comp id="8134" class="1004" name="a_V_93_fu_8134">
<pin_list>
<pin id="8135" dir="0" index="0" bw="16" slack="0"/>
<pin id="8136" dir="0" index="1" bw="672" slack="0"/>
<pin id="8137" dir="0" index="2" bw="10" slack="0"/>
<pin id="8138" dir="0" index="3" bw="10" slack="0"/>
<pin id="8139" dir="1" index="4" bw="16" slack="0"/>
</pin_list>
<bind>
<opcode="partselect(1002) " fcode="partselect"/>
<opset="a_V_93/1 "/>
</bind>
</comp>

<comp id="8144" class="1004" name="a_V_94_fu_8144">
<pin_list>
<pin id="8145" dir="0" index="0" bw="16" slack="0"/>
<pin id="8146" dir="0" index="1" bw="672" slack="0"/>
<pin id="8147" dir="0" index="2" bw="11" slack="0"/>
<pin id="8148" dir="0" index="3" bw="11" slack="0"/>
<pin id="8149" dir="1" index="4" bw="16" slack="0"/>
</pin_list>
<bind>
<opcode="partselect(1002) " fcode="partselect"/>
<opset="a_V_94/1 "/>
</bind>
</comp>

<comp id="8154" class="1004" name="a_V_95_fu_8154">
<pin_list>
<pin id="8155" dir="0" index="0" bw="16" slack="0"/>
<pin id="8156" dir="0" index="1" bw="672" slack="0"/>
<pin id="8157" dir="0" index="2" bw="11" slack="0"/>
<pin id="8158" dir="0" index="3" bw="11" slack="0"/>
<pin id="8159" dir="1" index="4" bw="16" slack="0"/>
</pin_list>
<bind>
<opcode="partselect(1002) " fcode="partselect"/>
<opset="a_V_95/1 "/>
</bind>
</comp>

<comp id="8164" class="1004" name="a_V_96_fu_8164">
<pin_list>
<pin id="8165" dir="0" index="0" bw="16" slack="0"/>
<pin id="8166" dir="0" index="1" bw="672" slack="0"/>
<pin id="8167" dir="0" index="2" bw="11" slack="0"/>
<pin id="8168" dir="0" index="3" bw="11" slack="0"/>
<pin id="8169" dir="1" index="4" bw="16" slack="0"/>
</pin_list>
<bind>
<opcode="partselect(1002) " fcode="partselect"/>
<opset="a_V_96/1 "/>
</bind>
</comp>

<comp id="8174" class="1004" name="a_V_97_fu_8174">
<pin_list>
<pin id="8175" dir="0" index="0" bw="16" slack="0"/>
<pin id="8176" dir="0" index="1" bw="672" slack="0"/>
<pin id="8177" dir="0" index="2" bw="11" slack="0"/>
<pin id="8178" dir="0" index="3" bw="11" slack="0"/>
<pin id="8179" dir="1" index="4" bw="16" slack="0"/>
</pin_list>
<bind>
<opcode="partselect(1002) " fcode="partselect"/>
<opset="a_V_97/1 "/>
</bind>
</comp>

<comp id="8184" class="1004" name="a_V_98_fu_8184">
<pin_list>
<pin id="8185" dir="0" index="0" bw="16" slack="0"/>
<pin id="8186" dir="0" index="1" bw="672" slack="0"/>
<pin id="8187" dir="0" index="2" bw="11" slack="0"/>
<pin id="8188" dir="0" index="3" bw="11" slack="0"/>
<pin id="8189" dir="1" index="4" bw="16" slack="0"/>
</pin_list>
<bind>
<opcode="partselect(1002) " fcode="partselect"/>
<opset="a_V_98/1 "/>
</bind>
</comp>

<comp id="8194" class="1004" name="a_V_99_fu_8194">
<pin_list>
<pin id="8195" dir="0" index="0" bw="16" slack="0"/>
<pin id="8196" dir="0" index="1" bw="672" slack="0"/>
<pin id="8197" dir="0" index="2" bw="11" slack="0"/>
<pin id="8198" dir="0" index="3" bw="11" slack="0"/>
<pin id="8199" dir="1" index="4" bw="16" slack="0"/>
</pin_list>
<bind>
<opcode="partselect(1002) " fcode="partselect"/>
<opset="a_V_99/1 "/>
</bind>
</comp>

<comp id="8204" class="1004" name="a_V_100_fu_8204">
<pin_list>
<pin id="8205" dir="0" index="0" bw="16" slack="0"/>
<pin id="8206" dir="0" index="1" bw="672" slack="0"/>
<pin id="8207" dir="0" index="2" bw="11" slack="0"/>
<pin id="8208" dir="0" index="3" bw="11" slack="0"/>
<pin id="8209" dir="1" index="4" bw="16" slack="0"/>
</pin_list>
<bind>
<opcode="partselect(1002) " fcode="partselect"/>
<opset="a_V_100/1 "/>
</bind>
</comp>

<comp id="8214" class="1004" name="a_V_101_fu_8214">
<pin_list>
<pin id="8215" dir="0" index="0" bw="16" slack="0"/>
<pin id="8216" dir="0" index="1" bw="672" slack="0"/>
<pin id="8217" dir="0" index="2" bw="11" slack="0"/>
<pin id="8218" dir="0" index="3" bw="11" slack="0"/>
<pin id="8219" dir="1" index="4" bw="16" slack="0"/>
</pin_list>
<bind>
<opcode="partselect(1002) " fcode="partselect"/>
<opset="a_V_101/1 "/>
</bind>
</comp>

<comp id="8224" class="1004" name="sext_ln1347_fu_8224">
<pin_list>
<pin id="8225" dir="0" index="0" bw="16" slack="0"/>
<pin id="8226" dir="1" index="1" bw="26" slack="0"/>
</pin_list>
<bind>
<opcode="sext(35) " fcode="sext"/>
<opset="sext_ln1347/1 "/>
</bind>
</comp>

<comp id="8229" class="1004" name="sext_ln1347_63_fu_8229">
<pin_list>
<pin id="8230" dir="0" index="0" bw="16" slack="0"/>
<pin id="8231" dir="1" index="1" bw="26" slack="0"/>
</pin_list>
<bind>
<opcode="sext(35) " fcode="sext"/>
<opset="sext_ln1347_63/1 "/>
</bind>
</comp>

<comp id="8234" class="1004" name="sext_ln1347_64_fu_8234">
<pin_list>
<pin id="8235" dir="0" index="0" bw="16" slack="0"/>
<pin id="8236" dir="1" index="1" bw="26" slack="0"/>
</pin_list>
<bind>
<opcode="sext(35) " fcode="sext"/>
<opset="sext_ln1347_64/1 "/>
</bind>
</comp>

<comp id="8239" class="1004" name="sext_ln1347_65_fu_8239">
<pin_list>
<pin id="8240" dir="0" index="0" bw="16" slack="0"/>
<pin id="8241" dir="1" index="1" bw="26" slack="0"/>
</pin_list>
<bind>
<opcode="sext(35) " fcode="sext"/>
<opset="sext_ln1347_65/1 "/>
</bind>
</comp>

<comp id="8244" class="1004" name="sext_ln1347_66_fu_8244">
<pin_list>
<pin id="8245" dir="0" index="0" bw="16" slack="0"/>
<pin id="8246" dir="1" index="1" bw="26" slack="0"/>
</pin_list>
<bind>
<opcode="sext(35) " fcode="sext"/>
<opset="sext_ln1347_66/1 "/>
</bind>
</comp>

<comp id="8249" class="1004" name="sext_ln1347_67_fu_8249">
<pin_list>
<pin id="8250" dir="0" index="0" bw="16" slack="0"/>
<pin id="8251" dir="1" index="1" bw="26" slack="0"/>
</pin_list>
<bind>
<opcode="sext(35) " fcode="sext"/>
<opset="sext_ln1347_67/1 "/>
</bind>
</comp>

<comp id="8254" class="1004" name="sext_ln1347_68_fu_8254">
<pin_list>
<pin id="8255" dir="0" index="0" bw="16" slack="0"/>
<pin id="8256" dir="1" index="1" bw="26" slack="0"/>
</pin_list>
<bind>
<opcode="sext(35) " fcode="sext"/>
<opset="sext_ln1347_68/1 "/>
</bind>
</comp>

<comp id="8259" class="1004" name="sext_ln1347_69_fu_8259">
<pin_list>
<pin id="8260" dir="0" index="0" bw="16" slack="0"/>
<pin id="8261" dir="1" index="1" bw="26" slack="0"/>
</pin_list>
<bind>
<opcode="sext(35) " fcode="sext"/>
<opset="sext_ln1347_69/1 "/>
</bind>
</comp>

<comp id="8264" class="1004" name="sext_ln1347_70_fu_8264">
<pin_list>
<pin id="8265" dir="0" index="0" bw="16" slack="0"/>
<pin id="8266" dir="1" index="1" bw="26" slack="0"/>
</pin_list>
<bind>
<opcode="sext(35) " fcode="sext"/>
<opset="sext_ln1347_70/1 "/>
</bind>
</comp>

<comp id="8269" class="1004" name="sext_ln1347_71_fu_8269">
<pin_list>
<pin id="8270" dir="0" index="0" bw="16" slack="0"/>
<pin id="8271" dir="1" index="1" bw="26" slack="0"/>
</pin_list>
<bind>
<opcode="sext(35) " fcode="sext"/>
<opset="sext_ln1347_71/1 "/>
</bind>
</comp>

<comp id="8274" class="1004" name="sext_ln1347_72_fu_8274">
<pin_list>
<pin id="8275" dir="0" index="0" bw="16" slack="0"/>
<pin id="8276" dir="1" index="1" bw="26" slack="0"/>
</pin_list>
<bind>
<opcode="sext(35) " fcode="sext"/>
<opset="sext_ln1347_72/1 "/>
</bind>
</comp>

<comp id="8279" class="1004" name="sext_ln1347_73_fu_8279">
<pin_list>
<pin id="8280" dir="0" index="0" bw="16" slack="0"/>
<pin id="8281" dir="1" index="1" bw="26" slack="0"/>
</pin_list>
<bind>
<opcode="sext(35) " fcode="sext"/>
<opset="sext_ln1347_73/1 "/>
</bind>
</comp>

<comp id="8284" class="1004" name="sext_ln1347_74_fu_8284">
<pin_list>
<pin id="8285" dir="0" index="0" bw="16" slack="0"/>
<pin id="8286" dir="1" index="1" bw="26" slack="0"/>
</pin_list>
<bind>
<opcode="sext(35) " fcode="sext"/>
<opset="sext_ln1347_74/1 "/>
</bind>
</comp>

<comp id="8289" class="1004" name="sext_ln1347_75_fu_8289">
<pin_list>
<pin id="8290" dir="0" index="0" bw="16" slack="0"/>
<pin id="8291" dir="1" index="1" bw="26" slack="0"/>
</pin_list>
<bind>
<opcode="sext(35) " fcode="sext"/>
<opset="sext_ln1347_75/1 "/>
</bind>
</comp>

<comp id="8294" class="1004" name="sext_ln1347_76_fu_8294">
<pin_list>
<pin id="8295" dir="0" index="0" bw="16" slack="0"/>
<pin id="8296" dir="1" index="1" bw="26" slack="0"/>
</pin_list>
<bind>
<opcode="sext(35) " fcode="sext"/>
<opset="sext_ln1347_76/1 "/>
</bind>
</comp>

<comp id="8299" class="1004" name="sext_ln1347_77_fu_8299">
<pin_list>
<pin id="8300" dir="0" index="0" bw="16" slack="0"/>
<pin id="8301" dir="1" index="1" bw="26" slack="0"/>
</pin_list>
<bind>
<opcode="sext(35) " fcode="sext"/>
<opset="sext_ln1347_77/1 "/>
</bind>
</comp>

<comp id="8304" class="1004" name="sext_ln1347_78_fu_8304">
<pin_list>
<pin id="8305" dir="0" index="0" bw="16" slack="0"/>
<pin id="8306" dir="1" index="1" bw="26" slack="0"/>
</pin_list>
<bind>
<opcode="sext(35) " fcode="sext"/>
<opset="sext_ln1347_78/1 "/>
</bind>
</comp>

<comp id="8309" class="1004" name="sext_ln1347_79_fu_8309">
<pin_list>
<pin id="8310" dir="0" index="0" bw="16" slack="0"/>
<pin id="8311" dir="1" index="1" bw="26" slack="0"/>
</pin_list>
<bind>
<opcode="sext(35) " fcode="sext"/>
<opset="sext_ln1347_79/1 "/>
</bind>
</comp>

<comp id="8314" class="1004" name="sext_ln1347_80_fu_8314">
<pin_list>
<pin id="8315" dir="0" index="0" bw="16" slack="0"/>
<pin id="8316" dir="1" index="1" bw="26" slack="0"/>
</pin_list>
<bind>
<opcode="sext(35) " fcode="sext"/>
<opset="sext_ln1347_80/1 "/>
</bind>
</comp>

<comp id="8319" class="1004" name="sext_ln1347_81_fu_8319">
<pin_list>
<pin id="8320" dir="0" index="0" bw="16" slack="0"/>
<pin id="8321" dir="1" index="1" bw="26" slack="0"/>
</pin_list>
<bind>
<opcode="sext(35) " fcode="sext"/>
<opset="sext_ln1347_81/1 "/>
</bind>
</comp>

<comp id="8324" class="1004" name="sext_ln1347_82_fu_8324">
<pin_list>
<pin id="8325" dir="0" index="0" bw="16" slack="0"/>
<pin id="8326" dir="1" index="1" bw="26" slack="0"/>
</pin_list>
<bind>
<opcode="sext(35) " fcode="sext"/>
<opset="sext_ln1347_82/1 "/>
</bind>
</comp>

<comp id="8329" class="1004" name="sext_ln1347_83_fu_8329">
<pin_list>
<pin id="8330" dir="0" index="0" bw="16" slack="0"/>
<pin id="8331" dir="1" index="1" bw="26" slack="0"/>
</pin_list>
<bind>
<opcode="sext(35) " fcode="sext"/>
<opset="sext_ln1347_83/1 "/>
</bind>
</comp>

<comp id="8334" class="1004" name="sext_ln1347_84_fu_8334">
<pin_list>
<pin id="8335" dir="0" index="0" bw="16" slack="0"/>
<pin id="8336" dir="1" index="1" bw="26" slack="0"/>
</pin_list>
<bind>
<opcode="sext(35) " fcode="sext"/>
<opset="sext_ln1347_84/1 "/>
</bind>
</comp>

<comp id="8339" class="1004" name="sext_ln1347_85_fu_8339">
<pin_list>
<pin id="8340" dir="0" index="0" bw="16" slack="0"/>
<pin id="8341" dir="1" index="1" bw="26" slack="0"/>
</pin_list>
<bind>
<opcode="sext(35) " fcode="sext"/>
<opset="sext_ln1347_85/1 "/>
</bind>
</comp>

<comp id="8344" class="1004" name="sext_ln1347_86_fu_8344">
<pin_list>
<pin id="8345" dir="0" index="0" bw="16" slack="0"/>
<pin id="8346" dir="1" index="1" bw="26" slack="0"/>
</pin_list>
<bind>
<opcode="sext(35) " fcode="sext"/>
<opset="sext_ln1347_86/1 "/>
</bind>
</comp>

<comp id="8349" class="1004" name="sext_ln1347_87_fu_8349">
<pin_list>
<pin id="8350" dir="0" index="0" bw="16" slack="0"/>
<pin id="8351" dir="1" index="1" bw="26" slack="0"/>
</pin_list>
<bind>
<opcode="sext(35) " fcode="sext"/>
<opset="sext_ln1347_87/1 "/>
</bind>
</comp>

<comp id="8354" class="1004" name="sext_ln1347_88_fu_8354">
<pin_list>
<pin id="8355" dir="0" index="0" bw="16" slack="0"/>
<pin id="8356" dir="1" index="1" bw="26" slack="0"/>
</pin_list>
<bind>
<opcode="sext(35) " fcode="sext"/>
<opset="sext_ln1347_88/1 "/>
</bind>
</comp>

<comp id="8359" class="1004" name="sext_ln1347_89_fu_8359">
<pin_list>
<pin id="8360" dir="0" index="0" bw="16" slack="0"/>
<pin id="8361" dir="1" index="1" bw="26" slack="0"/>
</pin_list>
<bind>
<opcode="sext(35) " fcode="sext"/>
<opset="sext_ln1347_89/1 "/>
</bind>
</comp>

<comp id="8364" class="1004" name="sext_ln1347_90_fu_8364">
<pin_list>
<pin id="8365" dir="0" index="0" bw="16" slack="0"/>
<pin id="8366" dir="1" index="1" bw="26" slack="0"/>
</pin_list>
<bind>
<opcode="sext(35) " fcode="sext"/>
<opset="sext_ln1347_90/1 "/>
</bind>
</comp>

<comp id="8369" class="1004" name="sext_ln1347_91_fu_8369">
<pin_list>
<pin id="8370" dir="0" index="0" bw="16" slack="0"/>
<pin id="8371" dir="1" index="1" bw="26" slack="0"/>
</pin_list>
<bind>
<opcode="sext(35) " fcode="sext"/>
<opset="sext_ln1347_91/1 "/>
</bind>
</comp>

<comp id="8374" class="1004" name="sext_ln1347_92_fu_8374">
<pin_list>
<pin id="8375" dir="0" index="0" bw="16" slack="0"/>
<pin id="8376" dir="1" index="1" bw="26" slack="0"/>
</pin_list>
<bind>
<opcode="sext(35) " fcode="sext"/>
<opset="sext_ln1347_92/1 "/>
</bind>
</comp>

<comp id="8379" class="1004" name="sext_ln1347_93_fu_8379">
<pin_list>
<pin id="8380" dir="0" index="0" bw="16" slack="0"/>
<pin id="8381" dir="1" index="1" bw="26" slack="0"/>
</pin_list>
<bind>
<opcode="sext(35) " fcode="sext"/>
<opset="sext_ln1347_93/1 "/>
</bind>
</comp>

<comp id="8384" class="1004" name="sext_ln1347_94_fu_8384">
<pin_list>
<pin id="8385" dir="0" index="0" bw="16" slack="0"/>
<pin id="8386" dir="1" index="1" bw="26" slack="0"/>
</pin_list>
<bind>
<opcode="sext(35) " fcode="sext"/>
<opset="sext_ln1347_94/1 "/>
</bind>
</comp>

<comp id="8389" class="1004" name="sext_ln1347_95_fu_8389">
<pin_list>
<pin id="8390" dir="0" index="0" bw="16" slack="0"/>
<pin id="8391" dir="1" index="1" bw="26" slack="0"/>
</pin_list>
<bind>
<opcode="sext(35) " fcode="sext"/>
<opset="sext_ln1347_95/1 "/>
</bind>
</comp>

<comp id="8394" class="1004" name="sext_ln1347_96_fu_8394">
<pin_list>
<pin id="8395" dir="0" index="0" bw="16" slack="0"/>
<pin id="8396" dir="1" index="1" bw="26" slack="0"/>
</pin_list>
<bind>
<opcode="sext(35) " fcode="sext"/>
<opset="sext_ln1347_96/1 "/>
</bind>
</comp>

<comp id="8399" class="1004" name="sext_ln1347_97_fu_8399">
<pin_list>
<pin id="8400" dir="0" index="0" bw="16" slack="0"/>
<pin id="8401" dir="1" index="1" bw="26" slack="0"/>
</pin_list>
<bind>
<opcode="sext(35) " fcode="sext"/>
<opset="sext_ln1347_97/1 "/>
</bind>
</comp>

<comp id="8404" class="1004" name="sext_ln1347_98_fu_8404">
<pin_list>
<pin id="8405" dir="0" index="0" bw="16" slack="0"/>
<pin id="8406" dir="1" index="1" bw="26" slack="0"/>
</pin_list>
<bind>
<opcode="sext(35) " fcode="sext"/>
<opset="sext_ln1347_98/1 "/>
</bind>
</comp>

<comp id="8409" class="1004" name="sext_ln1347_99_fu_8409">
<pin_list>
<pin id="8410" dir="0" index="0" bw="16" slack="0"/>
<pin id="8411" dir="1" index="1" bw="26" slack="0"/>
</pin_list>
<bind>
<opcode="sext(35) " fcode="sext"/>
<opset="sext_ln1347_99/1 "/>
</bind>
</comp>

<comp id="8414" class="1004" name="sext_ln1347_100_fu_8414">
<pin_list>
<pin id="8415" dir="0" index="0" bw="16" slack="0"/>
<pin id="8416" dir="1" index="1" bw="26" slack="0"/>
</pin_list>
<bind>
<opcode="sext(35) " fcode="sext"/>
<opset="sext_ln1347_100/1 "/>
</bind>
</comp>

<comp id="8419" class="1004" name="sext_ln1347_101_fu_8419">
<pin_list>
<pin id="8420" dir="0" index="0" bw="16" slack="0"/>
<pin id="8421" dir="1" index="1" bw="26" slack="0"/>
</pin_list>
<bind>
<opcode="sext(35) " fcode="sext"/>
<opset="sext_ln1347_101/1 "/>
</bind>
</comp>

<comp id="8424" class="1004" name="sext_ln1347_102_fu_8424">
<pin_list>
<pin id="8425" dir="0" index="0" bw="16" slack="0"/>
<pin id="8426" dir="1" index="1" bw="26" slack="0"/>
</pin_list>
<bind>
<opcode="sext(35) " fcode="sext"/>
<opset="sext_ln1347_102/1 "/>
</bind>
</comp>

<comp id="8429" class="1004" name="sext_ln1347_103_fu_8429">
<pin_list>
<pin id="8430" dir="0" index="0" bw="16" slack="0"/>
<pin id="8431" dir="1" index="1" bw="26" slack="0"/>
</pin_list>
<bind>
<opcode="sext(35) " fcode="sext"/>
<opset="sext_ln1347_103/1 "/>
</bind>
</comp>

<comp id="8434" class="1004" name="ret_V_fu_8434">
<pin_list>
<pin id="8435" dir="0" index="0" bw="26" slack="1"/>
<pin id="8436" dir="0" index="1" bw="21" slack="0"/>
<pin id="8437" dir="1" index="2" bw="26" slack="0"/>
</pin_list>
<bind>
<opcode="add(8) " fcode="add"/>
<opset="ret_V/2 "/>
</bind>
</comp>

<comp id="8440" class="1004" name="trunc_ln_fu_8440">
<pin_list>
<pin id="8441" dir="0" index="0" bw="16" slack="0"/>
<pin id="8442" dir="0" index="1" bw="26" slack="0"/>
<pin id="8443" dir="0" index="2" bw="5" slack="0"/>
<pin id="8444" dir="0" index="3" bw="6" slack="0"/>
<pin id="8445" dir="1" index="4" bw="16" slack="0"/>
</pin_list>
<bind>
<opcode="partselect(1002) " fcode="partselect"/>
<opset="trunc_ln/2 "/>
</bind>
</comp>

<comp id="8450" class="1004" name="ret_V_77_fu_8450">
<pin_list>
<pin id="8451" dir="0" index="0" bw="26" slack="1"/>
<pin id="8452" dir="0" index="1" bw="18" slack="0"/>
<pin id="8453" dir="1" index="2" bw="26" slack="0"/>
</pin_list>
<bind>
<opcode="add(8) " fcode="add"/>
<opset="ret_V_77/2 "/>
</bind>
</comp>

<comp id="8456" class="1004" name="trunc_ln818_s_fu_8456">
<pin_list>
<pin id="8457" dir="0" index="0" bw="16" slack="0"/>
<pin id="8458" dir="0" index="1" bw="26" slack="0"/>
<pin id="8459" dir="0" index="2" bw="5" slack="0"/>
<pin id="8460" dir="0" index="3" bw="6" slack="0"/>
<pin id="8461" dir="1" index="4" bw="16" slack="0"/>
</pin_list>
<bind>
<opcode="partselect(1002) " fcode="partselect"/>
<opset="trunc_ln818_s/2 "/>
</bind>
</comp>

<comp id="8466" class="1004" name="ret_V_78_fu_8466">
<pin_list>
<pin id="8467" dir="0" index="0" bw="26" slack="1"/>
<pin id="8468" dir="0" index="1" bw="16" slack="0"/>
<pin id="8469" dir="1" index="2" bw="26" slack="0"/>
</pin_list>
<bind>
<opcode="add(8) " fcode="add"/>
<opset="ret_V_78/2 "/>
</bind>
</comp>

<comp id="8472" class="1004" name="trunc_ln818_63_fu_8472">
<pin_list>
<pin id="8473" dir="0" index="0" bw="16" slack="0"/>
<pin id="8474" dir="0" index="1" bw="26" slack="0"/>
<pin id="8475" dir="0" index="2" bw="5" slack="0"/>
<pin id="8476" dir="0" index="3" bw="6" slack="0"/>
<pin id="8477" dir="1" index="4" bw="16" slack="0"/>
</pin_list>
<bind>
<opcode="partselect(1002) " fcode="partselect"/>
<opset="trunc_ln818_63/2 "/>
</bind>
</comp>

<comp id="8482" class="1004" name="ret_V_79_fu_8482">
<pin_list>
<pin id="8483" dir="0" index="0" bw="26" slack="1"/>
<pin id="8484" dir="0" index="1" bw="19" slack="0"/>
<pin id="8485" dir="1" index="2" bw="26" slack="0"/>
</pin_list>
<bind>
<opcode="add(8) " fcode="add"/>
<opset="ret_V_79/2 "/>
</bind>
</comp>

<comp id="8488" class="1004" name="trunc_ln818_64_fu_8488">
<pin_list>
<pin id="8489" dir="0" index="0" bw="16" slack="0"/>
<pin id="8490" dir="0" index="1" bw="26" slack="0"/>
<pin id="8491" dir="0" index="2" bw="5" slack="0"/>
<pin id="8492" dir="0" index="3" bw="6" slack="0"/>
<pin id="8493" dir="1" index="4" bw="16" slack="0"/>
</pin_list>
<bind>
<opcode="partselect(1002) " fcode="partselect"/>
<opset="trunc_ln818_64/2 "/>
</bind>
</comp>

<comp id="8498" class="1004" name="ret_V_80_fu_8498">
<pin_list>
<pin id="8499" dir="0" index="0" bw="26" slack="1"/>
<pin id="8500" dir="0" index="1" bw="21" slack="0"/>
<pin id="8501" dir="1" index="2" bw="26" slack="0"/>
</pin_list>
<bind>
<opcode="add(8) " fcode="add"/>
<opset="ret_V_80/2 "/>
</bind>
</comp>

<comp id="8504" class="1004" name="trunc_ln818_65_fu_8504">
<pin_list>
<pin id="8505" dir="0" index="0" bw="16" slack="0"/>
<pin id="8506" dir="0" index="1" bw="26" slack="0"/>
<pin id="8507" dir="0" index="2" bw="5" slack="0"/>
<pin id="8508" dir="0" index="3" bw="6" slack="0"/>
<pin id="8509" dir="1" index="4" bw="16" slack="0"/>
</pin_list>
<bind>
<opcode="partselect(1002) " fcode="partselect"/>
<opset="trunc_ln818_65/2 "/>
</bind>
</comp>

<comp id="8514" class="1004" name="ret_V_81_fu_8514">
<pin_list>
<pin id="8515" dir="0" index="0" bw="26" slack="1"/>
<pin id="8516" dir="0" index="1" bw="20" slack="0"/>
<pin id="8517" dir="1" index="2" bw="26" slack="0"/>
</pin_list>
<bind>
<opcode="add(8) " fcode="add"/>
<opset="ret_V_81/2 "/>
</bind>
</comp>

<comp id="8520" class="1004" name="trunc_ln818_66_fu_8520">
<pin_list>
<pin id="8521" dir="0" index="0" bw="16" slack="0"/>
<pin id="8522" dir="0" index="1" bw="26" slack="0"/>
<pin id="8523" dir="0" index="2" bw="5" slack="0"/>
<pin id="8524" dir="0" index="3" bw="6" slack="0"/>
<pin id="8525" dir="1" index="4" bw="16" slack="0"/>
</pin_list>
<bind>
<opcode="partselect(1002) " fcode="partselect"/>
<opset="trunc_ln818_66/2 "/>
</bind>
</comp>

<comp id="8530" class="1004" name="ret_V_82_fu_8530">
<pin_list>
<pin id="8531" dir="0" index="0" bw="26" slack="1"/>
<pin id="8532" dir="0" index="1" bw="16" slack="0"/>
<pin id="8533" dir="1" index="2" bw="26" slack="0"/>
</pin_list>
<bind>
<opcode="add(8) " fcode="add"/>
<opset="ret_V_82/2 "/>
</bind>
</comp>

<comp id="8536" class="1004" name="trunc_ln818_67_fu_8536">
<pin_list>
<pin id="8537" dir="0" index="0" bw="16" slack="0"/>
<pin id="8538" dir="0" index="1" bw="26" slack="0"/>
<pin id="8539" dir="0" index="2" bw="5" slack="0"/>
<pin id="8540" dir="0" index="3" bw="6" slack="0"/>
<pin id="8541" dir="1" index="4" bw="16" slack="0"/>
</pin_list>
<bind>
<opcode="partselect(1002) " fcode="partselect"/>
<opset="trunc_ln818_67/2 "/>
</bind>
</comp>

<comp id="8546" class="1004" name="ret_V_83_fu_8546">
<pin_list>
<pin id="8547" dir="0" index="0" bw="26" slack="1"/>
<pin id="8548" dir="0" index="1" bw="18" slack="0"/>
<pin id="8549" dir="1" index="2" bw="26" slack="0"/>
</pin_list>
<bind>
<opcode="add(8) " fcode="add"/>
<opset="ret_V_83/2 "/>
</bind>
</comp>

<comp id="8552" class="1004" name="trunc_ln818_68_fu_8552">
<pin_list>
<pin id="8553" dir="0" index="0" bw="16" slack="0"/>
<pin id="8554" dir="0" index="1" bw="26" slack="0"/>
<pin id="8555" dir="0" index="2" bw="5" slack="0"/>
<pin id="8556" dir="0" index="3" bw="6" slack="0"/>
<pin id="8557" dir="1" index="4" bw="16" slack="0"/>
</pin_list>
<bind>
<opcode="partselect(1002) " fcode="partselect"/>
<opset="trunc_ln818_68/2 "/>
</bind>
</comp>

<comp id="8562" class="1004" name="ret_V_84_fu_8562">
<pin_list>
<pin id="8563" dir="0" index="0" bw="26" slack="1"/>
<pin id="8564" dir="0" index="1" bw="20" slack="0"/>
<pin id="8565" dir="1" index="2" bw="26" slack="0"/>
</pin_list>
<bind>
<opcode="add(8) " fcode="add"/>
<opset="ret_V_84/2 "/>
</bind>
</comp>

<comp id="8568" class="1004" name="trunc_ln818_69_fu_8568">
<pin_list>
<pin id="8569" dir="0" index="0" bw="16" slack="0"/>
<pin id="8570" dir="0" index="1" bw="26" slack="0"/>
<pin id="8571" dir="0" index="2" bw="5" slack="0"/>
<pin id="8572" dir="0" index="3" bw="6" slack="0"/>
<pin id="8573" dir="1" index="4" bw="16" slack="0"/>
</pin_list>
<bind>
<opcode="partselect(1002) " fcode="partselect"/>
<opset="trunc_ln818_69/2 "/>
</bind>
</comp>

<comp id="8578" class="1004" name="ret_V_85_fu_8578">
<pin_list>
<pin id="8579" dir="0" index="0" bw="26" slack="1"/>
<pin id="8580" dir="0" index="1" bw="20" slack="0"/>
<pin id="8581" dir="1" index="2" bw="26" slack="0"/>
</pin_list>
<bind>
<opcode="add(8) " fcode="add"/>
<opset="ret_V_85/2 "/>
</bind>
</comp>

<comp id="8584" class="1004" name="trunc_ln818_70_fu_8584">
<pin_list>
<pin id="8585" dir="0" index="0" bw="16" slack="0"/>
<pin id="8586" dir="0" index="1" bw="26" slack="0"/>
<pin id="8587" dir="0" index="2" bw="5" slack="0"/>
<pin id="8588" dir="0" index="3" bw="6" slack="0"/>
<pin id="8589" dir="1" index="4" bw="16" slack="0"/>
</pin_list>
<bind>
<opcode="partselect(1002) " fcode="partselect"/>
<opset="trunc_ln818_70/2 "/>
</bind>
</comp>

<comp id="8594" class="1004" name="ret_V_86_fu_8594">
<pin_list>
<pin id="8595" dir="0" index="0" bw="26" slack="1"/>
<pin id="8596" dir="0" index="1" bw="18" slack="0"/>
<pin id="8597" dir="1" index="2" bw="26" slack="0"/>
</pin_list>
<bind>
<opcode="add(8) " fcode="add"/>
<opset="ret_V_86/2 "/>
</bind>
</comp>

<comp id="8600" class="1004" name="trunc_ln818_71_fu_8600">
<pin_list>
<pin id="8601" dir="0" index="0" bw="16" slack="0"/>
<pin id="8602" dir="0" index="1" bw="26" slack="0"/>
<pin id="8603" dir="0" index="2" bw="5" slack="0"/>
<pin id="8604" dir="0" index="3" bw="6" slack="0"/>
<pin id="8605" dir="1" index="4" bw="16" slack="0"/>
</pin_list>
<bind>
<opcode="partselect(1002) " fcode="partselect"/>
<opset="trunc_ln818_71/2 "/>
</bind>
</comp>

<comp id="8610" class="1004" name="ret_V_87_fu_8610">
<pin_list>
<pin id="8611" dir="0" index="0" bw="26" slack="1"/>
<pin id="8612" dir="0" index="1" bw="20" slack="0"/>
<pin id="8613" dir="1" index="2" bw="26" slack="0"/>
</pin_list>
<bind>
<opcode="add(8) " fcode="add"/>
<opset="ret_V_87/2 "/>
</bind>
</comp>

<comp id="8616" class="1004" name="trunc_ln818_72_fu_8616">
<pin_list>
<pin id="8617" dir="0" index="0" bw="16" slack="0"/>
<pin id="8618" dir="0" index="1" bw="26" slack="0"/>
<pin id="8619" dir="0" index="2" bw="5" slack="0"/>
<pin id="8620" dir="0" index="3" bw="6" slack="0"/>
<pin id="8621" dir="1" index="4" bw="16" slack="0"/>
</pin_list>
<bind>
<opcode="partselect(1002) " fcode="partselect"/>
<opset="trunc_ln818_72/2 "/>
</bind>
</comp>

<comp id="8626" class="1004" name="ret_V_88_fu_8626">
<pin_list>
<pin id="8627" dir="0" index="0" bw="26" slack="1"/>
<pin id="8628" dir="0" index="1" bw="20" slack="0"/>
<pin id="8629" dir="1" index="2" bw="26" slack="0"/>
</pin_list>
<bind>
<opcode="add(8) " fcode="add"/>
<opset="ret_V_88/2 "/>
</bind>
</comp>

<comp id="8632" class="1004" name="trunc_ln818_73_fu_8632">
<pin_list>
<pin id="8633" dir="0" index="0" bw="16" slack="0"/>
<pin id="8634" dir="0" index="1" bw="26" slack="0"/>
<pin id="8635" dir="0" index="2" bw="5" slack="0"/>
<pin id="8636" dir="0" index="3" bw="6" slack="0"/>
<pin id="8637" dir="1" index="4" bw="16" slack="0"/>
</pin_list>
<bind>
<opcode="partselect(1002) " fcode="partselect"/>
<opset="trunc_ln818_73/2 "/>
</bind>
</comp>

<comp id="8642" class="1004" name="ret_V_89_fu_8642">
<pin_list>
<pin id="8643" dir="0" index="0" bw="26" slack="1"/>
<pin id="8644" dir="0" index="1" bw="17" slack="0"/>
<pin id="8645" dir="1" index="2" bw="26" slack="0"/>
</pin_list>
<bind>
<opcode="add(8) " fcode="add"/>
<opset="ret_V_89/2 "/>
</bind>
</comp>

<comp id="8648" class="1004" name="trunc_ln818_74_fu_8648">
<pin_list>
<pin id="8649" dir="0" index="0" bw="16" slack="0"/>
<pin id="8650" dir="0" index="1" bw="26" slack="0"/>
<pin id="8651" dir="0" index="2" bw="5" slack="0"/>
<pin id="8652" dir="0" index="3" bw="6" slack="0"/>
<pin id="8653" dir="1" index="4" bw="16" slack="0"/>
</pin_list>
<bind>
<opcode="partselect(1002) " fcode="partselect"/>
<opset="trunc_ln818_74/2 "/>
</bind>
</comp>

<comp id="8658" class="1004" name="ret_V_90_fu_8658">
<pin_list>
<pin id="8659" dir="0" index="0" bw="26" slack="1"/>
<pin id="8660" dir="0" index="1" bw="20" slack="0"/>
<pin id="8661" dir="1" index="2" bw="26" slack="0"/>
</pin_list>
<bind>
<opcode="add(8) " fcode="add"/>
<opset="ret_V_90/2 "/>
</bind>
</comp>

<comp id="8664" class="1004" name="trunc_ln818_75_fu_8664">
<pin_list>
<pin id="8665" dir="0" index="0" bw="16" slack="0"/>
<pin id="8666" dir="0" index="1" bw="26" slack="0"/>
<pin id="8667" dir="0" index="2" bw="5" slack="0"/>
<pin id="8668" dir="0" index="3" bw="6" slack="0"/>
<pin id="8669" dir="1" index="4" bw="16" slack="0"/>
</pin_list>
<bind>
<opcode="partselect(1002) " fcode="partselect"/>
<opset="trunc_ln818_75/2 "/>
</bind>
</comp>

<comp id="8674" class="1004" name="ret_V_91_fu_8674">
<pin_list>
<pin id="8675" dir="0" index="0" bw="26" slack="1"/>
<pin id="8676" dir="0" index="1" bw="17" slack="0"/>
<pin id="8677" dir="1" index="2" bw="26" slack="0"/>
</pin_list>
<bind>
<opcode="add(8) " fcode="add"/>
<opset="ret_V_91/2 "/>
</bind>
</comp>

<comp id="8680" class="1004" name="trunc_ln818_76_fu_8680">
<pin_list>
<pin id="8681" dir="0" index="0" bw="16" slack="0"/>
<pin id="8682" dir="0" index="1" bw="26" slack="0"/>
<pin id="8683" dir="0" index="2" bw="5" slack="0"/>
<pin id="8684" dir="0" index="3" bw="6" slack="0"/>
<pin id="8685" dir="1" index="4" bw="16" slack="0"/>
</pin_list>
<bind>
<opcode="partselect(1002) " fcode="partselect"/>
<opset="trunc_ln818_76/2 "/>
</bind>
</comp>

<comp id="8690" class="1004" name="ret_V_92_fu_8690">
<pin_list>
<pin id="8691" dir="0" index="0" bw="26" slack="1"/>
<pin id="8692" dir="0" index="1" bw="14" slack="0"/>
<pin id="8693" dir="1" index="2" bw="26" slack="0"/>
</pin_list>
<bind>
<opcode="add(8) " fcode="add"/>
<opset="ret_V_92/2 "/>
</bind>
</comp>

<comp id="8696" class="1004" name="trunc_ln818_77_fu_8696">
<pin_list>
<pin id="8697" dir="0" index="0" bw="16" slack="0"/>
<pin id="8698" dir="0" index="1" bw="26" slack="0"/>
<pin id="8699" dir="0" index="2" bw="5" slack="0"/>
<pin id="8700" dir="0" index="3" bw="6" slack="0"/>
<pin id="8701" dir="1" index="4" bw="16" slack="0"/>
</pin_list>
<bind>
<opcode="partselect(1002) " fcode="partselect"/>
<opset="trunc_ln818_77/2 "/>
</bind>
</comp>

<comp id="8706" class="1004" name="ret_V_93_fu_8706">
<pin_list>
<pin id="8707" dir="0" index="0" bw="26" slack="1"/>
<pin id="8708" dir="0" index="1" bw="18" slack="0"/>
<pin id="8709" dir="1" index="2" bw="26" slack="0"/>
</pin_list>
<bind>
<opcode="add(8) " fcode="add"/>
<opset="ret_V_93/2 "/>
</bind>
</comp>

<comp id="8712" class="1004" name="trunc_ln818_78_fu_8712">
<pin_list>
<pin id="8713" dir="0" index="0" bw="16" slack="0"/>
<pin id="8714" dir="0" index="1" bw="26" slack="0"/>
<pin id="8715" dir="0" index="2" bw="5" slack="0"/>
<pin id="8716" dir="0" index="3" bw="6" slack="0"/>
<pin id="8717" dir="1" index="4" bw="16" slack="0"/>
</pin_list>
<bind>
<opcode="partselect(1002) " fcode="partselect"/>
<opset="trunc_ln818_78/2 "/>
</bind>
</comp>

<comp id="8722" class="1004" name="ret_V_94_fu_8722">
<pin_list>
<pin id="8723" dir="0" index="0" bw="26" slack="1"/>
<pin id="8724" dir="0" index="1" bw="19" slack="0"/>
<pin id="8725" dir="1" index="2" bw="26" slack="0"/>
</pin_list>
<bind>
<opcode="add(8) " fcode="add"/>
<opset="ret_V_94/2 "/>
</bind>
</comp>

<comp id="8728" class="1004" name="trunc_ln818_79_fu_8728">
<pin_list>
<pin id="8729" dir="0" index="0" bw="16" slack="0"/>
<pin id="8730" dir="0" index="1" bw="26" slack="0"/>
<pin id="8731" dir="0" index="2" bw="5" slack="0"/>
<pin id="8732" dir="0" index="3" bw="6" slack="0"/>
<pin id="8733" dir="1" index="4" bw="16" slack="0"/>
</pin_list>
<bind>
<opcode="partselect(1002) " fcode="partselect"/>
<opset="trunc_ln818_79/2 "/>
</bind>
</comp>

<comp id="8738" class="1004" name="ret_V_95_fu_8738">
<pin_list>
<pin id="8739" dir="0" index="0" bw="26" slack="1"/>
<pin id="8740" dir="0" index="1" bw="19" slack="0"/>
<pin id="8741" dir="1" index="2" bw="26" slack="0"/>
</pin_list>
<bind>
<opcode="add(8) " fcode="add"/>
<opset="ret_V_95/2 "/>
</bind>
</comp>

<comp id="8744" class="1004" name="trunc_ln818_80_fu_8744">
<pin_list>
<pin id="8745" dir="0" index="0" bw="16" slack="0"/>
<pin id="8746" dir="0" index="1" bw="26" slack="0"/>
<pin id="8747" dir="0" index="2" bw="5" slack="0"/>
<pin id="8748" dir="0" index="3" bw="6" slack="0"/>
<pin id="8749" dir="1" index="4" bw="16" slack="0"/>
</pin_list>
<bind>
<opcode="partselect(1002) " fcode="partselect"/>
<opset="trunc_ln818_80/2 "/>
</bind>
</comp>

<comp id="8754" class="1004" name="ret_V_96_fu_8754">
<pin_list>
<pin id="8755" dir="0" index="0" bw="26" slack="1"/>
<pin id="8756" dir="0" index="1" bw="16" slack="0"/>
<pin id="8757" dir="1" index="2" bw="26" slack="0"/>
</pin_list>
<bind>
<opcode="add(8) " fcode="add"/>
<opset="ret_V_96/2 "/>
</bind>
</comp>

<comp id="8760" class="1004" name="trunc_ln818_81_fu_8760">
<pin_list>
<pin id="8761" dir="0" index="0" bw="16" slack="0"/>
<pin id="8762" dir="0" index="1" bw="26" slack="0"/>
<pin id="8763" dir="0" index="2" bw="5" slack="0"/>
<pin id="8764" dir="0" index="3" bw="6" slack="0"/>
<pin id="8765" dir="1" index="4" bw="16" slack="0"/>
</pin_list>
<bind>
<opcode="partselect(1002) " fcode="partselect"/>
<opset="trunc_ln818_81/2 "/>
</bind>
</comp>

<comp id="8770" class="1004" name="ret_V_97_fu_8770">
<pin_list>
<pin id="8771" dir="0" index="0" bw="26" slack="1"/>
<pin id="8772" dir="0" index="1" bw="20" slack="0"/>
<pin id="8773" dir="1" index="2" bw="26" slack="0"/>
</pin_list>
<bind>
<opcode="add(8) " fcode="add"/>
<opset="ret_V_97/2 "/>
</bind>
</comp>

<comp id="8776" class="1004" name="trunc_ln818_82_fu_8776">
<pin_list>
<pin id="8777" dir="0" index="0" bw="16" slack="0"/>
<pin id="8778" dir="0" index="1" bw="26" slack="0"/>
<pin id="8779" dir="0" index="2" bw="5" slack="0"/>
<pin id="8780" dir="0" index="3" bw="6" slack="0"/>
<pin id="8781" dir="1" index="4" bw="16" slack="0"/>
</pin_list>
<bind>
<opcode="partselect(1002) " fcode="partselect"/>
<opset="trunc_ln818_82/2 "/>
</bind>
</comp>

<comp id="8786" class="1004" name="ret_V_98_fu_8786">
<pin_list>
<pin id="8787" dir="0" index="0" bw="26" slack="1"/>
<pin id="8788" dir="0" index="1" bw="20" slack="0"/>
<pin id="8789" dir="1" index="2" bw="26" slack="0"/>
</pin_list>
<bind>
<opcode="add(8) " fcode="add"/>
<opset="ret_V_98/2 "/>
</bind>
</comp>

<comp id="8792" class="1004" name="trunc_ln818_83_fu_8792">
<pin_list>
<pin id="8793" dir="0" index="0" bw="16" slack="0"/>
<pin id="8794" dir="0" index="1" bw="26" slack="0"/>
<pin id="8795" dir="0" index="2" bw="5" slack="0"/>
<pin id="8796" dir="0" index="3" bw="6" slack="0"/>
<pin id="8797" dir="1" index="4" bw="16" slack="0"/>
</pin_list>
<bind>
<opcode="partselect(1002) " fcode="partselect"/>
<opset="trunc_ln818_83/2 "/>
</bind>
</comp>

<comp id="8802" class="1004" name="ret_V_99_fu_8802">
<pin_list>
<pin id="8803" dir="0" index="0" bw="26" slack="1"/>
<pin id="8804" dir="0" index="1" bw="20" slack="0"/>
<pin id="8805" dir="1" index="2" bw="26" slack="0"/>
</pin_list>
<bind>
<opcode="add(8) " fcode="add"/>
<opset="ret_V_99/2 "/>
</bind>
</comp>

<comp id="8808" class="1004" name="trunc_ln818_84_fu_8808">
<pin_list>
<pin id="8809" dir="0" index="0" bw="16" slack="0"/>
<pin id="8810" dir="0" index="1" bw="26" slack="0"/>
<pin id="8811" dir="0" index="2" bw="5" slack="0"/>
<pin id="8812" dir="0" index="3" bw="6" slack="0"/>
<pin id="8813" dir="1" index="4" bw="16" slack="0"/>
</pin_list>
<bind>
<opcode="partselect(1002) " fcode="partselect"/>
<opset="trunc_ln818_84/2 "/>
</bind>
</comp>

<comp id="8818" class="1004" name="ret_V_100_fu_8818">
<pin_list>
<pin id="8819" dir="0" index="0" bw="26" slack="1"/>
<pin id="8820" dir="0" index="1" bw="21" slack="0"/>
<pin id="8821" dir="1" index="2" bw="26" slack="0"/>
</pin_list>
<bind>
<opcode="add(8) " fcode="add"/>
<opset="ret_V_100/2 "/>
</bind>
</comp>

<comp id="8824" class="1004" name="trunc_ln818_85_fu_8824">
<pin_list>
<pin id="8825" dir="0" index="0" bw="16" slack="0"/>
<pin id="8826" dir="0" index="1" bw="26" slack="0"/>
<pin id="8827" dir="0" index="2" bw="5" slack="0"/>
<pin id="8828" dir="0" index="3" bw="6" slack="0"/>
<pin id="8829" dir="1" index="4" bw="16" slack="0"/>
</pin_list>
<bind>
<opcode="partselect(1002) " fcode="partselect"/>
<opset="trunc_ln818_85/2 "/>
</bind>
</comp>

<comp id="8834" class="1004" name="ret_V_101_fu_8834">
<pin_list>
<pin id="8835" dir="0" index="0" bw="26" slack="1"/>
<pin id="8836" dir="0" index="1" bw="21" slack="0"/>
<pin id="8837" dir="1" index="2" bw="26" slack="0"/>
</pin_list>
<bind>
<opcode="add(8) " fcode="add"/>
<opset="ret_V_101/2 "/>
</bind>
</comp>

<comp id="8840" class="1004" name="trunc_ln818_86_fu_8840">
<pin_list>
<pin id="8841" dir="0" index="0" bw="16" slack="0"/>
<pin id="8842" dir="0" index="1" bw="26" slack="0"/>
<pin id="8843" dir="0" index="2" bw="5" slack="0"/>
<pin id="8844" dir="0" index="3" bw="6" slack="0"/>
<pin id="8845" dir="1" index="4" bw="16" slack="0"/>
</pin_list>
<bind>
<opcode="partselect(1002) " fcode="partselect"/>
<opset="trunc_ln818_86/2 "/>
</bind>
</comp>

<comp id="8850" class="1004" name="ret_V_102_fu_8850">
<pin_list>
<pin id="8851" dir="0" index="0" bw="26" slack="1"/>
<pin id="8852" dir="0" index="1" bw="20" slack="0"/>
<pin id="8853" dir="1" index="2" bw="26" slack="0"/>
</pin_list>
<bind>
<opcode="add(8) " fcode="add"/>
<opset="ret_V_102/2 "/>
</bind>
</comp>

<comp id="8856" class="1004" name="trunc_ln818_87_fu_8856">
<pin_list>
<pin id="8857" dir="0" index="0" bw="16" slack="0"/>
<pin id="8858" dir="0" index="1" bw="26" slack="0"/>
<pin id="8859" dir="0" index="2" bw="5" slack="0"/>
<pin id="8860" dir="0" index="3" bw="6" slack="0"/>
<pin id="8861" dir="1" index="4" bw="16" slack="0"/>
</pin_list>
<bind>
<opcode="partselect(1002) " fcode="partselect"/>
<opset="trunc_ln818_87/2 "/>
</bind>
</comp>

<comp id="8866" class="1004" name="ret_V_103_fu_8866">
<pin_list>
<pin id="8867" dir="0" index="0" bw="26" slack="1"/>
<pin id="8868" dir="0" index="1" bw="20" slack="0"/>
<pin id="8869" dir="1" index="2" bw="26" slack="0"/>
</pin_list>
<bind>
<opcode="add(8) " fcode="add"/>
<opset="ret_V_103/2 "/>
</bind>
</comp>

<comp id="8872" class="1004" name="trunc_ln818_88_fu_8872">
<pin_list>
<pin id="8873" dir="0" index="0" bw="16" slack="0"/>
<pin id="8874" dir="0" index="1" bw="26" slack="0"/>
<pin id="8875" dir="0" index="2" bw="5" slack="0"/>
<pin id="8876" dir="0" index="3" bw="6" slack="0"/>
<pin id="8877" dir="1" index="4" bw="16" slack="0"/>
</pin_list>
<bind>
<opcode="partselect(1002) " fcode="partselect"/>
<opset="trunc_ln818_88/2 "/>
</bind>
</comp>

<comp id="8882" class="1004" name="ret_V_104_fu_8882">
<pin_list>
<pin id="8883" dir="0" index="0" bw="26" slack="1"/>
<pin id="8884" dir="0" index="1" bw="20" slack="0"/>
<pin id="8885" dir="1" index="2" bw="26" slack="0"/>
</pin_list>
<bind>
<opcode="add(8) " fcode="add"/>
<opset="ret_V_104/2 "/>
</bind>
</comp>

<comp id="8888" class="1004" name="trunc_ln818_89_fu_8888">
<pin_list>
<pin id="8889" dir="0" index="0" bw="16" slack="0"/>
<pin id="8890" dir="0" index="1" bw="26" slack="0"/>
<pin id="8891" dir="0" index="2" bw="5" slack="0"/>
<pin id="8892" dir="0" index="3" bw="6" slack="0"/>
<pin id="8893" dir="1" index="4" bw="16" slack="0"/>
</pin_list>
<bind>
<opcode="partselect(1002) " fcode="partselect"/>
<opset="trunc_ln818_89/2 "/>
</bind>
</comp>

<comp id="8898" class="1004" name="ret_V_105_fu_8898">
<pin_list>
<pin id="8899" dir="0" index="0" bw="26" slack="1"/>
<pin id="8900" dir="0" index="1" bw="18" slack="0"/>
<pin id="8901" dir="1" index="2" bw="26" slack="0"/>
</pin_list>
<bind>
<opcode="add(8) " fcode="add"/>
<opset="ret_V_105/2 "/>
</bind>
</comp>

<comp id="8904" class="1004" name="trunc_ln818_90_fu_8904">
<pin_list>
<pin id="8905" dir="0" index="0" bw="16" slack="0"/>
<pin id="8906" dir="0" index="1" bw="26" slack="0"/>
<pin id="8907" dir="0" index="2" bw="5" slack="0"/>
<pin id="8908" dir="0" index="3" bw="6" slack="0"/>
<pin id="8909" dir="1" index="4" bw="16" slack="0"/>
</pin_list>
<bind>
<opcode="partselect(1002) " fcode="partselect"/>
<opset="trunc_ln818_90/2 "/>
</bind>
</comp>

<comp id="8914" class="1004" name="ret_V_106_fu_8914">
<pin_list>
<pin id="8915" dir="0" index="0" bw="26" slack="1"/>
<pin id="8916" dir="0" index="1" bw="19" slack="0"/>
<pin id="8917" dir="1" index="2" bw="26" slack="0"/>
</pin_list>
<bind>
<opcode="add(8) " fcode="add"/>
<opset="ret_V_106/2 "/>
</bind>
</comp>

<comp id="8920" class="1004" name="trunc_ln818_91_fu_8920">
<pin_list>
<pin id="8921" dir="0" index="0" bw="16" slack="0"/>
<pin id="8922" dir="0" index="1" bw="26" slack="0"/>
<pin id="8923" dir="0" index="2" bw="5" slack="0"/>
<pin id="8924" dir="0" index="3" bw="6" slack="0"/>
<pin id="8925" dir="1" index="4" bw="16" slack="0"/>
</pin_list>
<bind>
<opcode="partselect(1002) " fcode="partselect"/>
<opset="trunc_ln818_91/2 "/>
</bind>
</comp>

<comp id="8930" class="1004" name="ret_V_107_fu_8930">
<pin_list>
<pin id="8931" dir="0" index="0" bw="26" slack="1"/>
<pin id="8932" dir="0" index="1" bw="21" slack="0"/>
<pin id="8933" dir="1" index="2" bw="26" slack="0"/>
</pin_list>
<bind>
<opcode="add(8) " fcode="add"/>
<opset="ret_V_107/2 "/>
</bind>
</comp>

<comp id="8936" class="1004" name="trunc_ln818_92_fu_8936">
<pin_list>
<pin id="8937" dir="0" index="0" bw="16" slack="0"/>
<pin id="8938" dir="0" index="1" bw="26" slack="0"/>
<pin id="8939" dir="0" index="2" bw="5" slack="0"/>
<pin id="8940" dir="0" index="3" bw="6" slack="0"/>
<pin id="8941" dir="1" index="4" bw="16" slack="0"/>
</pin_list>
<bind>
<opcode="partselect(1002) " fcode="partselect"/>
<opset="trunc_ln818_92/2 "/>
</bind>
</comp>

<comp id="8946" class="1004" name="ret_V_108_fu_8946">
<pin_list>
<pin id="8947" dir="0" index="0" bw="26" slack="1"/>
<pin id="8948" dir="0" index="1" bw="21" slack="0"/>
<pin id="8949" dir="1" index="2" bw="26" slack="0"/>
</pin_list>
<bind>
<opcode="add(8) " fcode="add"/>
<opset="ret_V_108/2 "/>
</bind>
</comp>

<comp id="8952" class="1004" name="trunc_ln818_93_fu_8952">
<pin_list>
<pin id="8953" dir="0" index="0" bw="16" slack="0"/>
<pin id="8954" dir="0" index="1" bw="26" slack="0"/>
<pin id="8955" dir="0" index="2" bw="5" slack="0"/>
<pin id="8956" dir="0" index="3" bw="6" slack="0"/>
<pin id="8957" dir="1" index="4" bw="16" slack="0"/>
</pin_list>
<bind>
<opcode="partselect(1002) " fcode="partselect"/>
<opset="trunc_ln818_93/2 "/>
</bind>
</comp>

<comp id="8962" class="1004" name="ret_V_109_fu_8962">
<pin_list>
<pin id="8963" dir="0" index="0" bw="26" slack="1"/>
<pin id="8964" dir="0" index="1" bw="18" slack="0"/>
<pin id="8965" dir="1" index="2" bw="26" slack="0"/>
</pin_list>
<bind>
<opcode="add(8) " fcode="add"/>
<opset="ret_V_109/2 "/>
</bind>
</comp>

<comp id="8968" class="1004" name="trunc_ln818_94_fu_8968">
<pin_list>
<pin id="8969" dir="0" index="0" bw="16" slack="0"/>
<pin id="8970" dir="0" index="1" bw="26" slack="0"/>
<pin id="8971" dir="0" index="2" bw="5" slack="0"/>
<pin id="8972" dir="0" index="3" bw="6" slack="0"/>
<pin id="8973" dir="1" index="4" bw="16" slack="0"/>
</pin_list>
<bind>
<opcode="partselect(1002) " fcode="partselect"/>
<opset="trunc_ln818_94/2 "/>
</bind>
</comp>

<comp id="8978" class="1004" name="ret_V_110_fu_8978">
<pin_list>
<pin id="8979" dir="0" index="0" bw="26" slack="1"/>
<pin id="8980" dir="0" index="1" bw="21" slack="0"/>
<pin id="8981" dir="1" index="2" bw="26" slack="0"/>
</pin_list>
<bind>
<opcode="add(8) " fcode="add"/>
<opset="ret_V_110/2 "/>
</bind>
</comp>

<comp id="8984" class="1004" name="trunc_ln818_95_fu_8984">
<pin_list>
<pin id="8985" dir="0" index="0" bw="16" slack="0"/>
<pin id="8986" dir="0" index="1" bw="26" slack="0"/>
<pin id="8987" dir="0" index="2" bw="5" slack="0"/>
<pin id="8988" dir="0" index="3" bw="6" slack="0"/>
<pin id="8989" dir="1" index="4" bw="16" slack="0"/>
</pin_list>
<bind>
<opcode="partselect(1002) " fcode="partselect"/>
<opset="trunc_ln818_95/2 "/>
</bind>
</comp>

<comp id="8994" class="1004" name="ret_V_111_fu_8994">
<pin_list>
<pin id="8995" dir="0" index="0" bw="26" slack="1"/>
<pin id="8996" dir="0" index="1" bw="11" slack="0"/>
<pin id="8997" dir="1" index="2" bw="26" slack="0"/>
</pin_list>
<bind>
<opcode="add(8) " fcode="add"/>
<opset="ret_V_111/2 "/>
</bind>
</comp>

<comp id="9000" class="1004" name="trunc_ln818_96_fu_9000">
<pin_list>
<pin id="9001" dir="0" index="0" bw="16" slack="0"/>
<pin id="9002" dir="0" index="1" bw="26" slack="0"/>
<pin id="9003" dir="0" index="2" bw="5" slack="0"/>
<pin id="9004" dir="0" index="3" bw="6" slack="0"/>
<pin id="9005" dir="1" index="4" bw="16" slack="0"/>
</pin_list>
<bind>
<opcode="partselect(1002) " fcode="partselect"/>
<opset="trunc_ln818_96/2 "/>
</bind>
</comp>

<comp id="9010" class="1004" name="ret_V_112_fu_9010">
<pin_list>
<pin id="9011" dir="0" index="0" bw="26" slack="1"/>
<pin id="9012" dir="0" index="1" bw="18" slack="0"/>
<pin id="9013" dir="1" index="2" bw="26" slack="0"/>
</pin_list>
<bind>
<opcode="add(8) " fcode="add"/>
<opset="ret_V_112/2 "/>
</bind>
</comp>

<comp id="9016" class="1004" name="trunc_ln818_97_fu_9016">
<pin_list>
<pin id="9017" dir="0" index="0" bw="16" slack="0"/>
<pin id="9018" dir="0" index="1" bw="26" slack="0"/>
<pin id="9019" dir="0" index="2" bw="5" slack="0"/>
<pin id="9020" dir="0" index="3" bw="6" slack="0"/>
<pin id="9021" dir="1" index="4" bw="16" slack="0"/>
</pin_list>
<bind>
<opcode="partselect(1002) " fcode="partselect"/>
<opset="trunc_ln818_97/2 "/>
</bind>
</comp>

<comp id="9026" class="1004" name="ret_V_113_fu_9026">
<pin_list>
<pin id="9027" dir="0" index="0" bw="26" slack="1"/>
<pin id="9028" dir="0" index="1" bw="19" slack="0"/>
<pin id="9029" dir="1" index="2" bw="26" slack="0"/>
</pin_list>
<bind>
<opcode="add(8) " fcode="add"/>
<opset="ret_V_113/2 "/>
</bind>
</comp>

<comp id="9032" class="1004" name="trunc_ln818_98_fu_9032">
<pin_list>
<pin id="9033" dir="0" index="0" bw="16" slack="0"/>
<pin id="9034" dir="0" index="1" bw="26" slack="0"/>
<pin id="9035" dir="0" index="2" bw="5" slack="0"/>
<pin id="9036" dir="0" index="3" bw="6" slack="0"/>
<pin id="9037" dir="1" index="4" bw="16" slack="0"/>
</pin_list>
<bind>
<opcode="partselect(1002) " fcode="partselect"/>
<opset="trunc_ln818_98/2 "/>
</bind>
</comp>

<comp id="9042" class="1004" name="ret_V_114_fu_9042">
<pin_list>
<pin id="9043" dir="0" index="0" bw="26" slack="1"/>
<pin id="9044" dir="0" index="1" bw="20" slack="0"/>
<pin id="9045" dir="1" index="2" bw="26" slack="0"/>
</pin_list>
<bind>
<opcode="add(8) " fcode="add"/>
<opset="ret_V_114/2 "/>
</bind>
</comp>

<comp id="9048" class="1004" name="trunc_ln818_99_fu_9048">
<pin_list>
<pin id="9049" dir="0" index="0" bw="16" slack="0"/>
<pin id="9050" dir="0" index="1" bw="26" slack="0"/>
<pin id="9051" dir="0" index="2" bw="5" slack="0"/>
<pin id="9052" dir="0" index="3" bw="6" slack="0"/>
<pin id="9053" dir="1" index="4" bw="16" slack="0"/>
</pin_list>
<bind>
<opcode="partselect(1002) " fcode="partselect"/>
<opset="trunc_ln818_99/2 "/>
</bind>
</comp>

<comp id="9058" class="1004" name="ret_V_115_fu_9058">
<pin_list>
<pin id="9059" dir="0" index="0" bw="26" slack="1"/>
<pin id="9060" dir="0" index="1" bw="19" slack="0"/>
<pin id="9061" dir="1" index="2" bw="26" slack="0"/>
</pin_list>
<bind>
<opcode="add(8) " fcode="add"/>
<opset="ret_V_115/2 "/>
</bind>
</comp>

<comp id="9064" class="1004" name="trunc_ln818_100_fu_9064">
<pin_list>
<pin id="9065" dir="0" index="0" bw="16" slack="0"/>
<pin id="9066" dir="0" index="1" bw="26" slack="0"/>
<pin id="9067" dir="0" index="2" bw="5" slack="0"/>
<pin id="9068" dir="0" index="3" bw="6" slack="0"/>
<pin id="9069" dir="1" index="4" bw="16" slack="0"/>
</pin_list>
<bind>
<opcode="partselect(1002) " fcode="partselect"/>
<opset="trunc_ln818_100/2 "/>
</bind>
</comp>

<comp id="9074" class="1004" name="ret_V_116_fu_9074">
<pin_list>
<pin id="9075" dir="0" index="0" bw="26" slack="1"/>
<pin id="9076" dir="0" index="1" bw="21" slack="0"/>
<pin id="9077" dir="1" index="2" bw="26" slack="0"/>
</pin_list>
<bind>
<opcode="add(8) " fcode="add"/>
<opset="ret_V_116/2 "/>
</bind>
</comp>

<comp id="9080" class="1004" name="trunc_ln818_101_fu_9080">
<pin_list>
<pin id="9081" dir="0" index="0" bw="16" slack="0"/>
<pin id="9082" dir="0" index="1" bw="26" slack="0"/>
<pin id="9083" dir="0" index="2" bw="5" slack="0"/>
<pin id="9084" dir="0" index="3" bw="6" slack="0"/>
<pin id="9085" dir="1" index="4" bw="16" slack="0"/>
</pin_list>
<bind>
<opcode="partselect(1002) " fcode="partselect"/>
<opset="trunc_ln818_101/2 "/>
</bind>
</comp>

<comp id="9090" class="1004" name="ret_V_117_fu_9090">
<pin_list>
<pin id="9091" dir="0" index="0" bw="26" slack="1"/>
<pin id="9092" dir="0" index="1" bw="19" slack="0"/>
<pin id="9093" dir="1" index="2" bw="26" slack="0"/>
</pin_list>
<bind>
<opcode="add(8) " fcode="add"/>
<opset="ret_V_117/2 "/>
</bind>
</comp>

<comp id="9096" class="1004" name="trunc_ln818_102_fu_9096">
<pin_list>
<pin id="9097" dir="0" index="0" bw="16" slack="0"/>
<pin id="9098" dir="0" index="1" bw="26" slack="0"/>
<pin id="9099" dir="0" index="2" bw="5" slack="0"/>
<pin id="9100" dir="0" index="3" bw="6" slack="0"/>
<pin id="9101" dir="1" index="4" bw="16" slack="0"/>
</pin_list>
<bind>
<opcode="partselect(1002) " fcode="partselect"/>
<opset="trunc_ln818_102/2 "/>
</bind>
</comp>

<comp id="9106" class="1004" name="p_0_fu_9106">
<pin_list>
<pin id="9107" dir="0" index="0" bw="672" slack="0"/>
<pin id="9108" dir="0" index="1" bw="16" slack="0"/>
<pin id="9109" dir="0" index="2" bw="16" slack="0"/>
<pin id="9110" dir="0" index="3" bw="16" slack="0"/>
<pin id="9111" dir="0" index="4" bw="16" slack="0"/>
<pin id="9112" dir="0" index="5" bw="16" slack="0"/>
<pin id="9113" dir="0" index="6" bw="16" slack="0"/>
<pin id="9114" dir="0" index="7" bw="16" slack="0"/>
<pin id="9115" dir="0" index="8" bw="16" slack="0"/>
<pin id="9116" dir="0" index="9" bw="16" slack="0"/>
<pin id="9117" dir="0" index="10" bw="16" slack="0"/>
<pin id="9118" dir="0" index="11" bw="16" slack="0"/>
<pin id="9119" dir="0" index="12" bw="16" slack="0"/>
<pin id="9120" dir="0" index="13" bw="16" slack="0"/>
<pin id="9121" dir="0" index="14" bw="16" slack="0"/>
<pin id="9122" dir="0" index="15" bw="16" slack="0"/>
<pin id="9123" dir="0" index="16" bw="16" slack="0"/>
<pin id="9124" dir="0" index="17" bw="16" slack="0"/>
<pin id="9125" dir="0" index="18" bw="16" slack="0"/>
<pin id="9126" dir="0" index="19" bw="16" slack="0"/>
<pin id="9127" dir="0" index="20" bw="16" slack="0"/>
<pin id="9128" dir="0" index="21" bw="16" slack="0"/>
<pin id="9129" dir="0" index="22" bw="16" slack="0"/>
<pin id="9130" dir="0" index="23" bw="16" slack="0"/>
<pin id="9131" dir="0" index="24" bw="16" slack="0"/>
<pin id="9132" dir="0" index="25" bw="16" slack="0"/>
<pin id="9133" dir="0" index="26" bw="16" slack="0"/>
<pin id="9134" dir="0" index="27" bw="16" slack="0"/>
<pin id="9135" dir="0" index="28" bw="16" slack="0"/>
<pin id="9136" dir="0" index="29" bw="16" slack="0"/>
<pin id="9137" dir="0" index="30" bw="16" slack="0"/>
<pin id="9138" dir="0" index="31" bw="16" slack="0"/>
<pin id="9139" dir="0" index="32" bw="16" slack="0"/>
<pin id="9140" dir="0" index="33" bw="16" slack="0"/>
<pin id="9141" dir="0" index="34" bw="16" slack="0"/>
<pin id="9142" dir="0" index="35" bw="16" slack="0"/>
<pin id="9143" dir="0" index="36" bw="16" slack="0"/>
<pin id="9144" dir="0" index="37" bw="16" slack="0"/>
<pin id="9145" dir="0" index="38" bw="16" slack="0"/>
<pin id="9146" dir="0" index="39" bw="16" slack="0"/>
<pin id="9147" dir="0" index="40" bw="16" slack="0"/>
<pin id="9148" dir="0" index="41" bw="16" slack="0"/>
<pin id="9149" dir="0" index="42" bw="16" slack="0"/>
<pin id="9150" dir="1" index="43" bw="672" slack="0"/>
</pin_list>
<bind>
<opcode="bitconcatenate(1004) " fcode="bitconcatenate"/>
<opset="p_0/2 "/>
</bind>
</comp>

</comp_list>

<net_list>
<net id="366"><net_src comp="4" pin="0"/><net_sink comp="362" pin=0"/></net>

<net id="367"><net_src comp="0" pin="0"/><net_sink comp="362" pin=1"/></net>

<net id="373"><net_src comp="360" pin="0"/><net_sink comp="368" pin=0"/></net>

<net id="374"><net_src comp="2" pin="0"/><net_sink comp="368" pin=1"/></net>

<net id="7476"><net_src comp="172" pin="0"/><net_sink comp="389" pin=1"/></net>

<net id="7480"><net_src comp="174" pin="0"/><net_sink comp="385" pin=1"/></net>

<net id="7484"><net_src comp="176" pin="0"/><net_sink comp="388" pin=1"/></net>

<net id="7488"><net_src comp="178" pin="0"/><net_sink comp="387" pin=1"/></net>

<net id="7492"><net_src comp="180" pin="0"/><net_sink comp="402" pin=1"/></net>

<net id="7496"><net_src comp="182" pin="0"/><net_sink comp="415" pin=1"/></net>

<net id="7500"><net_src comp="184" pin="0"/><net_sink comp="392" pin=1"/></net>

<net id="7504"><net_src comp="186" pin="0"/><net_sink comp="408" pin=1"/></net>

<net id="7508"><net_src comp="188" pin="0"/><net_sink comp="401" pin=1"/></net>

<net id="7512"><net_src comp="190" pin="0"/><net_sink comp="377" pin=1"/></net>

<net id="7516"><net_src comp="192" pin="0"/><net_sink comp="379" pin=1"/></net>

<net id="7520"><net_src comp="194" pin="0"/><net_sink comp="382" pin=1"/></net>

<net id="7524"><net_src comp="196" pin="0"/><net_sink comp="393" pin=1"/></net>

<net id="7528"><net_src comp="198" pin="0"/><net_sink comp="406" pin=1"/></net>

<net id="7532"><net_src comp="200" pin="0"/><net_sink comp="386" pin=1"/></net>

<net id="7536"><net_src comp="202" pin="0"/><net_sink comp="414" pin=1"/></net>

<net id="7540"><net_src comp="204" pin="0"/><net_sink comp="391" pin=1"/></net>

<net id="7544"><net_src comp="206" pin="0"/><net_sink comp="380" pin=1"/></net>

<net id="7548"><net_src comp="208" pin="0"/><net_sink comp="404" pin=1"/></net>

<net id="7552"><net_src comp="210" pin="0"/><net_sink comp="378" pin=1"/></net>

<net id="7556"><net_src comp="212" pin="0"/><net_sink comp="395" pin=1"/></net>

<net id="7560"><net_src comp="214" pin="0"/><net_sink comp="398" pin=1"/></net>

<net id="7564"><net_src comp="172" pin="0"/><net_sink comp="407" pin=1"/></net>

<net id="7568"><net_src comp="216" pin="0"/><net_sink comp="405" pin=1"/></net>

<net id="7572"><net_src comp="218" pin="0"/><net_sink comp="376" pin=1"/></net>

<net id="7576"><net_src comp="220" pin="0"/><net_sink comp="399" pin=1"/></net>

<net id="7580"><net_src comp="222" pin="0"/><net_sink comp="396" pin=1"/></net>

<net id="7584"><net_src comp="224" pin="0"/><net_sink comp="390" pin=1"/></net>

<net id="7588"><net_src comp="226" pin="0"/><net_sink comp="403" pin=1"/></net>

<net id="7592"><net_src comp="228" pin="0"/><net_sink comp="416" pin=1"/></net>

<net id="7596"><net_src comp="230" pin="0"/><net_sink comp="400" pin=1"/></net>

<net id="7600"><net_src comp="232" pin="0"/><net_sink comp="394" pin=1"/></net>

<net id="7604"><net_src comp="234" pin="0"/><net_sink comp="383" pin=1"/></net>

<net id="7608"><net_src comp="236" pin="0"/><net_sink comp="397" pin=1"/></net>

<net id="7612"><net_src comp="238" pin="0"/><net_sink comp="411" pin=1"/></net>

<net id="7616"><net_src comp="240" pin="0"/><net_sink comp="412" pin=1"/></net>

<net id="7620"><net_src comp="242" pin="0"/><net_sink comp="375" pin=1"/></net>

<net id="7624"><net_src comp="244" pin="0"/><net_sink comp="381" pin=1"/></net>

<net id="7628"><net_src comp="246" pin="0"/><net_sink comp="384" pin=1"/></net>

<net id="7632"><net_src comp="248" pin="0"/><net_sink comp="409" pin=1"/></net>

<net id="7636"><net_src comp="250" pin="0"/><net_sink comp="410" pin=1"/></net>

<net id="7640"><net_src comp="252" pin="0"/><net_sink comp="413" pin=1"/></net>

<net id="7644"><net_src comp="389" pin="2"/><net_sink comp="7641" pin=0"/></net>

<net id="7648"><net_src comp="385" pin="2"/><net_sink comp="7645" pin=0"/></net>

<net id="7652"><net_src comp="388" pin="2"/><net_sink comp="7649" pin=0"/></net>

<net id="7656"><net_src comp="387" pin="2"/><net_sink comp="7653" pin=0"/></net>

<net id="7660"><net_src comp="402" pin="2"/><net_sink comp="7657" pin=0"/></net>

<net id="7664"><net_src comp="415" pin="2"/><net_sink comp="7661" pin=0"/></net>

<net id="7668"><net_src comp="392" pin="2"/><net_sink comp="7665" pin=0"/></net>

<net id="7672"><net_src comp="408" pin="2"/><net_sink comp="7669" pin=0"/></net>

<net id="7676"><net_src comp="401" pin="2"/><net_sink comp="7673" pin=0"/></net>

<net id="7680"><net_src comp="377" pin="2"/><net_sink comp="7677" pin=0"/></net>

<net id="7684"><net_src comp="379" pin="2"/><net_sink comp="7681" pin=0"/></net>

<net id="7688"><net_src comp="382" pin="2"/><net_sink comp="7685" pin=0"/></net>

<net id="7692"><net_src comp="393" pin="2"/><net_sink comp="7689" pin=0"/></net>

<net id="7696"><net_src comp="406" pin="2"/><net_sink comp="7693" pin=0"/></net>

<net id="7700"><net_src comp="386" pin="2"/><net_sink comp="7697" pin=0"/></net>

<net id="7704"><net_src comp="414" pin="2"/><net_sink comp="7701" pin=0"/></net>

<net id="7708"><net_src comp="391" pin="2"/><net_sink comp="7705" pin=0"/></net>

<net id="7712"><net_src comp="380" pin="2"/><net_sink comp="7709" pin=0"/></net>

<net id="7716"><net_src comp="404" pin="2"/><net_sink comp="7713" pin=0"/></net>

<net id="7720"><net_src comp="378" pin="2"/><net_sink comp="7717" pin=0"/></net>

<net id="7724"><net_src comp="395" pin="2"/><net_sink comp="7721" pin=0"/></net>

<net id="7728"><net_src comp="398" pin="2"/><net_sink comp="7725" pin=0"/></net>

<net id="7732"><net_src comp="407" pin="2"/><net_sink comp="7729" pin=0"/></net>

<net id="7736"><net_src comp="405" pin="2"/><net_sink comp="7733" pin=0"/></net>

<net id="7740"><net_src comp="376" pin="2"/><net_sink comp="7737" pin=0"/></net>

<net id="7744"><net_src comp="399" pin="2"/><net_sink comp="7741" pin=0"/></net>

<net id="7748"><net_src comp="396" pin="2"/><net_sink comp="7745" pin=0"/></net>

<net id="7752"><net_src comp="390" pin="2"/><net_sink comp="7749" pin=0"/></net>

<net id="7756"><net_src comp="403" pin="2"/><net_sink comp="7753" pin=0"/></net>

<net id="7760"><net_src comp="416" pin="2"/><net_sink comp="7757" pin=0"/></net>

<net id="7764"><net_src comp="400" pin="2"/><net_sink comp="7761" pin=0"/></net>

<net id="7768"><net_src comp="394" pin="2"/><net_sink comp="7765" pin=0"/></net>

<net id="7772"><net_src comp="383" pin="2"/><net_sink comp="7769" pin=0"/></net>

<net id="7776"><net_src comp="397" pin="2"/><net_sink comp="7773" pin=0"/></net>

<net id="7780"><net_src comp="411" pin="2"/><net_sink comp="7777" pin=0"/></net>

<net id="7784"><net_src comp="412" pin="2"/><net_sink comp="7781" pin=0"/></net>

<net id="7788"><net_src comp="375" pin="2"/><net_sink comp="7785" pin=0"/></net>

<net id="7792"><net_src comp="381" pin="2"/><net_sink comp="7789" pin=0"/></net>

<net id="7796"><net_src comp="384" pin="2"/><net_sink comp="7793" pin=0"/></net>

<net id="7800"><net_src comp="409" pin="2"/><net_sink comp="7797" pin=0"/></net>

<net id="7804"><net_src comp="410" pin="2"/><net_sink comp="7801" pin=0"/></net>

<net id="7808"><net_src comp="413" pin="2"/><net_sink comp="7805" pin=0"/></net>

<net id="7813"><net_src comp="362" pin="2"/><net_sink comp="7810" pin=0"/></net>

<net id="7820"><net_src comp="6" pin="0"/><net_sink comp="7814" pin=0"/></net>

<net id="7821"><net_src comp="362" pin="2"/><net_sink comp="7814" pin=1"/></net>

<net id="7822"><net_src comp="8" pin="0"/><net_sink comp="7814" pin=2"/></net>

<net id="7823"><net_src comp="10" pin="0"/><net_sink comp="7814" pin=3"/></net>

<net id="7830"><net_src comp="6" pin="0"/><net_sink comp="7824" pin=0"/></net>

<net id="7831"><net_src comp="362" pin="2"/><net_sink comp="7824" pin=1"/></net>

<net id="7832"><net_src comp="12" pin="0"/><net_sink comp="7824" pin=2"/></net>

<net id="7833"><net_src comp="14" pin="0"/><net_sink comp="7824" pin=3"/></net>

<net id="7840"><net_src comp="6" pin="0"/><net_sink comp="7834" pin=0"/></net>

<net id="7841"><net_src comp="362" pin="2"/><net_sink comp="7834" pin=1"/></net>

<net id="7842"><net_src comp="16" pin="0"/><net_sink comp="7834" pin=2"/></net>

<net id="7843"><net_src comp="18" pin="0"/><net_sink comp="7834" pin=3"/></net>

<net id="7850"><net_src comp="6" pin="0"/><net_sink comp="7844" pin=0"/></net>

<net id="7851"><net_src comp="362" pin="2"/><net_sink comp="7844" pin=1"/></net>

<net id="7852"><net_src comp="20" pin="0"/><net_sink comp="7844" pin=2"/></net>

<net id="7853"><net_src comp="22" pin="0"/><net_sink comp="7844" pin=3"/></net>

<net id="7860"><net_src comp="6" pin="0"/><net_sink comp="7854" pin=0"/></net>

<net id="7861"><net_src comp="362" pin="2"/><net_sink comp="7854" pin=1"/></net>

<net id="7862"><net_src comp="24" pin="0"/><net_sink comp="7854" pin=2"/></net>

<net id="7863"><net_src comp="26" pin="0"/><net_sink comp="7854" pin=3"/></net>

<net id="7870"><net_src comp="6" pin="0"/><net_sink comp="7864" pin=0"/></net>

<net id="7871"><net_src comp="362" pin="2"/><net_sink comp="7864" pin=1"/></net>

<net id="7872"><net_src comp="28" pin="0"/><net_sink comp="7864" pin=2"/></net>

<net id="7873"><net_src comp="30" pin="0"/><net_sink comp="7864" pin=3"/></net>

<net id="7880"><net_src comp="6" pin="0"/><net_sink comp="7874" pin=0"/></net>

<net id="7881"><net_src comp="362" pin="2"/><net_sink comp="7874" pin=1"/></net>

<net id="7882"><net_src comp="32" pin="0"/><net_sink comp="7874" pin=2"/></net>

<net id="7883"><net_src comp="34" pin="0"/><net_sink comp="7874" pin=3"/></net>

<net id="7890"><net_src comp="6" pin="0"/><net_sink comp="7884" pin=0"/></net>

<net id="7891"><net_src comp="362" pin="2"/><net_sink comp="7884" pin=1"/></net>

<net id="7892"><net_src comp="36" pin="0"/><net_sink comp="7884" pin=2"/></net>

<net id="7893"><net_src comp="38" pin="0"/><net_sink comp="7884" pin=3"/></net>

<net id="7900"><net_src comp="6" pin="0"/><net_sink comp="7894" pin=0"/></net>

<net id="7901"><net_src comp="362" pin="2"/><net_sink comp="7894" pin=1"/></net>

<net id="7902"><net_src comp="40" pin="0"/><net_sink comp="7894" pin=2"/></net>

<net id="7903"><net_src comp="42" pin="0"/><net_sink comp="7894" pin=3"/></net>

<net id="7910"><net_src comp="6" pin="0"/><net_sink comp="7904" pin=0"/></net>

<net id="7911"><net_src comp="362" pin="2"/><net_sink comp="7904" pin=1"/></net>

<net id="7912"><net_src comp="44" pin="0"/><net_sink comp="7904" pin=2"/></net>

<net id="7913"><net_src comp="46" pin="0"/><net_sink comp="7904" pin=3"/></net>

<net id="7920"><net_src comp="6" pin="0"/><net_sink comp="7914" pin=0"/></net>

<net id="7921"><net_src comp="362" pin="2"/><net_sink comp="7914" pin=1"/></net>

<net id="7922"><net_src comp="48" pin="0"/><net_sink comp="7914" pin=2"/></net>

<net id="7923"><net_src comp="50" pin="0"/><net_sink comp="7914" pin=3"/></net>

<net id="7930"><net_src comp="6" pin="0"/><net_sink comp="7924" pin=0"/></net>

<net id="7931"><net_src comp="362" pin="2"/><net_sink comp="7924" pin=1"/></net>

<net id="7932"><net_src comp="52" pin="0"/><net_sink comp="7924" pin=2"/></net>

<net id="7933"><net_src comp="54" pin="0"/><net_sink comp="7924" pin=3"/></net>

<net id="7940"><net_src comp="6" pin="0"/><net_sink comp="7934" pin=0"/></net>

<net id="7941"><net_src comp="362" pin="2"/><net_sink comp="7934" pin=1"/></net>

<net id="7942"><net_src comp="56" pin="0"/><net_sink comp="7934" pin=2"/></net>

<net id="7943"><net_src comp="58" pin="0"/><net_sink comp="7934" pin=3"/></net>

<net id="7950"><net_src comp="6" pin="0"/><net_sink comp="7944" pin=0"/></net>

<net id="7951"><net_src comp="362" pin="2"/><net_sink comp="7944" pin=1"/></net>

<net id="7952"><net_src comp="60" pin="0"/><net_sink comp="7944" pin=2"/></net>

<net id="7953"><net_src comp="62" pin="0"/><net_sink comp="7944" pin=3"/></net>

<net id="7960"><net_src comp="6" pin="0"/><net_sink comp="7954" pin=0"/></net>

<net id="7961"><net_src comp="362" pin="2"/><net_sink comp="7954" pin=1"/></net>

<net id="7962"><net_src comp="64" pin="0"/><net_sink comp="7954" pin=2"/></net>

<net id="7963"><net_src comp="66" pin="0"/><net_sink comp="7954" pin=3"/></net>

<net id="7970"><net_src comp="6" pin="0"/><net_sink comp="7964" pin=0"/></net>

<net id="7971"><net_src comp="362" pin="2"/><net_sink comp="7964" pin=1"/></net>

<net id="7972"><net_src comp="68" pin="0"/><net_sink comp="7964" pin=2"/></net>

<net id="7973"><net_src comp="70" pin="0"/><net_sink comp="7964" pin=3"/></net>

<net id="7980"><net_src comp="6" pin="0"/><net_sink comp="7974" pin=0"/></net>

<net id="7981"><net_src comp="362" pin="2"/><net_sink comp="7974" pin=1"/></net>

<net id="7982"><net_src comp="72" pin="0"/><net_sink comp="7974" pin=2"/></net>

<net id="7983"><net_src comp="74" pin="0"/><net_sink comp="7974" pin=3"/></net>

<net id="7990"><net_src comp="6" pin="0"/><net_sink comp="7984" pin=0"/></net>

<net id="7991"><net_src comp="362" pin="2"/><net_sink comp="7984" pin=1"/></net>

<net id="7992"><net_src comp="76" pin="0"/><net_sink comp="7984" pin=2"/></net>

<net id="7993"><net_src comp="78" pin="0"/><net_sink comp="7984" pin=3"/></net>

<net id="8000"><net_src comp="6" pin="0"/><net_sink comp="7994" pin=0"/></net>

<net id="8001"><net_src comp="362" pin="2"/><net_sink comp="7994" pin=1"/></net>

<net id="8002"><net_src comp="80" pin="0"/><net_sink comp="7994" pin=2"/></net>

<net id="8003"><net_src comp="82" pin="0"/><net_sink comp="7994" pin=3"/></net>

<net id="8010"><net_src comp="6" pin="0"/><net_sink comp="8004" pin=0"/></net>

<net id="8011"><net_src comp="362" pin="2"/><net_sink comp="8004" pin=1"/></net>

<net id="8012"><net_src comp="84" pin="0"/><net_sink comp="8004" pin=2"/></net>

<net id="8013"><net_src comp="86" pin="0"/><net_sink comp="8004" pin=3"/></net>

<net id="8020"><net_src comp="6" pin="0"/><net_sink comp="8014" pin=0"/></net>

<net id="8021"><net_src comp="362" pin="2"/><net_sink comp="8014" pin=1"/></net>

<net id="8022"><net_src comp="88" pin="0"/><net_sink comp="8014" pin=2"/></net>

<net id="8023"><net_src comp="90" pin="0"/><net_sink comp="8014" pin=3"/></net>

<net id="8030"><net_src comp="6" pin="0"/><net_sink comp="8024" pin=0"/></net>

<net id="8031"><net_src comp="362" pin="2"/><net_sink comp="8024" pin=1"/></net>

<net id="8032"><net_src comp="92" pin="0"/><net_sink comp="8024" pin=2"/></net>

<net id="8033"><net_src comp="94" pin="0"/><net_sink comp="8024" pin=3"/></net>

<net id="8040"><net_src comp="6" pin="0"/><net_sink comp="8034" pin=0"/></net>

<net id="8041"><net_src comp="362" pin="2"/><net_sink comp="8034" pin=1"/></net>

<net id="8042"><net_src comp="96" pin="0"/><net_sink comp="8034" pin=2"/></net>

<net id="8043"><net_src comp="98" pin="0"/><net_sink comp="8034" pin=3"/></net>

<net id="8050"><net_src comp="6" pin="0"/><net_sink comp="8044" pin=0"/></net>

<net id="8051"><net_src comp="362" pin="2"/><net_sink comp="8044" pin=1"/></net>

<net id="8052"><net_src comp="100" pin="0"/><net_sink comp="8044" pin=2"/></net>

<net id="8053"><net_src comp="102" pin="0"/><net_sink comp="8044" pin=3"/></net>

<net id="8060"><net_src comp="6" pin="0"/><net_sink comp="8054" pin=0"/></net>

<net id="8061"><net_src comp="362" pin="2"/><net_sink comp="8054" pin=1"/></net>

<net id="8062"><net_src comp="104" pin="0"/><net_sink comp="8054" pin=2"/></net>

<net id="8063"><net_src comp="106" pin="0"/><net_sink comp="8054" pin=3"/></net>

<net id="8070"><net_src comp="6" pin="0"/><net_sink comp="8064" pin=0"/></net>

<net id="8071"><net_src comp="362" pin="2"/><net_sink comp="8064" pin=1"/></net>

<net id="8072"><net_src comp="108" pin="0"/><net_sink comp="8064" pin=2"/></net>

<net id="8073"><net_src comp="110" pin="0"/><net_sink comp="8064" pin=3"/></net>

<net id="8080"><net_src comp="6" pin="0"/><net_sink comp="8074" pin=0"/></net>

<net id="8081"><net_src comp="362" pin="2"/><net_sink comp="8074" pin=1"/></net>

<net id="8082"><net_src comp="112" pin="0"/><net_sink comp="8074" pin=2"/></net>

<net id="8083"><net_src comp="114" pin="0"/><net_sink comp="8074" pin=3"/></net>

<net id="8090"><net_src comp="6" pin="0"/><net_sink comp="8084" pin=0"/></net>

<net id="8091"><net_src comp="362" pin="2"/><net_sink comp="8084" pin=1"/></net>

<net id="8092"><net_src comp="116" pin="0"/><net_sink comp="8084" pin=2"/></net>

<net id="8093"><net_src comp="118" pin="0"/><net_sink comp="8084" pin=3"/></net>

<net id="8100"><net_src comp="6" pin="0"/><net_sink comp="8094" pin=0"/></net>

<net id="8101"><net_src comp="362" pin="2"/><net_sink comp="8094" pin=1"/></net>

<net id="8102"><net_src comp="120" pin="0"/><net_sink comp="8094" pin=2"/></net>

<net id="8103"><net_src comp="122" pin="0"/><net_sink comp="8094" pin=3"/></net>

<net id="8110"><net_src comp="6" pin="0"/><net_sink comp="8104" pin=0"/></net>

<net id="8111"><net_src comp="362" pin="2"/><net_sink comp="8104" pin=1"/></net>

<net id="8112"><net_src comp="124" pin="0"/><net_sink comp="8104" pin=2"/></net>

<net id="8113"><net_src comp="126" pin="0"/><net_sink comp="8104" pin=3"/></net>

<net id="8120"><net_src comp="6" pin="0"/><net_sink comp="8114" pin=0"/></net>

<net id="8121"><net_src comp="362" pin="2"/><net_sink comp="8114" pin=1"/></net>

<net id="8122"><net_src comp="128" pin="0"/><net_sink comp="8114" pin=2"/></net>

<net id="8123"><net_src comp="130" pin="0"/><net_sink comp="8114" pin=3"/></net>

<net id="8130"><net_src comp="6" pin="0"/><net_sink comp="8124" pin=0"/></net>

<net id="8131"><net_src comp="362" pin="2"/><net_sink comp="8124" pin=1"/></net>

<net id="8132"><net_src comp="132" pin="0"/><net_sink comp="8124" pin=2"/></net>

<net id="8133"><net_src comp="134" pin="0"/><net_sink comp="8124" pin=3"/></net>

<net id="8140"><net_src comp="6" pin="0"/><net_sink comp="8134" pin=0"/></net>

<net id="8141"><net_src comp="362" pin="2"/><net_sink comp="8134" pin=1"/></net>

<net id="8142"><net_src comp="136" pin="0"/><net_sink comp="8134" pin=2"/></net>

<net id="8143"><net_src comp="138" pin="0"/><net_sink comp="8134" pin=3"/></net>

<net id="8150"><net_src comp="6" pin="0"/><net_sink comp="8144" pin=0"/></net>

<net id="8151"><net_src comp="362" pin="2"/><net_sink comp="8144" pin=1"/></net>

<net id="8152"><net_src comp="140" pin="0"/><net_sink comp="8144" pin=2"/></net>

<net id="8153"><net_src comp="142" pin="0"/><net_sink comp="8144" pin=3"/></net>

<net id="8160"><net_src comp="6" pin="0"/><net_sink comp="8154" pin=0"/></net>

<net id="8161"><net_src comp="362" pin="2"/><net_sink comp="8154" pin=1"/></net>

<net id="8162"><net_src comp="144" pin="0"/><net_sink comp="8154" pin=2"/></net>

<net id="8163"><net_src comp="146" pin="0"/><net_sink comp="8154" pin=3"/></net>

<net id="8170"><net_src comp="6" pin="0"/><net_sink comp="8164" pin=0"/></net>

<net id="8171"><net_src comp="362" pin="2"/><net_sink comp="8164" pin=1"/></net>

<net id="8172"><net_src comp="148" pin="0"/><net_sink comp="8164" pin=2"/></net>

<net id="8173"><net_src comp="150" pin="0"/><net_sink comp="8164" pin=3"/></net>

<net id="8180"><net_src comp="6" pin="0"/><net_sink comp="8174" pin=0"/></net>

<net id="8181"><net_src comp="362" pin="2"/><net_sink comp="8174" pin=1"/></net>

<net id="8182"><net_src comp="152" pin="0"/><net_sink comp="8174" pin=2"/></net>

<net id="8183"><net_src comp="154" pin="0"/><net_sink comp="8174" pin=3"/></net>

<net id="8190"><net_src comp="6" pin="0"/><net_sink comp="8184" pin=0"/></net>

<net id="8191"><net_src comp="362" pin="2"/><net_sink comp="8184" pin=1"/></net>

<net id="8192"><net_src comp="156" pin="0"/><net_sink comp="8184" pin=2"/></net>

<net id="8193"><net_src comp="158" pin="0"/><net_sink comp="8184" pin=3"/></net>

<net id="8200"><net_src comp="6" pin="0"/><net_sink comp="8194" pin=0"/></net>

<net id="8201"><net_src comp="362" pin="2"/><net_sink comp="8194" pin=1"/></net>

<net id="8202"><net_src comp="160" pin="0"/><net_sink comp="8194" pin=2"/></net>

<net id="8203"><net_src comp="162" pin="0"/><net_sink comp="8194" pin=3"/></net>

<net id="8210"><net_src comp="6" pin="0"/><net_sink comp="8204" pin=0"/></net>

<net id="8211"><net_src comp="362" pin="2"/><net_sink comp="8204" pin=1"/></net>

<net id="8212"><net_src comp="164" pin="0"/><net_sink comp="8204" pin=2"/></net>

<net id="8213"><net_src comp="166" pin="0"/><net_sink comp="8204" pin=3"/></net>

<net id="8220"><net_src comp="6" pin="0"/><net_sink comp="8214" pin=0"/></net>

<net id="8221"><net_src comp="362" pin="2"/><net_sink comp="8214" pin=1"/></net>

<net id="8222"><net_src comp="168" pin="0"/><net_sink comp="8214" pin=2"/></net>

<net id="8223"><net_src comp="170" pin="0"/><net_sink comp="8214" pin=3"/></net>

<net id="8227"><net_src comp="7810" pin="1"/><net_sink comp="8224" pin=0"/></net>

<net id="8228"><net_src comp="8224" pin="1"/><net_sink comp="389" pin=0"/></net>

<net id="8232"><net_src comp="7834" pin="4"/><net_sink comp="8229" pin=0"/></net>

<net id="8233"><net_src comp="8229" pin="1"/><net_sink comp="385" pin=0"/></net>

<net id="8237"><net_src comp="7844" pin="4"/><net_sink comp="8234" pin=0"/></net>

<net id="8238"><net_src comp="8234" pin="1"/><net_sink comp="388" pin=0"/></net>

<net id="8242"><net_src comp="7854" pin="4"/><net_sink comp="8239" pin=0"/></net>

<net id="8243"><net_src comp="8239" pin="1"/><net_sink comp="387" pin=0"/></net>

<net id="8247"><net_src comp="7864" pin="4"/><net_sink comp="8244" pin=0"/></net>

<net id="8248"><net_src comp="8244" pin="1"/><net_sink comp="402" pin=0"/></net>

<net id="8252"><net_src comp="7874" pin="4"/><net_sink comp="8249" pin=0"/></net>

<net id="8253"><net_src comp="8249" pin="1"/><net_sink comp="415" pin=0"/></net>

<net id="8257"><net_src comp="7884" pin="4"/><net_sink comp="8254" pin=0"/></net>

<net id="8258"><net_src comp="8254" pin="1"/><net_sink comp="392" pin=0"/></net>

<net id="8262"><net_src comp="7894" pin="4"/><net_sink comp="8259" pin=0"/></net>

<net id="8263"><net_src comp="8259" pin="1"/><net_sink comp="408" pin=0"/></net>

<net id="8267"><net_src comp="7904" pin="4"/><net_sink comp="8264" pin=0"/></net>

<net id="8268"><net_src comp="8264" pin="1"/><net_sink comp="401" pin=0"/></net>

<net id="8272"><net_src comp="7914" pin="4"/><net_sink comp="8269" pin=0"/></net>

<net id="8273"><net_src comp="8269" pin="1"/><net_sink comp="377" pin=0"/></net>

<net id="8277"><net_src comp="7924" pin="4"/><net_sink comp="8274" pin=0"/></net>

<net id="8278"><net_src comp="8274" pin="1"/><net_sink comp="379" pin=0"/></net>

<net id="8282"><net_src comp="7934" pin="4"/><net_sink comp="8279" pin=0"/></net>

<net id="8283"><net_src comp="8279" pin="1"/><net_sink comp="382" pin=0"/></net>

<net id="8287"><net_src comp="7944" pin="4"/><net_sink comp="8284" pin=0"/></net>

<net id="8288"><net_src comp="8284" pin="1"/><net_sink comp="393" pin=0"/></net>

<net id="8292"><net_src comp="7954" pin="4"/><net_sink comp="8289" pin=0"/></net>

<net id="8293"><net_src comp="8289" pin="1"/><net_sink comp="406" pin=0"/></net>

<net id="8297"><net_src comp="7964" pin="4"/><net_sink comp="8294" pin=0"/></net>

<net id="8298"><net_src comp="8294" pin="1"/><net_sink comp="386" pin=0"/></net>

<net id="8302"><net_src comp="7974" pin="4"/><net_sink comp="8299" pin=0"/></net>

<net id="8303"><net_src comp="8299" pin="1"/><net_sink comp="414" pin=0"/></net>

<net id="8307"><net_src comp="7984" pin="4"/><net_sink comp="8304" pin=0"/></net>

<net id="8308"><net_src comp="8304" pin="1"/><net_sink comp="391" pin=0"/></net>

<net id="8312"><net_src comp="7994" pin="4"/><net_sink comp="8309" pin=0"/></net>

<net id="8313"><net_src comp="8309" pin="1"/><net_sink comp="380" pin=0"/></net>

<net id="8317"><net_src comp="8004" pin="4"/><net_sink comp="8314" pin=0"/></net>

<net id="8318"><net_src comp="8314" pin="1"/><net_sink comp="404" pin=0"/></net>

<net id="8322"><net_src comp="8014" pin="4"/><net_sink comp="8319" pin=0"/></net>

<net id="8323"><net_src comp="8319" pin="1"/><net_sink comp="378" pin=0"/></net>

<net id="8327"><net_src comp="8024" pin="4"/><net_sink comp="8324" pin=0"/></net>

<net id="8328"><net_src comp="8324" pin="1"/><net_sink comp="395" pin=0"/></net>

<net id="8332"><net_src comp="8034" pin="4"/><net_sink comp="8329" pin=0"/></net>

<net id="8333"><net_src comp="8329" pin="1"/><net_sink comp="398" pin=0"/></net>

<net id="8337"><net_src comp="8044" pin="4"/><net_sink comp="8334" pin=0"/></net>

<net id="8338"><net_src comp="8334" pin="1"/><net_sink comp="407" pin=0"/></net>

<net id="8342"><net_src comp="8054" pin="4"/><net_sink comp="8339" pin=0"/></net>

<net id="8343"><net_src comp="8339" pin="1"/><net_sink comp="405" pin=0"/></net>

<net id="8347"><net_src comp="8064" pin="4"/><net_sink comp="8344" pin=0"/></net>

<net id="8348"><net_src comp="8344" pin="1"/><net_sink comp="376" pin=0"/></net>

<net id="8352"><net_src comp="8074" pin="4"/><net_sink comp="8349" pin=0"/></net>

<net id="8353"><net_src comp="8349" pin="1"/><net_sink comp="399" pin=0"/></net>

<net id="8357"><net_src comp="8084" pin="4"/><net_sink comp="8354" pin=0"/></net>

<net id="8358"><net_src comp="8354" pin="1"/><net_sink comp="396" pin=0"/></net>

<net id="8362"><net_src comp="8094" pin="4"/><net_sink comp="8359" pin=0"/></net>

<net id="8363"><net_src comp="8359" pin="1"/><net_sink comp="390" pin=0"/></net>

<net id="8367"><net_src comp="8104" pin="4"/><net_sink comp="8364" pin=0"/></net>

<net id="8368"><net_src comp="8364" pin="1"/><net_sink comp="403" pin=0"/></net>

<net id="8372"><net_src comp="8114" pin="4"/><net_sink comp="8369" pin=0"/></net>

<net id="8373"><net_src comp="8369" pin="1"/><net_sink comp="416" pin=0"/></net>

<net id="8377"><net_src comp="8124" pin="4"/><net_sink comp="8374" pin=0"/></net>

<net id="8378"><net_src comp="8374" pin="1"/><net_sink comp="400" pin=0"/></net>

<net id="8382"><net_src comp="8134" pin="4"/><net_sink comp="8379" pin=0"/></net>

<net id="8383"><net_src comp="8379" pin="1"/><net_sink comp="394" pin=0"/></net>

<net id="8387"><net_src comp="8144" pin="4"/><net_sink comp="8384" pin=0"/></net>

<net id="8388"><net_src comp="8384" pin="1"/><net_sink comp="383" pin=0"/></net>

<net id="8392"><net_src comp="8154" pin="4"/><net_sink comp="8389" pin=0"/></net>

<net id="8393"><net_src comp="8389" pin="1"/><net_sink comp="397" pin=0"/></net>

<net id="8397"><net_src comp="8164" pin="4"/><net_sink comp="8394" pin=0"/></net>

<net id="8398"><net_src comp="8394" pin="1"/><net_sink comp="411" pin=0"/></net>

<net id="8402"><net_src comp="8174" pin="4"/><net_sink comp="8399" pin=0"/></net>

<net id="8403"><net_src comp="8399" pin="1"/><net_sink comp="412" pin=0"/></net>

<net id="8407"><net_src comp="8184" pin="4"/><net_sink comp="8404" pin=0"/></net>

<net id="8408"><net_src comp="8404" pin="1"/><net_sink comp="375" pin=0"/></net>

<net id="8412"><net_src comp="8194" pin="4"/><net_sink comp="8409" pin=0"/></net>

<net id="8413"><net_src comp="8409" pin="1"/><net_sink comp="381" pin=0"/></net>

<net id="8417"><net_src comp="8204" pin="4"/><net_sink comp="8414" pin=0"/></net>

<net id="8418"><net_src comp="8414" pin="1"/><net_sink comp="384" pin=0"/></net>

<net id="8422"><net_src comp="8214" pin="4"/><net_sink comp="8419" pin=0"/></net>

<net id="8423"><net_src comp="8419" pin="1"/><net_sink comp="409" pin=0"/></net>

<net id="8427"><net_src comp="7814" pin="4"/><net_sink comp="8424" pin=0"/></net>

<net id="8428"><net_src comp="8424" pin="1"/><net_sink comp="410" pin=0"/></net>

<net id="8432"><net_src comp="7824" pin="4"/><net_sink comp="8429" pin=0"/></net>

<net id="8433"><net_src comp="8429" pin="1"/><net_sink comp="413" pin=0"/></net>

<net id="8438"><net_src comp="7641" pin="1"/><net_sink comp="8434" pin=0"/></net>

<net id="8439"><net_src comp="270" pin="0"/><net_sink comp="8434" pin=1"/></net>

<net id="8446"><net_src comp="272" pin="0"/><net_sink comp="8440" pin=0"/></net>

<net id="8447"><net_src comp="8434" pin="2"/><net_sink comp="8440" pin=1"/></net>

<net id="8448"><net_src comp="274" pin="0"/><net_sink comp="8440" pin=2"/></net>

<net id="8449"><net_src comp="276" pin="0"/><net_sink comp="8440" pin=3"/></net>

<net id="8454"><net_src comp="7645" pin="1"/><net_sink comp="8450" pin=0"/></net>

<net id="8455"><net_src comp="278" pin="0"/><net_sink comp="8450" pin=1"/></net>

<net id="8462"><net_src comp="272" pin="0"/><net_sink comp="8456" pin=0"/></net>

<net id="8463"><net_src comp="8450" pin="2"/><net_sink comp="8456" pin=1"/></net>

<net id="8464"><net_src comp="274" pin="0"/><net_sink comp="8456" pin=2"/></net>

<net id="8465"><net_src comp="276" pin="0"/><net_sink comp="8456" pin=3"/></net>

<net id="8470"><net_src comp="7649" pin="1"/><net_sink comp="8466" pin=0"/></net>

<net id="8471"><net_src comp="280" pin="0"/><net_sink comp="8466" pin=1"/></net>

<net id="8478"><net_src comp="272" pin="0"/><net_sink comp="8472" pin=0"/></net>

<net id="8479"><net_src comp="8466" pin="2"/><net_sink comp="8472" pin=1"/></net>

<net id="8480"><net_src comp="274" pin="0"/><net_sink comp="8472" pin=2"/></net>

<net id="8481"><net_src comp="276" pin="0"/><net_sink comp="8472" pin=3"/></net>

<net id="8486"><net_src comp="7653" pin="1"/><net_sink comp="8482" pin=0"/></net>

<net id="8487"><net_src comp="282" pin="0"/><net_sink comp="8482" pin=1"/></net>

<net id="8494"><net_src comp="272" pin="0"/><net_sink comp="8488" pin=0"/></net>

<net id="8495"><net_src comp="8482" pin="2"/><net_sink comp="8488" pin=1"/></net>

<net id="8496"><net_src comp="274" pin="0"/><net_sink comp="8488" pin=2"/></net>

<net id="8497"><net_src comp="276" pin="0"/><net_sink comp="8488" pin=3"/></net>

<net id="8502"><net_src comp="7657" pin="1"/><net_sink comp="8498" pin=0"/></net>

<net id="8503"><net_src comp="284" pin="0"/><net_sink comp="8498" pin=1"/></net>

<net id="8510"><net_src comp="272" pin="0"/><net_sink comp="8504" pin=0"/></net>

<net id="8511"><net_src comp="8498" pin="2"/><net_sink comp="8504" pin=1"/></net>

<net id="8512"><net_src comp="274" pin="0"/><net_sink comp="8504" pin=2"/></net>

<net id="8513"><net_src comp="276" pin="0"/><net_sink comp="8504" pin=3"/></net>

<net id="8518"><net_src comp="7661" pin="1"/><net_sink comp="8514" pin=0"/></net>

<net id="8519"><net_src comp="286" pin="0"/><net_sink comp="8514" pin=1"/></net>

<net id="8526"><net_src comp="272" pin="0"/><net_sink comp="8520" pin=0"/></net>

<net id="8527"><net_src comp="8514" pin="2"/><net_sink comp="8520" pin=1"/></net>

<net id="8528"><net_src comp="274" pin="0"/><net_sink comp="8520" pin=2"/></net>

<net id="8529"><net_src comp="276" pin="0"/><net_sink comp="8520" pin=3"/></net>

<net id="8534"><net_src comp="7665" pin="1"/><net_sink comp="8530" pin=0"/></net>

<net id="8535"><net_src comp="288" pin="0"/><net_sink comp="8530" pin=1"/></net>

<net id="8542"><net_src comp="272" pin="0"/><net_sink comp="8536" pin=0"/></net>

<net id="8543"><net_src comp="8530" pin="2"/><net_sink comp="8536" pin=1"/></net>

<net id="8544"><net_src comp="274" pin="0"/><net_sink comp="8536" pin=2"/></net>

<net id="8545"><net_src comp="276" pin="0"/><net_sink comp="8536" pin=3"/></net>

<net id="8550"><net_src comp="7669" pin="1"/><net_sink comp="8546" pin=0"/></net>

<net id="8551"><net_src comp="290" pin="0"/><net_sink comp="8546" pin=1"/></net>

<net id="8558"><net_src comp="272" pin="0"/><net_sink comp="8552" pin=0"/></net>

<net id="8559"><net_src comp="8546" pin="2"/><net_sink comp="8552" pin=1"/></net>

<net id="8560"><net_src comp="274" pin="0"/><net_sink comp="8552" pin=2"/></net>

<net id="8561"><net_src comp="276" pin="0"/><net_sink comp="8552" pin=3"/></net>

<net id="8566"><net_src comp="7673" pin="1"/><net_sink comp="8562" pin=0"/></net>

<net id="8567"><net_src comp="292" pin="0"/><net_sink comp="8562" pin=1"/></net>

<net id="8574"><net_src comp="272" pin="0"/><net_sink comp="8568" pin=0"/></net>

<net id="8575"><net_src comp="8562" pin="2"/><net_sink comp="8568" pin=1"/></net>

<net id="8576"><net_src comp="274" pin="0"/><net_sink comp="8568" pin=2"/></net>

<net id="8577"><net_src comp="276" pin="0"/><net_sink comp="8568" pin=3"/></net>

<net id="8582"><net_src comp="7677" pin="1"/><net_sink comp="8578" pin=0"/></net>

<net id="8583"><net_src comp="294" pin="0"/><net_sink comp="8578" pin=1"/></net>

<net id="8590"><net_src comp="272" pin="0"/><net_sink comp="8584" pin=0"/></net>

<net id="8591"><net_src comp="8578" pin="2"/><net_sink comp="8584" pin=1"/></net>

<net id="8592"><net_src comp="274" pin="0"/><net_sink comp="8584" pin=2"/></net>

<net id="8593"><net_src comp="276" pin="0"/><net_sink comp="8584" pin=3"/></net>

<net id="8598"><net_src comp="7681" pin="1"/><net_sink comp="8594" pin=0"/></net>

<net id="8599"><net_src comp="296" pin="0"/><net_sink comp="8594" pin=1"/></net>

<net id="8606"><net_src comp="272" pin="0"/><net_sink comp="8600" pin=0"/></net>

<net id="8607"><net_src comp="8594" pin="2"/><net_sink comp="8600" pin=1"/></net>

<net id="8608"><net_src comp="274" pin="0"/><net_sink comp="8600" pin=2"/></net>

<net id="8609"><net_src comp="276" pin="0"/><net_sink comp="8600" pin=3"/></net>

<net id="8614"><net_src comp="7685" pin="1"/><net_sink comp="8610" pin=0"/></net>

<net id="8615"><net_src comp="298" pin="0"/><net_sink comp="8610" pin=1"/></net>

<net id="8622"><net_src comp="272" pin="0"/><net_sink comp="8616" pin=0"/></net>

<net id="8623"><net_src comp="8610" pin="2"/><net_sink comp="8616" pin=1"/></net>

<net id="8624"><net_src comp="274" pin="0"/><net_sink comp="8616" pin=2"/></net>

<net id="8625"><net_src comp="276" pin="0"/><net_sink comp="8616" pin=3"/></net>

<net id="8630"><net_src comp="7689" pin="1"/><net_sink comp="8626" pin=0"/></net>

<net id="8631"><net_src comp="300" pin="0"/><net_sink comp="8626" pin=1"/></net>

<net id="8638"><net_src comp="272" pin="0"/><net_sink comp="8632" pin=0"/></net>

<net id="8639"><net_src comp="8626" pin="2"/><net_sink comp="8632" pin=1"/></net>

<net id="8640"><net_src comp="274" pin="0"/><net_sink comp="8632" pin=2"/></net>

<net id="8641"><net_src comp="276" pin="0"/><net_sink comp="8632" pin=3"/></net>

<net id="8646"><net_src comp="7693" pin="1"/><net_sink comp="8642" pin=0"/></net>

<net id="8647"><net_src comp="302" pin="0"/><net_sink comp="8642" pin=1"/></net>

<net id="8654"><net_src comp="272" pin="0"/><net_sink comp="8648" pin=0"/></net>

<net id="8655"><net_src comp="8642" pin="2"/><net_sink comp="8648" pin=1"/></net>

<net id="8656"><net_src comp="274" pin="0"/><net_sink comp="8648" pin=2"/></net>

<net id="8657"><net_src comp="276" pin="0"/><net_sink comp="8648" pin=3"/></net>

<net id="8662"><net_src comp="7697" pin="1"/><net_sink comp="8658" pin=0"/></net>

<net id="8663"><net_src comp="304" pin="0"/><net_sink comp="8658" pin=1"/></net>

<net id="8670"><net_src comp="272" pin="0"/><net_sink comp="8664" pin=0"/></net>

<net id="8671"><net_src comp="8658" pin="2"/><net_sink comp="8664" pin=1"/></net>

<net id="8672"><net_src comp="274" pin="0"/><net_sink comp="8664" pin=2"/></net>

<net id="8673"><net_src comp="276" pin="0"/><net_sink comp="8664" pin=3"/></net>

<net id="8678"><net_src comp="7701" pin="1"/><net_sink comp="8674" pin=0"/></net>

<net id="8679"><net_src comp="306" pin="0"/><net_sink comp="8674" pin=1"/></net>

<net id="8686"><net_src comp="272" pin="0"/><net_sink comp="8680" pin=0"/></net>

<net id="8687"><net_src comp="8674" pin="2"/><net_sink comp="8680" pin=1"/></net>

<net id="8688"><net_src comp="274" pin="0"/><net_sink comp="8680" pin=2"/></net>

<net id="8689"><net_src comp="276" pin="0"/><net_sink comp="8680" pin=3"/></net>

<net id="8694"><net_src comp="7705" pin="1"/><net_sink comp="8690" pin=0"/></net>

<net id="8695"><net_src comp="308" pin="0"/><net_sink comp="8690" pin=1"/></net>

<net id="8702"><net_src comp="272" pin="0"/><net_sink comp="8696" pin=0"/></net>

<net id="8703"><net_src comp="8690" pin="2"/><net_sink comp="8696" pin=1"/></net>

<net id="8704"><net_src comp="274" pin="0"/><net_sink comp="8696" pin=2"/></net>

<net id="8705"><net_src comp="276" pin="0"/><net_sink comp="8696" pin=3"/></net>

<net id="8710"><net_src comp="7709" pin="1"/><net_sink comp="8706" pin=0"/></net>

<net id="8711"><net_src comp="310" pin="0"/><net_sink comp="8706" pin=1"/></net>

<net id="8718"><net_src comp="272" pin="0"/><net_sink comp="8712" pin=0"/></net>

<net id="8719"><net_src comp="8706" pin="2"/><net_sink comp="8712" pin=1"/></net>

<net id="8720"><net_src comp="274" pin="0"/><net_sink comp="8712" pin=2"/></net>

<net id="8721"><net_src comp="276" pin="0"/><net_sink comp="8712" pin=3"/></net>

<net id="8726"><net_src comp="7713" pin="1"/><net_sink comp="8722" pin=0"/></net>

<net id="8727"><net_src comp="312" pin="0"/><net_sink comp="8722" pin=1"/></net>

<net id="8734"><net_src comp="272" pin="0"/><net_sink comp="8728" pin=0"/></net>

<net id="8735"><net_src comp="8722" pin="2"/><net_sink comp="8728" pin=1"/></net>

<net id="8736"><net_src comp="274" pin="0"/><net_sink comp="8728" pin=2"/></net>

<net id="8737"><net_src comp="276" pin="0"/><net_sink comp="8728" pin=3"/></net>

<net id="8742"><net_src comp="7717" pin="1"/><net_sink comp="8738" pin=0"/></net>

<net id="8743"><net_src comp="314" pin="0"/><net_sink comp="8738" pin=1"/></net>

<net id="8750"><net_src comp="272" pin="0"/><net_sink comp="8744" pin=0"/></net>

<net id="8751"><net_src comp="8738" pin="2"/><net_sink comp="8744" pin=1"/></net>

<net id="8752"><net_src comp="274" pin="0"/><net_sink comp="8744" pin=2"/></net>

<net id="8753"><net_src comp="276" pin="0"/><net_sink comp="8744" pin=3"/></net>

<net id="8758"><net_src comp="7721" pin="1"/><net_sink comp="8754" pin=0"/></net>

<net id="8759"><net_src comp="280" pin="0"/><net_sink comp="8754" pin=1"/></net>

<net id="8766"><net_src comp="272" pin="0"/><net_sink comp="8760" pin=0"/></net>

<net id="8767"><net_src comp="8754" pin="2"/><net_sink comp="8760" pin=1"/></net>

<net id="8768"><net_src comp="274" pin="0"/><net_sink comp="8760" pin=2"/></net>

<net id="8769"><net_src comp="276" pin="0"/><net_sink comp="8760" pin=3"/></net>

<net id="8774"><net_src comp="7725" pin="1"/><net_sink comp="8770" pin=0"/></net>

<net id="8775"><net_src comp="316" pin="0"/><net_sink comp="8770" pin=1"/></net>

<net id="8782"><net_src comp="272" pin="0"/><net_sink comp="8776" pin=0"/></net>

<net id="8783"><net_src comp="8770" pin="2"/><net_sink comp="8776" pin=1"/></net>

<net id="8784"><net_src comp="274" pin="0"/><net_sink comp="8776" pin=2"/></net>

<net id="8785"><net_src comp="276" pin="0"/><net_sink comp="8776" pin=3"/></net>

<net id="8790"><net_src comp="7729" pin="1"/><net_sink comp="8786" pin=0"/></net>

<net id="8791"><net_src comp="318" pin="0"/><net_sink comp="8786" pin=1"/></net>

<net id="8798"><net_src comp="272" pin="0"/><net_sink comp="8792" pin=0"/></net>

<net id="8799"><net_src comp="8786" pin="2"/><net_sink comp="8792" pin=1"/></net>

<net id="8800"><net_src comp="274" pin="0"/><net_sink comp="8792" pin=2"/></net>

<net id="8801"><net_src comp="276" pin="0"/><net_sink comp="8792" pin=3"/></net>

<net id="8806"><net_src comp="7733" pin="1"/><net_sink comp="8802" pin=0"/></net>

<net id="8807"><net_src comp="320" pin="0"/><net_sink comp="8802" pin=1"/></net>

<net id="8814"><net_src comp="272" pin="0"/><net_sink comp="8808" pin=0"/></net>

<net id="8815"><net_src comp="8802" pin="2"/><net_sink comp="8808" pin=1"/></net>

<net id="8816"><net_src comp="274" pin="0"/><net_sink comp="8808" pin=2"/></net>

<net id="8817"><net_src comp="276" pin="0"/><net_sink comp="8808" pin=3"/></net>

<net id="8822"><net_src comp="7737" pin="1"/><net_sink comp="8818" pin=0"/></net>

<net id="8823"><net_src comp="322" pin="0"/><net_sink comp="8818" pin=1"/></net>

<net id="8830"><net_src comp="272" pin="0"/><net_sink comp="8824" pin=0"/></net>

<net id="8831"><net_src comp="8818" pin="2"/><net_sink comp="8824" pin=1"/></net>

<net id="8832"><net_src comp="274" pin="0"/><net_sink comp="8824" pin=2"/></net>

<net id="8833"><net_src comp="276" pin="0"/><net_sink comp="8824" pin=3"/></net>

<net id="8838"><net_src comp="7741" pin="1"/><net_sink comp="8834" pin=0"/></net>

<net id="8839"><net_src comp="324" pin="0"/><net_sink comp="8834" pin=1"/></net>

<net id="8846"><net_src comp="272" pin="0"/><net_sink comp="8840" pin=0"/></net>

<net id="8847"><net_src comp="8834" pin="2"/><net_sink comp="8840" pin=1"/></net>

<net id="8848"><net_src comp="274" pin="0"/><net_sink comp="8840" pin=2"/></net>

<net id="8849"><net_src comp="276" pin="0"/><net_sink comp="8840" pin=3"/></net>

<net id="8854"><net_src comp="7745" pin="1"/><net_sink comp="8850" pin=0"/></net>

<net id="8855"><net_src comp="326" pin="0"/><net_sink comp="8850" pin=1"/></net>

<net id="8862"><net_src comp="272" pin="0"/><net_sink comp="8856" pin=0"/></net>

<net id="8863"><net_src comp="8850" pin="2"/><net_sink comp="8856" pin=1"/></net>

<net id="8864"><net_src comp="274" pin="0"/><net_sink comp="8856" pin=2"/></net>

<net id="8865"><net_src comp="276" pin="0"/><net_sink comp="8856" pin=3"/></net>

<net id="8870"><net_src comp="7749" pin="1"/><net_sink comp="8866" pin=0"/></net>

<net id="8871"><net_src comp="328" pin="0"/><net_sink comp="8866" pin=1"/></net>

<net id="8878"><net_src comp="272" pin="0"/><net_sink comp="8872" pin=0"/></net>

<net id="8879"><net_src comp="8866" pin="2"/><net_sink comp="8872" pin=1"/></net>

<net id="8880"><net_src comp="274" pin="0"/><net_sink comp="8872" pin=2"/></net>

<net id="8881"><net_src comp="276" pin="0"/><net_sink comp="8872" pin=3"/></net>

<net id="8886"><net_src comp="7753" pin="1"/><net_sink comp="8882" pin=0"/></net>

<net id="8887"><net_src comp="330" pin="0"/><net_sink comp="8882" pin=1"/></net>

<net id="8894"><net_src comp="272" pin="0"/><net_sink comp="8888" pin=0"/></net>

<net id="8895"><net_src comp="8882" pin="2"/><net_sink comp="8888" pin=1"/></net>

<net id="8896"><net_src comp="274" pin="0"/><net_sink comp="8888" pin=2"/></net>

<net id="8897"><net_src comp="276" pin="0"/><net_sink comp="8888" pin=3"/></net>

<net id="8902"><net_src comp="7757" pin="1"/><net_sink comp="8898" pin=0"/></net>

<net id="8903"><net_src comp="332" pin="0"/><net_sink comp="8898" pin=1"/></net>

<net id="8910"><net_src comp="272" pin="0"/><net_sink comp="8904" pin=0"/></net>

<net id="8911"><net_src comp="8898" pin="2"/><net_sink comp="8904" pin=1"/></net>

<net id="8912"><net_src comp="274" pin="0"/><net_sink comp="8904" pin=2"/></net>

<net id="8913"><net_src comp="276" pin="0"/><net_sink comp="8904" pin=3"/></net>

<net id="8918"><net_src comp="7761" pin="1"/><net_sink comp="8914" pin=0"/></net>

<net id="8919"><net_src comp="334" pin="0"/><net_sink comp="8914" pin=1"/></net>

<net id="8926"><net_src comp="272" pin="0"/><net_sink comp="8920" pin=0"/></net>

<net id="8927"><net_src comp="8914" pin="2"/><net_sink comp="8920" pin=1"/></net>

<net id="8928"><net_src comp="274" pin="0"/><net_sink comp="8920" pin=2"/></net>

<net id="8929"><net_src comp="276" pin="0"/><net_sink comp="8920" pin=3"/></net>

<net id="8934"><net_src comp="7765" pin="1"/><net_sink comp="8930" pin=0"/></net>

<net id="8935"><net_src comp="336" pin="0"/><net_sink comp="8930" pin=1"/></net>

<net id="8942"><net_src comp="272" pin="0"/><net_sink comp="8936" pin=0"/></net>

<net id="8943"><net_src comp="8930" pin="2"/><net_sink comp="8936" pin=1"/></net>

<net id="8944"><net_src comp="274" pin="0"/><net_sink comp="8936" pin=2"/></net>

<net id="8945"><net_src comp="276" pin="0"/><net_sink comp="8936" pin=3"/></net>

<net id="8950"><net_src comp="7769" pin="1"/><net_sink comp="8946" pin=0"/></net>

<net id="8951"><net_src comp="338" pin="0"/><net_sink comp="8946" pin=1"/></net>

<net id="8958"><net_src comp="272" pin="0"/><net_sink comp="8952" pin=0"/></net>

<net id="8959"><net_src comp="8946" pin="2"/><net_sink comp="8952" pin=1"/></net>

<net id="8960"><net_src comp="274" pin="0"/><net_sink comp="8952" pin=2"/></net>

<net id="8961"><net_src comp="276" pin="0"/><net_sink comp="8952" pin=3"/></net>

<net id="8966"><net_src comp="7773" pin="1"/><net_sink comp="8962" pin=0"/></net>

<net id="8967"><net_src comp="340" pin="0"/><net_sink comp="8962" pin=1"/></net>

<net id="8974"><net_src comp="272" pin="0"/><net_sink comp="8968" pin=0"/></net>

<net id="8975"><net_src comp="8962" pin="2"/><net_sink comp="8968" pin=1"/></net>

<net id="8976"><net_src comp="274" pin="0"/><net_sink comp="8968" pin=2"/></net>

<net id="8977"><net_src comp="276" pin="0"/><net_sink comp="8968" pin=3"/></net>

<net id="8982"><net_src comp="7777" pin="1"/><net_sink comp="8978" pin=0"/></net>

<net id="8983"><net_src comp="342" pin="0"/><net_sink comp="8978" pin=1"/></net>

<net id="8990"><net_src comp="272" pin="0"/><net_sink comp="8984" pin=0"/></net>

<net id="8991"><net_src comp="8978" pin="2"/><net_sink comp="8984" pin=1"/></net>

<net id="8992"><net_src comp="274" pin="0"/><net_sink comp="8984" pin=2"/></net>

<net id="8993"><net_src comp="276" pin="0"/><net_sink comp="8984" pin=3"/></net>

<net id="8998"><net_src comp="7781" pin="1"/><net_sink comp="8994" pin=0"/></net>

<net id="8999"><net_src comp="344" pin="0"/><net_sink comp="8994" pin=1"/></net>

<net id="9006"><net_src comp="272" pin="0"/><net_sink comp="9000" pin=0"/></net>

<net id="9007"><net_src comp="8994" pin="2"/><net_sink comp="9000" pin=1"/></net>

<net id="9008"><net_src comp="274" pin="0"/><net_sink comp="9000" pin=2"/></net>

<net id="9009"><net_src comp="276" pin="0"/><net_sink comp="9000" pin=3"/></net>

<net id="9014"><net_src comp="7785" pin="1"/><net_sink comp="9010" pin=0"/></net>

<net id="9015"><net_src comp="346" pin="0"/><net_sink comp="9010" pin=1"/></net>

<net id="9022"><net_src comp="272" pin="0"/><net_sink comp="9016" pin=0"/></net>

<net id="9023"><net_src comp="9010" pin="2"/><net_sink comp="9016" pin=1"/></net>

<net id="9024"><net_src comp="274" pin="0"/><net_sink comp="9016" pin=2"/></net>

<net id="9025"><net_src comp="276" pin="0"/><net_sink comp="9016" pin=3"/></net>

<net id="9030"><net_src comp="7789" pin="1"/><net_sink comp="9026" pin=0"/></net>

<net id="9031"><net_src comp="348" pin="0"/><net_sink comp="9026" pin=1"/></net>

<net id="9038"><net_src comp="272" pin="0"/><net_sink comp="9032" pin=0"/></net>

<net id="9039"><net_src comp="9026" pin="2"/><net_sink comp="9032" pin=1"/></net>

<net id="9040"><net_src comp="274" pin="0"/><net_sink comp="9032" pin=2"/></net>

<net id="9041"><net_src comp="276" pin="0"/><net_sink comp="9032" pin=3"/></net>

<net id="9046"><net_src comp="7793" pin="1"/><net_sink comp="9042" pin=0"/></net>

<net id="9047"><net_src comp="350" pin="0"/><net_sink comp="9042" pin=1"/></net>

<net id="9054"><net_src comp="272" pin="0"/><net_sink comp="9048" pin=0"/></net>

<net id="9055"><net_src comp="9042" pin="2"/><net_sink comp="9048" pin=1"/></net>

<net id="9056"><net_src comp="274" pin="0"/><net_sink comp="9048" pin=2"/></net>

<net id="9057"><net_src comp="276" pin="0"/><net_sink comp="9048" pin=3"/></net>

<net id="9062"><net_src comp="7797" pin="1"/><net_sink comp="9058" pin=0"/></net>

<net id="9063"><net_src comp="352" pin="0"/><net_sink comp="9058" pin=1"/></net>

<net id="9070"><net_src comp="272" pin="0"/><net_sink comp="9064" pin=0"/></net>

<net id="9071"><net_src comp="9058" pin="2"/><net_sink comp="9064" pin=1"/></net>

<net id="9072"><net_src comp="274" pin="0"/><net_sink comp="9064" pin=2"/></net>

<net id="9073"><net_src comp="276" pin="0"/><net_sink comp="9064" pin=3"/></net>

<net id="9078"><net_src comp="7801" pin="1"/><net_sink comp="9074" pin=0"/></net>

<net id="9079"><net_src comp="354" pin="0"/><net_sink comp="9074" pin=1"/></net>

<net id="9086"><net_src comp="272" pin="0"/><net_sink comp="9080" pin=0"/></net>

<net id="9087"><net_src comp="9074" pin="2"/><net_sink comp="9080" pin=1"/></net>

<net id="9088"><net_src comp="274" pin="0"/><net_sink comp="9080" pin=2"/></net>

<net id="9089"><net_src comp="276" pin="0"/><net_sink comp="9080" pin=3"/></net>

<net id="9094"><net_src comp="7805" pin="1"/><net_sink comp="9090" pin=0"/></net>

<net id="9095"><net_src comp="356" pin="0"/><net_sink comp="9090" pin=1"/></net>

<net id="9102"><net_src comp="272" pin="0"/><net_sink comp="9096" pin=0"/></net>

<net id="9103"><net_src comp="9090" pin="2"/><net_sink comp="9096" pin=1"/></net>

<net id="9104"><net_src comp="274" pin="0"/><net_sink comp="9096" pin=2"/></net>

<net id="9105"><net_src comp="276" pin="0"/><net_sink comp="9096" pin=3"/></net>

<net id="9151"><net_src comp="358" pin="0"/><net_sink comp="9106" pin=0"/></net>

<net id="9152"><net_src comp="9096" pin="4"/><net_sink comp="9106" pin=1"/></net>

<net id="9153"><net_src comp="9080" pin="4"/><net_sink comp="9106" pin=2"/></net>

<net id="9154"><net_src comp="9064" pin="4"/><net_sink comp="9106" pin=3"/></net>

<net id="9155"><net_src comp="9048" pin="4"/><net_sink comp="9106" pin=4"/></net>

<net id="9156"><net_src comp="9032" pin="4"/><net_sink comp="9106" pin=5"/></net>

<net id="9157"><net_src comp="9016" pin="4"/><net_sink comp="9106" pin=6"/></net>

<net id="9158"><net_src comp="9000" pin="4"/><net_sink comp="9106" pin=7"/></net>

<net id="9159"><net_src comp="8984" pin="4"/><net_sink comp="9106" pin=8"/></net>

<net id="9160"><net_src comp="8968" pin="4"/><net_sink comp="9106" pin=9"/></net>

<net id="9161"><net_src comp="8952" pin="4"/><net_sink comp="9106" pin=10"/></net>

<net id="9162"><net_src comp="8936" pin="4"/><net_sink comp="9106" pin=11"/></net>

<net id="9163"><net_src comp="8920" pin="4"/><net_sink comp="9106" pin=12"/></net>

<net id="9164"><net_src comp="8904" pin="4"/><net_sink comp="9106" pin=13"/></net>

<net id="9165"><net_src comp="8888" pin="4"/><net_sink comp="9106" pin=14"/></net>

<net id="9166"><net_src comp="8872" pin="4"/><net_sink comp="9106" pin=15"/></net>

<net id="9167"><net_src comp="8856" pin="4"/><net_sink comp="9106" pin=16"/></net>

<net id="9168"><net_src comp="8840" pin="4"/><net_sink comp="9106" pin=17"/></net>

<net id="9169"><net_src comp="8824" pin="4"/><net_sink comp="9106" pin=18"/></net>

<net id="9170"><net_src comp="8808" pin="4"/><net_sink comp="9106" pin=19"/></net>

<net id="9171"><net_src comp="8792" pin="4"/><net_sink comp="9106" pin=20"/></net>

<net id="9172"><net_src comp="8776" pin="4"/><net_sink comp="9106" pin=21"/></net>

<net id="9173"><net_src comp="8760" pin="4"/><net_sink comp="9106" pin=22"/></net>

<net id="9174"><net_src comp="8744" pin="4"/><net_sink comp="9106" pin=23"/></net>

<net id="9175"><net_src comp="8728" pin="4"/><net_sink comp="9106" pin=24"/></net>

<net id="9176"><net_src comp="8712" pin="4"/><net_sink comp="9106" pin=25"/></net>

<net id="9177"><net_src comp="8696" pin="4"/><net_sink comp="9106" pin=26"/></net>

<net id="9178"><net_src comp="8680" pin="4"/><net_sink comp="9106" pin=27"/></net>

<net id="9179"><net_src comp="8664" pin="4"/><net_sink comp="9106" pin=28"/></net>

<net id="9180"><net_src comp="8648" pin="4"/><net_sink comp="9106" pin=29"/></net>

<net id="9181"><net_src comp="8632" pin="4"/><net_sink comp="9106" pin=30"/></net>

<net id="9182"><net_src comp="8616" pin="4"/><net_sink comp="9106" pin=31"/></net>

<net id="9183"><net_src comp="8600" pin="4"/><net_sink comp="9106" pin=32"/></net>

<net id="9184"><net_src comp="8584" pin="4"/><net_sink comp="9106" pin=33"/></net>

<net id="9185"><net_src comp="8568" pin="4"/><net_sink comp="9106" pin=34"/></net>

<net id="9186"><net_src comp="8552" pin="4"/><net_sink comp="9106" pin=35"/></net>

<net id="9187"><net_src comp="8536" pin="4"/><net_sink comp="9106" pin=36"/></net>

<net id="9188"><net_src comp="8520" pin="4"/><net_sink comp="9106" pin=37"/></net>

<net id="9189"><net_src comp="8504" pin="4"/><net_sink comp="9106" pin=38"/></net>

<net id="9190"><net_src comp="8488" pin="4"/><net_sink comp="9106" pin=39"/></net>

<net id="9191"><net_src comp="8472" pin="4"/><net_sink comp="9106" pin=40"/></net>

<net id="9192"><net_src comp="8456" pin="4"/><net_sink comp="9106" pin=41"/></net>

<net id="9193"><net_src comp="8440" pin="4"/><net_sink comp="9106" pin=42"/></net>

<net id="9194"><net_src comp="9106" pin="43"/><net_sink comp="368" pin=2"/></net>

</net_list>

</model> 
---------------- Datapath Model END ------------------

* FSMD analyzer results:
  - Output states:
	Port: layer17_out | {2 }
 - Input state : 
	Port: normalize<array<ap_fixed,42u>,array<ap_fixed<16,6,5,3,0>,42u>,config17> : layer15_out | {1 }
  - Chain level:
	State 1
		sext_ln1347 : 1
		mul_ln1347 : 2
		sext_ln1347_63 : 1
		mul_ln1347_63 : 2
		sext_ln1347_64 : 1
		mul_ln1347_64 : 2
		sext_ln1347_65 : 1
		mul_ln1347_65 : 2
		sext_ln1347_66 : 1
		mul_ln1347_66 : 2
		sext_ln1347_67 : 1
		mul_ln1347_67 : 2
		sext_ln1347_68 : 1
		mul_ln1347_68 : 2
		sext_ln1347_69 : 1
		mul_ln1347_69 : 2
		sext_ln1347_70 : 1
		mul_ln1347_70 : 2
		sext_ln1347_71 : 1
		mul_ln1347_71 : 2
		sext_ln1347_72 : 1
		mul_ln1347_72 : 2
		sext_ln1347_73 : 1
		mul_ln1347_73 : 2
		sext_ln1347_74 : 1
		mul_ln1347_74 : 2
		sext_ln1347_75 : 1
		mul_ln1347_75 : 2
		sext_ln1347_76 : 1
		mul_ln1347_76 : 2
		sext_ln1347_77 : 1
		mul_ln1347_77 : 2
		sext_ln1347_78 : 1
		mul_ln1347_78 : 2
		sext_ln1347_79 : 1
		mul_ln1347_79 : 2
		sext_ln1347_80 : 1
		mul_ln1347_80 : 2
		sext_ln1347_81 : 1
		mul_ln1347_81 : 2
		sext_ln1347_82 : 1
		mul_ln1347_82 : 2
		sext_ln1347_83 : 1
		mul_ln1347_83 : 2
		sext_ln1347_84 : 1
		mul_ln1347_84 : 2
		sext_ln1347_85 : 1
		mul_ln1347_85 : 2
		sext_ln1347_86 : 1
		mul_ln1347_86 : 2
		sext_ln1347_87 : 1
		mul_ln1347_87 : 2
		sext_ln1347_88 : 1
		mul_ln1347_88 : 2
		sext_ln1347_89 : 1
		mul_ln1347_89 : 2
		sext_ln1347_90 : 1
		mul_ln1347_90 : 2
		sext_ln1347_91 : 1
		mul_ln1347_91 : 2
		sext_ln1347_92 : 1
		mul_ln1347_92 : 2
		sext_ln1347_93 : 1
		mul_ln1347_93 : 2
		sext_ln1347_94 : 1
		mul_ln1347_94 : 2
		sext_ln1347_95 : 1
		mul_ln1347_95 : 2
		sext_ln1347_96 : 1
		mul_ln1347_96 : 2
		sext_ln1347_97 : 1
		mul_ln1347_97 : 2
		sext_ln1347_98 : 1
		mul_ln1347_98 : 2
		sext_ln1347_99 : 1
		mul_ln1347_99 : 2
		sext_ln1347_100 : 1
		mul_ln1347_100 : 2
		sext_ln1347_101 : 1
		mul_ln1347_101 : 2
		sext_ln1347_102 : 1
		mul_ln1347_102 : 2
		sext_ln1347_103 : 1
		mul_ln1347_103 : 2
	State 2
		trunc_ln : 1
		trunc_ln818_s : 1
		trunc_ln818_63 : 1
		trunc_ln818_64 : 1
		trunc_ln818_65 : 1
		trunc_ln818_66 : 1
		trunc_ln818_67 : 1
		trunc_ln818_68 : 1
		trunc_ln818_69 : 1
		trunc_ln818_70 : 1
		trunc_ln818_71 : 1
		trunc_ln818_72 : 1
		trunc_ln818_73 : 1
		trunc_ln818_74 : 1
		trunc_ln818_75 : 1
		trunc_ln818_76 : 1
		trunc_ln818_77 : 1
		trunc_ln818_78 : 1
		trunc_ln818_79 : 1
		trunc_ln818_80 : 1
		trunc_ln818_81 : 1
		trunc_ln818_82 : 1
		trunc_ln818_83 : 1
		trunc_ln818_84 : 1
		trunc_ln818_85 : 1
		trunc_ln818_86 : 1
		trunc_ln818_87 : 1
		trunc_ln818_88 : 1
		trunc_ln818_89 : 1
		trunc_ln818_90 : 1
		trunc_ln818_91 : 1
		trunc_ln818_92 : 1
		trunc_ln818_93 : 1
		trunc_ln818_94 : 1
		trunc_ln818_95 : 1
		trunc_ln818_96 : 1
		trunc_ln818_97 : 1
		trunc_ln818_98 : 1
		trunc_ln818_99 : 1
		trunc_ln818_100 : 1
		trunc_ln818_101 : 1
		trunc_ln818_102 : 1
		p_0 : 2
		write_ln46 : 3


============================================================
+ Verbose Summary: Datapath Resource usage 
============================================================

* Functional unit list:
|----------|------------------------------|---------|---------|---------|
| Operation|        Functional Unit       |   DSP   |    FF   |   LUT   |
|----------|------------------------------|---------|---------|---------|
|          |         ret_V_fu_8434        |    0    |    0    |    33   |
|          |       ret_V_77_fu_8450       |    0    |    0    |    33   |
|          |       ret_V_78_fu_8466       |    0    |    0    |    33   |
|          |       ret_V_79_fu_8482       |    0    |    0    |    33   |
|          |       ret_V_80_fu_8498       |    0    |    0    |    33   |
|          |       ret_V_81_fu_8514       |    0    |    0    |    33   |
|          |       ret_V_82_fu_8530       |    0    |    0    |    33   |
|          |       ret_V_83_fu_8546       |    0    |    0    |    33   |
|          |       ret_V_84_fu_8562       |    0    |    0    |    33   |
|          |       ret_V_85_fu_8578       |    0    |    0    |    33   |
|          |       ret_V_86_fu_8594       |    0    |    0    |    33   |
|          |       ret_V_87_fu_8610       |    0    |    0    |    33   |
|          |       ret_V_88_fu_8626       |    0    |    0    |    33   |
|          |       ret_V_89_fu_8642       |    0    |    0    |    33   |
|          |       ret_V_90_fu_8658       |    0    |    0    |    33   |
|          |       ret_V_91_fu_8674       |    0    |    0    |    33   |
|          |       ret_V_92_fu_8690       |    0    |    0    |    33   |
|          |       ret_V_93_fu_8706       |    0    |    0    |    33   |
|          |       ret_V_94_fu_8722       |    0    |    0    |    33   |
|          |       ret_V_95_fu_8738       |    0    |    0    |    33   |
|    add   |       ret_V_96_fu_8754       |    0    |    0    |    33   |
|          |       ret_V_97_fu_8770       |    0    |    0    |    33   |
|          |       ret_V_98_fu_8786       |    0    |    0    |    33   |
|          |       ret_V_99_fu_8802       |    0    |    0    |    33   |
|          |       ret_V_100_fu_8818      |    0    |    0    |    33   |
|          |       ret_V_101_fu_8834      |    0    |    0    |    33   |
|          |       ret_V_102_fu_8850      |    0    |    0    |    33   |
|          |       ret_V_103_fu_8866      |    0    |    0    |    33   |
|          |       ret_V_104_fu_8882      |    0    |    0    |    33   |
|          |       ret_V_105_fu_8898      |    0    |    0    |    33   |
|          |       ret_V_106_fu_8914      |    0    |    0    |    33   |
|          |       ret_V_107_fu_8930      |    0    |    0    |    33   |
|          |       ret_V_108_fu_8946      |    0    |    0    |    33   |
|          |       ret_V_109_fu_8962      |    0    |    0    |    33   |
|          |       ret_V_110_fu_8978      |    0    |    0    |    33   |
|          |       ret_V_111_fu_8994      |    0    |    0    |    33   |
|          |       ret_V_112_fu_9010      |    0    |    0    |    33   |
|          |       ret_V_113_fu_9026      |    0    |    0    |    33   |
|          |       ret_V_114_fu_9042      |    0    |    0    |    33   |
|          |       ret_V_115_fu_9058      |    0    |    0    |    33   |
|          |       ret_V_116_fu_9074      |    0    |    0    |    33   |
|          |       ret_V_117_fu_9090      |    0    |    0    |    33   |
|----------|------------------------------|---------|---------|---------|
|          |     mul_ln1347_98_fu_375     |    1    |    0    |    5    |
|          |     mul_ln1347_86_fu_376     |    1    |    0    |    5    |
|          |     mul_ln1347_71_fu_377     |    1    |    0    |    5    |
|          |     mul_ln1347_81_fu_378     |    1    |    0    |    5    |
|          |     mul_ln1347_72_fu_379     |    1    |    0    |    5    |
|          |     mul_ln1347_79_fu_380     |    1    |    0    |    5    |
|          |     mul_ln1347_99_fu_381     |    1    |    0    |    5    |
|          |     mul_ln1347_73_fu_382     |    1    |    0    |    5    |
|          |     mul_ln1347_94_fu_383     |    1    |    0    |    5    |
|          |     mul_ln1347_100_fu_384    |    1    |    0    |    5    |
|          |     mul_ln1347_63_fu_385     |    1    |    0    |    5    |
|          |     mul_ln1347_76_fu_386     |    1    |    0    |    5    |
|          |     mul_ln1347_65_fu_387     |    1    |    0    |    5    |
|          |     mul_ln1347_64_fu_388     |    1    |    0    |    5    |
|          |       mul_ln1347_fu_389      |    1    |    0    |    5    |
|          |     mul_ln1347_89_fu_390     |    1    |    0    |    5    |
|          |     mul_ln1347_78_fu_391     |    1    |    0    |    5    |
|          |     mul_ln1347_68_fu_392     |    1    |    0    |    5    |
|          |     mul_ln1347_74_fu_393     |    1    |    0    |    5    |
|          |     mul_ln1347_93_fu_394     |    1    |    0    |    5    |
|    mul   |     mul_ln1347_82_fu_395     |    1    |    0    |    5    |
|          |     mul_ln1347_88_fu_396     |    1    |    0    |    5    |
|          |     mul_ln1347_95_fu_397     |    1    |    0    |    5    |
|          |     mul_ln1347_83_fu_398     |    1    |    0    |    5    |
|          |     mul_ln1347_87_fu_399     |    1    |    0    |    5    |
|          |     mul_ln1347_92_fu_400     |    1    |    0    |    5    |
|          |     mul_ln1347_70_fu_401     |    1    |    0    |    5    |
|          |     mul_ln1347_66_fu_402     |    1    |    0    |    5    |
|          |     mul_ln1347_90_fu_403     |    1    |    0    |    5    |
|          |     mul_ln1347_80_fu_404     |    1    |    0    |    5    |
|          |     mul_ln1347_85_fu_405     |    1    |    0    |    5    |
|          |     mul_ln1347_75_fu_406     |    1    |    0    |    5    |
|          |     mul_ln1347_84_fu_407     |    1    |    0    |    5    |
|          |     mul_ln1347_69_fu_408     |    1    |    0    |    5    |
|          |     mul_ln1347_101_fu_409    |    1    |    0    |    5    |
|          |     mul_ln1347_102_fu_410    |    1    |    0    |    5    |
|          |     mul_ln1347_96_fu_411     |    1    |    0    |    5    |
|          |     mul_ln1347_97_fu_412     |    1    |    0    |    5    |
|          |     mul_ln1347_103_fu_413    |    1    |    0    |    5    |
|          |     mul_ln1347_77_fu_414     |    1    |    0    |    5    |
|          |     mul_ln1347_67_fu_415     |    1    |    0    |    5    |
|          |     mul_ln1347_91_fu_416     |    1    |    0    |    5    |
|----------|------------------------------|---------|---------|---------|
|   read   | layer15_out_read_read_fu_362 |    0    |    0    |    0    |
|----------|------------------------------|---------|---------|---------|
|   write  |    write_ln46_write_fu_368   |    0    |    0    |    0    |
|----------|------------------------------|---------|---------|---------|
|   trunc  |          a_V_fu_7810         |    0    |    0    |    0    |
|----------|------------------------------|---------|---------|---------|
|          |        a_V_102_fu_7814       |    0    |    0    |    0    |
|          |        a_V_103_fu_7824       |    0    |    0    |    0    |
|          |        a_V_63_fu_7834        |    0    |    0    |    0    |
|          |        a_V_64_fu_7844        |    0    |    0    |    0    |
|          |        a_V_65_fu_7854        |    0    |    0    |    0    |
|          |        a_V_66_fu_7864        |    0    |    0    |    0    |
|          |        a_V_67_fu_7874        |    0    |    0    |    0    |
|          |        a_V_68_fu_7884        |    0    |    0    |    0    |
|          |        a_V_69_fu_7894        |    0    |    0    |    0    |
|          |        a_V_70_fu_7904        |    0    |    0    |    0    |
|          |        a_V_71_fu_7914        |    0    |    0    |    0    |
|          |        a_V_72_fu_7924        |    0    |    0    |    0    |
|          |        a_V_73_fu_7934        |    0    |    0    |    0    |
|          |        a_V_74_fu_7944        |    0    |    0    |    0    |
|          |        a_V_75_fu_7954        |    0    |    0    |    0    |
|          |        a_V_76_fu_7964        |    0    |    0    |    0    |
|          |        a_V_77_fu_7974        |    0    |    0    |    0    |
|          |        a_V_78_fu_7984        |    0    |    0    |    0    |
|          |        a_V_79_fu_7994        |    0    |    0    |    0    |
|          |        a_V_80_fu_8004        |    0    |    0    |    0    |
|          |        a_V_81_fu_8014        |    0    |    0    |    0    |
|          |        a_V_82_fu_8024        |    0    |    0    |    0    |
|          |        a_V_83_fu_8034        |    0    |    0    |    0    |
|          |        a_V_84_fu_8044        |    0    |    0    |    0    |
|          |        a_V_85_fu_8054        |    0    |    0    |    0    |
|          |        a_V_86_fu_8064        |    0    |    0    |    0    |
|          |        a_V_87_fu_8074        |    0    |    0    |    0    |
|          |        a_V_88_fu_8084        |    0    |    0    |    0    |
|          |        a_V_89_fu_8094        |    0    |    0    |    0    |
|          |        a_V_90_fu_8104        |    0    |    0    |    0    |
|          |        a_V_91_fu_8114        |    0    |    0    |    0    |
|          |        a_V_92_fu_8124        |    0    |    0    |    0    |
|          |        a_V_93_fu_8134        |    0    |    0    |    0    |
|          |        a_V_94_fu_8144        |    0    |    0    |    0    |
|          |        a_V_95_fu_8154        |    0    |    0    |    0    |
|          |        a_V_96_fu_8164        |    0    |    0    |    0    |
|          |        a_V_97_fu_8174        |    0    |    0    |    0    |
|          |        a_V_98_fu_8184        |    0    |    0    |    0    |
|          |        a_V_99_fu_8194        |    0    |    0    |    0    |
|          |        a_V_100_fu_8204       |    0    |    0    |    0    |
|          |        a_V_101_fu_8214       |    0    |    0    |    0    |
|partselect|       trunc_ln_fu_8440       |    0    |    0    |    0    |
|          |     trunc_ln818_s_fu_8456    |    0    |    0    |    0    |
|          |    trunc_ln818_63_fu_8472    |    0    |    0    |    0    |
|          |    trunc_ln818_64_fu_8488    |    0    |    0    |    0    |
|          |    trunc_ln818_65_fu_8504    |    0    |    0    |    0    |
|          |    trunc_ln818_66_fu_8520    |    0    |    0    |    0    |
|          |    trunc_ln818_67_fu_8536    |    0    |    0    |    0    |
|          |    trunc_ln818_68_fu_8552    |    0    |    0    |    0    |
|          |    trunc_ln818_69_fu_8568    |    0    |    0    |    0    |
|          |    trunc_ln818_70_fu_8584    |    0    |    0    |    0    |
|          |    trunc_ln818_71_fu_8600    |    0    |    0    |    0    |
|          |    trunc_ln818_72_fu_8616    |    0    |    0    |    0    |
|          |    trunc_ln818_73_fu_8632    |    0    |    0    |    0    |
|          |    trunc_ln818_74_fu_8648    |    0    |    0    |    0    |
|          |    trunc_ln818_75_fu_8664    |    0    |    0    |    0    |
|          |    trunc_ln818_76_fu_8680    |    0    |    0    |    0    |
|          |    trunc_ln818_77_fu_8696    |    0    |    0    |    0    |
|          |    trunc_ln818_78_fu_8712    |    0    |    0    |    0    |
|          |    trunc_ln818_79_fu_8728    |    0    |    0    |    0    |
|          |    trunc_ln818_80_fu_8744    |    0    |    0    |    0    |
|          |    trunc_ln818_81_fu_8760    |    0    |    0    |    0    |
|          |    trunc_ln818_82_fu_8776    |    0    |    0    |    0    |
|          |    trunc_ln818_83_fu_8792    |    0    |    0    |    0    |
|          |    trunc_ln818_84_fu_8808    |    0    |    0    |    0    |
|          |    trunc_ln818_85_fu_8824    |    0    |    0    |    0    |
|          |    trunc_ln818_86_fu_8840    |    0    |    0    |    0    |
|          |    trunc_ln818_87_fu_8856    |    0    |    0    |    0    |
|          |    trunc_ln818_88_fu_8872    |    0    |    0    |    0    |
|          |    trunc_ln818_89_fu_8888    |    0    |    0    |    0    |
|          |    trunc_ln818_90_fu_8904    |    0    |    0    |    0    |
|          |    trunc_ln818_91_fu_8920    |    0    |    0    |    0    |
|          |    trunc_ln818_92_fu_8936    |    0    |    0    |    0    |
|          |    trunc_ln818_93_fu_8952    |    0    |    0    |    0    |
|          |    trunc_ln818_94_fu_8968    |    0    |    0    |    0    |
|          |    trunc_ln818_95_fu_8984    |    0    |    0    |    0    |
|          |    trunc_ln818_96_fu_9000    |    0    |    0    |    0    |
|          |    trunc_ln818_97_fu_9016    |    0    |    0    |    0    |
|          |    trunc_ln818_98_fu_9032    |    0    |    0    |    0    |
|          |    trunc_ln818_99_fu_9048    |    0    |    0    |    0    |
|          |    trunc_ln818_100_fu_9064   |    0    |    0    |    0    |
|          |    trunc_ln818_101_fu_9080   |    0    |    0    |    0    |
|          |    trunc_ln818_102_fu_9096   |    0    |    0    |    0    |
|----------|------------------------------|---------|---------|---------|
|          |      sext_ln1347_fu_8224     |    0    |    0    |    0    |
|          |    sext_ln1347_63_fu_8229    |    0    |    0    |    0    |
|          |    sext_ln1347_64_fu_8234    |    0    |    0    |    0    |
|          |    sext_ln1347_65_fu_8239    |    0    |    0    |    0    |
|          |    sext_ln1347_66_fu_8244    |    0    |    0    |    0    |
|          |    sext_ln1347_67_fu_8249    |    0    |    0    |    0    |
|          |    sext_ln1347_68_fu_8254    |    0    |    0    |    0    |
|          |    sext_ln1347_69_fu_8259    |    0    |    0    |    0    |
|          |    sext_ln1347_70_fu_8264    |    0    |    0    |    0    |
|          |    sext_ln1347_71_fu_8269    |    0    |    0    |    0    |
|          |    sext_ln1347_72_fu_8274    |    0    |    0    |    0    |
|          |    sext_ln1347_73_fu_8279    |    0    |    0    |    0    |
|          |    sext_ln1347_74_fu_8284    |    0    |    0    |    0    |
|          |    sext_ln1347_75_fu_8289    |    0    |    0    |    0    |
|          |    sext_ln1347_76_fu_8294    |    0    |    0    |    0    |
|          |    sext_ln1347_77_fu_8299    |    0    |    0    |    0    |
|          |    sext_ln1347_78_fu_8304    |    0    |    0    |    0    |
|          |    sext_ln1347_79_fu_8309    |    0    |    0    |    0    |
|          |    sext_ln1347_80_fu_8314    |    0    |    0    |    0    |
|          |    sext_ln1347_81_fu_8319    |    0    |    0    |    0    |
|   sext   |    sext_ln1347_82_fu_8324    |    0    |    0    |    0    |
|          |    sext_ln1347_83_fu_8329    |    0    |    0    |    0    |
|          |    sext_ln1347_84_fu_8334    |    0    |    0    |    0    |
|          |    sext_ln1347_85_fu_8339    |    0    |    0    |    0    |
|          |    sext_ln1347_86_fu_8344    |    0    |    0    |    0    |
|          |    sext_ln1347_87_fu_8349    |    0    |    0    |    0    |
|          |    sext_ln1347_88_fu_8354    |    0    |    0    |    0    |
|          |    sext_ln1347_89_fu_8359    |    0    |    0    |    0    |
|          |    sext_ln1347_90_fu_8364    |    0    |    0    |    0    |
|          |    sext_ln1347_91_fu_8369    |    0    |    0    |    0    |
|          |    sext_ln1347_92_fu_8374    |    0    |    0    |    0    |
|          |    sext_ln1347_93_fu_8379    |    0    |    0    |    0    |
|          |    sext_ln1347_94_fu_8384    |    0    |    0    |    0    |
|          |    sext_ln1347_95_fu_8389    |    0    |    0    |    0    |
|          |    sext_ln1347_96_fu_8394    |    0    |    0    |    0    |
|          |    sext_ln1347_97_fu_8399    |    0    |    0    |    0    |
|          |    sext_ln1347_98_fu_8404    |    0    |    0    |    0    |
|          |    sext_ln1347_99_fu_8409    |    0    |    0    |    0    |
|          |    sext_ln1347_100_fu_8414   |    0    |    0    |    0    |
|          |    sext_ln1347_101_fu_8419   |    0    |    0    |    0    |
|          |    sext_ln1347_102_fu_8424   |    0    |    0    |    0    |
|          |    sext_ln1347_103_fu_8429   |    0    |    0    |    0    |
|----------|------------------------------|---------|---------|---------|
|bitconcatenate|          p_0_fu_9106         |    0    |    0    |    0    |
|----------|------------------------------|---------|---------|---------|
|   Total  |                              |    42   |    0    |   1596  |
|----------|------------------------------|---------|---------|---------|

Memories:
N/A

* Register list:
+-----------------------+--------+
|                       |   FF   |
+-----------------------+--------+
|mul_ln1347_100_reg_7793|   26   |
|mul_ln1347_101_reg_7797|   26   |
|mul_ln1347_102_reg_7801|   26   |
|mul_ln1347_103_reg_7805|   26   |
| mul_ln1347_63_reg_7645|   26   |
| mul_ln1347_64_reg_7649|   26   |
| mul_ln1347_65_reg_7653|   26   |
| mul_ln1347_66_reg_7657|   26   |
| mul_ln1347_67_reg_7661|   26   |
| mul_ln1347_68_reg_7665|   26   |
| mul_ln1347_69_reg_7669|   26   |
| mul_ln1347_70_reg_7673|   26   |
| mul_ln1347_71_reg_7677|   26   |
| mul_ln1347_72_reg_7681|   26   |
| mul_ln1347_73_reg_7685|   26   |
| mul_ln1347_74_reg_7689|   26   |
| mul_ln1347_75_reg_7693|   26   |
| mul_ln1347_76_reg_7697|   26   |
| mul_ln1347_77_reg_7701|   26   |
| mul_ln1347_78_reg_7705|   26   |
| mul_ln1347_79_reg_7709|   26   |
| mul_ln1347_80_reg_7713|   26   |
| mul_ln1347_81_reg_7717|   26   |
| mul_ln1347_82_reg_7721|   26   |
| mul_ln1347_83_reg_7725|   26   |
| mul_ln1347_84_reg_7729|   26   |
| mul_ln1347_85_reg_7733|   26   |
| mul_ln1347_86_reg_7737|   26   |
| mul_ln1347_87_reg_7741|   26   |
| mul_ln1347_88_reg_7745|   26   |
| mul_ln1347_89_reg_7749|   26   |
| mul_ln1347_90_reg_7753|   26   |
| mul_ln1347_91_reg_7757|   26   |
| mul_ln1347_92_reg_7761|   26   |
| mul_ln1347_93_reg_7765|   26   |
| mul_ln1347_94_reg_7769|   26   |
| mul_ln1347_95_reg_7773|   26   |
| mul_ln1347_96_reg_7777|   26   |
| mul_ln1347_97_reg_7781|   26   |
| mul_ln1347_98_reg_7785|   26   |
| mul_ln1347_99_reg_7789|   26   |
|  mul_ln1347_reg_7641  |   26   |
+-----------------------+--------+
|         Total         |  1092  |
+-----------------------+--------+

* Multiplexer (MUX) list: 
|--------|------|------|------|--------|
|  Comp  |  Pin | Size |  BW  | S x BW |
|--------|------|------|------|--------|
|  Total |      |      |      |    0   |
|--------|------|------|------|--------|



* Summary:
+-----------+--------+--------+--------+
|           |   DSP  |   FF   |   LUT  |
+-----------+--------+--------+--------+
|  Function |   42   |    0   |  1596  |
|   Memory  |    -   |    -   |    -   |
|Multiplexer|    -   |    -   |    -   |
|  Register |    -   |  1092  |    -   |
+-----------+--------+--------+--------+
|   Total   |   42   |  1092  |  1596  |
+-----------+--------+--------+--------+
