

================================================================
== Vitis HLS Report for 'normalize_array_ap_fixed_64u_array_ap_fixed_16_6_5_3_0_64u_config21_s'
================================================================
* Date:           Fri Aug  2 18:56:42 2024

* Version:        2022.2 (Build 3670227 on Oct 13 2022)
* Project:        kernel_wrapper
* Solution:       solution (Vitis Kernel Flow Target)
* Product family: virtexuplus
* Target device:  xcu55c-fsvh2892-2L-e


================================================================
== Performance Estimates
================================================================
+ Timing: 
    * Summary: 
    +--------+---------+----------+------------+
    |  Clock |  Target | Estimated| Uncertainty|
    +--------+---------+----------+------------+
    |ap_clk  |  5.00 ns|  3.275 ns|     1.35 ns|
    +--------+---------+----------+------------+

+ Latency: 
    * Summary: 
    +---------+---------+----------+----------+-----+-----+---------+
    |  Latency (cycles) |  Latency (absolute) |  Interval | Pipeline|
    |   min   |   max   |    min   |    max   | min | max |   Type  |
    +---------+---------+----------+----------+-----+-----+---------+
    |        1|        1|  5.000 ns|  5.000 ns|    1|    1|       no|
    +---------+---------+----------+----------+-----+-----+---------+

    + Detail: 
        * Instance: 
        N/A

        * Loop: 
        N/A



================================================================
== Utilization Estimates
================================================================
* Summary: 
+---------------------+---------+------+---------+---------+-----+
|         Name        | BRAM_18K|  DSP |    FF   |   LUT   | URAM|
+---------------------+---------+------+---------+---------+-----+
|DSP                  |        -|     -|        -|        -|    -|
|Expression           |        -|     -|        0|     2143|    -|
|FIFO                 |        -|     -|        -|        -|    -|
|Instance             |        -|    63|        0|      315|    -|
|Memory               |        -|     -|        -|        -|    -|
|Multiplexer          |        -|     -|        -|       50|    -|
|Register             |        -|     -|     1658|        -|    -|
+---------------------+---------+------+---------+---------+-----+
|Total                |        0|    63|     1658|     2508|    0|
+---------------------+---------+------+---------+---------+-----+
|Available SLR        |     1344|  3008|   869120|   434560|  320|
+---------------------+---------+------+---------+---------+-----+
|Utilization SLR (%)  |        0|     2|       ~0|       ~0|    0|
+---------------------+---------+------+---------+---------+-----+
|Available            |     4032|  9024|  2607360|  1303680|  960|
+---------------------+---------+------+---------+---------+-----+
|Utilization (%)      |        0|    ~0|       ~0|       ~0|    0|
+---------------------+---------+------+---------+---------+-----+

+ Detail: 
    * Instance: 
    +---------------------------+---------------------+---------+----+---+----+-----+
    |          Instance         |        Module       | BRAM_18K| DSP| FF| LUT| URAM|
    +---------------------------+---------------------+---------+----+---+----+-----+
    |mul_16s_13ns_26_1_1_U1152  |mul_16s_13ns_26_1_1  |        0|   1|  0|   5|    0|
    |mul_16s_13ns_26_1_1_U1155  |mul_16s_13ns_26_1_1  |        0|   1|  0|   5|    0|
    |mul_16s_13ns_26_1_1_U1156  |mul_16s_13ns_26_1_1  |        0|   1|  0|   5|    0|
    |mul_16s_13ns_26_1_1_U1161  |mul_16s_13ns_26_1_1  |        0|   1|  0|   5|    0|
    |mul_16s_13ns_26_1_1_U1162  |mul_16s_13ns_26_1_1  |        0|   1|  0|   5|    0|
    |mul_16s_13ns_26_1_1_U1163  |mul_16s_13ns_26_1_1  |        0|   1|  0|   5|    0|
    |mul_16s_13ns_26_1_1_U1173  |mul_16s_13ns_26_1_1  |        0|   1|  0|   5|    0|
    |mul_16s_13ns_26_1_1_U1175  |mul_16s_13ns_26_1_1  |        0|   1|  0|   5|    0|
    |mul_16s_13ns_26_1_1_U1177  |mul_16s_13ns_26_1_1  |        0|   1|  0|   5|    0|
    |mul_16s_13ns_26_1_1_U1179  |mul_16s_13ns_26_1_1  |        0|   1|  0|   5|    0|
    |mul_16s_13ns_26_1_1_U1182  |mul_16s_13ns_26_1_1  |        0|   1|  0|   5|    0|
    |mul_16s_13ns_26_1_1_U1187  |mul_16s_13ns_26_1_1  |        0|   1|  0|   5|    0|
    |mul_16s_13ns_26_1_1_U1189  |mul_16s_13ns_26_1_1  |        0|   1|  0|   5|    0|
    |mul_16s_13ns_26_1_1_U1191  |mul_16s_13ns_26_1_1  |        0|   1|  0|   5|    0|
    |mul_16s_13ns_26_1_1_U1195  |mul_16s_13ns_26_1_1  |        0|   1|  0|   5|    0|
    |mul_16s_13ns_26_1_1_U1198  |mul_16s_13ns_26_1_1  |        0|   1|  0|   5|    0|
    |mul_16s_13ns_26_1_1_U1201  |mul_16s_13ns_26_1_1  |        0|   1|  0|   5|    0|
    |mul_16s_13ns_26_1_1_U1205  |mul_16s_13ns_26_1_1  |        0|   1|  0|   5|    0|
    |mul_16s_13ns_26_1_1_U1209  |mul_16s_13ns_26_1_1  |        0|   1|  0|   5|    0|
    |mul_16s_14ns_26_1_1_U1153  |mul_16s_14ns_26_1_1  |        0|   1|  0|   5|    0|
    |mul_16s_14ns_26_1_1_U1154  |mul_16s_14ns_26_1_1  |        0|   1|  0|   5|    0|
    |mul_16s_14ns_26_1_1_U1157  |mul_16s_14ns_26_1_1  |        0|   1|  0|   5|    0|
    |mul_16s_14ns_26_1_1_U1158  |mul_16s_14ns_26_1_1  |        0|   1|  0|   5|    0|
    |mul_16s_14ns_26_1_1_U1159  |mul_16s_14ns_26_1_1  |        0|   1|  0|   5|    0|
    |mul_16s_14ns_26_1_1_U1160  |mul_16s_14ns_26_1_1  |        0|   1|  0|   5|    0|
    |mul_16s_14ns_26_1_1_U1164  |mul_16s_14ns_26_1_1  |        0|   1|  0|   5|    0|
    |mul_16s_14ns_26_1_1_U1165  |mul_16s_14ns_26_1_1  |        0|   1|  0|   5|    0|
    |mul_16s_14ns_26_1_1_U1166  |mul_16s_14ns_26_1_1  |        0|   1|  0|   5|    0|
    |mul_16s_14ns_26_1_1_U1167  |mul_16s_14ns_26_1_1  |        0|   1|  0|   5|    0|
    |mul_16s_14ns_26_1_1_U1168  |mul_16s_14ns_26_1_1  |        0|   1|  0|   5|    0|
    |mul_16s_14ns_26_1_1_U1169  |mul_16s_14ns_26_1_1  |        0|   1|  0|   5|    0|
    |mul_16s_14ns_26_1_1_U1170  |mul_16s_14ns_26_1_1  |        0|   1|  0|   5|    0|
    |mul_16s_14ns_26_1_1_U1171  |mul_16s_14ns_26_1_1  |        0|   1|  0|   5|    0|
    |mul_16s_14ns_26_1_1_U1172  |mul_16s_14ns_26_1_1  |        0|   1|  0|   5|    0|
    |mul_16s_14ns_26_1_1_U1174  |mul_16s_14ns_26_1_1  |        0|   1|  0|   5|    0|
    |mul_16s_14ns_26_1_1_U1176  |mul_16s_14ns_26_1_1  |        0|   1|  0|   5|    0|
    |mul_16s_14ns_26_1_1_U1178  |mul_16s_14ns_26_1_1  |        0|   1|  0|   5|    0|
    |mul_16s_14ns_26_1_1_U1180  |mul_16s_14ns_26_1_1  |        0|   1|  0|   5|    0|
    |mul_16s_14ns_26_1_1_U1181  |mul_16s_14ns_26_1_1  |        0|   1|  0|   5|    0|
    |mul_16s_14ns_26_1_1_U1183  |mul_16s_14ns_26_1_1  |        0|   1|  0|   5|    0|
    |mul_16s_14ns_26_1_1_U1184  |mul_16s_14ns_26_1_1  |        0|   1|  0|   5|    0|
    |mul_16s_14ns_26_1_1_U1185  |mul_16s_14ns_26_1_1  |        0|   1|  0|   5|    0|
    |mul_16s_14ns_26_1_1_U1186  |mul_16s_14ns_26_1_1  |        0|   1|  0|   5|    0|
    |mul_16s_14ns_26_1_1_U1188  |mul_16s_14ns_26_1_1  |        0|   1|  0|   5|    0|
    |mul_16s_14ns_26_1_1_U1190  |mul_16s_14ns_26_1_1  |        0|   1|  0|   5|    0|
    |mul_16s_14ns_26_1_1_U1192  |mul_16s_14ns_26_1_1  |        0|   1|  0|   5|    0|
    |mul_16s_14ns_26_1_1_U1193  |mul_16s_14ns_26_1_1  |        0|   1|  0|   5|    0|
    |mul_16s_14ns_26_1_1_U1194  |mul_16s_14ns_26_1_1  |        0|   1|  0|   5|    0|
    |mul_16s_14ns_26_1_1_U1196  |mul_16s_14ns_26_1_1  |        0|   1|  0|   5|    0|
    |mul_16s_14ns_26_1_1_U1197  |mul_16s_14ns_26_1_1  |        0|   1|  0|   5|    0|
    |mul_16s_14ns_26_1_1_U1199  |mul_16s_14ns_26_1_1  |        0|   1|  0|   5|    0|
    |mul_16s_14ns_26_1_1_U1200  |mul_16s_14ns_26_1_1  |        0|   1|  0|   5|    0|
    |mul_16s_14ns_26_1_1_U1202  |mul_16s_14ns_26_1_1  |        0|   1|  0|   5|    0|
    |mul_16s_14ns_26_1_1_U1203  |mul_16s_14ns_26_1_1  |        0|   1|  0|   5|    0|
    |mul_16s_14ns_26_1_1_U1204  |mul_16s_14ns_26_1_1  |        0|   1|  0|   5|    0|
    |mul_16s_14ns_26_1_1_U1206  |mul_16s_14ns_26_1_1  |        0|   1|  0|   5|    0|
    |mul_16s_14ns_26_1_1_U1207  |mul_16s_14ns_26_1_1  |        0|   1|  0|   5|    0|
    |mul_16s_14ns_26_1_1_U1208  |mul_16s_14ns_26_1_1  |        0|   1|  0|   5|    0|
    |mul_16s_14ns_26_1_1_U1210  |mul_16s_14ns_26_1_1  |        0|   1|  0|   5|    0|
    |mul_16s_14ns_26_1_1_U1211  |mul_16s_14ns_26_1_1  |        0|   1|  0|   5|    0|
    |mul_16s_14ns_26_1_1_U1212  |mul_16s_14ns_26_1_1  |        0|   1|  0|   5|    0|
    |mul_16s_14ns_26_1_1_U1213  |mul_16s_14ns_26_1_1  |        0|   1|  0|   5|    0|
    |mul_16s_14ns_26_1_1_U1214  |mul_16s_14ns_26_1_1  |        0|   1|  0|   5|    0|
    +---------------------------+---------------------+---------+----+---+----+-----+
    |Total                      |                     |        0|  63|  0| 315|    0|
    +---------------------------+---------------------+---------+----+---+----+-----+

    * DSP: 
    N/A

    * Memory: 
    N/A

    * FIFO: 
    N/A

    * Expression: 
    +------------------------+----------+----+---+----+------------+------------+
    |      Variable Name     | Operation| DSP| FF| LUT| Bitwidth P0| Bitwidth P1|
    +------------------------+----------+----+---+----+------------+------------+
    |add_ln1347_fu_18205_p2  |         +|   0|  0|  29|          22|          17|
    |ret_V_14_fu_18277_p2    |         +|   0|  0|  33|          26|          22|
    |ret_V_15_fu_18293_p2    |         +|   0|  0|  33|          26|          21|
    |ret_V_16_fu_18309_p2    |         +|   0|  0|  33|          26|          19|
    |ret_V_17_fu_18325_p2    |         +|   0|  0|  33|          26|          18|
    |ret_V_18_fu_18341_p2    |         +|   0|  0|  33|          26|          20|
    |ret_V_19_fu_18357_p2    |         +|   0|  0|  33|          26|          18|
    |ret_V_20_fu_18373_p2    |         +|   0|  0|  33|          26|          19|
    |ret_V_21_fu_18389_p2    |         +|   0|  0|  33|          26|          21|
    |ret_V_22_fu_18405_p2    |         +|   0|  0|  33|          26|          21|
    |ret_V_23_fu_18421_p2    |         +|   0|  0|  33|          26|          14|
    |ret_V_24_fu_18437_p2    |         +|   0|  0|  33|          26|          20|
    |ret_V_25_fu_18453_p2    |         +|   0|  0|  33|          26|          21|
    |ret_V_26_fu_18469_p2    |         +|   0|  0|  33|          26|          20|
    |ret_V_27_fu_18485_p2    |         +|   0|  0|  33|          26|          17|
    |ret_V_28_fu_18501_p2    |         +|   0|  0|  33|          26|          21|
    |ret_V_29_fu_18517_p2    |         +|   0|  0|  33|          26|          21|
    |ret_V_30_fu_18533_p2    |         +|   0|  0|  33|          26|          17|
    |ret_V_31_fu_18549_p2    |         +|   0|  0|  33|          26|          20|
    |ret_V_32_fu_18565_p2    |         +|   0|  0|  33|          26|          21|
    |ret_V_33_fu_18581_p2    |         +|   0|  0|  33|          26|          19|
    |ret_V_34_fu_18597_p2    |         +|   0|  0|  33|          26|          18|
    |ret_V_35_fu_18613_p2    |         +|   0|  0|  33|          26|          20|
    |ret_V_36_fu_18629_p2    |         +|   0|  0|  33|          26|          21|
    |ret_V_37_fu_18645_p2    |         +|   0|  0|  33|          26|          21|
    |ret_V_38_fu_18661_p2    |         +|   0|  0|  33|          26|          20|
    |ret_V_39_fu_18677_p2    |         +|   0|  0|  33|          26|          19|
    |ret_V_40_fu_18693_p2    |         +|   0|  0|  33|          26|          21|
    |ret_V_41_fu_18709_p2    |         +|   0|  0|  33|          26|          20|
    |ret_V_42_fu_18725_p2    |         +|   0|  0|  33|          26|          20|
    |ret_V_43_fu_18741_p2    |         +|   0|  0|  33|          26|          19|
    |ret_V_44_fu_18757_p2    |         +|   0|  0|  33|          26|          19|
    |ret_V_45_fu_18773_p2    |         +|   0|  0|  33|          26|          19|
    |ret_V_46_fu_18789_p2    |         +|   0|  0|  33|          26|          20|
    |ret_V_47_fu_18805_p2    |         +|   0|  0|  33|          26|          18|
    |ret_V_48_fu_18821_p2    |         +|   0|  0|  33|          26|          21|
    |ret_V_49_fu_18837_p2    |         +|   0|  0|  33|          26|          21|
    |ret_V_50_fu_18853_p2    |         +|   0|  0|  33|          26|          18|
    |ret_V_51_fu_18869_p2    |         +|   0|  0|  33|          26|          21|
    |ret_V_52_fu_18885_p2    |         +|   0|  0|  33|          26|          22|
    |ret_V_53_fu_18901_p2    |         +|   0|  0|  33|          26|          21|
    |ret_V_54_fu_18917_p2    |         +|   0|  0|  33|          26|          13|
    |ret_V_55_fu_18933_p2    |         +|   0|  0|  33|          26|          19|
    |ret_V_56_fu_18949_p2    |         +|   0|  0|  33|          26|          20|
    |ret_V_57_fu_18965_p2    |         +|   0|  0|  33|          26|          20|
    |ret_V_58_fu_18981_p2    |         +|   0|  0|  33|          26|          21|
    |ret_V_59_fu_18997_p2    |         +|   0|  0|  33|          26|          15|
    |ret_V_60_fu_19013_p2    |         +|   0|  0|  33|          26|          18|
    |ret_V_61_fu_19029_p2    |         +|   0|  0|  33|          26|          16|
    |ret_V_62_fu_19045_p2    |         +|   0|  0|  33|          26|          20|
    |ret_V_63_fu_19061_p2    |         +|   0|  0|  33|          26|          18|
    |ret_V_64_fu_19077_p2    |         +|   0|  0|  33|          26|          19|
    |ret_V_65_fu_19093_p2    |         +|   0|  0|  33|          26|          21|
    |ret_V_66_fu_19109_p2    |         +|   0|  0|  33|          26|          19|
    |ret_V_67_fu_19125_p2    |         +|   0|  0|  33|          26|          20|
    |ret_V_68_fu_19141_p2    |         +|   0|  0|  33|          26|          22|
    |ret_V_69_fu_19157_p2    |         +|   0|  0|  33|          26|          22|
    |ret_V_70_fu_18215_p2    |         +|   0|  0|  33|          26|          26|
    |ret_V_71_fu_19173_p2    |         +|   0|  0|  33|          26|          19|
    |ret_V_72_fu_19189_p2    |         +|   0|  0|  33|          26|          21|
    |ret_V_73_fu_19205_p2    |         +|   0|  0|  33|          26|          18|
    |ret_V_74_fu_19221_p2    |         +|   0|  0|  33|          26|          20|
    |ret_V_75_fu_19237_p2    |         +|   0|  0|  33|          26|          20|
    |ret_V_76_fu_19253_p2    |         +|   0|  0|  33|          26|          18|
    |ret_V_fu_18261_p2       |         +|   0|  0|  33|          26|          16|
    |ap_block_state1         |        or|   0|  0|   2|           1|           1|
    +------------------------+----------+----+---+----+------------+------------+
    |Total                   |          |   0|  0|2143|        1687|        1268|
    +------------------------+----------+----+---+----+------------+------------+

    * Multiplexer: 
    +-------------------+----+-----------+-----+-----------+
    |        Name       | LUT| Input Size| Bits| Total Bits|
    +-------------------+----+-----------+-----+-----------+
    |ap_NS_fsm          |  14|          3|    1|          3|
    |ap_done            |   9|          2|    1|          2|
    |layer19_out_blk_n  |   9|          2|    1|          2|
    |layer21_out_blk_n  |   9|          2|    1|          2|
    |real_start         |   9|          2|    1|          2|
    +-------------------+----+-----------+-----+-----------+
    |Total              |  50|         11|    5|         11|
    +-------------------+----+-----------+-----+-----------+

    * Register: 
    +--------------------------+----+----+-----+-----------+
    |           Name           | FF | LUT| Bits| Const Bits|
    +--------------------------+----+----+-----+-----------+
    |ap_CS_fsm                 |   2|   0|    2|          0|
    |ap_done_reg               |   1|   0|    1|          0|
    |mul_ln1347_10_reg_17043   |  26|   0|   26|          0|
    |mul_ln1347_11_reg_17047   |  26|   0|   26|          0|
    |mul_ln1347_12_reg_17051   |  26|   0|   26|          0|
    |mul_ln1347_13_reg_17055   |  26|   0|   26|          0|
    |mul_ln1347_14_reg_17059   |  26|   0|   26|          0|
    |mul_ln1347_15_reg_17063   |  26|   0|   26|          0|
    |mul_ln1347_16_reg_17067   |  26|   0|   26|          0|
    |mul_ln1347_17_reg_17071   |  26|   0|   26|          0|
    |mul_ln1347_18_reg_17075   |  26|   0|   26|          0|
    |mul_ln1347_19_reg_17079   |  26|   0|   26|          0|
    |mul_ln1347_1_reg_17007    |  26|   0|   26|          0|
    |mul_ln1347_20_reg_17083   |  26|   0|   26|          0|
    |mul_ln1347_21_reg_17087   |  26|   0|   26|          0|
    |mul_ln1347_22_reg_17091   |  26|   0|   26|          0|
    |mul_ln1347_23_reg_17095   |  26|   0|   26|          0|
    |mul_ln1347_24_reg_17099   |  26|   0|   26|          0|
    |mul_ln1347_25_reg_17103   |  26|   0|   26|          0|
    |mul_ln1347_26_reg_17107   |  26|   0|   26|          0|
    |mul_ln1347_27_reg_17111   |  26|   0|   26|          0|
    |mul_ln1347_28_reg_17115   |  26|   0|   26|          0|
    |mul_ln1347_29_reg_17119   |  26|   0|   26|          0|
    |mul_ln1347_2_reg_17011    |  26|   0|   26|          0|
    |mul_ln1347_30_reg_17123   |  26|   0|   26|          0|
    |mul_ln1347_31_reg_17127   |  26|   0|   26|          0|
    |mul_ln1347_32_reg_17131   |  26|   0|   26|          0|
    |mul_ln1347_33_reg_17135   |  26|   0|   26|          0|
    |mul_ln1347_34_reg_17139   |  26|   0|   26|          0|
    |mul_ln1347_35_reg_17143   |  26|   0|   26|          0|
    |mul_ln1347_36_reg_17147   |  26|   0|   26|          0|
    |mul_ln1347_37_reg_17151   |  26|   0|   26|          0|
    |mul_ln1347_38_reg_17155   |  26|   0|   26|          0|
    |mul_ln1347_39_reg_17159   |  26|   0|   26|          0|
    |mul_ln1347_3_reg_17015    |  26|   0|   26|          0|
    |mul_ln1347_40_reg_17163   |  26|   0|   26|          0|
    |mul_ln1347_41_reg_17167   |  26|   0|   26|          0|
    |mul_ln1347_42_reg_17171   |  26|   0|   26|          0|
    |mul_ln1347_43_reg_17175   |  26|   0|   26|          0|
    |mul_ln1347_44_reg_17179   |  26|   0|   26|          0|
    |mul_ln1347_45_reg_17183   |  26|   0|   26|          0|
    |mul_ln1347_46_reg_17187   |  26|   0|   26|          0|
    |mul_ln1347_47_reg_17191   |  26|   0|   26|          0|
    |mul_ln1347_48_reg_17195   |  26|   0|   26|          0|
    |mul_ln1347_49_reg_17199   |  26|   0|   26|          0|
    |mul_ln1347_4_reg_17019    |  26|   0|   26|          0|
    |mul_ln1347_50_reg_17203   |  26|   0|   26|          0|
    |mul_ln1347_51_reg_17207   |  26|   0|   26|          0|
    |mul_ln1347_52_reg_17211   |  26|   0|   26|          0|
    |mul_ln1347_53_reg_17215   |  26|   0|   26|          0|
    |mul_ln1347_54_reg_17219   |  26|   0|   26|          0|
    |mul_ln1347_55_reg_17223   |  26|   0|   26|          0|
    |mul_ln1347_56_reg_17227   |  26|   0|   26|          0|
    |mul_ln1347_57_reg_17231   |  26|   0|   26|          0|
    |mul_ln1347_58_reg_17235   |  26|   0|   26|          0|
    |mul_ln1347_59_reg_17239   |  26|   0|   26|          0|
    |mul_ln1347_5_reg_17023    |  26|   0|   26|          0|
    |mul_ln1347_60_reg_17243   |  26|   0|   26|          0|
    |mul_ln1347_61_reg_17247   |  26|   0|   26|          0|
    |mul_ln1347_62_reg_17251   |  26|   0|   26|          0|
    |mul_ln1347_6_reg_17027    |  26|   0|   26|          0|
    |mul_ln1347_7_reg_17031    |  26|   0|   26|          0|
    |mul_ln1347_8_reg_17035    |  26|   0|   26|          0|
    |mul_ln1347_9_reg_17039    |  26|   0|   26|          0|
    |mul_ln1347_reg_17003      |  26|   0|   26|          0|
    |start_once_reg            |   1|   0|    1|          0|
    |trunc_ln818_56_reg_19401  |  16|   0|   16|          0|
    +--------------------------+----+----+-----+-----------+
    |Total                     |1658|   0| 1658|          0|
    +--------------------------+----+----+-----+-----------+



================================================================
== Interface
================================================================
* Summary: 
+----------------------------+-----+------+------------+-------------------------------------------------------------------------+--------------+
|          RTL Ports         | Dir | Bits |  Protocol  |                              Source Object                              |    C Type    |
+----------------------------+-----+------+------------+-------------------------------------------------------------------------+--------------+
|ap_clk                      |   in|     1|  ap_ctrl_hs|  normalize<array<ap_fixed,64u>,array<ap_fixed<16,6,5,3,0>,64u>,config21>|  return value|
|ap_rst                      |   in|     1|  ap_ctrl_hs|  normalize<array<ap_fixed,64u>,array<ap_fixed<16,6,5,3,0>,64u>,config21>|  return value|
|ap_start                    |   in|     1|  ap_ctrl_hs|  normalize<array<ap_fixed,64u>,array<ap_fixed<16,6,5,3,0>,64u>,config21>|  return value|
|start_full_n                |   in|     1|  ap_ctrl_hs|  normalize<array<ap_fixed,64u>,array<ap_fixed<16,6,5,3,0>,64u>,config21>|  return value|
|ap_done                     |  out|     1|  ap_ctrl_hs|  normalize<array<ap_fixed,64u>,array<ap_fixed<16,6,5,3,0>,64u>,config21>|  return value|
|ap_continue                 |   in|     1|  ap_ctrl_hs|  normalize<array<ap_fixed,64u>,array<ap_fixed<16,6,5,3,0>,64u>,config21>|  return value|
|ap_idle                     |  out|     1|  ap_ctrl_hs|  normalize<array<ap_fixed,64u>,array<ap_fixed<16,6,5,3,0>,64u>,config21>|  return value|
|ap_ready                    |  out|     1|  ap_ctrl_hs|  normalize<array<ap_fixed,64u>,array<ap_fixed<16,6,5,3,0>,64u>,config21>|  return value|
|start_out                   |  out|     1|  ap_ctrl_hs|  normalize<array<ap_fixed,64u>,array<ap_fixed<16,6,5,3,0>,64u>,config21>|  return value|
|start_write                 |  out|     1|  ap_ctrl_hs|  normalize<array<ap_fixed,64u>,array<ap_fixed<16,6,5,3,0>,64u>,config21>|  return value|
|layer19_out_dout            |   in|  1024|     ap_fifo|                                                              layer19_out|       pointer|
|layer19_out_num_data_valid  |   in|     2|     ap_fifo|                                                              layer19_out|       pointer|
|layer19_out_fifo_cap        |   in|     2|     ap_fifo|                                                              layer19_out|       pointer|
|layer19_out_empty_n         |   in|     1|     ap_fifo|                                                              layer19_out|       pointer|
|layer19_out_read            |  out|     1|     ap_fifo|                                                              layer19_out|       pointer|
|layer21_out_din             |  out|  1024|     ap_fifo|                                                              layer21_out|       pointer|
|layer21_out_num_data_valid  |   in|     2|     ap_fifo|                                                              layer21_out|       pointer|
|layer21_out_fifo_cap        |   in|     2|     ap_fifo|                                                              layer21_out|       pointer|
|layer21_out_full_n          |   in|     1|     ap_fifo|                                                              layer21_out|       pointer|
|layer21_out_write           |  out|     1|     ap_fifo|                                                              layer21_out|       pointer|
+----------------------------+-----+------+------------+-------------------------------------------------------------------------+--------------+

============================================================
+ Verbose Summary: Synthesis Manager
============================================================
InlineROM: 1
ExposeGlobal: 0
============================================================
+ Verbose Summary: CDFG Model
============================================================
IsTopModel: 0
ResetActiveHigh: 1
IsCombinational: 2
IsDatapathOnly: 0
HasWiredReturn: 1
HasMFsm: 0
HasVarLatency: 1
IsPipeline: 0
IsRtlPipelined: 0
IsInstanceOverlapped: 0
IsDontTouch: 0
HasImplIP: 0
IsGatedGlobalClock: 0


============================================================
+ Verbose Summary: Schedule
============================================================
* Number of FSM states : 2
* Pipeline : 0
* Dataflow Pipeline: 0

* FSM state transitions: 
1 --> 2 
2 --> 

* FSM state operations: 

State 1 <SV = 0> <Delay = 3.27>
ST_1 : Operation 3 [1/1] (1.33ns)   --->   "%layer19_out_read = read i1024 @_ssdm_op_Read.ap_fifo.volatile.i1024P0A, i1024 %layer19_out" [/home/ayvol/vitis-accel-CNN/vitis_accel_prj/firmware/nnet_utils/nnet_batchnorm_stream.h:28]   --->   Operation 3 'read' 'layer19_out_read' <Predicate = true> <Delay = 1.33> <CoreInst = "FIFO_SRL">   --->   Core 81 'FIFO_SRL' <Latency = 0> <II = 1> <Delay = 1.33> <Storage> <Opcode : 'read' 'write' 'nbread' 'nbwrite'> <Ports = 0> <Width = 1024> <Depth = 1> <FIFO>
ST_1 : Operation 4 [1/1] (0.00ns)   --->   "%a_V = trunc i1024 %layer19_out_read" [/home/ayvol/vitis-accel-CNN/vitis_accel_prj/firmware/nnet_utils/nnet_batchnorm_stream.h:28]   --->   Operation 4 'trunc' 'a_V' <Predicate = true> <Delay = 0.00>
ST_1 : Operation 5 [1/1] (0.00ns)   --->   "%a_V_61 = partselect i16 @_ssdm_op_PartSelect.i16.i1024.i32.i32, i1024 %layer19_out_read, i32 992, i32 1007" [/home/ayvol/vitis-accel-CNN/vitis_accel_prj/firmware/nnet_utils/nnet_batchnorm_stream.h:28]   --->   Operation 5 'partselect' 'a_V_61' <Predicate = true> <Delay = 0.00>
ST_1 : Operation 6 [1/1] (0.00ns)   --->   "%a_V_62 = partselect i16 @_ssdm_op_PartSelect.i16.i1024.i32.i32, i1024 %layer19_out_read, i32 1008, i32 1023" [/home/ayvol/vitis-accel-CNN/vitis_accel_prj/firmware/nnet_utils/nnet_batchnorm_stream.h:28]   --->   Operation 6 'partselect' 'a_V_62' <Predicate = true> <Delay = 0.00>
ST_1 : Operation 7 [1/1] (0.00ns)   --->   "%a_V_1 = partselect i16 @_ssdm_op_PartSelect.i16.i1024.i32.i32, i1024 %layer19_out_read, i32 16, i32 31" [/home/ayvol/vitis-accel-CNN/vitis_accel_prj/firmware/nnet_utils/nnet_batchnorm_stream.h:28]   --->   Operation 7 'partselect' 'a_V_1' <Predicate = true> <Delay = 0.00>
ST_1 : Operation 8 [1/1] (0.00ns)   --->   "%a_V_2 = partselect i16 @_ssdm_op_PartSelect.i16.i1024.i32.i32, i1024 %layer19_out_read, i32 32, i32 47" [/home/ayvol/vitis-accel-CNN/vitis_accel_prj/firmware/nnet_utils/nnet_batchnorm_stream.h:28]   --->   Operation 8 'partselect' 'a_V_2' <Predicate = true> <Delay = 0.00>
ST_1 : Operation 9 [1/1] (0.00ns)   --->   "%a_V_3 = partselect i16 @_ssdm_op_PartSelect.i16.i1024.i32.i32, i1024 %layer19_out_read, i32 48, i32 63" [/home/ayvol/vitis-accel-CNN/vitis_accel_prj/firmware/nnet_utils/nnet_batchnorm_stream.h:28]   --->   Operation 9 'partselect' 'a_V_3' <Predicate = true> <Delay = 0.00>
ST_1 : Operation 10 [1/1] (0.00ns)   --->   "%a_V_4 = partselect i16 @_ssdm_op_PartSelect.i16.i1024.i32.i32, i1024 %layer19_out_read, i32 64, i32 79" [/home/ayvol/vitis-accel-CNN/vitis_accel_prj/firmware/nnet_utils/nnet_batchnorm_stream.h:28]   --->   Operation 10 'partselect' 'a_V_4' <Predicate = true> <Delay = 0.00>
ST_1 : Operation 11 [1/1] (0.00ns)   --->   "%a_V_5 = partselect i16 @_ssdm_op_PartSelect.i16.i1024.i32.i32, i1024 %layer19_out_read, i32 80, i32 95" [/home/ayvol/vitis-accel-CNN/vitis_accel_prj/firmware/nnet_utils/nnet_batchnorm_stream.h:28]   --->   Operation 11 'partselect' 'a_V_5' <Predicate = true> <Delay = 0.00>
ST_1 : Operation 12 [1/1] (0.00ns)   --->   "%a_V_6 = partselect i16 @_ssdm_op_PartSelect.i16.i1024.i32.i32, i1024 %layer19_out_read, i32 96, i32 111" [/home/ayvol/vitis-accel-CNN/vitis_accel_prj/firmware/nnet_utils/nnet_batchnorm_stream.h:28]   --->   Operation 12 'partselect' 'a_V_6' <Predicate = true> <Delay = 0.00>
ST_1 : Operation 13 [1/1] (0.00ns)   --->   "%a_V_7 = partselect i16 @_ssdm_op_PartSelect.i16.i1024.i32.i32, i1024 %layer19_out_read, i32 112, i32 127" [/home/ayvol/vitis-accel-CNN/vitis_accel_prj/firmware/nnet_utils/nnet_batchnorm_stream.h:28]   --->   Operation 13 'partselect' 'a_V_7' <Predicate = true> <Delay = 0.00>
ST_1 : Operation 14 [1/1] (0.00ns)   --->   "%a_V_8 = partselect i16 @_ssdm_op_PartSelect.i16.i1024.i32.i32, i1024 %layer19_out_read, i32 128, i32 143" [/home/ayvol/vitis-accel-CNN/vitis_accel_prj/firmware/nnet_utils/nnet_batchnorm_stream.h:28]   --->   Operation 14 'partselect' 'a_V_8' <Predicate = true> <Delay = 0.00>
ST_1 : Operation 15 [1/1] (0.00ns)   --->   "%a_V_9 = partselect i16 @_ssdm_op_PartSelect.i16.i1024.i32.i32, i1024 %layer19_out_read, i32 144, i32 159" [/home/ayvol/vitis-accel-CNN/vitis_accel_prj/firmware/nnet_utils/nnet_batchnorm_stream.h:28]   --->   Operation 15 'partselect' 'a_V_9' <Predicate = true> <Delay = 0.00>
ST_1 : Operation 16 [1/1] (0.00ns)   --->   "%a_V_10 = partselect i16 @_ssdm_op_PartSelect.i16.i1024.i32.i32, i1024 %layer19_out_read, i32 160, i32 175" [/home/ayvol/vitis-accel-CNN/vitis_accel_prj/firmware/nnet_utils/nnet_batchnorm_stream.h:28]   --->   Operation 16 'partselect' 'a_V_10' <Predicate = true> <Delay = 0.00>
ST_1 : Operation 17 [1/1] (0.00ns)   --->   "%a_V_11 = partselect i16 @_ssdm_op_PartSelect.i16.i1024.i32.i32, i1024 %layer19_out_read, i32 176, i32 191" [/home/ayvol/vitis-accel-CNN/vitis_accel_prj/firmware/nnet_utils/nnet_batchnorm_stream.h:28]   --->   Operation 17 'partselect' 'a_V_11' <Predicate = true> <Delay = 0.00>
ST_1 : Operation 18 [1/1] (0.00ns)   --->   "%a_V_12 = partselect i16 @_ssdm_op_PartSelect.i16.i1024.i32.i32, i1024 %layer19_out_read, i32 192, i32 207" [/home/ayvol/vitis-accel-CNN/vitis_accel_prj/firmware/nnet_utils/nnet_batchnorm_stream.h:28]   --->   Operation 18 'partselect' 'a_V_12' <Predicate = true> <Delay = 0.00>
ST_1 : Operation 19 [1/1] (0.00ns)   --->   "%a_V_13 = partselect i16 @_ssdm_op_PartSelect.i16.i1024.i32.i32, i1024 %layer19_out_read, i32 208, i32 223" [/home/ayvol/vitis-accel-CNN/vitis_accel_prj/firmware/nnet_utils/nnet_batchnorm_stream.h:28]   --->   Operation 19 'partselect' 'a_V_13' <Predicate = true> <Delay = 0.00>
ST_1 : Operation 20 [1/1] (0.00ns)   --->   "%a_V_14 = partselect i16 @_ssdm_op_PartSelect.i16.i1024.i32.i32, i1024 %layer19_out_read, i32 224, i32 239" [/home/ayvol/vitis-accel-CNN/vitis_accel_prj/firmware/nnet_utils/nnet_batchnorm_stream.h:28]   --->   Operation 20 'partselect' 'a_V_14' <Predicate = true> <Delay = 0.00>
ST_1 : Operation 21 [1/1] (0.00ns)   --->   "%a_V_15 = partselect i16 @_ssdm_op_PartSelect.i16.i1024.i32.i32, i1024 %layer19_out_read, i32 240, i32 255" [/home/ayvol/vitis-accel-CNN/vitis_accel_prj/firmware/nnet_utils/nnet_batchnorm_stream.h:28]   --->   Operation 21 'partselect' 'a_V_15' <Predicate = true> <Delay = 0.00>
ST_1 : Operation 22 [1/1] (0.00ns)   --->   "%a_V_16 = partselect i16 @_ssdm_op_PartSelect.i16.i1024.i32.i32, i1024 %layer19_out_read, i32 256, i32 271" [/home/ayvol/vitis-accel-CNN/vitis_accel_prj/firmware/nnet_utils/nnet_batchnorm_stream.h:28]   --->   Operation 22 'partselect' 'a_V_16' <Predicate = true> <Delay = 0.00>
ST_1 : Operation 23 [1/1] (0.00ns)   --->   "%a_V_17 = partselect i16 @_ssdm_op_PartSelect.i16.i1024.i32.i32, i1024 %layer19_out_read, i32 272, i32 287" [/home/ayvol/vitis-accel-CNN/vitis_accel_prj/firmware/nnet_utils/nnet_batchnorm_stream.h:28]   --->   Operation 23 'partselect' 'a_V_17' <Predicate = true> <Delay = 0.00>
ST_1 : Operation 24 [1/1] (0.00ns)   --->   "%a_V_18 = partselect i16 @_ssdm_op_PartSelect.i16.i1024.i32.i32, i1024 %layer19_out_read, i32 288, i32 303" [/home/ayvol/vitis-accel-CNN/vitis_accel_prj/firmware/nnet_utils/nnet_batchnorm_stream.h:28]   --->   Operation 24 'partselect' 'a_V_18' <Predicate = true> <Delay = 0.00>
ST_1 : Operation 25 [1/1] (0.00ns)   --->   "%a_V_19 = partselect i16 @_ssdm_op_PartSelect.i16.i1024.i32.i32, i1024 %layer19_out_read, i32 304, i32 319" [/home/ayvol/vitis-accel-CNN/vitis_accel_prj/firmware/nnet_utils/nnet_batchnorm_stream.h:28]   --->   Operation 25 'partselect' 'a_V_19' <Predicate = true> <Delay = 0.00>
ST_1 : Operation 26 [1/1] (0.00ns)   --->   "%a_V_20 = partselect i16 @_ssdm_op_PartSelect.i16.i1024.i32.i32, i1024 %layer19_out_read, i32 320, i32 335" [/home/ayvol/vitis-accel-CNN/vitis_accel_prj/firmware/nnet_utils/nnet_batchnorm_stream.h:28]   --->   Operation 26 'partselect' 'a_V_20' <Predicate = true> <Delay = 0.00>
ST_1 : Operation 27 [1/1] (0.00ns)   --->   "%a_V_21 = partselect i16 @_ssdm_op_PartSelect.i16.i1024.i32.i32, i1024 %layer19_out_read, i32 336, i32 351" [/home/ayvol/vitis-accel-CNN/vitis_accel_prj/firmware/nnet_utils/nnet_batchnorm_stream.h:28]   --->   Operation 27 'partselect' 'a_V_21' <Predicate = true> <Delay = 0.00>
ST_1 : Operation 28 [1/1] (0.00ns)   --->   "%a_V_22 = partselect i16 @_ssdm_op_PartSelect.i16.i1024.i32.i32, i1024 %layer19_out_read, i32 352, i32 367" [/home/ayvol/vitis-accel-CNN/vitis_accel_prj/firmware/nnet_utils/nnet_batchnorm_stream.h:28]   --->   Operation 28 'partselect' 'a_V_22' <Predicate = true> <Delay = 0.00>
ST_1 : Operation 29 [1/1] (0.00ns)   --->   "%a_V_23 = partselect i16 @_ssdm_op_PartSelect.i16.i1024.i32.i32, i1024 %layer19_out_read, i32 368, i32 383" [/home/ayvol/vitis-accel-CNN/vitis_accel_prj/firmware/nnet_utils/nnet_batchnorm_stream.h:28]   --->   Operation 29 'partselect' 'a_V_23' <Predicate = true> <Delay = 0.00>
ST_1 : Operation 30 [1/1] (0.00ns)   --->   "%a_V_24 = partselect i16 @_ssdm_op_PartSelect.i16.i1024.i32.i32, i1024 %layer19_out_read, i32 384, i32 399" [/home/ayvol/vitis-accel-CNN/vitis_accel_prj/firmware/nnet_utils/nnet_batchnorm_stream.h:28]   --->   Operation 30 'partselect' 'a_V_24' <Predicate = true> <Delay = 0.00>
ST_1 : Operation 31 [1/1] (0.00ns)   --->   "%a_V_25 = partselect i16 @_ssdm_op_PartSelect.i16.i1024.i32.i32, i1024 %layer19_out_read, i32 400, i32 415" [/home/ayvol/vitis-accel-CNN/vitis_accel_prj/firmware/nnet_utils/nnet_batchnorm_stream.h:28]   --->   Operation 31 'partselect' 'a_V_25' <Predicate = true> <Delay = 0.00>
ST_1 : Operation 32 [1/1] (0.00ns)   --->   "%a_V_26 = partselect i16 @_ssdm_op_PartSelect.i16.i1024.i32.i32, i1024 %layer19_out_read, i32 416, i32 431" [/home/ayvol/vitis-accel-CNN/vitis_accel_prj/firmware/nnet_utils/nnet_batchnorm_stream.h:28]   --->   Operation 32 'partselect' 'a_V_26' <Predicate = true> <Delay = 0.00>
ST_1 : Operation 33 [1/1] (0.00ns)   --->   "%a_V_27 = partselect i16 @_ssdm_op_PartSelect.i16.i1024.i32.i32, i1024 %layer19_out_read, i32 432, i32 447" [/home/ayvol/vitis-accel-CNN/vitis_accel_prj/firmware/nnet_utils/nnet_batchnorm_stream.h:28]   --->   Operation 33 'partselect' 'a_V_27' <Predicate = true> <Delay = 0.00>
ST_1 : Operation 34 [1/1] (0.00ns)   --->   "%a_V_28 = partselect i16 @_ssdm_op_PartSelect.i16.i1024.i32.i32, i1024 %layer19_out_read, i32 448, i32 463" [/home/ayvol/vitis-accel-CNN/vitis_accel_prj/firmware/nnet_utils/nnet_batchnorm_stream.h:28]   --->   Operation 34 'partselect' 'a_V_28' <Predicate = true> <Delay = 0.00>
ST_1 : Operation 35 [1/1] (0.00ns)   --->   "%a_V_29 = partselect i16 @_ssdm_op_PartSelect.i16.i1024.i32.i32, i1024 %layer19_out_read, i32 464, i32 479" [/home/ayvol/vitis-accel-CNN/vitis_accel_prj/firmware/nnet_utils/nnet_batchnorm_stream.h:28]   --->   Operation 35 'partselect' 'a_V_29' <Predicate = true> <Delay = 0.00>
ST_1 : Operation 36 [1/1] (0.00ns)   --->   "%a_V_30 = partselect i16 @_ssdm_op_PartSelect.i16.i1024.i32.i32, i1024 %layer19_out_read, i32 480, i32 495" [/home/ayvol/vitis-accel-CNN/vitis_accel_prj/firmware/nnet_utils/nnet_batchnorm_stream.h:28]   --->   Operation 36 'partselect' 'a_V_30' <Predicate = true> <Delay = 0.00>
ST_1 : Operation 37 [1/1] (0.00ns)   --->   "%a_V_31 = partselect i16 @_ssdm_op_PartSelect.i16.i1024.i32.i32, i1024 %layer19_out_read, i32 496, i32 511" [/home/ayvol/vitis-accel-CNN/vitis_accel_prj/firmware/nnet_utils/nnet_batchnorm_stream.h:28]   --->   Operation 37 'partselect' 'a_V_31' <Predicate = true> <Delay = 0.00>
ST_1 : Operation 38 [1/1] (0.00ns)   --->   "%a_V_32 = partselect i16 @_ssdm_op_PartSelect.i16.i1024.i32.i32, i1024 %layer19_out_read, i32 512, i32 527" [/home/ayvol/vitis-accel-CNN/vitis_accel_prj/firmware/nnet_utils/nnet_batchnorm_stream.h:28]   --->   Operation 38 'partselect' 'a_V_32' <Predicate = true> <Delay = 0.00>
ST_1 : Operation 39 [1/1] (0.00ns)   --->   "%a_V_33 = partselect i16 @_ssdm_op_PartSelect.i16.i1024.i32.i32, i1024 %layer19_out_read, i32 528, i32 543" [/home/ayvol/vitis-accel-CNN/vitis_accel_prj/firmware/nnet_utils/nnet_batchnorm_stream.h:28]   --->   Operation 39 'partselect' 'a_V_33' <Predicate = true> <Delay = 0.00>
ST_1 : Operation 40 [1/1] (0.00ns)   --->   "%a_V_34 = partselect i16 @_ssdm_op_PartSelect.i16.i1024.i32.i32, i1024 %layer19_out_read, i32 544, i32 559" [/home/ayvol/vitis-accel-CNN/vitis_accel_prj/firmware/nnet_utils/nnet_batchnorm_stream.h:28]   --->   Operation 40 'partselect' 'a_V_34' <Predicate = true> <Delay = 0.00>
ST_1 : Operation 41 [1/1] (0.00ns)   --->   "%a_V_35 = partselect i16 @_ssdm_op_PartSelect.i16.i1024.i32.i32, i1024 %layer19_out_read, i32 560, i32 575" [/home/ayvol/vitis-accel-CNN/vitis_accel_prj/firmware/nnet_utils/nnet_batchnorm_stream.h:28]   --->   Operation 41 'partselect' 'a_V_35' <Predicate = true> <Delay = 0.00>
ST_1 : Operation 42 [1/1] (0.00ns)   --->   "%a_V_36 = partselect i16 @_ssdm_op_PartSelect.i16.i1024.i32.i32, i1024 %layer19_out_read, i32 576, i32 591" [/home/ayvol/vitis-accel-CNN/vitis_accel_prj/firmware/nnet_utils/nnet_batchnorm_stream.h:28]   --->   Operation 42 'partselect' 'a_V_36' <Predicate = true> <Delay = 0.00>
ST_1 : Operation 43 [1/1] (0.00ns)   --->   "%a_V_37 = partselect i16 @_ssdm_op_PartSelect.i16.i1024.i32.i32, i1024 %layer19_out_read, i32 592, i32 607" [/home/ayvol/vitis-accel-CNN/vitis_accel_prj/firmware/nnet_utils/nnet_batchnorm_stream.h:28]   --->   Operation 43 'partselect' 'a_V_37' <Predicate = true> <Delay = 0.00>
ST_1 : Operation 44 [1/1] (0.00ns)   --->   "%a_V_38 = partselect i16 @_ssdm_op_PartSelect.i16.i1024.i32.i32, i1024 %layer19_out_read, i32 608, i32 623" [/home/ayvol/vitis-accel-CNN/vitis_accel_prj/firmware/nnet_utils/nnet_batchnorm_stream.h:28]   --->   Operation 44 'partselect' 'a_V_38' <Predicate = true> <Delay = 0.00>
ST_1 : Operation 45 [1/1] (0.00ns)   --->   "%a_V_39 = partselect i16 @_ssdm_op_PartSelect.i16.i1024.i32.i32, i1024 %layer19_out_read, i32 624, i32 639" [/home/ayvol/vitis-accel-CNN/vitis_accel_prj/firmware/nnet_utils/nnet_batchnorm_stream.h:28]   --->   Operation 45 'partselect' 'a_V_39' <Predicate = true> <Delay = 0.00>
ST_1 : Operation 46 [1/1] (0.00ns)   --->   "%a_V_40 = partselect i16 @_ssdm_op_PartSelect.i16.i1024.i32.i32, i1024 %layer19_out_read, i32 640, i32 655" [/home/ayvol/vitis-accel-CNN/vitis_accel_prj/firmware/nnet_utils/nnet_batchnorm_stream.h:28]   --->   Operation 46 'partselect' 'a_V_40' <Predicate = true> <Delay = 0.00>
ST_1 : Operation 47 [1/1] (0.00ns)   --->   "%a_V_41 = partselect i16 @_ssdm_op_PartSelect.i16.i1024.i32.i32, i1024 %layer19_out_read, i32 656, i32 671" [/home/ayvol/vitis-accel-CNN/vitis_accel_prj/firmware/nnet_utils/nnet_batchnorm_stream.h:28]   --->   Operation 47 'partselect' 'a_V_41' <Predicate = true> <Delay = 0.00>
ST_1 : Operation 48 [1/1] (0.00ns)   --->   "%a_V_42 = partselect i16 @_ssdm_op_PartSelect.i16.i1024.i32.i32, i1024 %layer19_out_read, i32 672, i32 687" [/home/ayvol/vitis-accel-CNN/vitis_accel_prj/firmware/nnet_utils/nnet_batchnorm_stream.h:28]   --->   Operation 48 'partselect' 'a_V_42' <Predicate = true> <Delay = 0.00>
ST_1 : Operation 49 [1/1] (0.00ns)   --->   "%a_V_43 = partselect i16 @_ssdm_op_PartSelect.i16.i1024.i32.i32, i1024 %layer19_out_read, i32 688, i32 703" [/home/ayvol/vitis-accel-CNN/vitis_accel_prj/firmware/nnet_utils/nnet_batchnorm_stream.h:28]   --->   Operation 49 'partselect' 'a_V_43' <Predicate = true> <Delay = 0.00>
ST_1 : Operation 50 [1/1] (0.00ns)   --->   "%a_V_44 = partselect i16 @_ssdm_op_PartSelect.i16.i1024.i32.i32, i1024 %layer19_out_read, i32 704, i32 719" [/home/ayvol/vitis-accel-CNN/vitis_accel_prj/firmware/nnet_utils/nnet_batchnorm_stream.h:28]   --->   Operation 50 'partselect' 'a_V_44' <Predicate = true> <Delay = 0.00>
ST_1 : Operation 51 [1/1] (0.00ns)   --->   "%a_V_45 = partselect i16 @_ssdm_op_PartSelect.i16.i1024.i32.i32, i1024 %layer19_out_read, i32 720, i32 735" [/home/ayvol/vitis-accel-CNN/vitis_accel_prj/firmware/nnet_utils/nnet_batchnorm_stream.h:28]   --->   Operation 51 'partselect' 'a_V_45' <Predicate = true> <Delay = 0.00>
ST_1 : Operation 52 [1/1] (0.00ns)   --->   "%a_V_46 = partselect i16 @_ssdm_op_PartSelect.i16.i1024.i32.i32, i1024 %layer19_out_read, i32 736, i32 751" [/home/ayvol/vitis-accel-CNN/vitis_accel_prj/firmware/nnet_utils/nnet_batchnorm_stream.h:28]   --->   Operation 52 'partselect' 'a_V_46' <Predicate = true> <Delay = 0.00>
ST_1 : Operation 53 [1/1] (0.00ns)   --->   "%a_V_47 = partselect i16 @_ssdm_op_PartSelect.i16.i1024.i32.i32, i1024 %layer19_out_read, i32 752, i32 767" [/home/ayvol/vitis-accel-CNN/vitis_accel_prj/firmware/nnet_utils/nnet_batchnorm_stream.h:28]   --->   Operation 53 'partselect' 'a_V_47' <Predicate = true> <Delay = 0.00>
ST_1 : Operation 54 [1/1] (0.00ns)   --->   "%a_V_48 = partselect i16 @_ssdm_op_PartSelect.i16.i1024.i32.i32, i1024 %layer19_out_read, i32 768, i32 783" [/home/ayvol/vitis-accel-CNN/vitis_accel_prj/firmware/nnet_utils/nnet_batchnorm_stream.h:28]   --->   Operation 54 'partselect' 'a_V_48' <Predicate = true> <Delay = 0.00>
ST_1 : Operation 55 [1/1] (0.00ns)   --->   "%a_V_49 = partselect i16 @_ssdm_op_PartSelect.i16.i1024.i32.i32, i1024 %layer19_out_read, i32 784, i32 799" [/home/ayvol/vitis-accel-CNN/vitis_accel_prj/firmware/nnet_utils/nnet_batchnorm_stream.h:28]   --->   Operation 55 'partselect' 'a_V_49' <Predicate = true> <Delay = 0.00>
ST_1 : Operation 56 [1/1] (0.00ns)   --->   "%a_V_50 = partselect i16 @_ssdm_op_PartSelect.i16.i1024.i32.i32, i1024 %layer19_out_read, i32 800, i32 815" [/home/ayvol/vitis-accel-CNN/vitis_accel_prj/firmware/nnet_utils/nnet_batchnorm_stream.h:28]   --->   Operation 56 'partselect' 'a_V_50' <Predicate = true> <Delay = 0.00>
ST_1 : Operation 57 [1/1] (0.00ns)   --->   "%a_V_51 = partselect i16 @_ssdm_op_PartSelect.i16.i1024.i32.i32, i1024 %layer19_out_read, i32 816, i32 831" [/home/ayvol/vitis-accel-CNN/vitis_accel_prj/firmware/nnet_utils/nnet_batchnorm_stream.h:28]   --->   Operation 57 'partselect' 'a_V_51' <Predicate = true> <Delay = 0.00>
ST_1 : Operation 58 [1/1] (0.00ns)   --->   "%a_V_52 = partselect i16 @_ssdm_op_PartSelect.i16.i1024.i32.i32, i1024 %layer19_out_read, i32 832, i32 847" [/home/ayvol/vitis-accel-CNN/vitis_accel_prj/firmware/nnet_utils/nnet_batchnorm_stream.h:28]   --->   Operation 58 'partselect' 'a_V_52' <Predicate = true> <Delay = 0.00>
ST_1 : Operation 59 [1/1] (0.00ns)   --->   "%a_V_53 = partselect i16 @_ssdm_op_PartSelect.i16.i1024.i32.i32, i1024 %layer19_out_read, i32 848, i32 863" [/home/ayvol/vitis-accel-CNN/vitis_accel_prj/firmware/nnet_utils/nnet_batchnorm_stream.h:28]   --->   Operation 59 'partselect' 'a_V_53' <Predicate = true> <Delay = 0.00>
ST_1 : Operation 60 [1/1] (0.00ns)   --->   "%a_V_54 = partselect i16 @_ssdm_op_PartSelect.i16.i1024.i32.i32, i1024 %layer19_out_read, i32 864, i32 879" [/home/ayvol/vitis-accel-CNN/vitis_accel_prj/firmware/nnet_utils/nnet_batchnorm_stream.h:28]   --->   Operation 60 'partselect' 'a_V_54' <Predicate = true> <Delay = 0.00>
ST_1 : Operation 61 [1/1] (0.00ns)   --->   "%a_V_55 = partselect i16 @_ssdm_op_PartSelect.i16.i1024.i32.i32, i1024 %layer19_out_read, i32 880, i32 895" [/home/ayvol/vitis-accel-CNN/vitis_accel_prj/firmware/nnet_utils/nnet_batchnorm_stream.h:28]   --->   Operation 61 'partselect' 'a_V_55' <Predicate = true> <Delay = 0.00>
ST_1 : Operation 62 [1/1] (0.00ns)   --->   "%a_V_56 = partselect i16 @_ssdm_op_PartSelect.i16.i1024.i32.i32, i1024 %layer19_out_read, i32 896, i32 911" [/home/ayvol/vitis-accel-CNN/vitis_accel_prj/firmware/nnet_utils/nnet_batchnorm_stream.h:28]   --->   Operation 62 'partselect' 'a_V_56' <Predicate = true> <Delay = 0.00>
ST_1 : Operation 63 [1/1] (0.00ns)   --->   "%a_V_57 = partselect i16 @_ssdm_op_PartSelect.i16.i1024.i32.i32, i1024 %layer19_out_read, i32 928, i32 943" [/home/ayvol/vitis-accel-CNN/vitis_accel_prj/firmware/nnet_utils/nnet_batchnorm_stream.h:28]   --->   Operation 63 'partselect' 'a_V_57' <Predicate = true> <Delay = 0.00>
ST_1 : Operation 64 [1/1] (0.00ns)   --->   "%a_V_58 = partselect i16 @_ssdm_op_PartSelect.i16.i1024.i32.i32, i1024 %layer19_out_read, i32 944, i32 959" [/home/ayvol/vitis-accel-CNN/vitis_accel_prj/firmware/nnet_utils/nnet_batchnorm_stream.h:28]   --->   Operation 64 'partselect' 'a_V_58' <Predicate = true> <Delay = 0.00>
ST_1 : Operation 65 [1/1] (0.00ns)   --->   "%a_V_59 = partselect i16 @_ssdm_op_PartSelect.i16.i1024.i32.i32, i1024 %layer19_out_read, i32 960, i32 975" [/home/ayvol/vitis-accel-CNN/vitis_accel_prj/firmware/nnet_utils/nnet_batchnorm_stream.h:28]   --->   Operation 65 'partselect' 'a_V_59' <Predicate = true> <Delay = 0.00>
ST_1 : Operation 66 [1/1] (0.00ns)   --->   "%a_V_60 = partselect i16 @_ssdm_op_PartSelect.i16.i1024.i32.i32, i1024 %layer19_out_read, i32 976, i32 991" [/home/ayvol/vitis-accel-CNN/vitis_accel_prj/firmware/nnet_utils/nnet_batchnorm_stream.h:28]   --->   Operation 66 'partselect' 'a_V_60' <Predicate = true> <Delay = 0.00>
ST_1 : Operation 67 [1/1] (0.00ns)   --->   "%sext_ln1347 = sext i16 %a_V"   --->   Operation 67 'sext' 'sext_ln1347' <Predicate = true> <Delay = 0.00>
ST_1 : Operation 68 [1/1] (1.94ns)   --->   "%mul_ln1347 = mul i26 %sext_ln1347, i26 3703"   --->   Operation 68 'mul' 'mul_ln1347' <Predicate = true> <Delay = 1.94> <CoreInst = "Multiplier">   --->   Core 3 'Multiplier' <Latency = 0> <II = 1> <Delay = 1.94> <FuncUnit> <Opcode : 'mul'> <InPorts = 2> <OutPorts = 1>
ST_1 : Operation 69 [1/1] (0.00ns)   --->   "%sext_ln1347_1 = sext i16 %a_V_1"   --->   Operation 69 'sext' 'sext_ln1347_1' <Predicate = true> <Delay = 0.00>
ST_1 : Operation 70 [1/1] (1.94ns)   --->   "%mul_ln1347_1 = mul i26 %sext_ln1347_1, i26 4488"   --->   Operation 70 'mul' 'mul_ln1347_1' <Predicate = true> <Delay = 1.94> <CoreInst = "Multiplier">   --->   Core 3 'Multiplier' <Latency = 0> <II = 1> <Delay = 1.94> <FuncUnit> <Opcode : 'mul'> <InPorts = 2> <OutPorts = 1>
ST_1 : Operation 71 [1/1] (0.00ns)   --->   "%sext_ln1347_2 = sext i16 %a_V_2"   --->   Operation 71 'sext' 'sext_ln1347_2' <Predicate = true> <Delay = 0.00>
ST_1 : Operation 72 [1/1] (1.94ns)   --->   "%mul_ln1347_2 = mul i26 %sext_ln1347_2, i26 4777"   --->   Operation 72 'mul' 'mul_ln1347_2' <Predicate = true> <Delay = 1.94> <CoreInst = "Multiplier">   --->   Core 3 'Multiplier' <Latency = 0> <II = 1> <Delay = 1.94> <FuncUnit> <Opcode : 'mul'> <InPorts = 2> <OutPorts = 1>
ST_1 : Operation 73 [1/1] (0.00ns)   --->   "%sext_ln1347_3 = sext i16 %a_V_3"   --->   Operation 73 'sext' 'sext_ln1347_3' <Predicate = true> <Delay = 0.00>
ST_1 : Operation 74 [1/1] (1.94ns)   --->   "%mul_ln1347_3 = mul i26 %sext_ln1347_3, i26 4018"   --->   Operation 74 'mul' 'mul_ln1347_3' <Predicate = true> <Delay = 1.94> <CoreInst = "Multiplier">   --->   Core 3 'Multiplier' <Latency = 0> <II = 1> <Delay = 1.94> <FuncUnit> <Opcode : 'mul'> <InPorts = 2> <OutPorts = 1>
ST_1 : Operation 75 [1/1] (0.00ns)   --->   "%sext_ln1347_4 = sext i16 %a_V_4"   --->   Operation 75 'sext' 'sext_ln1347_4' <Predicate = true> <Delay = 0.00>
ST_1 : Operation 76 [1/1] (1.94ns)   --->   "%mul_ln1347_4 = mul i26 %sext_ln1347_4, i26 4059"   --->   Operation 76 'mul' 'mul_ln1347_4' <Predicate = true> <Delay = 1.94> <CoreInst = "Multiplier">   --->   Core 3 'Multiplier' <Latency = 0> <II = 1> <Delay = 1.94> <FuncUnit> <Opcode : 'mul'> <InPorts = 2> <OutPorts = 1>
ST_1 : Operation 77 [1/1] (0.00ns)   --->   "%sext_ln1347_5 = sext i16 %a_V_5"   --->   Operation 77 'sext' 'sext_ln1347_5' <Predicate = true> <Delay = 0.00>
ST_1 : Operation 78 [1/1] (1.94ns)   --->   "%mul_ln1347_5 = mul i26 %sext_ln1347_5, i26 4457"   --->   Operation 78 'mul' 'mul_ln1347_5' <Predicate = true> <Delay = 1.94> <CoreInst = "Multiplier">   --->   Core 3 'Multiplier' <Latency = 0> <II = 1> <Delay = 1.94> <FuncUnit> <Opcode : 'mul'> <InPorts = 2> <OutPorts = 1>
ST_1 : Operation 79 [1/1] (0.00ns)   --->   "%sext_ln1347_6 = sext i16 %a_V_6"   --->   Operation 79 'sext' 'sext_ln1347_6' <Predicate = true> <Delay = 0.00>
ST_1 : Operation 80 [1/1] (1.94ns)   --->   "%mul_ln1347_6 = mul i26 %sext_ln1347_6, i26 3992"   --->   Operation 80 'mul' 'mul_ln1347_6' <Predicate = true> <Delay = 1.94> <CoreInst = "Multiplier">   --->   Core 3 'Multiplier' <Latency = 0> <II = 1> <Delay = 1.94> <FuncUnit> <Opcode : 'mul'> <InPorts = 2> <OutPorts = 1>
ST_1 : Operation 81 [1/1] (0.00ns)   --->   "%sext_ln1347_7 = sext i16 %a_V_7"   --->   Operation 81 'sext' 'sext_ln1347_7' <Predicate = true> <Delay = 0.00>
ST_1 : Operation 82 [1/1] (1.94ns)   --->   "%mul_ln1347_7 = mul i26 %sext_ln1347_7, i26 4960"   --->   Operation 82 'mul' 'mul_ln1347_7' <Predicate = true> <Delay = 1.94> <CoreInst = "Multiplier">   --->   Core 3 'Multiplier' <Latency = 0> <II = 1> <Delay = 1.94> <FuncUnit> <Opcode : 'mul'> <InPorts = 2> <OutPorts = 1>
ST_1 : Operation 83 [1/1] (0.00ns)   --->   "%sext_ln1347_8 = sext i16 %a_V_8"   --->   Operation 83 'sext' 'sext_ln1347_8' <Predicate = true> <Delay = 0.00>
ST_1 : Operation 84 [1/1] (1.94ns)   --->   "%mul_ln1347_8 = mul i26 %sext_ln1347_8, i26 3751"   --->   Operation 84 'mul' 'mul_ln1347_8' <Predicate = true> <Delay = 1.94> <CoreInst = "Multiplier">   --->   Core 3 'Multiplier' <Latency = 0> <II = 1> <Delay = 1.94> <FuncUnit> <Opcode : 'mul'> <InPorts = 2> <OutPorts = 1>
ST_1 : Operation 85 [1/1] (0.00ns)   --->   "%sext_ln1347_9 = sext i16 %a_V_9"   --->   Operation 85 'sext' 'sext_ln1347_9' <Predicate = true> <Delay = 0.00>
ST_1 : Operation 86 [1/1] (1.94ns)   --->   "%mul_ln1347_9 = mul i26 %sext_ln1347_9, i26 4622"   --->   Operation 86 'mul' 'mul_ln1347_9' <Predicate = true> <Delay = 1.94> <CoreInst = "Multiplier">   --->   Core 3 'Multiplier' <Latency = 0> <II = 1> <Delay = 1.94> <FuncUnit> <Opcode : 'mul'> <InPorts = 2> <OutPorts = 1>
ST_1 : Operation 87 [1/1] (0.00ns)   --->   "%sext_ln1347_10 = sext i16 %a_V_10"   --->   Operation 87 'sext' 'sext_ln1347_10' <Predicate = true> <Delay = 0.00>
ST_1 : Operation 88 [1/1] (1.94ns)   --->   "%mul_ln1347_10 = mul i26 %sext_ln1347_10, i26 5362"   --->   Operation 88 'mul' 'mul_ln1347_10' <Predicate = true> <Delay = 1.94> <CoreInst = "Multiplier">   --->   Core 3 'Multiplier' <Latency = 0> <II = 1> <Delay = 1.94> <FuncUnit> <Opcode : 'mul'> <InPorts = 2> <OutPorts = 1>
ST_1 : Operation 89 [1/1] (0.00ns)   --->   "%sext_ln1347_11 = sext i16 %a_V_11"   --->   Operation 89 'sext' 'sext_ln1347_11' <Predicate = true> <Delay = 0.00>
ST_1 : Operation 90 [1/1] (1.94ns)   --->   "%mul_ln1347_11 = mul i26 %sext_ln1347_11, i26 5263"   --->   Operation 90 'mul' 'mul_ln1347_11' <Predicate = true> <Delay = 1.94> <CoreInst = "Multiplier">   --->   Core 3 'Multiplier' <Latency = 0> <II = 1> <Delay = 1.94> <FuncUnit> <Opcode : 'mul'> <InPorts = 2> <OutPorts = 1>
ST_1 : Operation 91 [1/1] (0.00ns)   --->   "%sext_ln1347_12 = sext i16 %a_V_12"   --->   Operation 91 'sext' 'sext_ln1347_12' <Predicate = true> <Delay = 0.00>
ST_1 : Operation 92 [1/1] (1.94ns)   --->   "%mul_ln1347_12 = mul i26 %sext_ln1347_12, i26 5192"   --->   Operation 92 'mul' 'mul_ln1347_12' <Predicate = true> <Delay = 1.94> <CoreInst = "Multiplier">   --->   Core 3 'Multiplier' <Latency = 0> <II = 1> <Delay = 1.94> <FuncUnit> <Opcode : 'mul'> <InPorts = 2> <OutPorts = 1>
ST_1 : Operation 93 [1/1] (0.00ns)   --->   "%sext_ln1347_13 = sext i16 %a_V_13"   --->   Operation 93 'sext' 'sext_ln1347_13' <Predicate = true> <Delay = 0.00>
ST_1 : Operation 94 [1/1] (1.94ns)   --->   "%mul_ln1347_13 = mul i26 %sext_ln1347_13, i26 4438"   --->   Operation 94 'mul' 'mul_ln1347_13' <Predicate = true> <Delay = 1.94> <CoreInst = "Multiplier">   --->   Core 3 'Multiplier' <Latency = 0> <II = 1> <Delay = 1.94> <FuncUnit> <Opcode : 'mul'> <InPorts = 2> <OutPorts = 1>
ST_1 : Operation 95 [1/1] (0.00ns)   --->   "%sext_ln1347_14 = sext i16 %a_V_14"   --->   Operation 95 'sext' 'sext_ln1347_14' <Predicate = true> <Delay = 0.00>
ST_1 : Operation 96 [1/1] (1.94ns)   --->   "%mul_ln1347_14 = mul i26 %sext_ln1347_14, i26 3935"   --->   Operation 96 'mul' 'mul_ln1347_14' <Predicate = true> <Delay = 1.94> <CoreInst = "Multiplier">   --->   Core 3 'Multiplier' <Latency = 0> <II = 1> <Delay = 1.94> <FuncUnit> <Opcode : 'mul'> <InPorts = 2> <OutPorts = 1>
ST_1 : Operation 97 [1/1] (0.00ns)   --->   "%sext_ln1347_15 = sext i16 %a_V_15"   --->   Operation 97 'sext' 'sext_ln1347_15' <Predicate = true> <Delay = 0.00>
ST_1 : Operation 98 [1/1] (1.94ns)   --->   "%mul_ln1347_15 = mul i26 %sext_ln1347_15, i26 4589"   --->   Operation 98 'mul' 'mul_ln1347_15' <Predicate = true> <Delay = 1.94> <CoreInst = "Multiplier">   --->   Core 3 'Multiplier' <Latency = 0> <II = 1> <Delay = 1.94> <FuncUnit> <Opcode : 'mul'> <InPorts = 2> <OutPorts = 1>
ST_1 : Operation 99 [1/1] (0.00ns)   --->   "%sext_ln1347_16 = sext i16 %a_V_16"   --->   Operation 99 'sext' 'sext_ln1347_16' <Predicate = true> <Delay = 0.00>
ST_1 : Operation 100 [1/1] (1.94ns)   --->   "%mul_ln1347_16 = mul i26 %sext_ln1347_16, i26 5031"   --->   Operation 100 'mul' 'mul_ln1347_16' <Predicate = true> <Delay = 1.94> <CoreInst = "Multiplier">   --->   Core 3 'Multiplier' <Latency = 0> <II = 1> <Delay = 1.94> <FuncUnit> <Opcode : 'mul'> <InPorts = 2> <OutPorts = 1>
ST_1 : Operation 101 [1/1] (0.00ns)   --->   "%sext_ln1347_17 = sext i16 %a_V_17"   --->   Operation 101 'sext' 'sext_ln1347_17' <Predicate = true> <Delay = 0.00>
ST_1 : Operation 102 [1/1] (1.94ns)   --->   "%mul_ln1347_17 = mul i26 %sext_ln1347_17, i26 4360"   --->   Operation 102 'mul' 'mul_ln1347_17' <Predicate = true> <Delay = 1.94> <CoreInst = "Multiplier">   --->   Core 3 'Multiplier' <Latency = 0> <II = 1> <Delay = 1.94> <FuncUnit> <Opcode : 'mul'> <InPorts = 2> <OutPorts = 1>
ST_1 : Operation 103 [1/1] (0.00ns)   --->   "%sext_ln1347_18 = sext i16 %a_V_18"   --->   Operation 103 'sext' 'sext_ln1347_18' <Predicate = true> <Delay = 0.00>
ST_1 : Operation 104 [1/1] (1.94ns)   --->   "%mul_ln1347_18 = mul i26 %sext_ln1347_18, i26 4893"   --->   Operation 104 'mul' 'mul_ln1347_18' <Predicate = true> <Delay = 1.94> <CoreInst = "Multiplier">   --->   Core 3 'Multiplier' <Latency = 0> <II = 1> <Delay = 1.94> <FuncUnit> <Opcode : 'mul'> <InPorts = 2> <OutPorts = 1>
ST_1 : Operation 105 [1/1] (0.00ns)   --->   "%sext_ln1347_19 = sext i16 %a_V_19"   --->   Operation 105 'sext' 'sext_ln1347_19' <Predicate = true> <Delay = 0.00>
ST_1 : Operation 106 [1/1] (1.94ns)   --->   "%mul_ln1347_19 = mul i26 %sext_ln1347_19, i26 3966"   --->   Operation 106 'mul' 'mul_ln1347_19' <Predicate = true> <Delay = 1.94> <CoreInst = "Multiplier">   --->   Core 3 'Multiplier' <Latency = 0> <II = 1> <Delay = 1.94> <FuncUnit> <Opcode : 'mul'> <InPorts = 2> <OutPorts = 1>
ST_1 : Operation 107 [1/1] (0.00ns)   --->   "%sext_ln1347_20 = sext i16 %a_V_20"   --->   Operation 107 'sext' 'sext_ln1347_20' <Predicate = true> <Delay = 0.00>
ST_1 : Operation 108 [1/1] (1.94ns)   --->   "%mul_ln1347_20 = mul i26 %sext_ln1347_20, i26 4259"   --->   Operation 108 'mul' 'mul_ln1347_20' <Predicate = true> <Delay = 1.94> <CoreInst = "Multiplier">   --->   Core 3 'Multiplier' <Latency = 0> <II = 1> <Delay = 1.94> <FuncUnit> <Opcode : 'mul'> <InPorts = 2> <OutPorts = 1>
ST_1 : Operation 109 [1/1] (0.00ns)   --->   "%sext_ln1347_21 = sext i16 %a_V_21"   --->   Operation 109 'sext' 'sext_ln1347_21' <Predicate = true> <Delay = 0.00>
ST_1 : Operation 110 [1/1] (1.94ns)   --->   "%mul_ln1347_21 = mul i26 %sext_ln1347_21, i26 4430"   --->   Operation 110 'mul' 'mul_ln1347_21' <Predicate = true> <Delay = 1.94> <CoreInst = "Multiplier">   --->   Core 3 'Multiplier' <Latency = 0> <II = 1> <Delay = 1.94> <FuncUnit> <Opcode : 'mul'> <InPorts = 2> <OutPorts = 1>
ST_1 : Operation 111 [1/1] (0.00ns)   --->   "%sext_ln1347_22 = sext i16 %a_V_22"   --->   Operation 111 'sext' 'sext_ln1347_22' <Predicate = true> <Delay = 0.00>
ST_1 : Operation 112 [1/1] (1.94ns)   --->   "%mul_ln1347_22 = mul i26 %sext_ln1347_22, i26 4117"   --->   Operation 112 'mul' 'mul_ln1347_22' <Predicate = true> <Delay = 1.94> <CoreInst = "Multiplier">   --->   Core 3 'Multiplier' <Latency = 0> <II = 1> <Delay = 1.94> <FuncUnit> <Opcode : 'mul'> <InPorts = 2> <OutPorts = 1>
ST_1 : Operation 113 [1/1] (0.00ns)   --->   "%sext_ln1347_23 = sext i16 %a_V_23"   --->   Operation 113 'sext' 'sext_ln1347_23' <Predicate = true> <Delay = 0.00>
ST_1 : Operation 114 [1/1] (1.94ns)   --->   "%mul_ln1347_23 = mul i26 %sext_ln1347_23, i26 5480"   --->   Operation 114 'mul' 'mul_ln1347_23' <Predicate = true> <Delay = 1.94> <CoreInst = "Multiplier">   --->   Core 3 'Multiplier' <Latency = 0> <II = 1> <Delay = 1.94> <FuncUnit> <Opcode : 'mul'> <InPorts = 2> <OutPorts = 1>
ST_1 : Operation 115 [1/1] (0.00ns)   --->   "%sext_ln1347_24 = sext i16 %a_V_24"   --->   Operation 115 'sext' 'sext_ln1347_24' <Predicate = true> <Delay = 0.00>
ST_1 : Operation 116 [1/1] (1.94ns)   --->   "%mul_ln1347_24 = mul i26 %sext_ln1347_24, i26 4119"   --->   Operation 116 'mul' 'mul_ln1347_24' <Predicate = true> <Delay = 1.94> <CoreInst = "Multiplier">   --->   Core 3 'Multiplier' <Latency = 0> <II = 1> <Delay = 1.94> <FuncUnit> <Opcode : 'mul'> <InPorts = 2> <OutPorts = 1>
ST_1 : Operation 117 [1/1] (0.00ns)   --->   "%sext_ln1347_25 = sext i16 %a_V_25"   --->   Operation 117 'sext' 'sext_ln1347_25' <Predicate = true> <Delay = 0.00>
ST_1 : Operation 118 [1/1] (1.94ns)   --->   "%mul_ln1347_25 = mul i26 %sext_ln1347_25, i26 4624"   --->   Operation 118 'mul' 'mul_ln1347_25' <Predicate = true> <Delay = 1.94> <CoreInst = "Multiplier">   --->   Core 3 'Multiplier' <Latency = 0> <II = 1> <Delay = 1.94> <FuncUnit> <Opcode : 'mul'> <InPorts = 2> <OutPorts = 1>
ST_1 : Operation 119 [1/1] (0.00ns)   --->   "%sext_ln1347_26 = sext i16 %a_V_26"   --->   Operation 119 'sext' 'sext_ln1347_26' <Predicate = true> <Delay = 0.00>
ST_1 : Operation 120 [1/1] (1.94ns)   --->   "%mul_ln1347_26 = mul i26 %sext_ln1347_26, i26 5604"   --->   Operation 120 'mul' 'mul_ln1347_26' <Predicate = true> <Delay = 1.94> <CoreInst = "Multiplier">   --->   Core 3 'Multiplier' <Latency = 0> <II = 1> <Delay = 1.94> <FuncUnit> <Opcode : 'mul'> <InPorts = 2> <OutPorts = 1>
ST_1 : Operation 121 [1/1] (0.00ns)   --->   "%sext_ln1347_27 = sext i16 %a_V_27"   --->   Operation 121 'sext' 'sext_ln1347_27' <Predicate = true> <Delay = 0.00>
ST_1 : Operation 122 [1/1] (1.94ns)   --->   "%mul_ln1347_27 = mul i26 %sext_ln1347_27, i26 4450"   --->   Operation 122 'mul' 'mul_ln1347_27' <Predicate = true> <Delay = 1.94> <CoreInst = "Multiplier">   --->   Core 3 'Multiplier' <Latency = 0> <II = 1> <Delay = 1.94> <FuncUnit> <Opcode : 'mul'> <InPorts = 2> <OutPorts = 1>
ST_1 : Operation 123 [1/1] (0.00ns)   --->   "%sext_ln1347_28 = sext i16 %a_V_28"   --->   Operation 123 'sext' 'sext_ln1347_28' <Predicate = true> <Delay = 0.00>
ST_1 : Operation 124 [1/1] (1.94ns)   --->   "%mul_ln1347_28 = mul i26 %sext_ln1347_28, i26 5121"   --->   Operation 124 'mul' 'mul_ln1347_28' <Predicate = true> <Delay = 1.94> <CoreInst = "Multiplier">   --->   Core 3 'Multiplier' <Latency = 0> <II = 1> <Delay = 1.94> <FuncUnit> <Opcode : 'mul'> <InPorts = 2> <OutPorts = 1>
ST_1 : Operation 125 [1/1] (0.00ns)   --->   "%sext_ln1347_29 = sext i16 %a_V_29"   --->   Operation 125 'sext' 'sext_ln1347_29' <Predicate = true> <Delay = 0.00>
ST_1 : Operation 126 [1/1] (1.94ns)   --->   "%mul_ln1347_29 = mul i26 %sext_ln1347_29, i26 4422"   --->   Operation 126 'mul' 'mul_ln1347_29' <Predicate = true> <Delay = 1.94> <CoreInst = "Multiplier">   --->   Core 3 'Multiplier' <Latency = 0> <II = 1> <Delay = 1.94> <FuncUnit> <Opcode : 'mul'> <InPorts = 2> <OutPorts = 1>
ST_1 : Operation 127 [1/1] (0.00ns)   --->   "%sext_ln1347_30 = sext i16 %a_V_30"   --->   Operation 127 'sext' 'sext_ln1347_30' <Predicate = true> <Delay = 0.00>
ST_1 : Operation 128 [1/1] (1.94ns)   --->   "%mul_ln1347_30 = mul i26 %sext_ln1347_30, i26 4348"   --->   Operation 128 'mul' 'mul_ln1347_30' <Predicate = true> <Delay = 1.94> <CoreInst = "Multiplier">   --->   Core 3 'Multiplier' <Latency = 0> <II = 1> <Delay = 1.94> <FuncUnit> <Opcode : 'mul'> <InPorts = 2> <OutPorts = 1>
ST_1 : Operation 129 [1/1] (0.00ns)   --->   "%sext_ln1347_31 = sext i16 %a_V_31"   --->   Operation 129 'sext' 'sext_ln1347_31' <Predicate = true> <Delay = 0.00>
ST_1 : Operation 130 [1/1] (1.94ns)   --->   "%mul_ln1347_31 = mul i26 %sext_ln1347_31, i26 4727"   --->   Operation 130 'mul' 'mul_ln1347_31' <Predicate = true> <Delay = 1.94> <CoreInst = "Multiplier">   --->   Core 3 'Multiplier' <Latency = 0> <II = 1> <Delay = 1.94> <FuncUnit> <Opcode : 'mul'> <InPorts = 2> <OutPorts = 1>
ST_1 : Operation 131 [1/1] (0.00ns)   --->   "%sext_ln1347_32 = sext i16 %a_V_32"   --->   Operation 131 'sext' 'sext_ln1347_32' <Predicate = true> <Delay = 0.00>
ST_1 : Operation 132 [1/1] (1.94ns)   --->   "%mul_ln1347_32 = mul i26 %sext_ln1347_32, i26 3868"   --->   Operation 132 'mul' 'mul_ln1347_32' <Predicate = true> <Delay = 1.94> <CoreInst = "Multiplier">   --->   Core 3 'Multiplier' <Latency = 0> <II = 1> <Delay = 1.94> <FuncUnit> <Opcode : 'mul'> <InPorts = 2> <OutPorts = 1>
ST_1 : Operation 133 [1/1] (0.00ns)   --->   "%sext_ln1347_33 = sext i16 %a_V_33"   --->   Operation 133 'sext' 'sext_ln1347_33' <Predicate = true> <Delay = 0.00>
ST_1 : Operation 134 [1/1] (1.94ns)   --->   "%mul_ln1347_33 = mul i26 %sext_ln1347_33, i26 5049"   --->   Operation 134 'mul' 'mul_ln1347_33' <Predicate = true> <Delay = 1.94> <CoreInst = "Multiplier">   --->   Core 3 'Multiplier' <Latency = 0> <II = 1> <Delay = 1.94> <FuncUnit> <Opcode : 'mul'> <InPorts = 2> <OutPorts = 1>
ST_1 : Operation 135 [1/1] (0.00ns)   --->   "%sext_ln1347_34 = sext i16 %a_V_34"   --->   Operation 135 'sext' 'sext_ln1347_34' <Predicate = true> <Delay = 0.00>
ST_1 : Operation 136 [1/1] (1.94ns)   --->   "%mul_ln1347_34 = mul i26 %sext_ln1347_34, i26 4390"   --->   Operation 136 'mul' 'mul_ln1347_34' <Predicate = true> <Delay = 1.94> <CoreInst = "Multiplier">   --->   Core 3 'Multiplier' <Latency = 0> <II = 1> <Delay = 1.94> <FuncUnit> <Opcode : 'mul'> <InPorts = 2> <OutPorts = 1>
ST_1 : Operation 137 [1/1] (0.00ns)   --->   "%sext_ln1347_35 = sext i16 %a_V_35"   --->   Operation 137 'sext' 'sext_ln1347_35' <Predicate = true> <Delay = 0.00>
ST_1 : Operation 138 [1/1] (1.94ns)   --->   "%mul_ln1347_35 = mul i26 %sext_ln1347_35, i26 5228"   --->   Operation 138 'mul' 'mul_ln1347_35' <Predicate = true> <Delay = 1.94> <CoreInst = "Multiplier">   --->   Core 3 'Multiplier' <Latency = 0> <II = 1> <Delay = 1.94> <FuncUnit> <Opcode : 'mul'> <InPorts = 2> <OutPorts = 1>
ST_1 : Operation 139 [1/1] (0.00ns)   --->   "%sext_ln1347_36 = sext i16 %a_V_36"   --->   Operation 139 'sext' 'sext_ln1347_36' <Predicate = true> <Delay = 0.00>
ST_1 : Operation 140 [1/1] (1.94ns)   --->   "%mul_ln1347_36 = mul i26 %sext_ln1347_36, i26 4263"   --->   Operation 140 'mul' 'mul_ln1347_36' <Predicate = true> <Delay = 1.94> <CoreInst = "Multiplier">   --->   Core 3 'Multiplier' <Latency = 0> <II = 1> <Delay = 1.94> <FuncUnit> <Opcode : 'mul'> <InPorts = 2> <OutPorts = 1>
ST_1 : Operation 141 [1/1] (0.00ns)   --->   "%sext_ln1347_37 = sext i16 %a_V_37"   --->   Operation 141 'sext' 'sext_ln1347_37' <Predicate = true> <Delay = 0.00>
ST_1 : Operation 142 [1/1] (1.94ns)   --->   "%mul_ln1347_37 = mul i26 %sext_ln1347_37, i26 4361"   --->   Operation 142 'mul' 'mul_ln1347_37' <Predicate = true> <Delay = 1.94> <CoreInst = "Multiplier">   --->   Core 3 'Multiplier' <Latency = 0> <II = 1> <Delay = 1.94> <FuncUnit> <Opcode : 'mul'> <InPorts = 2> <OutPorts = 1>
ST_1 : Operation 143 [1/1] (0.00ns)   --->   "%sext_ln1347_38 = sext i16 %a_V_38"   --->   Operation 143 'sext' 'sext_ln1347_38' <Predicate = true> <Delay = 0.00>
ST_1 : Operation 144 [1/1] (1.94ns)   --->   "%mul_ln1347_38 = mul i26 %sext_ln1347_38, i26 4068"   --->   Operation 144 'mul' 'mul_ln1347_38' <Predicate = true> <Delay = 1.94> <CoreInst = "Multiplier">   --->   Core 3 'Multiplier' <Latency = 0> <II = 1> <Delay = 1.94> <FuncUnit> <Opcode : 'mul'> <InPorts = 2> <OutPorts = 1>
ST_1 : Operation 145 [1/1] (0.00ns)   --->   "%sext_ln1347_39 = sext i16 %a_V_39"   --->   Operation 145 'sext' 'sext_ln1347_39' <Predicate = true> <Delay = 0.00>
ST_1 : Operation 146 [1/1] (1.94ns)   --->   "%mul_ln1347_39 = mul i26 %sext_ln1347_39, i26 4316"   --->   Operation 146 'mul' 'mul_ln1347_39' <Predicate = true> <Delay = 1.94> <CoreInst = "Multiplier">   --->   Core 3 'Multiplier' <Latency = 0> <II = 1> <Delay = 1.94> <FuncUnit> <Opcode : 'mul'> <InPorts = 2> <OutPorts = 1>
ST_1 : Operation 147 [1/1] (0.00ns)   --->   "%sext_ln1347_40 = sext i16 %a_V_40"   --->   Operation 147 'sext' 'sext_ln1347_40' <Predicate = true> <Delay = 0.00>
ST_1 : Operation 148 [1/1] (1.94ns)   --->   "%mul_ln1347_40 = mul i26 %sext_ln1347_40, i26 5118"   --->   Operation 148 'mul' 'mul_ln1347_40' <Predicate = true> <Delay = 1.94> <CoreInst = "Multiplier">   --->   Core 3 'Multiplier' <Latency = 0> <II = 1> <Delay = 1.94> <FuncUnit> <Opcode : 'mul'> <InPorts = 2> <OutPorts = 1>
ST_1 : Operation 149 [1/1] (0.00ns)   --->   "%sext_ln1347_41 = sext i16 %a_V_41"   --->   Operation 149 'sext' 'sext_ln1347_41' <Predicate = true> <Delay = 0.00>
ST_1 : Operation 150 [1/1] (1.94ns)   --->   "%mul_ln1347_41 = mul i26 %sext_ln1347_41, i26 4538"   --->   Operation 150 'mul' 'mul_ln1347_41' <Predicate = true> <Delay = 1.94> <CoreInst = "Multiplier">   --->   Core 3 'Multiplier' <Latency = 0> <II = 1> <Delay = 1.94> <FuncUnit> <Opcode : 'mul'> <InPorts = 2> <OutPorts = 1>
ST_1 : Operation 151 [1/1] (0.00ns)   --->   "%sext_ln1347_42 = sext i16 %a_V_42"   --->   Operation 151 'sext' 'sext_ln1347_42' <Predicate = true> <Delay = 0.00>
ST_1 : Operation 152 [1/1] (1.94ns)   --->   "%mul_ln1347_42 = mul i26 %sext_ln1347_42, i26 4042"   --->   Operation 152 'mul' 'mul_ln1347_42' <Predicate = true> <Delay = 1.94> <CoreInst = "Multiplier">   --->   Core 3 'Multiplier' <Latency = 0> <II = 1> <Delay = 1.94> <FuncUnit> <Opcode : 'mul'> <InPorts = 2> <OutPorts = 1>
ST_1 : Operation 153 [1/1] (0.00ns)   --->   "%sext_ln1347_43 = sext i16 %a_V_43"   --->   Operation 153 'sext' 'sext_ln1347_43' <Predicate = true> <Delay = 0.00>
ST_1 : Operation 154 [1/1] (1.94ns)   --->   "%mul_ln1347_43 = mul i26 %sext_ln1347_43, i26 4542"   --->   Operation 154 'mul' 'mul_ln1347_43' <Predicate = true> <Delay = 1.94> <CoreInst = "Multiplier">   --->   Core 3 'Multiplier' <Latency = 0> <II = 1> <Delay = 1.94> <FuncUnit> <Opcode : 'mul'> <InPorts = 2> <OutPorts = 1>
ST_1 : Operation 155 [1/1] (0.00ns)   --->   "%sext_ln1347_44 = sext i16 %a_V_44"   --->   Operation 155 'sext' 'sext_ln1347_44' <Predicate = true> <Delay = 0.00>
ST_1 : Operation 156 [1/1] (1.94ns)   --->   "%mul_ln1347_44 = mul i26 %sext_ln1347_44, i26 4018"   --->   Operation 156 'mul' 'mul_ln1347_44' <Predicate = true> <Delay = 1.94> <CoreInst = "Multiplier">   --->   Core 3 'Multiplier' <Latency = 0> <II = 1> <Delay = 1.94> <FuncUnit> <Opcode : 'mul'> <InPorts = 2> <OutPorts = 1>
ST_1 : Operation 157 [1/1] (0.00ns)   --->   "%sext_ln1347_45 = sext i16 %a_V_45"   --->   Operation 157 'sext' 'sext_ln1347_45' <Predicate = true> <Delay = 0.00>
ST_1 : Operation 158 [1/1] (1.94ns)   --->   "%mul_ln1347_45 = mul i26 %sext_ln1347_45, i26 3932"   --->   Operation 158 'mul' 'mul_ln1347_45' <Predicate = true> <Delay = 1.94> <CoreInst = "Multiplier">   --->   Core 3 'Multiplier' <Latency = 0> <II = 1> <Delay = 1.94> <FuncUnit> <Opcode : 'mul'> <InPorts = 2> <OutPorts = 1>
ST_1 : Operation 159 [1/1] (0.00ns)   --->   "%sext_ln1347_46 = sext i16 %a_V_46"   --->   Operation 159 'sext' 'sext_ln1347_46' <Predicate = true> <Delay = 0.00>
ST_1 : Operation 160 [1/1] (1.94ns)   --->   "%mul_ln1347_46 = mul i26 %sext_ln1347_46, i26 4650"   --->   Operation 160 'mul' 'mul_ln1347_46' <Predicate = true> <Delay = 1.94> <CoreInst = "Multiplier">   --->   Core 3 'Multiplier' <Latency = 0> <II = 1> <Delay = 1.94> <FuncUnit> <Opcode : 'mul'> <InPorts = 2> <OutPorts = 1>
ST_1 : Operation 161 [1/1] (0.00ns)   --->   "%sext_ln1347_47 = sext i16 %a_V_47"   --->   Operation 161 'sext' 'sext_ln1347_47' <Predicate = true> <Delay = 0.00>
ST_1 : Operation 162 [1/1] (1.94ns)   --->   "%mul_ln1347_47 = mul i26 %sext_ln1347_47, i26 5688"   --->   Operation 162 'mul' 'mul_ln1347_47' <Predicate = true> <Delay = 1.94> <CoreInst = "Multiplier">   --->   Core 3 'Multiplier' <Latency = 0> <II = 1> <Delay = 1.94> <FuncUnit> <Opcode : 'mul'> <InPorts = 2> <OutPorts = 1>
ST_1 : Operation 163 [1/1] (0.00ns)   --->   "%sext_ln1347_48 = sext i16 %a_V_48"   --->   Operation 163 'sext' 'sext_ln1347_48' <Predicate = true> <Delay = 0.00>
ST_1 : Operation 164 [1/1] (1.94ns)   --->   "%mul_ln1347_48 = mul i26 %sext_ln1347_48, i26 4202"   --->   Operation 164 'mul' 'mul_ln1347_48' <Predicate = true> <Delay = 1.94> <CoreInst = "Multiplier">   --->   Core 3 'Multiplier' <Latency = 0> <II = 1> <Delay = 1.94> <FuncUnit> <Opcode : 'mul'> <InPorts = 2> <OutPorts = 1>
ST_1 : Operation 165 [1/1] (0.00ns)   --->   "%sext_ln1347_49 = sext i16 %a_V_49"   --->   Operation 165 'sext' 'sext_ln1347_49' <Predicate = true> <Delay = 0.00>
ST_1 : Operation 166 [1/1] (1.94ns)   --->   "%mul_ln1347_49 = mul i26 %sext_ln1347_49, i26 3624"   --->   Operation 166 'mul' 'mul_ln1347_49' <Predicate = true> <Delay = 1.94> <CoreInst = "Multiplier">   --->   Core 3 'Multiplier' <Latency = 0> <II = 1> <Delay = 1.94> <FuncUnit> <Opcode : 'mul'> <InPorts = 2> <OutPorts = 1>
ST_1 : Operation 167 [1/1] (0.00ns)   --->   "%sext_ln1347_50 = sext i16 %a_V_50"   --->   Operation 167 'sext' 'sext_ln1347_50' <Predicate = true> <Delay = 0.00>
ST_1 : Operation 168 [1/1] (1.94ns)   --->   "%mul_ln1347_50 = mul i26 %sext_ln1347_50, i26 4632"   --->   Operation 168 'mul' 'mul_ln1347_50' <Predicate = true> <Delay = 1.94> <CoreInst = "Multiplier">   --->   Core 3 'Multiplier' <Latency = 0> <II = 1> <Delay = 1.94> <FuncUnit> <Opcode : 'mul'> <InPorts = 2> <OutPorts = 1>
ST_1 : Operation 169 [1/1] (0.00ns)   --->   "%sext_ln1347_51 = sext i16 %a_V_51"   --->   Operation 169 'sext' 'sext_ln1347_51' <Predicate = true> <Delay = 0.00>
ST_1 : Operation 170 [1/1] (1.94ns)   --->   "%mul_ln1347_51 = mul i26 %sext_ln1347_51, i26 3999"   --->   Operation 170 'mul' 'mul_ln1347_51' <Predicate = true> <Delay = 1.94> <CoreInst = "Multiplier">   --->   Core 3 'Multiplier' <Latency = 0> <II = 1> <Delay = 1.94> <FuncUnit> <Opcode : 'mul'> <InPorts = 2> <OutPorts = 1>
ST_1 : Operation 171 [1/1] (0.00ns)   --->   "%sext_ln1347_52 = sext i16 %a_V_52"   --->   Operation 171 'sext' 'sext_ln1347_52' <Predicate = true> <Delay = 0.00>
ST_1 : Operation 172 [1/1] (1.94ns)   --->   "%mul_ln1347_52 = mul i26 %sext_ln1347_52, i26 4073"   --->   Operation 172 'mul' 'mul_ln1347_52' <Predicate = true> <Delay = 1.94> <CoreInst = "Multiplier">   --->   Core 3 'Multiplier' <Latency = 0> <II = 1> <Delay = 1.94> <FuncUnit> <Opcode : 'mul'> <InPorts = 2> <OutPorts = 1>
ST_1 : Operation 173 [1/1] (0.00ns)   --->   "%sext_ln1347_53 = sext i16 %a_V_53"   --->   Operation 173 'sext' 'sext_ln1347_53' <Predicate = true> <Delay = 0.00>
ST_1 : Operation 174 [1/1] (1.94ns)   --->   "%mul_ln1347_53 = mul i26 %sext_ln1347_53, i26 4247"   --->   Operation 174 'mul' 'mul_ln1347_53' <Predicate = true> <Delay = 1.94> <CoreInst = "Multiplier">   --->   Core 3 'Multiplier' <Latency = 0> <II = 1> <Delay = 1.94> <FuncUnit> <Opcode : 'mul'> <InPorts = 2> <OutPorts = 1>
ST_1 : Operation 175 [1/1] (0.00ns)   --->   "%sext_ln1347_54 = sext i16 %a_V_54"   --->   Operation 175 'sext' 'sext_ln1347_54' <Predicate = true> <Delay = 0.00>
ST_1 : Operation 176 [1/1] (1.94ns)   --->   "%mul_ln1347_54 = mul i26 %sext_ln1347_54, i26 3296"   --->   Operation 176 'mul' 'mul_ln1347_54' <Predicate = true> <Delay = 1.94> <CoreInst = "Multiplier">   --->   Core 3 'Multiplier' <Latency = 0> <II = 1> <Delay = 1.94> <FuncUnit> <Opcode : 'mul'> <InPorts = 2> <OutPorts = 1>
ST_1 : Operation 177 [1/1] (0.00ns)   --->   "%sext_ln1347_55 = sext i16 %a_V_55"   --->   Operation 177 'sext' 'sext_ln1347_55' <Predicate = true> <Delay = 0.00>
ST_1 : Operation 178 [1/1] (1.94ns)   --->   "%mul_ln1347_55 = mul i26 %sext_ln1347_55, i26 4406"   --->   Operation 178 'mul' 'mul_ln1347_55' <Predicate = true> <Delay = 1.94> <CoreInst = "Multiplier">   --->   Core 3 'Multiplier' <Latency = 0> <II = 1> <Delay = 1.94> <FuncUnit> <Opcode : 'mul'> <InPorts = 2> <OutPorts = 1>
ST_1 : Operation 179 [1/1] (0.00ns)   --->   "%sext_ln1347_56 = sext i16 %a_V_56"   --->   Operation 179 'sext' 'sext_ln1347_56' <Predicate = true> <Delay = 0.00>
ST_1 : Operation 180 [1/1] (1.94ns)   --->   "%mul_ln1347_56 = mul i26 %sext_ln1347_56, i26 5615"   --->   Operation 180 'mul' 'mul_ln1347_56' <Predicate = true> <Delay = 1.94> <CoreInst = "Multiplier">   --->   Core 3 'Multiplier' <Latency = 0> <II = 1> <Delay = 1.94> <FuncUnit> <Opcode : 'mul'> <InPorts = 2> <OutPorts = 1>
ST_1 : Operation 181 [1/1] (0.00ns)   --->   "%tmp = partselect i14 @_ssdm_op_PartSelect.i14.i1024.i32.i32, i1024 %layer19_out_read, i32 912, i32 925"   --->   Operation 181 'partselect' 'tmp' <Predicate = true> <Delay = 0.00>
ST_1 : Operation 182 [1/1] (0.00ns)   --->   "%shl_ln = bitconcatenate i26 @_ssdm_op_BitConcatenate.i26.i14.i12, i14 %tmp, i12 0"   --->   Operation 182 'bitconcatenate' 'shl_ln' <Predicate = true> <Delay = 0.00>
ST_1 : Operation 183 [1/1] (0.00ns)   --->   "%tmp_70 = partselect i16 @_ssdm_op_PartSelect.i16.i1024.i32.i32, i1024 %layer19_out_read, i32 912, i32 927"   --->   Operation 183 'partselect' 'tmp_70' <Predicate = true> <Delay = 0.00>
ST_1 : Operation 184 [1/1] (0.00ns)   --->   "%shl_ln1273_1 = bitconcatenate i21 @_ssdm_op_BitConcatenate.i21.i16.i5, i16 %tmp_70, i5 0"   --->   Operation 184 'bitconcatenate' 'shl_ln1273_1' <Predicate = true> <Delay = 0.00>
ST_1 : Operation 185 [1/1] (0.00ns)   --->   "%sext_ln1347_63 = sext i21 %shl_ln1273_1"   --->   Operation 185 'sext' 'sext_ln1347_63' <Predicate = true> <Delay = 0.00>
ST_1 : Operation 186 [1/1] (0.81ns)   --->   "%add_ln1347 = add i22 %sext_ln1347_63, i22 66560"   --->   Operation 186 'add' 'add_ln1347' <Predicate = true> <Delay = 0.81> <CoreInst = "Adder">   --->   Core 1 'Adder' <Latency = 0> <II = 1> <Delay = 0.82> <FuncUnit> <Opcode : 'add' 'sub'> <InPorts = 2> <OutPorts = 1>
ST_1 : Operation 187 [1/1] (0.00ns)   --->   "%sext_ln1347_64 = sext i22 %add_ln1347"   --->   Operation 187 'sext' 'sext_ln1347_64' <Predicate = true> <Delay = 0.00>
ST_1 : Operation 188 [1/1] (0.84ns)   --->   "%ret_V_70 = add i26 %sext_ln1347_64, i26 %shl_ln"   --->   Operation 188 'add' 'ret_V_70' <Predicate = true> <Delay = 0.84> <CoreInst = "Adder">   --->   Core 1 'Adder' <Latency = 0> <II = 1> <Delay = 0.84> <FuncUnit> <Opcode : 'add' 'sub'> <InPorts = 2> <OutPorts = 1>
ST_1 : Operation 189 [1/1] (0.00ns)   --->   "%trunc_ln818_56 = partselect i16 @_ssdm_op_PartSelect.i16.i26.i32.i32, i26 %ret_V_70, i32 10, i32 25"   --->   Operation 189 'partselect' 'trunc_ln818_56' <Predicate = true> <Delay = 0.00>
ST_1 : Operation 190 [1/1] (0.00ns)   --->   "%sext_ln1347_57 = sext i16 %a_V_57"   --->   Operation 190 'sext' 'sext_ln1347_57' <Predicate = true> <Delay = 0.00>
ST_1 : Operation 191 [1/1] (1.94ns)   --->   "%mul_ln1347_57 = mul i26 %sext_ln1347_57, i26 4442"   --->   Operation 191 'mul' 'mul_ln1347_57' <Predicate = true> <Delay = 1.94> <CoreInst = "Multiplier">   --->   Core 3 'Multiplier' <Latency = 0> <II = 1> <Delay = 1.94> <FuncUnit> <Opcode : 'mul'> <InPorts = 2> <OutPorts = 1>
ST_1 : Operation 192 [1/1] (0.00ns)   --->   "%sext_ln1347_58 = sext i16 %a_V_58"   --->   Operation 192 'sext' 'sext_ln1347_58' <Predicate = true> <Delay = 0.00>
ST_1 : Operation 193 [1/1] (1.94ns)   --->   "%mul_ln1347_58 = mul i26 %sext_ln1347_58, i26 5751"   --->   Operation 193 'mul' 'mul_ln1347_58' <Predicate = true> <Delay = 1.94> <CoreInst = "Multiplier">   --->   Core 3 'Multiplier' <Latency = 0> <II = 1> <Delay = 1.94> <FuncUnit> <Opcode : 'mul'> <InPorts = 2> <OutPorts = 1>
ST_1 : Operation 194 [1/1] (0.00ns)   --->   "%sext_ln1347_59 = sext i16 %a_V_59"   --->   Operation 194 'sext' 'sext_ln1347_59' <Predicate = true> <Delay = 0.00>
ST_1 : Operation 195 [1/1] (1.94ns)   --->   "%mul_ln1347_59 = mul i26 %sext_ln1347_59, i26 3914"   --->   Operation 195 'mul' 'mul_ln1347_59' <Predicate = true> <Delay = 1.94> <CoreInst = "Multiplier">   --->   Core 3 'Multiplier' <Latency = 0> <II = 1> <Delay = 1.94> <FuncUnit> <Opcode : 'mul'> <InPorts = 2> <OutPorts = 1>
ST_1 : Operation 196 [1/1] (0.00ns)   --->   "%sext_ln1347_60 = sext i16 %a_V_60"   --->   Operation 196 'sext' 'sext_ln1347_60' <Predicate = true> <Delay = 0.00>
ST_1 : Operation 197 [1/1] (1.94ns)   --->   "%mul_ln1347_60 = mul i26 %sext_ln1347_60, i26 4247"   --->   Operation 197 'mul' 'mul_ln1347_60' <Predicate = true> <Delay = 1.94> <CoreInst = "Multiplier">   --->   Core 3 'Multiplier' <Latency = 0> <II = 1> <Delay = 1.94> <FuncUnit> <Opcode : 'mul'> <InPorts = 2> <OutPorts = 1>
ST_1 : Operation 198 [1/1] (0.00ns)   --->   "%sext_ln1347_61 = sext i16 %a_V_61"   --->   Operation 198 'sext' 'sext_ln1347_61' <Predicate = true> <Delay = 0.00>
ST_1 : Operation 199 [1/1] (1.94ns)   --->   "%mul_ln1347_61 = mul i26 %sext_ln1347_61, i26 3822"   --->   Operation 199 'mul' 'mul_ln1347_61' <Predicate = true> <Delay = 1.94> <CoreInst = "Multiplier">   --->   Core 3 'Multiplier' <Latency = 0> <II = 1> <Delay = 1.94> <FuncUnit> <Opcode : 'mul'> <InPorts = 2> <OutPorts = 1>
ST_1 : Operation 200 [1/1] (0.00ns)   --->   "%sext_ln1347_62 = sext i16 %a_V_62"   --->   Operation 200 'sext' 'sext_ln1347_62' <Predicate = true> <Delay = 0.00>
ST_1 : Operation 201 [1/1] (1.94ns)   --->   "%mul_ln1347_62 = mul i26 %sext_ln1347_62, i26 3503"   --->   Operation 201 'mul' 'mul_ln1347_62' <Predicate = true> <Delay = 1.94> <CoreInst = "Multiplier">   --->   Core 3 'Multiplier' <Latency = 0> <II = 1> <Delay = 1.94> <FuncUnit> <Opcode : 'mul'> <InPorts = 2> <OutPorts = 1>

State 2 <SV = 1> <Delay = 2.17>
ST_2 : Operation 202 [1/1] (0.00ns)   --->   "%specinterface_ln0 = specinterface void @_ssdm_op_SpecInterface, i1024 %layer21_out, void @empty_0, i32 0, i32 0, void @empty_7, i32 0, i32 0, void @empty_7, void @empty_7, void @empty_7, i32 0, i32 0, i32 0, i32 0, void @empty_7, void @empty_7, i32 4294967295, i32 0"   --->   Operation 202 'specinterface' 'specinterface_ln0' <Predicate = true> <Delay = 0.00>
ST_2 : Operation 203 [1/1] (0.00ns)   --->   "%specinterface_ln0 = specinterface void @_ssdm_op_SpecInterface, i1024 %layer19_out, void @empty_0, i32 0, i32 0, void @empty_7, i32 0, i32 0, void @empty_7, void @empty_7, void @empty_7, i32 0, i32 0, i32 0, i32 0, void @empty_7, void @empty_7, i32 4294967295, i32 0"   --->   Operation 203 'specinterface' 'specinterface_ln0' <Predicate = true> <Delay = 0.00>
ST_2 : Operation 204 [1/1] (0.00ns)   --->   "%specresourcelimit_ln22 = specresourcelimit void @_ssdm_op_SpecResourceLimit, i64 64, void @empty_11, void @empty_7, void @empty_7, void @empty_7" [/home/ayvol/vitis-accel-CNN/vitis_accel_prj/firmware/nnet_utils/nnet_batchnorm_stream.h:22]   --->   Operation 204 'specresourcelimit' 'specresourcelimit_ln22' <Predicate = true> <Delay = 0.00>
ST_2 : Operation 205 [1/1] (0.84ns)   --->   "%ret_V = add i26 %mul_ln1347, i26 67079168"   --->   Operation 205 'add' 'ret_V' <Predicate = true> <Delay = 0.84> <CoreInst = "Adder">   --->   Core 1 'Adder' <Latency = 0> <II = 1> <Delay = 0.84> <FuncUnit> <Opcode : 'add' 'sub'> <InPorts = 2> <OutPorts = 1>
ST_2 : Operation 206 [1/1] (0.00ns)   --->   "%trunc_ln = partselect i16 @_ssdm_op_PartSelect.i16.i26.i32.i32, i26 %ret_V, i32 10, i32 25"   --->   Operation 206 'partselect' 'trunc_ln' <Predicate = true> <Delay = 0.00>
ST_2 : Operation 207 [1/1] (0.84ns)   --->   "%ret_V_14 = add i26 %mul_ln1347_1, i26 65722368"   --->   Operation 207 'add' 'ret_V_14' <Predicate = true> <Delay = 0.84> <CoreInst = "Adder">   --->   Core 1 'Adder' <Latency = 0> <II = 1> <Delay = 0.84> <FuncUnit> <Opcode : 'add' 'sub'> <InPorts = 2> <OutPorts = 1>
ST_2 : Operation 208 [1/1] (0.00ns)   --->   "%trunc_ln818_2 = partselect i16 @_ssdm_op_PartSelect.i16.i26.i32.i32, i26 %ret_V_14, i32 10, i32 25"   --->   Operation 208 'partselect' 'trunc_ln818_2' <Predicate = true> <Delay = 0.00>
ST_2 : Operation 209 [1/1] (0.84ns)   --->   "%ret_V_15 = add i26 %mul_ln1347_2, i26 66516992"   --->   Operation 209 'add' 'ret_V_15' <Predicate = true> <Delay = 0.84> <CoreInst = "Adder">   --->   Core 1 'Adder' <Latency = 0> <II = 1> <Delay = 0.84> <FuncUnit> <Opcode : 'add' 'sub'> <InPorts = 2> <OutPorts = 1>
ST_2 : Operation 210 [1/1] (0.00ns)   --->   "%trunc_ln818_3 = partselect i16 @_ssdm_op_PartSelect.i16.i26.i32.i32, i26 %ret_V_15, i32 10, i32 25"   --->   Operation 210 'partselect' 'trunc_ln818_3' <Predicate = true> <Delay = 0.00>
ST_2 : Operation 211 [1/1] (0.84ns)   --->   "%ret_V_16 = add i26 %mul_ln1347_3, i26 66864128"   --->   Operation 211 'add' 'ret_V_16' <Predicate = true> <Delay = 0.84> <CoreInst = "Adder">   --->   Core 1 'Adder' <Latency = 0> <II = 1> <Delay = 0.84> <FuncUnit> <Opcode : 'add' 'sub'> <InPorts = 2> <OutPorts = 1>
ST_2 : Operation 212 [1/1] (0.00ns)   --->   "%trunc_ln818_4 = partselect i16 @_ssdm_op_PartSelect.i16.i26.i32.i32, i26 %ret_V_16, i32 10, i32 25"   --->   Operation 212 'partselect' 'trunc_ln818_4' <Predicate = true> <Delay = 0.00>
ST_2 : Operation 213 [1/1] (0.84ns)   --->   "%ret_V_17 = add i26 %mul_ln1347_4, i26 67016704"   --->   Operation 213 'add' 'ret_V_17' <Predicate = true> <Delay = 0.84> <CoreInst = "Adder">   --->   Core 1 'Adder' <Latency = 0> <II = 1> <Delay = 0.84> <FuncUnit> <Opcode : 'add' 'sub'> <InPorts = 2> <OutPorts = 1>
ST_2 : Operation 214 [1/1] (0.00ns)   --->   "%trunc_ln818_5 = partselect i16 @_ssdm_op_PartSelect.i16.i26.i32.i32, i26 %ret_V_17, i32 10, i32 25"   --->   Operation 214 'partselect' 'trunc_ln818_5' <Predicate = true> <Delay = 0.00>
ST_2 : Operation 215 [1/1] (0.84ns)   --->   "%ret_V_18 = add i26 %mul_ln1347_5, i26 66742272"   --->   Operation 215 'add' 'ret_V_18' <Predicate = true> <Delay = 0.84> <CoreInst = "Adder">   --->   Core 1 'Adder' <Latency = 0> <II = 1> <Delay = 0.84> <FuncUnit> <Opcode : 'add' 'sub'> <InPorts = 2> <OutPorts = 1>
ST_2 : Operation 216 [1/1] (0.00ns)   --->   "%trunc_ln818_6 = partselect i16 @_ssdm_op_PartSelect.i16.i26.i32.i32, i26 %ret_V_18, i32 10, i32 25"   --->   Operation 216 'partselect' 'trunc_ln818_6' <Predicate = true> <Delay = 0.00>
ST_2 : Operation 217 [1/1] (0.84ns)   --->   "%ret_V_19 = add i26 %mul_ln1347_6, i26 67026944"   --->   Operation 217 'add' 'ret_V_19' <Predicate = true> <Delay = 0.84> <CoreInst = "Adder">   --->   Core 1 'Adder' <Latency = 0> <II = 1> <Delay = 0.84> <FuncUnit> <Opcode : 'add' 'sub'> <InPorts = 2> <OutPorts = 1>
ST_2 : Operation 218 [1/1] (0.00ns)   --->   "%trunc_ln818_7 = partselect i16 @_ssdm_op_PartSelect.i16.i26.i32.i32, i26 %ret_V_19, i32 10, i32 25"   --->   Operation 218 'partselect' 'trunc_ln818_7' <Predicate = true> <Delay = 0.00>
ST_2 : Operation 219 [1/1] (0.84ns)   --->   "%ret_V_20 = add i26 %mul_ln1347_7, i26 66945024"   --->   Operation 219 'add' 'ret_V_20' <Predicate = true> <Delay = 0.84> <CoreInst = "Adder">   --->   Core 1 'Adder' <Latency = 0> <II = 1> <Delay = 0.84> <FuncUnit> <Opcode : 'add' 'sub'> <InPorts = 2> <OutPorts = 1>
ST_2 : Operation 220 [1/1] (0.00ns)   --->   "%trunc_ln818_8 = partselect i16 @_ssdm_op_PartSelect.i16.i26.i32.i32, i26 %ret_V_20, i32 10, i32 25"   --->   Operation 220 'partselect' 'trunc_ln818_8' <Predicate = true> <Delay = 0.00>
ST_2 : Operation 221 [1/1] (0.84ns)   --->   "%ret_V_21 = add i26 %mul_ln1347_8, i26 66406400"   --->   Operation 221 'add' 'ret_V_21' <Predicate = true> <Delay = 0.84> <CoreInst = "Adder">   --->   Core 1 'Adder' <Latency = 0> <II = 1> <Delay = 0.84> <FuncUnit> <Opcode : 'add' 'sub'> <InPorts = 2> <OutPorts = 1>
ST_2 : Operation 222 [1/1] (0.00ns)   --->   "%trunc_ln818_9 = partselect i16 @_ssdm_op_PartSelect.i16.i26.i32.i32, i26 %ret_V_21, i32 10, i32 25"   --->   Operation 222 'partselect' 'trunc_ln818_9' <Predicate = true> <Delay = 0.00>
ST_2 : Operation 223 [1/1] (0.84ns)   --->   "%ret_V_22 = add i26 %mul_ln1347_9, i26 66415616"   --->   Operation 223 'add' 'ret_V_22' <Predicate = true> <Delay = 0.84> <CoreInst = "Adder">   --->   Core 1 'Adder' <Latency = 0> <II = 1> <Delay = 0.84> <FuncUnit> <Opcode : 'add' 'sub'> <InPorts = 2> <OutPorts = 1>
ST_2 : Operation 224 [1/1] (0.00ns)   --->   "%trunc_ln818_s = partselect i16 @_ssdm_op_PartSelect.i16.i26.i32.i32, i26 %ret_V_22, i32 10, i32 25"   --->   Operation 224 'partselect' 'trunc_ln818_s' <Predicate = true> <Delay = 0.00>
ST_2 : Operation 225 [1/1] (0.84ns)   --->   "%ret_V_23 = add i26 %mul_ln1347_10, i26 13312"   --->   Operation 225 'add' 'ret_V_23' <Predicate = true> <Delay = 0.84> <CoreInst = "Adder">   --->   Core 1 'Adder' <Latency = 0> <II = 1> <Delay = 0.84> <FuncUnit> <Opcode : 'add' 'sub'> <InPorts = 2> <OutPorts = 1>
ST_2 : Operation 226 [1/1] (0.00ns)   --->   "%trunc_ln818_1 = partselect i16 @_ssdm_op_PartSelect.i16.i26.i32.i32, i26 %ret_V_23, i32 10, i32 25"   --->   Operation 226 'partselect' 'trunc_ln818_1' <Predicate = true> <Delay = 0.00>
ST_2 : Operation 227 [1/1] (0.84ns)   --->   "%ret_V_24 = add i26 %mul_ln1347_11, i26 66779136"   --->   Operation 227 'add' 'ret_V_24' <Predicate = true> <Delay = 0.84> <CoreInst = "Adder">   --->   Core 1 'Adder' <Latency = 0> <II = 1> <Delay = 0.84> <FuncUnit> <Opcode : 'add' 'sub'> <InPorts = 2> <OutPorts = 1>
ST_2 : Operation 228 [1/1] (0.00ns)   --->   "%trunc_ln818_10 = partselect i16 @_ssdm_op_PartSelect.i16.i26.i32.i32, i26 %ret_V_24, i32 10, i32 25"   --->   Operation 228 'partselect' 'trunc_ln818_10' <Predicate = true> <Delay = 0.00>
ST_2 : Operation 229 [1/1] (0.84ns)   --->   "%ret_V_25 = add i26 %mul_ln1347_12, i26 66325504"   --->   Operation 229 'add' 'ret_V_25' <Predicate = true> <Delay = 0.84> <CoreInst = "Adder">   --->   Core 1 'Adder' <Latency = 0> <II = 1> <Delay = 0.84> <FuncUnit> <Opcode : 'add' 'sub'> <InPorts = 2> <OutPorts = 1>
ST_2 : Operation 230 [1/1] (0.00ns)   --->   "%trunc_ln818_11 = partselect i16 @_ssdm_op_PartSelect.i16.i26.i32.i32, i26 %ret_V_25, i32 10, i32 25"   --->   Operation 230 'partselect' 'trunc_ln818_11' <Predicate = true> <Delay = 0.00>
ST_2 : Operation 231 [1/1] (0.84ns)   --->   "%ret_V_26 = add i26 %mul_ln1347_13, i26 750592"   --->   Operation 231 'add' 'ret_V_26' <Predicate = true> <Delay = 0.84> <CoreInst = "Adder">   --->   Core 1 'Adder' <Latency = 0> <II = 1> <Delay = 0.84> <FuncUnit> <Opcode : 'add' 'sub'> <InPorts = 2> <OutPorts = 1>
ST_2 : Operation 232 [1/1] (0.00ns)   --->   "%trunc_ln818_12 = partselect i16 @_ssdm_op_PartSelect.i16.i26.i32.i32, i26 %ret_V_26, i32 10, i32 25"   --->   Operation 232 'partselect' 'trunc_ln818_12' <Predicate = true> <Delay = 0.00>
ST_2 : Operation 233 [1/1] (0.84ns)   --->   "%ret_V_27 = add i26 %mul_ln1347_14, i26 67075072"   --->   Operation 233 'add' 'ret_V_27' <Predicate = true> <Delay = 0.84> <CoreInst = "Adder">   --->   Core 1 'Adder' <Latency = 0> <II = 1> <Delay = 0.84> <FuncUnit> <Opcode : 'add' 'sub'> <InPorts = 2> <OutPorts = 1>
ST_2 : Operation 234 [1/1] (0.00ns)   --->   "%trunc_ln818_13 = partselect i16 @_ssdm_op_PartSelect.i16.i26.i32.i32, i26 %ret_V_27, i32 10, i32 25"   --->   Operation 234 'partselect' 'trunc_ln818_13' <Predicate = true> <Delay = 0.00>
ST_2 : Operation 235 [1/1] (0.84ns)   --->   "%ret_V_28 = add i26 %mul_ln1347_15, i26 66331648"   --->   Operation 235 'add' 'ret_V_28' <Predicate = true> <Delay = 0.84> <CoreInst = "Adder">   --->   Core 1 'Adder' <Latency = 0> <II = 1> <Delay = 0.84> <FuncUnit> <Opcode : 'add' 'sub'> <InPorts = 2> <OutPorts = 1>
ST_2 : Operation 236 [1/1] (0.00ns)   --->   "%trunc_ln818_14 = partselect i16 @_ssdm_op_PartSelect.i16.i26.i32.i32, i26 %ret_V_28, i32 10, i32 25"   --->   Operation 236 'partselect' 'trunc_ln818_14' <Predicate = true> <Delay = 0.00>
ST_2 : Operation 237 [1/1] (0.84ns)   --->   "%ret_V_29 = add i26 %mul_ln1347_16, i26 66363392"   --->   Operation 237 'add' 'ret_V_29' <Predicate = true> <Delay = 0.84> <CoreInst = "Adder">   --->   Core 1 'Adder' <Latency = 0> <II = 1> <Delay = 0.84> <FuncUnit> <Opcode : 'add' 'sub'> <InPorts = 2> <OutPorts = 1>
ST_2 : Operation 238 [1/1] (0.00ns)   --->   "%trunc_ln818_15 = partselect i16 @_ssdm_op_PartSelect.i16.i26.i32.i32, i26 %ret_V_29, i32 10, i32 25"   --->   Operation 238 'partselect' 'trunc_ln818_15' <Predicate = true> <Delay = 0.00>
ST_2 : Operation 239 [1/1] (0.84ns)   --->   "%ret_V_30 = add i26 %mul_ln1347_17, i26 67049472"   --->   Operation 239 'add' 'ret_V_30' <Predicate = true> <Delay = 0.84> <CoreInst = "Adder">   --->   Core 1 'Adder' <Latency = 0> <II = 1> <Delay = 0.84> <FuncUnit> <Opcode : 'add' 'sub'> <InPorts = 2> <OutPorts = 1>
ST_2 : Operation 240 [1/1] (0.00ns)   --->   "%trunc_ln818_16 = partselect i16 @_ssdm_op_PartSelect.i16.i26.i32.i32, i26 %ret_V_30, i32 10, i32 25"   --->   Operation 240 'partselect' 'trunc_ln818_16' <Predicate = true> <Delay = 0.00>
ST_2 : Operation 241 [1/1] (0.84ns)   --->   "%ret_V_31 = add i26 %mul_ln1347_18, i26 573440"   --->   Operation 241 'add' 'ret_V_31' <Predicate = true> <Delay = 0.84> <CoreInst = "Adder">   --->   Core 1 'Adder' <Latency = 0> <II = 1> <Delay = 0.84> <FuncUnit> <Opcode : 'add' 'sub'> <InPorts = 2> <OutPorts = 1>
ST_2 : Operation 242 [1/1] (0.00ns)   --->   "%trunc_ln818_17 = partselect i16 @_ssdm_op_PartSelect.i16.i26.i32.i32, i26 %ret_V_31, i32 10, i32 25"   --->   Operation 242 'partselect' 'trunc_ln818_17' <Predicate = true> <Delay = 0.00>
ST_2 : Operation 243 [1/1] (0.84ns)   --->   "%ret_V_32 = add i26 %mul_ln1347_19, i26 66489344"   --->   Operation 243 'add' 'ret_V_32' <Predicate = true> <Delay = 0.84> <CoreInst = "Adder">   --->   Core 1 'Adder' <Latency = 0> <II = 1> <Delay = 0.84> <FuncUnit> <Opcode : 'add' 'sub'> <InPorts = 2> <OutPorts = 1>
ST_2 : Operation 244 [1/1] (0.00ns)   --->   "%trunc_ln818_18 = partselect i16 @_ssdm_op_PartSelect.i16.i26.i32.i32, i26 %ret_V_32, i32 10, i32 25"   --->   Operation 244 'partselect' 'trunc_ln818_18' <Predicate = true> <Delay = 0.00>
ST_2 : Operation 245 [1/1] (0.84ns)   --->   "%ret_V_33 = add i26 %mul_ln1347_20, i26 399360"   --->   Operation 245 'add' 'ret_V_33' <Predicate = true> <Delay = 0.84> <CoreInst = "Adder">   --->   Core 1 'Adder' <Latency = 0> <II = 1> <Delay = 0.84> <FuncUnit> <Opcode : 'add' 'sub'> <InPorts = 2> <OutPorts = 1>
ST_2 : Operation 246 [1/1] (0.00ns)   --->   "%trunc_ln818_19 = partselect i16 @_ssdm_op_PartSelect.i16.i26.i32.i32, i26 %ret_V_33, i32 10, i32 25"   --->   Operation 246 'partselect' 'trunc_ln818_19' <Predicate = true> <Delay = 0.00>
ST_2 : Operation 247 [1/1] (0.84ns)   --->   "%ret_V_34 = add i26 %mul_ln1347_21, i26 228352"   --->   Operation 247 'add' 'ret_V_34' <Predicate = true> <Delay = 0.84> <CoreInst = "Adder">   --->   Core 1 'Adder' <Latency = 0> <II = 1> <Delay = 0.84> <FuncUnit> <Opcode : 'add' 'sub'> <InPorts = 2> <OutPorts = 1>
ST_2 : Operation 248 [1/1] (0.00ns)   --->   "%trunc_ln818_20 = partselect i16 @_ssdm_op_PartSelect.i16.i26.i32.i32, i26 %ret_V_34, i32 10, i32 25"   --->   Operation 248 'partselect' 'trunc_ln818_20' <Predicate = true> <Delay = 0.00>
ST_2 : Operation 249 [1/1] (0.84ns)   --->   "%ret_V_35 = add i26 %mul_ln1347_22, i26 66705408"   --->   Operation 249 'add' 'ret_V_35' <Predicate = true> <Delay = 0.84> <CoreInst = "Adder">   --->   Core 1 'Adder' <Latency = 0> <II = 1> <Delay = 0.84> <FuncUnit> <Opcode : 'add' 'sub'> <InPorts = 2> <OutPorts = 1>
ST_2 : Operation 250 [1/1] (0.00ns)   --->   "%trunc_ln818_21 = partselect i16 @_ssdm_op_PartSelect.i16.i26.i32.i32, i26 %ret_V_35, i32 10, i32 25"   --->   Operation 250 'partselect' 'trunc_ln818_21' <Predicate = true> <Delay = 0.00>
ST_2 : Operation 251 [1/1] (0.84ns)   --->   "%ret_V_36 = add i26 %mul_ln1347_23, i26 66440192"   --->   Operation 251 'add' 'ret_V_36' <Predicate = true> <Delay = 0.84> <CoreInst = "Adder">   --->   Core 1 'Adder' <Latency = 0> <II = 1> <Delay = 0.84> <FuncUnit> <Opcode : 'add' 'sub'> <InPorts = 2> <OutPorts = 1>
ST_2 : Operation 252 [1/1] (0.00ns)   --->   "%trunc_ln818_22 = partselect i16 @_ssdm_op_PartSelect.i16.i26.i32.i32, i26 %ret_V_36, i32 10, i32 25"   --->   Operation 252 'partselect' 'trunc_ln818_22' <Predicate = true> <Delay = 0.00>
ST_2 : Operation 253 [1/1] (0.84ns)   --->   "%ret_V_37 = add i26 %mul_ln1347_24, i26 66469888"   --->   Operation 253 'add' 'ret_V_37' <Predicate = true> <Delay = 0.84> <CoreInst = "Adder">   --->   Core 1 'Adder' <Latency = 0> <II = 1> <Delay = 0.84> <FuncUnit> <Opcode : 'add' 'sub'> <InPorts = 2> <OutPorts = 1>
ST_2 : Operation 254 [1/1] (0.00ns)   --->   "%trunc_ln818_23 = partselect i16 @_ssdm_op_PartSelect.i16.i26.i32.i32, i26 %ret_V_37, i32 10, i32 25"   --->   Operation 254 'partselect' 'trunc_ln818_23' <Predicate = true> <Delay = 0.00>
ST_2 : Operation 255 [1/1] (0.84ns)   --->   "%ret_V_38 = add i26 %mul_ln1347_25, i26 669696"   --->   Operation 255 'add' 'ret_V_38' <Predicate = true> <Delay = 0.84> <CoreInst = "Adder">   --->   Core 1 'Adder' <Latency = 0> <II = 1> <Delay = 0.84> <FuncUnit> <Opcode : 'add' 'sub'> <InPorts = 2> <OutPorts = 1>
ST_2 : Operation 256 [1/1] (0.00ns)   --->   "%trunc_ln818_24 = partselect i16 @_ssdm_op_PartSelect.i16.i26.i32.i32, i26 %ret_V_38, i32 10, i32 25"   --->   Operation 256 'partselect' 'trunc_ln818_24' <Predicate = true> <Delay = 0.00>
ST_2 : Operation 257 [1/1] (0.84ns)   --->   "%ret_V_39 = add i26 %mul_ln1347_26, i26 435200"   --->   Operation 257 'add' 'ret_V_39' <Predicate = true> <Delay = 0.84> <CoreInst = "Adder">   --->   Core 1 'Adder' <Latency = 0> <II = 1> <Delay = 0.84> <FuncUnit> <Opcode : 'add' 'sub'> <InPorts = 2> <OutPorts = 1>
ST_2 : Operation 258 [1/1] (0.00ns)   --->   "%trunc_ln818_25 = partselect i16 @_ssdm_op_PartSelect.i16.i26.i32.i32, i26 %ret_V_39, i32 10, i32 25"   --->   Operation 258 'partselect' 'trunc_ln818_25' <Predicate = true> <Delay = 0.00>
ST_2 : Operation 259 [1/1] (0.84ns)   --->   "%ret_V_40 = add i26 %mul_ln1347_27, i26 66524160"   --->   Operation 259 'add' 'ret_V_40' <Predicate = true> <Delay = 0.84> <CoreInst = "Adder">   --->   Core 1 'Adder' <Latency = 0> <II = 1> <Delay = 0.84> <FuncUnit> <Opcode : 'add' 'sub'> <InPorts = 2> <OutPorts = 1>
ST_2 : Operation 260 [1/1] (0.00ns)   --->   "%trunc_ln818_26 = partselect i16 @_ssdm_op_PartSelect.i16.i26.i32.i32, i26 %ret_V_40, i32 10, i32 25"   --->   Operation 260 'partselect' 'trunc_ln818_26' <Predicate = true> <Delay = 0.00>
ST_2 : Operation 261 [1/1] (0.84ns)   --->   "%ret_V_41 = add i26 %mul_ln1347_28, i26 66766848"   --->   Operation 261 'add' 'ret_V_41' <Predicate = true> <Delay = 0.84> <CoreInst = "Adder">   --->   Core 1 'Adder' <Latency = 0> <II = 1> <Delay = 0.84> <FuncUnit> <Opcode : 'add' 'sub'> <InPorts = 2> <OutPorts = 1>
ST_2 : Operation 262 [1/1] (0.00ns)   --->   "%trunc_ln818_27 = partselect i16 @_ssdm_op_PartSelect.i16.i26.i32.i32, i26 %ret_V_41, i32 10, i32 25"   --->   Operation 262 'partselect' 'trunc_ln818_27' <Predicate = true> <Delay = 0.00>
ST_2 : Operation 263 [1/1] (0.84ns)   --->   "%ret_V_42 = add i26 %mul_ln1347_29, i26 614400"   --->   Operation 263 'add' 'ret_V_42' <Predicate = true> <Delay = 0.84> <CoreInst = "Adder">   --->   Core 1 'Adder' <Latency = 0> <II = 1> <Delay = 0.84> <FuncUnit> <Opcode : 'add' 'sub'> <InPorts = 2> <OutPorts = 1>
ST_2 : Operation 264 [1/1] (0.00ns)   --->   "%trunc_ln818_28 = partselect i16 @_ssdm_op_PartSelect.i16.i26.i32.i32, i26 %ret_V_42, i32 10, i32 25"   --->   Operation 264 'partselect' 'trunc_ln818_28' <Predicate = true> <Delay = 0.00>
ST_2 : Operation 265 [1/1] (0.84ns)   --->   "%ret_V_43 = add i26 %mul_ln1347_30, i26 281600"   --->   Operation 265 'add' 'ret_V_43' <Predicate = true> <Delay = 0.84> <CoreInst = "Adder">   --->   Core 1 'Adder' <Latency = 0> <II = 1> <Delay = 0.84> <FuncUnit> <Opcode : 'add' 'sub'> <InPorts = 2> <OutPorts = 1>
ST_2 : Operation 266 [1/1] (0.00ns)   --->   "%trunc_ln818_29 = partselect i16 @_ssdm_op_PartSelect.i16.i26.i32.i32, i26 %ret_V_43, i32 10, i32 25"   --->   Operation 266 'partselect' 'trunc_ln818_29' <Predicate = true> <Delay = 0.00>
ST_2 : Operation 267 [1/1] (0.84ns)   --->   "%ret_V_44 = add i26 %mul_ln1347_31, i26 66935808"   --->   Operation 267 'add' 'ret_V_44' <Predicate = true> <Delay = 0.84> <CoreInst = "Adder">   --->   Core 1 'Adder' <Latency = 0> <II = 1> <Delay = 0.84> <FuncUnit> <Opcode : 'add' 'sub'> <InPorts = 2> <OutPorts = 1>
ST_2 : Operation 268 [1/1] (0.00ns)   --->   "%trunc_ln818_30 = partselect i16 @_ssdm_op_PartSelect.i16.i26.i32.i32, i26 %ret_V_44, i32 10, i32 25"   --->   Operation 268 'partselect' 'trunc_ln818_30' <Predicate = true> <Delay = 0.00>
ST_2 : Operation 269 [1/1] (0.84ns)   --->   "%ret_V_45 = add i26 %mul_ln1347_32, i26 66939904"   --->   Operation 269 'add' 'ret_V_45' <Predicate = true> <Delay = 0.84> <CoreInst = "Adder">   --->   Core 1 'Adder' <Latency = 0> <II = 1> <Delay = 0.84> <FuncUnit> <Opcode : 'add' 'sub'> <InPorts = 2> <OutPorts = 1>
ST_2 : Operation 270 [1/1] (0.00ns)   --->   "%trunc_ln818_31 = partselect i16 @_ssdm_op_PartSelect.i16.i26.i32.i32, i26 %ret_V_45, i32 10, i32 25"   --->   Operation 270 'partselect' 'trunc_ln818_31' <Predicate = true> <Delay = 0.00>
ST_2 : Operation 271 [1/1] (0.84ns)   --->   "%ret_V_46 = add i26 %mul_ln1347_33, i26 942080"   --->   Operation 271 'add' 'ret_V_46' <Predicate = true> <Delay = 0.84> <CoreInst = "Adder">   --->   Core 1 'Adder' <Latency = 0> <II = 1> <Delay = 0.84> <FuncUnit> <Opcode : 'add' 'sub'> <InPorts = 2> <OutPorts = 1>
ST_2 : Operation 272 [1/1] (0.00ns)   --->   "%trunc_ln818_32 = partselect i16 @_ssdm_op_PartSelect.i16.i26.i32.i32, i26 %ret_V_46, i32 10, i32 25"   --->   Operation 272 'partselect' 'trunc_ln818_32' <Predicate = true> <Delay = 0.00>
ST_2 : Operation 273 [1/1] (0.84ns)   --->   "%ret_V_47 = add i26 %mul_ln1347_34, i26 261120"   --->   Operation 273 'add' 'ret_V_47' <Predicate = true> <Delay = 0.84> <CoreInst = "Adder">   --->   Core 1 'Adder' <Latency = 0> <II = 1> <Delay = 0.84> <FuncUnit> <Opcode : 'add' 'sub'> <InPorts = 2> <OutPorts = 1>
ST_2 : Operation 274 [1/1] (0.00ns)   --->   "%trunc_ln818_33 = partselect i16 @_ssdm_op_PartSelect.i16.i26.i32.i32, i26 %ret_V_47, i32 10, i32 25"   --->   Operation 274 'partselect' 'trunc_ln818_33' <Predicate = true> <Delay = 0.00>
ST_2 : Operation 275 [1/1] (0.84ns)   --->   "%ret_V_48 = add i26 %mul_ln1347_35, i26 66234368"   --->   Operation 275 'add' 'ret_V_48' <Predicate = true> <Delay = 0.84> <CoreInst = "Adder">   --->   Core 1 'Adder' <Latency = 0> <II = 1> <Delay = 0.84> <FuncUnit> <Opcode : 'add' 'sub'> <InPorts = 2> <OutPorts = 1>
ST_2 : Operation 276 [1/1] (0.00ns)   --->   "%trunc_ln818_34 = partselect i16 @_ssdm_op_PartSelect.i16.i26.i32.i32, i26 %ret_V_48, i32 10, i32 25"   --->   Operation 276 'partselect' 'trunc_ln818_34' <Predicate = true> <Delay = 0.00>
ST_2 : Operation 277 [1/1] (0.84ns)   --->   "%ret_V_49 = add i26 %mul_ln1347_36, i26 66500608"   --->   Operation 277 'add' 'ret_V_49' <Predicate = true> <Delay = 0.84> <CoreInst = "Adder">   --->   Core 1 'Adder' <Latency = 0> <II = 1> <Delay = 0.84> <FuncUnit> <Opcode : 'add' 'sub'> <InPorts = 2> <OutPorts = 1>
ST_2 : Operation 278 [1/1] (0.00ns)   --->   "%trunc_ln818_35 = partselect i16 @_ssdm_op_PartSelect.i16.i26.i32.i32, i26 %ret_V_49, i32 10, i32 25"   --->   Operation 278 'partselect' 'trunc_ln818_35' <Predicate = true> <Delay = 0.00>
ST_2 : Operation 279 [1/1] (0.84ns)   --->   "%ret_V_50 = add i26 %mul_ln1347_37, i26 67002368"   --->   Operation 279 'add' 'ret_V_50' <Predicate = true> <Delay = 0.84> <CoreInst = "Adder">   --->   Core 1 'Adder' <Latency = 0> <II = 1> <Delay = 0.84> <FuncUnit> <Opcode : 'add' 'sub'> <InPorts = 2> <OutPorts = 1>
ST_2 : Operation 280 [1/1] (0.00ns)   --->   "%trunc_ln818_36 = partselect i16 @_ssdm_op_PartSelect.i16.i26.i32.i32, i26 %ret_V_50, i32 10, i32 25"   --->   Operation 280 'partselect' 'trunc_ln818_36' <Predicate = true> <Delay = 0.00>
ST_2 : Operation 281 [1/1] (0.84ns)   --->   "%ret_V_51 = add i26 %mul_ln1347_38, i26 66564096"   --->   Operation 281 'add' 'ret_V_51' <Predicate = true> <Delay = 0.84> <CoreInst = "Adder">   --->   Core 1 'Adder' <Latency = 0> <II = 1> <Delay = 0.84> <FuncUnit> <Opcode : 'add' 'sub'> <InPorts = 2> <OutPorts = 1>
ST_2 : Operation 282 [1/1] (0.00ns)   --->   "%trunc_ln818_37 = partselect i16 @_ssdm_op_PartSelect.i16.i26.i32.i32, i26 %ret_V_51, i32 10, i32 25"   --->   Operation 282 'partselect' 'trunc_ln818_37' <Predicate = true> <Delay = 0.00>
ST_2 : Operation 283 [1/1] (0.84ns)   --->   "%ret_V_52 = add i26 %mul_ln1347_39, i26 65948672"   --->   Operation 283 'add' 'ret_V_52' <Predicate = true> <Delay = 0.84> <CoreInst = "Adder">   --->   Core 1 'Adder' <Latency = 0> <II = 1> <Delay = 0.84> <FuncUnit> <Opcode : 'add' 'sub'> <InPorts = 2> <OutPorts = 1>
ST_2 : Operation 284 [1/1] (0.00ns)   --->   "%trunc_ln818_38 = partselect i16 @_ssdm_op_PartSelect.i16.i26.i32.i32, i26 %ret_V_52, i32 10, i32 25"   --->   Operation 284 'partselect' 'trunc_ln818_38' <Predicate = true> <Delay = 0.00>
ST_2 : Operation 285 [1/1] (0.84ns)   --->   "%ret_V_53 = add i26 %mul_ln1347_40, i26 66561024"   --->   Operation 285 'add' 'ret_V_53' <Predicate = true> <Delay = 0.84> <CoreInst = "Adder">   --->   Core 1 'Adder' <Latency = 0> <II = 1> <Delay = 0.84> <FuncUnit> <Opcode : 'add' 'sub'> <InPorts = 2> <OutPorts = 1>
ST_2 : Operation 286 [1/1] (0.00ns)   --->   "%trunc_ln818_39 = partselect i16 @_ssdm_op_PartSelect.i16.i26.i32.i32, i26 %ret_V_53, i32 10, i32 25"   --->   Operation 286 'partselect' 'trunc_ln818_39' <Predicate = true> <Delay = 0.00>
ST_2 : Operation 287 [1/1] (0.84ns)   --->   "%ret_V_54 = add i26 %mul_ln1347_41, i26 6144"   --->   Operation 287 'add' 'ret_V_54' <Predicate = true> <Delay = 0.84> <CoreInst = "Adder">   --->   Core 1 'Adder' <Latency = 0> <II = 1> <Delay = 0.84> <FuncUnit> <Opcode : 'add' 'sub'> <InPorts = 2> <OutPorts = 1>
ST_2 : Operation 288 [1/1] (0.00ns)   --->   "%trunc_ln818_40 = partselect i16 @_ssdm_op_PartSelect.i16.i26.i32.i32, i26 %ret_V_54, i32 10, i32 25"   --->   Operation 288 'partselect' 'trunc_ln818_40' <Predicate = true> <Delay = 0.00>
ST_2 : Operation 289 [1/1] (0.84ns)   --->   "%ret_V_55 = add i26 %mul_ln1347_42, i26 66882560"   --->   Operation 289 'add' 'ret_V_55' <Predicate = true> <Delay = 0.84> <CoreInst = "Adder">   --->   Core 1 'Adder' <Latency = 0> <II = 1> <Delay = 0.84> <FuncUnit> <Opcode : 'add' 'sub'> <InPorts = 2> <OutPorts = 1>
ST_2 : Operation 290 [1/1] (0.00ns)   --->   "%trunc_ln818_41 = partselect i16 @_ssdm_op_PartSelect.i16.i26.i32.i32, i26 %ret_V_55, i32 10, i32 25"   --->   Operation 290 'partselect' 'trunc_ln818_41' <Predicate = true> <Delay = 0.00>
ST_2 : Operation 291 [1/1] (0.84ns)   --->   "%ret_V_56 = add i26 %mul_ln1347_43, i26 530432"   --->   Operation 291 'add' 'ret_V_56' <Predicate = true> <Delay = 0.84> <CoreInst = "Adder">   --->   Core 1 'Adder' <Latency = 0> <II = 1> <Delay = 0.84> <FuncUnit> <Opcode : 'add' 'sub'> <InPorts = 2> <OutPorts = 1>
ST_2 : Operation 292 [1/1] (0.00ns)   --->   "%trunc_ln818_42 = partselect i16 @_ssdm_op_PartSelect.i16.i26.i32.i32, i26 %ret_V_56, i32 10, i32 25"   --->   Operation 292 'partselect' 'trunc_ln818_42' <Predicate = true> <Delay = 0.00>
ST_2 : Operation 293 [1/1] (0.84ns)   --->   "%ret_V_57 = add i26 %mul_ln1347_44, i26 66708480"   --->   Operation 293 'add' 'ret_V_57' <Predicate = true> <Delay = 0.84> <CoreInst = "Adder">   --->   Core 1 'Adder' <Latency = 0> <II = 1> <Delay = 0.84> <FuncUnit> <Opcode : 'add' 'sub'> <InPorts = 2> <OutPorts = 1>
ST_2 : Operation 294 [1/1] (0.00ns)   --->   "%trunc_ln818_43 = partselect i16 @_ssdm_op_PartSelect.i16.i26.i32.i32, i26 %ret_V_57, i32 10, i32 25"   --->   Operation 294 'partselect' 'trunc_ln818_43' <Predicate = true> <Delay = 0.00>
ST_2 : Operation 295 [1/1] (0.84ns)   --->   "%ret_V_58 = add i26 %mul_ln1347_45, i26 66334720"   --->   Operation 295 'add' 'ret_V_58' <Predicate = true> <Delay = 0.84> <CoreInst = "Adder">   --->   Core 1 'Adder' <Latency = 0> <II = 1> <Delay = 0.84> <FuncUnit> <Opcode : 'add' 'sub'> <InPorts = 2> <OutPorts = 1>
ST_2 : Operation 296 [1/1] (0.00ns)   --->   "%trunc_ln818_44 = partselect i16 @_ssdm_op_PartSelect.i16.i26.i32.i32, i26 %ret_V_58, i32 10, i32 25"   --->   Operation 296 'partselect' 'trunc_ln818_44' <Predicate = true> <Delay = 0.00>
ST_2 : Operation 297 [1/1] (0.84ns)   --->   "%ret_V_59 = add i26 %mul_ln1347_46, i26 21504"   --->   Operation 297 'add' 'ret_V_59' <Predicate = true> <Delay = 0.84> <CoreInst = "Adder">   --->   Core 1 'Adder' <Latency = 0> <II = 1> <Delay = 0.84> <FuncUnit> <Opcode : 'add' 'sub'> <InPorts = 2> <OutPorts = 1>
ST_2 : Operation 298 [1/1] (0.00ns)   --->   "%trunc_ln818_45 = partselect i16 @_ssdm_op_PartSelect.i16.i26.i32.i32, i26 %ret_V_59, i32 10, i32 25"   --->   Operation 298 'partselect' 'trunc_ln818_45' <Predicate = true> <Delay = 0.00>
ST_2 : Operation 299 [1/1] (0.84ns)   --->   "%ret_V_60 = add i26 %mul_ln1347_47, i26 169984"   --->   Operation 299 'add' 'ret_V_60' <Predicate = true> <Delay = 0.84> <CoreInst = "Adder">   --->   Core 1 'Adder' <Latency = 0> <II = 1> <Delay = 0.84> <FuncUnit> <Opcode : 'add' 'sub'> <InPorts = 2> <OutPorts = 1>
ST_2 : Operation 300 [1/1] (0.00ns)   --->   "%trunc_ln818_46 = partselect i16 @_ssdm_op_PartSelect.i16.i26.i32.i32, i26 %ret_V_60, i32 10, i32 25"   --->   Operation 300 'partselect' 'trunc_ln818_46' <Predicate = true> <Delay = 0.00>
ST_2 : Operation 301 [1/1] (0.84ns)   --->   "%ret_V_61 = add i26 %mul_ln1347_48, i26 50176"   --->   Operation 301 'add' 'ret_V_61' <Predicate = true> <Delay = 0.84> <CoreInst = "Adder">   --->   Core 1 'Adder' <Latency = 0> <II = 1> <Delay = 0.84> <FuncUnit> <Opcode : 'add' 'sub'> <InPorts = 2> <OutPorts = 1>
ST_2 : Operation 302 [1/1] (0.00ns)   --->   "%trunc_ln818_47 = partselect i16 @_ssdm_op_PartSelect.i16.i26.i32.i32, i26 %ret_V_61, i32 10, i32 25"   --->   Operation 302 'partselect' 'trunc_ln818_47' <Predicate = true> <Delay = 0.00>
ST_2 : Operation 303 [1/1] (0.84ns)   --->   "%ret_V_62 = add i26 %mul_ln1347_49, i26 66836480"   --->   Operation 303 'add' 'ret_V_62' <Predicate = true> <Delay = 0.84> <CoreInst = "Adder">   --->   Core 1 'Adder' <Latency = 0> <II = 1> <Delay = 0.84> <FuncUnit> <Opcode : 'add' 'sub'> <InPorts = 2> <OutPorts = 1>
ST_2 : Operation 304 [1/1] (0.00ns)   --->   "%trunc_ln818_48 = partselect i16 @_ssdm_op_PartSelect.i16.i26.i32.i32, i26 %ret_V_62, i32 10, i32 25"   --->   Operation 304 'partselect' 'trunc_ln818_48' <Predicate = true> <Delay = 0.00>
ST_2 : Operation 305 [1/1] (0.84ns)   --->   "%ret_V_63 = add i26 %mul_ln1347_50, i26 67002368"   --->   Operation 305 'add' 'ret_V_63' <Predicate = true> <Delay = 0.84> <CoreInst = "Adder">   --->   Core 1 'Adder' <Latency = 0> <II = 1> <Delay = 0.84> <FuncUnit> <Opcode : 'add' 'sub'> <InPorts = 2> <OutPorts = 1>
ST_2 : Operation 306 [1/1] (0.00ns)   --->   "%trunc_ln818_49 = partselect i16 @_ssdm_op_PartSelect.i16.i26.i32.i32, i26 %ret_V_63, i32 10, i32 25"   --->   Operation 306 'partselect' 'trunc_ln818_49' <Predicate = true> <Delay = 0.00>
ST_2 : Operation 307 [1/1] (0.84ns)   --->   "%ret_V_64 = add i26 %mul_ln1347_51, i26 66887680"   --->   Operation 307 'add' 'ret_V_64' <Predicate = true> <Delay = 0.84> <CoreInst = "Adder">   --->   Core 1 'Adder' <Latency = 0> <II = 1> <Delay = 0.84> <FuncUnit> <Opcode : 'add' 'sub'> <InPorts = 2> <OutPorts = 1>
ST_2 : Operation 308 [1/1] (0.00ns)   --->   "%trunc_ln818_50 = partselect i16 @_ssdm_op_PartSelect.i16.i26.i32.i32, i26 %ret_V_64, i32 10, i32 25"   --->   Operation 308 'partselect' 'trunc_ln818_50' <Predicate = true> <Delay = 0.00>
ST_2 : Operation 309 [1/1] (0.84ns)   --->   "%ret_V_65 = add i26 %mul_ln1347_52, i26 66576384"   --->   Operation 309 'add' 'ret_V_65' <Predicate = true> <Delay = 0.84> <CoreInst = "Adder">   --->   Core 1 'Adder' <Latency = 0> <II = 1> <Delay = 0.84> <FuncUnit> <Opcode : 'add' 'sub'> <InPorts = 2> <OutPorts = 1>
ST_2 : Operation 310 [1/1] (0.00ns)   --->   "%trunc_ln818_51 = partselect i16 @_ssdm_op_PartSelect.i16.i26.i32.i32, i26 %ret_V_65, i32 10, i32 25"   --->   Operation 310 'partselect' 'trunc_ln818_51' <Predicate = true> <Delay = 0.00>
ST_2 : Operation 311 [1/1] (0.84ns)   --->   "%ret_V_66 = add i26 %mul_ln1347_53, i26 66963456"   --->   Operation 311 'add' 'ret_V_66' <Predicate = true> <Delay = 0.84> <CoreInst = "Adder">   --->   Core 1 'Adder' <Latency = 0> <II = 1> <Delay = 0.84> <FuncUnit> <Opcode : 'add' 'sub'> <InPorts = 2> <OutPorts = 1>
ST_2 : Operation 312 [1/1] (0.00ns)   --->   "%trunc_ln818_52 = partselect i16 @_ssdm_op_PartSelect.i16.i26.i32.i32, i26 %ret_V_66, i32 10, i32 25"   --->   Operation 312 'partselect' 'trunc_ln818_52' <Predicate = true> <Delay = 0.00>
ST_2 : Operation 313 [1/1] (0.84ns)   --->   "%ret_V_67 = add i26 %mul_ln1347_54, i26 66738176"   --->   Operation 313 'add' 'ret_V_67' <Predicate = true> <Delay = 0.84> <CoreInst = "Adder">   --->   Core 1 'Adder' <Latency = 0> <II = 1> <Delay = 0.84> <FuncUnit> <Opcode : 'add' 'sub'> <InPorts = 2> <OutPorts = 1>
ST_2 : Operation 314 [1/1] (0.00ns)   --->   "%trunc_ln818_53 = partselect i16 @_ssdm_op_PartSelect.i16.i26.i32.i32, i26 %ret_V_67, i32 10, i32 25"   --->   Operation 314 'partselect' 'trunc_ln818_53' <Predicate = true> <Delay = 0.00>
ST_2 : Operation 315 [1/1] (0.84ns)   --->   "%ret_V_68 = add i26 %mul_ln1347_55, i26 65903616"   --->   Operation 315 'add' 'ret_V_68' <Predicate = true> <Delay = 0.84> <CoreInst = "Adder">   --->   Core 1 'Adder' <Latency = 0> <II = 1> <Delay = 0.84> <FuncUnit> <Opcode : 'add' 'sub'> <InPorts = 2> <OutPorts = 1>
ST_2 : Operation 316 [1/1] (0.00ns)   --->   "%trunc_ln818_54 = partselect i16 @_ssdm_op_PartSelect.i16.i26.i32.i32, i26 %ret_V_68, i32 10, i32 25"   --->   Operation 316 'partselect' 'trunc_ln818_54' <Predicate = true> <Delay = 0.00>
ST_2 : Operation 317 [1/1] (0.84ns)   --->   "%ret_V_69 = add i26 %mul_ln1347_56, i26 65626112"   --->   Operation 317 'add' 'ret_V_69' <Predicate = true> <Delay = 0.84> <CoreInst = "Adder">   --->   Core 1 'Adder' <Latency = 0> <II = 1> <Delay = 0.84> <FuncUnit> <Opcode : 'add' 'sub'> <InPorts = 2> <OutPorts = 1>
ST_2 : Operation 318 [1/1] (0.00ns)   --->   "%trunc_ln818_55 = partselect i16 @_ssdm_op_PartSelect.i16.i26.i32.i32, i26 %ret_V_69, i32 10, i32 25"   --->   Operation 318 'partselect' 'trunc_ln818_55' <Predicate = true> <Delay = 0.00>
ST_2 : Operation 319 [1/1] (0.84ns)   --->   "%ret_V_71 = add i26 %mul_ln1347_57, i26 363520"   --->   Operation 319 'add' 'ret_V_71' <Predicate = true> <Delay = 0.84> <CoreInst = "Adder">   --->   Core 1 'Adder' <Latency = 0> <II = 1> <Delay = 0.84> <FuncUnit> <Opcode : 'add' 'sub'> <InPorts = 2> <OutPorts = 1>
ST_2 : Operation 320 [1/1] (0.00ns)   --->   "%trunc_ln818_57 = partselect i16 @_ssdm_op_PartSelect.i16.i26.i32.i32, i26 %ret_V_71, i32 10, i32 25"   --->   Operation 320 'partselect' 'trunc_ln818_57' <Predicate = true> <Delay = 0.00>
ST_2 : Operation 321 [1/1] (0.84ns)   --->   "%ret_V_72 = add i26 %mul_ln1347_58, i26 66463744"   --->   Operation 321 'add' 'ret_V_72' <Predicate = true> <Delay = 0.84> <CoreInst = "Adder">   --->   Core 1 'Adder' <Latency = 0> <II = 1> <Delay = 0.84> <FuncUnit> <Opcode : 'add' 'sub'> <InPorts = 2> <OutPorts = 1>
ST_2 : Operation 322 [1/1] (0.00ns)   --->   "%trunc_ln818_58 = partselect i16 @_ssdm_op_PartSelect.i16.i26.i32.i32, i26 %ret_V_72, i32 10, i32 25"   --->   Operation 322 'partselect' 'trunc_ln818_58' <Predicate = true> <Delay = 0.00>
ST_2 : Operation 323 [1/1] (0.84ns)   --->   "%ret_V_73 = add i26 %mul_ln1347_59, i26 163840"   --->   Operation 323 'add' 'ret_V_73' <Predicate = true> <Delay = 0.84> <CoreInst = "Adder">   --->   Core 1 'Adder' <Latency = 0> <II = 1> <Delay = 0.84> <FuncUnit> <Opcode : 'add' 'sub'> <InPorts = 2> <OutPorts = 1>
ST_2 : Operation 324 [1/1] (0.00ns)   --->   "%trunc_ln818_59 = partselect i16 @_ssdm_op_PartSelect.i16.i26.i32.i32, i26 %ret_V_73, i32 10, i32 25"   --->   Operation 324 'partselect' 'trunc_ln818_59' <Predicate = true> <Delay = 0.00>
ST_2 : Operation 325 [1/1] (0.84ns)   --->   "%ret_V_74 = add i26 %mul_ln1347_60, i26 586752"   --->   Operation 325 'add' 'ret_V_74' <Predicate = true> <Delay = 0.84> <CoreInst = "Adder">   --->   Core 1 'Adder' <Latency = 0> <II = 1> <Delay = 0.84> <FuncUnit> <Opcode : 'add' 'sub'> <InPorts = 2> <OutPorts = 1>
ST_2 : Operation 326 [1/1] (0.00ns)   --->   "%trunc_ln818_60 = partselect i16 @_ssdm_op_PartSelect.i16.i26.i32.i32, i26 %ret_V_74, i32 10, i32 25"   --->   Operation 326 'partselect' 'trunc_ln818_60' <Predicate = true> <Delay = 0.00>
ST_2 : Operation 327 [1/1] (0.84ns)   --->   "%ret_V_75 = add i26 %mul_ln1347_61, i26 66761728"   --->   Operation 327 'add' 'ret_V_75' <Predicate = true> <Delay = 0.84> <CoreInst = "Adder">   --->   Core 1 'Adder' <Latency = 0> <II = 1> <Delay = 0.84> <FuncUnit> <Opcode : 'add' 'sub'> <InPorts = 2> <OutPorts = 1>
ST_2 : Operation 328 [1/1] (0.00ns)   --->   "%trunc_ln818_61 = partselect i16 @_ssdm_op_PartSelect.i16.i26.i32.i32, i26 %ret_V_75, i32 10, i32 25"   --->   Operation 328 'partselect' 'trunc_ln818_61' <Predicate = true> <Delay = 0.00>
ST_2 : Operation 329 [1/1] (0.84ns)   --->   "%ret_V_76 = add i26 %mul_ln1347_62, i26 182272"   --->   Operation 329 'add' 'ret_V_76' <Predicate = true> <Delay = 0.84> <CoreInst = "Adder">   --->   Core 1 'Adder' <Latency = 0> <II = 1> <Delay = 0.84> <FuncUnit> <Opcode : 'add' 'sub'> <InPorts = 2> <OutPorts = 1>
ST_2 : Operation 330 [1/1] (0.00ns)   --->   "%trunc_ln818_62 = partselect i16 @_ssdm_op_PartSelect.i16.i26.i32.i32, i26 %ret_V_76, i32 10, i32 25"   --->   Operation 330 'partselect' 'trunc_ln818_62' <Predicate = true> <Delay = 0.00>
ST_2 : Operation 331 [1/1] (0.00ns)   --->   "%p_0 = bitconcatenate i1024 @_ssdm_op_BitConcatenate.i1024.i16.i16.i16.i16.i16.i16.i16.i16.i16.i16.i16.i16.i16.i16.i16.i16.i16.i16.i16.i16.i16.i16.i16.i16.i16.i16.i16.i16.i16.i16.i16.i16.i16.i16.i16.i16.i16.i16.i16.i16.i16.i16.i16.i16.i16.i16.i16.i16.i16.i16.i16.i16.i16.i16.i16.i16.i16.i16.i16.i16.i16.i16.i16.i16, i16 %trunc_ln818_62, i16 %trunc_ln818_61, i16 %trunc_ln818_60, i16 %trunc_ln818_59, i16 %trunc_ln818_58, i16 %trunc_ln818_57, i16 %trunc_ln818_56, i16 %trunc_ln818_55, i16 %trunc_ln818_54, i16 %trunc_ln818_53, i16 %trunc_ln818_52, i16 %trunc_ln818_51, i16 %trunc_ln818_50, i16 %trunc_ln818_49, i16 %trunc_ln818_48, i16 %trunc_ln818_47, i16 %trunc_ln818_46, i16 %trunc_ln818_45, i16 %trunc_ln818_44, i16 %trunc_ln818_43, i16 %trunc_ln818_42, i16 %trunc_ln818_41, i16 %trunc_ln818_40, i16 %trunc_ln818_39, i16 %trunc_ln818_38, i16 %trunc_ln818_37, i16 %trunc_ln818_36, i16 %trunc_ln818_35, i16 %trunc_ln818_34, i16 %trunc_ln818_33, i16 %trunc_ln818_32, i16 %trunc_ln818_31, i16 %trunc_ln818_30, i16 %trunc_ln818_29, i16 %trunc_ln818_28, i16 %trunc_ln818_27, i16 %trunc_ln818_26, i16 %trunc_ln818_25, i16 %trunc_ln818_24, i16 %trunc_ln818_23, i16 %trunc_ln818_22, i16 %trunc_ln818_21, i16 %trunc_ln818_20, i16 %trunc_ln818_19, i16 %trunc_ln818_18, i16 %trunc_ln818_17, i16 %trunc_ln818_16, i16 %trunc_ln818_15, i16 %trunc_ln818_14, i16 %trunc_ln818_13, i16 %trunc_ln818_12, i16 %trunc_ln818_11, i16 %trunc_ln818_10, i16 %trunc_ln818_1, i16 %trunc_ln818_s, i16 %trunc_ln818_9, i16 %trunc_ln818_8, i16 %trunc_ln818_7, i16 %trunc_ln818_6, i16 %trunc_ln818_5, i16 %trunc_ln818_4, i16 %trunc_ln818_3, i16 %trunc_ln818_2, i16 %trunc_ln" [/home/ayvol/vitis-accel-CNN/vitis_accel_prj/firmware/nnet_utils/nnet_batchnorm_stream.h:46]   --->   Operation 331 'bitconcatenate' 'p_0' <Predicate = true> <Delay = 0.00>
ST_2 : Operation 332 [1/1] (1.33ns)   --->   "%write_ln46 = write void @_ssdm_op_Write.ap_fifo.volatile.i1024P0A, i1024 %layer21_out, i1024 %p_0" [/home/ayvol/vitis-accel-CNN/vitis_accel_prj/firmware/nnet_utils/nnet_batchnorm_stream.h:46]   --->   Operation 332 'write' 'write_ln46' <Predicate = true> <Delay = 1.33> <CoreInst = "FIFO_SRL">   --->   Core 81 'FIFO_SRL' <Latency = 0> <II = 1> <Delay = 1.33> <Storage> <Opcode : 'read' 'write' 'nbread' 'nbwrite'> <Ports = 0> <Width = 1024> <Depth = 1> <FIFO>
ST_2 : Operation 333 [1/1] (0.00ns)   --->   "%ret_ln48 = ret" [/home/ayvol/vitis-accel-CNN/vitis_accel_prj/firmware/nnet_utils/nnet_batchnorm_stream.h:48]   --->   Operation 333 'ret' 'ret_ln48' <Predicate = true> <Delay = 0.00>


============================================================
+ Verbose Summary: Binding
============================================================
STG Binding: 
---------------- STG Properties BEGIN ----------------
- Is combinational: 0
- Is one-state seq: 0
- Is datapath-only: 0
- Is pipelined: 0
- Is top level: 0
Port [ Return ] is wired: 1; IO mode=ap_ctrl_hs:ce=0
Port [ layer19_out]:  wired=1; compound=1; hidden=0; nouse=0; global=0; static=0; extern=0; dir=0; type=3; pingpong=0; private_global=0; IO mode=ap_fifo:ce=0
Port [ layer21_out]:  wired=1; compound=1; hidden=0; nouse=0; global=0; static=0; extern=0; dir=1; type=3; pingpong=0; private_global=0; IO mode=ap_fifo:ce=0
---------------- STG Properties END ------------------

---------------- Datapath Model BEGIN ----------------

<LifeTime>
<method=bitvector/>
layer19_out_read       (read             ) [ 000]
a_V                    (trunc            ) [ 000]
a_V_61                 (partselect       ) [ 000]
a_V_62                 (partselect       ) [ 000]
a_V_1                  (partselect       ) [ 000]
a_V_2                  (partselect       ) [ 000]
a_V_3                  (partselect       ) [ 000]
a_V_4                  (partselect       ) [ 000]
a_V_5                  (partselect       ) [ 000]
a_V_6                  (partselect       ) [ 000]
a_V_7                  (partselect       ) [ 000]
a_V_8                  (partselect       ) [ 000]
a_V_9                  (partselect       ) [ 000]
a_V_10                 (partselect       ) [ 000]
a_V_11                 (partselect       ) [ 000]
a_V_12                 (partselect       ) [ 000]
a_V_13                 (partselect       ) [ 000]
a_V_14                 (partselect       ) [ 000]
a_V_15                 (partselect       ) [ 000]
a_V_16                 (partselect       ) [ 000]
a_V_17                 (partselect       ) [ 000]
a_V_18                 (partselect       ) [ 000]
a_V_19                 (partselect       ) [ 000]
a_V_20                 (partselect       ) [ 000]
a_V_21                 (partselect       ) [ 000]
a_V_22                 (partselect       ) [ 000]
a_V_23                 (partselect       ) [ 000]
a_V_24                 (partselect       ) [ 000]
a_V_25                 (partselect       ) [ 000]
a_V_26                 (partselect       ) [ 000]
a_V_27                 (partselect       ) [ 000]
a_V_28                 (partselect       ) [ 000]
a_V_29                 (partselect       ) [ 000]
a_V_30                 (partselect       ) [ 000]
a_V_31                 (partselect       ) [ 000]
a_V_32                 (partselect       ) [ 000]
a_V_33                 (partselect       ) [ 000]
a_V_34                 (partselect       ) [ 000]
a_V_35                 (partselect       ) [ 000]
a_V_36                 (partselect       ) [ 000]
a_V_37                 (partselect       ) [ 000]
a_V_38                 (partselect       ) [ 000]
a_V_39                 (partselect       ) [ 000]
a_V_40                 (partselect       ) [ 000]
a_V_41                 (partselect       ) [ 000]
a_V_42                 (partselect       ) [ 000]
a_V_43                 (partselect       ) [ 000]
a_V_44                 (partselect       ) [ 000]
a_V_45                 (partselect       ) [ 000]
a_V_46                 (partselect       ) [ 000]
a_V_47                 (partselect       ) [ 000]
a_V_48                 (partselect       ) [ 000]
a_V_49                 (partselect       ) [ 000]
a_V_50                 (partselect       ) [ 000]
a_V_51                 (partselect       ) [ 000]
a_V_52                 (partselect       ) [ 000]
a_V_53                 (partselect       ) [ 000]
a_V_54                 (partselect       ) [ 000]
a_V_55                 (partselect       ) [ 000]
a_V_56                 (partselect       ) [ 000]
a_V_57                 (partselect       ) [ 000]
a_V_58                 (partselect       ) [ 000]
a_V_59                 (partselect       ) [ 000]
a_V_60                 (partselect       ) [ 000]
sext_ln1347            (sext             ) [ 000]
mul_ln1347             (mul              ) [ 001]
sext_ln1347_1          (sext             ) [ 000]
mul_ln1347_1           (mul              ) [ 001]
sext_ln1347_2          (sext             ) [ 000]
mul_ln1347_2           (mul              ) [ 001]
sext_ln1347_3          (sext             ) [ 000]
mul_ln1347_3           (mul              ) [ 001]
sext_ln1347_4          (sext             ) [ 000]
mul_ln1347_4           (mul              ) [ 001]
sext_ln1347_5          (sext             ) [ 000]
mul_ln1347_5           (mul              ) [ 001]
sext_ln1347_6          (sext             ) [ 000]
mul_ln1347_6           (mul              ) [ 001]
sext_ln1347_7          (sext             ) [ 000]
mul_ln1347_7           (mul              ) [ 001]
sext_ln1347_8          (sext             ) [ 000]
mul_ln1347_8           (mul              ) [ 001]
sext_ln1347_9          (sext             ) [ 000]
mul_ln1347_9           (mul              ) [ 001]
sext_ln1347_10         (sext             ) [ 000]
mul_ln1347_10          (mul              ) [ 001]
sext_ln1347_11         (sext             ) [ 000]
mul_ln1347_11          (mul              ) [ 001]
sext_ln1347_12         (sext             ) [ 000]
mul_ln1347_12          (mul              ) [ 001]
sext_ln1347_13         (sext             ) [ 000]
mul_ln1347_13          (mul              ) [ 001]
sext_ln1347_14         (sext             ) [ 000]
mul_ln1347_14          (mul              ) [ 001]
sext_ln1347_15         (sext             ) [ 000]
mul_ln1347_15          (mul              ) [ 001]
sext_ln1347_16         (sext             ) [ 000]
mul_ln1347_16          (mul              ) [ 001]
sext_ln1347_17         (sext             ) [ 000]
mul_ln1347_17          (mul              ) [ 001]
sext_ln1347_18         (sext             ) [ 000]
mul_ln1347_18          (mul              ) [ 001]
sext_ln1347_19         (sext             ) [ 000]
mul_ln1347_19          (mul              ) [ 001]
sext_ln1347_20         (sext             ) [ 000]
mul_ln1347_20          (mul              ) [ 001]
sext_ln1347_21         (sext             ) [ 000]
mul_ln1347_21          (mul              ) [ 001]
sext_ln1347_22         (sext             ) [ 000]
mul_ln1347_22          (mul              ) [ 001]
sext_ln1347_23         (sext             ) [ 000]
mul_ln1347_23          (mul              ) [ 001]
sext_ln1347_24         (sext             ) [ 000]
mul_ln1347_24          (mul              ) [ 001]
sext_ln1347_25         (sext             ) [ 000]
mul_ln1347_25          (mul              ) [ 001]
sext_ln1347_26         (sext             ) [ 000]
mul_ln1347_26          (mul              ) [ 001]
sext_ln1347_27         (sext             ) [ 000]
mul_ln1347_27          (mul              ) [ 001]
sext_ln1347_28         (sext             ) [ 000]
mul_ln1347_28          (mul              ) [ 001]
sext_ln1347_29         (sext             ) [ 000]
mul_ln1347_29          (mul              ) [ 001]
sext_ln1347_30         (sext             ) [ 000]
mul_ln1347_30          (mul              ) [ 001]
sext_ln1347_31         (sext             ) [ 000]
mul_ln1347_31          (mul              ) [ 001]
sext_ln1347_32         (sext             ) [ 000]
mul_ln1347_32          (mul              ) [ 001]
sext_ln1347_33         (sext             ) [ 000]
mul_ln1347_33          (mul              ) [ 001]
sext_ln1347_34         (sext             ) [ 000]
mul_ln1347_34          (mul              ) [ 001]
sext_ln1347_35         (sext             ) [ 000]
mul_ln1347_35          (mul              ) [ 001]
sext_ln1347_36         (sext             ) [ 000]
mul_ln1347_36          (mul              ) [ 001]
sext_ln1347_37         (sext             ) [ 000]
mul_ln1347_37          (mul              ) [ 001]
sext_ln1347_38         (sext             ) [ 000]
mul_ln1347_38          (mul              ) [ 001]
sext_ln1347_39         (sext             ) [ 000]
mul_ln1347_39          (mul              ) [ 001]
sext_ln1347_40         (sext             ) [ 000]
mul_ln1347_40          (mul              ) [ 001]
sext_ln1347_41         (sext             ) [ 000]
mul_ln1347_41          (mul              ) [ 001]
sext_ln1347_42         (sext             ) [ 000]
mul_ln1347_42          (mul              ) [ 001]
sext_ln1347_43         (sext             ) [ 000]
mul_ln1347_43          (mul              ) [ 001]
sext_ln1347_44         (sext             ) [ 000]
mul_ln1347_44          (mul              ) [ 001]
sext_ln1347_45         (sext             ) [ 000]
mul_ln1347_45          (mul              ) [ 001]
sext_ln1347_46         (sext             ) [ 000]
mul_ln1347_46          (mul              ) [ 001]
sext_ln1347_47         (sext             ) [ 000]
mul_ln1347_47          (mul              ) [ 001]
sext_ln1347_48         (sext             ) [ 000]
mul_ln1347_48          (mul              ) [ 001]
sext_ln1347_49         (sext             ) [ 000]
mul_ln1347_49          (mul              ) [ 001]
sext_ln1347_50         (sext             ) [ 000]
mul_ln1347_50          (mul              ) [ 001]
sext_ln1347_51         (sext             ) [ 000]
mul_ln1347_51          (mul              ) [ 001]
sext_ln1347_52         (sext             ) [ 000]
mul_ln1347_52          (mul              ) [ 001]
sext_ln1347_53         (sext             ) [ 000]
mul_ln1347_53          (mul              ) [ 001]
sext_ln1347_54         (sext             ) [ 000]
mul_ln1347_54          (mul              ) [ 001]
sext_ln1347_55         (sext             ) [ 000]
mul_ln1347_55          (mul              ) [ 001]
sext_ln1347_56         (sext             ) [ 000]
mul_ln1347_56          (mul              ) [ 001]
tmp                    (partselect       ) [ 000]
shl_ln                 (bitconcatenate   ) [ 000]
tmp_70                 (partselect       ) [ 000]
shl_ln1273_1           (bitconcatenate   ) [ 000]
sext_ln1347_63         (sext             ) [ 000]
add_ln1347             (add              ) [ 000]
sext_ln1347_64         (sext             ) [ 000]
ret_V_70               (add              ) [ 000]
trunc_ln818_56         (partselect       ) [ 001]
sext_ln1347_57         (sext             ) [ 000]
mul_ln1347_57          (mul              ) [ 001]
sext_ln1347_58         (sext             ) [ 000]
mul_ln1347_58          (mul              ) [ 001]
sext_ln1347_59         (sext             ) [ 000]
mul_ln1347_59          (mul              ) [ 001]
sext_ln1347_60         (sext             ) [ 000]
mul_ln1347_60          (mul              ) [ 001]
sext_ln1347_61         (sext             ) [ 000]
mul_ln1347_61          (mul              ) [ 001]
sext_ln1347_62         (sext             ) [ 000]
mul_ln1347_62          (mul              ) [ 001]
specinterface_ln0      (specinterface    ) [ 000]
specinterface_ln0      (specinterface    ) [ 000]
specresourcelimit_ln22 (specresourcelimit) [ 000]
ret_V                  (add              ) [ 000]
trunc_ln               (partselect       ) [ 000]
ret_V_14               (add              ) [ 000]
trunc_ln818_2          (partselect       ) [ 000]
ret_V_15               (add              ) [ 000]
trunc_ln818_3          (partselect       ) [ 000]
ret_V_16               (add              ) [ 000]
trunc_ln818_4          (partselect       ) [ 000]
ret_V_17               (add              ) [ 000]
trunc_ln818_5          (partselect       ) [ 000]
ret_V_18               (add              ) [ 000]
trunc_ln818_6          (partselect       ) [ 000]
ret_V_19               (add              ) [ 000]
trunc_ln818_7          (partselect       ) [ 000]
ret_V_20               (add              ) [ 000]
trunc_ln818_8          (partselect       ) [ 000]
ret_V_21               (add              ) [ 000]
trunc_ln818_9          (partselect       ) [ 000]
ret_V_22               (add              ) [ 000]
trunc_ln818_s          (partselect       ) [ 000]
ret_V_23               (add              ) [ 000]
trunc_ln818_1          (partselect       ) [ 000]
ret_V_24               (add              ) [ 000]
trunc_ln818_10         (partselect       ) [ 000]
ret_V_25               (add              ) [ 000]
trunc_ln818_11         (partselect       ) [ 000]
ret_V_26               (add              ) [ 000]
trunc_ln818_12         (partselect       ) [ 000]
ret_V_27               (add              ) [ 000]
trunc_ln818_13         (partselect       ) [ 000]
ret_V_28               (add              ) [ 000]
trunc_ln818_14         (partselect       ) [ 000]
ret_V_29               (add              ) [ 000]
trunc_ln818_15         (partselect       ) [ 000]
ret_V_30               (add              ) [ 000]
trunc_ln818_16         (partselect       ) [ 000]
ret_V_31               (add              ) [ 000]
trunc_ln818_17         (partselect       ) [ 000]
ret_V_32               (add              ) [ 000]
trunc_ln818_18         (partselect       ) [ 000]
ret_V_33               (add              ) [ 000]
trunc_ln818_19         (partselect       ) [ 000]
ret_V_34               (add              ) [ 000]
trunc_ln818_20         (partselect       ) [ 000]
ret_V_35               (add              ) [ 000]
trunc_ln818_21         (partselect       ) [ 000]
ret_V_36               (add              ) [ 000]
trunc_ln818_22         (partselect       ) [ 000]
ret_V_37               (add              ) [ 000]
trunc_ln818_23         (partselect       ) [ 000]
ret_V_38               (add              ) [ 000]
trunc_ln818_24         (partselect       ) [ 000]
ret_V_39               (add              ) [ 000]
trunc_ln818_25         (partselect       ) [ 000]
ret_V_40               (add              ) [ 000]
trunc_ln818_26         (partselect       ) [ 000]
ret_V_41               (add              ) [ 000]
trunc_ln818_27         (partselect       ) [ 000]
ret_V_42               (add              ) [ 000]
trunc_ln818_28         (partselect       ) [ 000]
ret_V_43               (add              ) [ 000]
trunc_ln818_29         (partselect       ) [ 000]
ret_V_44               (add              ) [ 000]
trunc_ln818_30         (partselect       ) [ 000]
ret_V_45               (add              ) [ 000]
trunc_ln818_31         (partselect       ) [ 000]
ret_V_46               (add              ) [ 000]
trunc_ln818_32         (partselect       ) [ 000]
ret_V_47               (add              ) [ 000]
trunc_ln818_33         (partselect       ) [ 000]
ret_V_48               (add              ) [ 000]
trunc_ln818_34         (partselect       ) [ 000]
ret_V_49               (add              ) [ 000]
trunc_ln818_35         (partselect       ) [ 000]
ret_V_50               (add              ) [ 000]
trunc_ln818_36         (partselect       ) [ 000]
ret_V_51               (add              ) [ 000]
trunc_ln818_37         (partselect       ) [ 000]
ret_V_52               (add              ) [ 000]
trunc_ln818_38         (partselect       ) [ 000]
ret_V_53               (add              ) [ 000]
trunc_ln818_39         (partselect       ) [ 000]
ret_V_54               (add              ) [ 000]
trunc_ln818_40         (partselect       ) [ 000]
ret_V_55               (add              ) [ 000]
trunc_ln818_41         (partselect       ) [ 000]
ret_V_56               (add              ) [ 000]
trunc_ln818_42         (partselect       ) [ 000]
ret_V_57               (add              ) [ 000]
trunc_ln818_43         (partselect       ) [ 000]
ret_V_58               (add              ) [ 000]
trunc_ln818_44         (partselect       ) [ 000]
ret_V_59               (add              ) [ 000]
trunc_ln818_45         (partselect       ) [ 000]
ret_V_60               (add              ) [ 000]
trunc_ln818_46         (partselect       ) [ 000]
ret_V_61               (add              ) [ 000]
trunc_ln818_47         (partselect       ) [ 000]
ret_V_62               (add              ) [ 000]
trunc_ln818_48         (partselect       ) [ 000]
ret_V_63               (add              ) [ 000]
trunc_ln818_49         (partselect       ) [ 000]
ret_V_64               (add              ) [ 000]
trunc_ln818_50         (partselect       ) [ 000]
ret_V_65               (add              ) [ 000]
trunc_ln818_51         (partselect       ) [ 000]
ret_V_66               (add              ) [ 000]
trunc_ln818_52         (partselect       ) [ 000]
ret_V_67               (add              ) [ 000]
trunc_ln818_53         (partselect       ) [ 000]
ret_V_68               (add              ) [ 000]
trunc_ln818_54         (partselect       ) [ 000]
ret_V_69               (add              ) [ 000]
trunc_ln818_55         (partselect       ) [ 000]
ret_V_71               (add              ) [ 000]
trunc_ln818_57         (partselect       ) [ 000]
ret_V_72               (add              ) [ 000]
trunc_ln818_58         (partselect       ) [ 000]
ret_V_73               (add              ) [ 000]
trunc_ln818_59         (partselect       ) [ 000]
ret_V_74               (add              ) [ 000]
trunc_ln818_60         (partselect       ) [ 000]
ret_V_75               (add              ) [ 000]
trunc_ln818_61         (partselect       ) [ 000]
ret_V_76               (add              ) [ 000]
trunc_ln818_62         (partselect       ) [ 000]
p_0                    (bitconcatenate   ) [ 000]
write_ln46             (write            ) [ 000]
ret_ln48               (ret              ) [ 000]
</LifeTime>

<model>

<comp_list>
<comp id="0" class="1000" name="layer19_out">
<pin_list>
<pin id="1" dir="1" index="0" bw="1" slack="0"/>
</pin_list>
<bind>
<StgValue><ssdm name="layer19_out"/></StgValue>
</bind>
</comp>

<comp id="2" class="1000" name="layer21_out">
<pin_list>
<pin id="3" dir="1" index="0" bw="1" slack="0"/>
</pin_list>
<bind>
<StgValue><ssdm name="layer21_out"/></StgValue>
</bind>
</comp>

<comp id="4" class="1001" name="const_4">
<pin_list>
<pin id="5" dir="1" index="0" bw="1" slack="0"/>
</pin_list>
<bind>
<StgValue><ssdm name="_ssdm_op_Read.ap_fifo.volatile.i1024P0A"/></StgValue>
</bind>
</comp>

<comp id="6" class="1001" name="const_6">
<pin_list>
<pin id="7" dir="1" index="0" bw="1" slack="0"/>
</pin_list>
<bind>
<StgValue><ssdm name="_ssdm_op_PartSelect.i16.i1024.i32.i32"/></StgValue>
</bind>
</comp>

<comp id="8" class="1001" name="const_8">
<pin_list>
<pin id="9" dir="1" index="0" bw="1" slack="0"/>
</pin_list>
<bind>
<StgValue><ssdm name=""/></StgValue>
</bind>
</comp>

<comp id="10" class="1001" name="const_10">
<pin_list>
<pin id="11" dir="1" index="0" bw="1" slack="0"/>
</pin_list>
<bind>
<StgValue><ssdm name=""/></StgValue>
</bind>
</comp>

<comp id="12" class="1001" name="const_12">
<pin_list>
<pin id="13" dir="1" index="0" bw="1" slack="0"/>
</pin_list>
<bind>
<StgValue><ssdm name=""/></StgValue>
</bind>
</comp>

<comp id="14" class="1001" name="const_14">
<pin_list>
<pin id="15" dir="1" index="0" bw="1" slack="0"/>
</pin_list>
<bind>
<StgValue><ssdm name=""/></StgValue>
</bind>
</comp>

<comp id="16" class="1001" name="const_16">
<pin_list>
<pin id="17" dir="1" index="0" bw="1" slack="0"/>
</pin_list>
<bind>
<StgValue><ssdm name=""/></StgValue>
</bind>
</comp>

<comp id="18" class="1001" name="const_18">
<pin_list>
<pin id="19" dir="1" index="0" bw="1" slack="0"/>
</pin_list>
<bind>
<StgValue><ssdm name=""/></StgValue>
</bind>
</comp>

<comp id="20" class="1001" name="const_20">
<pin_list>
<pin id="21" dir="1" index="0" bw="1" slack="0"/>
</pin_list>
<bind>
<StgValue><ssdm name=""/></StgValue>
</bind>
</comp>

<comp id="22" class="1001" name="const_22">
<pin_list>
<pin id="23" dir="1" index="0" bw="1" slack="0"/>
</pin_list>
<bind>
<StgValue><ssdm name=""/></StgValue>
</bind>
</comp>

<comp id="24" class="1001" name="const_24">
<pin_list>
<pin id="25" dir="1" index="0" bw="1" slack="0"/>
</pin_list>
<bind>
<StgValue><ssdm name=""/></StgValue>
</bind>
</comp>

<comp id="26" class="1001" name="const_26">
<pin_list>
<pin id="27" dir="1" index="0" bw="1" slack="0"/>
</pin_list>
<bind>
<StgValue><ssdm name=""/></StgValue>
</bind>
</comp>

<comp id="28" class="1001" name="const_28">
<pin_list>
<pin id="29" dir="1" index="0" bw="1" slack="0"/>
</pin_list>
<bind>
<StgValue><ssdm name=""/></StgValue>
</bind>
</comp>

<comp id="30" class="1001" name="const_30">
<pin_list>
<pin id="31" dir="1" index="0" bw="1" slack="0"/>
</pin_list>
<bind>
<StgValue><ssdm name=""/></StgValue>
</bind>
</comp>

<comp id="32" class="1001" name="const_32">
<pin_list>
<pin id="33" dir="1" index="0" bw="1" slack="0"/>
</pin_list>
<bind>
<StgValue><ssdm name=""/></StgValue>
</bind>
</comp>

<comp id="34" class="1001" name="const_34">
<pin_list>
<pin id="35" dir="1" index="0" bw="1" slack="0"/>
</pin_list>
<bind>
<StgValue><ssdm name=""/></StgValue>
</bind>
</comp>

<comp id="36" class="1001" name="const_36">
<pin_list>
<pin id="37" dir="1" index="0" bw="1" slack="0"/>
</pin_list>
<bind>
<StgValue><ssdm name=""/></StgValue>
</bind>
</comp>

<comp id="38" class="1001" name="const_38">
<pin_list>
<pin id="39" dir="1" index="0" bw="1" slack="0"/>
</pin_list>
<bind>
<StgValue><ssdm name=""/></StgValue>
</bind>
</comp>

<comp id="40" class="1001" name="const_40">
<pin_list>
<pin id="41" dir="1" index="0" bw="1" slack="0"/>
</pin_list>
<bind>
<StgValue><ssdm name=""/></StgValue>
</bind>
</comp>

<comp id="42" class="1001" name="const_42">
<pin_list>
<pin id="43" dir="1" index="0" bw="1" slack="0"/>
</pin_list>
<bind>
<StgValue><ssdm name=""/></StgValue>
</bind>
</comp>

<comp id="44" class="1001" name="const_44">
<pin_list>
<pin id="45" dir="1" index="0" bw="1" slack="0"/>
</pin_list>
<bind>
<StgValue><ssdm name=""/></StgValue>
</bind>
</comp>

<comp id="46" class="1001" name="const_46">
<pin_list>
<pin id="47" dir="1" index="0" bw="1" slack="0"/>
</pin_list>
<bind>
<StgValue><ssdm name=""/></StgValue>
</bind>
</comp>

<comp id="48" class="1001" name="const_48">
<pin_list>
<pin id="49" dir="1" index="0" bw="1" slack="0"/>
</pin_list>
<bind>
<StgValue><ssdm name=""/></StgValue>
</bind>
</comp>

<comp id="50" class="1001" name="const_50">
<pin_list>
<pin id="51" dir="1" index="0" bw="1" slack="0"/>
</pin_list>
<bind>
<StgValue><ssdm name=""/></StgValue>
</bind>
</comp>

<comp id="52" class="1001" name="const_52">
<pin_list>
<pin id="53" dir="1" index="0" bw="1" slack="0"/>
</pin_list>
<bind>
<StgValue><ssdm name=""/></StgValue>
</bind>
</comp>

<comp id="54" class="1001" name="const_54">
<pin_list>
<pin id="55" dir="1" index="0" bw="1" slack="0"/>
</pin_list>
<bind>
<StgValue><ssdm name=""/></StgValue>
</bind>
</comp>

<comp id="56" class="1001" name="const_56">
<pin_list>
<pin id="57" dir="1" index="0" bw="1" slack="0"/>
</pin_list>
<bind>
<StgValue><ssdm name=""/></StgValue>
</bind>
</comp>

<comp id="58" class="1001" name="const_58">
<pin_list>
<pin id="59" dir="1" index="0" bw="1" slack="0"/>
</pin_list>
<bind>
<StgValue><ssdm name=""/></StgValue>
</bind>
</comp>

<comp id="60" class="1001" name="const_60">
<pin_list>
<pin id="61" dir="1" index="0" bw="1" slack="0"/>
</pin_list>
<bind>
<StgValue><ssdm name=""/></StgValue>
</bind>
</comp>

<comp id="62" class="1001" name="const_62">
<pin_list>
<pin id="63" dir="1" index="0" bw="1" slack="0"/>
</pin_list>
<bind>
<StgValue><ssdm name=""/></StgValue>
</bind>
</comp>

<comp id="64" class="1001" name="const_64">
<pin_list>
<pin id="65" dir="1" index="0" bw="1" slack="0"/>
</pin_list>
<bind>
<StgValue><ssdm name=""/></StgValue>
</bind>
</comp>

<comp id="66" class="1001" name="const_66">
<pin_list>
<pin id="67" dir="1" index="0" bw="1" slack="0"/>
</pin_list>
<bind>
<StgValue><ssdm name=""/></StgValue>
</bind>
</comp>

<comp id="68" class="1001" name="const_68">
<pin_list>
<pin id="69" dir="1" index="0" bw="1" slack="0"/>
</pin_list>
<bind>
<StgValue><ssdm name=""/></StgValue>
</bind>
</comp>

<comp id="70" class="1001" name="const_70">
<pin_list>
<pin id="71" dir="1" index="0" bw="1" slack="0"/>
</pin_list>
<bind>
<StgValue><ssdm name=""/></StgValue>
</bind>
</comp>

<comp id="72" class="1001" name="const_72">
<pin_list>
<pin id="73" dir="1" index="0" bw="1" slack="0"/>
</pin_list>
<bind>
<StgValue><ssdm name=""/></StgValue>
</bind>
</comp>

<comp id="74" class="1001" name="const_74">
<pin_list>
<pin id="75" dir="1" index="0" bw="1" slack="0"/>
</pin_list>
<bind>
<StgValue><ssdm name=""/></StgValue>
</bind>
</comp>

<comp id="76" class="1001" name="const_76">
<pin_list>
<pin id="77" dir="1" index="0" bw="1" slack="0"/>
</pin_list>
<bind>
<StgValue><ssdm name=""/></StgValue>
</bind>
</comp>

<comp id="78" class="1001" name="const_78">
<pin_list>
<pin id="79" dir="1" index="0" bw="1" slack="0"/>
</pin_list>
<bind>
<StgValue><ssdm name=""/></StgValue>
</bind>
</comp>

<comp id="80" class="1001" name="const_80">
<pin_list>
<pin id="81" dir="1" index="0" bw="1" slack="0"/>
</pin_list>
<bind>
<StgValue><ssdm name=""/></StgValue>
</bind>
</comp>

<comp id="82" class="1001" name="const_82">
<pin_list>
<pin id="83" dir="1" index="0" bw="1" slack="0"/>
</pin_list>
<bind>
<StgValue><ssdm name=""/></StgValue>
</bind>
</comp>

<comp id="84" class="1001" name="const_84">
<pin_list>
<pin id="85" dir="1" index="0" bw="1" slack="0"/>
</pin_list>
<bind>
<StgValue><ssdm name=""/></StgValue>
</bind>
</comp>

<comp id="86" class="1001" name="const_86">
<pin_list>
<pin id="87" dir="1" index="0" bw="1" slack="0"/>
</pin_list>
<bind>
<StgValue><ssdm name=""/></StgValue>
</bind>
</comp>

<comp id="88" class="1001" name="const_88">
<pin_list>
<pin id="89" dir="1" index="0" bw="1" slack="0"/>
</pin_list>
<bind>
<StgValue><ssdm name=""/></StgValue>
</bind>
</comp>

<comp id="90" class="1001" name="const_90">
<pin_list>
<pin id="91" dir="1" index="0" bw="1" slack="0"/>
</pin_list>
<bind>
<StgValue><ssdm name=""/></StgValue>
</bind>
</comp>

<comp id="92" class="1001" name="const_92">
<pin_list>
<pin id="93" dir="1" index="0" bw="1" slack="0"/>
</pin_list>
<bind>
<StgValue><ssdm name=""/></StgValue>
</bind>
</comp>

<comp id="94" class="1001" name="const_94">
<pin_list>
<pin id="95" dir="1" index="0" bw="1" slack="0"/>
</pin_list>
<bind>
<StgValue><ssdm name=""/></StgValue>
</bind>
</comp>

<comp id="96" class="1001" name="const_96">
<pin_list>
<pin id="97" dir="1" index="0" bw="1" slack="0"/>
</pin_list>
<bind>
<StgValue><ssdm name=""/></StgValue>
</bind>
</comp>

<comp id="98" class="1001" name="const_98">
<pin_list>
<pin id="99" dir="1" index="0" bw="1" slack="0"/>
</pin_list>
<bind>
<StgValue><ssdm name=""/></StgValue>
</bind>
</comp>

<comp id="100" class="1001" name="const_100">
<pin_list>
<pin id="101" dir="1" index="0" bw="1" slack="0"/>
</pin_list>
<bind>
<StgValue><ssdm name=""/></StgValue>
</bind>
</comp>

<comp id="102" class="1001" name="const_102">
<pin_list>
<pin id="103" dir="1" index="0" bw="1" slack="0"/>
</pin_list>
<bind>
<StgValue><ssdm name=""/></StgValue>
</bind>
</comp>

<comp id="104" class="1001" name="const_104">
<pin_list>
<pin id="105" dir="1" index="0" bw="1" slack="0"/>
</pin_list>
<bind>
<StgValue><ssdm name=""/></StgValue>
</bind>
</comp>

<comp id="106" class="1001" name="const_106">
<pin_list>
<pin id="107" dir="1" index="0" bw="1" slack="0"/>
</pin_list>
<bind>
<StgValue><ssdm name=""/></StgValue>
</bind>
</comp>

<comp id="108" class="1001" name="const_108">
<pin_list>
<pin id="109" dir="1" index="0" bw="1" slack="0"/>
</pin_list>
<bind>
<StgValue><ssdm name=""/></StgValue>
</bind>
</comp>

<comp id="110" class="1001" name="const_110">
<pin_list>
<pin id="111" dir="1" index="0" bw="1" slack="0"/>
</pin_list>
<bind>
<StgValue><ssdm name=""/></StgValue>
</bind>
</comp>

<comp id="112" class="1001" name="const_112">
<pin_list>
<pin id="113" dir="1" index="0" bw="1" slack="0"/>
</pin_list>
<bind>
<StgValue><ssdm name=""/></StgValue>
</bind>
</comp>

<comp id="114" class="1001" name="const_114">
<pin_list>
<pin id="115" dir="1" index="0" bw="1" slack="0"/>
</pin_list>
<bind>
<StgValue><ssdm name=""/></StgValue>
</bind>
</comp>

<comp id="116" class="1001" name="const_116">
<pin_list>
<pin id="117" dir="1" index="0" bw="1" slack="0"/>
</pin_list>
<bind>
<StgValue><ssdm name=""/></StgValue>
</bind>
</comp>

<comp id="118" class="1001" name="const_118">
<pin_list>
<pin id="119" dir="1" index="0" bw="1" slack="0"/>
</pin_list>
<bind>
<StgValue><ssdm name=""/></StgValue>
</bind>
</comp>

<comp id="120" class="1001" name="const_120">
<pin_list>
<pin id="121" dir="1" index="0" bw="1" slack="0"/>
</pin_list>
<bind>
<StgValue><ssdm name=""/></StgValue>
</bind>
</comp>

<comp id="122" class="1001" name="const_122">
<pin_list>
<pin id="123" dir="1" index="0" bw="1" slack="0"/>
</pin_list>
<bind>
<StgValue><ssdm name=""/></StgValue>
</bind>
</comp>

<comp id="124" class="1001" name="const_124">
<pin_list>
<pin id="125" dir="1" index="0" bw="1" slack="0"/>
</pin_list>
<bind>
<StgValue><ssdm name=""/></StgValue>
</bind>
</comp>

<comp id="126" class="1001" name="const_126">
<pin_list>
<pin id="127" dir="1" index="0" bw="1" slack="0"/>
</pin_list>
<bind>
<StgValue><ssdm name=""/></StgValue>
</bind>
</comp>

<comp id="128" class="1001" name="const_128">
<pin_list>
<pin id="129" dir="1" index="0" bw="1" slack="0"/>
</pin_list>
<bind>
<StgValue><ssdm name=""/></StgValue>
</bind>
</comp>

<comp id="130" class="1001" name="const_130">
<pin_list>
<pin id="131" dir="1" index="0" bw="1" slack="0"/>
</pin_list>
<bind>
<StgValue><ssdm name=""/></StgValue>
</bind>
</comp>

<comp id="132" class="1001" name="const_132">
<pin_list>
<pin id="133" dir="1" index="0" bw="1" slack="0"/>
</pin_list>
<bind>
<StgValue><ssdm name=""/></StgValue>
</bind>
</comp>

<comp id="134" class="1001" name="const_134">
<pin_list>
<pin id="135" dir="1" index="0" bw="1" slack="0"/>
</pin_list>
<bind>
<StgValue><ssdm name=""/></StgValue>
</bind>
</comp>

<comp id="136" class="1001" name="const_136">
<pin_list>
<pin id="137" dir="1" index="0" bw="1" slack="0"/>
</pin_list>
<bind>
<StgValue><ssdm name=""/></StgValue>
</bind>
</comp>

<comp id="138" class="1001" name="const_138">
<pin_list>
<pin id="139" dir="1" index="0" bw="1" slack="0"/>
</pin_list>
<bind>
<StgValue><ssdm name=""/></StgValue>
</bind>
</comp>

<comp id="140" class="1001" name="const_140">
<pin_list>
<pin id="141" dir="1" index="0" bw="1" slack="0"/>
</pin_list>
<bind>
<StgValue><ssdm name=""/></StgValue>
</bind>
</comp>

<comp id="142" class="1001" name="const_142">
<pin_list>
<pin id="143" dir="1" index="0" bw="1" slack="0"/>
</pin_list>
<bind>
<StgValue><ssdm name=""/></StgValue>
</bind>
</comp>

<comp id="144" class="1001" name="const_144">
<pin_list>
<pin id="145" dir="1" index="0" bw="1" slack="0"/>
</pin_list>
<bind>
<StgValue><ssdm name=""/></StgValue>
</bind>
</comp>

<comp id="146" class="1001" name="const_146">
<pin_list>
<pin id="147" dir="1" index="0" bw="1" slack="0"/>
</pin_list>
<bind>
<StgValue><ssdm name=""/></StgValue>
</bind>
</comp>

<comp id="148" class="1001" name="const_148">
<pin_list>
<pin id="149" dir="1" index="0" bw="1" slack="0"/>
</pin_list>
<bind>
<StgValue><ssdm name=""/></StgValue>
</bind>
</comp>

<comp id="150" class="1001" name="const_150">
<pin_list>
<pin id="151" dir="1" index="0" bw="1" slack="0"/>
</pin_list>
<bind>
<StgValue><ssdm name=""/></StgValue>
</bind>
</comp>

<comp id="152" class="1001" name="const_152">
<pin_list>
<pin id="153" dir="1" index="0" bw="1" slack="0"/>
</pin_list>
<bind>
<StgValue><ssdm name=""/></StgValue>
</bind>
</comp>

<comp id="154" class="1001" name="const_154">
<pin_list>
<pin id="155" dir="1" index="0" bw="1" slack="0"/>
</pin_list>
<bind>
<StgValue><ssdm name=""/></StgValue>
</bind>
</comp>

<comp id="156" class="1001" name="const_156">
<pin_list>
<pin id="157" dir="1" index="0" bw="1" slack="0"/>
</pin_list>
<bind>
<StgValue><ssdm name=""/></StgValue>
</bind>
</comp>

<comp id="158" class="1001" name="const_158">
<pin_list>
<pin id="159" dir="1" index="0" bw="1" slack="0"/>
</pin_list>
<bind>
<StgValue><ssdm name=""/></StgValue>
</bind>
</comp>

<comp id="160" class="1001" name="const_160">
<pin_list>
<pin id="161" dir="1" index="0" bw="1" slack="0"/>
</pin_list>
<bind>
<StgValue><ssdm name=""/></StgValue>
</bind>
</comp>

<comp id="162" class="1001" name="const_162">
<pin_list>
<pin id="163" dir="1" index="0" bw="1" slack="0"/>
</pin_list>
<bind>
<StgValue><ssdm name=""/></StgValue>
</bind>
</comp>

<comp id="164" class="1001" name="const_164">
<pin_list>
<pin id="165" dir="1" index="0" bw="1" slack="0"/>
</pin_list>
<bind>
<StgValue><ssdm name=""/></StgValue>
</bind>
</comp>

<comp id="166" class="1001" name="const_166">
<pin_list>
<pin id="167" dir="1" index="0" bw="1" slack="0"/>
</pin_list>
<bind>
<StgValue><ssdm name=""/></StgValue>
</bind>
</comp>

<comp id="168" class="1001" name="const_168">
<pin_list>
<pin id="169" dir="1" index="0" bw="1" slack="0"/>
</pin_list>
<bind>
<StgValue><ssdm name=""/></StgValue>
</bind>
</comp>

<comp id="170" class="1001" name="const_170">
<pin_list>
<pin id="171" dir="1" index="0" bw="1" slack="0"/>
</pin_list>
<bind>
<StgValue><ssdm name=""/></StgValue>
</bind>
</comp>

<comp id="172" class="1001" name="const_172">
<pin_list>
<pin id="173" dir="1" index="0" bw="1" slack="0"/>
</pin_list>
<bind>
<StgValue><ssdm name=""/></StgValue>
</bind>
</comp>

<comp id="174" class="1001" name="const_174">
<pin_list>
<pin id="175" dir="1" index="0" bw="1" slack="0"/>
</pin_list>
<bind>
<StgValue><ssdm name=""/></StgValue>
</bind>
</comp>

<comp id="176" class="1001" name="const_176">
<pin_list>
<pin id="177" dir="1" index="0" bw="1" slack="0"/>
</pin_list>
<bind>
<StgValue><ssdm name=""/></StgValue>
</bind>
</comp>

<comp id="178" class="1001" name="const_178">
<pin_list>
<pin id="179" dir="1" index="0" bw="1" slack="0"/>
</pin_list>
<bind>
<StgValue><ssdm name=""/></StgValue>
</bind>
</comp>

<comp id="180" class="1001" name="const_180">
<pin_list>
<pin id="181" dir="1" index="0" bw="1" slack="0"/>
</pin_list>
<bind>
<StgValue><ssdm name=""/></StgValue>
</bind>
</comp>

<comp id="182" class="1001" name="const_182">
<pin_list>
<pin id="183" dir="1" index="0" bw="1" slack="0"/>
</pin_list>
<bind>
<StgValue><ssdm name=""/></StgValue>
</bind>
</comp>

<comp id="184" class="1001" name="const_184">
<pin_list>
<pin id="185" dir="1" index="0" bw="1" slack="0"/>
</pin_list>
<bind>
<StgValue><ssdm name=""/></StgValue>
</bind>
</comp>

<comp id="186" class="1001" name="const_186">
<pin_list>
<pin id="187" dir="1" index="0" bw="1" slack="0"/>
</pin_list>
<bind>
<StgValue><ssdm name=""/></StgValue>
</bind>
</comp>

<comp id="188" class="1001" name="const_188">
<pin_list>
<pin id="189" dir="1" index="0" bw="1" slack="0"/>
</pin_list>
<bind>
<StgValue><ssdm name=""/></StgValue>
</bind>
</comp>

<comp id="190" class="1001" name="const_190">
<pin_list>
<pin id="191" dir="1" index="0" bw="1" slack="0"/>
</pin_list>
<bind>
<StgValue><ssdm name=""/></StgValue>
</bind>
</comp>

<comp id="192" class="1001" name="const_192">
<pin_list>
<pin id="193" dir="1" index="0" bw="1" slack="0"/>
</pin_list>
<bind>
<StgValue><ssdm name=""/></StgValue>
</bind>
</comp>

<comp id="194" class="1001" name="const_194">
<pin_list>
<pin id="195" dir="1" index="0" bw="1" slack="0"/>
</pin_list>
<bind>
<StgValue><ssdm name=""/></StgValue>
</bind>
</comp>

<comp id="196" class="1001" name="const_196">
<pin_list>
<pin id="197" dir="1" index="0" bw="1" slack="0"/>
</pin_list>
<bind>
<StgValue><ssdm name=""/></StgValue>
</bind>
</comp>

<comp id="198" class="1001" name="const_198">
<pin_list>
<pin id="199" dir="1" index="0" bw="1" slack="0"/>
</pin_list>
<bind>
<StgValue><ssdm name=""/></StgValue>
</bind>
</comp>

<comp id="200" class="1001" name="const_200">
<pin_list>
<pin id="201" dir="1" index="0" bw="1" slack="0"/>
</pin_list>
<bind>
<StgValue><ssdm name=""/></StgValue>
</bind>
</comp>

<comp id="202" class="1001" name="const_202">
<pin_list>
<pin id="203" dir="1" index="0" bw="1" slack="0"/>
</pin_list>
<bind>
<StgValue><ssdm name=""/></StgValue>
</bind>
</comp>

<comp id="204" class="1001" name="const_204">
<pin_list>
<pin id="205" dir="1" index="0" bw="1" slack="0"/>
</pin_list>
<bind>
<StgValue><ssdm name=""/></StgValue>
</bind>
</comp>

<comp id="206" class="1001" name="const_206">
<pin_list>
<pin id="207" dir="1" index="0" bw="1" slack="0"/>
</pin_list>
<bind>
<StgValue><ssdm name=""/></StgValue>
</bind>
</comp>

<comp id="208" class="1001" name="const_208">
<pin_list>
<pin id="209" dir="1" index="0" bw="1" slack="0"/>
</pin_list>
<bind>
<StgValue><ssdm name=""/></StgValue>
</bind>
</comp>

<comp id="210" class="1001" name="const_210">
<pin_list>
<pin id="211" dir="1" index="0" bw="1" slack="0"/>
</pin_list>
<bind>
<StgValue><ssdm name=""/></StgValue>
</bind>
</comp>

<comp id="212" class="1001" name="const_212">
<pin_list>
<pin id="213" dir="1" index="0" bw="1" slack="0"/>
</pin_list>
<bind>
<StgValue><ssdm name=""/></StgValue>
</bind>
</comp>

<comp id="214" class="1001" name="const_214">
<pin_list>
<pin id="215" dir="1" index="0" bw="1" slack="0"/>
</pin_list>
<bind>
<StgValue><ssdm name=""/></StgValue>
</bind>
</comp>

<comp id="216" class="1001" name="const_216">
<pin_list>
<pin id="217" dir="1" index="0" bw="1" slack="0"/>
</pin_list>
<bind>
<StgValue><ssdm name=""/></StgValue>
</bind>
</comp>

<comp id="218" class="1001" name="const_218">
<pin_list>
<pin id="219" dir="1" index="0" bw="1" slack="0"/>
</pin_list>
<bind>
<StgValue><ssdm name=""/></StgValue>
</bind>
</comp>

<comp id="220" class="1001" name="const_220">
<pin_list>
<pin id="221" dir="1" index="0" bw="1" slack="0"/>
</pin_list>
<bind>
<StgValue><ssdm name=""/></StgValue>
</bind>
</comp>

<comp id="222" class="1001" name="const_222">
<pin_list>
<pin id="223" dir="1" index="0" bw="1" slack="0"/>
</pin_list>
<bind>
<StgValue><ssdm name=""/></StgValue>
</bind>
</comp>

<comp id="224" class="1001" name="const_224">
<pin_list>
<pin id="225" dir="1" index="0" bw="1" slack="0"/>
</pin_list>
<bind>
<StgValue><ssdm name=""/></StgValue>
</bind>
</comp>

<comp id="226" class="1001" name="const_226">
<pin_list>
<pin id="227" dir="1" index="0" bw="1" slack="0"/>
</pin_list>
<bind>
<StgValue><ssdm name=""/></StgValue>
</bind>
</comp>

<comp id="228" class="1001" name="const_228">
<pin_list>
<pin id="229" dir="1" index="0" bw="1" slack="0"/>
</pin_list>
<bind>
<StgValue><ssdm name=""/></StgValue>
</bind>
</comp>

<comp id="230" class="1001" name="const_230">
<pin_list>
<pin id="231" dir="1" index="0" bw="1" slack="0"/>
</pin_list>
<bind>
<StgValue><ssdm name=""/></StgValue>
</bind>
</comp>

<comp id="232" class="1001" name="const_232">
<pin_list>
<pin id="233" dir="1" index="0" bw="1" slack="0"/>
</pin_list>
<bind>
<StgValue><ssdm name=""/></StgValue>
</bind>
</comp>

<comp id="234" class="1001" name="const_234">
<pin_list>
<pin id="235" dir="1" index="0" bw="1" slack="0"/>
</pin_list>
<bind>
<StgValue><ssdm name=""/></StgValue>
</bind>
</comp>

<comp id="236" class="1001" name="const_236">
<pin_list>
<pin id="237" dir="1" index="0" bw="1" slack="0"/>
</pin_list>
<bind>
<StgValue><ssdm name=""/></StgValue>
</bind>
</comp>

<comp id="238" class="1001" name="const_238">
<pin_list>
<pin id="239" dir="1" index="0" bw="1" slack="0"/>
</pin_list>
<bind>
<StgValue><ssdm name=""/></StgValue>
</bind>
</comp>

<comp id="240" class="1001" name="const_240">
<pin_list>
<pin id="241" dir="1" index="0" bw="1" slack="0"/>
</pin_list>
<bind>
<StgValue><ssdm name=""/></StgValue>
</bind>
</comp>

<comp id="242" class="1001" name="const_242">
<pin_list>
<pin id="243" dir="1" index="0" bw="1" slack="0"/>
</pin_list>
<bind>
<StgValue><ssdm name=""/></StgValue>
</bind>
</comp>

<comp id="244" class="1001" name="const_244">
<pin_list>
<pin id="245" dir="1" index="0" bw="1" slack="0"/>
</pin_list>
<bind>
<StgValue><ssdm name=""/></StgValue>
</bind>
</comp>

<comp id="246" class="1001" name="const_246">
<pin_list>
<pin id="247" dir="1" index="0" bw="1" slack="0"/>
</pin_list>
<bind>
<StgValue><ssdm name=""/></StgValue>
</bind>
</comp>

<comp id="248" class="1001" name="const_248">
<pin_list>
<pin id="249" dir="1" index="0" bw="1" slack="0"/>
</pin_list>
<bind>
<StgValue><ssdm name=""/></StgValue>
</bind>
</comp>

<comp id="250" class="1001" name="const_250">
<pin_list>
<pin id="251" dir="1" index="0" bw="1" slack="0"/>
</pin_list>
<bind>
<StgValue><ssdm name=""/></StgValue>
</bind>
</comp>

<comp id="252" class="1001" name="const_252">
<pin_list>
<pin id="253" dir="1" index="0" bw="1" slack="0"/>
</pin_list>
<bind>
<StgValue><ssdm name=""/></StgValue>
</bind>
</comp>

<comp id="254" class="1001" name="const_254">
<pin_list>
<pin id="255" dir="1" index="0" bw="1" slack="0"/>
</pin_list>
<bind>
<StgValue><ssdm name=""/></StgValue>
</bind>
</comp>

<comp id="256" class="1001" name="const_256">
<pin_list>
<pin id="257" dir="1" index="0" bw="1" slack="0"/>
</pin_list>
<bind>
<StgValue><ssdm name=""/></StgValue>
</bind>
</comp>

<comp id="258" class="1001" name="const_258">
<pin_list>
<pin id="259" dir="1" index="0" bw="1" slack="0"/>
</pin_list>
<bind>
<StgValue><ssdm name=""/></StgValue>
</bind>
</comp>

<comp id="260" class="1001" name="const_260">
<pin_list>
<pin id="261" dir="1" index="0" bw="1" slack="0"/>
</pin_list>
<bind>
<StgValue><ssdm name=""/></StgValue>
</bind>
</comp>

<comp id="262" class="1001" name="const_262">
<pin_list>
<pin id="263" dir="1" index="0" bw="1" slack="0"/>
</pin_list>
<bind>
<StgValue><ssdm name=""/></StgValue>
</bind>
</comp>

<comp id="264" class="1001" name="const_264">
<pin_list>
<pin id="265" dir="1" index="0" bw="1" slack="0"/>
</pin_list>
<bind>
<StgValue><ssdm name=""/></StgValue>
</bind>
</comp>

<comp id="266" class="1001" name="const_266">
<pin_list>
<pin id="267" dir="1" index="0" bw="1" slack="0"/>
</pin_list>
<bind>
<StgValue><ssdm name=""/></StgValue>
</bind>
</comp>

<comp id="268" class="1001" name="const_268">
<pin_list>
<pin id="269" dir="1" index="0" bw="1" slack="0"/>
</pin_list>
<bind>
<StgValue><ssdm name=""/></StgValue>
</bind>
</comp>

<comp id="270" class="1001" name="const_270">
<pin_list>
<pin id="271" dir="1" index="0" bw="1" slack="0"/>
</pin_list>
<bind>
<StgValue><ssdm name=""/></StgValue>
</bind>
</comp>

<comp id="272" class="1001" name="const_272">
<pin_list>
<pin id="273" dir="1" index="0" bw="1" slack="0"/>
</pin_list>
<bind>
<StgValue><ssdm name=""/></StgValue>
</bind>
</comp>

<comp id="274" class="1001" name="const_274">
<pin_list>
<pin id="275" dir="1" index="0" bw="1" slack="0"/>
</pin_list>
<bind>
<StgValue><ssdm name=""/></StgValue>
</bind>
</comp>

<comp id="276" class="1001" name="const_276">
<pin_list>
<pin id="277" dir="1" index="0" bw="1" slack="0"/>
</pin_list>
<bind>
<StgValue><ssdm name=""/></StgValue>
</bind>
</comp>

<comp id="278" class="1001" name="const_278">
<pin_list>
<pin id="279" dir="1" index="0" bw="1" slack="0"/>
</pin_list>
<bind>
<StgValue><ssdm name=""/></StgValue>
</bind>
</comp>

<comp id="280" class="1001" name="const_280">
<pin_list>
<pin id="281" dir="1" index="0" bw="1" slack="0"/>
</pin_list>
<bind>
<StgValue><ssdm name=""/></StgValue>
</bind>
</comp>

<comp id="282" class="1001" name="const_282">
<pin_list>
<pin id="283" dir="1" index="0" bw="1" slack="0"/>
</pin_list>
<bind>
<StgValue><ssdm name=""/></StgValue>
</bind>
</comp>

<comp id="284" class="1001" name="const_284">
<pin_list>
<pin id="285" dir="1" index="0" bw="1" slack="0"/>
</pin_list>
<bind>
<StgValue><ssdm name=""/></StgValue>
</bind>
</comp>

<comp id="286" class="1001" name="const_286">
<pin_list>
<pin id="287" dir="1" index="0" bw="1" slack="0"/>
</pin_list>
<bind>
<StgValue><ssdm name=""/></StgValue>
</bind>
</comp>

<comp id="288" class="1001" name="const_288">
<pin_list>
<pin id="289" dir="1" index="0" bw="1" slack="0"/>
</pin_list>
<bind>
<StgValue><ssdm name=""/></StgValue>
</bind>
</comp>

<comp id="290" class="1001" name="const_290">
<pin_list>
<pin id="291" dir="1" index="0" bw="1" slack="0"/>
</pin_list>
<bind>
<StgValue><ssdm name=""/></StgValue>
</bind>
</comp>

<comp id="292" class="1001" name="const_292">
<pin_list>
<pin id="293" dir="1" index="0" bw="1" slack="0"/>
</pin_list>
<bind>
<StgValue><ssdm name=""/></StgValue>
</bind>
</comp>

<comp id="294" class="1001" name="const_294">
<pin_list>
<pin id="295" dir="1" index="0" bw="1" slack="0"/>
</pin_list>
<bind>
<StgValue><ssdm name=""/></StgValue>
</bind>
</comp>

<comp id="296" class="1001" name="const_296">
<pin_list>
<pin id="297" dir="1" index="0" bw="1" slack="0"/>
</pin_list>
<bind>
<StgValue><ssdm name=""/></StgValue>
</bind>
</comp>

<comp id="298" class="1001" name="const_298">
<pin_list>
<pin id="299" dir="1" index="0" bw="1" slack="0"/>
</pin_list>
<bind>
<StgValue><ssdm name=""/></StgValue>
</bind>
</comp>

<comp id="300" class="1001" name="const_300">
<pin_list>
<pin id="301" dir="1" index="0" bw="1" slack="0"/>
</pin_list>
<bind>
<StgValue><ssdm name=""/></StgValue>
</bind>
</comp>

<comp id="302" class="1001" name="const_302">
<pin_list>
<pin id="303" dir="1" index="0" bw="1" slack="0"/>
</pin_list>
<bind>
<StgValue><ssdm name=""/></StgValue>
</bind>
</comp>

<comp id="304" class="1001" name="const_304">
<pin_list>
<pin id="305" dir="1" index="0" bw="1" slack="0"/>
</pin_list>
<bind>
<StgValue><ssdm name=""/></StgValue>
</bind>
</comp>

<comp id="306" class="1001" name="const_306">
<pin_list>
<pin id="307" dir="1" index="0" bw="1" slack="0"/>
</pin_list>
<bind>
<StgValue><ssdm name=""/></StgValue>
</bind>
</comp>

<comp id="308" class="1001" name="const_308">
<pin_list>
<pin id="309" dir="1" index="0" bw="1" slack="0"/>
</pin_list>
<bind>
<StgValue><ssdm name=""/></StgValue>
</bind>
</comp>

<comp id="310" class="1001" name="const_310">
<pin_list>
<pin id="311" dir="1" index="0" bw="1" slack="0"/>
</pin_list>
<bind>
<StgValue><ssdm name=""/></StgValue>
</bind>
</comp>

<comp id="312" class="1001" name="const_312">
<pin_list>
<pin id="313" dir="1" index="0" bw="1" slack="0"/>
</pin_list>
<bind>
<StgValue><ssdm name=""/></StgValue>
</bind>
</comp>

<comp id="314" class="1001" name="const_314">
<pin_list>
<pin id="315" dir="1" index="0" bw="1" slack="0"/>
</pin_list>
<bind>
<StgValue><ssdm name=""/></StgValue>
</bind>
</comp>

<comp id="316" class="1001" name="const_316">
<pin_list>
<pin id="317" dir="1" index="0" bw="1" slack="0"/>
</pin_list>
<bind>
<StgValue><ssdm name=""/></StgValue>
</bind>
</comp>

<comp id="318" class="1001" name="const_318">
<pin_list>
<pin id="319" dir="1" index="0" bw="1" slack="0"/>
</pin_list>
<bind>
<StgValue><ssdm name=""/></StgValue>
</bind>
</comp>

<comp id="320" class="1001" name="const_320">
<pin_list>
<pin id="321" dir="1" index="0" bw="1" slack="0"/>
</pin_list>
<bind>
<StgValue><ssdm name=""/></StgValue>
</bind>
</comp>

<comp id="322" class="1001" name="const_322">
<pin_list>
<pin id="323" dir="1" index="0" bw="1" slack="0"/>
</pin_list>
<bind>
<StgValue><ssdm name=""/></StgValue>
</bind>
</comp>

<comp id="324" class="1001" name="const_324">
<pin_list>
<pin id="325" dir="1" index="0" bw="1" slack="0"/>
</pin_list>
<bind>
<StgValue><ssdm name=""/></StgValue>
</bind>
</comp>

<comp id="326" class="1001" name="const_326">
<pin_list>
<pin id="327" dir="1" index="0" bw="1" slack="0"/>
</pin_list>
<bind>
<StgValue><ssdm name=""/></StgValue>
</bind>
</comp>

<comp id="328" class="1001" name="const_328">
<pin_list>
<pin id="329" dir="1" index="0" bw="1" slack="0"/>
</pin_list>
<bind>
<StgValue><ssdm name=""/></StgValue>
</bind>
</comp>

<comp id="330" class="1001" name="const_330">
<pin_list>
<pin id="331" dir="1" index="0" bw="1" slack="0"/>
</pin_list>
<bind>
<StgValue><ssdm name=""/></StgValue>
</bind>
</comp>

<comp id="332" class="1001" name="const_332">
<pin_list>
<pin id="333" dir="1" index="0" bw="1" slack="0"/>
</pin_list>
<bind>
<StgValue><ssdm name=""/></StgValue>
</bind>
</comp>

<comp id="334" class="1001" name="const_334">
<pin_list>
<pin id="335" dir="1" index="0" bw="1" slack="0"/>
</pin_list>
<bind>
<StgValue><ssdm name=""/></StgValue>
</bind>
</comp>

<comp id="336" class="1001" name="const_336">
<pin_list>
<pin id="337" dir="1" index="0" bw="1" slack="0"/>
</pin_list>
<bind>
<StgValue><ssdm name=""/></StgValue>
</bind>
</comp>

<comp id="338" class="1001" name="const_338">
<pin_list>
<pin id="339" dir="1" index="0" bw="1" slack="0"/>
</pin_list>
<bind>
<StgValue><ssdm name=""/></StgValue>
</bind>
</comp>

<comp id="340" class="1001" name="const_340">
<pin_list>
<pin id="341" dir="1" index="0" bw="1" slack="0"/>
</pin_list>
<bind>
<StgValue><ssdm name=""/></StgValue>
</bind>
</comp>

<comp id="342" class="1001" name="const_342">
<pin_list>
<pin id="343" dir="1" index="0" bw="1" slack="0"/>
</pin_list>
<bind>
<StgValue><ssdm name=""/></StgValue>
</bind>
</comp>

<comp id="344" class="1001" name="const_344">
<pin_list>
<pin id="345" dir="1" index="0" bw="1" slack="0"/>
</pin_list>
<bind>
<StgValue><ssdm name=""/></StgValue>
</bind>
</comp>

<comp id="346" class="1001" name="const_346">
<pin_list>
<pin id="347" dir="1" index="0" bw="1" slack="0"/>
</pin_list>
<bind>
<StgValue><ssdm name=""/></StgValue>
</bind>
</comp>

<comp id="348" class="1001" name="const_348">
<pin_list>
<pin id="349" dir="1" index="0" bw="1" slack="0"/>
</pin_list>
<bind>
<StgValue><ssdm name=""/></StgValue>
</bind>
</comp>

<comp id="350" class="1001" name="const_350">
<pin_list>
<pin id="351" dir="1" index="0" bw="1" slack="0"/>
</pin_list>
<bind>
<StgValue><ssdm name=""/></StgValue>
</bind>
</comp>

<comp id="352" class="1001" name="const_352">
<pin_list>
<pin id="353" dir="1" index="0" bw="1" slack="0"/>
</pin_list>
<bind>
<StgValue><ssdm name=""/></StgValue>
</bind>
</comp>

<comp id="354" class="1001" name="const_354">
<pin_list>
<pin id="355" dir="1" index="0" bw="1" slack="0"/>
</pin_list>
<bind>
<StgValue><ssdm name=""/></StgValue>
</bind>
</comp>

<comp id="356" class="1001" name="const_356">
<pin_list>
<pin id="357" dir="1" index="0" bw="1" slack="0"/>
</pin_list>
<bind>
<StgValue><ssdm name=""/></StgValue>
</bind>
</comp>

<comp id="358" class="1001" name="const_358">
<pin_list>
<pin id="359" dir="1" index="0" bw="1" slack="0"/>
</pin_list>
<bind>
<StgValue><ssdm name=""/></StgValue>
</bind>
</comp>

<comp id="360" class="1001" name="const_360">
<pin_list>
<pin id="361" dir="1" index="0" bw="1" slack="0"/>
</pin_list>
<bind>
<StgValue><ssdm name=""/></StgValue>
</bind>
</comp>

<comp id="362" class="1001" name="const_362">
<pin_list>
<pin id="363" dir="1" index="0" bw="1" slack="0"/>
</pin_list>
<bind>
<StgValue><ssdm name=""/></StgValue>
</bind>
</comp>

<comp id="364" class="1001" name="const_364">
<pin_list>
<pin id="365" dir="1" index="0" bw="1" slack="0"/>
</pin_list>
<bind>
<StgValue><ssdm name=""/></StgValue>
</bind>
</comp>

<comp id="366" class="1001" name="const_366">
<pin_list>
<pin id="367" dir="1" index="0" bw="1" slack="0"/>
</pin_list>
<bind>
<StgValue><ssdm name=""/></StgValue>
</bind>
</comp>

<comp id="368" class="1001" name="const_368">
<pin_list>
<pin id="369" dir="1" index="0" bw="1" slack="0"/>
</pin_list>
<bind>
<StgValue><ssdm name="_ssdm_op_PartSelect.i14.i1024.i32.i32"/></StgValue>
</bind>
</comp>

<comp id="370" class="1001" name="const_370">
<pin_list>
<pin id="371" dir="1" index="0" bw="1" slack="0"/>
</pin_list>
<bind>
<StgValue><ssdm name=""/></StgValue>
</bind>
</comp>

<comp id="372" class="1001" name="const_372">
<pin_list>
<pin id="373" dir="1" index="0" bw="1" slack="0"/>
</pin_list>
<bind>
<StgValue><ssdm name=""/></StgValue>
</bind>
</comp>

<comp id="374" class="1001" name="const_374">
<pin_list>
<pin id="375" dir="1" index="0" bw="1" slack="0"/>
</pin_list>
<bind>
<StgValue><ssdm name="_ssdm_op_BitConcatenate.i26.i14.i12"/></StgValue>
</bind>
</comp>

<comp id="376" class="1001" name="const_376">
<pin_list>
<pin id="377" dir="1" index="0" bw="1" slack="0"/>
</pin_list>
<bind>
<StgValue><ssdm name=""/></StgValue>
</bind>
</comp>

<comp id="378" class="1001" name="const_378">
<pin_list>
<pin id="379" dir="1" index="0" bw="1" slack="0"/>
</pin_list>
<bind>
<StgValue><ssdm name=""/></StgValue>
</bind>
</comp>

<comp id="380" class="1001" name="const_380">
<pin_list>
<pin id="381" dir="1" index="0" bw="1" slack="0"/>
</pin_list>
<bind>
<StgValue><ssdm name="_ssdm_op_BitConcatenate.i21.i16.i5"/></StgValue>
</bind>
</comp>

<comp id="382" class="1001" name="const_382">
<pin_list>
<pin id="383" dir="1" index="0" bw="1" slack="0"/>
</pin_list>
<bind>
<StgValue><ssdm name=""/></StgValue>
</bind>
</comp>

<comp id="384" class="1001" name="const_384">
<pin_list>
<pin id="385" dir="1" index="0" bw="1" slack="0"/>
</pin_list>
<bind>
<StgValue><ssdm name=""/></StgValue>
</bind>
</comp>

<comp id="386" class="1001" name="const_386">
<pin_list>
<pin id="387" dir="1" index="0" bw="1" slack="0"/>
</pin_list>
<bind>
<StgValue><ssdm name="_ssdm_op_PartSelect.i16.i26.i32.i32"/></StgValue>
</bind>
</comp>

<comp id="388" class="1001" name="const_388">
<pin_list>
<pin id="389" dir="1" index="0" bw="1" slack="0"/>
</pin_list>
<bind>
<StgValue><ssdm name=""/></StgValue>
</bind>
</comp>

<comp id="390" class="1001" name="const_390">
<pin_list>
<pin id="391" dir="1" index="0" bw="1" slack="0"/>
</pin_list>
<bind>
<StgValue><ssdm name=""/></StgValue>
</bind>
</comp>

<comp id="392" class="1001" name="const_392">
<pin_list>
<pin id="393" dir="1" index="0" bw="1" slack="0"/>
</pin_list>
<bind>
<StgValue><ssdm name=""/></StgValue>
</bind>
</comp>

<comp id="394" class="1001" name="const_394">
<pin_list>
<pin id="395" dir="1" index="0" bw="1" slack="0"/>
</pin_list>
<bind>
<StgValue><ssdm name=""/></StgValue>
</bind>
</comp>

<comp id="396" class="1001" name="const_396">
<pin_list>
<pin id="397" dir="1" index="0" bw="1" slack="0"/>
</pin_list>
<bind>
<StgValue><ssdm name=""/></StgValue>
</bind>
</comp>

<comp id="398" class="1001" name="const_398">
<pin_list>
<pin id="399" dir="1" index="0" bw="1" slack="0"/>
</pin_list>
<bind>
<StgValue><ssdm name=""/></StgValue>
</bind>
</comp>

<comp id="400" class="1001" name="const_400">
<pin_list>
<pin id="401" dir="1" index="0" bw="1" slack="0"/>
</pin_list>
<bind>
<StgValue><ssdm name=""/></StgValue>
</bind>
</comp>

<comp id="402" class="1001" name="const_402">
<pin_list>
<pin id="403" dir="1" index="0" bw="1" slack="2147483647"/>
</pin_list>
<bind>
<StgValue><ssdm name="_ssdm_op_SpecInterface"/></StgValue>
</bind>
</comp>

<comp id="404" class="1001" name="const_404">
<pin_list>
<pin id="405" dir="1" index="0" bw="1" slack="2147483647"/>
</pin_list>
<bind>
<StgValue><ssdm name="empty_0"/></StgValue>
</bind>
</comp>

<comp id="406" class="1001" name="const_406">
<pin_list>
<pin id="407" dir="1" index="0" bw="1" slack="2147483647"/>
</pin_list>
<bind>
<StgValue><ssdm name=""/></StgValue>
</bind>
</comp>

<comp id="408" class="1001" name="const_408">
<pin_list>
<pin id="409" dir="1" index="0" bw="1" slack="2147483647"/>
</pin_list>
<bind>
<StgValue><ssdm name="empty_7"/></StgValue>
</bind>
</comp>

<comp id="410" class="1001" name="const_410">
<pin_list>
<pin id="411" dir="1" index="0" bw="1" slack="2147483647"/>
</pin_list>
<bind>
<StgValue><ssdm name=""/></StgValue>
</bind>
</comp>

<comp id="412" class="1001" name="const_412">
<pin_list>
<pin id="413" dir="1" index="0" bw="1" slack="2147483647"/>
</pin_list>
<bind>
<StgValue><ssdm name="_ssdm_op_SpecResourceLimit"/></StgValue>
</bind>
</comp>

<comp id="414" class="1001" name="const_414">
<pin_list>
<pin id="415" dir="1" index="0" bw="1" slack="2147483647"/>
</pin_list>
<bind>
<StgValue><ssdm name=""/></StgValue>
</bind>
</comp>

<comp id="416" class="1001" name="const_416">
<pin_list>
<pin id="417" dir="1" index="0" bw="1" slack="2147483647"/>
</pin_list>
<bind>
<StgValue><ssdm name="empty_11"/></StgValue>
</bind>
</comp>

<comp id="418" class="1001" name="const_418">
<pin_list>
<pin id="419" dir="1" index="0" bw="1" slack="0"/>
</pin_list>
<bind>
<StgValue><ssdm name=""/></StgValue>
</bind>
</comp>

<comp id="420" class="1001" name="const_420">
<pin_list>
<pin id="421" dir="1" index="0" bw="1" slack="0"/>
</pin_list>
<bind>
<StgValue><ssdm name=""/></StgValue>
</bind>
</comp>

<comp id="422" class="1001" name="const_422">
<pin_list>
<pin id="423" dir="1" index="0" bw="1" slack="0"/>
</pin_list>
<bind>
<StgValue><ssdm name=""/></StgValue>
</bind>
</comp>

<comp id="424" class="1001" name="const_424">
<pin_list>
<pin id="425" dir="1" index="0" bw="1" slack="0"/>
</pin_list>
<bind>
<StgValue><ssdm name=""/></StgValue>
</bind>
</comp>

<comp id="426" class="1001" name="const_426">
<pin_list>
<pin id="427" dir="1" index="0" bw="1" slack="0"/>
</pin_list>
<bind>
<StgValue><ssdm name=""/></StgValue>
</bind>
</comp>

<comp id="428" class="1001" name="const_428">
<pin_list>
<pin id="429" dir="1" index="0" bw="1" slack="0"/>
</pin_list>
<bind>
<StgValue><ssdm name=""/></StgValue>
</bind>
</comp>

<comp id="430" class="1001" name="const_430">
<pin_list>
<pin id="431" dir="1" index="0" bw="1" slack="0"/>
</pin_list>
<bind>
<StgValue><ssdm name=""/></StgValue>
</bind>
</comp>

<comp id="432" class="1001" name="const_432">
<pin_list>
<pin id="433" dir="1" index="0" bw="1" slack="0"/>
</pin_list>
<bind>
<StgValue><ssdm name=""/></StgValue>
</bind>
</comp>

<comp id="434" class="1001" name="const_434">
<pin_list>
<pin id="435" dir="1" index="0" bw="1" slack="0"/>
</pin_list>
<bind>
<StgValue><ssdm name=""/></StgValue>
</bind>
</comp>

<comp id="436" class="1001" name="const_436">
<pin_list>
<pin id="437" dir="1" index="0" bw="1" slack="0"/>
</pin_list>
<bind>
<StgValue><ssdm name=""/></StgValue>
</bind>
</comp>

<comp id="438" class="1001" name="const_438">
<pin_list>
<pin id="439" dir="1" index="0" bw="1" slack="0"/>
</pin_list>
<bind>
<StgValue><ssdm name=""/></StgValue>
</bind>
</comp>

<comp id="440" class="1001" name="const_440">
<pin_list>
<pin id="441" dir="1" index="0" bw="1" slack="0"/>
</pin_list>
<bind>
<StgValue><ssdm name=""/></StgValue>
</bind>
</comp>

<comp id="442" class="1001" name="const_442">
<pin_list>
<pin id="443" dir="1" index="0" bw="1" slack="0"/>
</pin_list>
<bind>
<StgValue><ssdm name=""/></StgValue>
</bind>
</comp>

<comp id="444" class="1001" name="const_444">
<pin_list>
<pin id="445" dir="1" index="0" bw="1" slack="0"/>
</pin_list>
<bind>
<StgValue><ssdm name=""/></StgValue>
</bind>
</comp>

<comp id="446" class="1001" name="const_446">
<pin_list>
<pin id="447" dir="1" index="0" bw="1" slack="0"/>
</pin_list>
<bind>
<StgValue><ssdm name=""/></StgValue>
</bind>
</comp>

<comp id="448" class="1001" name="const_448">
<pin_list>
<pin id="449" dir="1" index="0" bw="1" slack="0"/>
</pin_list>
<bind>
<StgValue><ssdm name=""/></StgValue>
</bind>
</comp>

<comp id="450" class="1001" name="const_450">
<pin_list>
<pin id="451" dir="1" index="0" bw="1" slack="0"/>
</pin_list>
<bind>
<StgValue><ssdm name=""/></StgValue>
</bind>
</comp>

<comp id="452" class="1001" name="const_452">
<pin_list>
<pin id="453" dir="1" index="0" bw="1" slack="0"/>
</pin_list>
<bind>
<StgValue><ssdm name=""/></StgValue>
</bind>
</comp>

<comp id="454" class="1001" name="const_454">
<pin_list>
<pin id="455" dir="1" index="0" bw="1" slack="0"/>
</pin_list>
<bind>
<StgValue><ssdm name=""/></StgValue>
</bind>
</comp>

<comp id="456" class="1001" name="const_456">
<pin_list>
<pin id="457" dir="1" index="0" bw="1" slack="0"/>
</pin_list>
<bind>
<StgValue><ssdm name=""/></StgValue>
</bind>
</comp>

<comp id="458" class="1001" name="const_458">
<pin_list>
<pin id="459" dir="1" index="0" bw="1" slack="0"/>
</pin_list>
<bind>
<StgValue><ssdm name=""/></StgValue>
</bind>
</comp>

<comp id="460" class="1001" name="const_460">
<pin_list>
<pin id="461" dir="1" index="0" bw="1" slack="0"/>
</pin_list>
<bind>
<StgValue><ssdm name=""/></StgValue>
</bind>
</comp>

<comp id="462" class="1001" name="const_462">
<pin_list>
<pin id="463" dir="1" index="0" bw="1" slack="0"/>
</pin_list>
<bind>
<StgValue><ssdm name=""/></StgValue>
</bind>
</comp>

<comp id="464" class="1001" name="const_464">
<pin_list>
<pin id="465" dir="1" index="0" bw="1" slack="0"/>
</pin_list>
<bind>
<StgValue><ssdm name=""/></StgValue>
</bind>
</comp>

<comp id="466" class="1001" name="const_466">
<pin_list>
<pin id="467" dir="1" index="0" bw="1" slack="0"/>
</pin_list>
<bind>
<StgValue><ssdm name=""/></StgValue>
</bind>
</comp>

<comp id="468" class="1001" name="const_468">
<pin_list>
<pin id="469" dir="1" index="0" bw="1" slack="0"/>
</pin_list>
<bind>
<StgValue><ssdm name=""/></StgValue>
</bind>
</comp>

<comp id="470" class="1001" name="const_470">
<pin_list>
<pin id="471" dir="1" index="0" bw="1" slack="0"/>
</pin_list>
<bind>
<StgValue><ssdm name=""/></StgValue>
</bind>
</comp>

<comp id="472" class="1001" name="const_472">
<pin_list>
<pin id="473" dir="1" index="0" bw="1" slack="0"/>
</pin_list>
<bind>
<StgValue><ssdm name=""/></StgValue>
</bind>
</comp>

<comp id="474" class="1001" name="const_474">
<pin_list>
<pin id="475" dir="1" index="0" bw="1" slack="0"/>
</pin_list>
<bind>
<StgValue><ssdm name=""/></StgValue>
</bind>
</comp>

<comp id="476" class="1001" name="const_476">
<pin_list>
<pin id="477" dir="1" index="0" bw="1" slack="0"/>
</pin_list>
<bind>
<StgValue><ssdm name=""/></StgValue>
</bind>
</comp>

<comp id="478" class="1001" name="const_478">
<pin_list>
<pin id="479" dir="1" index="0" bw="1" slack="0"/>
</pin_list>
<bind>
<StgValue><ssdm name=""/></StgValue>
</bind>
</comp>

<comp id="480" class="1001" name="const_480">
<pin_list>
<pin id="481" dir="1" index="0" bw="1" slack="0"/>
</pin_list>
<bind>
<StgValue><ssdm name=""/></StgValue>
</bind>
</comp>

<comp id="482" class="1001" name="const_482">
<pin_list>
<pin id="483" dir="1" index="0" bw="1" slack="0"/>
</pin_list>
<bind>
<StgValue><ssdm name=""/></StgValue>
</bind>
</comp>

<comp id="484" class="1001" name="const_484">
<pin_list>
<pin id="485" dir="1" index="0" bw="1" slack="0"/>
</pin_list>
<bind>
<StgValue><ssdm name=""/></StgValue>
</bind>
</comp>

<comp id="486" class="1001" name="const_486">
<pin_list>
<pin id="487" dir="1" index="0" bw="1" slack="0"/>
</pin_list>
<bind>
<StgValue><ssdm name=""/></StgValue>
</bind>
</comp>

<comp id="488" class="1001" name="const_488">
<pin_list>
<pin id="489" dir="1" index="0" bw="1" slack="0"/>
</pin_list>
<bind>
<StgValue><ssdm name=""/></StgValue>
</bind>
</comp>

<comp id="490" class="1001" name="const_490">
<pin_list>
<pin id="491" dir="1" index="0" bw="1" slack="0"/>
</pin_list>
<bind>
<StgValue><ssdm name=""/></StgValue>
</bind>
</comp>

<comp id="492" class="1001" name="const_492">
<pin_list>
<pin id="493" dir="1" index="0" bw="1" slack="0"/>
</pin_list>
<bind>
<StgValue><ssdm name=""/></StgValue>
</bind>
</comp>

<comp id="494" class="1001" name="const_494">
<pin_list>
<pin id="495" dir="1" index="0" bw="1" slack="0"/>
</pin_list>
<bind>
<StgValue><ssdm name=""/></StgValue>
</bind>
</comp>

<comp id="496" class="1001" name="const_496">
<pin_list>
<pin id="497" dir="1" index="0" bw="1" slack="0"/>
</pin_list>
<bind>
<StgValue><ssdm name=""/></StgValue>
</bind>
</comp>

<comp id="498" class="1001" name="const_498">
<pin_list>
<pin id="499" dir="1" index="0" bw="1" slack="0"/>
</pin_list>
<bind>
<StgValue><ssdm name=""/></StgValue>
</bind>
</comp>

<comp id="500" class="1001" name="const_500">
<pin_list>
<pin id="501" dir="1" index="0" bw="1" slack="0"/>
</pin_list>
<bind>
<StgValue><ssdm name=""/></StgValue>
</bind>
</comp>

<comp id="502" class="1001" name="const_502">
<pin_list>
<pin id="503" dir="1" index="0" bw="1" slack="0"/>
</pin_list>
<bind>
<StgValue><ssdm name=""/></StgValue>
</bind>
</comp>

<comp id="504" class="1001" name="const_504">
<pin_list>
<pin id="505" dir="1" index="0" bw="1" slack="0"/>
</pin_list>
<bind>
<StgValue><ssdm name=""/></StgValue>
</bind>
</comp>

<comp id="506" class="1001" name="const_506">
<pin_list>
<pin id="507" dir="1" index="0" bw="1" slack="0"/>
</pin_list>
<bind>
<StgValue><ssdm name=""/></StgValue>
</bind>
</comp>

<comp id="508" class="1001" name="const_508">
<pin_list>
<pin id="509" dir="1" index="0" bw="1" slack="0"/>
</pin_list>
<bind>
<StgValue><ssdm name=""/></StgValue>
</bind>
</comp>

<comp id="510" class="1001" name="const_510">
<pin_list>
<pin id="511" dir="1" index="0" bw="1" slack="0"/>
</pin_list>
<bind>
<StgValue><ssdm name=""/></StgValue>
</bind>
</comp>

<comp id="512" class="1001" name="const_512">
<pin_list>
<pin id="513" dir="1" index="0" bw="1" slack="0"/>
</pin_list>
<bind>
<StgValue><ssdm name=""/></StgValue>
</bind>
</comp>

<comp id="514" class="1001" name="const_514">
<pin_list>
<pin id="515" dir="1" index="0" bw="1" slack="0"/>
</pin_list>
<bind>
<StgValue><ssdm name=""/></StgValue>
</bind>
</comp>

<comp id="516" class="1001" name="const_516">
<pin_list>
<pin id="517" dir="1" index="0" bw="1" slack="0"/>
</pin_list>
<bind>
<StgValue><ssdm name=""/></StgValue>
</bind>
</comp>

<comp id="518" class="1001" name="const_518">
<pin_list>
<pin id="519" dir="1" index="0" bw="1" slack="0"/>
</pin_list>
<bind>
<StgValue><ssdm name=""/></StgValue>
</bind>
</comp>

<comp id="520" class="1001" name="const_520">
<pin_list>
<pin id="521" dir="1" index="0" bw="1" slack="0"/>
</pin_list>
<bind>
<StgValue><ssdm name=""/></StgValue>
</bind>
</comp>

<comp id="522" class="1001" name="const_522">
<pin_list>
<pin id="523" dir="1" index="0" bw="1" slack="0"/>
</pin_list>
<bind>
<StgValue><ssdm name=""/></StgValue>
</bind>
</comp>

<comp id="524" class="1001" name="const_524">
<pin_list>
<pin id="525" dir="1" index="0" bw="1" slack="0"/>
</pin_list>
<bind>
<StgValue><ssdm name=""/></StgValue>
</bind>
</comp>

<comp id="526" class="1001" name="const_526">
<pin_list>
<pin id="527" dir="1" index="0" bw="1" slack="0"/>
</pin_list>
<bind>
<StgValue><ssdm name=""/></StgValue>
</bind>
</comp>

<comp id="528" class="1001" name="const_528">
<pin_list>
<pin id="529" dir="1" index="0" bw="1" slack="0"/>
</pin_list>
<bind>
<StgValue><ssdm name=""/></StgValue>
</bind>
</comp>

<comp id="530" class="1001" name="const_530">
<pin_list>
<pin id="531" dir="1" index="0" bw="1" slack="0"/>
</pin_list>
<bind>
<StgValue><ssdm name=""/></StgValue>
</bind>
</comp>

<comp id="532" class="1001" name="const_532">
<pin_list>
<pin id="533" dir="1" index="0" bw="1" slack="0"/>
</pin_list>
<bind>
<StgValue><ssdm name=""/></StgValue>
</bind>
</comp>

<comp id="534" class="1001" name="const_534">
<pin_list>
<pin id="535" dir="1" index="0" bw="1" slack="0"/>
</pin_list>
<bind>
<StgValue><ssdm name=""/></StgValue>
</bind>
</comp>

<comp id="536" class="1001" name="const_536">
<pin_list>
<pin id="537" dir="1" index="0" bw="1" slack="0"/>
</pin_list>
<bind>
<StgValue><ssdm name=""/></StgValue>
</bind>
</comp>

<comp id="538" class="1001" name="const_538">
<pin_list>
<pin id="539" dir="1" index="0" bw="1" slack="0"/>
</pin_list>
<bind>
<StgValue><ssdm name=""/></StgValue>
</bind>
</comp>

<comp id="540" class="1001" name="const_540">
<pin_list>
<pin id="541" dir="1" index="0" bw="1" slack="0"/>
</pin_list>
<bind>
<StgValue><ssdm name=""/></StgValue>
</bind>
</comp>

<comp id="542" class="1001" name="const_542">
<pin_list>
<pin id="543" dir="1" index="0" bw="1" slack="0"/>
</pin_list>
<bind>
<StgValue><ssdm name="_ssdm_op_BitConcatenate.i1024.i16.i16.i16.i16.i16.i16.i16.i16.i16.i16.i16.i16.i16.i16.i16.i16.i16.i16.i16.i16.i16.i16.i16.i16.i16.i16.i16.i16.i16.i16.i16.i16.i16.i16.i16.i16.i16.i16.i16.i16.i16.i16.i16.i16.i16.i16.i16.i16.i16.i16.i16.i16.i16.i16.i16.i16.i16.i16.i16.i16.i16.i16.i16.i16"/></StgValue>
</bind>
</comp>

<comp id="544" class="1001" name="const_544">
<pin_list>
<pin id="545" dir="1" index="0" bw="1" slack="0"/>
</pin_list>
<bind>
<StgValue><ssdm name="_ssdm_op_Write.ap_fifo.volatile.i1024P0A"/></StgValue>
</bind>
</comp>

<comp id="546" class="1004" name="layer19_out_read_read_fu_546">
<pin_list>
<pin id="547" dir="0" index="0" bw="1024" slack="0"/>
<pin id="548" dir="0" index="1" bw="1024" slack="0"/>
<pin id="549" dir="1" index="2" bw="1024" slack="0"/>
</pin_list>
<bind>
<opcode="read(1150) " fcode="read"/>
<opset="layer19_out_read/1 "/>
</bind>
</comp>

<comp id="552" class="1004" name="write_ln46_write_fu_552">
<pin_list>
<pin id="553" dir="0" index="0" bw="0" slack="0"/>
<pin id="554" dir="0" index="1" bw="1024" slack="0"/>
<pin id="555" dir="0" index="2" bw="1024" slack="0"/>
<pin id="556" dir="1" index="3" bw="0" slack="2147483647"/>
</pin_list>
<bind>
<opcode="write(1151) " fcode="write"/>
<opset="write_ln46/2 "/>
</bind>
</comp>

<comp id="559" class="1004" name="mul_ln1347_6_fu_559">
<pin_list>
<pin id="16775" dir="0" index="0" bw="16" slack="0"/>
<pin id="16776" dir="0" index="1" bw="13" slack="0"/>
<pin id="16777" dir="1" index="2" bw="26" slack="1"/>
</pin_list>
<bind>
<opcode="mul(12) " fcode="mul"/>
<opset="mul_ln1347_6/1 "/>
</bind>
</comp>

<comp id="560" class="1004" name="mul_ln1347_47_fu_560">
<pin_list>
<pin id="16939" dir="0" index="0" bw="16" slack="0"/>
<pin id="16940" dir="0" index="1" bw="14" slack="0"/>
<pin id="16941" dir="1" index="2" bw="26" slack="1"/>
</pin_list>
<bind>
<opcode="mul(12) " fcode="mul"/>
<opset="mul_ln1347_47/1 "/>
</bind>
</comp>

<comp id="561" class="1004" name="mul_ln1347_16_fu_561">
<pin_list>
<pin id="16815" dir="0" index="0" bw="16" slack="0"/>
<pin id="16816" dir="0" index="1" bw="14" slack="0"/>
<pin id="16817" dir="1" index="2" bw="26" slack="1"/>
</pin_list>
<bind>
<opcode="mul(12) " fcode="mul"/>
<opset="mul_ln1347_16/1 "/>
</bind>
</comp>

<comp id="562" class="1004" name="mul_ln1347_62_fu_562">
<pin_list>
<pin id="16999" dir="0" index="0" bw="16" slack="0"/>
<pin id="17000" dir="0" index="1" bw="13" slack="0"/>
<pin id="17001" dir="1" index="2" bw="26" slack="1"/>
</pin_list>
<bind>
<opcode="mul(12) " fcode="mul"/>
<opset="mul_ln1347_62/1 "/>
</bind>
</comp>

<comp id="563" class="1004" name="mul_ln1347_52_fu_563">
<pin_list>
<pin id="16959" dir="0" index="0" bw="16" slack="0"/>
<pin id="16960" dir="0" index="1" bw="13" slack="0"/>
<pin id="16961" dir="1" index="2" bw="26" slack="1"/>
</pin_list>
<bind>
<opcode="mul(12) " fcode="mul"/>
<opset="mul_ln1347_52/1 "/>
</bind>
</comp>

<comp id="564" class="1004" name="mul_ln1347_27_fu_564">
<pin_list>
<pin id="16859" dir="0" index="0" bw="16" slack="0"/>
<pin id="16860" dir="0" index="1" bw="14" slack="0"/>
<pin id="16861" dir="1" index="2" bw="26" slack="1"/>
</pin_list>
<bind>
<opcode="mul(12) " fcode="mul"/>
<opset="mul_ln1347_27/1 "/>
</bind>
</comp>

<comp id="565" class="1004" name="mul_ln1347_12_fu_565">
<pin_list>
<pin id="16799" dir="0" index="0" bw="16" slack="0"/>
<pin id="16800" dir="0" index="1" bw="14" slack="0"/>
<pin id="16801" dir="1" index="2" bw="26" slack="1"/>
</pin_list>
<bind>
<opcode="mul(12) " fcode="mul"/>
<opset="mul_ln1347_12/1 "/>
</bind>
</comp>

<comp id="566" class="1004" name="mul_ln1347_37_fu_566">
<pin_list>
<pin id="16899" dir="0" index="0" bw="16" slack="0"/>
<pin id="16900" dir="0" index="1" bw="14" slack="0"/>
<pin id="16901" dir="1" index="2" bw="26" slack="1"/>
</pin_list>
<bind>
<opcode="mul(12) " fcode="mul"/>
<opset="mul_ln1347_37/1 "/>
</bind>
</comp>

<comp id="567" class="1004" name="mul_ln1347_33_fu_567">
<pin_list>
<pin id="16883" dir="0" index="0" bw="16" slack="0"/>
<pin id="16884" dir="0" index="1" bw="14" slack="0"/>
<pin id="16885" dir="1" index="2" bw="26" slack="1"/>
</pin_list>
<bind>
<opcode="mul(12) " fcode="mul"/>
<opset="mul_ln1347_33/1 "/>
</bind>
</comp>

<comp id="568" class="1004" name="mul_ln1347_8_fu_568">
<pin_list>
<pin id="16783" dir="0" index="0" bw="16" slack="0"/>
<pin id="16784" dir="0" index="1" bw="13" slack="0"/>
<pin id="16785" dir="1" index="2" bw="26" slack="1"/>
</pin_list>
<bind>
<opcode="mul(12) " fcode="mul"/>
<opset="mul_ln1347_8/1 "/>
</bind>
</comp>

<comp id="569" class="1004" name="mul_ln1347_4_fu_569">
<pin_list>
<pin id="16767" dir="0" index="0" bw="16" slack="0"/>
<pin id="16768" dir="0" index="1" bw="13" slack="0"/>
<pin id="16769" dir="1" index="2" bw="26" slack="1"/>
</pin_list>
<bind>
<opcode="mul(12) " fcode="mul"/>
<opset="mul_ln1347_4/1 "/>
</bind>
</comp>

<comp id="570" class="1004" name="mul_ln1347_38_fu_570">
<pin_list>
<pin id="16903" dir="0" index="0" bw="16" slack="0"/>
<pin id="16904" dir="0" index="1" bw="13" slack="0"/>
<pin id="16905" dir="1" index="2" bw="26" slack="1"/>
</pin_list>
<bind>
<opcode="mul(12) " fcode="mul"/>
<opset="mul_ln1347_38/1 "/>
</bind>
</comp>

<comp id="571" class="1004" name="mul_ln1347_18_fu_571">
<pin_list>
<pin id="16823" dir="0" index="0" bw="16" slack="0"/>
<pin id="16824" dir="0" index="1" bw="14" slack="0"/>
<pin id="16825" dir="1" index="2" bw="26" slack="1"/>
</pin_list>
<bind>
<opcode="mul(12) " fcode="mul"/>
<opset="mul_ln1347_18/1 "/>
</bind>
</comp>

<comp id="572" class="1004" name="mul_ln1347_36_fu_572">
<pin_list>
<pin id="16895" dir="0" index="0" bw="16" slack="0"/>
<pin id="16896" dir="0" index="1" bw="14" slack="0"/>
<pin id="16897" dir="1" index="2" bw="26" slack="1"/>
</pin_list>
<bind>
<opcode="mul(12) " fcode="mul"/>
<opset="mul_ln1347_36/1 "/>
</bind>
</comp>

<comp id="573" class="1004" name="mul_ln1347_9_fu_573">
<pin_list>
<pin id="16787" dir="0" index="0" bw="16" slack="0"/>
<pin id="16788" dir="0" index="1" bw="14" slack="0"/>
<pin id="16789" dir="1" index="2" bw="26" slack="1"/>
</pin_list>
<bind>
<opcode="mul(12) " fcode="mul"/>
<opset="mul_ln1347_9/1 "/>
</bind>
</comp>

<comp id="574" class="1004" name="mul_ln1347_48_fu_574">
<pin_list>
<pin id="16943" dir="0" index="0" bw="16" slack="0"/>
<pin id="16944" dir="0" index="1" bw="14" slack="0"/>
<pin id="16945" dir="1" index="2" bw="26" slack="1"/>
</pin_list>
<bind>
<opcode="mul(12) " fcode="mul"/>
<opset="mul_ln1347_48/1 "/>
</bind>
</comp>

<comp id="575" class="1004" name="mul_ln1347_2_fu_575">
<pin_list>
<pin id="16759" dir="0" index="0" bw="16" slack="0"/>
<pin id="16760" dir="0" index="1" bw="14" slack="0"/>
<pin id="16761" dir="1" index="2" bw="26" slack="1"/>
</pin_list>
<bind>
<opcode="mul(12) " fcode="mul"/>
<opset="mul_ln1347_2/1 "/>
</bind>
</comp>

<comp id="576" class="1004" name="mul_ln1347_17_fu_576">
<pin_list>
<pin id="16819" dir="0" index="0" bw="16" slack="0"/>
<pin id="16820" dir="0" index="1" bw="14" slack="0"/>
<pin id="16821" dir="1" index="2" bw="26" slack="1"/>
</pin_list>
<bind>
<opcode="mul(12) " fcode="mul"/>
<opset="mul_ln1347_17/1 "/>
</bind>
</comp>

<comp id="577" class="1004" name="mul_ln1347_29_fu_577">
<pin_list>
<pin id="16867" dir="0" index="0" bw="16" slack="0"/>
<pin id="16868" dir="0" index="1" bw="14" slack="0"/>
<pin id="16869" dir="1" index="2" bw="26" slack="1"/>
</pin_list>
<bind>
<opcode="mul(12) " fcode="mul"/>
<opset="mul_ln1347_29/1 "/>
</bind>
</comp>

<comp id="578" class="1004" name="mul_ln1347_30_fu_578">
<pin_list>
<pin id="16871" dir="0" index="0" bw="16" slack="0"/>
<pin id="16872" dir="0" index="1" bw="14" slack="0"/>
<pin id="16873" dir="1" index="2" bw="26" slack="1"/>
</pin_list>
<bind>
<opcode="mul(12) " fcode="mul"/>
<opset="mul_ln1347_30/1 "/>
</bind>
</comp>

<comp id="579" class="1004" name="mul_ln1347_53_fu_579">
<pin_list>
<pin id="16963" dir="0" index="0" bw="16" slack="0"/>
<pin id="16964" dir="0" index="1" bw="14" slack="0"/>
<pin id="16965" dir="1" index="2" bw="26" slack="1"/>
</pin_list>
<bind>
<opcode="mul(12) " fcode="mul"/>
<opset="mul_ln1347_53/1 "/>
</bind>
</comp>

<comp id="580" class="1004" name="mul_ln1347_fu_580">
<pin_list>
<pin id="16751" dir="0" index="0" bw="16" slack="0"/>
<pin id="16752" dir="0" index="1" bw="13" slack="0"/>
<pin id="16753" dir="1" index="2" bw="26" slack="1"/>
</pin_list>
<bind>
<opcode="mul(12) " fcode="mul"/>
<opset="mul_ln1347/1 "/>
</bind>
</comp>

<comp id="582" class="1004" name="mul_ln1347_50_fu_582">
<pin_list>
<pin id="16951" dir="0" index="0" bw="16" slack="0"/>
<pin id="16952" dir="0" index="1" bw="14" slack="0"/>
<pin id="16953" dir="1" index="2" bw="26" slack="1"/>
</pin_list>
<bind>
<opcode="mul(12) " fcode="mul"/>
<opset="mul_ln1347_50/1 "/>
</bind>
</comp>

<comp id="583" class="1004" name="mul_ln1347_51_fu_583">
<pin_list>
<pin id="16955" dir="0" index="0" bw="16" slack="0"/>
<pin id="16956" dir="0" index="1" bw="13" slack="0"/>
<pin id="16957" dir="1" index="2" bw="26" slack="1"/>
</pin_list>
<bind>
<opcode="mul(12) " fcode="mul"/>
<opset="mul_ln1347_51/1 "/>
</bind>
</comp>

<comp id="584" class="1004" name="mul_ln1347_15_fu_584">
<pin_list>
<pin id="16811" dir="0" index="0" bw="16" slack="0"/>
<pin id="16812" dir="0" index="1" bw="14" slack="0"/>
<pin id="16813" dir="1" index="2" bw="26" slack="1"/>
</pin_list>
<bind>
<opcode="mul(12) " fcode="mul"/>
<opset="mul_ln1347_15/1 "/>
</bind>
</comp>

<comp id="585" class="1004" name="mul_ln1347_49_fu_585">
<pin_list>
<pin id="16947" dir="0" index="0" bw="16" slack="0"/>
<pin id="16948" dir="0" index="1" bw="13" slack="0"/>
<pin id="16949" dir="1" index="2" bw="26" slack="1"/>
</pin_list>
<bind>
<opcode="mul(12) " fcode="mul"/>
<opset="mul_ln1347_49/1 "/>
</bind>
</comp>

<comp id="586" class="1004" name="mul_ln1347_55_fu_586">
<pin_list>
<pin id="16971" dir="0" index="0" bw="16" slack="0"/>
<pin id="16972" dir="0" index="1" bw="14" slack="0"/>
<pin id="16973" dir="1" index="2" bw="26" slack="1"/>
</pin_list>
<bind>
<opcode="mul(12) " fcode="mul"/>
<opset="mul_ln1347_55/1 "/>
</bind>
</comp>

<comp id="587" class="1004" name="mul_ln1347_19_fu_587">
<pin_list>
<pin id="16827" dir="0" index="0" bw="16" slack="0"/>
<pin id="16828" dir="0" index="1" bw="13" slack="0"/>
<pin id="16829" dir="1" index="2" bw="26" slack="1"/>
</pin_list>
<bind>
<opcode="mul(12) " fcode="mul"/>
<opset="mul_ln1347_19/1 "/>
</bind>
</comp>

<comp id="588" class="1004" name="mul_ln1347_21_fu_588">
<pin_list>
<pin id="16835" dir="0" index="0" bw="16" slack="0"/>
<pin id="16836" dir="0" index="1" bw="14" slack="0"/>
<pin id="16837" dir="1" index="2" bw="26" slack="1"/>
</pin_list>
<bind>
<opcode="mul(12) " fcode="mul"/>
<opset="mul_ln1347_21/1 "/>
</bind>
</comp>

<comp id="589" class="1004" name="mul_ln1347_56_fu_589">
<pin_list>
<pin id="16975" dir="0" index="0" bw="16" slack="0"/>
<pin id="16976" dir="0" index="1" bw="14" slack="0"/>
<pin id="16977" dir="1" index="2" bw="26" slack="1"/>
</pin_list>
<bind>
<opcode="mul(12) " fcode="mul"/>
<opset="mul_ln1347_56/1 "/>
</bind>
</comp>

<comp id="590" class="1004" name="mul_ln1347_45_fu_590">
<pin_list>
<pin id="16931" dir="0" index="0" bw="16" slack="0"/>
<pin id="16932" dir="0" index="1" bw="13" slack="0"/>
<pin id="16933" dir="1" index="2" bw="26" slack="1"/>
</pin_list>
<bind>
<opcode="mul(12) " fcode="mul"/>
<opset="mul_ln1347_45/1 "/>
</bind>
</comp>

<comp id="591" class="1004" name="mul_ln1347_41_fu_591">
<pin_list>
<pin id="16915" dir="0" index="0" bw="16" slack="0"/>
<pin id="16916" dir="0" index="1" bw="14" slack="0"/>
<pin id="16917" dir="1" index="2" bw="26" slack="1"/>
</pin_list>
<bind>
<opcode="mul(12) " fcode="mul"/>
<opset="mul_ln1347_41/1 "/>
</bind>
</comp>

<comp id="592" class="1004" name="mul_ln1347_31_fu_592">
<pin_list>
<pin id="16875" dir="0" index="0" bw="16" slack="0"/>
<pin id="16876" dir="0" index="1" bw="14" slack="0"/>
<pin id="16877" dir="1" index="2" bw="26" slack="1"/>
</pin_list>
<bind>
<opcode="mul(12) " fcode="mul"/>
<opset="mul_ln1347_31/1 "/>
</bind>
</comp>

<comp id="593" class="1004" name="mul_ln1347_46_fu_593">
<pin_list>
<pin id="16935" dir="0" index="0" bw="16" slack="0"/>
<pin id="16936" dir="0" index="1" bw="14" slack="0"/>
<pin id="16937" dir="1" index="2" bw="26" slack="1"/>
</pin_list>
<bind>
<opcode="mul(12) " fcode="mul"/>
<opset="mul_ln1347_46/1 "/>
</bind>
</comp>

<comp id="594" class="1004" name="mul_ln1347_43_fu_594">
<pin_list>
<pin id="16923" dir="0" index="0" bw="16" slack="0"/>
<pin id="16924" dir="0" index="1" bw="14" slack="0"/>
<pin id="16925" dir="1" index="2" bw="26" slack="1"/>
</pin_list>
<bind>
<opcode="mul(12) " fcode="mul"/>
<opset="mul_ln1347_43/1 "/>
</bind>
</comp>

<comp id="595" class="1004" name="mul_ln1347_14_fu_595">
<pin_list>
<pin id="16807" dir="0" index="0" bw="16" slack="0"/>
<pin id="16808" dir="0" index="1" bw="13" slack="0"/>
<pin id="16809" dir="1" index="2" bw="26" slack="1"/>
</pin_list>
<bind>
<opcode="mul(12) " fcode="mul"/>
<opset="mul_ln1347_14/1 "/>
</bind>
</comp>

<comp id="596" class="1004" name="mul_ln1347_60_fu_596">
<pin_list>
<pin id="16991" dir="0" index="0" bw="16" slack="0"/>
<pin id="16992" dir="0" index="1" bw="14" slack="0"/>
<pin id="16993" dir="1" index="2" bw="26" slack="1"/>
</pin_list>
<bind>
<opcode="mul(12) " fcode="mul"/>
<opset="mul_ln1347_60/1 "/>
</bind>
</comp>

<comp id="597" class="1004" name="mul_ln1347_54_fu_597">
<pin_list>
<pin id="16967" dir="0" index="0" bw="16" slack="0"/>
<pin id="16968" dir="0" index="1" bw="13" slack="0"/>
<pin id="16969" dir="1" index="2" bw="26" slack="1"/>
</pin_list>
<bind>
<opcode="mul(12) " fcode="mul"/>
<opset="mul_ln1347_54/1 "/>
</bind>
</comp>

<comp id="598" class="1004" name="mul_ln1347_39_fu_598">
<pin_list>
<pin id="16907" dir="0" index="0" bw="16" slack="0"/>
<pin id="16908" dir="0" index="1" bw="14" slack="0"/>
<pin id="16909" dir="1" index="2" bw="26" slack="1"/>
</pin_list>
<bind>
<opcode="mul(12) " fcode="mul"/>
<opset="mul_ln1347_39/1 "/>
</bind>
</comp>

<comp id="599" class="1004" name="mul_ln1347_42_fu_599">
<pin_list>
<pin id="16919" dir="0" index="0" bw="16" slack="0"/>
<pin id="16920" dir="0" index="1" bw="13" slack="0"/>
<pin id="16921" dir="1" index="2" bw="26" slack="1"/>
</pin_list>
<bind>
<opcode="mul(12) " fcode="mul"/>
<opset="mul_ln1347_42/1 "/>
</bind>
</comp>

<comp id="600" class="1004" name="mul_ln1347_40_fu_600">
<pin_list>
<pin id="16911" dir="0" index="0" bw="16" slack="0"/>
<pin id="16912" dir="0" index="1" bw="14" slack="0"/>
<pin id="16913" dir="1" index="2" bw="26" slack="1"/>
</pin_list>
<bind>
<opcode="mul(12) " fcode="mul"/>
<opset="mul_ln1347_40/1 "/>
</bind>
</comp>

<comp id="601" class="1004" name="mul_ln1347_28_fu_601">
<pin_list>
<pin id="16863" dir="0" index="0" bw="16" slack="0"/>
<pin id="16864" dir="0" index="1" bw="14" slack="0"/>
<pin id="16865" dir="1" index="2" bw="26" slack="1"/>
</pin_list>
<bind>
<opcode="mul(12) " fcode="mul"/>
<opset="mul_ln1347_28/1 "/>
</bind>
</comp>

<comp id="602" class="1004" name="mul_ln1347_23_fu_602">
<pin_list>
<pin id="16843" dir="0" index="0" bw="16" slack="0"/>
<pin id="16844" dir="0" index="1" bw="14" slack="0"/>
<pin id="16845" dir="1" index="2" bw="26" slack="1"/>
</pin_list>
<bind>
<opcode="mul(12) " fcode="mul"/>
<opset="mul_ln1347_23/1 "/>
</bind>
</comp>

<comp id="603" class="1004" name="mul_ln1347_32_fu_603">
<pin_list>
<pin id="16879" dir="0" index="0" bw="16" slack="0"/>
<pin id="16880" dir="0" index="1" bw="13" slack="0"/>
<pin id="16881" dir="1" index="2" bw="26" slack="1"/>
</pin_list>
<bind>
<opcode="mul(12) " fcode="mul"/>
<opset="mul_ln1347_32/1 "/>
</bind>
</comp>

<comp id="604" class="1004" name="mul_ln1347_26_fu_604">
<pin_list>
<pin id="16855" dir="0" index="0" bw="16" slack="0"/>
<pin id="16856" dir="0" index="1" bw="14" slack="0"/>
<pin id="16857" dir="1" index="2" bw="26" slack="1"/>
</pin_list>
<bind>
<opcode="mul(12) " fcode="mul"/>
<opset="mul_ln1347_26/1 "/>
</bind>
</comp>

<comp id="605" class="1004" name="mul_ln1347_58_fu_605">
<pin_list>
<pin id="16983" dir="0" index="0" bw="16" slack="0"/>
<pin id="16984" dir="0" index="1" bw="14" slack="0"/>
<pin id="16985" dir="1" index="2" bw="26" slack="1"/>
</pin_list>
<bind>
<opcode="mul(12) " fcode="mul"/>
<opset="mul_ln1347_58/1 "/>
</bind>
</comp>

<comp id="606" class="1004" name="mul_ln1347_3_fu_606">
<pin_list>
<pin id="16763" dir="0" index="0" bw="16" slack="0"/>
<pin id="16764" dir="0" index="1" bw="13" slack="0"/>
<pin id="16765" dir="1" index="2" bw="26" slack="1"/>
</pin_list>
<bind>
<opcode="mul(12) " fcode="mul"/>
<opset="mul_ln1347_3/1 "/>
</bind>
</comp>

<comp id="607" class="1004" name="mul_ln1347_22_fu_607">
<pin_list>
<pin id="16839" dir="0" index="0" bw="16" slack="0"/>
<pin id="16840" dir="0" index="1" bw="14" slack="0"/>
<pin id="16841" dir="1" index="2" bw="26" slack="1"/>
</pin_list>
<bind>
<opcode="mul(12) " fcode="mul"/>
<opset="mul_ln1347_22/1 "/>
</bind>
</comp>

<comp id="608" class="1004" name="mul_ln1347_34_fu_608">
<pin_list>
<pin id="16887" dir="0" index="0" bw="16" slack="0"/>
<pin id="16888" dir="0" index="1" bw="14" slack="0"/>
<pin id="16889" dir="1" index="2" bw="26" slack="1"/>
</pin_list>
<bind>
<opcode="mul(12) " fcode="mul"/>
<opset="mul_ln1347_34/1 "/>
</bind>
</comp>

<comp id="609" class="1004" name="mul_ln1347_61_fu_609">
<pin_list>
<pin id="16995" dir="0" index="0" bw="16" slack="0"/>
<pin id="16996" dir="0" index="1" bw="13" slack="0"/>
<pin id="16997" dir="1" index="2" bw="26" slack="1"/>
</pin_list>
<bind>
<opcode="mul(12) " fcode="mul"/>
<opset="mul_ln1347_61/1 "/>
</bind>
</comp>

<comp id="610" class="1004" name="mul_ln1347_13_fu_610">
<pin_list>
<pin id="16803" dir="0" index="0" bw="16" slack="0"/>
<pin id="16804" dir="0" index="1" bw="14" slack="0"/>
<pin id="16805" dir="1" index="2" bw="26" slack="1"/>
</pin_list>
<bind>
<opcode="mul(12) " fcode="mul"/>
<opset="mul_ln1347_13/1 "/>
</bind>
</comp>

<comp id="611" class="1004" name="mul_ln1347_5_fu_611">
<pin_list>
<pin id="16771" dir="0" index="0" bw="16" slack="0"/>
<pin id="16772" dir="0" index="1" bw="14" slack="0"/>
<pin id="16773" dir="1" index="2" bw="26" slack="1"/>
</pin_list>
<bind>
<opcode="mul(12) " fcode="mul"/>
<opset="mul_ln1347_5/1 "/>
</bind>
</comp>

<comp id="612" class="1004" name="mul_ln1347_11_fu_612">
<pin_list>
<pin id="16795" dir="0" index="0" bw="16" slack="0"/>
<pin id="16796" dir="0" index="1" bw="14" slack="0"/>
<pin id="16797" dir="1" index="2" bw="26" slack="1"/>
</pin_list>
<bind>
<opcode="mul(12) " fcode="mul"/>
<opset="mul_ln1347_11/1 "/>
</bind>
</comp>

<comp id="613" class="1004" name="mul_ln1347_59_fu_613">
<pin_list>
<pin id="16987" dir="0" index="0" bw="16" slack="0"/>
<pin id="16988" dir="0" index="1" bw="13" slack="0"/>
<pin id="16989" dir="1" index="2" bw="26" slack="1"/>
</pin_list>
<bind>
<opcode="mul(12) " fcode="mul"/>
<opset="mul_ln1347_59/1 "/>
</bind>
</comp>

<comp id="614" class="1004" name="mul_ln1347_24_fu_614">
<pin_list>
<pin id="16847" dir="0" index="0" bw="16" slack="0"/>
<pin id="16848" dir="0" index="1" bw="14" slack="0"/>
<pin id="16849" dir="1" index="2" bw="26" slack="1"/>
</pin_list>
<bind>
<opcode="mul(12) " fcode="mul"/>
<opset="mul_ln1347_24/1 "/>
</bind>
</comp>

<comp id="615" class="1004" name="mul_ln1347_25_fu_615">
<pin_list>
<pin id="16851" dir="0" index="0" bw="16" slack="0"/>
<pin id="16852" dir="0" index="1" bw="14" slack="0"/>
<pin id="16853" dir="1" index="2" bw="26" slack="1"/>
</pin_list>
<bind>
<opcode="mul(12) " fcode="mul"/>
<opset="mul_ln1347_25/1 "/>
</bind>
</comp>

<comp id="616" class="1004" name="mul_ln1347_7_fu_616">
<pin_list>
<pin id="16779" dir="0" index="0" bw="16" slack="0"/>
<pin id="16780" dir="0" index="1" bw="14" slack="0"/>
<pin id="16781" dir="1" index="2" bw="26" slack="1"/>
</pin_list>
<bind>
<opcode="mul(12) " fcode="mul"/>
<opset="mul_ln1347_7/1 "/>
</bind>
</comp>

<comp id="617" class="1004" name="mul_ln1347_44_fu_617">
<pin_list>
<pin id="16927" dir="0" index="0" bw="16" slack="0"/>
<pin id="16928" dir="0" index="1" bw="13" slack="0"/>
<pin id="16929" dir="1" index="2" bw="26" slack="1"/>
</pin_list>
<bind>
<opcode="mul(12) " fcode="mul"/>
<opset="mul_ln1347_44/1 "/>
</bind>
</comp>

<comp id="618" class="1004" name="mul_ln1347_57_fu_618">
<pin_list>
<pin id="16979" dir="0" index="0" bw="16" slack="0"/>
<pin id="16980" dir="0" index="1" bw="14" slack="0"/>
<pin id="16981" dir="1" index="2" bw="26" slack="1"/>
</pin_list>
<bind>
<opcode="mul(12) " fcode="mul"/>
<opset="mul_ln1347_57/1 "/>
</bind>
</comp>

<comp id="619" class="1004" name="mul_ln1347_1_fu_619">
<pin_list>
<pin id="16755" dir="0" index="0" bw="16" slack="0"/>
<pin id="16756" dir="0" index="1" bw="14" slack="0"/>
<pin id="16757" dir="1" index="2" bw="26" slack="1"/>
</pin_list>
<bind>
<opcode="mul(12) " fcode="mul"/>
<opset="mul_ln1347_1/1 "/>
</bind>
</comp>

<comp id="620" class="1004" name="mul_ln1347_20_fu_620">
<pin_list>
<pin id="16831" dir="0" index="0" bw="16" slack="0"/>
<pin id="16832" dir="0" index="1" bw="14" slack="0"/>
<pin id="16833" dir="1" index="2" bw="26" slack="1"/>
</pin_list>
<bind>
<opcode="mul(12) " fcode="mul"/>
<opset="mul_ln1347_20/1 "/>
</bind>
</comp>

<comp id="621" class="1004" name="mul_ln1347_10_fu_621">
<pin_list>
<pin id="16791" dir="0" index="0" bw="16" slack="0"/>
<pin id="16792" dir="0" index="1" bw="14" slack="0"/>
<pin id="16793" dir="1" index="2" bw="26" slack="1"/>
</pin_list>
<bind>
<opcode="mul(12) " fcode="mul"/>
<opset="mul_ln1347_10/1 "/>
</bind>
</comp>

<comp id="622" class="1004" name="mul_ln1347_35_fu_622">
<pin_list>
<pin id="16891" dir="0" index="0" bw="16" slack="0"/>
<pin id="16892" dir="0" index="1" bw="14" slack="0"/>
<pin id="16893" dir="1" index="2" bw="26" slack="1"/>
</pin_list>
<bind>
<opcode="mul(12) " fcode="mul"/>
<opset="mul_ln1347_35/1 "/>
</bind>
</comp>

<comp id="17003" class="1005" name="mul_ln1347_reg_17003">
<pin_list>
<pin id="17004" dir="0" index="0" bw="26" slack="1"/>
<pin id="17005" dir="1" index="1" bw="26" slack="1"/>
</pin_list>
<bind>
<opset="mul_ln1347 "/>
</bind>
</comp>

<comp id="17007" class="1005" name="mul_ln1347_1_reg_17007">
<pin_list>
<pin id="17008" dir="0" index="0" bw="26" slack="1"/>
<pin id="17009" dir="1" index="1" bw="26" slack="1"/>
</pin_list>
<bind>
<opset="mul_ln1347_1 "/>
</bind>
</comp>

<comp id="17011" class="1005" name="mul_ln1347_2_reg_17011">
<pin_list>
<pin id="17012" dir="0" index="0" bw="26" slack="1"/>
<pin id="17013" dir="1" index="1" bw="26" slack="1"/>
</pin_list>
<bind>
<opset="mul_ln1347_2 "/>
</bind>
</comp>

<comp id="17015" class="1005" name="mul_ln1347_3_reg_17015">
<pin_list>
<pin id="17016" dir="0" index="0" bw="26" slack="1"/>
<pin id="17017" dir="1" index="1" bw="26" slack="1"/>
</pin_list>
<bind>
<opset="mul_ln1347_3 "/>
</bind>
</comp>

<comp id="17019" class="1005" name="mul_ln1347_4_reg_17019">
<pin_list>
<pin id="17020" dir="0" index="0" bw="26" slack="1"/>
<pin id="17021" dir="1" index="1" bw="26" slack="1"/>
</pin_list>
<bind>
<opset="mul_ln1347_4 "/>
</bind>
</comp>

<comp id="17023" class="1005" name="mul_ln1347_5_reg_17023">
<pin_list>
<pin id="17024" dir="0" index="0" bw="26" slack="1"/>
<pin id="17025" dir="1" index="1" bw="26" slack="1"/>
</pin_list>
<bind>
<opset="mul_ln1347_5 "/>
</bind>
</comp>

<comp id="17027" class="1005" name="mul_ln1347_6_reg_17027">
<pin_list>
<pin id="17028" dir="0" index="0" bw="26" slack="1"/>
<pin id="17029" dir="1" index="1" bw="26" slack="1"/>
</pin_list>
<bind>
<opset="mul_ln1347_6 "/>
</bind>
</comp>

<comp id="17031" class="1005" name="mul_ln1347_7_reg_17031">
<pin_list>
<pin id="17032" dir="0" index="0" bw="26" slack="1"/>
<pin id="17033" dir="1" index="1" bw="26" slack="1"/>
</pin_list>
<bind>
<opset="mul_ln1347_7 "/>
</bind>
</comp>

<comp id="17035" class="1005" name="mul_ln1347_8_reg_17035">
<pin_list>
<pin id="17036" dir="0" index="0" bw="26" slack="1"/>
<pin id="17037" dir="1" index="1" bw="26" slack="1"/>
</pin_list>
<bind>
<opset="mul_ln1347_8 "/>
</bind>
</comp>

<comp id="17039" class="1005" name="mul_ln1347_9_reg_17039">
<pin_list>
<pin id="17040" dir="0" index="0" bw="26" slack="1"/>
<pin id="17041" dir="1" index="1" bw="26" slack="1"/>
</pin_list>
<bind>
<opset="mul_ln1347_9 "/>
</bind>
</comp>

<comp id="17043" class="1005" name="mul_ln1347_10_reg_17043">
<pin_list>
<pin id="17044" dir="0" index="0" bw="26" slack="1"/>
<pin id="17045" dir="1" index="1" bw="26" slack="1"/>
</pin_list>
<bind>
<opset="mul_ln1347_10 "/>
</bind>
</comp>

<comp id="17047" class="1005" name="mul_ln1347_11_reg_17047">
<pin_list>
<pin id="17048" dir="0" index="0" bw="26" slack="1"/>
<pin id="17049" dir="1" index="1" bw="26" slack="1"/>
</pin_list>
<bind>
<opset="mul_ln1347_11 "/>
</bind>
</comp>

<comp id="17051" class="1005" name="mul_ln1347_12_reg_17051">
<pin_list>
<pin id="17052" dir="0" index="0" bw="26" slack="1"/>
<pin id="17053" dir="1" index="1" bw="26" slack="1"/>
</pin_list>
<bind>
<opset="mul_ln1347_12 "/>
</bind>
</comp>

<comp id="17055" class="1005" name="mul_ln1347_13_reg_17055">
<pin_list>
<pin id="17056" dir="0" index="0" bw="26" slack="1"/>
<pin id="17057" dir="1" index="1" bw="26" slack="1"/>
</pin_list>
<bind>
<opset="mul_ln1347_13 "/>
</bind>
</comp>

<comp id="17059" class="1005" name="mul_ln1347_14_reg_17059">
<pin_list>
<pin id="17060" dir="0" index="0" bw="26" slack="1"/>
<pin id="17061" dir="1" index="1" bw="26" slack="1"/>
</pin_list>
<bind>
<opset="mul_ln1347_14 "/>
</bind>
</comp>

<comp id="17063" class="1005" name="mul_ln1347_15_reg_17063">
<pin_list>
<pin id="17064" dir="0" index="0" bw="26" slack="1"/>
<pin id="17065" dir="1" index="1" bw="26" slack="1"/>
</pin_list>
<bind>
<opset="mul_ln1347_15 "/>
</bind>
</comp>

<comp id="17067" class="1005" name="mul_ln1347_16_reg_17067">
<pin_list>
<pin id="17068" dir="0" index="0" bw="26" slack="1"/>
<pin id="17069" dir="1" index="1" bw="26" slack="1"/>
</pin_list>
<bind>
<opset="mul_ln1347_16 "/>
</bind>
</comp>

<comp id="17071" class="1005" name="mul_ln1347_17_reg_17071">
<pin_list>
<pin id="17072" dir="0" index="0" bw="26" slack="1"/>
<pin id="17073" dir="1" index="1" bw="26" slack="1"/>
</pin_list>
<bind>
<opset="mul_ln1347_17 "/>
</bind>
</comp>

<comp id="17075" class="1005" name="mul_ln1347_18_reg_17075">
<pin_list>
<pin id="17076" dir="0" index="0" bw="26" slack="1"/>
<pin id="17077" dir="1" index="1" bw="26" slack="1"/>
</pin_list>
<bind>
<opset="mul_ln1347_18 "/>
</bind>
</comp>

<comp id="17079" class="1005" name="mul_ln1347_19_reg_17079">
<pin_list>
<pin id="17080" dir="0" index="0" bw="26" slack="1"/>
<pin id="17081" dir="1" index="1" bw="26" slack="1"/>
</pin_list>
<bind>
<opset="mul_ln1347_19 "/>
</bind>
</comp>

<comp id="17083" class="1005" name="mul_ln1347_20_reg_17083">
<pin_list>
<pin id="17084" dir="0" index="0" bw="26" slack="1"/>
<pin id="17085" dir="1" index="1" bw="26" slack="1"/>
</pin_list>
<bind>
<opset="mul_ln1347_20 "/>
</bind>
</comp>

<comp id="17087" class="1005" name="mul_ln1347_21_reg_17087">
<pin_list>
<pin id="17088" dir="0" index="0" bw="26" slack="1"/>
<pin id="17089" dir="1" index="1" bw="26" slack="1"/>
</pin_list>
<bind>
<opset="mul_ln1347_21 "/>
</bind>
</comp>

<comp id="17091" class="1005" name="mul_ln1347_22_reg_17091">
<pin_list>
<pin id="17092" dir="0" index="0" bw="26" slack="1"/>
<pin id="17093" dir="1" index="1" bw="26" slack="1"/>
</pin_list>
<bind>
<opset="mul_ln1347_22 "/>
</bind>
</comp>

<comp id="17095" class="1005" name="mul_ln1347_23_reg_17095">
<pin_list>
<pin id="17096" dir="0" index="0" bw="26" slack="1"/>
<pin id="17097" dir="1" index="1" bw="26" slack="1"/>
</pin_list>
<bind>
<opset="mul_ln1347_23 "/>
</bind>
</comp>

<comp id="17099" class="1005" name="mul_ln1347_24_reg_17099">
<pin_list>
<pin id="17100" dir="0" index="0" bw="26" slack="1"/>
<pin id="17101" dir="1" index="1" bw="26" slack="1"/>
</pin_list>
<bind>
<opset="mul_ln1347_24 "/>
</bind>
</comp>

<comp id="17103" class="1005" name="mul_ln1347_25_reg_17103">
<pin_list>
<pin id="17104" dir="0" index="0" bw="26" slack="1"/>
<pin id="17105" dir="1" index="1" bw="26" slack="1"/>
</pin_list>
<bind>
<opset="mul_ln1347_25 "/>
</bind>
</comp>

<comp id="17107" class="1005" name="mul_ln1347_26_reg_17107">
<pin_list>
<pin id="17108" dir="0" index="0" bw="26" slack="1"/>
<pin id="17109" dir="1" index="1" bw="26" slack="1"/>
</pin_list>
<bind>
<opset="mul_ln1347_26 "/>
</bind>
</comp>

<comp id="17111" class="1005" name="mul_ln1347_27_reg_17111">
<pin_list>
<pin id="17112" dir="0" index="0" bw="26" slack="1"/>
<pin id="17113" dir="1" index="1" bw="26" slack="1"/>
</pin_list>
<bind>
<opset="mul_ln1347_27 "/>
</bind>
</comp>

<comp id="17115" class="1005" name="mul_ln1347_28_reg_17115">
<pin_list>
<pin id="17116" dir="0" index="0" bw="26" slack="1"/>
<pin id="17117" dir="1" index="1" bw="26" slack="1"/>
</pin_list>
<bind>
<opset="mul_ln1347_28 "/>
</bind>
</comp>

<comp id="17119" class="1005" name="mul_ln1347_29_reg_17119">
<pin_list>
<pin id="17120" dir="0" index="0" bw="26" slack="1"/>
<pin id="17121" dir="1" index="1" bw="26" slack="1"/>
</pin_list>
<bind>
<opset="mul_ln1347_29 "/>
</bind>
</comp>

<comp id="17123" class="1005" name="mul_ln1347_30_reg_17123">
<pin_list>
<pin id="17124" dir="0" index="0" bw="26" slack="1"/>
<pin id="17125" dir="1" index="1" bw="26" slack="1"/>
</pin_list>
<bind>
<opset="mul_ln1347_30 "/>
</bind>
</comp>

<comp id="17127" class="1005" name="mul_ln1347_31_reg_17127">
<pin_list>
<pin id="17128" dir="0" index="0" bw="26" slack="1"/>
<pin id="17129" dir="1" index="1" bw="26" slack="1"/>
</pin_list>
<bind>
<opset="mul_ln1347_31 "/>
</bind>
</comp>

<comp id="17131" class="1005" name="mul_ln1347_32_reg_17131">
<pin_list>
<pin id="17132" dir="0" index="0" bw="26" slack="1"/>
<pin id="17133" dir="1" index="1" bw="26" slack="1"/>
</pin_list>
<bind>
<opset="mul_ln1347_32 "/>
</bind>
</comp>

<comp id="17135" class="1005" name="mul_ln1347_33_reg_17135">
<pin_list>
<pin id="17136" dir="0" index="0" bw="26" slack="1"/>
<pin id="17137" dir="1" index="1" bw="26" slack="1"/>
</pin_list>
<bind>
<opset="mul_ln1347_33 "/>
</bind>
</comp>

<comp id="17139" class="1005" name="mul_ln1347_34_reg_17139">
<pin_list>
<pin id="17140" dir="0" index="0" bw="26" slack="1"/>
<pin id="17141" dir="1" index="1" bw="26" slack="1"/>
</pin_list>
<bind>
<opset="mul_ln1347_34 "/>
</bind>
</comp>

<comp id="17143" class="1005" name="mul_ln1347_35_reg_17143">
<pin_list>
<pin id="17144" dir="0" index="0" bw="26" slack="1"/>
<pin id="17145" dir="1" index="1" bw="26" slack="1"/>
</pin_list>
<bind>
<opset="mul_ln1347_35 "/>
</bind>
</comp>

<comp id="17147" class="1005" name="mul_ln1347_36_reg_17147">
<pin_list>
<pin id="17148" dir="0" index="0" bw="26" slack="1"/>
<pin id="17149" dir="1" index="1" bw="26" slack="1"/>
</pin_list>
<bind>
<opset="mul_ln1347_36 "/>
</bind>
</comp>

<comp id="17151" class="1005" name="mul_ln1347_37_reg_17151">
<pin_list>
<pin id="17152" dir="0" index="0" bw="26" slack="1"/>
<pin id="17153" dir="1" index="1" bw="26" slack="1"/>
</pin_list>
<bind>
<opset="mul_ln1347_37 "/>
</bind>
</comp>

<comp id="17155" class="1005" name="mul_ln1347_38_reg_17155">
<pin_list>
<pin id="17156" dir="0" index="0" bw="26" slack="1"/>
<pin id="17157" dir="1" index="1" bw="26" slack="1"/>
</pin_list>
<bind>
<opset="mul_ln1347_38 "/>
</bind>
</comp>

<comp id="17159" class="1005" name="mul_ln1347_39_reg_17159">
<pin_list>
<pin id="17160" dir="0" index="0" bw="26" slack="1"/>
<pin id="17161" dir="1" index="1" bw="26" slack="1"/>
</pin_list>
<bind>
<opset="mul_ln1347_39 "/>
</bind>
</comp>

<comp id="17163" class="1005" name="mul_ln1347_40_reg_17163">
<pin_list>
<pin id="17164" dir="0" index="0" bw="26" slack="1"/>
<pin id="17165" dir="1" index="1" bw="26" slack="1"/>
</pin_list>
<bind>
<opset="mul_ln1347_40 "/>
</bind>
</comp>

<comp id="17167" class="1005" name="mul_ln1347_41_reg_17167">
<pin_list>
<pin id="17168" dir="0" index="0" bw="26" slack="1"/>
<pin id="17169" dir="1" index="1" bw="26" slack="1"/>
</pin_list>
<bind>
<opset="mul_ln1347_41 "/>
</bind>
</comp>

<comp id="17171" class="1005" name="mul_ln1347_42_reg_17171">
<pin_list>
<pin id="17172" dir="0" index="0" bw="26" slack="1"/>
<pin id="17173" dir="1" index="1" bw="26" slack="1"/>
</pin_list>
<bind>
<opset="mul_ln1347_42 "/>
</bind>
</comp>

<comp id="17175" class="1005" name="mul_ln1347_43_reg_17175">
<pin_list>
<pin id="17176" dir="0" index="0" bw="26" slack="1"/>
<pin id="17177" dir="1" index="1" bw="26" slack="1"/>
</pin_list>
<bind>
<opset="mul_ln1347_43 "/>
</bind>
</comp>

<comp id="17179" class="1005" name="mul_ln1347_44_reg_17179">
<pin_list>
<pin id="17180" dir="0" index="0" bw="26" slack="1"/>
<pin id="17181" dir="1" index="1" bw="26" slack="1"/>
</pin_list>
<bind>
<opset="mul_ln1347_44 "/>
</bind>
</comp>

<comp id="17183" class="1005" name="mul_ln1347_45_reg_17183">
<pin_list>
<pin id="17184" dir="0" index="0" bw="26" slack="1"/>
<pin id="17185" dir="1" index="1" bw="26" slack="1"/>
</pin_list>
<bind>
<opset="mul_ln1347_45 "/>
</bind>
</comp>

<comp id="17187" class="1005" name="mul_ln1347_46_reg_17187">
<pin_list>
<pin id="17188" dir="0" index="0" bw="26" slack="1"/>
<pin id="17189" dir="1" index="1" bw="26" slack="1"/>
</pin_list>
<bind>
<opset="mul_ln1347_46 "/>
</bind>
</comp>

<comp id="17191" class="1005" name="mul_ln1347_47_reg_17191">
<pin_list>
<pin id="17192" dir="0" index="0" bw="26" slack="1"/>
<pin id="17193" dir="1" index="1" bw="26" slack="1"/>
</pin_list>
<bind>
<opset="mul_ln1347_47 "/>
</bind>
</comp>

<comp id="17195" class="1005" name="mul_ln1347_48_reg_17195">
<pin_list>
<pin id="17196" dir="0" index="0" bw="26" slack="1"/>
<pin id="17197" dir="1" index="1" bw="26" slack="1"/>
</pin_list>
<bind>
<opset="mul_ln1347_48 "/>
</bind>
</comp>

<comp id="17199" class="1005" name="mul_ln1347_49_reg_17199">
<pin_list>
<pin id="17200" dir="0" index="0" bw="26" slack="1"/>
<pin id="17201" dir="1" index="1" bw="26" slack="1"/>
</pin_list>
<bind>
<opset="mul_ln1347_49 "/>
</bind>
</comp>

<comp id="17203" class="1005" name="mul_ln1347_50_reg_17203">
<pin_list>
<pin id="17204" dir="0" index="0" bw="26" slack="1"/>
<pin id="17205" dir="1" index="1" bw="26" slack="1"/>
</pin_list>
<bind>
<opset="mul_ln1347_50 "/>
</bind>
</comp>

<comp id="17207" class="1005" name="mul_ln1347_51_reg_17207">
<pin_list>
<pin id="17208" dir="0" index="0" bw="26" slack="1"/>
<pin id="17209" dir="1" index="1" bw="26" slack="1"/>
</pin_list>
<bind>
<opset="mul_ln1347_51 "/>
</bind>
</comp>

<comp id="17211" class="1005" name="mul_ln1347_52_reg_17211">
<pin_list>
<pin id="17212" dir="0" index="0" bw="26" slack="1"/>
<pin id="17213" dir="1" index="1" bw="26" slack="1"/>
</pin_list>
<bind>
<opset="mul_ln1347_52 "/>
</bind>
</comp>

<comp id="17215" class="1005" name="mul_ln1347_53_reg_17215">
<pin_list>
<pin id="17216" dir="0" index="0" bw="26" slack="1"/>
<pin id="17217" dir="1" index="1" bw="26" slack="1"/>
</pin_list>
<bind>
<opset="mul_ln1347_53 "/>
</bind>
</comp>

<comp id="17219" class="1005" name="mul_ln1347_54_reg_17219">
<pin_list>
<pin id="17220" dir="0" index="0" bw="26" slack="1"/>
<pin id="17221" dir="1" index="1" bw="26" slack="1"/>
</pin_list>
<bind>
<opset="mul_ln1347_54 "/>
</bind>
</comp>

<comp id="17223" class="1005" name="mul_ln1347_55_reg_17223">
<pin_list>
<pin id="17224" dir="0" index="0" bw="26" slack="1"/>
<pin id="17225" dir="1" index="1" bw="26" slack="1"/>
</pin_list>
<bind>
<opset="mul_ln1347_55 "/>
</bind>
</comp>

<comp id="17227" class="1005" name="mul_ln1347_56_reg_17227">
<pin_list>
<pin id="17228" dir="0" index="0" bw="26" slack="1"/>
<pin id="17229" dir="1" index="1" bw="26" slack="1"/>
</pin_list>
<bind>
<opset="mul_ln1347_56 "/>
</bind>
</comp>

<comp id="17231" class="1005" name="mul_ln1347_57_reg_17231">
<pin_list>
<pin id="17232" dir="0" index="0" bw="26" slack="1"/>
<pin id="17233" dir="1" index="1" bw="26" slack="1"/>
</pin_list>
<bind>
<opset="mul_ln1347_57 "/>
</bind>
</comp>

<comp id="17235" class="1005" name="mul_ln1347_58_reg_17235">
<pin_list>
<pin id="17236" dir="0" index="0" bw="26" slack="1"/>
<pin id="17237" dir="1" index="1" bw="26" slack="1"/>
</pin_list>
<bind>
<opset="mul_ln1347_58 "/>
</bind>
</comp>

<comp id="17239" class="1005" name="mul_ln1347_59_reg_17239">
<pin_list>
<pin id="17240" dir="0" index="0" bw="26" slack="1"/>
<pin id="17241" dir="1" index="1" bw="26" slack="1"/>
</pin_list>
<bind>
<opset="mul_ln1347_59 "/>
</bind>
</comp>

<comp id="17243" class="1005" name="mul_ln1347_60_reg_17243">
<pin_list>
<pin id="17244" dir="0" index="0" bw="26" slack="1"/>
<pin id="17245" dir="1" index="1" bw="26" slack="1"/>
</pin_list>
<bind>
<opset="mul_ln1347_60 "/>
</bind>
</comp>

<comp id="17247" class="1005" name="mul_ln1347_61_reg_17247">
<pin_list>
<pin id="17248" dir="0" index="0" bw="26" slack="1"/>
<pin id="17249" dir="1" index="1" bw="26" slack="1"/>
</pin_list>
<bind>
<opset="mul_ln1347_61 "/>
</bind>
</comp>

<comp id="17251" class="1005" name="mul_ln1347_62_reg_17251">
<pin_list>
<pin id="17252" dir="0" index="0" bw="26" slack="1"/>
<pin id="17253" dir="1" index="1" bw="26" slack="1"/>
</pin_list>
<bind>
<opset="mul_ln1347_62 "/>
</bind>
</comp>

<comp id="17256" class="1004" name="a_V_fu_17256">
<pin_list>
<pin id="17257" dir="0" index="0" bw="1024" slack="0"/>
<pin id="17258" dir="1" index="1" bw="16" slack="0"/>
</pin_list>
<bind>
<opcode="trunc(33) " fcode="trunc"/>
<opset="a_V/1 "/>
</bind>
</comp>

<comp id="17260" class="1004" name="a_V_61_fu_17260">
<pin_list>
<pin id="17261" dir="0" index="0" bw="16" slack="0"/>
<pin id="17262" dir="0" index="1" bw="1024" slack="0"/>
<pin id="17263" dir="0" index="2" bw="11" slack="0"/>
<pin id="17264" dir="0" index="3" bw="11" slack="0"/>
<pin id="17265" dir="1" index="4" bw="16" slack="0"/>
</pin_list>
<bind>
<opcode="partselect(1002) " fcode="partselect"/>
<opset="a_V_61/1 "/>
</bind>
</comp>

<comp id="17270" class="1004" name="a_V_62_fu_17270">
<pin_list>
<pin id="17271" dir="0" index="0" bw="16" slack="0"/>
<pin id="17272" dir="0" index="1" bw="1024" slack="0"/>
<pin id="17273" dir="0" index="2" bw="11" slack="0"/>
<pin id="17274" dir="0" index="3" bw="11" slack="0"/>
<pin id="17275" dir="1" index="4" bw="16" slack="0"/>
</pin_list>
<bind>
<opcode="partselect(1002) " fcode="partselect"/>
<opset="a_V_62/1 "/>
</bind>
</comp>

<comp id="17280" class="1004" name="a_V_1_fu_17280">
<pin_list>
<pin id="17281" dir="0" index="0" bw="16" slack="0"/>
<pin id="17282" dir="0" index="1" bw="1024" slack="0"/>
<pin id="17283" dir="0" index="2" bw="6" slack="0"/>
<pin id="17284" dir="0" index="3" bw="6" slack="0"/>
<pin id="17285" dir="1" index="4" bw="16" slack="0"/>
</pin_list>
<bind>
<opcode="partselect(1002) " fcode="partselect"/>
<opset="a_V_1/1 "/>
</bind>
</comp>

<comp id="17290" class="1004" name="a_V_2_fu_17290">
<pin_list>
<pin id="17291" dir="0" index="0" bw="16" slack="0"/>
<pin id="17292" dir="0" index="1" bw="1024" slack="0"/>
<pin id="17293" dir="0" index="2" bw="7" slack="0"/>
<pin id="17294" dir="0" index="3" bw="7" slack="0"/>
<pin id="17295" dir="1" index="4" bw="16" slack="0"/>
</pin_list>
<bind>
<opcode="partselect(1002) " fcode="partselect"/>
<opset="a_V_2/1 "/>
</bind>
</comp>

<comp id="17300" class="1004" name="a_V_3_fu_17300">
<pin_list>
<pin id="17301" dir="0" index="0" bw="16" slack="0"/>
<pin id="17302" dir="0" index="1" bw="1024" slack="0"/>
<pin id="17303" dir="0" index="2" bw="7" slack="0"/>
<pin id="17304" dir="0" index="3" bw="7" slack="0"/>
<pin id="17305" dir="1" index="4" bw="16" slack="0"/>
</pin_list>
<bind>
<opcode="partselect(1002) " fcode="partselect"/>
<opset="a_V_3/1 "/>
</bind>
</comp>

<comp id="17310" class="1004" name="a_V_4_fu_17310">
<pin_list>
<pin id="17311" dir="0" index="0" bw="16" slack="0"/>
<pin id="17312" dir="0" index="1" bw="1024" slack="0"/>
<pin id="17313" dir="0" index="2" bw="8" slack="0"/>
<pin id="17314" dir="0" index="3" bw="8" slack="0"/>
<pin id="17315" dir="1" index="4" bw="16" slack="0"/>
</pin_list>
<bind>
<opcode="partselect(1002) " fcode="partselect"/>
<opset="a_V_4/1 "/>
</bind>
</comp>

<comp id="17320" class="1004" name="a_V_5_fu_17320">
<pin_list>
<pin id="17321" dir="0" index="0" bw="16" slack="0"/>
<pin id="17322" dir="0" index="1" bw="1024" slack="0"/>
<pin id="17323" dir="0" index="2" bw="8" slack="0"/>
<pin id="17324" dir="0" index="3" bw="8" slack="0"/>
<pin id="17325" dir="1" index="4" bw="16" slack="0"/>
</pin_list>
<bind>
<opcode="partselect(1002) " fcode="partselect"/>
<opset="a_V_5/1 "/>
</bind>
</comp>

<comp id="17330" class="1004" name="a_V_6_fu_17330">
<pin_list>
<pin id="17331" dir="0" index="0" bw="16" slack="0"/>
<pin id="17332" dir="0" index="1" bw="1024" slack="0"/>
<pin id="17333" dir="0" index="2" bw="8" slack="0"/>
<pin id="17334" dir="0" index="3" bw="8" slack="0"/>
<pin id="17335" dir="1" index="4" bw="16" slack="0"/>
</pin_list>
<bind>
<opcode="partselect(1002) " fcode="partselect"/>
<opset="a_V_6/1 "/>
</bind>
</comp>

<comp id="17340" class="1004" name="a_V_7_fu_17340">
<pin_list>
<pin id="17341" dir="0" index="0" bw="16" slack="0"/>
<pin id="17342" dir="0" index="1" bw="1024" slack="0"/>
<pin id="17343" dir="0" index="2" bw="8" slack="0"/>
<pin id="17344" dir="0" index="3" bw="8" slack="0"/>
<pin id="17345" dir="1" index="4" bw="16" slack="0"/>
</pin_list>
<bind>
<opcode="partselect(1002) " fcode="partselect"/>
<opset="a_V_7/1 "/>
</bind>
</comp>

<comp id="17350" class="1004" name="a_V_8_fu_17350">
<pin_list>
<pin id="17351" dir="0" index="0" bw="16" slack="0"/>
<pin id="17352" dir="0" index="1" bw="1024" slack="0"/>
<pin id="17353" dir="0" index="2" bw="9" slack="0"/>
<pin id="17354" dir="0" index="3" bw="9" slack="0"/>
<pin id="17355" dir="1" index="4" bw="16" slack="0"/>
</pin_list>
<bind>
<opcode="partselect(1002) " fcode="partselect"/>
<opset="a_V_8/1 "/>
</bind>
</comp>

<comp id="17360" class="1004" name="a_V_9_fu_17360">
<pin_list>
<pin id="17361" dir="0" index="0" bw="16" slack="0"/>
<pin id="17362" dir="0" index="1" bw="1024" slack="0"/>
<pin id="17363" dir="0" index="2" bw="9" slack="0"/>
<pin id="17364" dir="0" index="3" bw="9" slack="0"/>
<pin id="17365" dir="1" index="4" bw="16" slack="0"/>
</pin_list>
<bind>
<opcode="partselect(1002) " fcode="partselect"/>
<opset="a_V_9/1 "/>
</bind>
</comp>

<comp id="17370" class="1004" name="a_V_10_fu_17370">
<pin_list>
<pin id="17371" dir="0" index="0" bw="16" slack="0"/>
<pin id="17372" dir="0" index="1" bw="1024" slack="0"/>
<pin id="17373" dir="0" index="2" bw="9" slack="0"/>
<pin id="17374" dir="0" index="3" bw="9" slack="0"/>
<pin id="17375" dir="1" index="4" bw="16" slack="0"/>
</pin_list>
<bind>
<opcode="partselect(1002) " fcode="partselect"/>
<opset="a_V_10/1 "/>
</bind>
</comp>

<comp id="17380" class="1004" name="a_V_11_fu_17380">
<pin_list>
<pin id="17381" dir="0" index="0" bw="16" slack="0"/>
<pin id="17382" dir="0" index="1" bw="1024" slack="0"/>
<pin id="17383" dir="0" index="2" bw="9" slack="0"/>
<pin id="17384" dir="0" index="3" bw="9" slack="0"/>
<pin id="17385" dir="1" index="4" bw="16" slack="0"/>
</pin_list>
<bind>
<opcode="partselect(1002) " fcode="partselect"/>
<opset="a_V_11/1 "/>
</bind>
</comp>

<comp id="17390" class="1004" name="a_V_12_fu_17390">
<pin_list>
<pin id="17391" dir="0" index="0" bw="16" slack="0"/>
<pin id="17392" dir="0" index="1" bw="1024" slack="0"/>
<pin id="17393" dir="0" index="2" bw="9" slack="0"/>
<pin id="17394" dir="0" index="3" bw="9" slack="0"/>
<pin id="17395" dir="1" index="4" bw="16" slack="0"/>
</pin_list>
<bind>
<opcode="partselect(1002) " fcode="partselect"/>
<opset="a_V_12/1 "/>
</bind>
</comp>

<comp id="17400" class="1004" name="a_V_13_fu_17400">
<pin_list>
<pin id="17401" dir="0" index="0" bw="16" slack="0"/>
<pin id="17402" dir="0" index="1" bw="1024" slack="0"/>
<pin id="17403" dir="0" index="2" bw="9" slack="0"/>
<pin id="17404" dir="0" index="3" bw="9" slack="0"/>
<pin id="17405" dir="1" index="4" bw="16" slack="0"/>
</pin_list>
<bind>
<opcode="partselect(1002) " fcode="partselect"/>
<opset="a_V_13/1 "/>
</bind>
</comp>

<comp id="17410" class="1004" name="a_V_14_fu_17410">
<pin_list>
<pin id="17411" dir="0" index="0" bw="16" slack="0"/>
<pin id="17412" dir="0" index="1" bw="1024" slack="0"/>
<pin id="17413" dir="0" index="2" bw="9" slack="0"/>
<pin id="17414" dir="0" index="3" bw="9" slack="0"/>
<pin id="17415" dir="1" index="4" bw="16" slack="0"/>
</pin_list>
<bind>
<opcode="partselect(1002) " fcode="partselect"/>
<opset="a_V_14/1 "/>
</bind>
</comp>

<comp id="17420" class="1004" name="a_V_15_fu_17420">
<pin_list>
<pin id="17421" dir="0" index="0" bw="16" slack="0"/>
<pin id="17422" dir="0" index="1" bw="1024" slack="0"/>
<pin id="17423" dir="0" index="2" bw="9" slack="0"/>
<pin id="17424" dir="0" index="3" bw="9" slack="0"/>
<pin id="17425" dir="1" index="4" bw="16" slack="0"/>
</pin_list>
<bind>
<opcode="partselect(1002) " fcode="partselect"/>
<opset="a_V_15/1 "/>
</bind>
</comp>

<comp id="17430" class="1004" name="a_V_16_fu_17430">
<pin_list>
<pin id="17431" dir="0" index="0" bw="16" slack="0"/>
<pin id="17432" dir="0" index="1" bw="1024" slack="0"/>
<pin id="17433" dir="0" index="2" bw="10" slack="0"/>
<pin id="17434" dir="0" index="3" bw="10" slack="0"/>
<pin id="17435" dir="1" index="4" bw="16" slack="0"/>
</pin_list>
<bind>
<opcode="partselect(1002) " fcode="partselect"/>
<opset="a_V_16/1 "/>
</bind>
</comp>

<comp id="17440" class="1004" name="a_V_17_fu_17440">
<pin_list>
<pin id="17441" dir="0" index="0" bw="16" slack="0"/>
<pin id="17442" dir="0" index="1" bw="1024" slack="0"/>
<pin id="17443" dir="0" index="2" bw="10" slack="0"/>
<pin id="17444" dir="0" index="3" bw="10" slack="0"/>
<pin id="17445" dir="1" index="4" bw="16" slack="0"/>
</pin_list>
<bind>
<opcode="partselect(1002) " fcode="partselect"/>
<opset="a_V_17/1 "/>
</bind>
</comp>

<comp id="17450" class="1004" name="a_V_18_fu_17450">
<pin_list>
<pin id="17451" dir="0" index="0" bw="16" slack="0"/>
<pin id="17452" dir="0" index="1" bw="1024" slack="0"/>
<pin id="17453" dir="0" index="2" bw="10" slack="0"/>
<pin id="17454" dir="0" index="3" bw="10" slack="0"/>
<pin id="17455" dir="1" index="4" bw="16" slack="0"/>
</pin_list>
<bind>
<opcode="partselect(1002) " fcode="partselect"/>
<opset="a_V_18/1 "/>
</bind>
</comp>

<comp id="17460" class="1004" name="a_V_19_fu_17460">
<pin_list>
<pin id="17461" dir="0" index="0" bw="16" slack="0"/>
<pin id="17462" dir="0" index="1" bw="1024" slack="0"/>
<pin id="17463" dir="0" index="2" bw="10" slack="0"/>
<pin id="17464" dir="0" index="3" bw="10" slack="0"/>
<pin id="17465" dir="1" index="4" bw="16" slack="0"/>
</pin_list>
<bind>
<opcode="partselect(1002) " fcode="partselect"/>
<opset="a_V_19/1 "/>
</bind>
</comp>

<comp id="17470" class="1004" name="a_V_20_fu_17470">
<pin_list>
<pin id="17471" dir="0" index="0" bw="16" slack="0"/>
<pin id="17472" dir="0" index="1" bw="1024" slack="0"/>
<pin id="17473" dir="0" index="2" bw="10" slack="0"/>
<pin id="17474" dir="0" index="3" bw="10" slack="0"/>
<pin id="17475" dir="1" index="4" bw="16" slack="0"/>
</pin_list>
<bind>
<opcode="partselect(1002) " fcode="partselect"/>
<opset="a_V_20/1 "/>
</bind>
</comp>

<comp id="17480" class="1004" name="a_V_21_fu_17480">
<pin_list>
<pin id="17481" dir="0" index="0" bw="16" slack="0"/>
<pin id="17482" dir="0" index="1" bw="1024" slack="0"/>
<pin id="17483" dir="0" index="2" bw="10" slack="0"/>
<pin id="17484" dir="0" index="3" bw="10" slack="0"/>
<pin id="17485" dir="1" index="4" bw="16" slack="0"/>
</pin_list>
<bind>
<opcode="partselect(1002) " fcode="partselect"/>
<opset="a_V_21/1 "/>
</bind>
</comp>

<comp id="17490" class="1004" name="a_V_22_fu_17490">
<pin_list>
<pin id="17491" dir="0" index="0" bw="16" slack="0"/>
<pin id="17492" dir="0" index="1" bw="1024" slack="0"/>
<pin id="17493" dir="0" index="2" bw="10" slack="0"/>
<pin id="17494" dir="0" index="3" bw="10" slack="0"/>
<pin id="17495" dir="1" index="4" bw="16" slack="0"/>
</pin_list>
<bind>
<opcode="partselect(1002) " fcode="partselect"/>
<opset="a_V_22/1 "/>
</bind>
</comp>

<comp id="17500" class="1004" name="a_V_23_fu_17500">
<pin_list>
<pin id="17501" dir="0" index="0" bw="16" slack="0"/>
<pin id="17502" dir="0" index="1" bw="1024" slack="0"/>
<pin id="17503" dir="0" index="2" bw="10" slack="0"/>
<pin id="17504" dir="0" index="3" bw="10" slack="0"/>
<pin id="17505" dir="1" index="4" bw="16" slack="0"/>
</pin_list>
<bind>
<opcode="partselect(1002) " fcode="partselect"/>
<opset="a_V_23/1 "/>
</bind>
</comp>

<comp id="17510" class="1004" name="a_V_24_fu_17510">
<pin_list>
<pin id="17511" dir="0" index="0" bw="16" slack="0"/>
<pin id="17512" dir="0" index="1" bw="1024" slack="0"/>
<pin id="17513" dir="0" index="2" bw="10" slack="0"/>
<pin id="17514" dir="0" index="3" bw="10" slack="0"/>
<pin id="17515" dir="1" index="4" bw="16" slack="0"/>
</pin_list>
<bind>
<opcode="partselect(1002) " fcode="partselect"/>
<opset="a_V_24/1 "/>
</bind>
</comp>

<comp id="17520" class="1004" name="a_V_25_fu_17520">
<pin_list>
<pin id="17521" dir="0" index="0" bw="16" slack="0"/>
<pin id="17522" dir="0" index="1" bw="1024" slack="0"/>
<pin id="17523" dir="0" index="2" bw="10" slack="0"/>
<pin id="17524" dir="0" index="3" bw="10" slack="0"/>
<pin id="17525" dir="1" index="4" bw="16" slack="0"/>
</pin_list>
<bind>
<opcode="partselect(1002) " fcode="partselect"/>
<opset="a_V_25/1 "/>
</bind>
</comp>

<comp id="17530" class="1004" name="a_V_26_fu_17530">
<pin_list>
<pin id="17531" dir="0" index="0" bw="16" slack="0"/>
<pin id="17532" dir="0" index="1" bw="1024" slack="0"/>
<pin id="17533" dir="0" index="2" bw="10" slack="0"/>
<pin id="17534" dir="0" index="3" bw="10" slack="0"/>
<pin id="17535" dir="1" index="4" bw="16" slack="0"/>
</pin_list>
<bind>
<opcode="partselect(1002) " fcode="partselect"/>
<opset="a_V_26/1 "/>
</bind>
</comp>

<comp id="17540" class="1004" name="a_V_27_fu_17540">
<pin_list>
<pin id="17541" dir="0" index="0" bw="16" slack="0"/>
<pin id="17542" dir="0" index="1" bw="1024" slack="0"/>
<pin id="17543" dir="0" index="2" bw="10" slack="0"/>
<pin id="17544" dir="0" index="3" bw="10" slack="0"/>
<pin id="17545" dir="1" index="4" bw="16" slack="0"/>
</pin_list>
<bind>
<opcode="partselect(1002) " fcode="partselect"/>
<opset="a_V_27/1 "/>
</bind>
</comp>

<comp id="17550" class="1004" name="a_V_28_fu_17550">
<pin_list>
<pin id="17551" dir="0" index="0" bw="16" slack="0"/>
<pin id="17552" dir="0" index="1" bw="1024" slack="0"/>
<pin id="17553" dir="0" index="2" bw="10" slack="0"/>
<pin id="17554" dir="0" index="3" bw="10" slack="0"/>
<pin id="17555" dir="1" index="4" bw="16" slack="0"/>
</pin_list>
<bind>
<opcode="partselect(1002) " fcode="partselect"/>
<opset="a_V_28/1 "/>
</bind>
</comp>

<comp id="17560" class="1004" name="a_V_29_fu_17560">
<pin_list>
<pin id="17561" dir="0" index="0" bw="16" slack="0"/>
<pin id="17562" dir="0" index="1" bw="1024" slack="0"/>
<pin id="17563" dir="0" index="2" bw="10" slack="0"/>
<pin id="17564" dir="0" index="3" bw="10" slack="0"/>
<pin id="17565" dir="1" index="4" bw="16" slack="0"/>
</pin_list>
<bind>
<opcode="partselect(1002) " fcode="partselect"/>
<opset="a_V_29/1 "/>
</bind>
</comp>

<comp id="17570" class="1004" name="a_V_30_fu_17570">
<pin_list>
<pin id="17571" dir="0" index="0" bw="16" slack="0"/>
<pin id="17572" dir="0" index="1" bw="1024" slack="0"/>
<pin id="17573" dir="0" index="2" bw="10" slack="0"/>
<pin id="17574" dir="0" index="3" bw="10" slack="0"/>
<pin id="17575" dir="1" index="4" bw="16" slack="0"/>
</pin_list>
<bind>
<opcode="partselect(1002) " fcode="partselect"/>
<opset="a_V_30/1 "/>
</bind>
</comp>

<comp id="17580" class="1004" name="a_V_31_fu_17580">
<pin_list>
<pin id="17581" dir="0" index="0" bw="16" slack="0"/>
<pin id="17582" dir="0" index="1" bw="1024" slack="0"/>
<pin id="17583" dir="0" index="2" bw="10" slack="0"/>
<pin id="17584" dir="0" index="3" bw="10" slack="0"/>
<pin id="17585" dir="1" index="4" bw="16" slack="0"/>
</pin_list>
<bind>
<opcode="partselect(1002) " fcode="partselect"/>
<opset="a_V_31/1 "/>
</bind>
</comp>

<comp id="17590" class="1004" name="a_V_32_fu_17590">
<pin_list>
<pin id="17591" dir="0" index="0" bw="16" slack="0"/>
<pin id="17592" dir="0" index="1" bw="1024" slack="0"/>
<pin id="17593" dir="0" index="2" bw="11" slack="0"/>
<pin id="17594" dir="0" index="3" bw="11" slack="0"/>
<pin id="17595" dir="1" index="4" bw="16" slack="0"/>
</pin_list>
<bind>
<opcode="partselect(1002) " fcode="partselect"/>
<opset="a_V_32/1 "/>
</bind>
</comp>

<comp id="17600" class="1004" name="a_V_33_fu_17600">
<pin_list>
<pin id="17601" dir="0" index="0" bw="16" slack="0"/>
<pin id="17602" dir="0" index="1" bw="1024" slack="0"/>
<pin id="17603" dir="0" index="2" bw="11" slack="0"/>
<pin id="17604" dir="0" index="3" bw="11" slack="0"/>
<pin id="17605" dir="1" index="4" bw="16" slack="0"/>
</pin_list>
<bind>
<opcode="partselect(1002) " fcode="partselect"/>
<opset="a_V_33/1 "/>
</bind>
</comp>

<comp id="17610" class="1004" name="a_V_34_fu_17610">
<pin_list>
<pin id="17611" dir="0" index="0" bw="16" slack="0"/>
<pin id="17612" dir="0" index="1" bw="1024" slack="0"/>
<pin id="17613" dir="0" index="2" bw="11" slack="0"/>
<pin id="17614" dir="0" index="3" bw="11" slack="0"/>
<pin id="17615" dir="1" index="4" bw="16" slack="0"/>
</pin_list>
<bind>
<opcode="partselect(1002) " fcode="partselect"/>
<opset="a_V_34/1 "/>
</bind>
</comp>

<comp id="17620" class="1004" name="a_V_35_fu_17620">
<pin_list>
<pin id="17621" dir="0" index="0" bw="16" slack="0"/>
<pin id="17622" dir="0" index="1" bw="1024" slack="0"/>
<pin id="17623" dir="0" index="2" bw="11" slack="0"/>
<pin id="17624" dir="0" index="3" bw="11" slack="0"/>
<pin id="17625" dir="1" index="4" bw="16" slack="0"/>
</pin_list>
<bind>
<opcode="partselect(1002) " fcode="partselect"/>
<opset="a_V_35/1 "/>
</bind>
</comp>

<comp id="17630" class="1004" name="a_V_36_fu_17630">
<pin_list>
<pin id="17631" dir="0" index="0" bw="16" slack="0"/>
<pin id="17632" dir="0" index="1" bw="1024" slack="0"/>
<pin id="17633" dir="0" index="2" bw="11" slack="0"/>
<pin id="17634" dir="0" index="3" bw="11" slack="0"/>
<pin id="17635" dir="1" index="4" bw="16" slack="0"/>
</pin_list>
<bind>
<opcode="partselect(1002) " fcode="partselect"/>
<opset="a_V_36/1 "/>
</bind>
</comp>

<comp id="17640" class="1004" name="a_V_37_fu_17640">
<pin_list>
<pin id="17641" dir="0" index="0" bw="16" slack="0"/>
<pin id="17642" dir="0" index="1" bw="1024" slack="0"/>
<pin id="17643" dir="0" index="2" bw="11" slack="0"/>
<pin id="17644" dir="0" index="3" bw="11" slack="0"/>
<pin id="17645" dir="1" index="4" bw="16" slack="0"/>
</pin_list>
<bind>
<opcode="partselect(1002) " fcode="partselect"/>
<opset="a_V_37/1 "/>
</bind>
</comp>

<comp id="17650" class="1004" name="a_V_38_fu_17650">
<pin_list>
<pin id="17651" dir="0" index="0" bw="16" slack="0"/>
<pin id="17652" dir="0" index="1" bw="1024" slack="0"/>
<pin id="17653" dir="0" index="2" bw="11" slack="0"/>
<pin id="17654" dir="0" index="3" bw="11" slack="0"/>
<pin id="17655" dir="1" index="4" bw="16" slack="0"/>
</pin_list>
<bind>
<opcode="partselect(1002) " fcode="partselect"/>
<opset="a_V_38/1 "/>
</bind>
</comp>

<comp id="17660" class="1004" name="a_V_39_fu_17660">
<pin_list>
<pin id="17661" dir="0" index="0" bw="16" slack="0"/>
<pin id="17662" dir="0" index="1" bw="1024" slack="0"/>
<pin id="17663" dir="0" index="2" bw="11" slack="0"/>
<pin id="17664" dir="0" index="3" bw="11" slack="0"/>
<pin id="17665" dir="1" index="4" bw="16" slack="0"/>
</pin_list>
<bind>
<opcode="partselect(1002) " fcode="partselect"/>
<opset="a_V_39/1 "/>
</bind>
</comp>

<comp id="17670" class="1004" name="a_V_40_fu_17670">
<pin_list>
<pin id="17671" dir="0" index="0" bw="16" slack="0"/>
<pin id="17672" dir="0" index="1" bw="1024" slack="0"/>
<pin id="17673" dir="0" index="2" bw="11" slack="0"/>
<pin id="17674" dir="0" index="3" bw="11" slack="0"/>
<pin id="17675" dir="1" index="4" bw="16" slack="0"/>
</pin_list>
<bind>
<opcode="partselect(1002) " fcode="partselect"/>
<opset="a_V_40/1 "/>
</bind>
</comp>

<comp id="17680" class="1004" name="a_V_41_fu_17680">
<pin_list>
<pin id="17681" dir="0" index="0" bw="16" slack="0"/>
<pin id="17682" dir="0" index="1" bw="1024" slack="0"/>
<pin id="17683" dir="0" index="2" bw="11" slack="0"/>
<pin id="17684" dir="0" index="3" bw="11" slack="0"/>
<pin id="17685" dir="1" index="4" bw="16" slack="0"/>
</pin_list>
<bind>
<opcode="partselect(1002) " fcode="partselect"/>
<opset="a_V_41/1 "/>
</bind>
</comp>

<comp id="17690" class="1004" name="a_V_42_fu_17690">
<pin_list>
<pin id="17691" dir="0" index="0" bw="16" slack="0"/>
<pin id="17692" dir="0" index="1" bw="1024" slack="0"/>
<pin id="17693" dir="0" index="2" bw="11" slack="0"/>
<pin id="17694" dir="0" index="3" bw="11" slack="0"/>
<pin id="17695" dir="1" index="4" bw="16" slack="0"/>
</pin_list>
<bind>
<opcode="partselect(1002) " fcode="partselect"/>
<opset="a_V_42/1 "/>
</bind>
</comp>

<comp id="17700" class="1004" name="a_V_43_fu_17700">
<pin_list>
<pin id="17701" dir="0" index="0" bw="16" slack="0"/>
<pin id="17702" dir="0" index="1" bw="1024" slack="0"/>
<pin id="17703" dir="0" index="2" bw="11" slack="0"/>
<pin id="17704" dir="0" index="3" bw="11" slack="0"/>
<pin id="17705" dir="1" index="4" bw="16" slack="0"/>
</pin_list>
<bind>
<opcode="partselect(1002) " fcode="partselect"/>
<opset="a_V_43/1 "/>
</bind>
</comp>

<comp id="17710" class="1004" name="a_V_44_fu_17710">
<pin_list>
<pin id="17711" dir="0" index="0" bw="16" slack="0"/>
<pin id="17712" dir="0" index="1" bw="1024" slack="0"/>
<pin id="17713" dir="0" index="2" bw="11" slack="0"/>
<pin id="17714" dir="0" index="3" bw="11" slack="0"/>
<pin id="17715" dir="1" index="4" bw="16" slack="0"/>
</pin_list>
<bind>
<opcode="partselect(1002) " fcode="partselect"/>
<opset="a_V_44/1 "/>
</bind>
</comp>

<comp id="17720" class="1004" name="a_V_45_fu_17720">
<pin_list>
<pin id="17721" dir="0" index="0" bw="16" slack="0"/>
<pin id="17722" dir="0" index="1" bw="1024" slack="0"/>
<pin id="17723" dir="0" index="2" bw="11" slack="0"/>
<pin id="17724" dir="0" index="3" bw="11" slack="0"/>
<pin id="17725" dir="1" index="4" bw="16" slack="0"/>
</pin_list>
<bind>
<opcode="partselect(1002) " fcode="partselect"/>
<opset="a_V_45/1 "/>
</bind>
</comp>

<comp id="17730" class="1004" name="a_V_46_fu_17730">
<pin_list>
<pin id="17731" dir="0" index="0" bw="16" slack="0"/>
<pin id="17732" dir="0" index="1" bw="1024" slack="0"/>
<pin id="17733" dir="0" index="2" bw="11" slack="0"/>
<pin id="17734" dir="0" index="3" bw="11" slack="0"/>
<pin id="17735" dir="1" index="4" bw="16" slack="0"/>
</pin_list>
<bind>
<opcode="partselect(1002) " fcode="partselect"/>
<opset="a_V_46/1 "/>
</bind>
</comp>

<comp id="17740" class="1004" name="a_V_47_fu_17740">
<pin_list>
<pin id="17741" dir="0" index="0" bw="16" slack="0"/>
<pin id="17742" dir="0" index="1" bw="1024" slack="0"/>
<pin id="17743" dir="0" index="2" bw="11" slack="0"/>
<pin id="17744" dir="0" index="3" bw="11" slack="0"/>
<pin id="17745" dir="1" index="4" bw="16" slack="0"/>
</pin_list>
<bind>
<opcode="partselect(1002) " fcode="partselect"/>
<opset="a_V_47/1 "/>
</bind>
</comp>

<comp id="17750" class="1004" name="a_V_48_fu_17750">
<pin_list>
<pin id="17751" dir="0" index="0" bw="16" slack="0"/>
<pin id="17752" dir="0" index="1" bw="1024" slack="0"/>
<pin id="17753" dir="0" index="2" bw="11" slack="0"/>
<pin id="17754" dir="0" index="3" bw="11" slack="0"/>
<pin id="17755" dir="1" index="4" bw="16" slack="0"/>
</pin_list>
<bind>
<opcode="partselect(1002) " fcode="partselect"/>
<opset="a_V_48/1 "/>
</bind>
</comp>

<comp id="17760" class="1004" name="a_V_49_fu_17760">
<pin_list>
<pin id="17761" dir="0" index="0" bw="16" slack="0"/>
<pin id="17762" dir="0" index="1" bw="1024" slack="0"/>
<pin id="17763" dir="0" index="2" bw="11" slack="0"/>
<pin id="17764" dir="0" index="3" bw="11" slack="0"/>
<pin id="17765" dir="1" index="4" bw="16" slack="0"/>
</pin_list>
<bind>
<opcode="partselect(1002) " fcode="partselect"/>
<opset="a_V_49/1 "/>
</bind>
</comp>

<comp id="17770" class="1004" name="a_V_50_fu_17770">
<pin_list>
<pin id="17771" dir="0" index="0" bw="16" slack="0"/>
<pin id="17772" dir="0" index="1" bw="1024" slack="0"/>
<pin id="17773" dir="0" index="2" bw="11" slack="0"/>
<pin id="17774" dir="0" index="3" bw="11" slack="0"/>
<pin id="17775" dir="1" index="4" bw="16" slack="0"/>
</pin_list>
<bind>
<opcode="partselect(1002) " fcode="partselect"/>
<opset="a_V_50/1 "/>
</bind>
</comp>

<comp id="17780" class="1004" name="a_V_51_fu_17780">
<pin_list>
<pin id="17781" dir="0" index="0" bw="16" slack="0"/>
<pin id="17782" dir="0" index="1" bw="1024" slack="0"/>
<pin id="17783" dir="0" index="2" bw="11" slack="0"/>
<pin id="17784" dir="0" index="3" bw="11" slack="0"/>
<pin id="17785" dir="1" index="4" bw="16" slack="0"/>
</pin_list>
<bind>
<opcode="partselect(1002) " fcode="partselect"/>
<opset="a_V_51/1 "/>
</bind>
</comp>

<comp id="17790" class="1004" name="a_V_52_fu_17790">
<pin_list>
<pin id="17791" dir="0" index="0" bw="16" slack="0"/>
<pin id="17792" dir="0" index="1" bw="1024" slack="0"/>
<pin id="17793" dir="0" index="2" bw="11" slack="0"/>
<pin id="17794" dir="0" index="3" bw="11" slack="0"/>
<pin id="17795" dir="1" index="4" bw="16" slack="0"/>
</pin_list>
<bind>
<opcode="partselect(1002) " fcode="partselect"/>
<opset="a_V_52/1 "/>
</bind>
</comp>

<comp id="17800" class="1004" name="a_V_53_fu_17800">
<pin_list>
<pin id="17801" dir="0" index="0" bw="16" slack="0"/>
<pin id="17802" dir="0" index="1" bw="1024" slack="0"/>
<pin id="17803" dir="0" index="2" bw="11" slack="0"/>
<pin id="17804" dir="0" index="3" bw="11" slack="0"/>
<pin id="17805" dir="1" index="4" bw="16" slack="0"/>
</pin_list>
<bind>
<opcode="partselect(1002) " fcode="partselect"/>
<opset="a_V_53/1 "/>
</bind>
</comp>

<comp id="17810" class="1004" name="a_V_54_fu_17810">
<pin_list>
<pin id="17811" dir="0" index="0" bw="16" slack="0"/>
<pin id="17812" dir="0" index="1" bw="1024" slack="0"/>
<pin id="17813" dir="0" index="2" bw="11" slack="0"/>
<pin id="17814" dir="0" index="3" bw="11" slack="0"/>
<pin id="17815" dir="1" index="4" bw="16" slack="0"/>
</pin_list>
<bind>
<opcode="partselect(1002) " fcode="partselect"/>
<opset="a_V_54/1 "/>
</bind>
</comp>

<comp id="17820" class="1004" name="a_V_55_fu_17820">
<pin_list>
<pin id="17821" dir="0" index="0" bw="16" slack="0"/>
<pin id="17822" dir="0" index="1" bw="1024" slack="0"/>
<pin id="17823" dir="0" index="2" bw="11" slack="0"/>
<pin id="17824" dir="0" index="3" bw="11" slack="0"/>
<pin id="17825" dir="1" index="4" bw="16" slack="0"/>
</pin_list>
<bind>
<opcode="partselect(1002) " fcode="partselect"/>
<opset="a_V_55/1 "/>
</bind>
</comp>

<comp id="17830" class="1004" name="a_V_56_fu_17830">
<pin_list>
<pin id="17831" dir="0" index="0" bw="16" slack="0"/>
<pin id="17832" dir="0" index="1" bw="1024" slack="0"/>
<pin id="17833" dir="0" index="2" bw="11" slack="0"/>
<pin id="17834" dir="0" index="3" bw="11" slack="0"/>
<pin id="17835" dir="1" index="4" bw="16" slack="0"/>
</pin_list>
<bind>
<opcode="partselect(1002) " fcode="partselect"/>
<opset="a_V_56/1 "/>
</bind>
</comp>

<comp id="17840" class="1004" name="a_V_57_fu_17840">
<pin_list>
<pin id="17841" dir="0" index="0" bw="16" slack="0"/>
<pin id="17842" dir="0" index="1" bw="1024" slack="0"/>
<pin id="17843" dir="0" index="2" bw="11" slack="0"/>
<pin id="17844" dir="0" index="3" bw="11" slack="0"/>
<pin id="17845" dir="1" index="4" bw="16" slack="0"/>
</pin_list>
<bind>
<opcode="partselect(1002) " fcode="partselect"/>
<opset="a_V_57/1 "/>
</bind>
</comp>

<comp id="17850" class="1004" name="a_V_58_fu_17850">
<pin_list>
<pin id="17851" dir="0" index="0" bw="16" slack="0"/>
<pin id="17852" dir="0" index="1" bw="1024" slack="0"/>
<pin id="17853" dir="0" index="2" bw="11" slack="0"/>
<pin id="17854" dir="0" index="3" bw="11" slack="0"/>
<pin id="17855" dir="1" index="4" bw="16" slack="0"/>
</pin_list>
<bind>
<opcode="partselect(1002) " fcode="partselect"/>
<opset="a_V_58/1 "/>
</bind>
</comp>

<comp id="17860" class="1004" name="a_V_59_fu_17860">
<pin_list>
<pin id="17861" dir="0" index="0" bw="16" slack="0"/>
<pin id="17862" dir="0" index="1" bw="1024" slack="0"/>
<pin id="17863" dir="0" index="2" bw="11" slack="0"/>
<pin id="17864" dir="0" index="3" bw="11" slack="0"/>
<pin id="17865" dir="1" index="4" bw="16" slack="0"/>
</pin_list>
<bind>
<opcode="partselect(1002) " fcode="partselect"/>
<opset="a_V_59/1 "/>
</bind>
</comp>

<comp id="17870" class="1004" name="a_V_60_fu_17870">
<pin_list>
<pin id="17871" dir="0" index="0" bw="16" slack="0"/>
<pin id="17872" dir="0" index="1" bw="1024" slack="0"/>
<pin id="17873" dir="0" index="2" bw="11" slack="0"/>
<pin id="17874" dir="0" index="3" bw="11" slack="0"/>
<pin id="17875" dir="1" index="4" bw="16" slack="0"/>
</pin_list>
<bind>
<opcode="partselect(1002) " fcode="partselect"/>
<opset="a_V_60/1 "/>
</bind>
</comp>

<comp id="17880" class="1004" name="sext_ln1347_fu_17880">
<pin_list>
<pin id="17881" dir="0" index="0" bw="16" slack="0"/>
<pin id="17882" dir="1" index="1" bw="26" slack="0"/>
</pin_list>
<bind>
<opcode="sext(35) " fcode="sext"/>
<opset="sext_ln1347/1 "/>
</bind>
</comp>

<comp id="17885" class="1004" name="sext_ln1347_1_fu_17885">
<pin_list>
<pin id="17886" dir="0" index="0" bw="16" slack="0"/>
<pin id="17887" dir="1" index="1" bw="26" slack="0"/>
</pin_list>
<bind>
<opcode="sext(35) " fcode="sext"/>
<opset="sext_ln1347_1/1 "/>
</bind>
</comp>

<comp id="17890" class="1004" name="sext_ln1347_2_fu_17890">
<pin_list>
<pin id="17891" dir="0" index="0" bw="16" slack="0"/>
<pin id="17892" dir="1" index="1" bw="26" slack="0"/>
</pin_list>
<bind>
<opcode="sext(35) " fcode="sext"/>
<opset="sext_ln1347_2/1 "/>
</bind>
</comp>

<comp id="17895" class="1004" name="sext_ln1347_3_fu_17895">
<pin_list>
<pin id="17896" dir="0" index="0" bw="16" slack="0"/>
<pin id="17897" dir="1" index="1" bw="26" slack="0"/>
</pin_list>
<bind>
<opcode="sext(35) " fcode="sext"/>
<opset="sext_ln1347_3/1 "/>
</bind>
</comp>

<comp id="17900" class="1004" name="sext_ln1347_4_fu_17900">
<pin_list>
<pin id="17901" dir="0" index="0" bw="16" slack="0"/>
<pin id="17902" dir="1" index="1" bw="26" slack="0"/>
</pin_list>
<bind>
<opcode="sext(35) " fcode="sext"/>
<opset="sext_ln1347_4/1 "/>
</bind>
</comp>

<comp id="17905" class="1004" name="sext_ln1347_5_fu_17905">
<pin_list>
<pin id="17906" dir="0" index="0" bw="16" slack="0"/>
<pin id="17907" dir="1" index="1" bw="26" slack="0"/>
</pin_list>
<bind>
<opcode="sext(35) " fcode="sext"/>
<opset="sext_ln1347_5/1 "/>
</bind>
</comp>

<comp id="17910" class="1004" name="sext_ln1347_6_fu_17910">
<pin_list>
<pin id="17911" dir="0" index="0" bw="16" slack="0"/>
<pin id="17912" dir="1" index="1" bw="26" slack="0"/>
</pin_list>
<bind>
<opcode="sext(35) " fcode="sext"/>
<opset="sext_ln1347_6/1 "/>
</bind>
</comp>

<comp id="17915" class="1004" name="sext_ln1347_7_fu_17915">
<pin_list>
<pin id="17916" dir="0" index="0" bw="16" slack="0"/>
<pin id="17917" dir="1" index="1" bw="26" slack="0"/>
</pin_list>
<bind>
<opcode="sext(35) " fcode="sext"/>
<opset="sext_ln1347_7/1 "/>
</bind>
</comp>

<comp id="17920" class="1004" name="sext_ln1347_8_fu_17920">
<pin_list>
<pin id="17921" dir="0" index="0" bw="16" slack="0"/>
<pin id="17922" dir="1" index="1" bw="26" slack="0"/>
</pin_list>
<bind>
<opcode="sext(35) " fcode="sext"/>
<opset="sext_ln1347_8/1 "/>
</bind>
</comp>

<comp id="17925" class="1004" name="sext_ln1347_9_fu_17925">
<pin_list>
<pin id="17926" dir="0" index="0" bw="16" slack="0"/>
<pin id="17927" dir="1" index="1" bw="26" slack="0"/>
</pin_list>
<bind>
<opcode="sext(35) " fcode="sext"/>
<opset="sext_ln1347_9/1 "/>
</bind>
</comp>

<comp id="17930" class="1004" name="sext_ln1347_10_fu_17930">
<pin_list>
<pin id="17931" dir="0" index="0" bw="16" slack="0"/>
<pin id="17932" dir="1" index="1" bw="26" slack="0"/>
</pin_list>
<bind>
<opcode="sext(35) " fcode="sext"/>
<opset="sext_ln1347_10/1 "/>
</bind>
</comp>

<comp id="17935" class="1004" name="sext_ln1347_11_fu_17935">
<pin_list>
<pin id="17936" dir="0" index="0" bw="16" slack="0"/>
<pin id="17937" dir="1" index="1" bw="26" slack="0"/>
</pin_list>
<bind>
<opcode="sext(35) " fcode="sext"/>
<opset="sext_ln1347_11/1 "/>
</bind>
</comp>

<comp id="17940" class="1004" name="sext_ln1347_12_fu_17940">
<pin_list>
<pin id="17941" dir="0" index="0" bw="16" slack="0"/>
<pin id="17942" dir="1" index="1" bw="26" slack="0"/>
</pin_list>
<bind>
<opcode="sext(35) " fcode="sext"/>
<opset="sext_ln1347_12/1 "/>
</bind>
</comp>

<comp id="17945" class="1004" name="sext_ln1347_13_fu_17945">
<pin_list>
<pin id="17946" dir="0" index="0" bw="16" slack="0"/>
<pin id="17947" dir="1" index="1" bw="26" slack="0"/>
</pin_list>
<bind>
<opcode="sext(35) " fcode="sext"/>
<opset="sext_ln1347_13/1 "/>
</bind>
</comp>

<comp id="17950" class="1004" name="sext_ln1347_14_fu_17950">
<pin_list>
<pin id="17951" dir="0" index="0" bw="16" slack="0"/>
<pin id="17952" dir="1" index="1" bw="26" slack="0"/>
</pin_list>
<bind>
<opcode="sext(35) " fcode="sext"/>
<opset="sext_ln1347_14/1 "/>
</bind>
</comp>

<comp id="17955" class="1004" name="sext_ln1347_15_fu_17955">
<pin_list>
<pin id="17956" dir="0" index="0" bw="16" slack="0"/>
<pin id="17957" dir="1" index="1" bw="26" slack="0"/>
</pin_list>
<bind>
<opcode="sext(35) " fcode="sext"/>
<opset="sext_ln1347_15/1 "/>
</bind>
</comp>

<comp id="17960" class="1004" name="sext_ln1347_16_fu_17960">
<pin_list>
<pin id="17961" dir="0" index="0" bw="16" slack="0"/>
<pin id="17962" dir="1" index="1" bw="26" slack="0"/>
</pin_list>
<bind>
<opcode="sext(35) " fcode="sext"/>
<opset="sext_ln1347_16/1 "/>
</bind>
</comp>

<comp id="17965" class="1004" name="sext_ln1347_17_fu_17965">
<pin_list>
<pin id="17966" dir="0" index="0" bw="16" slack="0"/>
<pin id="17967" dir="1" index="1" bw="26" slack="0"/>
</pin_list>
<bind>
<opcode="sext(35) " fcode="sext"/>
<opset="sext_ln1347_17/1 "/>
</bind>
</comp>

<comp id="17970" class="1004" name="sext_ln1347_18_fu_17970">
<pin_list>
<pin id="17971" dir="0" index="0" bw="16" slack="0"/>
<pin id="17972" dir="1" index="1" bw="26" slack="0"/>
</pin_list>
<bind>
<opcode="sext(35) " fcode="sext"/>
<opset="sext_ln1347_18/1 "/>
</bind>
</comp>

<comp id="17975" class="1004" name="sext_ln1347_19_fu_17975">
<pin_list>
<pin id="17976" dir="0" index="0" bw="16" slack="0"/>
<pin id="17977" dir="1" index="1" bw="26" slack="0"/>
</pin_list>
<bind>
<opcode="sext(35) " fcode="sext"/>
<opset="sext_ln1347_19/1 "/>
</bind>
</comp>

<comp id="17980" class="1004" name="sext_ln1347_20_fu_17980">
<pin_list>
<pin id="17981" dir="0" index="0" bw="16" slack="0"/>
<pin id="17982" dir="1" index="1" bw="26" slack="0"/>
</pin_list>
<bind>
<opcode="sext(35) " fcode="sext"/>
<opset="sext_ln1347_20/1 "/>
</bind>
</comp>

<comp id="17985" class="1004" name="sext_ln1347_21_fu_17985">
<pin_list>
<pin id="17986" dir="0" index="0" bw="16" slack="0"/>
<pin id="17987" dir="1" index="1" bw="26" slack="0"/>
</pin_list>
<bind>
<opcode="sext(35) " fcode="sext"/>
<opset="sext_ln1347_21/1 "/>
</bind>
</comp>

<comp id="17990" class="1004" name="sext_ln1347_22_fu_17990">
<pin_list>
<pin id="17991" dir="0" index="0" bw="16" slack="0"/>
<pin id="17992" dir="1" index="1" bw="26" slack="0"/>
</pin_list>
<bind>
<opcode="sext(35) " fcode="sext"/>
<opset="sext_ln1347_22/1 "/>
</bind>
</comp>

<comp id="17995" class="1004" name="sext_ln1347_23_fu_17995">
<pin_list>
<pin id="17996" dir="0" index="0" bw="16" slack="0"/>
<pin id="17997" dir="1" index="1" bw="26" slack="0"/>
</pin_list>
<bind>
<opcode="sext(35) " fcode="sext"/>
<opset="sext_ln1347_23/1 "/>
</bind>
</comp>

<comp id="18000" class="1004" name="sext_ln1347_24_fu_18000">
<pin_list>
<pin id="18001" dir="0" index="0" bw="16" slack="0"/>
<pin id="18002" dir="1" index="1" bw="26" slack="0"/>
</pin_list>
<bind>
<opcode="sext(35) " fcode="sext"/>
<opset="sext_ln1347_24/1 "/>
</bind>
</comp>

<comp id="18005" class="1004" name="sext_ln1347_25_fu_18005">
<pin_list>
<pin id="18006" dir="0" index="0" bw="16" slack="0"/>
<pin id="18007" dir="1" index="1" bw="26" slack="0"/>
</pin_list>
<bind>
<opcode="sext(35) " fcode="sext"/>
<opset="sext_ln1347_25/1 "/>
</bind>
</comp>

<comp id="18010" class="1004" name="sext_ln1347_26_fu_18010">
<pin_list>
<pin id="18011" dir="0" index="0" bw="16" slack="0"/>
<pin id="18012" dir="1" index="1" bw="26" slack="0"/>
</pin_list>
<bind>
<opcode="sext(35) " fcode="sext"/>
<opset="sext_ln1347_26/1 "/>
</bind>
</comp>

<comp id="18015" class="1004" name="sext_ln1347_27_fu_18015">
<pin_list>
<pin id="18016" dir="0" index="0" bw="16" slack="0"/>
<pin id="18017" dir="1" index="1" bw="26" slack="0"/>
</pin_list>
<bind>
<opcode="sext(35) " fcode="sext"/>
<opset="sext_ln1347_27/1 "/>
</bind>
</comp>

<comp id="18020" class="1004" name="sext_ln1347_28_fu_18020">
<pin_list>
<pin id="18021" dir="0" index="0" bw="16" slack="0"/>
<pin id="18022" dir="1" index="1" bw="26" slack="0"/>
</pin_list>
<bind>
<opcode="sext(35) " fcode="sext"/>
<opset="sext_ln1347_28/1 "/>
</bind>
</comp>

<comp id="18025" class="1004" name="sext_ln1347_29_fu_18025">
<pin_list>
<pin id="18026" dir="0" index="0" bw="16" slack="0"/>
<pin id="18027" dir="1" index="1" bw="26" slack="0"/>
</pin_list>
<bind>
<opcode="sext(35) " fcode="sext"/>
<opset="sext_ln1347_29/1 "/>
</bind>
</comp>

<comp id="18030" class="1004" name="sext_ln1347_30_fu_18030">
<pin_list>
<pin id="18031" dir="0" index="0" bw="16" slack="0"/>
<pin id="18032" dir="1" index="1" bw="26" slack="0"/>
</pin_list>
<bind>
<opcode="sext(35) " fcode="sext"/>
<opset="sext_ln1347_30/1 "/>
</bind>
</comp>

<comp id="18035" class="1004" name="sext_ln1347_31_fu_18035">
<pin_list>
<pin id="18036" dir="0" index="0" bw="16" slack="0"/>
<pin id="18037" dir="1" index="1" bw="26" slack="0"/>
</pin_list>
<bind>
<opcode="sext(35) " fcode="sext"/>
<opset="sext_ln1347_31/1 "/>
</bind>
</comp>

<comp id="18040" class="1004" name="sext_ln1347_32_fu_18040">
<pin_list>
<pin id="18041" dir="0" index="0" bw="16" slack="0"/>
<pin id="18042" dir="1" index="1" bw="26" slack="0"/>
</pin_list>
<bind>
<opcode="sext(35) " fcode="sext"/>
<opset="sext_ln1347_32/1 "/>
</bind>
</comp>

<comp id="18045" class="1004" name="sext_ln1347_33_fu_18045">
<pin_list>
<pin id="18046" dir="0" index="0" bw="16" slack="0"/>
<pin id="18047" dir="1" index="1" bw="26" slack="0"/>
</pin_list>
<bind>
<opcode="sext(35) " fcode="sext"/>
<opset="sext_ln1347_33/1 "/>
</bind>
</comp>

<comp id="18050" class="1004" name="sext_ln1347_34_fu_18050">
<pin_list>
<pin id="18051" dir="0" index="0" bw="16" slack="0"/>
<pin id="18052" dir="1" index="1" bw="26" slack="0"/>
</pin_list>
<bind>
<opcode="sext(35) " fcode="sext"/>
<opset="sext_ln1347_34/1 "/>
</bind>
</comp>

<comp id="18055" class="1004" name="sext_ln1347_35_fu_18055">
<pin_list>
<pin id="18056" dir="0" index="0" bw="16" slack="0"/>
<pin id="18057" dir="1" index="1" bw="26" slack="0"/>
</pin_list>
<bind>
<opcode="sext(35) " fcode="sext"/>
<opset="sext_ln1347_35/1 "/>
</bind>
</comp>

<comp id="18060" class="1004" name="sext_ln1347_36_fu_18060">
<pin_list>
<pin id="18061" dir="0" index="0" bw="16" slack="0"/>
<pin id="18062" dir="1" index="1" bw="26" slack="0"/>
</pin_list>
<bind>
<opcode="sext(35) " fcode="sext"/>
<opset="sext_ln1347_36/1 "/>
</bind>
</comp>

<comp id="18065" class="1004" name="sext_ln1347_37_fu_18065">
<pin_list>
<pin id="18066" dir="0" index="0" bw="16" slack="0"/>
<pin id="18067" dir="1" index="1" bw="26" slack="0"/>
</pin_list>
<bind>
<opcode="sext(35) " fcode="sext"/>
<opset="sext_ln1347_37/1 "/>
</bind>
</comp>

<comp id="18070" class="1004" name="sext_ln1347_38_fu_18070">
<pin_list>
<pin id="18071" dir="0" index="0" bw="16" slack="0"/>
<pin id="18072" dir="1" index="1" bw="26" slack="0"/>
</pin_list>
<bind>
<opcode="sext(35) " fcode="sext"/>
<opset="sext_ln1347_38/1 "/>
</bind>
</comp>

<comp id="18075" class="1004" name="sext_ln1347_39_fu_18075">
<pin_list>
<pin id="18076" dir="0" index="0" bw="16" slack="0"/>
<pin id="18077" dir="1" index="1" bw="26" slack="0"/>
</pin_list>
<bind>
<opcode="sext(35) " fcode="sext"/>
<opset="sext_ln1347_39/1 "/>
</bind>
</comp>

<comp id="18080" class="1004" name="sext_ln1347_40_fu_18080">
<pin_list>
<pin id="18081" dir="0" index="0" bw="16" slack="0"/>
<pin id="18082" dir="1" index="1" bw="26" slack="0"/>
</pin_list>
<bind>
<opcode="sext(35) " fcode="sext"/>
<opset="sext_ln1347_40/1 "/>
</bind>
</comp>

<comp id="18085" class="1004" name="sext_ln1347_41_fu_18085">
<pin_list>
<pin id="18086" dir="0" index="0" bw="16" slack="0"/>
<pin id="18087" dir="1" index="1" bw="26" slack="0"/>
</pin_list>
<bind>
<opcode="sext(35) " fcode="sext"/>
<opset="sext_ln1347_41/1 "/>
</bind>
</comp>

<comp id="18090" class="1004" name="sext_ln1347_42_fu_18090">
<pin_list>
<pin id="18091" dir="0" index="0" bw="16" slack="0"/>
<pin id="18092" dir="1" index="1" bw="26" slack="0"/>
</pin_list>
<bind>
<opcode="sext(35) " fcode="sext"/>
<opset="sext_ln1347_42/1 "/>
</bind>
</comp>

<comp id="18095" class="1004" name="sext_ln1347_43_fu_18095">
<pin_list>
<pin id="18096" dir="0" index="0" bw="16" slack="0"/>
<pin id="18097" dir="1" index="1" bw="26" slack="0"/>
</pin_list>
<bind>
<opcode="sext(35) " fcode="sext"/>
<opset="sext_ln1347_43/1 "/>
</bind>
</comp>

<comp id="18100" class="1004" name="sext_ln1347_44_fu_18100">
<pin_list>
<pin id="18101" dir="0" index="0" bw="16" slack="0"/>
<pin id="18102" dir="1" index="1" bw="26" slack="0"/>
</pin_list>
<bind>
<opcode="sext(35) " fcode="sext"/>
<opset="sext_ln1347_44/1 "/>
</bind>
</comp>

<comp id="18105" class="1004" name="sext_ln1347_45_fu_18105">
<pin_list>
<pin id="18106" dir="0" index="0" bw="16" slack="0"/>
<pin id="18107" dir="1" index="1" bw="26" slack="0"/>
</pin_list>
<bind>
<opcode="sext(35) " fcode="sext"/>
<opset="sext_ln1347_45/1 "/>
</bind>
</comp>

<comp id="18110" class="1004" name="sext_ln1347_46_fu_18110">
<pin_list>
<pin id="18111" dir="0" index="0" bw="16" slack="0"/>
<pin id="18112" dir="1" index="1" bw="26" slack="0"/>
</pin_list>
<bind>
<opcode="sext(35) " fcode="sext"/>
<opset="sext_ln1347_46/1 "/>
</bind>
</comp>

<comp id="18115" class="1004" name="sext_ln1347_47_fu_18115">
<pin_list>
<pin id="18116" dir="0" index="0" bw="16" slack="0"/>
<pin id="18117" dir="1" index="1" bw="26" slack="0"/>
</pin_list>
<bind>
<opcode="sext(35) " fcode="sext"/>
<opset="sext_ln1347_47/1 "/>
</bind>
</comp>

<comp id="18120" class="1004" name="sext_ln1347_48_fu_18120">
<pin_list>
<pin id="18121" dir="0" index="0" bw="16" slack="0"/>
<pin id="18122" dir="1" index="1" bw="26" slack="0"/>
</pin_list>
<bind>
<opcode="sext(35) " fcode="sext"/>
<opset="sext_ln1347_48/1 "/>
</bind>
</comp>

<comp id="18125" class="1004" name="sext_ln1347_49_fu_18125">
<pin_list>
<pin id="18126" dir="0" index="0" bw="16" slack="0"/>
<pin id="18127" dir="1" index="1" bw="26" slack="0"/>
</pin_list>
<bind>
<opcode="sext(35) " fcode="sext"/>
<opset="sext_ln1347_49/1 "/>
</bind>
</comp>

<comp id="18130" class="1004" name="sext_ln1347_50_fu_18130">
<pin_list>
<pin id="18131" dir="0" index="0" bw="16" slack="0"/>
<pin id="18132" dir="1" index="1" bw="26" slack="0"/>
</pin_list>
<bind>
<opcode="sext(35) " fcode="sext"/>
<opset="sext_ln1347_50/1 "/>
</bind>
</comp>

<comp id="18135" class="1004" name="sext_ln1347_51_fu_18135">
<pin_list>
<pin id="18136" dir="0" index="0" bw="16" slack="0"/>
<pin id="18137" dir="1" index="1" bw="26" slack="0"/>
</pin_list>
<bind>
<opcode="sext(35) " fcode="sext"/>
<opset="sext_ln1347_51/1 "/>
</bind>
</comp>

<comp id="18140" class="1004" name="sext_ln1347_52_fu_18140">
<pin_list>
<pin id="18141" dir="0" index="0" bw="16" slack="0"/>
<pin id="18142" dir="1" index="1" bw="26" slack="0"/>
</pin_list>
<bind>
<opcode="sext(35) " fcode="sext"/>
<opset="sext_ln1347_52/1 "/>
</bind>
</comp>

<comp id="18145" class="1004" name="sext_ln1347_53_fu_18145">
<pin_list>
<pin id="18146" dir="0" index="0" bw="16" slack="0"/>
<pin id="18147" dir="1" index="1" bw="26" slack="0"/>
</pin_list>
<bind>
<opcode="sext(35) " fcode="sext"/>
<opset="sext_ln1347_53/1 "/>
</bind>
</comp>

<comp id="18150" class="1004" name="sext_ln1347_54_fu_18150">
<pin_list>
<pin id="18151" dir="0" index="0" bw="16" slack="0"/>
<pin id="18152" dir="1" index="1" bw="26" slack="0"/>
</pin_list>
<bind>
<opcode="sext(35) " fcode="sext"/>
<opset="sext_ln1347_54/1 "/>
</bind>
</comp>

<comp id="18155" class="1004" name="sext_ln1347_55_fu_18155">
<pin_list>
<pin id="18156" dir="0" index="0" bw="16" slack="0"/>
<pin id="18157" dir="1" index="1" bw="26" slack="0"/>
</pin_list>
<bind>
<opcode="sext(35) " fcode="sext"/>
<opset="sext_ln1347_55/1 "/>
</bind>
</comp>

<comp id="18160" class="1004" name="sext_ln1347_56_fu_18160">
<pin_list>
<pin id="18161" dir="0" index="0" bw="16" slack="0"/>
<pin id="18162" dir="1" index="1" bw="26" slack="0"/>
</pin_list>
<bind>
<opcode="sext(35) " fcode="sext"/>
<opset="sext_ln1347_56/1 "/>
</bind>
</comp>

<comp id="18165" class="1004" name="tmp_fu_18165">
<pin_list>
<pin id="18166" dir="0" index="0" bw="14" slack="0"/>
<pin id="18167" dir="0" index="1" bw="1024" slack="0"/>
<pin id="18168" dir="0" index="2" bw="11" slack="0"/>
<pin id="18169" dir="0" index="3" bw="11" slack="0"/>
<pin id="18170" dir="1" index="4" bw="14" slack="0"/>
</pin_list>
<bind>
<opcode="partselect(1002) " fcode="partselect"/>
<opset="tmp/1 "/>
</bind>
</comp>

<comp id="18175" class="1004" name="shl_ln_fu_18175">
<pin_list>
<pin id="18176" dir="0" index="0" bw="26" slack="0"/>
<pin id="18177" dir="0" index="1" bw="14" slack="0"/>
<pin id="18178" dir="0" index="2" bw="1" slack="0"/>
<pin id="18179" dir="1" index="3" bw="26" slack="0"/>
</pin_list>
<bind>
<opcode="bitconcatenate(1004) " fcode="bitconcatenate"/>
<opset="shl_ln/1 "/>
</bind>
</comp>

<comp id="18183" class="1004" name="tmp_70_fu_18183">
<pin_list>
<pin id="18184" dir="0" index="0" bw="16" slack="0"/>
<pin id="18185" dir="0" index="1" bw="1024" slack="0"/>
<pin id="18186" dir="0" index="2" bw="11" slack="0"/>
<pin id="18187" dir="0" index="3" bw="11" slack="0"/>
<pin id="18188" dir="1" index="4" bw="16" slack="0"/>
</pin_list>
<bind>
<opcode="partselect(1002) " fcode="partselect"/>
<opset="tmp_70/1 "/>
</bind>
</comp>

<comp id="18193" class="1004" name="shl_ln1273_1_fu_18193">
<pin_list>
<pin id="18194" dir="0" index="0" bw="21" slack="0"/>
<pin id="18195" dir="0" index="1" bw="16" slack="0"/>
<pin id="18196" dir="0" index="2" bw="1" slack="0"/>
<pin id="18197" dir="1" index="3" bw="21" slack="0"/>
</pin_list>
<bind>
<opcode="bitconcatenate(1004) " fcode="bitconcatenate"/>
<opset="shl_ln1273_1/1 "/>
</bind>
</comp>

<comp id="18201" class="1004" name="sext_ln1347_63_fu_18201">
<pin_list>
<pin id="18202" dir="0" index="0" bw="21" slack="0"/>
<pin id="18203" dir="1" index="1" bw="22" slack="0"/>
</pin_list>
<bind>
<opcode="sext(35) " fcode="sext"/>
<opset="sext_ln1347_63/1 "/>
</bind>
</comp>

<comp id="18205" class="1004" name="add_ln1347_fu_18205">
<pin_list>
<pin id="18206" dir="0" index="0" bw="21" slack="0"/>
<pin id="18207" dir="0" index="1" bw="18" slack="0"/>
<pin id="18208" dir="1" index="2" bw="22" slack="0"/>
</pin_list>
<bind>
<opcode="add(8) " fcode="add"/>
<opset="add_ln1347/1 "/>
</bind>
</comp>

<comp id="18211" class="1004" name="sext_ln1347_64_fu_18211">
<pin_list>
<pin id="18212" dir="0" index="0" bw="22" slack="0"/>
<pin id="18213" dir="1" index="1" bw="26" slack="0"/>
</pin_list>
<bind>
<opcode="sext(35) " fcode="sext"/>
<opset="sext_ln1347_64/1 "/>
</bind>
</comp>

<comp id="18215" class="1004" name="ret_V_70_fu_18215">
<pin_list>
<pin id="18216" dir="0" index="0" bw="22" slack="0"/>
<pin id="18217" dir="0" index="1" bw="26" slack="0"/>
<pin id="18218" dir="1" index="2" bw="26" slack="0"/>
</pin_list>
<bind>
<opcode="add(8) " fcode="add"/>
<opset="ret_V_70/1 "/>
</bind>
</comp>

<comp id="18221" class="1004" name="trunc_ln818_56_fu_18221">
<pin_list>
<pin id="18222" dir="0" index="0" bw="16" slack="0"/>
<pin id="18223" dir="0" index="1" bw="26" slack="0"/>
<pin id="18224" dir="0" index="2" bw="5" slack="0"/>
<pin id="18225" dir="0" index="3" bw="6" slack="0"/>
<pin id="18226" dir="1" index="4" bw="16" slack="1"/>
</pin_list>
<bind>
<opcode="partselect(1002) " fcode="partselect"/>
<opset="trunc_ln818_56/1 "/>
</bind>
</comp>

<comp id="18231" class="1004" name="sext_ln1347_57_fu_18231">
<pin_list>
<pin id="18232" dir="0" index="0" bw="16" slack="0"/>
<pin id="18233" dir="1" index="1" bw="26" slack="0"/>
</pin_list>
<bind>
<opcode="sext(35) " fcode="sext"/>
<opset="sext_ln1347_57/1 "/>
</bind>
</comp>

<comp id="18236" class="1004" name="sext_ln1347_58_fu_18236">
<pin_list>
<pin id="18237" dir="0" index="0" bw="16" slack="0"/>
<pin id="18238" dir="1" index="1" bw="26" slack="0"/>
</pin_list>
<bind>
<opcode="sext(35) " fcode="sext"/>
<opset="sext_ln1347_58/1 "/>
</bind>
</comp>

<comp id="18241" class="1004" name="sext_ln1347_59_fu_18241">
<pin_list>
<pin id="18242" dir="0" index="0" bw="16" slack="0"/>
<pin id="18243" dir="1" index="1" bw="26" slack="0"/>
</pin_list>
<bind>
<opcode="sext(35) " fcode="sext"/>
<opset="sext_ln1347_59/1 "/>
</bind>
</comp>

<comp id="18246" class="1004" name="sext_ln1347_60_fu_18246">
<pin_list>
<pin id="18247" dir="0" index="0" bw="16" slack="0"/>
<pin id="18248" dir="1" index="1" bw="26" slack="0"/>
</pin_list>
<bind>
<opcode="sext(35) " fcode="sext"/>
<opset="sext_ln1347_60/1 "/>
</bind>
</comp>

<comp id="18251" class="1004" name="sext_ln1347_61_fu_18251">
<pin_list>
<pin id="18252" dir="0" index="0" bw="16" slack="0"/>
<pin id="18253" dir="1" index="1" bw="26" slack="0"/>
</pin_list>
<bind>
<opcode="sext(35) " fcode="sext"/>
<opset="sext_ln1347_61/1 "/>
</bind>
</comp>

<comp id="18256" class="1004" name="sext_ln1347_62_fu_18256">
<pin_list>
<pin id="18257" dir="0" index="0" bw="16" slack="0"/>
<pin id="18258" dir="1" index="1" bw="26" slack="0"/>
</pin_list>
<bind>
<opcode="sext(35) " fcode="sext"/>
<opset="sext_ln1347_62/1 "/>
</bind>
</comp>

<comp id="18261" class="1004" name="ret_V_fu_18261">
<pin_list>
<pin id="18262" dir="0" index="0" bw="26" slack="1"/>
<pin id="18263" dir="0" index="1" bw="16" slack="0"/>
<pin id="18264" dir="1" index="2" bw="26" slack="0"/>
</pin_list>
<bind>
<opcode="add(8) " fcode="add"/>
<opset="ret_V/2 "/>
</bind>
</comp>

<comp id="18267" class="1004" name="trunc_ln_fu_18267">
<pin_list>
<pin id="18268" dir="0" index="0" bw="16" slack="0"/>
<pin id="18269" dir="0" index="1" bw="26" slack="0"/>
<pin id="18270" dir="0" index="2" bw="5" slack="0"/>
<pin id="18271" dir="0" index="3" bw="6" slack="0"/>
<pin id="18272" dir="1" index="4" bw="16" slack="0"/>
</pin_list>
<bind>
<opcode="partselect(1002) " fcode="partselect"/>
<opset="trunc_ln/2 "/>
</bind>
</comp>

<comp id="18277" class="1004" name="ret_V_14_fu_18277">
<pin_list>
<pin id="18278" dir="0" index="0" bw="26" slack="1"/>
<pin id="18279" dir="0" index="1" bw="22" slack="0"/>
<pin id="18280" dir="1" index="2" bw="26" slack="0"/>
</pin_list>
<bind>
<opcode="add(8) " fcode="add"/>
<opset="ret_V_14/2 "/>
</bind>
</comp>

<comp id="18283" class="1004" name="trunc_ln818_2_fu_18283">
<pin_list>
<pin id="18284" dir="0" index="0" bw="16" slack="0"/>
<pin id="18285" dir="0" index="1" bw="26" slack="0"/>
<pin id="18286" dir="0" index="2" bw="5" slack="0"/>
<pin id="18287" dir="0" index="3" bw="6" slack="0"/>
<pin id="18288" dir="1" index="4" bw="16" slack="0"/>
</pin_list>
<bind>
<opcode="partselect(1002) " fcode="partselect"/>
<opset="trunc_ln818_2/2 "/>
</bind>
</comp>

<comp id="18293" class="1004" name="ret_V_15_fu_18293">
<pin_list>
<pin id="18294" dir="0" index="0" bw="26" slack="1"/>
<pin id="18295" dir="0" index="1" bw="21" slack="0"/>
<pin id="18296" dir="1" index="2" bw="26" slack="0"/>
</pin_list>
<bind>
<opcode="add(8) " fcode="add"/>
<opset="ret_V_15/2 "/>
</bind>
</comp>

<comp id="18299" class="1004" name="trunc_ln818_3_fu_18299">
<pin_list>
<pin id="18300" dir="0" index="0" bw="16" slack="0"/>
<pin id="18301" dir="0" index="1" bw="26" slack="0"/>
<pin id="18302" dir="0" index="2" bw="5" slack="0"/>
<pin id="18303" dir="0" index="3" bw="6" slack="0"/>
<pin id="18304" dir="1" index="4" bw="16" slack="0"/>
</pin_list>
<bind>
<opcode="partselect(1002) " fcode="partselect"/>
<opset="trunc_ln818_3/2 "/>
</bind>
</comp>

<comp id="18309" class="1004" name="ret_V_16_fu_18309">
<pin_list>
<pin id="18310" dir="0" index="0" bw="26" slack="1"/>
<pin id="18311" dir="0" index="1" bw="19" slack="0"/>
<pin id="18312" dir="1" index="2" bw="26" slack="0"/>
</pin_list>
<bind>
<opcode="add(8) " fcode="add"/>
<opset="ret_V_16/2 "/>
</bind>
</comp>

<comp id="18315" class="1004" name="trunc_ln818_4_fu_18315">
<pin_list>
<pin id="18316" dir="0" index="0" bw="16" slack="0"/>
<pin id="18317" dir="0" index="1" bw="26" slack="0"/>
<pin id="18318" dir="0" index="2" bw="5" slack="0"/>
<pin id="18319" dir="0" index="3" bw="6" slack="0"/>
<pin id="18320" dir="1" index="4" bw="16" slack="0"/>
</pin_list>
<bind>
<opcode="partselect(1002) " fcode="partselect"/>
<opset="trunc_ln818_4/2 "/>
</bind>
</comp>

<comp id="18325" class="1004" name="ret_V_17_fu_18325">
<pin_list>
<pin id="18326" dir="0" index="0" bw="26" slack="1"/>
<pin id="18327" dir="0" index="1" bw="18" slack="0"/>
<pin id="18328" dir="1" index="2" bw="26" slack="0"/>
</pin_list>
<bind>
<opcode="add(8) " fcode="add"/>
<opset="ret_V_17/2 "/>
</bind>
</comp>

<comp id="18331" class="1004" name="trunc_ln818_5_fu_18331">
<pin_list>
<pin id="18332" dir="0" index="0" bw="16" slack="0"/>
<pin id="18333" dir="0" index="1" bw="26" slack="0"/>
<pin id="18334" dir="0" index="2" bw="5" slack="0"/>
<pin id="18335" dir="0" index="3" bw="6" slack="0"/>
<pin id="18336" dir="1" index="4" bw="16" slack="0"/>
</pin_list>
<bind>
<opcode="partselect(1002) " fcode="partselect"/>
<opset="trunc_ln818_5/2 "/>
</bind>
</comp>

<comp id="18341" class="1004" name="ret_V_18_fu_18341">
<pin_list>
<pin id="18342" dir="0" index="0" bw="26" slack="1"/>
<pin id="18343" dir="0" index="1" bw="20" slack="0"/>
<pin id="18344" dir="1" index="2" bw="26" slack="0"/>
</pin_list>
<bind>
<opcode="add(8) " fcode="add"/>
<opset="ret_V_18/2 "/>
</bind>
</comp>

<comp id="18347" class="1004" name="trunc_ln818_6_fu_18347">
<pin_list>
<pin id="18348" dir="0" index="0" bw="16" slack="0"/>
<pin id="18349" dir="0" index="1" bw="26" slack="0"/>
<pin id="18350" dir="0" index="2" bw="5" slack="0"/>
<pin id="18351" dir="0" index="3" bw="6" slack="0"/>
<pin id="18352" dir="1" index="4" bw="16" slack="0"/>
</pin_list>
<bind>
<opcode="partselect(1002) " fcode="partselect"/>
<opset="trunc_ln818_6/2 "/>
</bind>
</comp>

<comp id="18357" class="1004" name="ret_V_19_fu_18357">
<pin_list>
<pin id="18358" dir="0" index="0" bw="26" slack="1"/>
<pin id="18359" dir="0" index="1" bw="18" slack="0"/>
<pin id="18360" dir="1" index="2" bw="26" slack="0"/>
</pin_list>
<bind>
<opcode="add(8) " fcode="add"/>
<opset="ret_V_19/2 "/>
</bind>
</comp>

<comp id="18363" class="1004" name="trunc_ln818_7_fu_18363">
<pin_list>
<pin id="18364" dir="0" index="0" bw="16" slack="0"/>
<pin id="18365" dir="0" index="1" bw="26" slack="0"/>
<pin id="18366" dir="0" index="2" bw="5" slack="0"/>
<pin id="18367" dir="0" index="3" bw="6" slack="0"/>
<pin id="18368" dir="1" index="4" bw="16" slack="0"/>
</pin_list>
<bind>
<opcode="partselect(1002) " fcode="partselect"/>
<opset="trunc_ln818_7/2 "/>
</bind>
</comp>

<comp id="18373" class="1004" name="ret_V_20_fu_18373">
<pin_list>
<pin id="18374" dir="0" index="0" bw="26" slack="1"/>
<pin id="18375" dir="0" index="1" bw="19" slack="0"/>
<pin id="18376" dir="1" index="2" bw="26" slack="0"/>
</pin_list>
<bind>
<opcode="add(8) " fcode="add"/>
<opset="ret_V_20/2 "/>
</bind>
</comp>

<comp id="18379" class="1004" name="trunc_ln818_8_fu_18379">
<pin_list>
<pin id="18380" dir="0" index="0" bw="16" slack="0"/>
<pin id="18381" dir="0" index="1" bw="26" slack="0"/>
<pin id="18382" dir="0" index="2" bw="5" slack="0"/>
<pin id="18383" dir="0" index="3" bw="6" slack="0"/>
<pin id="18384" dir="1" index="4" bw="16" slack="0"/>
</pin_list>
<bind>
<opcode="partselect(1002) " fcode="partselect"/>
<opset="trunc_ln818_8/2 "/>
</bind>
</comp>

<comp id="18389" class="1004" name="ret_V_21_fu_18389">
<pin_list>
<pin id="18390" dir="0" index="0" bw="26" slack="1"/>
<pin id="18391" dir="0" index="1" bw="21" slack="0"/>
<pin id="18392" dir="1" index="2" bw="26" slack="0"/>
</pin_list>
<bind>
<opcode="add(8) " fcode="add"/>
<opset="ret_V_21/2 "/>
</bind>
</comp>

<comp id="18395" class="1004" name="trunc_ln818_9_fu_18395">
<pin_list>
<pin id="18396" dir="0" index="0" bw="16" slack="0"/>
<pin id="18397" dir="0" index="1" bw="26" slack="0"/>
<pin id="18398" dir="0" index="2" bw="5" slack="0"/>
<pin id="18399" dir="0" index="3" bw="6" slack="0"/>
<pin id="18400" dir="1" index="4" bw="16" slack="0"/>
</pin_list>
<bind>
<opcode="partselect(1002) " fcode="partselect"/>
<opset="trunc_ln818_9/2 "/>
</bind>
</comp>

<comp id="18405" class="1004" name="ret_V_22_fu_18405">
<pin_list>
<pin id="18406" dir="0" index="0" bw="26" slack="1"/>
<pin id="18407" dir="0" index="1" bw="21" slack="0"/>
<pin id="18408" dir="1" index="2" bw="26" slack="0"/>
</pin_list>
<bind>
<opcode="add(8) " fcode="add"/>
<opset="ret_V_22/2 "/>
</bind>
</comp>

<comp id="18411" class="1004" name="trunc_ln818_s_fu_18411">
<pin_list>
<pin id="18412" dir="0" index="0" bw="16" slack="0"/>
<pin id="18413" dir="0" index="1" bw="26" slack="0"/>
<pin id="18414" dir="0" index="2" bw="5" slack="0"/>
<pin id="18415" dir="0" index="3" bw="6" slack="0"/>
<pin id="18416" dir="1" index="4" bw="16" slack="0"/>
</pin_list>
<bind>
<opcode="partselect(1002) " fcode="partselect"/>
<opset="trunc_ln818_s/2 "/>
</bind>
</comp>

<comp id="18421" class="1004" name="ret_V_23_fu_18421">
<pin_list>
<pin id="18422" dir="0" index="0" bw="26" slack="1"/>
<pin id="18423" dir="0" index="1" bw="15" slack="0"/>
<pin id="18424" dir="1" index="2" bw="26" slack="0"/>
</pin_list>
<bind>
<opcode="add(8) " fcode="add"/>
<opset="ret_V_23/2 "/>
</bind>
</comp>

<comp id="18427" class="1004" name="trunc_ln818_1_fu_18427">
<pin_list>
<pin id="18428" dir="0" index="0" bw="16" slack="0"/>
<pin id="18429" dir="0" index="1" bw="26" slack="0"/>
<pin id="18430" dir="0" index="2" bw="5" slack="0"/>
<pin id="18431" dir="0" index="3" bw="6" slack="0"/>
<pin id="18432" dir="1" index="4" bw="16" slack="0"/>
</pin_list>
<bind>
<opcode="partselect(1002) " fcode="partselect"/>
<opset="trunc_ln818_1/2 "/>
</bind>
</comp>

<comp id="18437" class="1004" name="ret_V_24_fu_18437">
<pin_list>
<pin id="18438" dir="0" index="0" bw="26" slack="1"/>
<pin id="18439" dir="0" index="1" bw="20" slack="0"/>
<pin id="18440" dir="1" index="2" bw="26" slack="0"/>
</pin_list>
<bind>
<opcode="add(8) " fcode="add"/>
<opset="ret_V_24/2 "/>
</bind>
</comp>

<comp id="18443" class="1004" name="trunc_ln818_10_fu_18443">
<pin_list>
<pin id="18444" dir="0" index="0" bw="16" slack="0"/>
<pin id="18445" dir="0" index="1" bw="26" slack="0"/>
<pin id="18446" dir="0" index="2" bw="5" slack="0"/>
<pin id="18447" dir="0" index="3" bw="6" slack="0"/>
<pin id="18448" dir="1" index="4" bw="16" slack="0"/>
</pin_list>
<bind>
<opcode="partselect(1002) " fcode="partselect"/>
<opset="trunc_ln818_10/2 "/>
</bind>
</comp>

<comp id="18453" class="1004" name="ret_V_25_fu_18453">
<pin_list>
<pin id="18454" dir="0" index="0" bw="26" slack="1"/>
<pin id="18455" dir="0" index="1" bw="21" slack="0"/>
<pin id="18456" dir="1" index="2" bw="26" slack="0"/>
</pin_list>
<bind>
<opcode="add(8) " fcode="add"/>
<opset="ret_V_25/2 "/>
</bind>
</comp>

<comp id="18459" class="1004" name="trunc_ln818_11_fu_18459">
<pin_list>
<pin id="18460" dir="0" index="0" bw="16" slack="0"/>
<pin id="18461" dir="0" index="1" bw="26" slack="0"/>
<pin id="18462" dir="0" index="2" bw="5" slack="0"/>
<pin id="18463" dir="0" index="3" bw="6" slack="0"/>
<pin id="18464" dir="1" index="4" bw="16" slack="0"/>
</pin_list>
<bind>
<opcode="partselect(1002) " fcode="partselect"/>
<opset="trunc_ln818_11/2 "/>
</bind>
</comp>

<comp id="18469" class="1004" name="ret_V_26_fu_18469">
<pin_list>
<pin id="18470" dir="0" index="0" bw="26" slack="1"/>
<pin id="18471" dir="0" index="1" bw="21" slack="0"/>
<pin id="18472" dir="1" index="2" bw="26" slack="0"/>
</pin_list>
<bind>
<opcode="add(8) " fcode="add"/>
<opset="ret_V_26/2 "/>
</bind>
</comp>

<comp id="18475" class="1004" name="trunc_ln818_12_fu_18475">
<pin_list>
<pin id="18476" dir="0" index="0" bw="16" slack="0"/>
<pin id="18477" dir="0" index="1" bw="26" slack="0"/>
<pin id="18478" dir="0" index="2" bw="5" slack="0"/>
<pin id="18479" dir="0" index="3" bw="6" slack="0"/>
<pin id="18480" dir="1" index="4" bw="16" slack="0"/>
</pin_list>
<bind>
<opcode="partselect(1002) " fcode="partselect"/>
<opset="trunc_ln818_12/2 "/>
</bind>
</comp>

<comp id="18485" class="1004" name="ret_V_27_fu_18485">
<pin_list>
<pin id="18486" dir="0" index="0" bw="26" slack="1"/>
<pin id="18487" dir="0" index="1" bw="17" slack="0"/>
<pin id="18488" dir="1" index="2" bw="26" slack="0"/>
</pin_list>
<bind>
<opcode="add(8) " fcode="add"/>
<opset="ret_V_27/2 "/>
</bind>
</comp>

<comp id="18491" class="1004" name="trunc_ln818_13_fu_18491">
<pin_list>
<pin id="18492" dir="0" index="0" bw="16" slack="0"/>
<pin id="18493" dir="0" index="1" bw="26" slack="0"/>
<pin id="18494" dir="0" index="2" bw="5" slack="0"/>
<pin id="18495" dir="0" index="3" bw="6" slack="0"/>
<pin id="18496" dir="1" index="4" bw="16" slack="0"/>
</pin_list>
<bind>
<opcode="partselect(1002) " fcode="partselect"/>
<opset="trunc_ln818_13/2 "/>
</bind>
</comp>

<comp id="18501" class="1004" name="ret_V_28_fu_18501">
<pin_list>
<pin id="18502" dir="0" index="0" bw="26" slack="1"/>
<pin id="18503" dir="0" index="1" bw="21" slack="0"/>
<pin id="18504" dir="1" index="2" bw="26" slack="0"/>
</pin_list>
<bind>
<opcode="add(8) " fcode="add"/>
<opset="ret_V_28/2 "/>
</bind>
</comp>

<comp id="18507" class="1004" name="trunc_ln818_14_fu_18507">
<pin_list>
<pin id="18508" dir="0" index="0" bw="16" slack="0"/>
<pin id="18509" dir="0" index="1" bw="26" slack="0"/>
<pin id="18510" dir="0" index="2" bw="5" slack="0"/>
<pin id="18511" dir="0" index="3" bw="6" slack="0"/>
<pin id="18512" dir="1" index="4" bw="16" slack="0"/>
</pin_list>
<bind>
<opcode="partselect(1002) " fcode="partselect"/>
<opset="trunc_ln818_14/2 "/>
</bind>
</comp>

<comp id="18517" class="1004" name="ret_V_29_fu_18517">
<pin_list>
<pin id="18518" dir="0" index="0" bw="26" slack="1"/>
<pin id="18519" dir="0" index="1" bw="21" slack="0"/>
<pin id="18520" dir="1" index="2" bw="26" slack="0"/>
</pin_list>
<bind>
<opcode="add(8) " fcode="add"/>
<opset="ret_V_29/2 "/>
</bind>
</comp>

<comp id="18523" class="1004" name="trunc_ln818_15_fu_18523">
<pin_list>
<pin id="18524" dir="0" index="0" bw="16" slack="0"/>
<pin id="18525" dir="0" index="1" bw="26" slack="0"/>
<pin id="18526" dir="0" index="2" bw="5" slack="0"/>
<pin id="18527" dir="0" index="3" bw="6" slack="0"/>
<pin id="18528" dir="1" index="4" bw="16" slack="0"/>
</pin_list>
<bind>
<opcode="partselect(1002) " fcode="partselect"/>
<opset="trunc_ln818_15/2 "/>
</bind>
</comp>

<comp id="18533" class="1004" name="ret_V_30_fu_18533">
<pin_list>
<pin id="18534" dir="0" index="0" bw="26" slack="1"/>
<pin id="18535" dir="0" index="1" bw="17" slack="0"/>
<pin id="18536" dir="1" index="2" bw="26" slack="0"/>
</pin_list>
<bind>
<opcode="add(8) " fcode="add"/>
<opset="ret_V_30/2 "/>
</bind>
</comp>

<comp id="18539" class="1004" name="trunc_ln818_16_fu_18539">
<pin_list>
<pin id="18540" dir="0" index="0" bw="16" slack="0"/>
<pin id="18541" dir="0" index="1" bw="26" slack="0"/>
<pin id="18542" dir="0" index="2" bw="5" slack="0"/>
<pin id="18543" dir="0" index="3" bw="6" slack="0"/>
<pin id="18544" dir="1" index="4" bw="16" slack="0"/>
</pin_list>
<bind>
<opcode="partselect(1002) " fcode="partselect"/>
<opset="trunc_ln818_16/2 "/>
</bind>
</comp>

<comp id="18549" class="1004" name="ret_V_31_fu_18549">
<pin_list>
<pin id="18550" dir="0" index="0" bw="26" slack="1"/>
<pin id="18551" dir="0" index="1" bw="21" slack="0"/>
<pin id="18552" dir="1" index="2" bw="26" slack="0"/>
</pin_list>
<bind>
<opcode="add(8) " fcode="add"/>
<opset="ret_V_31/2 "/>
</bind>
</comp>

<comp id="18555" class="1004" name="trunc_ln818_17_fu_18555">
<pin_list>
<pin id="18556" dir="0" index="0" bw="16" slack="0"/>
<pin id="18557" dir="0" index="1" bw="26" slack="0"/>
<pin id="18558" dir="0" index="2" bw="5" slack="0"/>
<pin id="18559" dir="0" index="3" bw="6" slack="0"/>
<pin id="18560" dir="1" index="4" bw="16" slack="0"/>
</pin_list>
<bind>
<opcode="partselect(1002) " fcode="partselect"/>
<opset="trunc_ln818_17/2 "/>
</bind>
</comp>

<comp id="18565" class="1004" name="ret_V_32_fu_18565">
<pin_list>
<pin id="18566" dir="0" index="0" bw="26" slack="1"/>
<pin id="18567" dir="0" index="1" bw="21" slack="0"/>
<pin id="18568" dir="1" index="2" bw="26" slack="0"/>
</pin_list>
<bind>
<opcode="add(8) " fcode="add"/>
<opset="ret_V_32/2 "/>
</bind>
</comp>

<comp id="18571" class="1004" name="trunc_ln818_18_fu_18571">
<pin_list>
<pin id="18572" dir="0" index="0" bw="16" slack="0"/>
<pin id="18573" dir="0" index="1" bw="26" slack="0"/>
<pin id="18574" dir="0" index="2" bw="5" slack="0"/>
<pin id="18575" dir="0" index="3" bw="6" slack="0"/>
<pin id="18576" dir="1" index="4" bw="16" slack="0"/>
</pin_list>
<bind>
<opcode="partselect(1002) " fcode="partselect"/>
<opset="trunc_ln818_18/2 "/>
</bind>
</comp>

<comp id="18581" class="1004" name="ret_V_33_fu_18581">
<pin_list>
<pin id="18582" dir="0" index="0" bw="26" slack="1"/>
<pin id="18583" dir="0" index="1" bw="20" slack="0"/>
<pin id="18584" dir="1" index="2" bw="26" slack="0"/>
</pin_list>
<bind>
<opcode="add(8) " fcode="add"/>
<opset="ret_V_33/2 "/>
</bind>
</comp>

<comp id="18587" class="1004" name="trunc_ln818_19_fu_18587">
<pin_list>
<pin id="18588" dir="0" index="0" bw="16" slack="0"/>
<pin id="18589" dir="0" index="1" bw="26" slack="0"/>
<pin id="18590" dir="0" index="2" bw="5" slack="0"/>
<pin id="18591" dir="0" index="3" bw="6" slack="0"/>
<pin id="18592" dir="1" index="4" bw="16" slack="0"/>
</pin_list>
<bind>
<opcode="partselect(1002) " fcode="partselect"/>
<opset="trunc_ln818_19/2 "/>
</bind>
</comp>

<comp id="18597" class="1004" name="ret_V_34_fu_18597">
<pin_list>
<pin id="18598" dir="0" index="0" bw="26" slack="1"/>
<pin id="18599" dir="0" index="1" bw="19" slack="0"/>
<pin id="18600" dir="1" index="2" bw="26" slack="0"/>
</pin_list>
<bind>
<opcode="add(8) " fcode="add"/>
<opset="ret_V_34/2 "/>
</bind>
</comp>

<comp id="18603" class="1004" name="trunc_ln818_20_fu_18603">
<pin_list>
<pin id="18604" dir="0" index="0" bw="16" slack="0"/>
<pin id="18605" dir="0" index="1" bw="26" slack="0"/>
<pin id="18606" dir="0" index="2" bw="5" slack="0"/>
<pin id="18607" dir="0" index="3" bw="6" slack="0"/>
<pin id="18608" dir="1" index="4" bw="16" slack="0"/>
</pin_list>
<bind>
<opcode="partselect(1002) " fcode="partselect"/>
<opset="trunc_ln818_20/2 "/>
</bind>
</comp>

<comp id="18613" class="1004" name="ret_V_35_fu_18613">
<pin_list>
<pin id="18614" dir="0" index="0" bw="26" slack="1"/>
<pin id="18615" dir="0" index="1" bw="20" slack="0"/>
<pin id="18616" dir="1" index="2" bw="26" slack="0"/>
</pin_list>
<bind>
<opcode="add(8) " fcode="add"/>
<opset="ret_V_35/2 "/>
</bind>
</comp>

<comp id="18619" class="1004" name="trunc_ln818_21_fu_18619">
<pin_list>
<pin id="18620" dir="0" index="0" bw="16" slack="0"/>
<pin id="18621" dir="0" index="1" bw="26" slack="0"/>
<pin id="18622" dir="0" index="2" bw="5" slack="0"/>
<pin id="18623" dir="0" index="3" bw="6" slack="0"/>
<pin id="18624" dir="1" index="4" bw="16" slack="0"/>
</pin_list>
<bind>
<opcode="partselect(1002) " fcode="partselect"/>
<opset="trunc_ln818_21/2 "/>
</bind>
</comp>

<comp id="18629" class="1004" name="ret_V_36_fu_18629">
<pin_list>
<pin id="18630" dir="0" index="0" bw="26" slack="1"/>
<pin id="18631" dir="0" index="1" bw="21" slack="0"/>
<pin id="18632" dir="1" index="2" bw="26" slack="0"/>
</pin_list>
<bind>
<opcode="add(8) " fcode="add"/>
<opset="ret_V_36/2 "/>
</bind>
</comp>

<comp id="18635" class="1004" name="trunc_ln818_22_fu_18635">
<pin_list>
<pin id="18636" dir="0" index="0" bw="16" slack="0"/>
<pin id="18637" dir="0" index="1" bw="26" slack="0"/>
<pin id="18638" dir="0" index="2" bw="5" slack="0"/>
<pin id="18639" dir="0" index="3" bw="6" slack="0"/>
<pin id="18640" dir="1" index="4" bw="16" slack="0"/>
</pin_list>
<bind>
<opcode="partselect(1002) " fcode="partselect"/>
<opset="trunc_ln818_22/2 "/>
</bind>
</comp>

<comp id="18645" class="1004" name="ret_V_37_fu_18645">
<pin_list>
<pin id="18646" dir="0" index="0" bw="26" slack="1"/>
<pin id="18647" dir="0" index="1" bw="21" slack="0"/>
<pin id="18648" dir="1" index="2" bw="26" slack="0"/>
</pin_list>
<bind>
<opcode="add(8) " fcode="add"/>
<opset="ret_V_37/2 "/>
</bind>
</comp>

<comp id="18651" class="1004" name="trunc_ln818_23_fu_18651">
<pin_list>
<pin id="18652" dir="0" index="0" bw="16" slack="0"/>
<pin id="18653" dir="0" index="1" bw="26" slack="0"/>
<pin id="18654" dir="0" index="2" bw="5" slack="0"/>
<pin id="18655" dir="0" index="3" bw="6" slack="0"/>
<pin id="18656" dir="1" index="4" bw="16" slack="0"/>
</pin_list>
<bind>
<opcode="partselect(1002) " fcode="partselect"/>
<opset="trunc_ln818_23/2 "/>
</bind>
</comp>

<comp id="18661" class="1004" name="ret_V_38_fu_18661">
<pin_list>
<pin id="18662" dir="0" index="0" bw="26" slack="1"/>
<pin id="18663" dir="0" index="1" bw="21" slack="0"/>
<pin id="18664" dir="1" index="2" bw="26" slack="0"/>
</pin_list>
<bind>
<opcode="add(8) " fcode="add"/>
<opset="ret_V_38/2 "/>
</bind>
</comp>

<comp id="18667" class="1004" name="trunc_ln818_24_fu_18667">
<pin_list>
<pin id="18668" dir="0" index="0" bw="16" slack="0"/>
<pin id="18669" dir="0" index="1" bw="26" slack="0"/>
<pin id="18670" dir="0" index="2" bw="5" slack="0"/>
<pin id="18671" dir="0" index="3" bw="6" slack="0"/>
<pin id="18672" dir="1" index="4" bw="16" slack="0"/>
</pin_list>
<bind>
<opcode="partselect(1002) " fcode="partselect"/>
<opset="trunc_ln818_24/2 "/>
</bind>
</comp>

<comp id="18677" class="1004" name="ret_V_39_fu_18677">
<pin_list>
<pin id="18678" dir="0" index="0" bw="26" slack="1"/>
<pin id="18679" dir="0" index="1" bw="20" slack="0"/>
<pin id="18680" dir="1" index="2" bw="26" slack="0"/>
</pin_list>
<bind>
<opcode="add(8) " fcode="add"/>
<opset="ret_V_39/2 "/>
</bind>
</comp>

<comp id="18683" class="1004" name="trunc_ln818_25_fu_18683">
<pin_list>
<pin id="18684" dir="0" index="0" bw="16" slack="0"/>
<pin id="18685" dir="0" index="1" bw="26" slack="0"/>
<pin id="18686" dir="0" index="2" bw="5" slack="0"/>
<pin id="18687" dir="0" index="3" bw="6" slack="0"/>
<pin id="18688" dir="1" index="4" bw="16" slack="0"/>
</pin_list>
<bind>
<opcode="partselect(1002) " fcode="partselect"/>
<opset="trunc_ln818_25/2 "/>
</bind>
</comp>

<comp id="18693" class="1004" name="ret_V_40_fu_18693">
<pin_list>
<pin id="18694" dir="0" index="0" bw="26" slack="1"/>
<pin id="18695" dir="0" index="1" bw="21" slack="0"/>
<pin id="18696" dir="1" index="2" bw="26" slack="0"/>
</pin_list>
<bind>
<opcode="add(8) " fcode="add"/>
<opset="ret_V_40/2 "/>
</bind>
</comp>

<comp id="18699" class="1004" name="trunc_ln818_26_fu_18699">
<pin_list>
<pin id="18700" dir="0" index="0" bw="16" slack="0"/>
<pin id="18701" dir="0" index="1" bw="26" slack="0"/>
<pin id="18702" dir="0" index="2" bw="5" slack="0"/>
<pin id="18703" dir="0" index="3" bw="6" slack="0"/>
<pin id="18704" dir="1" index="4" bw="16" slack="0"/>
</pin_list>
<bind>
<opcode="partselect(1002) " fcode="partselect"/>
<opset="trunc_ln818_26/2 "/>
</bind>
</comp>

<comp id="18709" class="1004" name="ret_V_41_fu_18709">
<pin_list>
<pin id="18710" dir="0" index="0" bw="26" slack="1"/>
<pin id="18711" dir="0" index="1" bw="20" slack="0"/>
<pin id="18712" dir="1" index="2" bw="26" slack="0"/>
</pin_list>
<bind>
<opcode="add(8) " fcode="add"/>
<opset="ret_V_41/2 "/>
</bind>
</comp>

<comp id="18715" class="1004" name="trunc_ln818_27_fu_18715">
<pin_list>
<pin id="18716" dir="0" index="0" bw="16" slack="0"/>
<pin id="18717" dir="0" index="1" bw="26" slack="0"/>
<pin id="18718" dir="0" index="2" bw="5" slack="0"/>
<pin id="18719" dir="0" index="3" bw="6" slack="0"/>
<pin id="18720" dir="1" index="4" bw="16" slack="0"/>
</pin_list>
<bind>
<opcode="partselect(1002) " fcode="partselect"/>
<opset="trunc_ln818_27/2 "/>
</bind>
</comp>

<comp id="18725" class="1004" name="ret_V_42_fu_18725">
<pin_list>
<pin id="18726" dir="0" index="0" bw="26" slack="1"/>
<pin id="18727" dir="0" index="1" bw="21" slack="0"/>
<pin id="18728" dir="1" index="2" bw="26" slack="0"/>
</pin_list>
<bind>
<opcode="add(8) " fcode="add"/>
<opset="ret_V_42/2 "/>
</bind>
</comp>

<comp id="18731" class="1004" name="trunc_ln818_28_fu_18731">
<pin_list>
<pin id="18732" dir="0" index="0" bw="16" slack="0"/>
<pin id="18733" dir="0" index="1" bw="26" slack="0"/>
<pin id="18734" dir="0" index="2" bw="5" slack="0"/>
<pin id="18735" dir="0" index="3" bw="6" slack="0"/>
<pin id="18736" dir="1" index="4" bw="16" slack="0"/>
</pin_list>
<bind>
<opcode="partselect(1002) " fcode="partselect"/>
<opset="trunc_ln818_28/2 "/>
</bind>
</comp>

<comp id="18741" class="1004" name="ret_V_43_fu_18741">
<pin_list>
<pin id="18742" dir="0" index="0" bw="26" slack="1"/>
<pin id="18743" dir="0" index="1" bw="20" slack="0"/>
<pin id="18744" dir="1" index="2" bw="26" slack="0"/>
</pin_list>
<bind>
<opcode="add(8) " fcode="add"/>
<opset="ret_V_43/2 "/>
</bind>
</comp>

<comp id="18747" class="1004" name="trunc_ln818_29_fu_18747">
<pin_list>
<pin id="18748" dir="0" index="0" bw="16" slack="0"/>
<pin id="18749" dir="0" index="1" bw="26" slack="0"/>
<pin id="18750" dir="0" index="2" bw="5" slack="0"/>
<pin id="18751" dir="0" index="3" bw="6" slack="0"/>
<pin id="18752" dir="1" index="4" bw="16" slack="0"/>
</pin_list>
<bind>
<opcode="partselect(1002) " fcode="partselect"/>
<opset="trunc_ln818_29/2 "/>
</bind>
</comp>

<comp id="18757" class="1004" name="ret_V_44_fu_18757">
<pin_list>
<pin id="18758" dir="0" index="0" bw="26" slack="1"/>
<pin id="18759" dir="0" index="1" bw="19" slack="0"/>
<pin id="18760" dir="1" index="2" bw="26" slack="0"/>
</pin_list>
<bind>
<opcode="add(8) " fcode="add"/>
<opset="ret_V_44/2 "/>
</bind>
</comp>

<comp id="18763" class="1004" name="trunc_ln818_30_fu_18763">
<pin_list>
<pin id="18764" dir="0" index="0" bw="16" slack="0"/>
<pin id="18765" dir="0" index="1" bw="26" slack="0"/>
<pin id="18766" dir="0" index="2" bw="5" slack="0"/>
<pin id="18767" dir="0" index="3" bw="6" slack="0"/>
<pin id="18768" dir="1" index="4" bw="16" slack="0"/>
</pin_list>
<bind>
<opcode="partselect(1002) " fcode="partselect"/>
<opset="trunc_ln818_30/2 "/>
</bind>
</comp>

<comp id="18773" class="1004" name="ret_V_45_fu_18773">
<pin_list>
<pin id="18774" dir="0" index="0" bw="26" slack="1"/>
<pin id="18775" dir="0" index="1" bw="19" slack="0"/>
<pin id="18776" dir="1" index="2" bw="26" slack="0"/>
</pin_list>
<bind>
<opcode="add(8) " fcode="add"/>
<opset="ret_V_45/2 "/>
</bind>
</comp>

<comp id="18779" class="1004" name="trunc_ln818_31_fu_18779">
<pin_list>
<pin id="18780" dir="0" index="0" bw="16" slack="0"/>
<pin id="18781" dir="0" index="1" bw="26" slack="0"/>
<pin id="18782" dir="0" index="2" bw="5" slack="0"/>
<pin id="18783" dir="0" index="3" bw="6" slack="0"/>
<pin id="18784" dir="1" index="4" bw="16" slack="0"/>
</pin_list>
<bind>
<opcode="partselect(1002) " fcode="partselect"/>
<opset="trunc_ln818_31/2 "/>
</bind>
</comp>

<comp id="18789" class="1004" name="ret_V_46_fu_18789">
<pin_list>
<pin id="18790" dir="0" index="0" bw="26" slack="1"/>
<pin id="18791" dir="0" index="1" bw="21" slack="0"/>
<pin id="18792" dir="1" index="2" bw="26" slack="0"/>
</pin_list>
<bind>
<opcode="add(8) " fcode="add"/>
<opset="ret_V_46/2 "/>
</bind>
</comp>

<comp id="18795" class="1004" name="trunc_ln818_32_fu_18795">
<pin_list>
<pin id="18796" dir="0" index="0" bw="16" slack="0"/>
<pin id="18797" dir="0" index="1" bw="26" slack="0"/>
<pin id="18798" dir="0" index="2" bw="5" slack="0"/>
<pin id="18799" dir="0" index="3" bw="6" slack="0"/>
<pin id="18800" dir="1" index="4" bw="16" slack="0"/>
</pin_list>
<bind>
<opcode="partselect(1002) " fcode="partselect"/>
<opset="trunc_ln818_32/2 "/>
</bind>
</comp>

<comp id="18805" class="1004" name="ret_V_47_fu_18805">
<pin_list>
<pin id="18806" dir="0" index="0" bw="26" slack="1"/>
<pin id="18807" dir="0" index="1" bw="19" slack="0"/>
<pin id="18808" dir="1" index="2" bw="26" slack="0"/>
</pin_list>
<bind>
<opcode="add(8) " fcode="add"/>
<opset="ret_V_47/2 "/>
</bind>
</comp>

<comp id="18811" class="1004" name="trunc_ln818_33_fu_18811">
<pin_list>
<pin id="18812" dir="0" index="0" bw="16" slack="0"/>
<pin id="18813" dir="0" index="1" bw="26" slack="0"/>
<pin id="18814" dir="0" index="2" bw="5" slack="0"/>
<pin id="18815" dir="0" index="3" bw="6" slack="0"/>
<pin id="18816" dir="1" index="4" bw="16" slack="0"/>
</pin_list>
<bind>
<opcode="partselect(1002) " fcode="partselect"/>
<opset="trunc_ln818_33/2 "/>
</bind>
</comp>

<comp id="18821" class="1004" name="ret_V_48_fu_18821">
<pin_list>
<pin id="18822" dir="0" index="0" bw="26" slack="1"/>
<pin id="18823" dir="0" index="1" bw="21" slack="0"/>
<pin id="18824" dir="1" index="2" bw="26" slack="0"/>
</pin_list>
<bind>
<opcode="add(8) " fcode="add"/>
<opset="ret_V_48/2 "/>
</bind>
</comp>

<comp id="18827" class="1004" name="trunc_ln818_34_fu_18827">
<pin_list>
<pin id="18828" dir="0" index="0" bw="16" slack="0"/>
<pin id="18829" dir="0" index="1" bw="26" slack="0"/>
<pin id="18830" dir="0" index="2" bw="5" slack="0"/>
<pin id="18831" dir="0" index="3" bw="6" slack="0"/>
<pin id="18832" dir="1" index="4" bw="16" slack="0"/>
</pin_list>
<bind>
<opcode="partselect(1002) " fcode="partselect"/>
<opset="trunc_ln818_34/2 "/>
</bind>
</comp>

<comp id="18837" class="1004" name="ret_V_49_fu_18837">
<pin_list>
<pin id="18838" dir="0" index="0" bw="26" slack="1"/>
<pin id="18839" dir="0" index="1" bw="21" slack="0"/>
<pin id="18840" dir="1" index="2" bw="26" slack="0"/>
</pin_list>
<bind>
<opcode="add(8) " fcode="add"/>
<opset="ret_V_49/2 "/>
</bind>
</comp>

<comp id="18843" class="1004" name="trunc_ln818_35_fu_18843">
<pin_list>
<pin id="18844" dir="0" index="0" bw="16" slack="0"/>
<pin id="18845" dir="0" index="1" bw="26" slack="0"/>
<pin id="18846" dir="0" index="2" bw="5" slack="0"/>
<pin id="18847" dir="0" index="3" bw="6" slack="0"/>
<pin id="18848" dir="1" index="4" bw="16" slack="0"/>
</pin_list>
<bind>
<opcode="partselect(1002) " fcode="partselect"/>
<opset="trunc_ln818_35/2 "/>
</bind>
</comp>

<comp id="18853" class="1004" name="ret_V_50_fu_18853">
<pin_list>
<pin id="18854" dir="0" index="0" bw="26" slack="1"/>
<pin id="18855" dir="0" index="1" bw="18" slack="0"/>
<pin id="18856" dir="1" index="2" bw="26" slack="0"/>
</pin_list>
<bind>
<opcode="add(8) " fcode="add"/>
<opset="ret_V_50/2 "/>
</bind>
</comp>

<comp id="18859" class="1004" name="trunc_ln818_36_fu_18859">
<pin_list>
<pin id="18860" dir="0" index="0" bw="16" slack="0"/>
<pin id="18861" dir="0" index="1" bw="26" slack="0"/>
<pin id="18862" dir="0" index="2" bw="5" slack="0"/>
<pin id="18863" dir="0" index="3" bw="6" slack="0"/>
<pin id="18864" dir="1" index="4" bw="16" slack="0"/>
</pin_list>
<bind>
<opcode="partselect(1002) " fcode="partselect"/>
<opset="trunc_ln818_36/2 "/>
</bind>
</comp>

<comp id="18869" class="1004" name="ret_V_51_fu_18869">
<pin_list>
<pin id="18870" dir="0" index="0" bw="26" slack="1"/>
<pin id="18871" dir="0" index="1" bw="21" slack="0"/>
<pin id="18872" dir="1" index="2" bw="26" slack="0"/>
</pin_list>
<bind>
<opcode="add(8) " fcode="add"/>
<opset="ret_V_51/2 "/>
</bind>
</comp>

<comp id="18875" class="1004" name="trunc_ln818_37_fu_18875">
<pin_list>
<pin id="18876" dir="0" index="0" bw="16" slack="0"/>
<pin id="18877" dir="0" index="1" bw="26" slack="0"/>
<pin id="18878" dir="0" index="2" bw="5" slack="0"/>
<pin id="18879" dir="0" index="3" bw="6" slack="0"/>
<pin id="18880" dir="1" index="4" bw="16" slack="0"/>
</pin_list>
<bind>
<opcode="partselect(1002) " fcode="partselect"/>
<opset="trunc_ln818_37/2 "/>
</bind>
</comp>

<comp id="18885" class="1004" name="ret_V_52_fu_18885">
<pin_list>
<pin id="18886" dir="0" index="0" bw="26" slack="1"/>
<pin id="18887" dir="0" index="1" bw="22" slack="0"/>
<pin id="18888" dir="1" index="2" bw="26" slack="0"/>
</pin_list>
<bind>
<opcode="add(8) " fcode="add"/>
<opset="ret_V_52/2 "/>
</bind>
</comp>

<comp id="18891" class="1004" name="trunc_ln818_38_fu_18891">
<pin_list>
<pin id="18892" dir="0" index="0" bw="16" slack="0"/>
<pin id="18893" dir="0" index="1" bw="26" slack="0"/>
<pin id="18894" dir="0" index="2" bw="5" slack="0"/>
<pin id="18895" dir="0" index="3" bw="6" slack="0"/>
<pin id="18896" dir="1" index="4" bw="16" slack="0"/>
</pin_list>
<bind>
<opcode="partselect(1002) " fcode="partselect"/>
<opset="trunc_ln818_38/2 "/>
</bind>
</comp>

<comp id="18901" class="1004" name="ret_V_53_fu_18901">
<pin_list>
<pin id="18902" dir="0" index="0" bw="26" slack="1"/>
<pin id="18903" dir="0" index="1" bw="21" slack="0"/>
<pin id="18904" dir="1" index="2" bw="26" slack="0"/>
</pin_list>
<bind>
<opcode="add(8) " fcode="add"/>
<opset="ret_V_53/2 "/>
</bind>
</comp>

<comp id="18907" class="1004" name="trunc_ln818_39_fu_18907">
<pin_list>
<pin id="18908" dir="0" index="0" bw="16" slack="0"/>
<pin id="18909" dir="0" index="1" bw="26" slack="0"/>
<pin id="18910" dir="0" index="2" bw="5" slack="0"/>
<pin id="18911" dir="0" index="3" bw="6" slack="0"/>
<pin id="18912" dir="1" index="4" bw="16" slack="0"/>
</pin_list>
<bind>
<opcode="partselect(1002) " fcode="partselect"/>
<opset="trunc_ln818_39/2 "/>
</bind>
</comp>

<comp id="18917" class="1004" name="ret_V_54_fu_18917">
<pin_list>
<pin id="18918" dir="0" index="0" bw="26" slack="1"/>
<pin id="18919" dir="0" index="1" bw="14" slack="0"/>
<pin id="18920" dir="1" index="2" bw="26" slack="0"/>
</pin_list>
<bind>
<opcode="add(8) " fcode="add"/>
<opset="ret_V_54/2 "/>
</bind>
</comp>

<comp id="18923" class="1004" name="trunc_ln818_40_fu_18923">
<pin_list>
<pin id="18924" dir="0" index="0" bw="16" slack="0"/>
<pin id="18925" dir="0" index="1" bw="26" slack="0"/>
<pin id="18926" dir="0" index="2" bw="5" slack="0"/>
<pin id="18927" dir="0" index="3" bw="6" slack="0"/>
<pin id="18928" dir="1" index="4" bw="16" slack="0"/>
</pin_list>
<bind>
<opcode="partselect(1002) " fcode="partselect"/>
<opset="trunc_ln818_40/2 "/>
</bind>
</comp>

<comp id="18933" class="1004" name="ret_V_55_fu_18933">
<pin_list>
<pin id="18934" dir="0" index="0" bw="26" slack="1"/>
<pin id="18935" dir="0" index="1" bw="19" slack="0"/>
<pin id="18936" dir="1" index="2" bw="26" slack="0"/>
</pin_list>
<bind>
<opcode="add(8) " fcode="add"/>
<opset="ret_V_55/2 "/>
</bind>
</comp>

<comp id="18939" class="1004" name="trunc_ln818_41_fu_18939">
<pin_list>
<pin id="18940" dir="0" index="0" bw="16" slack="0"/>
<pin id="18941" dir="0" index="1" bw="26" slack="0"/>
<pin id="18942" dir="0" index="2" bw="5" slack="0"/>
<pin id="18943" dir="0" index="3" bw="6" slack="0"/>
<pin id="18944" dir="1" index="4" bw="16" slack="0"/>
</pin_list>
<bind>
<opcode="partselect(1002) " fcode="partselect"/>
<opset="trunc_ln818_41/2 "/>
</bind>
</comp>

<comp id="18949" class="1004" name="ret_V_56_fu_18949">
<pin_list>
<pin id="18950" dir="0" index="0" bw="26" slack="1"/>
<pin id="18951" dir="0" index="1" bw="21" slack="0"/>
<pin id="18952" dir="1" index="2" bw="26" slack="0"/>
</pin_list>
<bind>
<opcode="add(8) " fcode="add"/>
<opset="ret_V_56/2 "/>
</bind>
</comp>

<comp id="18955" class="1004" name="trunc_ln818_42_fu_18955">
<pin_list>
<pin id="18956" dir="0" index="0" bw="16" slack="0"/>
<pin id="18957" dir="0" index="1" bw="26" slack="0"/>
<pin id="18958" dir="0" index="2" bw="5" slack="0"/>
<pin id="18959" dir="0" index="3" bw="6" slack="0"/>
<pin id="18960" dir="1" index="4" bw="16" slack="0"/>
</pin_list>
<bind>
<opcode="partselect(1002) " fcode="partselect"/>
<opset="trunc_ln818_42/2 "/>
</bind>
</comp>

<comp id="18965" class="1004" name="ret_V_57_fu_18965">
<pin_list>
<pin id="18966" dir="0" index="0" bw="26" slack="1"/>
<pin id="18967" dir="0" index="1" bw="20" slack="0"/>
<pin id="18968" dir="1" index="2" bw="26" slack="0"/>
</pin_list>
<bind>
<opcode="add(8) " fcode="add"/>
<opset="ret_V_57/2 "/>
</bind>
</comp>

<comp id="18971" class="1004" name="trunc_ln818_43_fu_18971">
<pin_list>
<pin id="18972" dir="0" index="0" bw="16" slack="0"/>
<pin id="18973" dir="0" index="1" bw="26" slack="0"/>
<pin id="18974" dir="0" index="2" bw="5" slack="0"/>
<pin id="18975" dir="0" index="3" bw="6" slack="0"/>
<pin id="18976" dir="1" index="4" bw="16" slack="0"/>
</pin_list>
<bind>
<opcode="partselect(1002) " fcode="partselect"/>
<opset="trunc_ln818_43/2 "/>
</bind>
</comp>

<comp id="18981" class="1004" name="ret_V_58_fu_18981">
<pin_list>
<pin id="18982" dir="0" index="0" bw="26" slack="1"/>
<pin id="18983" dir="0" index="1" bw="21" slack="0"/>
<pin id="18984" dir="1" index="2" bw="26" slack="0"/>
</pin_list>
<bind>
<opcode="add(8) " fcode="add"/>
<opset="ret_V_58/2 "/>
</bind>
</comp>

<comp id="18987" class="1004" name="trunc_ln818_44_fu_18987">
<pin_list>
<pin id="18988" dir="0" index="0" bw="16" slack="0"/>
<pin id="18989" dir="0" index="1" bw="26" slack="0"/>
<pin id="18990" dir="0" index="2" bw="5" slack="0"/>
<pin id="18991" dir="0" index="3" bw="6" slack="0"/>
<pin id="18992" dir="1" index="4" bw="16" slack="0"/>
</pin_list>
<bind>
<opcode="partselect(1002) " fcode="partselect"/>
<opset="trunc_ln818_44/2 "/>
</bind>
</comp>

<comp id="18997" class="1004" name="ret_V_59_fu_18997">
<pin_list>
<pin id="18998" dir="0" index="0" bw="26" slack="1"/>
<pin id="18999" dir="0" index="1" bw="16" slack="0"/>
<pin id="19000" dir="1" index="2" bw="26" slack="0"/>
</pin_list>
<bind>
<opcode="add(8) " fcode="add"/>
<opset="ret_V_59/2 "/>
</bind>
</comp>

<comp id="19003" class="1004" name="trunc_ln818_45_fu_19003">
<pin_list>
<pin id="19004" dir="0" index="0" bw="16" slack="0"/>
<pin id="19005" dir="0" index="1" bw="26" slack="0"/>
<pin id="19006" dir="0" index="2" bw="5" slack="0"/>
<pin id="19007" dir="0" index="3" bw="6" slack="0"/>
<pin id="19008" dir="1" index="4" bw="16" slack="0"/>
</pin_list>
<bind>
<opcode="partselect(1002) " fcode="partselect"/>
<opset="trunc_ln818_45/2 "/>
</bind>
</comp>

<comp id="19013" class="1004" name="ret_V_60_fu_19013">
<pin_list>
<pin id="19014" dir="0" index="0" bw="26" slack="1"/>
<pin id="19015" dir="0" index="1" bw="19" slack="0"/>
<pin id="19016" dir="1" index="2" bw="26" slack="0"/>
</pin_list>
<bind>
<opcode="add(8) " fcode="add"/>
<opset="ret_V_60/2 "/>
</bind>
</comp>

<comp id="19019" class="1004" name="trunc_ln818_46_fu_19019">
<pin_list>
<pin id="19020" dir="0" index="0" bw="16" slack="0"/>
<pin id="19021" dir="0" index="1" bw="26" slack="0"/>
<pin id="19022" dir="0" index="2" bw="5" slack="0"/>
<pin id="19023" dir="0" index="3" bw="6" slack="0"/>
<pin id="19024" dir="1" index="4" bw="16" slack="0"/>
</pin_list>
<bind>
<opcode="partselect(1002) " fcode="partselect"/>
<opset="trunc_ln818_46/2 "/>
</bind>
</comp>

<comp id="19029" class="1004" name="ret_V_61_fu_19029">
<pin_list>
<pin id="19030" dir="0" index="0" bw="26" slack="1"/>
<pin id="19031" dir="0" index="1" bw="17" slack="0"/>
<pin id="19032" dir="1" index="2" bw="26" slack="0"/>
</pin_list>
<bind>
<opcode="add(8) " fcode="add"/>
<opset="ret_V_61/2 "/>
</bind>
</comp>

<comp id="19035" class="1004" name="trunc_ln818_47_fu_19035">
<pin_list>
<pin id="19036" dir="0" index="0" bw="16" slack="0"/>
<pin id="19037" dir="0" index="1" bw="26" slack="0"/>
<pin id="19038" dir="0" index="2" bw="5" slack="0"/>
<pin id="19039" dir="0" index="3" bw="6" slack="0"/>
<pin id="19040" dir="1" index="4" bw="16" slack="0"/>
</pin_list>
<bind>
<opcode="partselect(1002) " fcode="partselect"/>
<opset="trunc_ln818_47/2 "/>
</bind>
</comp>

<comp id="19045" class="1004" name="ret_V_62_fu_19045">
<pin_list>
<pin id="19046" dir="0" index="0" bw="26" slack="1"/>
<pin id="19047" dir="0" index="1" bw="20" slack="0"/>
<pin id="19048" dir="1" index="2" bw="26" slack="0"/>
</pin_list>
<bind>
<opcode="add(8) " fcode="add"/>
<opset="ret_V_62/2 "/>
</bind>
</comp>

<comp id="19051" class="1004" name="trunc_ln818_48_fu_19051">
<pin_list>
<pin id="19052" dir="0" index="0" bw="16" slack="0"/>
<pin id="19053" dir="0" index="1" bw="26" slack="0"/>
<pin id="19054" dir="0" index="2" bw="5" slack="0"/>
<pin id="19055" dir="0" index="3" bw="6" slack="0"/>
<pin id="19056" dir="1" index="4" bw="16" slack="0"/>
</pin_list>
<bind>
<opcode="partselect(1002) " fcode="partselect"/>
<opset="trunc_ln818_48/2 "/>
</bind>
</comp>

<comp id="19061" class="1004" name="ret_V_63_fu_19061">
<pin_list>
<pin id="19062" dir="0" index="0" bw="26" slack="1"/>
<pin id="19063" dir="0" index="1" bw="18" slack="0"/>
<pin id="19064" dir="1" index="2" bw="26" slack="0"/>
</pin_list>
<bind>
<opcode="add(8) " fcode="add"/>
<opset="ret_V_63/2 "/>
</bind>
</comp>

<comp id="19067" class="1004" name="trunc_ln818_49_fu_19067">
<pin_list>
<pin id="19068" dir="0" index="0" bw="16" slack="0"/>
<pin id="19069" dir="0" index="1" bw="26" slack="0"/>
<pin id="19070" dir="0" index="2" bw="5" slack="0"/>
<pin id="19071" dir="0" index="3" bw="6" slack="0"/>
<pin id="19072" dir="1" index="4" bw="16" slack="0"/>
</pin_list>
<bind>
<opcode="partselect(1002) " fcode="partselect"/>
<opset="trunc_ln818_49/2 "/>
</bind>
</comp>

<comp id="19077" class="1004" name="ret_V_64_fu_19077">
<pin_list>
<pin id="19078" dir="0" index="0" bw="26" slack="1"/>
<pin id="19079" dir="0" index="1" bw="19" slack="0"/>
<pin id="19080" dir="1" index="2" bw="26" slack="0"/>
</pin_list>
<bind>
<opcode="add(8) " fcode="add"/>
<opset="ret_V_64/2 "/>
</bind>
</comp>

<comp id="19083" class="1004" name="trunc_ln818_50_fu_19083">
<pin_list>
<pin id="19084" dir="0" index="0" bw="16" slack="0"/>
<pin id="19085" dir="0" index="1" bw="26" slack="0"/>
<pin id="19086" dir="0" index="2" bw="5" slack="0"/>
<pin id="19087" dir="0" index="3" bw="6" slack="0"/>
<pin id="19088" dir="1" index="4" bw="16" slack="0"/>
</pin_list>
<bind>
<opcode="partselect(1002) " fcode="partselect"/>
<opset="trunc_ln818_50/2 "/>
</bind>
</comp>

<comp id="19093" class="1004" name="ret_V_65_fu_19093">
<pin_list>
<pin id="19094" dir="0" index="0" bw="26" slack="1"/>
<pin id="19095" dir="0" index="1" bw="21" slack="0"/>
<pin id="19096" dir="1" index="2" bw="26" slack="0"/>
</pin_list>
<bind>
<opcode="add(8) " fcode="add"/>
<opset="ret_V_65/2 "/>
</bind>
</comp>

<comp id="19099" class="1004" name="trunc_ln818_51_fu_19099">
<pin_list>
<pin id="19100" dir="0" index="0" bw="16" slack="0"/>
<pin id="19101" dir="0" index="1" bw="26" slack="0"/>
<pin id="19102" dir="0" index="2" bw="5" slack="0"/>
<pin id="19103" dir="0" index="3" bw="6" slack="0"/>
<pin id="19104" dir="1" index="4" bw="16" slack="0"/>
</pin_list>
<bind>
<opcode="partselect(1002) " fcode="partselect"/>
<opset="trunc_ln818_51/2 "/>
</bind>
</comp>

<comp id="19109" class="1004" name="ret_V_66_fu_19109">
<pin_list>
<pin id="19110" dir="0" index="0" bw="26" slack="1"/>
<pin id="19111" dir="0" index="1" bw="19" slack="0"/>
<pin id="19112" dir="1" index="2" bw="26" slack="0"/>
</pin_list>
<bind>
<opcode="add(8) " fcode="add"/>
<opset="ret_V_66/2 "/>
</bind>
</comp>

<comp id="19115" class="1004" name="trunc_ln818_52_fu_19115">
<pin_list>
<pin id="19116" dir="0" index="0" bw="16" slack="0"/>
<pin id="19117" dir="0" index="1" bw="26" slack="0"/>
<pin id="19118" dir="0" index="2" bw="5" slack="0"/>
<pin id="19119" dir="0" index="3" bw="6" slack="0"/>
<pin id="19120" dir="1" index="4" bw="16" slack="0"/>
</pin_list>
<bind>
<opcode="partselect(1002) " fcode="partselect"/>
<opset="trunc_ln818_52/2 "/>
</bind>
</comp>

<comp id="19125" class="1004" name="ret_V_67_fu_19125">
<pin_list>
<pin id="19126" dir="0" index="0" bw="26" slack="1"/>
<pin id="19127" dir="0" index="1" bw="20" slack="0"/>
<pin id="19128" dir="1" index="2" bw="26" slack="0"/>
</pin_list>
<bind>
<opcode="add(8) " fcode="add"/>
<opset="ret_V_67/2 "/>
</bind>
</comp>

<comp id="19131" class="1004" name="trunc_ln818_53_fu_19131">
<pin_list>
<pin id="19132" dir="0" index="0" bw="16" slack="0"/>
<pin id="19133" dir="0" index="1" bw="26" slack="0"/>
<pin id="19134" dir="0" index="2" bw="5" slack="0"/>
<pin id="19135" dir="0" index="3" bw="6" slack="0"/>
<pin id="19136" dir="1" index="4" bw="16" slack="0"/>
</pin_list>
<bind>
<opcode="partselect(1002) " fcode="partselect"/>
<opset="trunc_ln818_53/2 "/>
</bind>
</comp>

<comp id="19141" class="1004" name="ret_V_68_fu_19141">
<pin_list>
<pin id="19142" dir="0" index="0" bw="26" slack="1"/>
<pin id="19143" dir="0" index="1" bw="22" slack="0"/>
<pin id="19144" dir="1" index="2" bw="26" slack="0"/>
</pin_list>
<bind>
<opcode="add(8) " fcode="add"/>
<opset="ret_V_68/2 "/>
</bind>
</comp>

<comp id="19147" class="1004" name="trunc_ln818_54_fu_19147">
<pin_list>
<pin id="19148" dir="0" index="0" bw="16" slack="0"/>
<pin id="19149" dir="0" index="1" bw="26" slack="0"/>
<pin id="19150" dir="0" index="2" bw="5" slack="0"/>
<pin id="19151" dir="0" index="3" bw="6" slack="0"/>
<pin id="19152" dir="1" index="4" bw="16" slack="0"/>
</pin_list>
<bind>
<opcode="partselect(1002) " fcode="partselect"/>
<opset="trunc_ln818_54/2 "/>
</bind>
</comp>

<comp id="19157" class="1004" name="ret_V_69_fu_19157">
<pin_list>
<pin id="19158" dir="0" index="0" bw="26" slack="1"/>
<pin id="19159" dir="0" index="1" bw="22" slack="0"/>
<pin id="19160" dir="1" index="2" bw="26" slack="0"/>
</pin_list>
<bind>
<opcode="add(8) " fcode="add"/>
<opset="ret_V_69/2 "/>
</bind>
</comp>

<comp id="19163" class="1004" name="trunc_ln818_55_fu_19163">
<pin_list>
<pin id="19164" dir="0" index="0" bw="16" slack="0"/>
<pin id="19165" dir="0" index="1" bw="26" slack="0"/>
<pin id="19166" dir="0" index="2" bw="5" slack="0"/>
<pin id="19167" dir="0" index="3" bw="6" slack="0"/>
<pin id="19168" dir="1" index="4" bw="16" slack="0"/>
</pin_list>
<bind>
<opcode="partselect(1002) " fcode="partselect"/>
<opset="trunc_ln818_55/2 "/>
</bind>
</comp>

<comp id="19173" class="1004" name="ret_V_71_fu_19173">
<pin_list>
<pin id="19174" dir="0" index="0" bw="26" slack="1"/>
<pin id="19175" dir="0" index="1" bw="20" slack="0"/>
<pin id="19176" dir="1" index="2" bw="26" slack="0"/>
</pin_list>
<bind>
<opcode="add(8) " fcode="add"/>
<opset="ret_V_71/2 "/>
</bind>
</comp>

<comp id="19179" class="1004" name="trunc_ln818_57_fu_19179">
<pin_list>
<pin id="19180" dir="0" index="0" bw="16" slack="0"/>
<pin id="19181" dir="0" index="1" bw="26" slack="0"/>
<pin id="19182" dir="0" index="2" bw="5" slack="0"/>
<pin id="19183" dir="0" index="3" bw="6" slack="0"/>
<pin id="19184" dir="1" index="4" bw="16" slack="0"/>
</pin_list>
<bind>
<opcode="partselect(1002) " fcode="partselect"/>
<opset="trunc_ln818_57/2 "/>
</bind>
</comp>

<comp id="19189" class="1004" name="ret_V_72_fu_19189">
<pin_list>
<pin id="19190" dir="0" index="0" bw="26" slack="1"/>
<pin id="19191" dir="0" index="1" bw="21" slack="0"/>
<pin id="19192" dir="1" index="2" bw="26" slack="0"/>
</pin_list>
<bind>
<opcode="add(8) " fcode="add"/>
<opset="ret_V_72/2 "/>
</bind>
</comp>

<comp id="19195" class="1004" name="trunc_ln818_58_fu_19195">
<pin_list>
<pin id="19196" dir="0" index="0" bw="16" slack="0"/>
<pin id="19197" dir="0" index="1" bw="26" slack="0"/>
<pin id="19198" dir="0" index="2" bw="5" slack="0"/>
<pin id="19199" dir="0" index="3" bw="6" slack="0"/>
<pin id="19200" dir="1" index="4" bw="16" slack="0"/>
</pin_list>
<bind>
<opcode="partselect(1002) " fcode="partselect"/>
<opset="trunc_ln818_58/2 "/>
</bind>
</comp>

<comp id="19205" class="1004" name="ret_V_73_fu_19205">
<pin_list>
<pin id="19206" dir="0" index="0" bw="26" slack="1"/>
<pin id="19207" dir="0" index="1" bw="19" slack="0"/>
<pin id="19208" dir="1" index="2" bw="26" slack="0"/>
</pin_list>
<bind>
<opcode="add(8) " fcode="add"/>
<opset="ret_V_73/2 "/>
</bind>
</comp>

<comp id="19211" class="1004" name="trunc_ln818_59_fu_19211">
<pin_list>
<pin id="19212" dir="0" index="0" bw="16" slack="0"/>
<pin id="19213" dir="0" index="1" bw="26" slack="0"/>
<pin id="19214" dir="0" index="2" bw="5" slack="0"/>
<pin id="19215" dir="0" index="3" bw="6" slack="0"/>
<pin id="19216" dir="1" index="4" bw="16" slack="0"/>
</pin_list>
<bind>
<opcode="partselect(1002) " fcode="partselect"/>
<opset="trunc_ln818_59/2 "/>
</bind>
</comp>

<comp id="19221" class="1004" name="ret_V_74_fu_19221">
<pin_list>
<pin id="19222" dir="0" index="0" bw="26" slack="1"/>
<pin id="19223" dir="0" index="1" bw="21" slack="0"/>
<pin id="19224" dir="1" index="2" bw="26" slack="0"/>
</pin_list>
<bind>
<opcode="add(8) " fcode="add"/>
<opset="ret_V_74/2 "/>
</bind>
</comp>

<comp id="19227" class="1004" name="trunc_ln818_60_fu_19227">
<pin_list>
<pin id="19228" dir="0" index="0" bw="16" slack="0"/>
<pin id="19229" dir="0" index="1" bw="26" slack="0"/>
<pin id="19230" dir="0" index="2" bw="5" slack="0"/>
<pin id="19231" dir="0" index="3" bw="6" slack="0"/>
<pin id="19232" dir="1" index="4" bw="16" slack="0"/>
</pin_list>
<bind>
<opcode="partselect(1002) " fcode="partselect"/>
<opset="trunc_ln818_60/2 "/>
</bind>
</comp>

<comp id="19237" class="1004" name="ret_V_75_fu_19237">
<pin_list>
<pin id="19238" dir="0" index="0" bw="26" slack="1"/>
<pin id="19239" dir="0" index="1" bw="20" slack="0"/>
<pin id="19240" dir="1" index="2" bw="26" slack="0"/>
</pin_list>
<bind>
<opcode="add(8) " fcode="add"/>
<opset="ret_V_75/2 "/>
</bind>
</comp>

<comp id="19243" class="1004" name="trunc_ln818_61_fu_19243">
<pin_list>
<pin id="19244" dir="0" index="0" bw="16" slack="0"/>
<pin id="19245" dir="0" index="1" bw="26" slack="0"/>
<pin id="19246" dir="0" index="2" bw="5" slack="0"/>
<pin id="19247" dir="0" index="3" bw="6" slack="0"/>
<pin id="19248" dir="1" index="4" bw="16" slack="0"/>
</pin_list>
<bind>
<opcode="partselect(1002) " fcode="partselect"/>
<opset="trunc_ln818_61/2 "/>
</bind>
</comp>

<comp id="19253" class="1004" name="ret_V_76_fu_19253">
<pin_list>
<pin id="19254" dir="0" index="0" bw="26" slack="1"/>
<pin id="19255" dir="0" index="1" bw="19" slack="0"/>
<pin id="19256" dir="1" index="2" bw="26" slack="0"/>
</pin_list>
<bind>
<opcode="add(8) " fcode="add"/>
<opset="ret_V_76/2 "/>
</bind>
</comp>

<comp id="19259" class="1004" name="trunc_ln818_62_fu_19259">
<pin_list>
<pin id="19260" dir="0" index="0" bw="16" slack="0"/>
<pin id="19261" dir="0" index="1" bw="26" slack="0"/>
<pin id="19262" dir="0" index="2" bw="5" slack="0"/>
<pin id="19263" dir="0" index="3" bw="6" slack="0"/>
<pin id="19264" dir="1" index="4" bw="16" slack="0"/>
</pin_list>
<bind>
<opcode="partselect(1002) " fcode="partselect"/>
<opset="trunc_ln818_62/2 "/>
</bind>
</comp>

<comp id="19269" class="1004" name="p_0_fu_19269">
<pin_list>
<pin id="19270" dir="0" index="0" bw="1024" slack="0"/>
<pin id="19271" dir="0" index="1" bw="16" slack="0"/>
<pin id="19272" dir="0" index="2" bw="16" slack="0"/>
<pin id="19273" dir="0" index="3" bw="16" slack="0"/>
<pin id="19274" dir="0" index="4" bw="16" slack="0"/>
<pin id="19275" dir="0" index="5" bw="16" slack="0"/>
<pin id="19276" dir="0" index="6" bw="16" slack="0"/>
<pin id="19277" dir="0" index="7" bw="16" slack="1"/>
<pin id="19278" dir="0" index="8" bw="16" slack="0"/>
<pin id="19279" dir="0" index="9" bw="16" slack="0"/>
<pin id="19280" dir="0" index="10" bw="16" slack="0"/>
<pin id="19281" dir="0" index="11" bw="16" slack="0"/>
<pin id="19282" dir="0" index="12" bw="16" slack="0"/>
<pin id="19283" dir="0" index="13" bw="16" slack="0"/>
<pin id="19284" dir="0" index="14" bw="16" slack="0"/>
<pin id="19285" dir="0" index="15" bw="16" slack="0"/>
<pin id="19286" dir="0" index="16" bw="16" slack="0"/>
<pin id="19287" dir="0" index="17" bw="16" slack="0"/>
<pin id="19288" dir="0" index="18" bw="16" slack="0"/>
<pin id="19289" dir="0" index="19" bw="16" slack="0"/>
<pin id="19290" dir="0" index="20" bw="16" slack="0"/>
<pin id="19291" dir="0" index="21" bw="16" slack="0"/>
<pin id="19292" dir="0" index="22" bw="16" slack="0"/>
<pin id="19293" dir="0" index="23" bw="16" slack="0"/>
<pin id="19294" dir="0" index="24" bw="16" slack="0"/>
<pin id="19295" dir="0" index="25" bw="16" slack="0"/>
<pin id="19296" dir="0" index="26" bw="16" slack="0"/>
<pin id="19297" dir="0" index="27" bw="16" slack="0"/>
<pin id="19298" dir="0" index="28" bw="16" slack="0"/>
<pin id="19299" dir="0" index="29" bw="16" slack="0"/>
<pin id="19300" dir="0" index="30" bw="16" slack="0"/>
<pin id="19301" dir="0" index="31" bw="16" slack="0"/>
<pin id="19302" dir="0" index="32" bw="16" slack="0"/>
<pin id="19303" dir="0" index="33" bw="16" slack="0"/>
<pin id="19304" dir="0" index="34" bw="16" slack="0"/>
<pin id="19305" dir="0" index="35" bw="16" slack="0"/>
<pin id="19306" dir="0" index="36" bw="16" slack="0"/>
<pin id="19307" dir="0" index="37" bw="16" slack="0"/>
<pin id="19308" dir="0" index="38" bw="16" slack="0"/>
<pin id="19309" dir="0" index="39" bw="16" slack="0"/>
<pin id="19310" dir="0" index="40" bw="16" slack="0"/>
<pin id="19311" dir="0" index="41" bw="16" slack="0"/>
<pin id="19312" dir="0" index="42" bw="16" slack="0"/>
<pin id="19313" dir="0" index="43" bw="16" slack="0"/>
<pin id="19314" dir="0" index="44" bw="16" slack="0"/>
<pin id="19315" dir="0" index="45" bw="16" slack="0"/>
<pin id="19316" dir="0" index="46" bw="16" slack="0"/>
<pin id="19317" dir="0" index="47" bw="16" slack="0"/>
<pin id="19318" dir="0" index="48" bw="16" slack="0"/>
<pin id="19319" dir="0" index="49" bw="16" slack="0"/>
<pin id="19320" dir="0" index="50" bw="16" slack="0"/>
<pin id="19321" dir="0" index="51" bw="16" slack="0"/>
<pin id="19322" dir="0" index="52" bw="16" slack="0"/>
<pin id="19323" dir="0" index="53" bw="16" slack="0"/>
<pin id="19324" dir="0" index="54" bw="16" slack="0"/>
<pin id="19325" dir="0" index="55" bw="16" slack="0"/>
<pin id="19326" dir="0" index="56" bw="16" slack="0"/>
<pin id="19327" dir="0" index="57" bw="16" slack="0"/>
<pin id="19328" dir="0" index="58" bw="16" slack="0"/>
<pin id="19329" dir="0" index="59" bw="16" slack="0"/>
<pin id="19330" dir="0" index="60" bw="16" slack="0"/>
<pin id="19331" dir="0" index="61" bw="16" slack="0"/>
<pin id="19332" dir="0" index="62" bw="16" slack="0"/>
<pin id="19333" dir="0" index="63" bw="16" slack="0"/>
<pin id="19334" dir="0" index="64" bw="16" slack="0"/>
<pin id="19335" dir="1" index="65" bw="1024" slack="0"/>
</pin_list>
<bind>
<opcode="bitconcatenate(1004) " fcode="bitconcatenate"/>
<opset="p_0/2 "/>
</bind>
</comp>

<comp id="19401" class="1005" name="trunc_ln818_56_reg_19401">
<pin_list>
<pin id="19402" dir="0" index="0" bw="16" slack="1"/>
<pin id="19403" dir="1" index="1" bw="16" slack="1"/>
</pin_list>
<bind>
<opset="trunc_ln818_56 "/>
</bind>
</comp>

</comp_list>

<net_list>
<net id="550"><net_src comp="4" pin="0"/><net_sink comp="546" pin=0"/></net>

<net id="551"><net_src comp="0" pin="0"/><net_sink comp="546" pin=1"/></net>

<net id="557"><net_src comp="544" pin="0"/><net_sink comp="552" pin=0"/></net>

<net id="558"><net_src comp="2" pin="0"/><net_sink comp="552" pin=1"/></net>

<net id="16754"><net_src comp="256" pin="0"/><net_sink comp="580" pin=1"/></net>

<net id="16758"><net_src comp="258" pin="0"/><net_sink comp="619" pin=1"/></net>

<net id="16762"><net_src comp="260" pin="0"/><net_sink comp="575" pin=1"/></net>

<net id="16766"><net_src comp="262" pin="0"/><net_sink comp="606" pin=1"/></net>

<net id="16770"><net_src comp="264" pin="0"/><net_sink comp="569" pin=1"/></net>

<net id="16774"><net_src comp="266" pin="0"/><net_sink comp="611" pin=1"/></net>

<net id="16778"><net_src comp="268" pin="0"/><net_sink comp="559" pin=1"/></net>

<net id="16782"><net_src comp="270" pin="0"/><net_sink comp="616" pin=1"/></net>

<net id="16786"><net_src comp="272" pin="0"/><net_sink comp="568" pin=1"/></net>

<net id="16790"><net_src comp="274" pin="0"/><net_sink comp="573" pin=1"/></net>

<net id="16794"><net_src comp="276" pin="0"/><net_sink comp="621" pin=1"/></net>

<net id="16798"><net_src comp="278" pin="0"/><net_sink comp="612" pin=1"/></net>

<net id="16802"><net_src comp="280" pin="0"/><net_sink comp="565" pin=1"/></net>

<net id="16806"><net_src comp="282" pin="0"/><net_sink comp="610" pin=1"/></net>

<net id="16810"><net_src comp="284" pin="0"/><net_sink comp="595" pin=1"/></net>

<net id="16814"><net_src comp="286" pin="0"/><net_sink comp="584" pin=1"/></net>

<net id="16818"><net_src comp="288" pin="0"/><net_sink comp="561" pin=1"/></net>

<net id="16822"><net_src comp="290" pin="0"/><net_sink comp="576" pin=1"/></net>

<net id="16826"><net_src comp="292" pin="0"/><net_sink comp="571" pin=1"/></net>

<net id="16830"><net_src comp="294" pin="0"/><net_sink comp="587" pin=1"/></net>

<net id="16834"><net_src comp="296" pin="0"/><net_sink comp="620" pin=1"/></net>

<net id="16838"><net_src comp="298" pin="0"/><net_sink comp="588" pin=1"/></net>

<net id="16842"><net_src comp="300" pin="0"/><net_sink comp="607" pin=1"/></net>

<net id="16846"><net_src comp="302" pin="0"/><net_sink comp="602" pin=1"/></net>

<net id="16850"><net_src comp="304" pin="0"/><net_sink comp="614" pin=1"/></net>

<net id="16854"><net_src comp="306" pin="0"/><net_sink comp="615" pin=1"/></net>

<net id="16858"><net_src comp="308" pin="0"/><net_sink comp="604" pin=1"/></net>

<net id="16862"><net_src comp="310" pin="0"/><net_sink comp="564" pin=1"/></net>

<net id="16866"><net_src comp="312" pin="0"/><net_sink comp="601" pin=1"/></net>

<net id="16870"><net_src comp="314" pin="0"/><net_sink comp="577" pin=1"/></net>

<net id="16874"><net_src comp="316" pin="0"/><net_sink comp="578" pin=1"/></net>

<net id="16878"><net_src comp="318" pin="0"/><net_sink comp="592" pin=1"/></net>

<net id="16882"><net_src comp="320" pin="0"/><net_sink comp="603" pin=1"/></net>

<net id="16886"><net_src comp="322" pin="0"/><net_sink comp="567" pin=1"/></net>

<net id="16890"><net_src comp="324" pin="0"/><net_sink comp="608" pin=1"/></net>

<net id="16894"><net_src comp="326" pin="0"/><net_sink comp="622" pin=1"/></net>

<net id="16898"><net_src comp="328" pin="0"/><net_sink comp="572" pin=1"/></net>

<net id="16902"><net_src comp="330" pin="0"/><net_sink comp="566" pin=1"/></net>

<net id="16906"><net_src comp="332" pin="0"/><net_sink comp="570" pin=1"/></net>

<net id="16910"><net_src comp="334" pin="0"/><net_sink comp="598" pin=1"/></net>

<net id="16914"><net_src comp="336" pin="0"/><net_sink comp="600" pin=1"/></net>

<net id="16918"><net_src comp="338" pin="0"/><net_sink comp="591" pin=1"/></net>

<net id="16922"><net_src comp="340" pin="0"/><net_sink comp="599" pin=1"/></net>

<net id="16926"><net_src comp="342" pin="0"/><net_sink comp="594" pin=1"/></net>

<net id="16930"><net_src comp="262" pin="0"/><net_sink comp="617" pin=1"/></net>

<net id="16934"><net_src comp="344" pin="0"/><net_sink comp="590" pin=1"/></net>

<net id="16938"><net_src comp="346" pin="0"/><net_sink comp="593" pin=1"/></net>

<net id="16942"><net_src comp="348" pin="0"/><net_sink comp="560" pin=1"/></net>

<net id="16946"><net_src comp="350" pin="0"/><net_sink comp="574" pin=1"/></net>

<net id="16950"><net_src comp="352" pin="0"/><net_sink comp="585" pin=1"/></net>

<net id="16954"><net_src comp="354" pin="0"/><net_sink comp="582" pin=1"/></net>

<net id="16958"><net_src comp="356" pin="0"/><net_sink comp="583" pin=1"/></net>

<net id="16962"><net_src comp="358" pin="0"/><net_sink comp="563" pin=1"/></net>

<net id="16966"><net_src comp="360" pin="0"/><net_sink comp="579" pin=1"/></net>

<net id="16970"><net_src comp="362" pin="0"/><net_sink comp="597" pin=1"/></net>

<net id="16974"><net_src comp="364" pin="0"/><net_sink comp="586" pin=1"/></net>

<net id="16978"><net_src comp="366" pin="0"/><net_sink comp="589" pin=1"/></net>

<net id="16982"><net_src comp="392" pin="0"/><net_sink comp="618" pin=1"/></net>

<net id="16986"><net_src comp="394" pin="0"/><net_sink comp="605" pin=1"/></net>

<net id="16990"><net_src comp="396" pin="0"/><net_sink comp="613" pin=1"/></net>

<net id="16994"><net_src comp="360" pin="0"/><net_sink comp="596" pin=1"/></net>

<net id="16998"><net_src comp="398" pin="0"/><net_sink comp="609" pin=1"/></net>

<net id="17002"><net_src comp="400" pin="0"/><net_sink comp="562" pin=1"/></net>

<net id="17006"><net_src comp="580" pin="2"/><net_sink comp="17003" pin=0"/></net>

<net id="17010"><net_src comp="619" pin="2"/><net_sink comp="17007" pin=0"/></net>

<net id="17014"><net_src comp="575" pin="2"/><net_sink comp="17011" pin=0"/></net>

<net id="17018"><net_src comp="606" pin="2"/><net_sink comp="17015" pin=0"/></net>

<net id="17022"><net_src comp="569" pin="2"/><net_sink comp="17019" pin=0"/></net>

<net id="17026"><net_src comp="611" pin="2"/><net_sink comp="17023" pin=0"/></net>

<net id="17030"><net_src comp="559" pin="2"/><net_sink comp="17027" pin=0"/></net>

<net id="17034"><net_src comp="616" pin="2"/><net_sink comp="17031" pin=0"/></net>

<net id="17038"><net_src comp="568" pin="2"/><net_sink comp="17035" pin=0"/></net>

<net id="17042"><net_src comp="573" pin="2"/><net_sink comp="17039" pin=0"/></net>

<net id="17046"><net_src comp="621" pin="2"/><net_sink comp="17043" pin=0"/></net>

<net id="17050"><net_src comp="612" pin="2"/><net_sink comp="17047" pin=0"/></net>

<net id="17054"><net_src comp="565" pin="2"/><net_sink comp="17051" pin=0"/></net>

<net id="17058"><net_src comp="610" pin="2"/><net_sink comp="17055" pin=0"/></net>

<net id="17062"><net_src comp="595" pin="2"/><net_sink comp="17059" pin=0"/></net>

<net id="17066"><net_src comp="584" pin="2"/><net_sink comp="17063" pin=0"/></net>

<net id="17070"><net_src comp="561" pin="2"/><net_sink comp="17067" pin=0"/></net>

<net id="17074"><net_src comp="576" pin="2"/><net_sink comp="17071" pin=0"/></net>

<net id="17078"><net_src comp="571" pin="2"/><net_sink comp="17075" pin=0"/></net>

<net id="17082"><net_src comp="587" pin="2"/><net_sink comp="17079" pin=0"/></net>

<net id="17086"><net_src comp="620" pin="2"/><net_sink comp="17083" pin=0"/></net>

<net id="17090"><net_src comp="588" pin="2"/><net_sink comp="17087" pin=0"/></net>

<net id="17094"><net_src comp="607" pin="2"/><net_sink comp="17091" pin=0"/></net>

<net id="17098"><net_src comp="602" pin="2"/><net_sink comp="17095" pin=0"/></net>

<net id="17102"><net_src comp="614" pin="2"/><net_sink comp="17099" pin=0"/></net>

<net id="17106"><net_src comp="615" pin="2"/><net_sink comp="17103" pin=0"/></net>

<net id="17110"><net_src comp="604" pin="2"/><net_sink comp="17107" pin=0"/></net>

<net id="17114"><net_src comp="564" pin="2"/><net_sink comp="17111" pin=0"/></net>

<net id="17118"><net_src comp="601" pin="2"/><net_sink comp="17115" pin=0"/></net>

<net id="17122"><net_src comp="577" pin="2"/><net_sink comp="17119" pin=0"/></net>

<net id="17126"><net_src comp="578" pin="2"/><net_sink comp="17123" pin=0"/></net>

<net id="17130"><net_src comp="592" pin="2"/><net_sink comp="17127" pin=0"/></net>

<net id="17134"><net_src comp="603" pin="2"/><net_sink comp="17131" pin=0"/></net>

<net id="17138"><net_src comp="567" pin="2"/><net_sink comp="17135" pin=0"/></net>

<net id="17142"><net_src comp="608" pin="2"/><net_sink comp="17139" pin=0"/></net>

<net id="17146"><net_src comp="622" pin="2"/><net_sink comp="17143" pin=0"/></net>

<net id="17150"><net_src comp="572" pin="2"/><net_sink comp="17147" pin=0"/></net>

<net id="17154"><net_src comp="566" pin="2"/><net_sink comp="17151" pin=0"/></net>

<net id="17158"><net_src comp="570" pin="2"/><net_sink comp="17155" pin=0"/></net>

<net id="17162"><net_src comp="598" pin="2"/><net_sink comp="17159" pin=0"/></net>

<net id="17166"><net_src comp="600" pin="2"/><net_sink comp="17163" pin=0"/></net>

<net id="17170"><net_src comp="591" pin="2"/><net_sink comp="17167" pin=0"/></net>

<net id="17174"><net_src comp="599" pin="2"/><net_sink comp="17171" pin=0"/></net>

<net id="17178"><net_src comp="594" pin="2"/><net_sink comp="17175" pin=0"/></net>

<net id="17182"><net_src comp="617" pin="2"/><net_sink comp="17179" pin=0"/></net>

<net id="17186"><net_src comp="590" pin="2"/><net_sink comp="17183" pin=0"/></net>

<net id="17190"><net_src comp="593" pin="2"/><net_sink comp="17187" pin=0"/></net>

<net id="17194"><net_src comp="560" pin="2"/><net_sink comp="17191" pin=0"/></net>

<net id="17198"><net_src comp="574" pin="2"/><net_sink comp="17195" pin=0"/></net>

<net id="17202"><net_src comp="585" pin="2"/><net_sink comp="17199" pin=0"/></net>

<net id="17206"><net_src comp="582" pin="2"/><net_sink comp="17203" pin=0"/></net>

<net id="17210"><net_src comp="583" pin="2"/><net_sink comp="17207" pin=0"/></net>

<net id="17214"><net_src comp="563" pin="2"/><net_sink comp="17211" pin=0"/></net>

<net id="17218"><net_src comp="579" pin="2"/><net_sink comp="17215" pin=0"/></net>

<net id="17222"><net_src comp="597" pin="2"/><net_sink comp="17219" pin=0"/></net>

<net id="17226"><net_src comp="586" pin="2"/><net_sink comp="17223" pin=0"/></net>

<net id="17230"><net_src comp="589" pin="2"/><net_sink comp="17227" pin=0"/></net>

<net id="17234"><net_src comp="618" pin="2"/><net_sink comp="17231" pin=0"/></net>

<net id="17238"><net_src comp="605" pin="2"/><net_sink comp="17235" pin=0"/></net>

<net id="17242"><net_src comp="613" pin="2"/><net_sink comp="17239" pin=0"/></net>

<net id="17246"><net_src comp="596" pin="2"/><net_sink comp="17243" pin=0"/></net>

<net id="17250"><net_src comp="609" pin="2"/><net_sink comp="17247" pin=0"/></net>

<net id="17254"><net_src comp="562" pin="2"/><net_sink comp="17251" pin=0"/></net>

<net id="17259"><net_src comp="546" pin="2"/><net_sink comp="17256" pin=0"/></net>

<net id="17266"><net_src comp="6" pin="0"/><net_sink comp="17260" pin=0"/></net>

<net id="17267"><net_src comp="546" pin="2"/><net_sink comp="17260" pin=1"/></net>

<net id="17268"><net_src comp="8" pin="0"/><net_sink comp="17260" pin=2"/></net>

<net id="17269"><net_src comp="10" pin="0"/><net_sink comp="17260" pin=3"/></net>

<net id="17276"><net_src comp="6" pin="0"/><net_sink comp="17270" pin=0"/></net>

<net id="17277"><net_src comp="546" pin="2"/><net_sink comp="17270" pin=1"/></net>

<net id="17278"><net_src comp="12" pin="0"/><net_sink comp="17270" pin=2"/></net>

<net id="17279"><net_src comp="14" pin="0"/><net_sink comp="17270" pin=3"/></net>

<net id="17286"><net_src comp="6" pin="0"/><net_sink comp="17280" pin=0"/></net>

<net id="17287"><net_src comp="546" pin="2"/><net_sink comp="17280" pin=1"/></net>

<net id="17288"><net_src comp="16" pin="0"/><net_sink comp="17280" pin=2"/></net>

<net id="17289"><net_src comp="18" pin="0"/><net_sink comp="17280" pin=3"/></net>

<net id="17296"><net_src comp="6" pin="0"/><net_sink comp="17290" pin=0"/></net>

<net id="17297"><net_src comp="546" pin="2"/><net_sink comp="17290" pin=1"/></net>

<net id="17298"><net_src comp="20" pin="0"/><net_sink comp="17290" pin=2"/></net>

<net id="17299"><net_src comp="22" pin="0"/><net_sink comp="17290" pin=3"/></net>

<net id="17306"><net_src comp="6" pin="0"/><net_sink comp="17300" pin=0"/></net>

<net id="17307"><net_src comp="546" pin="2"/><net_sink comp="17300" pin=1"/></net>

<net id="17308"><net_src comp="24" pin="0"/><net_sink comp="17300" pin=2"/></net>

<net id="17309"><net_src comp="26" pin="0"/><net_sink comp="17300" pin=3"/></net>

<net id="17316"><net_src comp="6" pin="0"/><net_sink comp="17310" pin=0"/></net>

<net id="17317"><net_src comp="546" pin="2"/><net_sink comp="17310" pin=1"/></net>

<net id="17318"><net_src comp="28" pin="0"/><net_sink comp="17310" pin=2"/></net>

<net id="17319"><net_src comp="30" pin="0"/><net_sink comp="17310" pin=3"/></net>

<net id="17326"><net_src comp="6" pin="0"/><net_sink comp="17320" pin=0"/></net>

<net id="17327"><net_src comp="546" pin="2"/><net_sink comp="17320" pin=1"/></net>

<net id="17328"><net_src comp="32" pin="0"/><net_sink comp="17320" pin=2"/></net>

<net id="17329"><net_src comp="34" pin="0"/><net_sink comp="17320" pin=3"/></net>

<net id="17336"><net_src comp="6" pin="0"/><net_sink comp="17330" pin=0"/></net>

<net id="17337"><net_src comp="546" pin="2"/><net_sink comp="17330" pin=1"/></net>

<net id="17338"><net_src comp="36" pin="0"/><net_sink comp="17330" pin=2"/></net>

<net id="17339"><net_src comp="38" pin="0"/><net_sink comp="17330" pin=3"/></net>

<net id="17346"><net_src comp="6" pin="0"/><net_sink comp="17340" pin=0"/></net>

<net id="17347"><net_src comp="546" pin="2"/><net_sink comp="17340" pin=1"/></net>

<net id="17348"><net_src comp="40" pin="0"/><net_sink comp="17340" pin=2"/></net>

<net id="17349"><net_src comp="42" pin="0"/><net_sink comp="17340" pin=3"/></net>

<net id="17356"><net_src comp="6" pin="0"/><net_sink comp="17350" pin=0"/></net>

<net id="17357"><net_src comp="546" pin="2"/><net_sink comp="17350" pin=1"/></net>

<net id="17358"><net_src comp="44" pin="0"/><net_sink comp="17350" pin=2"/></net>

<net id="17359"><net_src comp="46" pin="0"/><net_sink comp="17350" pin=3"/></net>

<net id="17366"><net_src comp="6" pin="0"/><net_sink comp="17360" pin=0"/></net>

<net id="17367"><net_src comp="546" pin="2"/><net_sink comp="17360" pin=1"/></net>

<net id="17368"><net_src comp="48" pin="0"/><net_sink comp="17360" pin=2"/></net>

<net id="17369"><net_src comp="50" pin="0"/><net_sink comp="17360" pin=3"/></net>

<net id="17376"><net_src comp="6" pin="0"/><net_sink comp="17370" pin=0"/></net>

<net id="17377"><net_src comp="546" pin="2"/><net_sink comp="17370" pin=1"/></net>

<net id="17378"><net_src comp="52" pin="0"/><net_sink comp="17370" pin=2"/></net>

<net id="17379"><net_src comp="54" pin="0"/><net_sink comp="17370" pin=3"/></net>

<net id="17386"><net_src comp="6" pin="0"/><net_sink comp="17380" pin=0"/></net>

<net id="17387"><net_src comp="546" pin="2"/><net_sink comp="17380" pin=1"/></net>

<net id="17388"><net_src comp="56" pin="0"/><net_sink comp="17380" pin=2"/></net>

<net id="17389"><net_src comp="58" pin="0"/><net_sink comp="17380" pin=3"/></net>

<net id="17396"><net_src comp="6" pin="0"/><net_sink comp="17390" pin=0"/></net>

<net id="17397"><net_src comp="546" pin="2"/><net_sink comp="17390" pin=1"/></net>

<net id="17398"><net_src comp="60" pin="0"/><net_sink comp="17390" pin=2"/></net>

<net id="17399"><net_src comp="62" pin="0"/><net_sink comp="17390" pin=3"/></net>

<net id="17406"><net_src comp="6" pin="0"/><net_sink comp="17400" pin=0"/></net>

<net id="17407"><net_src comp="546" pin="2"/><net_sink comp="17400" pin=1"/></net>

<net id="17408"><net_src comp="64" pin="0"/><net_sink comp="17400" pin=2"/></net>

<net id="17409"><net_src comp="66" pin="0"/><net_sink comp="17400" pin=3"/></net>

<net id="17416"><net_src comp="6" pin="0"/><net_sink comp="17410" pin=0"/></net>

<net id="17417"><net_src comp="546" pin="2"/><net_sink comp="17410" pin=1"/></net>

<net id="17418"><net_src comp="68" pin="0"/><net_sink comp="17410" pin=2"/></net>

<net id="17419"><net_src comp="70" pin="0"/><net_sink comp="17410" pin=3"/></net>

<net id="17426"><net_src comp="6" pin="0"/><net_sink comp="17420" pin=0"/></net>

<net id="17427"><net_src comp="546" pin="2"/><net_sink comp="17420" pin=1"/></net>

<net id="17428"><net_src comp="72" pin="0"/><net_sink comp="17420" pin=2"/></net>

<net id="17429"><net_src comp="74" pin="0"/><net_sink comp="17420" pin=3"/></net>

<net id="17436"><net_src comp="6" pin="0"/><net_sink comp="17430" pin=0"/></net>

<net id="17437"><net_src comp="546" pin="2"/><net_sink comp="17430" pin=1"/></net>

<net id="17438"><net_src comp="76" pin="0"/><net_sink comp="17430" pin=2"/></net>

<net id="17439"><net_src comp="78" pin="0"/><net_sink comp="17430" pin=3"/></net>

<net id="17446"><net_src comp="6" pin="0"/><net_sink comp="17440" pin=0"/></net>

<net id="17447"><net_src comp="546" pin="2"/><net_sink comp="17440" pin=1"/></net>

<net id="17448"><net_src comp="80" pin="0"/><net_sink comp="17440" pin=2"/></net>

<net id="17449"><net_src comp="82" pin="0"/><net_sink comp="17440" pin=3"/></net>

<net id="17456"><net_src comp="6" pin="0"/><net_sink comp="17450" pin=0"/></net>

<net id="17457"><net_src comp="546" pin="2"/><net_sink comp="17450" pin=1"/></net>

<net id="17458"><net_src comp="84" pin="0"/><net_sink comp="17450" pin=2"/></net>

<net id="17459"><net_src comp="86" pin="0"/><net_sink comp="17450" pin=3"/></net>

<net id="17466"><net_src comp="6" pin="0"/><net_sink comp="17460" pin=0"/></net>

<net id="17467"><net_src comp="546" pin="2"/><net_sink comp="17460" pin=1"/></net>

<net id="17468"><net_src comp="88" pin="0"/><net_sink comp="17460" pin=2"/></net>

<net id="17469"><net_src comp="90" pin="0"/><net_sink comp="17460" pin=3"/></net>

<net id="17476"><net_src comp="6" pin="0"/><net_sink comp="17470" pin=0"/></net>

<net id="17477"><net_src comp="546" pin="2"/><net_sink comp="17470" pin=1"/></net>

<net id="17478"><net_src comp="92" pin="0"/><net_sink comp="17470" pin=2"/></net>

<net id="17479"><net_src comp="94" pin="0"/><net_sink comp="17470" pin=3"/></net>

<net id="17486"><net_src comp="6" pin="0"/><net_sink comp="17480" pin=0"/></net>

<net id="17487"><net_src comp="546" pin="2"/><net_sink comp="17480" pin=1"/></net>

<net id="17488"><net_src comp="96" pin="0"/><net_sink comp="17480" pin=2"/></net>

<net id="17489"><net_src comp="98" pin="0"/><net_sink comp="17480" pin=3"/></net>

<net id="17496"><net_src comp="6" pin="0"/><net_sink comp="17490" pin=0"/></net>

<net id="17497"><net_src comp="546" pin="2"/><net_sink comp="17490" pin=1"/></net>

<net id="17498"><net_src comp="100" pin="0"/><net_sink comp="17490" pin=2"/></net>

<net id="17499"><net_src comp="102" pin="0"/><net_sink comp="17490" pin=3"/></net>

<net id="17506"><net_src comp="6" pin="0"/><net_sink comp="17500" pin=0"/></net>

<net id="17507"><net_src comp="546" pin="2"/><net_sink comp="17500" pin=1"/></net>

<net id="17508"><net_src comp="104" pin="0"/><net_sink comp="17500" pin=2"/></net>

<net id="17509"><net_src comp="106" pin="0"/><net_sink comp="17500" pin=3"/></net>

<net id="17516"><net_src comp="6" pin="0"/><net_sink comp="17510" pin=0"/></net>

<net id="17517"><net_src comp="546" pin="2"/><net_sink comp="17510" pin=1"/></net>

<net id="17518"><net_src comp="108" pin="0"/><net_sink comp="17510" pin=2"/></net>

<net id="17519"><net_src comp="110" pin="0"/><net_sink comp="17510" pin=3"/></net>

<net id="17526"><net_src comp="6" pin="0"/><net_sink comp="17520" pin=0"/></net>

<net id="17527"><net_src comp="546" pin="2"/><net_sink comp="17520" pin=1"/></net>

<net id="17528"><net_src comp="112" pin="0"/><net_sink comp="17520" pin=2"/></net>

<net id="17529"><net_src comp="114" pin="0"/><net_sink comp="17520" pin=3"/></net>

<net id="17536"><net_src comp="6" pin="0"/><net_sink comp="17530" pin=0"/></net>

<net id="17537"><net_src comp="546" pin="2"/><net_sink comp="17530" pin=1"/></net>

<net id="17538"><net_src comp="116" pin="0"/><net_sink comp="17530" pin=2"/></net>

<net id="17539"><net_src comp="118" pin="0"/><net_sink comp="17530" pin=3"/></net>

<net id="17546"><net_src comp="6" pin="0"/><net_sink comp="17540" pin=0"/></net>

<net id="17547"><net_src comp="546" pin="2"/><net_sink comp="17540" pin=1"/></net>

<net id="17548"><net_src comp="120" pin="0"/><net_sink comp="17540" pin=2"/></net>

<net id="17549"><net_src comp="122" pin="0"/><net_sink comp="17540" pin=3"/></net>

<net id="17556"><net_src comp="6" pin="0"/><net_sink comp="17550" pin=0"/></net>

<net id="17557"><net_src comp="546" pin="2"/><net_sink comp="17550" pin=1"/></net>

<net id="17558"><net_src comp="124" pin="0"/><net_sink comp="17550" pin=2"/></net>

<net id="17559"><net_src comp="126" pin="0"/><net_sink comp="17550" pin=3"/></net>

<net id="17566"><net_src comp="6" pin="0"/><net_sink comp="17560" pin=0"/></net>

<net id="17567"><net_src comp="546" pin="2"/><net_sink comp="17560" pin=1"/></net>

<net id="17568"><net_src comp="128" pin="0"/><net_sink comp="17560" pin=2"/></net>

<net id="17569"><net_src comp="130" pin="0"/><net_sink comp="17560" pin=3"/></net>

<net id="17576"><net_src comp="6" pin="0"/><net_sink comp="17570" pin=0"/></net>

<net id="17577"><net_src comp="546" pin="2"/><net_sink comp="17570" pin=1"/></net>

<net id="17578"><net_src comp="132" pin="0"/><net_sink comp="17570" pin=2"/></net>

<net id="17579"><net_src comp="134" pin="0"/><net_sink comp="17570" pin=3"/></net>

<net id="17586"><net_src comp="6" pin="0"/><net_sink comp="17580" pin=0"/></net>

<net id="17587"><net_src comp="546" pin="2"/><net_sink comp="17580" pin=1"/></net>

<net id="17588"><net_src comp="136" pin="0"/><net_sink comp="17580" pin=2"/></net>

<net id="17589"><net_src comp="138" pin="0"/><net_sink comp="17580" pin=3"/></net>

<net id="17596"><net_src comp="6" pin="0"/><net_sink comp="17590" pin=0"/></net>

<net id="17597"><net_src comp="546" pin="2"/><net_sink comp="17590" pin=1"/></net>

<net id="17598"><net_src comp="140" pin="0"/><net_sink comp="17590" pin=2"/></net>

<net id="17599"><net_src comp="142" pin="0"/><net_sink comp="17590" pin=3"/></net>

<net id="17606"><net_src comp="6" pin="0"/><net_sink comp="17600" pin=0"/></net>

<net id="17607"><net_src comp="546" pin="2"/><net_sink comp="17600" pin=1"/></net>

<net id="17608"><net_src comp="144" pin="0"/><net_sink comp="17600" pin=2"/></net>

<net id="17609"><net_src comp="146" pin="0"/><net_sink comp="17600" pin=3"/></net>

<net id="17616"><net_src comp="6" pin="0"/><net_sink comp="17610" pin=0"/></net>

<net id="17617"><net_src comp="546" pin="2"/><net_sink comp="17610" pin=1"/></net>

<net id="17618"><net_src comp="148" pin="0"/><net_sink comp="17610" pin=2"/></net>

<net id="17619"><net_src comp="150" pin="0"/><net_sink comp="17610" pin=3"/></net>

<net id="17626"><net_src comp="6" pin="0"/><net_sink comp="17620" pin=0"/></net>

<net id="17627"><net_src comp="546" pin="2"/><net_sink comp="17620" pin=1"/></net>

<net id="17628"><net_src comp="152" pin="0"/><net_sink comp="17620" pin=2"/></net>

<net id="17629"><net_src comp="154" pin="0"/><net_sink comp="17620" pin=3"/></net>

<net id="17636"><net_src comp="6" pin="0"/><net_sink comp="17630" pin=0"/></net>

<net id="17637"><net_src comp="546" pin="2"/><net_sink comp="17630" pin=1"/></net>

<net id="17638"><net_src comp="156" pin="0"/><net_sink comp="17630" pin=2"/></net>

<net id="17639"><net_src comp="158" pin="0"/><net_sink comp="17630" pin=3"/></net>

<net id="17646"><net_src comp="6" pin="0"/><net_sink comp="17640" pin=0"/></net>

<net id="17647"><net_src comp="546" pin="2"/><net_sink comp="17640" pin=1"/></net>

<net id="17648"><net_src comp="160" pin="0"/><net_sink comp="17640" pin=2"/></net>

<net id="17649"><net_src comp="162" pin="0"/><net_sink comp="17640" pin=3"/></net>

<net id="17656"><net_src comp="6" pin="0"/><net_sink comp="17650" pin=0"/></net>

<net id="17657"><net_src comp="546" pin="2"/><net_sink comp="17650" pin=1"/></net>

<net id="17658"><net_src comp="164" pin="0"/><net_sink comp="17650" pin=2"/></net>

<net id="17659"><net_src comp="166" pin="0"/><net_sink comp="17650" pin=3"/></net>

<net id="17666"><net_src comp="6" pin="0"/><net_sink comp="17660" pin=0"/></net>

<net id="17667"><net_src comp="546" pin="2"/><net_sink comp="17660" pin=1"/></net>

<net id="17668"><net_src comp="168" pin="0"/><net_sink comp="17660" pin=2"/></net>

<net id="17669"><net_src comp="170" pin="0"/><net_sink comp="17660" pin=3"/></net>

<net id="17676"><net_src comp="6" pin="0"/><net_sink comp="17670" pin=0"/></net>

<net id="17677"><net_src comp="546" pin="2"/><net_sink comp="17670" pin=1"/></net>

<net id="17678"><net_src comp="172" pin="0"/><net_sink comp="17670" pin=2"/></net>

<net id="17679"><net_src comp="174" pin="0"/><net_sink comp="17670" pin=3"/></net>

<net id="17686"><net_src comp="6" pin="0"/><net_sink comp="17680" pin=0"/></net>

<net id="17687"><net_src comp="546" pin="2"/><net_sink comp="17680" pin=1"/></net>

<net id="17688"><net_src comp="176" pin="0"/><net_sink comp="17680" pin=2"/></net>

<net id="17689"><net_src comp="178" pin="0"/><net_sink comp="17680" pin=3"/></net>

<net id="17696"><net_src comp="6" pin="0"/><net_sink comp="17690" pin=0"/></net>

<net id="17697"><net_src comp="546" pin="2"/><net_sink comp="17690" pin=1"/></net>

<net id="17698"><net_src comp="180" pin="0"/><net_sink comp="17690" pin=2"/></net>

<net id="17699"><net_src comp="182" pin="0"/><net_sink comp="17690" pin=3"/></net>

<net id="17706"><net_src comp="6" pin="0"/><net_sink comp="17700" pin=0"/></net>

<net id="17707"><net_src comp="546" pin="2"/><net_sink comp="17700" pin=1"/></net>

<net id="17708"><net_src comp="184" pin="0"/><net_sink comp="17700" pin=2"/></net>

<net id="17709"><net_src comp="186" pin="0"/><net_sink comp="17700" pin=3"/></net>

<net id="17716"><net_src comp="6" pin="0"/><net_sink comp="17710" pin=0"/></net>

<net id="17717"><net_src comp="546" pin="2"/><net_sink comp="17710" pin=1"/></net>

<net id="17718"><net_src comp="188" pin="0"/><net_sink comp="17710" pin=2"/></net>

<net id="17719"><net_src comp="190" pin="0"/><net_sink comp="17710" pin=3"/></net>

<net id="17726"><net_src comp="6" pin="0"/><net_sink comp="17720" pin=0"/></net>

<net id="17727"><net_src comp="546" pin="2"/><net_sink comp="17720" pin=1"/></net>

<net id="17728"><net_src comp="192" pin="0"/><net_sink comp="17720" pin=2"/></net>

<net id="17729"><net_src comp="194" pin="0"/><net_sink comp="17720" pin=3"/></net>

<net id="17736"><net_src comp="6" pin="0"/><net_sink comp="17730" pin=0"/></net>

<net id="17737"><net_src comp="546" pin="2"/><net_sink comp="17730" pin=1"/></net>

<net id="17738"><net_src comp="196" pin="0"/><net_sink comp="17730" pin=2"/></net>

<net id="17739"><net_src comp="198" pin="0"/><net_sink comp="17730" pin=3"/></net>

<net id="17746"><net_src comp="6" pin="0"/><net_sink comp="17740" pin=0"/></net>

<net id="17747"><net_src comp="546" pin="2"/><net_sink comp="17740" pin=1"/></net>

<net id="17748"><net_src comp="200" pin="0"/><net_sink comp="17740" pin=2"/></net>

<net id="17749"><net_src comp="202" pin="0"/><net_sink comp="17740" pin=3"/></net>

<net id="17756"><net_src comp="6" pin="0"/><net_sink comp="17750" pin=0"/></net>

<net id="17757"><net_src comp="546" pin="2"/><net_sink comp="17750" pin=1"/></net>

<net id="17758"><net_src comp="204" pin="0"/><net_sink comp="17750" pin=2"/></net>

<net id="17759"><net_src comp="206" pin="0"/><net_sink comp="17750" pin=3"/></net>

<net id="17766"><net_src comp="6" pin="0"/><net_sink comp="17760" pin=0"/></net>

<net id="17767"><net_src comp="546" pin="2"/><net_sink comp="17760" pin=1"/></net>

<net id="17768"><net_src comp="208" pin="0"/><net_sink comp="17760" pin=2"/></net>

<net id="17769"><net_src comp="210" pin="0"/><net_sink comp="17760" pin=3"/></net>

<net id="17776"><net_src comp="6" pin="0"/><net_sink comp="17770" pin=0"/></net>

<net id="17777"><net_src comp="546" pin="2"/><net_sink comp="17770" pin=1"/></net>

<net id="17778"><net_src comp="212" pin="0"/><net_sink comp="17770" pin=2"/></net>

<net id="17779"><net_src comp="214" pin="0"/><net_sink comp="17770" pin=3"/></net>

<net id="17786"><net_src comp="6" pin="0"/><net_sink comp="17780" pin=0"/></net>

<net id="17787"><net_src comp="546" pin="2"/><net_sink comp="17780" pin=1"/></net>

<net id="17788"><net_src comp="216" pin="0"/><net_sink comp="17780" pin=2"/></net>

<net id="17789"><net_src comp="218" pin="0"/><net_sink comp="17780" pin=3"/></net>

<net id="17796"><net_src comp="6" pin="0"/><net_sink comp="17790" pin=0"/></net>

<net id="17797"><net_src comp="546" pin="2"/><net_sink comp="17790" pin=1"/></net>

<net id="17798"><net_src comp="220" pin="0"/><net_sink comp="17790" pin=2"/></net>

<net id="17799"><net_src comp="222" pin="0"/><net_sink comp="17790" pin=3"/></net>

<net id="17806"><net_src comp="6" pin="0"/><net_sink comp="17800" pin=0"/></net>

<net id="17807"><net_src comp="546" pin="2"/><net_sink comp="17800" pin=1"/></net>

<net id="17808"><net_src comp="224" pin="0"/><net_sink comp="17800" pin=2"/></net>

<net id="17809"><net_src comp="226" pin="0"/><net_sink comp="17800" pin=3"/></net>

<net id="17816"><net_src comp="6" pin="0"/><net_sink comp="17810" pin=0"/></net>

<net id="17817"><net_src comp="546" pin="2"/><net_sink comp="17810" pin=1"/></net>

<net id="17818"><net_src comp="228" pin="0"/><net_sink comp="17810" pin=2"/></net>

<net id="17819"><net_src comp="230" pin="0"/><net_sink comp="17810" pin=3"/></net>

<net id="17826"><net_src comp="6" pin="0"/><net_sink comp="17820" pin=0"/></net>

<net id="17827"><net_src comp="546" pin="2"/><net_sink comp="17820" pin=1"/></net>

<net id="17828"><net_src comp="232" pin="0"/><net_sink comp="17820" pin=2"/></net>

<net id="17829"><net_src comp="234" pin="0"/><net_sink comp="17820" pin=3"/></net>

<net id="17836"><net_src comp="6" pin="0"/><net_sink comp="17830" pin=0"/></net>

<net id="17837"><net_src comp="546" pin="2"/><net_sink comp="17830" pin=1"/></net>

<net id="17838"><net_src comp="236" pin="0"/><net_sink comp="17830" pin=2"/></net>

<net id="17839"><net_src comp="238" pin="0"/><net_sink comp="17830" pin=3"/></net>

<net id="17846"><net_src comp="6" pin="0"/><net_sink comp="17840" pin=0"/></net>

<net id="17847"><net_src comp="546" pin="2"/><net_sink comp="17840" pin=1"/></net>

<net id="17848"><net_src comp="240" pin="0"/><net_sink comp="17840" pin=2"/></net>

<net id="17849"><net_src comp="242" pin="0"/><net_sink comp="17840" pin=3"/></net>

<net id="17856"><net_src comp="6" pin="0"/><net_sink comp="17850" pin=0"/></net>

<net id="17857"><net_src comp="546" pin="2"/><net_sink comp="17850" pin=1"/></net>

<net id="17858"><net_src comp="244" pin="0"/><net_sink comp="17850" pin=2"/></net>

<net id="17859"><net_src comp="246" pin="0"/><net_sink comp="17850" pin=3"/></net>

<net id="17866"><net_src comp="6" pin="0"/><net_sink comp="17860" pin=0"/></net>

<net id="17867"><net_src comp="546" pin="2"/><net_sink comp="17860" pin=1"/></net>

<net id="17868"><net_src comp="248" pin="0"/><net_sink comp="17860" pin=2"/></net>

<net id="17869"><net_src comp="250" pin="0"/><net_sink comp="17860" pin=3"/></net>

<net id="17876"><net_src comp="6" pin="0"/><net_sink comp="17870" pin=0"/></net>

<net id="17877"><net_src comp="546" pin="2"/><net_sink comp="17870" pin=1"/></net>

<net id="17878"><net_src comp="252" pin="0"/><net_sink comp="17870" pin=2"/></net>

<net id="17879"><net_src comp="254" pin="0"/><net_sink comp="17870" pin=3"/></net>

<net id="17883"><net_src comp="17256" pin="1"/><net_sink comp="17880" pin=0"/></net>

<net id="17884"><net_src comp="17880" pin="1"/><net_sink comp="580" pin=0"/></net>

<net id="17888"><net_src comp="17280" pin="4"/><net_sink comp="17885" pin=0"/></net>

<net id="17889"><net_src comp="17885" pin="1"/><net_sink comp="619" pin=0"/></net>

<net id="17893"><net_src comp="17290" pin="4"/><net_sink comp="17890" pin=0"/></net>

<net id="17894"><net_src comp="17890" pin="1"/><net_sink comp="575" pin=0"/></net>

<net id="17898"><net_src comp="17300" pin="4"/><net_sink comp="17895" pin=0"/></net>

<net id="17899"><net_src comp="17895" pin="1"/><net_sink comp="606" pin=0"/></net>

<net id="17903"><net_src comp="17310" pin="4"/><net_sink comp="17900" pin=0"/></net>

<net id="17904"><net_src comp="17900" pin="1"/><net_sink comp="569" pin=0"/></net>

<net id="17908"><net_src comp="17320" pin="4"/><net_sink comp="17905" pin=0"/></net>

<net id="17909"><net_src comp="17905" pin="1"/><net_sink comp="611" pin=0"/></net>

<net id="17913"><net_src comp="17330" pin="4"/><net_sink comp="17910" pin=0"/></net>

<net id="17914"><net_src comp="17910" pin="1"/><net_sink comp="559" pin=0"/></net>

<net id="17918"><net_src comp="17340" pin="4"/><net_sink comp="17915" pin=0"/></net>

<net id="17919"><net_src comp="17915" pin="1"/><net_sink comp="616" pin=0"/></net>

<net id="17923"><net_src comp="17350" pin="4"/><net_sink comp="17920" pin=0"/></net>

<net id="17924"><net_src comp="17920" pin="1"/><net_sink comp="568" pin=0"/></net>

<net id="17928"><net_src comp="17360" pin="4"/><net_sink comp="17925" pin=0"/></net>

<net id="17929"><net_src comp="17925" pin="1"/><net_sink comp="573" pin=0"/></net>

<net id="17933"><net_src comp="17370" pin="4"/><net_sink comp="17930" pin=0"/></net>

<net id="17934"><net_src comp="17930" pin="1"/><net_sink comp="621" pin=0"/></net>

<net id="17938"><net_src comp="17380" pin="4"/><net_sink comp="17935" pin=0"/></net>

<net id="17939"><net_src comp="17935" pin="1"/><net_sink comp="612" pin=0"/></net>

<net id="17943"><net_src comp="17390" pin="4"/><net_sink comp="17940" pin=0"/></net>

<net id="17944"><net_src comp="17940" pin="1"/><net_sink comp="565" pin=0"/></net>

<net id="17948"><net_src comp="17400" pin="4"/><net_sink comp="17945" pin=0"/></net>

<net id="17949"><net_src comp="17945" pin="1"/><net_sink comp="610" pin=0"/></net>

<net id="17953"><net_src comp="17410" pin="4"/><net_sink comp="17950" pin=0"/></net>

<net id="17954"><net_src comp="17950" pin="1"/><net_sink comp="595" pin=0"/></net>

<net id="17958"><net_src comp="17420" pin="4"/><net_sink comp="17955" pin=0"/></net>

<net id="17959"><net_src comp="17955" pin="1"/><net_sink comp="584" pin=0"/></net>

<net id="17963"><net_src comp="17430" pin="4"/><net_sink comp="17960" pin=0"/></net>

<net id="17964"><net_src comp="17960" pin="1"/><net_sink comp="561" pin=0"/></net>

<net id="17968"><net_src comp="17440" pin="4"/><net_sink comp="17965" pin=0"/></net>

<net id="17969"><net_src comp="17965" pin="1"/><net_sink comp="576" pin=0"/></net>

<net id="17973"><net_src comp="17450" pin="4"/><net_sink comp="17970" pin=0"/></net>

<net id="17974"><net_src comp="17970" pin="1"/><net_sink comp="571" pin=0"/></net>

<net id="17978"><net_src comp="17460" pin="4"/><net_sink comp="17975" pin=0"/></net>

<net id="17979"><net_src comp="17975" pin="1"/><net_sink comp="587" pin=0"/></net>

<net id="17983"><net_src comp="17470" pin="4"/><net_sink comp="17980" pin=0"/></net>

<net id="17984"><net_src comp="17980" pin="1"/><net_sink comp="620" pin=0"/></net>

<net id="17988"><net_src comp="17480" pin="4"/><net_sink comp="17985" pin=0"/></net>

<net id="17989"><net_src comp="17985" pin="1"/><net_sink comp="588" pin=0"/></net>

<net id="17993"><net_src comp="17490" pin="4"/><net_sink comp="17990" pin=0"/></net>

<net id="17994"><net_src comp="17990" pin="1"/><net_sink comp="607" pin=0"/></net>

<net id="17998"><net_src comp="17500" pin="4"/><net_sink comp="17995" pin=0"/></net>

<net id="17999"><net_src comp="17995" pin="1"/><net_sink comp="602" pin=0"/></net>

<net id="18003"><net_src comp="17510" pin="4"/><net_sink comp="18000" pin=0"/></net>

<net id="18004"><net_src comp="18000" pin="1"/><net_sink comp="614" pin=0"/></net>

<net id="18008"><net_src comp="17520" pin="4"/><net_sink comp="18005" pin=0"/></net>

<net id="18009"><net_src comp="18005" pin="1"/><net_sink comp="615" pin=0"/></net>

<net id="18013"><net_src comp="17530" pin="4"/><net_sink comp="18010" pin=0"/></net>

<net id="18014"><net_src comp="18010" pin="1"/><net_sink comp="604" pin=0"/></net>

<net id="18018"><net_src comp="17540" pin="4"/><net_sink comp="18015" pin=0"/></net>

<net id="18019"><net_src comp="18015" pin="1"/><net_sink comp="564" pin=0"/></net>

<net id="18023"><net_src comp="17550" pin="4"/><net_sink comp="18020" pin=0"/></net>

<net id="18024"><net_src comp="18020" pin="1"/><net_sink comp="601" pin=0"/></net>

<net id="18028"><net_src comp="17560" pin="4"/><net_sink comp="18025" pin=0"/></net>

<net id="18029"><net_src comp="18025" pin="1"/><net_sink comp="577" pin=0"/></net>

<net id="18033"><net_src comp="17570" pin="4"/><net_sink comp="18030" pin=0"/></net>

<net id="18034"><net_src comp="18030" pin="1"/><net_sink comp="578" pin=0"/></net>

<net id="18038"><net_src comp="17580" pin="4"/><net_sink comp="18035" pin=0"/></net>

<net id="18039"><net_src comp="18035" pin="1"/><net_sink comp="592" pin=0"/></net>

<net id="18043"><net_src comp="17590" pin="4"/><net_sink comp="18040" pin=0"/></net>

<net id="18044"><net_src comp="18040" pin="1"/><net_sink comp="603" pin=0"/></net>

<net id="18048"><net_src comp="17600" pin="4"/><net_sink comp="18045" pin=0"/></net>

<net id="18049"><net_src comp="18045" pin="1"/><net_sink comp="567" pin=0"/></net>

<net id="18053"><net_src comp="17610" pin="4"/><net_sink comp="18050" pin=0"/></net>

<net id="18054"><net_src comp="18050" pin="1"/><net_sink comp="608" pin=0"/></net>

<net id="18058"><net_src comp="17620" pin="4"/><net_sink comp="18055" pin=0"/></net>

<net id="18059"><net_src comp="18055" pin="1"/><net_sink comp="622" pin=0"/></net>

<net id="18063"><net_src comp="17630" pin="4"/><net_sink comp="18060" pin=0"/></net>

<net id="18064"><net_src comp="18060" pin="1"/><net_sink comp="572" pin=0"/></net>

<net id="18068"><net_src comp="17640" pin="4"/><net_sink comp="18065" pin=0"/></net>

<net id="18069"><net_src comp="18065" pin="1"/><net_sink comp="566" pin=0"/></net>

<net id="18073"><net_src comp="17650" pin="4"/><net_sink comp="18070" pin=0"/></net>

<net id="18074"><net_src comp="18070" pin="1"/><net_sink comp="570" pin=0"/></net>

<net id="18078"><net_src comp="17660" pin="4"/><net_sink comp="18075" pin=0"/></net>

<net id="18079"><net_src comp="18075" pin="1"/><net_sink comp="598" pin=0"/></net>

<net id="18083"><net_src comp="17670" pin="4"/><net_sink comp="18080" pin=0"/></net>

<net id="18084"><net_src comp="18080" pin="1"/><net_sink comp="600" pin=0"/></net>

<net id="18088"><net_src comp="17680" pin="4"/><net_sink comp="18085" pin=0"/></net>

<net id="18089"><net_src comp="18085" pin="1"/><net_sink comp="591" pin=0"/></net>

<net id="18093"><net_src comp="17690" pin="4"/><net_sink comp="18090" pin=0"/></net>

<net id="18094"><net_src comp="18090" pin="1"/><net_sink comp="599" pin=0"/></net>

<net id="18098"><net_src comp="17700" pin="4"/><net_sink comp="18095" pin=0"/></net>

<net id="18099"><net_src comp="18095" pin="1"/><net_sink comp="594" pin=0"/></net>

<net id="18103"><net_src comp="17710" pin="4"/><net_sink comp="18100" pin=0"/></net>

<net id="18104"><net_src comp="18100" pin="1"/><net_sink comp="617" pin=0"/></net>

<net id="18108"><net_src comp="17720" pin="4"/><net_sink comp="18105" pin=0"/></net>

<net id="18109"><net_src comp="18105" pin="1"/><net_sink comp="590" pin=0"/></net>

<net id="18113"><net_src comp="17730" pin="4"/><net_sink comp="18110" pin=0"/></net>

<net id="18114"><net_src comp="18110" pin="1"/><net_sink comp="593" pin=0"/></net>

<net id="18118"><net_src comp="17740" pin="4"/><net_sink comp="18115" pin=0"/></net>

<net id="18119"><net_src comp="18115" pin="1"/><net_sink comp="560" pin=0"/></net>

<net id="18123"><net_src comp="17750" pin="4"/><net_sink comp="18120" pin=0"/></net>

<net id="18124"><net_src comp="18120" pin="1"/><net_sink comp="574" pin=0"/></net>

<net id="18128"><net_src comp="17760" pin="4"/><net_sink comp="18125" pin=0"/></net>

<net id="18129"><net_src comp="18125" pin="1"/><net_sink comp="585" pin=0"/></net>

<net id="18133"><net_src comp="17770" pin="4"/><net_sink comp="18130" pin=0"/></net>

<net id="18134"><net_src comp="18130" pin="1"/><net_sink comp="582" pin=0"/></net>

<net id="18138"><net_src comp="17780" pin="4"/><net_sink comp="18135" pin=0"/></net>

<net id="18139"><net_src comp="18135" pin="1"/><net_sink comp="583" pin=0"/></net>

<net id="18143"><net_src comp="17790" pin="4"/><net_sink comp="18140" pin=0"/></net>

<net id="18144"><net_src comp="18140" pin="1"/><net_sink comp="563" pin=0"/></net>

<net id="18148"><net_src comp="17800" pin="4"/><net_sink comp="18145" pin=0"/></net>

<net id="18149"><net_src comp="18145" pin="1"/><net_sink comp="579" pin=0"/></net>

<net id="18153"><net_src comp="17810" pin="4"/><net_sink comp="18150" pin=0"/></net>

<net id="18154"><net_src comp="18150" pin="1"/><net_sink comp="597" pin=0"/></net>

<net id="18158"><net_src comp="17820" pin="4"/><net_sink comp="18155" pin=0"/></net>

<net id="18159"><net_src comp="18155" pin="1"/><net_sink comp="586" pin=0"/></net>

<net id="18163"><net_src comp="17830" pin="4"/><net_sink comp="18160" pin=0"/></net>

<net id="18164"><net_src comp="18160" pin="1"/><net_sink comp="589" pin=0"/></net>

<net id="18171"><net_src comp="368" pin="0"/><net_sink comp="18165" pin=0"/></net>

<net id="18172"><net_src comp="546" pin="2"/><net_sink comp="18165" pin=1"/></net>

<net id="18173"><net_src comp="370" pin="0"/><net_sink comp="18165" pin=2"/></net>

<net id="18174"><net_src comp="372" pin="0"/><net_sink comp="18165" pin=3"/></net>

<net id="18180"><net_src comp="374" pin="0"/><net_sink comp="18175" pin=0"/></net>

<net id="18181"><net_src comp="18165" pin="4"/><net_sink comp="18175" pin=1"/></net>

<net id="18182"><net_src comp="376" pin="0"/><net_sink comp="18175" pin=2"/></net>

<net id="18189"><net_src comp="6" pin="0"/><net_sink comp="18183" pin=0"/></net>

<net id="18190"><net_src comp="546" pin="2"/><net_sink comp="18183" pin=1"/></net>

<net id="18191"><net_src comp="370" pin="0"/><net_sink comp="18183" pin=2"/></net>

<net id="18192"><net_src comp="378" pin="0"/><net_sink comp="18183" pin=3"/></net>

<net id="18198"><net_src comp="380" pin="0"/><net_sink comp="18193" pin=0"/></net>

<net id="18199"><net_src comp="18183" pin="4"/><net_sink comp="18193" pin=1"/></net>

<net id="18200"><net_src comp="382" pin="0"/><net_sink comp="18193" pin=2"/></net>

<net id="18204"><net_src comp="18193" pin="3"/><net_sink comp="18201" pin=0"/></net>

<net id="18209"><net_src comp="18201" pin="1"/><net_sink comp="18205" pin=0"/></net>

<net id="18210"><net_src comp="384" pin="0"/><net_sink comp="18205" pin=1"/></net>

<net id="18214"><net_src comp="18205" pin="2"/><net_sink comp="18211" pin=0"/></net>

<net id="18219"><net_src comp="18211" pin="1"/><net_sink comp="18215" pin=0"/></net>

<net id="18220"><net_src comp="18175" pin="3"/><net_sink comp="18215" pin=1"/></net>

<net id="18227"><net_src comp="386" pin="0"/><net_sink comp="18221" pin=0"/></net>

<net id="18228"><net_src comp="18215" pin="2"/><net_sink comp="18221" pin=1"/></net>

<net id="18229"><net_src comp="388" pin="0"/><net_sink comp="18221" pin=2"/></net>

<net id="18230"><net_src comp="390" pin="0"/><net_sink comp="18221" pin=3"/></net>

<net id="18234"><net_src comp="17840" pin="4"/><net_sink comp="18231" pin=0"/></net>

<net id="18235"><net_src comp="18231" pin="1"/><net_sink comp="618" pin=0"/></net>

<net id="18239"><net_src comp="17850" pin="4"/><net_sink comp="18236" pin=0"/></net>

<net id="18240"><net_src comp="18236" pin="1"/><net_sink comp="605" pin=0"/></net>

<net id="18244"><net_src comp="17860" pin="4"/><net_sink comp="18241" pin=0"/></net>

<net id="18245"><net_src comp="18241" pin="1"/><net_sink comp="613" pin=0"/></net>

<net id="18249"><net_src comp="17870" pin="4"/><net_sink comp="18246" pin=0"/></net>

<net id="18250"><net_src comp="18246" pin="1"/><net_sink comp="596" pin=0"/></net>

<net id="18254"><net_src comp="17260" pin="4"/><net_sink comp="18251" pin=0"/></net>

<net id="18255"><net_src comp="18251" pin="1"/><net_sink comp="609" pin=0"/></net>

<net id="18259"><net_src comp="17270" pin="4"/><net_sink comp="18256" pin=0"/></net>

<net id="18260"><net_src comp="18256" pin="1"/><net_sink comp="562" pin=0"/></net>

<net id="18265"><net_src comp="17003" pin="1"/><net_sink comp="18261" pin=0"/></net>

<net id="18266"><net_src comp="418" pin="0"/><net_sink comp="18261" pin=1"/></net>

<net id="18273"><net_src comp="386" pin="0"/><net_sink comp="18267" pin=0"/></net>

<net id="18274"><net_src comp="18261" pin="2"/><net_sink comp="18267" pin=1"/></net>

<net id="18275"><net_src comp="388" pin="0"/><net_sink comp="18267" pin=2"/></net>

<net id="18276"><net_src comp="390" pin="0"/><net_sink comp="18267" pin=3"/></net>

<net id="18281"><net_src comp="17007" pin="1"/><net_sink comp="18277" pin=0"/></net>

<net id="18282"><net_src comp="420" pin="0"/><net_sink comp="18277" pin=1"/></net>

<net id="18289"><net_src comp="386" pin="0"/><net_sink comp="18283" pin=0"/></net>

<net id="18290"><net_src comp="18277" pin="2"/><net_sink comp="18283" pin=1"/></net>

<net id="18291"><net_src comp="388" pin="0"/><net_sink comp="18283" pin=2"/></net>

<net id="18292"><net_src comp="390" pin="0"/><net_sink comp="18283" pin=3"/></net>

<net id="18297"><net_src comp="17011" pin="1"/><net_sink comp="18293" pin=0"/></net>

<net id="18298"><net_src comp="422" pin="0"/><net_sink comp="18293" pin=1"/></net>

<net id="18305"><net_src comp="386" pin="0"/><net_sink comp="18299" pin=0"/></net>

<net id="18306"><net_src comp="18293" pin="2"/><net_sink comp="18299" pin=1"/></net>

<net id="18307"><net_src comp="388" pin="0"/><net_sink comp="18299" pin=2"/></net>

<net id="18308"><net_src comp="390" pin="0"/><net_sink comp="18299" pin=3"/></net>

<net id="18313"><net_src comp="17015" pin="1"/><net_sink comp="18309" pin=0"/></net>

<net id="18314"><net_src comp="424" pin="0"/><net_sink comp="18309" pin=1"/></net>

<net id="18321"><net_src comp="386" pin="0"/><net_sink comp="18315" pin=0"/></net>

<net id="18322"><net_src comp="18309" pin="2"/><net_sink comp="18315" pin=1"/></net>

<net id="18323"><net_src comp="388" pin="0"/><net_sink comp="18315" pin=2"/></net>

<net id="18324"><net_src comp="390" pin="0"/><net_sink comp="18315" pin=3"/></net>

<net id="18329"><net_src comp="17019" pin="1"/><net_sink comp="18325" pin=0"/></net>

<net id="18330"><net_src comp="426" pin="0"/><net_sink comp="18325" pin=1"/></net>

<net id="18337"><net_src comp="386" pin="0"/><net_sink comp="18331" pin=0"/></net>

<net id="18338"><net_src comp="18325" pin="2"/><net_sink comp="18331" pin=1"/></net>

<net id="18339"><net_src comp="388" pin="0"/><net_sink comp="18331" pin=2"/></net>

<net id="18340"><net_src comp="390" pin="0"/><net_sink comp="18331" pin=3"/></net>

<net id="18345"><net_src comp="17023" pin="1"/><net_sink comp="18341" pin=0"/></net>

<net id="18346"><net_src comp="428" pin="0"/><net_sink comp="18341" pin=1"/></net>

<net id="18353"><net_src comp="386" pin="0"/><net_sink comp="18347" pin=0"/></net>

<net id="18354"><net_src comp="18341" pin="2"/><net_sink comp="18347" pin=1"/></net>

<net id="18355"><net_src comp="388" pin="0"/><net_sink comp="18347" pin=2"/></net>

<net id="18356"><net_src comp="390" pin="0"/><net_sink comp="18347" pin=3"/></net>

<net id="18361"><net_src comp="17027" pin="1"/><net_sink comp="18357" pin=0"/></net>

<net id="18362"><net_src comp="430" pin="0"/><net_sink comp="18357" pin=1"/></net>

<net id="18369"><net_src comp="386" pin="0"/><net_sink comp="18363" pin=0"/></net>

<net id="18370"><net_src comp="18357" pin="2"/><net_sink comp="18363" pin=1"/></net>

<net id="18371"><net_src comp="388" pin="0"/><net_sink comp="18363" pin=2"/></net>

<net id="18372"><net_src comp="390" pin="0"/><net_sink comp="18363" pin=3"/></net>

<net id="18377"><net_src comp="17031" pin="1"/><net_sink comp="18373" pin=0"/></net>

<net id="18378"><net_src comp="432" pin="0"/><net_sink comp="18373" pin=1"/></net>

<net id="18385"><net_src comp="386" pin="0"/><net_sink comp="18379" pin=0"/></net>

<net id="18386"><net_src comp="18373" pin="2"/><net_sink comp="18379" pin=1"/></net>

<net id="18387"><net_src comp="388" pin="0"/><net_sink comp="18379" pin=2"/></net>

<net id="18388"><net_src comp="390" pin="0"/><net_sink comp="18379" pin=3"/></net>

<net id="18393"><net_src comp="17035" pin="1"/><net_sink comp="18389" pin=0"/></net>

<net id="18394"><net_src comp="434" pin="0"/><net_sink comp="18389" pin=1"/></net>

<net id="18401"><net_src comp="386" pin="0"/><net_sink comp="18395" pin=0"/></net>

<net id="18402"><net_src comp="18389" pin="2"/><net_sink comp="18395" pin=1"/></net>

<net id="18403"><net_src comp="388" pin="0"/><net_sink comp="18395" pin=2"/></net>

<net id="18404"><net_src comp="390" pin="0"/><net_sink comp="18395" pin=3"/></net>

<net id="18409"><net_src comp="17039" pin="1"/><net_sink comp="18405" pin=0"/></net>

<net id="18410"><net_src comp="436" pin="0"/><net_sink comp="18405" pin=1"/></net>

<net id="18417"><net_src comp="386" pin="0"/><net_sink comp="18411" pin=0"/></net>

<net id="18418"><net_src comp="18405" pin="2"/><net_sink comp="18411" pin=1"/></net>

<net id="18419"><net_src comp="388" pin="0"/><net_sink comp="18411" pin=2"/></net>

<net id="18420"><net_src comp="390" pin="0"/><net_sink comp="18411" pin=3"/></net>

<net id="18425"><net_src comp="17043" pin="1"/><net_sink comp="18421" pin=0"/></net>

<net id="18426"><net_src comp="438" pin="0"/><net_sink comp="18421" pin=1"/></net>

<net id="18433"><net_src comp="386" pin="0"/><net_sink comp="18427" pin=0"/></net>

<net id="18434"><net_src comp="18421" pin="2"/><net_sink comp="18427" pin=1"/></net>

<net id="18435"><net_src comp="388" pin="0"/><net_sink comp="18427" pin=2"/></net>

<net id="18436"><net_src comp="390" pin="0"/><net_sink comp="18427" pin=3"/></net>

<net id="18441"><net_src comp="17047" pin="1"/><net_sink comp="18437" pin=0"/></net>

<net id="18442"><net_src comp="440" pin="0"/><net_sink comp="18437" pin=1"/></net>

<net id="18449"><net_src comp="386" pin="0"/><net_sink comp="18443" pin=0"/></net>

<net id="18450"><net_src comp="18437" pin="2"/><net_sink comp="18443" pin=1"/></net>

<net id="18451"><net_src comp="388" pin="0"/><net_sink comp="18443" pin=2"/></net>

<net id="18452"><net_src comp="390" pin="0"/><net_sink comp="18443" pin=3"/></net>

<net id="18457"><net_src comp="17051" pin="1"/><net_sink comp="18453" pin=0"/></net>

<net id="18458"><net_src comp="442" pin="0"/><net_sink comp="18453" pin=1"/></net>

<net id="18465"><net_src comp="386" pin="0"/><net_sink comp="18459" pin=0"/></net>

<net id="18466"><net_src comp="18453" pin="2"/><net_sink comp="18459" pin=1"/></net>

<net id="18467"><net_src comp="388" pin="0"/><net_sink comp="18459" pin=2"/></net>

<net id="18468"><net_src comp="390" pin="0"/><net_sink comp="18459" pin=3"/></net>

<net id="18473"><net_src comp="17055" pin="1"/><net_sink comp="18469" pin=0"/></net>

<net id="18474"><net_src comp="444" pin="0"/><net_sink comp="18469" pin=1"/></net>

<net id="18481"><net_src comp="386" pin="0"/><net_sink comp="18475" pin=0"/></net>

<net id="18482"><net_src comp="18469" pin="2"/><net_sink comp="18475" pin=1"/></net>

<net id="18483"><net_src comp="388" pin="0"/><net_sink comp="18475" pin=2"/></net>

<net id="18484"><net_src comp="390" pin="0"/><net_sink comp="18475" pin=3"/></net>

<net id="18489"><net_src comp="17059" pin="1"/><net_sink comp="18485" pin=0"/></net>

<net id="18490"><net_src comp="446" pin="0"/><net_sink comp="18485" pin=1"/></net>

<net id="18497"><net_src comp="386" pin="0"/><net_sink comp="18491" pin=0"/></net>

<net id="18498"><net_src comp="18485" pin="2"/><net_sink comp="18491" pin=1"/></net>

<net id="18499"><net_src comp="388" pin="0"/><net_sink comp="18491" pin=2"/></net>

<net id="18500"><net_src comp="390" pin="0"/><net_sink comp="18491" pin=3"/></net>

<net id="18505"><net_src comp="17063" pin="1"/><net_sink comp="18501" pin=0"/></net>

<net id="18506"><net_src comp="448" pin="0"/><net_sink comp="18501" pin=1"/></net>

<net id="18513"><net_src comp="386" pin="0"/><net_sink comp="18507" pin=0"/></net>

<net id="18514"><net_src comp="18501" pin="2"/><net_sink comp="18507" pin=1"/></net>

<net id="18515"><net_src comp="388" pin="0"/><net_sink comp="18507" pin=2"/></net>

<net id="18516"><net_src comp="390" pin="0"/><net_sink comp="18507" pin=3"/></net>

<net id="18521"><net_src comp="17067" pin="1"/><net_sink comp="18517" pin=0"/></net>

<net id="18522"><net_src comp="450" pin="0"/><net_sink comp="18517" pin=1"/></net>

<net id="18529"><net_src comp="386" pin="0"/><net_sink comp="18523" pin=0"/></net>

<net id="18530"><net_src comp="18517" pin="2"/><net_sink comp="18523" pin=1"/></net>

<net id="18531"><net_src comp="388" pin="0"/><net_sink comp="18523" pin=2"/></net>

<net id="18532"><net_src comp="390" pin="0"/><net_sink comp="18523" pin=3"/></net>

<net id="18537"><net_src comp="17071" pin="1"/><net_sink comp="18533" pin=0"/></net>

<net id="18538"><net_src comp="452" pin="0"/><net_sink comp="18533" pin=1"/></net>

<net id="18545"><net_src comp="386" pin="0"/><net_sink comp="18539" pin=0"/></net>

<net id="18546"><net_src comp="18533" pin="2"/><net_sink comp="18539" pin=1"/></net>

<net id="18547"><net_src comp="388" pin="0"/><net_sink comp="18539" pin=2"/></net>

<net id="18548"><net_src comp="390" pin="0"/><net_sink comp="18539" pin=3"/></net>

<net id="18553"><net_src comp="17075" pin="1"/><net_sink comp="18549" pin=0"/></net>

<net id="18554"><net_src comp="454" pin="0"/><net_sink comp="18549" pin=1"/></net>

<net id="18561"><net_src comp="386" pin="0"/><net_sink comp="18555" pin=0"/></net>

<net id="18562"><net_src comp="18549" pin="2"/><net_sink comp="18555" pin=1"/></net>

<net id="18563"><net_src comp="388" pin="0"/><net_sink comp="18555" pin=2"/></net>

<net id="18564"><net_src comp="390" pin="0"/><net_sink comp="18555" pin=3"/></net>

<net id="18569"><net_src comp="17079" pin="1"/><net_sink comp="18565" pin=0"/></net>

<net id="18570"><net_src comp="456" pin="0"/><net_sink comp="18565" pin=1"/></net>

<net id="18577"><net_src comp="386" pin="0"/><net_sink comp="18571" pin=0"/></net>

<net id="18578"><net_src comp="18565" pin="2"/><net_sink comp="18571" pin=1"/></net>

<net id="18579"><net_src comp="388" pin="0"/><net_sink comp="18571" pin=2"/></net>

<net id="18580"><net_src comp="390" pin="0"/><net_sink comp="18571" pin=3"/></net>

<net id="18585"><net_src comp="17083" pin="1"/><net_sink comp="18581" pin=0"/></net>

<net id="18586"><net_src comp="458" pin="0"/><net_sink comp="18581" pin=1"/></net>

<net id="18593"><net_src comp="386" pin="0"/><net_sink comp="18587" pin=0"/></net>

<net id="18594"><net_src comp="18581" pin="2"/><net_sink comp="18587" pin=1"/></net>

<net id="18595"><net_src comp="388" pin="0"/><net_sink comp="18587" pin=2"/></net>

<net id="18596"><net_src comp="390" pin="0"/><net_sink comp="18587" pin=3"/></net>

<net id="18601"><net_src comp="17087" pin="1"/><net_sink comp="18597" pin=0"/></net>

<net id="18602"><net_src comp="460" pin="0"/><net_sink comp="18597" pin=1"/></net>

<net id="18609"><net_src comp="386" pin="0"/><net_sink comp="18603" pin=0"/></net>

<net id="18610"><net_src comp="18597" pin="2"/><net_sink comp="18603" pin=1"/></net>

<net id="18611"><net_src comp="388" pin="0"/><net_sink comp="18603" pin=2"/></net>

<net id="18612"><net_src comp="390" pin="0"/><net_sink comp="18603" pin=3"/></net>

<net id="18617"><net_src comp="17091" pin="1"/><net_sink comp="18613" pin=0"/></net>

<net id="18618"><net_src comp="462" pin="0"/><net_sink comp="18613" pin=1"/></net>

<net id="18625"><net_src comp="386" pin="0"/><net_sink comp="18619" pin=0"/></net>

<net id="18626"><net_src comp="18613" pin="2"/><net_sink comp="18619" pin=1"/></net>

<net id="18627"><net_src comp="388" pin="0"/><net_sink comp="18619" pin=2"/></net>

<net id="18628"><net_src comp="390" pin="0"/><net_sink comp="18619" pin=3"/></net>

<net id="18633"><net_src comp="17095" pin="1"/><net_sink comp="18629" pin=0"/></net>

<net id="18634"><net_src comp="464" pin="0"/><net_sink comp="18629" pin=1"/></net>

<net id="18641"><net_src comp="386" pin="0"/><net_sink comp="18635" pin=0"/></net>

<net id="18642"><net_src comp="18629" pin="2"/><net_sink comp="18635" pin=1"/></net>

<net id="18643"><net_src comp="388" pin="0"/><net_sink comp="18635" pin=2"/></net>

<net id="18644"><net_src comp="390" pin="0"/><net_sink comp="18635" pin=3"/></net>

<net id="18649"><net_src comp="17099" pin="1"/><net_sink comp="18645" pin=0"/></net>

<net id="18650"><net_src comp="466" pin="0"/><net_sink comp="18645" pin=1"/></net>

<net id="18657"><net_src comp="386" pin="0"/><net_sink comp="18651" pin=0"/></net>

<net id="18658"><net_src comp="18645" pin="2"/><net_sink comp="18651" pin=1"/></net>

<net id="18659"><net_src comp="388" pin="0"/><net_sink comp="18651" pin=2"/></net>

<net id="18660"><net_src comp="390" pin="0"/><net_sink comp="18651" pin=3"/></net>

<net id="18665"><net_src comp="17103" pin="1"/><net_sink comp="18661" pin=0"/></net>

<net id="18666"><net_src comp="468" pin="0"/><net_sink comp="18661" pin=1"/></net>

<net id="18673"><net_src comp="386" pin="0"/><net_sink comp="18667" pin=0"/></net>

<net id="18674"><net_src comp="18661" pin="2"/><net_sink comp="18667" pin=1"/></net>

<net id="18675"><net_src comp="388" pin="0"/><net_sink comp="18667" pin=2"/></net>

<net id="18676"><net_src comp="390" pin="0"/><net_sink comp="18667" pin=3"/></net>

<net id="18681"><net_src comp="17107" pin="1"/><net_sink comp="18677" pin=0"/></net>

<net id="18682"><net_src comp="470" pin="0"/><net_sink comp="18677" pin=1"/></net>

<net id="18689"><net_src comp="386" pin="0"/><net_sink comp="18683" pin=0"/></net>

<net id="18690"><net_src comp="18677" pin="2"/><net_sink comp="18683" pin=1"/></net>

<net id="18691"><net_src comp="388" pin="0"/><net_sink comp="18683" pin=2"/></net>

<net id="18692"><net_src comp="390" pin="0"/><net_sink comp="18683" pin=3"/></net>

<net id="18697"><net_src comp="17111" pin="1"/><net_sink comp="18693" pin=0"/></net>

<net id="18698"><net_src comp="472" pin="0"/><net_sink comp="18693" pin=1"/></net>

<net id="18705"><net_src comp="386" pin="0"/><net_sink comp="18699" pin=0"/></net>

<net id="18706"><net_src comp="18693" pin="2"/><net_sink comp="18699" pin=1"/></net>

<net id="18707"><net_src comp="388" pin="0"/><net_sink comp="18699" pin=2"/></net>

<net id="18708"><net_src comp="390" pin="0"/><net_sink comp="18699" pin=3"/></net>

<net id="18713"><net_src comp="17115" pin="1"/><net_sink comp="18709" pin=0"/></net>

<net id="18714"><net_src comp="474" pin="0"/><net_sink comp="18709" pin=1"/></net>

<net id="18721"><net_src comp="386" pin="0"/><net_sink comp="18715" pin=0"/></net>

<net id="18722"><net_src comp="18709" pin="2"/><net_sink comp="18715" pin=1"/></net>

<net id="18723"><net_src comp="388" pin="0"/><net_sink comp="18715" pin=2"/></net>

<net id="18724"><net_src comp="390" pin="0"/><net_sink comp="18715" pin=3"/></net>

<net id="18729"><net_src comp="17119" pin="1"/><net_sink comp="18725" pin=0"/></net>

<net id="18730"><net_src comp="476" pin="0"/><net_sink comp="18725" pin=1"/></net>

<net id="18737"><net_src comp="386" pin="0"/><net_sink comp="18731" pin=0"/></net>

<net id="18738"><net_src comp="18725" pin="2"/><net_sink comp="18731" pin=1"/></net>

<net id="18739"><net_src comp="388" pin="0"/><net_sink comp="18731" pin=2"/></net>

<net id="18740"><net_src comp="390" pin="0"/><net_sink comp="18731" pin=3"/></net>

<net id="18745"><net_src comp="17123" pin="1"/><net_sink comp="18741" pin=0"/></net>

<net id="18746"><net_src comp="478" pin="0"/><net_sink comp="18741" pin=1"/></net>

<net id="18753"><net_src comp="386" pin="0"/><net_sink comp="18747" pin=0"/></net>

<net id="18754"><net_src comp="18741" pin="2"/><net_sink comp="18747" pin=1"/></net>

<net id="18755"><net_src comp="388" pin="0"/><net_sink comp="18747" pin=2"/></net>

<net id="18756"><net_src comp="390" pin="0"/><net_sink comp="18747" pin=3"/></net>

<net id="18761"><net_src comp="17127" pin="1"/><net_sink comp="18757" pin=0"/></net>

<net id="18762"><net_src comp="480" pin="0"/><net_sink comp="18757" pin=1"/></net>

<net id="18769"><net_src comp="386" pin="0"/><net_sink comp="18763" pin=0"/></net>

<net id="18770"><net_src comp="18757" pin="2"/><net_sink comp="18763" pin=1"/></net>

<net id="18771"><net_src comp="388" pin="0"/><net_sink comp="18763" pin=2"/></net>

<net id="18772"><net_src comp="390" pin="0"/><net_sink comp="18763" pin=3"/></net>

<net id="18777"><net_src comp="17131" pin="1"/><net_sink comp="18773" pin=0"/></net>

<net id="18778"><net_src comp="482" pin="0"/><net_sink comp="18773" pin=1"/></net>

<net id="18785"><net_src comp="386" pin="0"/><net_sink comp="18779" pin=0"/></net>

<net id="18786"><net_src comp="18773" pin="2"/><net_sink comp="18779" pin=1"/></net>

<net id="18787"><net_src comp="388" pin="0"/><net_sink comp="18779" pin=2"/></net>

<net id="18788"><net_src comp="390" pin="0"/><net_sink comp="18779" pin=3"/></net>

<net id="18793"><net_src comp="17135" pin="1"/><net_sink comp="18789" pin=0"/></net>

<net id="18794"><net_src comp="484" pin="0"/><net_sink comp="18789" pin=1"/></net>

<net id="18801"><net_src comp="386" pin="0"/><net_sink comp="18795" pin=0"/></net>

<net id="18802"><net_src comp="18789" pin="2"/><net_sink comp="18795" pin=1"/></net>

<net id="18803"><net_src comp="388" pin="0"/><net_sink comp="18795" pin=2"/></net>

<net id="18804"><net_src comp="390" pin="0"/><net_sink comp="18795" pin=3"/></net>

<net id="18809"><net_src comp="17139" pin="1"/><net_sink comp="18805" pin=0"/></net>

<net id="18810"><net_src comp="486" pin="0"/><net_sink comp="18805" pin=1"/></net>

<net id="18817"><net_src comp="386" pin="0"/><net_sink comp="18811" pin=0"/></net>

<net id="18818"><net_src comp="18805" pin="2"/><net_sink comp="18811" pin=1"/></net>

<net id="18819"><net_src comp="388" pin="0"/><net_sink comp="18811" pin=2"/></net>

<net id="18820"><net_src comp="390" pin="0"/><net_sink comp="18811" pin=3"/></net>

<net id="18825"><net_src comp="17143" pin="1"/><net_sink comp="18821" pin=0"/></net>

<net id="18826"><net_src comp="488" pin="0"/><net_sink comp="18821" pin=1"/></net>

<net id="18833"><net_src comp="386" pin="0"/><net_sink comp="18827" pin=0"/></net>

<net id="18834"><net_src comp="18821" pin="2"/><net_sink comp="18827" pin=1"/></net>

<net id="18835"><net_src comp="388" pin="0"/><net_sink comp="18827" pin=2"/></net>

<net id="18836"><net_src comp="390" pin="0"/><net_sink comp="18827" pin=3"/></net>

<net id="18841"><net_src comp="17147" pin="1"/><net_sink comp="18837" pin=0"/></net>

<net id="18842"><net_src comp="490" pin="0"/><net_sink comp="18837" pin=1"/></net>

<net id="18849"><net_src comp="386" pin="0"/><net_sink comp="18843" pin=0"/></net>

<net id="18850"><net_src comp="18837" pin="2"/><net_sink comp="18843" pin=1"/></net>

<net id="18851"><net_src comp="388" pin="0"/><net_sink comp="18843" pin=2"/></net>

<net id="18852"><net_src comp="390" pin="0"/><net_sink comp="18843" pin=3"/></net>

<net id="18857"><net_src comp="17151" pin="1"/><net_sink comp="18853" pin=0"/></net>

<net id="18858"><net_src comp="492" pin="0"/><net_sink comp="18853" pin=1"/></net>

<net id="18865"><net_src comp="386" pin="0"/><net_sink comp="18859" pin=0"/></net>

<net id="18866"><net_src comp="18853" pin="2"/><net_sink comp="18859" pin=1"/></net>

<net id="18867"><net_src comp="388" pin="0"/><net_sink comp="18859" pin=2"/></net>

<net id="18868"><net_src comp="390" pin="0"/><net_sink comp="18859" pin=3"/></net>

<net id="18873"><net_src comp="17155" pin="1"/><net_sink comp="18869" pin=0"/></net>

<net id="18874"><net_src comp="494" pin="0"/><net_sink comp="18869" pin=1"/></net>

<net id="18881"><net_src comp="386" pin="0"/><net_sink comp="18875" pin=0"/></net>

<net id="18882"><net_src comp="18869" pin="2"/><net_sink comp="18875" pin=1"/></net>

<net id="18883"><net_src comp="388" pin="0"/><net_sink comp="18875" pin=2"/></net>

<net id="18884"><net_src comp="390" pin="0"/><net_sink comp="18875" pin=3"/></net>

<net id="18889"><net_src comp="17159" pin="1"/><net_sink comp="18885" pin=0"/></net>

<net id="18890"><net_src comp="496" pin="0"/><net_sink comp="18885" pin=1"/></net>

<net id="18897"><net_src comp="386" pin="0"/><net_sink comp="18891" pin=0"/></net>

<net id="18898"><net_src comp="18885" pin="2"/><net_sink comp="18891" pin=1"/></net>

<net id="18899"><net_src comp="388" pin="0"/><net_sink comp="18891" pin=2"/></net>

<net id="18900"><net_src comp="390" pin="0"/><net_sink comp="18891" pin=3"/></net>

<net id="18905"><net_src comp="17163" pin="1"/><net_sink comp="18901" pin=0"/></net>

<net id="18906"><net_src comp="498" pin="0"/><net_sink comp="18901" pin=1"/></net>

<net id="18913"><net_src comp="386" pin="0"/><net_sink comp="18907" pin=0"/></net>

<net id="18914"><net_src comp="18901" pin="2"/><net_sink comp="18907" pin=1"/></net>

<net id="18915"><net_src comp="388" pin="0"/><net_sink comp="18907" pin=2"/></net>

<net id="18916"><net_src comp="390" pin="0"/><net_sink comp="18907" pin=3"/></net>

<net id="18921"><net_src comp="17167" pin="1"/><net_sink comp="18917" pin=0"/></net>

<net id="18922"><net_src comp="500" pin="0"/><net_sink comp="18917" pin=1"/></net>

<net id="18929"><net_src comp="386" pin="0"/><net_sink comp="18923" pin=0"/></net>

<net id="18930"><net_src comp="18917" pin="2"/><net_sink comp="18923" pin=1"/></net>

<net id="18931"><net_src comp="388" pin="0"/><net_sink comp="18923" pin=2"/></net>

<net id="18932"><net_src comp="390" pin="0"/><net_sink comp="18923" pin=3"/></net>

<net id="18937"><net_src comp="17171" pin="1"/><net_sink comp="18933" pin=0"/></net>

<net id="18938"><net_src comp="502" pin="0"/><net_sink comp="18933" pin=1"/></net>

<net id="18945"><net_src comp="386" pin="0"/><net_sink comp="18939" pin=0"/></net>

<net id="18946"><net_src comp="18933" pin="2"/><net_sink comp="18939" pin=1"/></net>

<net id="18947"><net_src comp="388" pin="0"/><net_sink comp="18939" pin=2"/></net>

<net id="18948"><net_src comp="390" pin="0"/><net_sink comp="18939" pin=3"/></net>

<net id="18953"><net_src comp="17175" pin="1"/><net_sink comp="18949" pin=0"/></net>

<net id="18954"><net_src comp="504" pin="0"/><net_sink comp="18949" pin=1"/></net>

<net id="18961"><net_src comp="386" pin="0"/><net_sink comp="18955" pin=0"/></net>

<net id="18962"><net_src comp="18949" pin="2"/><net_sink comp="18955" pin=1"/></net>

<net id="18963"><net_src comp="388" pin="0"/><net_sink comp="18955" pin=2"/></net>

<net id="18964"><net_src comp="390" pin="0"/><net_sink comp="18955" pin=3"/></net>

<net id="18969"><net_src comp="17179" pin="1"/><net_sink comp="18965" pin=0"/></net>

<net id="18970"><net_src comp="506" pin="0"/><net_sink comp="18965" pin=1"/></net>

<net id="18977"><net_src comp="386" pin="0"/><net_sink comp="18971" pin=0"/></net>

<net id="18978"><net_src comp="18965" pin="2"/><net_sink comp="18971" pin=1"/></net>

<net id="18979"><net_src comp="388" pin="0"/><net_sink comp="18971" pin=2"/></net>

<net id="18980"><net_src comp="390" pin="0"/><net_sink comp="18971" pin=3"/></net>

<net id="18985"><net_src comp="17183" pin="1"/><net_sink comp="18981" pin=0"/></net>

<net id="18986"><net_src comp="508" pin="0"/><net_sink comp="18981" pin=1"/></net>

<net id="18993"><net_src comp="386" pin="0"/><net_sink comp="18987" pin=0"/></net>

<net id="18994"><net_src comp="18981" pin="2"/><net_sink comp="18987" pin=1"/></net>

<net id="18995"><net_src comp="388" pin="0"/><net_sink comp="18987" pin=2"/></net>

<net id="18996"><net_src comp="390" pin="0"/><net_sink comp="18987" pin=3"/></net>

<net id="19001"><net_src comp="17187" pin="1"/><net_sink comp="18997" pin=0"/></net>

<net id="19002"><net_src comp="510" pin="0"/><net_sink comp="18997" pin=1"/></net>

<net id="19009"><net_src comp="386" pin="0"/><net_sink comp="19003" pin=0"/></net>

<net id="19010"><net_src comp="18997" pin="2"/><net_sink comp="19003" pin=1"/></net>

<net id="19011"><net_src comp="388" pin="0"/><net_sink comp="19003" pin=2"/></net>

<net id="19012"><net_src comp="390" pin="0"/><net_sink comp="19003" pin=3"/></net>

<net id="19017"><net_src comp="17191" pin="1"/><net_sink comp="19013" pin=0"/></net>

<net id="19018"><net_src comp="512" pin="0"/><net_sink comp="19013" pin=1"/></net>

<net id="19025"><net_src comp="386" pin="0"/><net_sink comp="19019" pin=0"/></net>

<net id="19026"><net_src comp="19013" pin="2"/><net_sink comp="19019" pin=1"/></net>

<net id="19027"><net_src comp="388" pin="0"/><net_sink comp="19019" pin=2"/></net>

<net id="19028"><net_src comp="390" pin="0"/><net_sink comp="19019" pin=3"/></net>

<net id="19033"><net_src comp="17195" pin="1"/><net_sink comp="19029" pin=0"/></net>

<net id="19034"><net_src comp="514" pin="0"/><net_sink comp="19029" pin=1"/></net>

<net id="19041"><net_src comp="386" pin="0"/><net_sink comp="19035" pin=0"/></net>

<net id="19042"><net_src comp="19029" pin="2"/><net_sink comp="19035" pin=1"/></net>

<net id="19043"><net_src comp="388" pin="0"/><net_sink comp="19035" pin=2"/></net>

<net id="19044"><net_src comp="390" pin="0"/><net_sink comp="19035" pin=3"/></net>

<net id="19049"><net_src comp="17199" pin="1"/><net_sink comp="19045" pin=0"/></net>

<net id="19050"><net_src comp="516" pin="0"/><net_sink comp="19045" pin=1"/></net>

<net id="19057"><net_src comp="386" pin="0"/><net_sink comp="19051" pin=0"/></net>

<net id="19058"><net_src comp="19045" pin="2"/><net_sink comp="19051" pin=1"/></net>

<net id="19059"><net_src comp="388" pin="0"/><net_sink comp="19051" pin=2"/></net>

<net id="19060"><net_src comp="390" pin="0"/><net_sink comp="19051" pin=3"/></net>

<net id="19065"><net_src comp="17203" pin="1"/><net_sink comp="19061" pin=0"/></net>

<net id="19066"><net_src comp="492" pin="0"/><net_sink comp="19061" pin=1"/></net>

<net id="19073"><net_src comp="386" pin="0"/><net_sink comp="19067" pin=0"/></net>

<net id="19074"><net_src comp="19061" pin="2"/><net_sink comp="19067" pin=1"/></net>

<net id="19075"><net_src comp="388" pin="0"/><net_sink comp="19067" pin=2"/></net>

<net id="19076"><net_src comp="390" pin="0"/><net_sink comp="19067" pin=3"/></net>

<net id="19081"><net_src comp="17207" pin="1"/><net_sink comp="19077" pin=0"/></net>

<net id="19082"><net_src comp="518" pin="0"/><net_sink comp="19077" pin=1"/></net>

<net id="19089"><net_src comp="386" pin="0"/><net_sink comp="19083" pin=0"/></net>

<net id="19090"><net_src comp="19077" pin="2"/><net_sink comp="19083" pin=1"/></net>

<net id="19091"><net_src comp="388" pin="0"/><net_sink comp="19083" pin=2"/></net>

<net id="19092"><net_src comp="390" pin="0"/><net_sink comp="19083" pin=3"/></net>

<net id="19097"><net_src comp="17211" pin="1"/><net_sink comp="19093" pin=0"/></net>

<net id="19098"><net_src comp="520" pin="0"/><net_sink comp="19093" pin=1"/></net>

<net id="19105"><net_src comp="386" pin="0"/><net_sink comp="19099" pin=0"/></net>

<net id="19106"><net_src comp="19093" pin="2"/><net_sink comp="19099" pin=1"/></net>

<net id="19107"><net_src comp="388" pin="0"/><net_sink comp="19099" pin=2"/></net>

<net id="19108"><net_src comp="390" pin="0"/><net_sink comp="19099" pin=3"/></net>

<net id="19113"><net_src comp="17215" pin="1"/><net_sink comp="19109" pin=0"/></net>

<net id="19114"><net_src comp="522" pin="0"/><net_sink comp="19109" pin=1"/></net>

<net id="19121"><net_src comp="386" pin="0"/><net_sink comp="19115" pin=0"/></net>

<net id="19122"><net_src comp="19109" pin="2"/><net_sink comp="19115" pin=1"/></net>

<net id="19123"><net_src comp="388" pin="0"/><net_sink comp="19115" pin=2"/></net>

<net id="19124"><net_src comp="390" pin="0"/><net_sink comp="19115" pin=3"/></net>

<net id="19129"><net_src comp="17219" pin="1"/><net_sink comp="19125" pin=0"/></net>

<net id="19130"><net_src comp="524" pin="0"/><net_sink comp="19125" pin=1"/></net>

<net id="19137"><net_src comp="386" pin="0"/><net_sink comp="19131" pin=0"/></net>

<net id="19138"><net_src comp="19125" pin="2"/><net_sink comp="19131" pin=1"/></net>

<net id="19139"><net_src comp="388" pin="0"/><net_sink comp="19131" pin=2"/></net>

<net id="19140"><net_src comp="390" pin="0"/><net_sink comp="19131" pin=3"/></net>

<net id="19145"><net_src comp="17223" pin="1"/><net_sink comp="19141" pin=0"/></net>

<net id="19146"><net_src comp="526" pin="0"/><net_sink comp="19141" pin=1"/></net>

<net id="19153"><net_src comp="386" pin="0"/><net_sink comp="19147" pin=0"/></net>

<net id="19154"><net_src comp="19141" pin="2"/><net_sink comp="19147" pin=1"/></net>

<net id="19155"><net_src comp="388" pin="0"/><net_sink comp="19147" pin=2"/></net>

<net id="19156"><net_src comp="390" pin="0"/><net_sink comp="19147" pin=3"/></net>

<net id="19161"><net_src comp="17227" pin="1"/><net_sink comp="19157" pin=0"/></net>

<net id="19162"><net_src comp="528" pin="0"/><net_sink comp="19157" pin=1"/></net>

<net id="19169"><net_src comp="386" pin="0"/><net_sink comp="19163" pin=0"/></net>

<net id="19170"><net_src comp="19157" pin="2"/><net_sink comp="19163" pin=1"/></net>

<net id="19171"><net_src comp="388" pin="0"/><net_sink comp="19163" pin=2"/></net>

<net id="19172"><net_src comp="390" pin="0"/><net_sink comp="19163" pin=3"/></net>

<net id="19177"><net_src comp="17231" pin="1"/><net_sink comp="19173" pin=0"/></net>

<net id="19178"><net_src comp="530" pin="0"/><net_sink comp="19173" pin=1"/></net>

<net id="19185"><net_src comp="386" pin="0"/><net_sink comp="19179" pin=0"/></net>

<net id="19186"><net_src comp="19173" pin="2"/><net_sink comp="19179" pin=1"/></net>

<net id="19187"><net_src comp="388" pin="0"/><net_sink comp="19179" pin=2"/></net>

<net id="19188"><net_src comp="390" pin="0"/><net_sink comp="19179" pin=3"/></net>

<net id="19193"><net_src comp="17235" pin="1"/><net_sink comp="19189" pin=0"/></net>

<net id="19194"><net_src comp="532" pin="0"/><net_sink comp="19189" pin=1"/></net>

<net id="19201"><net_src comp="386" pin="0"/><net_sink comp="19195" pin=0"/></net>

<net id="19202"><net_src comp="19189" pin="2"/><net_sink comp="19195" pin=1"/></net>

<net id="19203"><net_src comp="388" pin="0"/><net_sink comp="19195" pin=2"/></net>

<net id="19204"><net_src comp="390" pin="0"/><net_sink comp="19195" pin=3"/></net>

<net id="19209"><net_src comp="17239" pin="1"/><net_sink comp="19205" pin=0"/></net>

<net id="19210"><net_src comp="534" pin="0"/><net_sink comp="19205" pin=1"/></net>

<net id="19217"><net_src comp="386" pin="0"/><net_sink comp="19211" pin=0"/></net>

<net id="19218"><net_src comp="19205" pin="2"/><net_sink comp="19211" pin=1"/></net>

<net id="19219"><net_src comp="388" pin="0"/><net_sink comp="19211" pin=2"/></net>

<net id="19220"><net_src comp="390" pin="0"/><net_sink comp="19211" pin=3"/></net>

<net id="19225"><net_src comp="17243" pin="1"/><net_sink comp="19221" pin=0"/></net>

<net id="19226"><net_src comp="536" pin="0"/><net_sink comp="19221" pin=1"/></net>

<net id="19233"><net_src comp="386" pin="0"/><net_sink comp="19227" pin=0"/></net>

<net id="19234"><net_src comp="19221" pin="2"/><net_sink comp="19227" pin=1"/></net>

<net id="19235"><net_src comp="388" pin="0"/><net_sink comp="19227" pin=2"/></net>

<net id="19236"><net_src comp="390" pin="0"/><net_sink comp="19227" pin=3"/></net>

<net id="19241"><net_src comp="17247" pin="1"/><net_sink comp="19237" pin=0"/></net>

<net id="19242"><net_src comp="538" pin="0"/><net_sink comp="19237" pin=1"/></net>

<net id="19249"><net_src comp="386" pin="0"/><net_sink comp="19243" pin=0"/></net>

<net id="19250"><net_src comp="19237" pin="2"/><net_sink comp="19243" pin=1"/></net>

<net id="19251"><net_src comp="388" pin="0"/><net_sink comp="19243" pin=2"/></net>

<net id="19252"><net_src comp="390" pin="0"/><net_sink comp="19243" pin=3"/></net>

<net id="19257"><net_src comp="17251" pin="1"/><net_sink comp="19253" pin=0"/></net>

<net id="19258"><net_src comp="540" pin="0"/><net_sink comp="19253" pin=1"/></net>

<net id="19265"><net_src comp="386" pin="0"/><net_sink comp="19259" pin=0"/></net>

<net id="19266"><net_src comp="19253" pin="2"/><net_sink comp="19259" pin=1"/></net>

<net id="19267"><net_src comp="388" pin="0"/><net_sink comp="19259" pin=2"/></net>

<net id="19268"><net_src comp="390" pin="0"/><net_sink comp="19259" pin=3"/></net>

<net id="19336"><net_src comp="542" pin="0"/><net_sink comp="19269" pin=0"/></net>

<net id="19337"><net_src comp="19259" pin="4"/><net_sink comp="19269" pin=1"/></net>

<net id="19338"><net_src comp="19243" pin="4"/><net_sink comp="19269" pin=2"/></net>

<net id="19339"><net_src comp="19227" pin="4"/><net_sink comp="19269" pin=3"/></net>

<net id="19340"><net_src comp="19211" pin="4"/><net_sink comp="19269" pin=4"/></net>

<net id="19341"><net_src comp="19195" pin="4"/><net_sink comp="19269" pin=5"/></net>

<net id="19342"><net_src comp="19179" pin="4"/><net_sink comp="19269" pin=6"/></net>

<net id="19343"><net_src comp="19163" pin="4"/><net_sink comp="19269" pin=8"/></net>

<net id="19344"><net_src comp="19147" pin="4"/><net_sink comp="19269" pin=9"/></net>

<net id="19345"><net_src comp="19131" pin="4"/><net_sink comp="19269" pin=10"/></net>

<net id="19346"><net_src comp="19115" pin="4"/><net_sink comp="19269" pin=11"/></net>

<net id="19347"><net_src comp="19099" pin="4"/><net_sink comp="19269" pin=12"/></net>

<net id="19348"><net_src comp="19083" pin="4"/><net_sink comp="19269" pin=13"/></net>

<net id="19349"><net_src comp="19067" pin="4"/><net_sink comp="19269" pin=14"/></net>

<net id="19350"><net_src comp="19051" pin="4"/><net_sink comp="19269" pin=15"/></net>

<net id="19351"><net_src comp="19035" pin="4"/><net_sink comp="19269" pin=16"/></net>

<net id="19352"><net_src comp="19019" pin="4"/><net_sink comp="19269" pin=17"/></net>

<net id="19353"><net_src comp="19003" pin="4"/><net_sink comp="19269" pin=18"/></net>

<net id="19354"><net_src comp="18987" pin="4"/><net_sink comp="19269" pin=19"/></net>

<net id="19355"><net_src comp="18971" pin="4"/><net_sink comp="19269" pin=20"/></net>

<net id="19356"><net_src comp="18955" pin="4"/><net_sink comp="19269" pin=21"/></net>

<net id="19357"><net_src comp="18939" pin="4"/><net_sink comp="19269" pin=22"/></net>

<net id="19358"><net_src comp="18923" pin="4"/><net_sink comp="19269" pin=23"/></net>

<net id="19359"><net_src comp="18907" pin="4"/><net_sink comp="19269" pin=24"/></net>

<net id="19360"><net_src comp="18891" pin="4"/><net_sink comp="19269" pin=25"/></net>

<net id="19361"><net_src comp="18875" pin="4"/><net_sink comp="19269" pin=26"/></net>

<net id="19362"><net_src comp="18859" pin="4"/><net_sink comp="19269" pin=27"/></net>

<net id="19363"><net_src comp="18843" pin="4"/><net_sink comp="19269" pin=28"/></net>

<net id="19364"><net_src comp="18827" pin="4"/><net_sink comp="19269" pin=29"/></net>

<net id="19365"><net_src comp="18811" pin="4"/><net_sink comp="19269" pin=30"/></net>

<net id="19366"><net_src comp="18795" pin="4"/><net_sink comp="19269" pin=31"/></net>

<net id="19367"><net_src comp="18779" pin="4"/><net_sink comp="19269" pin=32"/></net>

<net id="19368"><net_src comp="18763" pin="4"/><net_sink comp="19269" pin=33"/></net>

<net id="19369"><net_src comp="18747" pin="4"/><net_sink comp="19269" pin=34"/></net>

<net id="19370"><net_src comp="18731" pin="4"/><net_sink comp="19269" pin=35"/></net>

<net id="19371"><net_src comp="18715" pin="4"/><net_sink comp="19269" pin=36"/></net>

<net id="19372"><net_src comp="18699" pin="4"/><net_sink comp="19269" pin=37"/></net>

<net id="19373"><net_src comp="18683" pin="4"/><net_sink comp="19269" pin=38"/></net>

<net id="19374"><net_src comp="18667" pin="4"/><net_sink comp="19269" pin=39"/></net>

<net id="19375"><net_src comp="18651" pin="4"/><net_sink comp="19269" pin=40"/></net>

<net id="19376"><net_src comp="18635" pin="4"/><net_sink comp="19269" pin=41"/></net>

<net id="19377"><net_src comp="18619" pin="4"/><net_sink comp="19269" pin=42"/></net>

<net id="19378"><net_src comp="18603" pin="4"/><net_sink comp="19269" pin=43"/></net>

<net id="19379"><net_src comp="18587" pin="4"/><net_sink comp="19269" pin=44"/></net>

<net id="19380"><net_src comp="18571" pin="4"/><net_sink comp="19269" pin=45"/></net>

<net id="19381"><net_src comp="18555" pin="4"/><net_sink comp="19269" pin=46"/></net>

<net id="19382"><net_src comp="18539" pin="4"/><net_sink comp="19269" pin=47"/></net>

<net id="19383"><net_src comp="18523" pin="4"/><net_sink comp="19269" pin=48"/></net>

<net id="19384"><net_src comp="18507" pin="4"/><net_sink comp="19269" pin=49"/></net>

<net id="19385"><net_src comp="18491" pin="4"/><net_sink comp="19269" pin=50"/></net>

<net id="19386"><net_src comp="18475" pin="4"/><net_sink comp="19269" pin=51"/></net>

<net id="19387"><net_src comp="18459" pin="4"/><net_sink comp="19269" pin=52"/></net>

<net id="19388"><net_src comp="18443" pin="4"/><net_sink comp="19269" pin=53"/></net>

<net id="19389"><net_src comp="18427" pin="4"/><net_sink comp="19269" pin=54"/></net>

<net id="19390"><net_src comp="18411" pin="4"/><net_sink comp="19269" pin=55"/></net>

<net id="19391"><net_src comp="18395" pin="4"/><net_sink comp="19269" pin=56"/></net>

<net id="19392"><net_src comp="18379" pin="4"/><net_sink comp="19269" pin=57"/></net>

<net id="19393"><net_src comp="18363" pin="4"/><net_sink comp="19269" pin=58"/></net>

<net id="19394"><net_src comp="18347" pin="4"/><net_sink comp="19269" pin=59"/></net>

<net id="19395"><net_src comp="18331" pin="4"/><net_sink comp="19269" pin=60"/></net>

<net id="19396"><net_src comp="18315" pin="4"/><net_sink comp="19269" pin=61"/></net>

<net id="19397"><net_src comp="18299" pin="4"/><net_sink comp="19269" pin=62"/></net>

<net id="19398"><net_src comp="18283" pin="4"/><net_sink comp="19269" pin=63"/></net>

<net id="19399"><net_src comp="18267" pin="4"/><net_sink comp="19269" pin=64"/></net>

<net id="19400"><net_src comp="19269" pin="65"/><net_sink comp="552" pin=2"/></net>

<net id="19404"><net_src comp="18221" pin="4"/><net_sink comp="19401" pin=0"/></net>

<net id="19405"><net_src comp="19401" pin="1"/><net_sink comp="19269" pin=7"/></net>

</net_list>

</model> 
---------------- Datapath Model END ------------------

* FSMD analyzer results:
  - Output states:
	Port: layer21_out | {2 }
 - Input state : 
	Port: normalize<array<ap_fixed,64u>,array<ap_fixed<16,6,5,3,0>,64u>,config21> : layer19_out | {1 }
  - Chain level:
	State 1
		sext_ln1347 : 1
		mul_ln1347 : 2
		sext_ln1347_1 : 1
		mul_ln1347_1 : 2
		sext_ln1347_2 : 1
		mul_ln1347_2 : 2
		sext_ln1347_3 : 1
		mul_ln1347_3 : 2
		sext_ln1347_4 : 1
		mul_ln1347_4 : 2
		sext_ln1347_5 : 1
		mul_ln1347_5 : 2
		sext_ln1347_6 : 1
		mul_ln1347_6 : 2
		sext_ln1347_7 : 1
		mul_ln1347_7 : 2
		sext_ln1347_8 : 1
		mul_ln1347_8 : 2
		sext_ln1347_9 : 1
		mul_ln1347_9 : 2
		sext_ln1347_10 : 1
		mul_ln1347_10 : 2
		sext_ln1347_11 : 1
		mul_ln1347_11 : 2
		sext_ln1347_12 : 1
		mul_ln1347_12 : 2
		sext_ln1347_13 : 1
		mul_ln1347_13 : 2
		sext_ln1347_14 : 1
		mul_ln1347_14 : 2
		sext_ln1347_15 : 1
		mul_ln1347_15 : 2
		sext_ln1347_16 : 1
		mul_ln1347_16 : 2
		sext_ln1347_17 : 1
		mul_ln1347_17 : 2
		sext_ln1347_18 : 1
		mul_ln1347_18 : 2
		sext_ln1347_19 : 1
		mul_ln1347_19 : 2
		sext_ln1347_20 : 1
		mul_ln1347_20 : 2
		sext_ln1347_21 : 1
		mul_ln1347_21 : 2
		sext_ln1347_22 : 1
		mul_ln1347_22 : 2
		sext_ln1347_23 : 1
		mul_ln1347_23 : 2
		sext_ln1347_24 : 1
		mul_ln1347_24 : 2
		sext_ln1347_25 : 1
		mul_ln1347_25 : 2
		sext_ln1347_26 : 1
		mul_ln1347_26 : 2
		sext_ln1347_27 : 1
		mul_ln1347_27 : 2
		sext_ln1347_28 : 1
		mul_ln1347_28 : 2
		sext_ln1347_29 : 1
		mul_ln1347_29 : 2
		sext_ln1347_30 : 1
		mul_ln1347_30 : 2
		sext_ln1347_31 : 1
		mul_ln1347_31 : 2
		sext_ln1347_32 : 1
		mul_ln1347_32 : 2
		sext_ln1347_33 : 1
		mul_ln1347_33 : 2
		sext_ln1347_34 : 1
		mul_ln1347_34 : 2
		sext_ln1347_35 : 1
		mul_ln1347_35 : 2
		sext_ln1347_36 : 1
		mul_ln1347_36 : 2
		sext_ln1347_37 : 1
		mul_ln1347_37 : 2
		sext_ln1347_38 : 1
		mul_ln1347_38 : 2
		sext_ln1347_39 : 1
		mul_ln1347_39 : 2
		sext_ln1347_40 : 1
		mul_ln1347_40 : 2
		sext_ln1347_41 : 1
		mul_ln1347_41 : 2
		sext_ln1347_42 : 1
		mul_ln1347_42 : 2
		sext_ln1347_43 : 1
		mul_ln1347_43 : 2
		sext_ln1347_44 : 1
		mul_ln1347_44 : 2
		sext_ln1347_45 : 1
		mul_ln1347_45 : 2
		sext_ln1347_46 : 1
		mul_ln1347_46 : 2
		sext_ln1347_47 : 1
		mul_ln1347_47 : 2
		sext_ln1347_48 : 1
		mul_ln1347_48 : 2
		sext_ln1347_49 : 1
		mul_ln1347_49 : 2
		sext_ln1347_50 : 1
		mul_ln1347_50 : 2
		sext_ln1347_51 : 1
		mul_ln1347_51 : 2
		sext_ln1347_52 : 1
		mul_ln1347_52 : 2
		sext_ln1347_53 : 1
		mul_ln1347_53 : 2
		sext_ln1347_54 : 1
		mul_ln1347_54 : 2
		sext_ln1347_55 : 1
		mul_ln1347_55 : 2
		sext_ln1347_56 : 1
		mul_ln1347_56 : 2
		shl_ln : 1
		shl_ln1273_1 : 1
		sext_ln1347_63 : 2
		add_ln1347 : 3
		sext_ln1347_64 : 4
		ret_V_70 : 5
		trunc_ln818_56 : 6
		sext_ln1347_57 : 1
		mul_ln1347_57 : 2
		sext_ln1347_58 : 1
		mul_ln1347_58 : 2
		sext_ln1347_59 : 1
		mul_ln1347_59 : 2
		sext_ln1347_60 : 1
		mul_ln1347_60 : 2
		sext_ln1347_61 : 1
		mul_ln1347_61 : 2
		sext_ln1347_62 : 1
		mul_ln1347_62 : 2
	State 2
		trunc_ln : 1
		trunc_ln818_2 : 1
		trunc_ln818_3 : 1
		trunc_ln818_4 : 1
		trunc_ln818_5 : 1
		trunc_ln818_6 : 1
		trunc_ln818_7 : 1
		trunc_ln818_8 : 1
		trunc_ln818_9 : 1
		trunc_ln818_s : 1
		trunc_ln818_1 : 1
		trunc_ln818_10 : 1
		trunc_ln818_11 : 1
		trunc_ln818_12 : 1
		trunc_ln818_13 : 1
		trunc_ln818_14 : 1
		trunc_ln818_15 : 1
		trunc_ln818_16 : 1
		trunc_ln818_17 : 1
		trunc_ln818_18 : 1
		trunc_ln818_19 : 1
		trunc_ln818_20 : 1
		trunc_ln818_21 : 1
		trunc_ln818_22 : 1
		trunc_ln818_23 : 1
		trunc_ln818_24 : 1
		trunc_ln818_25 : 1
		trunc_ln818_26 : 1
		trunc_ln818_27 : 1
		trunc_ln818_28 : 1
		trunc_ln818_29 : 1
		trunc_ln818_30 : 1
		trunc_ln818_31 : 1
		trunc_ln818_32 : 1
		trunc_ln818_33 : 1
		trunc_ln818_34 : 1
		trunc_ln818_35 : 1
		trunc_ln818_36 : 1
		trunc_ln818_37 : 1
		trunc_ln818_38 : 1
		trunc_ln818_39 : 1
		trunc_ln818_40 : 1
		trunc_ln818_41 : 1
		trunc_ln818_42 : 1
		trunc_ln818_43 : 1
		trunc_ln818_44 : 1
		trunc_ln818_45 : 1
		trunc_ln818_46 : 1
		trunc_ln818_47 : 1
		trunc_ln818_48 : 1
		trunc_ln818_49 : 1
		trunc_ln818_50 : 1
		trunc_ln818_51 : 1
		trunc_ln818_52 : 1
		trunc_ln818_53 : 1
		trunc_ln818_54 : 1
		trunc_ln818_55 : 1
		trunc_ln818_57 : 1
		trunc_ln818_58 : 1
		trunc_ln818_59 : 1
		trunc_ln818_60 : 1
		trunc_ln818_61 : 1
		trunc_ln818_62 : 1
		p_0 : 2
		write_ln46 : 3


============================================================
+ Verbose Summary: Datapath Resource usage 
============================================================

* Functional unit list:
|----------|------------------------------|---------|---------|---------|
| Operation|        Functional Unit       |   DSP   |    FF   |   LUT   |
|----------|------------------------------|---------|---------|---------|
|          |      add_ln1347_fu_18205     |    0    |    0    |    28   |
|          |       ret_V_70_fu_18215      |    0    |    0    |    33   |
|          |        ret_V_fu_18261        |    0    |    0    |    33   |
|          |       ret_V_14_fu_18277      |    0    |    0    |    33   |
|          |       ret_V_15_fu_18293      |    0    |    0    |    33   |
|          |       ret_V_16_fu_18309      |    0    |    0    |    33   |
|          |       ret_V_17_fu_18325      |    0    |    0    |    33   |
|          |       ret_V_18_fu_18341      |    0    |    0    |    33   |
|          |       ret_V_19_fu_18357      |    0    |    0    |    33   |
|          |       ret_V_20_fu_18373      |    0    |    0    |    33   |
|          |       ret_V_21_fu_18389      |    0    |    0    |    33   |
|          |       ret_V_22_fu_18405      |    0    |    0    |    33   |
|          |       ret_V_23_fu_18421      |    0    |    0    |    33   |
|          |       ret_V_24_fu_18437      |    0    |    0    |    33   |
|          |       ret_V_25_fu_18453      |    0    |    0    |    33   |
|          |       ret_V_26_fu_18469      |    0    |    0    |    33   |
|          |       ret_V_27_fu_18485      |    0    |    0    |    33   |
|          |       ret_V_28_fu_18501      |    0    |    0    |    33   |
|          |       ret_V_29_fu_18517      |    0    |    0    |    33   |
|          |       ret_V_30_fu_18533      |    0    |    0    |    33   |
|          |       ret_V_31_fu_18549      |    0    |    0    |    33   |
|          |       ret_V_32_fu_18565      |    0    |    0    |    33   |
|          |       ret_V_33_fu_18581      |    0    |    0    |    33   |
|          |       ret_V_34_fu_18597      |    0    |    0    |    33   |
|          |       ret_V_35_fu_18613      |    0    |    0    |    33   |
|          |       ret_V_36_fu_18629      |    0    |    0    |    33   |
|          |       ret_V_37_fu_18645      |    0    |    0    |    33   |
|          |       ret_V_38_fu_18661      |    0    |    0    |    33   |
|          |       ret_V_39_fu_18677      |    0    |    0    |    33   |
|          |       ret_V_40_fu_18693      |    0    |    0    |    33   |
|          |       ret_V_41_fu_18709      |    0    |    0    |    33   |
|          |       ret_V_42_fu_18725      |    0    |    0    |    33   |
|    add   |       ret_V_43_fu_18741      |    0    |    0    |    33   |
|          |       ret_V_44_fu_18757      |    0    |    0    |    33   |
|          |       ret_V_45_fu_18773      |    0    |    0    |    33   |
|          |       ret_V_46_fu_18789      |    0    |    0    |    33   |
|          |       ret_V_47_fu_18805      |    0    |    0    |    33   |
|          |       ret_V_48_fu_18821      |    0    |    0    |    33   |
|          |       ret_V_49_fu_18837      |    0    |    0    |    33   |
|          |       ret_V_50_fu_18853      |    0    |    0    |    33   |
|          |       ret_V_51_fu_18869      |    0    |    0    |    33   |
|          |       ret_V_52_fu_18885      |    0    |    0    |    33   |
|          |       ret_V_53_fu_18901      |    0    |    0    |    33   |
|          |       ret_V_54_fu_18917      |    0    |    0    |    33   |
|          |       ret_V_55_fu_18933      |    0    |    0    |    33   |
|          |       ret_V_56_fu_18949      |    0    |    0    |    33   |
|          |       ret_V_57_fu_18965      |    0    |    0    |    33   |
|          |       ret_V_58_fu_18981      |    0    |    0    |    33   |
|          |       ret_V_59_fu_18997      |    0    |    0    |    33   |
|          |       ret_V_60_fu_19013      |    0    |    0    |    33   |
|          |       ret_V_61_fu_19029      |    0    |    0    |    33   |
|          |       ret_V_62_fu_19045      |    0    |    0    |    33   |
|          |       ret_V_63_fu_19061      |    0    |    0    |    33   |
|          |       ret_V_64_fu_19077      |    0    |    0    |    33   |
|          |       ret_V_65_fu_19093      |    0    |    0    |    33   |
|          |       ret_V_66_fu_19109      |    0    |    0    |    33   |
|          |       ret_V_67_fu_19125      |    0    |    0    |    33   |
|          |       ret_V_68_fu_19141      |    0    |    0    |    33   |
|          |       ret_V_69_fu_19157      |    0    |    0    |    33   |
|          |       ret_V_71_fu_19173      |    0    |    0    |    33   |
|          |       ret_V_72_fu_19189      |    0    |    0    |    33   |
|          |       ret_V_73_fu_19205      |    0    |    0    |    33   |
|          |       ret_V_74_fu_19221      |    0    |    0    |    33   |
|          |       ret_V_75_fu_19237      |    0    |    0    |    33   |
|          |       ret_V_76_fu_19253      |    0    |    0    |    33   |
|----------|------------------------------|---------|---------|---------|
|          |      mul_ln1347_6_fu_559     |    1    |    0    |    5    |
|          |     mul_ln1347_47_fu_560     |    1    |    0    |    5    |
|          |     mul_ln1347_16_fu_561     |    1    |    0    |    5    |
|          |     mul_ln1347_62_fu_562     |    1    |    0    |    5    |
|          |     mul_ln1347_52_fu_563     |    1    |    0    |    5    |
|          |     mul_ln1347_27_fu_564     |    1    |    0    |    5    |
|          |     mul_ln1347_12_fu_565     |    1    |    0    |    5    |
|          |     mul_ln1347_37_fu_566     |    1    |    0    |    5    |
|          |     mul_ln1347_33_fu_567     |    1    |    0    |    5    |
|          |      mul_ln1347_8_fu_568     |    1    |    0    |    5    |
|          |      mul_ln1347_4_fu_569     |    1    |    0    |    5    |
|          |     mul_ln1347_38_fu_570     |    1    |    0    |    5    |
|          |     mul_ln1347_18_fu_571     |    1    |    0    |    5    |
|          |     mul_ln1347_36_fu_572     |    1    |    0    |    5    |
|          |      mul_ln1347_9_fu_573     |    1    |    0    |    5    |
|          |     mul_ln1347_48_fu_574     |    1    |    0    |    5    |
|          |      mul_ln1347_2_fu_575     |    1    |    0    |    5    |
|          |     mul_ln1347_17_fu_576     |    1    |    0    |    5    |
|          |     mul_ln1347_29_fu_577     |    1    |    0    |    5    |
|          |     mul_ln1347_30_fu_578     |    1    |    0    |    5    |
|          |     mul_ln1347_53_fu_579     |    1    |    0    |    5    |
|          |       mul_ln1347_fu_580      |    1    |    0    |    5    |
|          |     mul_ln1347_50_fu_582     |    1    |    0    |    5    |
|          |     mul_ln1347_51_fu_583     |    1    |    0    |    5    |
|          |     mul_ln1347_15_fu_584     |    1    |    0    |    5    |
|          |     mul_ln1347_49_fu_585     |    1    |    0    |    5    |
|          |     mul_ln1347_55_fu_586     |    1    |    0    |    5    |
|          |     mul_ln1347_19_fu_587     |    1    |    0    |    5    |
|          |     mul_ln1347_21_fu_588     |    1    |    0    |    5    |
|          |     mul_ln1347_56_fu_589     |    1    |    0    |    5    |
|          |     mul_ln1347_45_fu_590     |    1    |    0    |    5    |
|    mul   |     mul_ln1347_41_fu_591     |    1    |    0    |    5    |
|          |     mul_ln1347_31_fu_592     |    1    |    0    |    5    |
|          |     mul_ln1347_46_fu_593     |    1    |    0    |    5    |
|          |     mul_ln1347_43_fu_594     |    1    |    0    |    5    |
|          |     mul_ln1347_14_fu_595     |    1    |    0    |    5    |
|          |     mul_ln1347_60_fu_596     |    1    |    0    |    5    |
|          |     mul_ln1347_54_fu_597     |    1    |    0    |    5    |
|          |     mul_ln1347_39_fu_598     |    1    |    0    |    5    |
|          |     mul_ln1347_42_fu_599     |    1    |    0    |    5    |
|          |     mul_ln1347_40_fu_600     |    1    |    0    |    5    |
|          |     mul_ln1347_28_fu_601     |    1    |    0    |    5    |
|          |     mul_ln1347_23_fu_602     |    1    |    0    |    5    |
|          |     mul_ln1347_32_fu_603     |    1    |    0    |    5    |
|          |     mul_ln1347_26_fu_604     |    1    |    0    |    5    |
|          |     mul_ln1347_58_fu_605     |    1    |    0    |    5    |
|          |      mul_ln1347_3_fu_606     |    1    |    0    |    5    |
|          |     mul_ln1347_22_fu_607     |    1    |    0    |    5    |
|          |     mul_ln1347_34_fu_608     |    1    |    0    |    5    |
|          |     mul_ln1347_61_fu_609     |    1    |    0    |    5    |
|          |     mul_ln1347_13_fu_610     |    1    |    0    |    5    |
|          |      mul_ln1347_5_fu_611     |    1    |    0    |    5    |
|          |     mul_ln1347_11_fu_612     |    1    |    0    |    5    |
|          |     mul_ln1347_59_fu_613     |    1    |    0    |    5    |
|          |     mul_ln1347_24_fu_614     |    1    |    0    |    5    |
|          |     mul_ln1347_25_fu_615     |    1    |    0    |    5    |
|          |      mul_ln1347_7_fu_616     |    1    |    0    |    5    |
|          |     mul_ln1347_44_fu_617     |    1    |    0    |    5    |
|          |     mul_ln1347_57_fu_618     |    1    |    0    |    5    |
|          |      mul_ln1347_1_fu_619     |    1    |    0    |    5    |
|          |     mul_ln1347_20_fu_620     |    1    |    0    |    5    |
|          |     mul_ln1347_10_fu_621     |    1    |    0    |    5    |
|          |     mul_ln1347_35_fu_622     |    1    |    0    |    5    |
|----------|------------------------------|---------|---------|---------|
|   read   | layer19_out_read_read_fu_546 |    0    |    0    |    0    |
|----------|------------------------------|---------|---------|---------|
|   write  |    write_ln46_write_fu_552   |    0    |    0    |    0    |
|----------|------------------------------|---------|---------|---------|
|   trunc  |         a_V_fu_17256         |    0    |    0    |    0    |
|----------|------------------------------|---------|---------|---------|
|          |        a_V_61_fu_17260       |    0    |    0    |    0    |
|          |        a_V_62_fu_17270       |    0    |    0    |    0    |
|          |        a_V_1_fu_17280        |    0    |    0    |    0    |
|          |        a_V_2_fu_17290        |    0    |    0    |    0    |
|          |        a_V_3_fu_17300        |    0    |    0    |    0    |
|          |        a_V_4_fu_17310        |    0    |    0    |    0    |
|          |        a_V_5_fu_17320        |    0    |    0    |    0    |
|          |        a_V_6_fu_17330        |    0    |    0    |    0    |
|          |        a_V_7_fu_17340        |    0    |    0    |    0    |
|          |        a_V_8_fu_17350        |    0    |    0    |    0    |
|          |        a_V_9_fu_17360        |    0    |    0    |    0    |
|          |        a_V_10_fu_17370       |    0    |    0    |    0    |
|          |        a_V_11_fu_17380       |    0    |    0    |    0    |
|          |        a_V_12_fu_17390       |    0    |    0    |    0    |
|          |        a_V_13_fu_17400       |    0    |    0    |    0    |
|          |        a_V_14_fu_17410       |    0    |    0    |    0    |
|          |        a_V_15_fu_17420       |    0    |    0    |    0    |
|          |        a_V_16_fu_17430       |    0    |    0    |    0    |
|          |        a_V_17_fu_17440       |    0    |    0    |    0    |
|          |        a_V_18_fu_17450       |    0    |    0    |    0    |
|          |        a_V_19_fu_17460       |    0    |    0    |    0    |
|          |        a_V_20_fu_17470       |    0    |    0    |    0    |
|          |        a_V_21_fu_17480       |    0    |    0    |    0    |
|          |        a_V_22_fu_17490       |    0    |    0    |    0    |
|          |        a_V_23_fu_17500       |    0    |    0    |    0    |
|          |        a_V_24_fu_17510       |    0    |    0    |    0    |
|          |        a_V_25_fu_17520       |    0    |    0    |    0    |
|          |        a_V_26_fu_17530       |    0    |    0    |    0    |
|          |        a_V_27_fu_17540       |    0    |    0    |    0    |
|          |        a_V_28_fu_17550       |    0    |    0    |    0    |
|          |        a_V_29_fu_17560       |    0    |    0    |    0    |
|          |        a_V_30_fu_17570       |    0    |    0    |    0    |
|          |        a_V_31_fu_17580       |    0    |    0    |    0    |
|          |        a_V_32_fu_17590       |    0    |    0    |    0    |
|          |        a_V_33_fu_17600       |    0    |    0    |    0    |
|          |        a_V_34_fu_17610       |    0    |    0    |    0    |
|          |        a_V_35_fu_17620       |    0    |    0    |    0    |
|          |        a_V_36_fu_17630       |    0    |    0    |    0    |
|          |        a_V_37_fu_17640       |    0    |    0    |    0    |
|          |        a_V_38_fu_17650       |    0    |    0    |    0    |
|          |        a_V_39_fu_17660       |    0    |    0    |    0    |
|          |        a_V_40_fu_17670       |    0    |    0    |    0    |
|          |        a_V_41_fu_17680       |    0    |    0    |    0    |
|          |        a_V_42_fu_17690       |    0    |    0    |    0    |
|          |        a_V_43_fu_17700       |    0    |    0    |    0    |
|          |        a_V_44_fu_17710       |    0    |    0    |    0    |
|          |        a_V_45_fu_17720       |    0    |    0    |    0    |
|          |        a_V_46_fu_17730       |    0    |    0    |    0    |
|          |        a_V_47_fu_17740       |    0    |    0    |    0    |
|          |        a_V_48_fu_17750       |    0    |    0    |    0    |
|          |        a_V_49_fu_17760       |    0    |    0    |    0    |
|          |        a_V_50_fu_17770       |    0    |    0    |    0    |
|          |        a_V_51_fu_17780       |    0    |    0    |    0    |
|          |        a_V_52_fu_17790       |    0    |    0    |    0    |
|          |        a_V_53_fu_17800       |    0    |    0    |    0    |
|          |        a_V_54_fu_17810       |    0    |    0    |    0    |
|          |        a_V_55_fu_17820       |    0    |    0    |    0    |
|          |        a_V_56_fu_17830       |    0    |    0    |    0    |
|          |        a_V_57_fu_17840       |    0    |    0    |    0    |
|          |        a_V_58_fu_17850       |    0    |    0    |    0    |
|          |        a_V_59_fu_17860       |    0    |    0    |    0    |
|          |        a_V_60_fu_17870       |    0    |    0    |    0    |
|          |         tmp_fu_18165         |    0    |    0    |    0    |
|partselect|        tmp_70_fu_18183       |    0    |    0    |    0    |
|          |    trunc_ln818_56_fu_18221   |    0    |    0    |    0    |
|          |       trunc_ln_fu_18267      |    0    |    0    |    0    |
|          |    trunc_ln818_2_fu_18283    |    0    |    0    |    0    |
|          |    trunc_ln818_3_fu_18299    |    0    |    0    |    0    |
|          |    trunc_ln818_4_fu_18315    |    0    |    0    |    0    |
|          |    trunc_ln818_5_fu_18331    |    0    |    0    |    0    |
|          |    trunc_ln818_6_fu_18347    |    0    |    0    |    0    |
|          |    trunc_ln818_7_fu_18363    |    0    |    0    |    0    |
|          |    trunc_ln818_8_fu_18379    |    0    |    0    |    0    |
|          |    trunc_ln818_9_fu_18395    |    0    |    0    |    0    |
|          |    trunc_ln818_s_fu_18411    |    0    |    0    |    0    |
|          |    trunc_ln818_1_fu_18427    |    0    |    0    |    0    |
|          |    trunc_ln818_10_fu_18443   |    0    |    0    |    0    |
|          |    trunc_ln818_11_fu_18459   |    0    |    0    |    0    |
|          |    trunc_ln818_12_fu_18475   |    0    |    0    |    0    |
|          |    trunc_ln818_13_fu_18491   |    0    |    0    |    0    |
|          |    trunc_ln818_14_fu_18507   |    0    |    0    |    0    |
|          |    trunc_ln818_15_fu_18523   |    0    |    0    |    0    |
|          |    trunc_ln818_16_fu_18539   |    0    |    0    |    0    |
|          |    trunc_ln818_17_fu_18555   |    0    |    0    |    0    |
|          |    trunc_ln818_18_fu_18571   |    0    |    0    |    0    |
|          |    trunc_ln818_19_fu_18587   |    0    |    0    |    0    |
|          |    trunc_ln818_20_fu_18603   |    0    |    0    |    0    |
|          |    trunc_ln818_21_fu_18619   |    0    |    0    |    0    |
|          |    trunc_ln818_22_fu_18635   |    0    |    0    |    0    |
|          |    trunc_ln818_23_fu_18651   |    0    |    0    |    0    |
|          |    trunc_ln818_24_fu_18667   |    0    |    0    |    0    |
|          |    trunc_ln818_25_fu_18683   |    0    |    0    |    0    |
|          |    trunc_ln818_26_fu_18699   |    0    |    0    |    0    |
|          |    trunc_ln818_27_fu_18715   |    0    |    0    |    0    |
|          |    trunc_ln818_28_fu_18731   |    0    |    0    |    0    |
|          |    trunc_ln818_29_fu_18747   |    0    |    0    |    0    |
|          |    trunc_ln818_30_fu_18763   |    0    |    0    |    0    |
|          |    trunc_ln818_31_fu_18779   |    0    |    0    |    0    |
|          |    trunc_ln818_32_fu_18795   |    0    |    0    |    0    |
|          |    trunc_ln818_33_fu_18811   |    0    |    0    |    0    |
|          |    trunc_ln818_34_fu_18827   |    0    |    0    |    0    |
|          |    trunc_ln818_35_fu_18843   |    0    |    0    |    0    |
|          |    trunc_ln818_36_fu_18859   |    0    |    0    |    0    |
|          |    trunc_ln818_37_fu_18875   |    0    |    0    |    0    |
|          |    trunc_ln818_38_fu_18891   |    0    |    0    |    0    |
|          |    trunc_ln818_39_fu_18907   |    0    |    0    |    0    |
|          |    trunc_ln818_40_fu_18923   |    0    |    0    |    0    |
|          |    trunc_ln818_41_fu_18939   |    0    |    0    |    0    |
|          |    trunc_ln818_42_fu_18955   |    0    |    0    |    0    |
|          |    trunc_ln818_43_fu_18971   |    0    |    0    |    0    |
|          |    trunc_ln818_44_fu_18987   |    0    |    0    |    0    |
|          |    trunc_ln818_45_fu_19003   |    0    |    0    |    0    |
|          |    trunc_ln818_46_fu_19019   |    0    |    0    |    0    |
|          |    trunc_ln818_47_fu_19035   |    0    |    0    |    0    |
|          |    trunc_ln818_48_fu_19051   |    0    |    0    |    0    |
|          |    trunc_ln818_49_fu_19067   |    0    |    0    |    0    |
|          |    trunc_ln818_50_fu_19083   |    0    |    0    |    0    |
|          |    trunc_ln818_51_fu_19099   |    0    |    0    |    0    |
|          |    trunc_ln818_52_fu_19115   |    0    |    0    |    0    |
|          |    trunc_ln818_53_fu_19131   |    0    |    0    |    0    |
|          |    trunc_ln818_54_fu_19147   |    0    |    0    |    0    |
|          |    trunc_ln818_55_fu_19163   |    0    |    0    |    0    |
|          |    trunc_ln818_57_fu_19179   |    0    |    0    |    0    |
|          |    trunc_ln818_58_fu_19195   |    0    |    0    |    0    |
|          |    trunc_ln818_59_fu_19211   |    0    |    0    |    0    |
|          |    trunc_ln818_60_fu_19227   |    0    |    0    |    0    |
|          |    trunc_ln818_61_fu_19243   |    0    |    0    |    0    |
|          |    trunc_ln818_62_fu_19259   |    0    |    0    |    0    |
|----------|------------------------------|---------|---------|---------|
|          |     sext_ln1347_fu_17880     |    0    |    0    |    0    |
|          |    sext_ln1347_1_fu_17885    |    0    |    0    |    0    |
|          |    sext_ln1347_2_fu_17890    |    0    |    0    |    0    |
|          |    sext_ln1347_3_fu_17895    |    0    |    0    |    0    |
|          |    sext_ln1347_4_fu_17900    |    0    |    0    |    0    |
|          |    sext_ln1347_5_fu_17905    |    0    |    0    |    0    |
|          |    sext_ln1347_6_fu_17910    |    0    |    0    |    0    |
|          |    sext_ln1347_7_fu_17915    |    0    |    0    |    0    |
|          |    sext_ln1347_8_fu_17920    |    0    |    0    |    0    |
|          |    sext_ln1347_9_fu_17925    |    0    |    0    |    0    |
|          |    sext_ln1347_10_fu_17930   |    0    |    0    |    0    |
|          |    sext_ln1347_11_fu_17935   |    0    |    0    |    0    |
|          |    sext_ln1347_12_fu_17940   |    0    |    0    |    0    |
|          |    sext_ln1347_13_fu_17945   |    0    |    0    |    0    |
|          |    sext_ln1347_14_fu_17950   |    0    |    0    |    0    |
|          |    sext_ln1347_15_fu_17955   |    0    |    0    |    0    |
|          |    sext_ln1347_16_fu_17960   |    0    |    0    |    0    |
|          |    sext_ln1347_17_fu_17965   |    0    |    0    |    0    |
|          |    sext_ln1347_18_fu_17970   |    0    |    0    |    0    |
|          |    sext_ln1347_19_fu_17975   |    0    |    0    |    0    |
|          |    sext_ln1347_20_fu_17980   |    0    |    0    |    0    |
|          |    sext_ln1347_21_fu_17985   |    0    |    0    |    0    |
|          |    sext_ln1347_22_fu_17990   |    0    |    0    |    0    |
|          |    sext_ln1347_23_fu_17995   |    0    |    0    |    0    |
|          |    sext_ln1347_24_fu_18000   |    0    |    0    |    0    |
|          |    sext_ln1347_25_fu_18005   |    0    |    0    |    0    |
|          |    sext_ln1347_26_fu_18010   |    0    |    0    |    0    |
|          |    sext_ln1347_27_fu_18015   |    0    |    0    |    0    |
|          |    sext_ln1347_28_fu_18020   |    0    |    0    |    0    |
|          |    sext_ln1347_29_fu_18025   |    0    |    0    |    0    |
|          |    sext_ln1347_30_fu_18030   |    0    |    0    |    0    |
|          |    sext_ln1347_31_fu_18035   |    0    |    0    |    0    |
|   sext   |    sext_ln1347_32_fu_18040   |    0    |    0    |    0    |
|          |    sext_ln1347_33_fu_18045   |    0    |    0    |    0    |
|          |    sext_ln1347_34_fu_18050   |    0    |    0    |    0    |
|          |    sext_ln1347_35_fu_18055   |    0    |    0    |    0    |
|          |    sext_ln1347_36_fu_18060   |    0    |    0    |    0    |
|          |    sext_ln1347_37_fu_18065   |    0    |    0    |    0    |
|          |    sext_ln1347_38_fu_18070   |    0    |    0    |    0    |
|          |    sext_ln1347_39_fu_18075   |    0    |    0    |    0    |
|          |    sext_ln1347_40_fu_18080   |    0    |    0    |    0    |
|          |    sext_ln1347_41_fu_18085   |    0    |    0    |    0    |
|          |    sext_ln1347_42_fu_18090   |    0    |    0    |    0    |
|          |    sext_ln1347_43_fu_18095   |    0    |    0    |    0    |
|          |    sext_ln1347_44_fu_18100   |    0    |    0    |    0    |
|          |    sext_ln1347_45_fu_18105   |    0    |    0    |    0    |
|          |    sext_ln1347_46_fu_18110   |    0    |    0    |    0    |
|          |    sext_ln1347_47_fu_18115   |    0    |    0    |    0    |
|          |    sext_ln1347_48_fu_18120   |    0    |    0    |    0    |
|          |    sext_ln1347_49_fu_18125   |    0    |    0    |    0    |
|          |    sext_ln1347_50_fu_18130   |    0    |    0    |    0    |
|          |    sext_ln1347_51_fu_18135   |    0    |    0    |    0    |
|          |    sext_ln1347_52_fu_18140   |    0    |    0    |    0    |
|          |    sext_ln1347_53_fu_18145   |    0    |    0    |    0    |
|          |    sext_ln1347_54_fu_18150   |    0    |    0    |    0    |
|          |    sext_ln1347_55_fu_18155   |    0    |    0    |    0    |
|          |    sext_ln1347_56_fu_18160   |    0    |    0    |    0    |
|          |    sext_ln1347_63_fu_18201   |    0    |    0    |    0    |
|          |    sext_ln1347_64_fu_18211   |    0    |    0    |    0    |
|          |    sext_ln1347_57_fu_18231   |    0    |    0    |    0    |
|          |    sext_ln1347_58_fu_18236   |    0    |    0    |    0    |
|          |    sext_ln1347_59_fu_18241   |    0    |    0    |    0    |
|          |    sext_ln1347_60_fu_18246   |    0    |    0    |    0    |
|          |    sext_ln1347_61_fu_18251   |    0    |    0    |    0    |
|          |    sext_ln1347_62_fu_18256   |    0    |    0    |    0    |
|----------|------------------------------|---------|---------|---------|
|          |        shl_ln_fu_18175       |    0    |    0    |    0    |
|bitconcatenate|     shl_ln1273_1_fu_18193    |    0    |    0    |    0    |
|          |         p_0_fu_19269         |    0    |    0    |    0    |
|----------|------------------------------|---------|---------|---------|
|   Total  |                              |    63   |    0    |   2455  |
|----------|------------------------------|---------|---------|---------|

Memories:
N/A

* Register list:
+------------------------+--------+
|                        |   FF   |
+------------------------+--------+
| mul_ln1347_10_reg_17043|   26   |
| mul_ln1347_11_reg_17047|   26   |
| mul_ln1347_12_reg_17051|   26   |
| mul_ln1347_13_reg_17055|   26   |
| mul_ln1347_14_reg_17059|   26   |
| mul_ln1347_15_reg_17063|   26   |
| mul_ln1347_16_reg_17067|   26   |
| mul_ln1347_17_reg_17071|   26   |
| mul_ln1347_18_reg_17075|   26   |
| mul_ln1347_19_reg_17079|   26   |
| mul_ln1347_1_reg_17007 |   26   |
| mul_ln1347_20_reg_17083|   26   |
| mul_ln1347_21_reg_17087|   26   |
| mul_ln1347_22_reg_17091|   26   |
| mul_ln1347_23_reg_17095|   26   |
| mul_ln1347_24_reg_17099|   26   |
| mul_ln1347_25_reg_17103|   26   |
| mul_ln1347_26_reg_17107|   26   |
| mul_ln1347_27_reg_17111|   26   |
| mul_ln1347_28_reg_17115|   26   |
| mul_ln1347_29_reg_17119|   26   |
| mul_ln1347_2_reg_17011 |   26   |
| mul_ln1347_30_reg_17123|   26   |
| mul_ln1347_31_reg_17127|   26   |
| mul_ln1347_32_reg_17131|   26   |
| mul_ln1347_33_reg_17135|   26   |
| mul_ln1347_34_reg_17139|   26   |
| mul_ln1347_35_reg_17143|   26   |
| mul_ln1347_36_reg_17147|   26   |
| mul_ln1347_37_reg_17151|   26   |
| mul_ln1347_38_reg_17155|   26   |
| mul_ln1347_39_reg_17159|   26   |
| mul_ln1347_3_reg_17015 |   26   |
| mul_ln1347_40_reg_17163|   26   |
| mul_ln1347_41_reg_17167|   26   |
| mul_ln1347_42_reg_17171|   26   |
| mul_ln1347_43_reg_17175|   26   |
| mul_ln1347_44_reg_17179|   26   |
| mul_ln1347_45_reg_17183|   26   |
| mul_ln1347_46_reg_17187|   26   |
| mul_ln1347_47_reg_17191|   26   |
| mul_ln1347_48_reg_17195|   26   |
| mul_ln1347_49_reg_17199|   26   |
| mul_ln1347_4_reg_17019 |   26   |
| mul_ln1347_50_reg_17203|   26   |
| mul_ln1347_51_reg_17207|   26   |
| mul_ln1347_52_reg_17211|   26   |
| mul_ln1347_53_reg_17215|   26   |
| mul_ln1347_54_reg_17219|   26   |
| mul_ln1347_55_reg_17223|   26   |
| mul_ln1347_56_reg_17227|   26   |
| mul_ln1347_57_reg_17231|   26   |
| mul_ln1347_58_reg_17235|   26   |
| mul_ln1347_59_reg_17239|   26   |
| mul_ln1347_5_reg_17023 |   26   |
| mul_ln1347_60_reg_17243|   26   |
| mul_ln1347_61_reg_17247|   26   |
| mul_ln1347_62_reg_17251|   26   |
| mul_ln1347_6_reg_17027 |   26   |
| mul_ln1347_7_reg_17031 |   26   |
| mul_ln1347_8_reg_17035 |   26   |
| mul_ln1347_9_reg_17039 |   26   |
|  mul_ln1347_reg_17003  |   26   |
|trunc_ln818_56_reg_19401|   16   |
+------------------------+--------+
|          Total         |  1654  |
+------------------------+--------+

* Multiplexer (MUX) list: 
|--------|------|------|------|--------|
|  Comp  |  Pin | Size |  BW  | S x BW |
|--------|------|------|------|--------|
|  Total |      |      |      |    0   |
|--------|------|------|------|--------|



* Summary:
+-----------+--------+--------+--------+
|           |   DSP  |   FF   |   LUT  |
+-----------+--------+--------+--------+
|  Function |   63   |    0   |  2455  |
|   Memory  |    -   |    -   |    -   |
|Multiplexer|    -   |    -   |    -   |
|  Register |    -   |  1654  |    -   |
+-----------+--------+--------+--------+
|   Total   |   63   |  1654  |  2455  |
+-----------+--------+--------+--------+
